# R_ang  theta_rad  Veff_hartree
    1.500000   0.04958315  6.9734221049833582e+02
    1.500000   0.11381403  3.9007456853093959e+02
    1.500000   0.17842421  1.5702434777780766e+02
    1.500000   0.24312010  5.1924698911796021e+01
    1.500000   0.30784849  1.5666269045269333e+01
    1.500000   0.37259260  4.8593852719046824e+00
    1.500000   0.43734549  1.8921382679480709e+00
    1.500000   0.50210377  1.0806556295985179e+00
    1.500000   0.56686560  8.0642055665134260e-01
    1.500000   0.63162987  6.5522136923380292e-01
    1.500000   0.69639591  5.3603386346254434e-01
    1.500000   0.76116325  4.3427962386024327e-01
    1.500000   0.82593158  3.4907809843935955e-01
    1.500000   0.89070068  2.7988617225851209e-01
    1.500000   0.95547037  2.2496906855865628e-01
    1.500000   1.02024053  1.8200669486935669e-01
    1.500000   1.08501108  1.4868710908533678e-01
    1.500000   1.14978193  1.2300465041325236e-01
    1.500000   1.21455301  1.0334875361691184e-01
    1.500000   1.27932429  8.8487768629285535e-02
    1.500000   1.34409571  7.7513392178471571e-02
    1.500000   1.40886724  6.9778997580494606e-02
    1.500000   1.47363885  6.4846190100156756e-02
    1.500000   1.53841049  6.2444446618735341e-02
    1.500000   1.60318216  6.2444631265990376e-02
    1.500000   1.66795381  6.4845868950214075e-02
    1.500000   1.73272541  6.9775228493222111e-02
    1.500000   1.79749694  7.7500113386703456e-02
    1.500000   1.86226837  8.8453665682196869e-02
    1.500000   1.92703964  1.0327332390068859e-01
    1.500000   1.99181073  1.2285107216821929e-01
    1.500000   2.05658157  1.4838925008072332e-01
    1.500000   2.12135212  1.8144509639892270e-01
    1.500000   2.18612229  2.2392568190588605e-01
    1.500000   2.25089198  2.7795708976291900e-01
    1.500000   2.31566107  3.4550090902105224e-01
    1.500000   2.38042940  4.2758189155268861e-01
    1.500000   2.44519674  5.2329415963222314e-01
    1.500000   2.50996278  6.3046025644269765e-01
    1.500000   2.57472706  7.5696092590483366e-01
    1.500000   2.63948889  9.7855018909348834e-01
    1.500000   2.70424717  1.6731413400238986e+00
    1.500000   2.76900006  4.3694896653028543e+00
    1.500000   2.83374417  1.4523261935713556e+01
    1.500000   2.89847256  4.9171350825359639e+01
    1.500000   2.96316844  1.5041180497943211e+02
    1.500000   3.02777863  3.7555001143534031e+02
    1.500000   3.09200950  6.7240275524642698e+02
    1.550000   0.04958315  2.5038958575853002e+02
    1.550000   0.11381403  1.5329379423628342e+02
    1.550000   0.17842421  6.9625625487894226e+01
    1.550000   0.24312010  2.6090689650269663e+01
    1.550000   0.30784849  8.9816365162231104e+00
    1.550000   0.37259260  3.2727214712579760e+00
    1.550000   0.43734549  1.5198633810341364e+00
    1.550000   0.50210377  9.6334969695544981e-01
    1.550000   0.56686560  7.3385589116001537e-01
    1.550000   0.63162987  5.9100376426091539e-01
    1.550000   0.69639591  4.7783960862322217e-01
    1.550000   0.76116325  3.8358118291336668e-01
    1.550000   0.82593158  3.0623591642341003e-01
    1.550000   0.89070068  2.4423065380547351e-01
    1.550000   0.95547037  1.9540615079603624e-01
    1.550000   1.02024053  1.5739994060669521e-01
    1.550000   1.08501108  1.2802263083040813e-01
    1.550000   1.14978193  1.0543480263751544e-01
    1.550000   1.21455301  8.8182054161356549e-02
    1.550000   1.27932429  7.5160532063113961e-02
    1.550000   1.34409571  6.5558979070333950e-02
    1.550000   1.40886724  5.8800574168936089e-02
    1.550000   1.47363885  5.4494300286651053e-02
    1.550000   1.53841049  5.2398803826994113e-02
    1.550000   1.60318216  5.2398867515856609e-02
    1.550000   1.66795381  5.4493802547780697e-02
    1.550000   1.73272541  5.8797196381082814e-02
    1.550000   1.79749694  6.5547935027253243e-02
    1.550000   1.86226837  7.5132870499177051e-02
    1.550000   1.92703964  8.8121528440419358e-02
    1.550000   1.99181073  1.0531220458381994e-01
    1.550000   2.05658157  1.2778548691867697e-01
    1.550000   2.12135212  1.5695351961904330e-01
    1.550000   2.18612229  1.9457782411237037e-01
    1.550000   2.25089198  2.4270160997494611e-01
    1.550000   2.31566107  3.0340725071633812e-01
    1.550000   2.38042940  3.7830451917903185e-01
    1.550000   2.44519674  4.6786010231715358e-01
    1.550000   2.50996278  5.7177436014156457e-01
    1.550000   2.57472706  6.9593657231104178e-01
    1.550000   2.63948889  8.8653658486838138e-01
    1.550000   2.70424717  1.3596159271666488e+00
    1.550000   2.76900006  2.9284461787649181e+00
    1.550000   2.83374417  8.2241360438012237e+00
    1.550000   2.89847256  2.4412376353074549e+01
    1.550000   2.96316844  6.6025595084614864e+01
    1.550000   3.02777863  1.4636723412512029e+02
    1.550000   3.09200950  2.3973965973757095e+02
    1.600000   0.04958315  9.7743309906832721e+01
    1.600000   0.11381403  6.4081940699110007e+01
    1.600000   0.17842421  3.2158823427907066e+01
    1.600000   0.24312010  1.3540989621486055e+01
    1.600000   0.30784849  5.3528246631369960e+00
    1.600000   0.37259260  2.3073459858549286e+00
    1.600000   0.43734549  1.2509974458710673e+00
    1.600000   0.50210377  8.5542790469891505e-01
    1.600000   0.56686560  6.6024159975041552e-01
    1.600000   0.63162987  5.2786165195449108e-01
    1.600000   0.69639591  4.2277017309203668e-01
    1.600000   0.76116325  3.3678784824258334e-01
    1.600000   0.82593158  2.6730591956519262e-01
    1.600000   0.89070068  2.1216873429270161e-01
    1.600000   0.95547037  1.6903074024035405e-01
    1.600000   1.02024053  1.3559015028522631e-01
    1.600000   1.08501108  1.0981603716866770e-01
    1.600000   1.14978193  9.0042177438059048e-02
    1.600000   1.21455301  7.4966642654974533e-02
    1.600000   1.27932429  6.3606986555588968e-02
    1.600000   1.34409571  5.5242972071479386e-02
    1.600000   1.40886724  4.9362862070699613e-02
    1.600000   1.47363885  4.5619704247763050e-02
    1.600000   1.53841049  4.3799251854134011e-02
    1.600000   1.60318216  4.3799211926587367e-02
    1.600000   1.66795381  4.5619044456449369e-02
    1.600000   1.73272541  4.9359762829562268e-02
    1.600000   1.79749694  5.5233671465433946e-02
    1.600000   1.86226837  6.3584438195039505e-02
    1.600000   1.92703964  7.4918043125614980e-02
    1.600000   1.99181073  8.9944498336125556e-02
    1.600000   2.05658157  1.0962792152855694e-01
    1.600000   2.12135212  1.3523703322455036e-01
    1.600000   2.18612229  1.6837707903692284e-01
    1.600000   2.25089198  2.1096519980542003e-01
    1.600000   2.31566107  2.6508688876533099e-01
    1.600000   2.38042940  3.3266801252319361e-01
    1.600000   2.44519674  4.1503165708699535e-01
    1.600000   2.50996278  5.1309647979950612e-01
    1.600000   2.57472706  6.3153215164452015e-01
    1.600000   2.63948889  7.9841995511212605e-01
    1.600000   2.70424717  1.1353650842304239e+00
    1.600000   2.76900006  2.0685052719085792e+00
    1.600000   2.83374417  4.8550957731912074e+00
    1.600000   2.89847256  1.2515679088463758e+01
    1.600000   2.96316844  3.0151203521349167e+01
    1.600000   3.02777863  6.0580870219182550e+01
    1.600000   3.09200950  9.2754923932730833e+01
    1.650000   0.04958315  4.1124350293293716e+01
    1.650000   0.11381403  2.8522648313570119e+01
    1.650000   0.17842421  1.5643710080950536e+01
    1.650000   0.24312010  7.3907023799456733e+00
    1.650000   0.30784849  3.3754935112034317e+00
    1.650000   0.37259260  1.7101757174507339e+00
    1.650000   0.43734549  1.0496114072761149e+00
    1.650000   0.50210377  7.5629244775470339e-01
    1.650000   0.56686560  5.8835057233487276e-01
    1.650000   0.63162987  4.6757249458275008e-01
    1.650000   0.69639591  3.7164404915502663e-01
    1.650000   0.76116325  2.9418007443595939e-01
    1.650000   0.82593158  2.3230411694103609e-01
    1.650000   0.89070068  1.8359378363470047e-01
    1.650000   0.95547037  1.4568210239815199e-01
    1.650000   1.02024053  1.1639473444598007e-01
    1.650000   1.08501108  9.3877820214934196e-02
    1.650000   1.14978193  7.6637088685478985e-02
    1.650000   1.21455301  6.3515481976174556e-02
    1.650000   1.27932429  5.3643660640006745e-02
    1.650000   1.34409571  4.6385413085174035e-02
    1.650000   1.40886724  4.1288848121558044e-02
    1.650000   1.47363885  3.8047479115907563e-02
    1.650000   1.53841049  3.6471947864437707e-02
    1.650000   1.60318216  3.6471824303627352e-02
    1.650000   1.66795381  3.8046686628090597e-02
    1.650000   1.73272541  4.1285964231941974e-02
    1.650000   1.79749694  4.6377493247671306e-02
    1.650000   1.86226837  5.3625183235652532e-02
    1.650000   1.92703964  6.3476407579553029e-02
    1.650000   1.99181073  7.6559361010684848e-02
    1.650000   2.05658157  9.3729040717518738e-02
    1.650000   2.12135212  1.1611660151350783e-01
    1.650000   2.18612229  1.4516897103491716e-01
    1.650000   2.25089198  1.8265223928294891e-01
    1.650000   2.31566107  2.3057538828109789e-01
    1.650000   2.38042940  2.9098837904050423e-01
    1.650000   2.44519674  3.6569476900945219e-01
    1.650000   2.50996278  4.5634146605353804e-01
    1.650000   2.57472706  5.6683239892199844e-01
    1.650000   2.63948889  7.1442155944550745e-01
    1.650000   2.70424717  9.6699958135292552e-01
    1.650000   2.76900006  1.5457896193474132e+00
    1.650000   2.83374417  3.0494142135412554e+00
    1.650000   2.89847256  6.7598365189726115e+00
    1.650000   2.96316844  1.4496379928762172e+01
    1.650000   3.02777863  2.6665614521806635e+01
    1.650000   3.09200950  3.8619185860479341e+01
    1.700000   0.04958315  1.8648334172859347e+01
    1.700000   0.11381403  1.3604397313933861e+01
    1.700000   0.17842421  8.1243325803225623e+00
    1.700000   0.24312010  4.3137888413250849e+00
    1.700000   0.30784849  2.2741369232169659e+00
    1.700000   0.37259260  1.3262488483645936e+00
    1.700000   0.43734549  8.9199343620004568e-01
    1.700000   0.50210377  6.6543405621120899e-01
    1.700000   0.56686560  5.1999864484230107e-01
    1.700000   0.63162987  4.1123209790010884e-01
    1.700000   0.69639591  3.2486891932068257e-01
    1.700000   0.76116325  2.5579378142116077e-01
    1.700000   0.82593158  2.0109895041632997e-01
    1.700000   0.89070068  1.5830929630840884e-01
    1.700000   0.95547037  1.2514514013945852e-01
    1.700000   1.02024053  9.9599362392132282e-02
    1.700000   1.08501108  8.0001601534216621e-02
    1.700000   1.14978193  6.5023029559912807e-02
    1.700000   1.21455301  5.3641656386910867e-02
    1.700000   1.27932429  4.5092059904501519e-02
    1.700000   1.34409571  3.8814707699165119e-02
    1.700000   1.40886724  3.4412175571106478e-02
    1.700000   1.47363885  3.1614782339365155e-02
    1.700000   1.53841049  3.0255811481451272e-02
    1.700000   1.60318216  3.0255624263012541e-02
    1.700000   1.66795381  3.1613892322126864e-02
    1.700000   1.73272541  3.4409474667756158e-02
    1.700000   1.79749694  3.8807899971946204e-02
    1.700000   1.86226837  4.5076836688594434e-02
    1.700000   1.92703964  5.3610181659322076e-02
    1.700000   1.99181073  6.4961216542530786e-02
    1.700000   2.05658157  7.9884208326179512e-02
    1.700000   2.12135212  9.9381075213161987e-02
    1.700000   2.18612229  1.2474415234673983e-01
    1.700000   2.25089198  1.5757663260284482e-01
    1.700000   2.31566107  1.9976030592944999e-01
    1.700000   2.38042940  2.5333763258851255e-01
    1.700000   2.44519674  3.2032841013035773e-01
    1.700000   2.50996278  4.0275549726702897e-01
    1.700000   2.57472706  5.0399971395921528e-01
    1.700000   2.63948889  6.3492212148172134e-01
    1.700000   2.70424717  8.3337631401461310e-01
    1.700000   2.76900006  1.2135989441870223e+00
    1.700000   2.83374417  2.0603652837460067e+00
    1.700000   2.89847256  3.9218918084037502e+00
    1.700000   2.96316844  7.4532863589494669e+00
    1.700000   3.02777863  1.2579255740843232e+01
    1.700000   3.09200950  1.7320453317422249e+01
    1.750000   0.04958315  9.1775044286427185e+00
    1.750000   0.11381403  7.0288651442862138e+00
    1.750000   0.17842421  4.5671628625073017e+00
    1.750000   0.24312010  2.7215757927948871e+00
    1.750000   0.30784849  1.6348802292875211e+00
    1.750000   0.37259260  1.0653380447035465e+00
    1.750000   0.43734549  7.6348009366575953e-01
    1.750000   0.50210377  5.8251336932724018e-01
    1.750000   0.56686560  4.5630392837912287e-01
    1.750000   0.63162987  3.5944079435520315e-01
    1.750000   0.69639591  2.8256752921429212e-01
    1.750000   0.76116325  2.2150595906275344e-01
    1.750000   0.82593158  1.7346972869060664e-01
    1.750000   0.89070068  1.3606888848263310e-01
    1.750000   0.95547037  1.0717791044018296e-01
    1.750000   1.02024053  8.4977026645048373e-02
    1.750000   1.08501108  6.7977429787244720e-02
    1.750000   1.14978193  5.5005982984908060e-02
    1.750000   1.21455301  4.5164883440190415e-02
    1.750000   1.27932429  3.7783194292184373e-02
    1.750000   1.34409571  3.2370749533563767e-02
    1.750000   1.40886724  2.8579306328970665e-02
    1.750000   1.47363885  2.6172409897481951e-02
    1.750000   1.53841049  2.5003791547403925e-02
    1.750000   1.60318216  2.5003559076833888e-02
    1.750000   1.66795381  2.6171457670289010e-02
    1.750000   1.73272541  2.8576774006771711e-02
    1.750000   1.79749694  3.2364853285483788e-02
    1.750000   1.86226837  3.7770584993700826e-02
    1.750000   1.92703964  4.5139470718100289e-02
    1.750000   1.99181073  5.4956827309656356e-02
    1.750000   2.05658157  6.7884962660095055e-02
    1.750000   2.12135212  8.4806217682501447e-02
    1.750000   2.18612229  1.0686577875939821e-01
    1.750000   2.25089198  1.3550140208254710e-01
    1.750000   2.31566107  1.7243856299505231e-01
    1.750000   2.38042940  2.1962667376364833e-01
    1.750000   2.44519674  2.7912343267367989e-01
    1.750000   2.50996278  3.5308383412060967e-01
    1.750000   2.57472706  4.4448395818157993e-01
    1.750000   2.63948889  5.6040836720632503e-01
    1.750000   2.70424717  7.2207526908923281e-01
    1.750000   2.76900006  9.8828171439408941e-01
    1.750000   2.83374417  1.4943213906903348e+00
    1.750000   2.89847256  2.4755445475111055e+00
    1.750000   2.96316844  4.1662796891104943e+00
    1.750000   3.02777863  6.4437904355955267e+00
    1.750000   3.09200950  8.4428333222541863e+00
    1.800000   0.04958315  4.9505387530765210e+00
    1.800000   0.11381403  3.9758521329943552e+00
    1.800000   0.17842421  2.8027547268312305e+00
    1.800000   0.24312010  1.8560405107901057e+00
    1.800000   0.30784849  1.2411680778285286e+00
    1.800000   0.37259260  8.7660722160897364e-01
    1.800000   0.43734549  6.5536293583892857e-01
    1.800000   0.50210377  5.0728925776467959e-01
    1.800000   0.56686560  3.9787810277174479e-01
    1.800000   0.63162987  3.1244766308668259e-01
    1.800000   0.69639591  2.4467132493330265e-01
    1.800000   0.76116325  1.9109577960161092e-01
    1.800000   0.82593158  1.4914733093483148e-01
    1.800000   0.89070068  1.1660385109375852e-01
    1.800000   0.95547037  9.1530497337826353e-02
    1.800000   1.02024053  7.2301074606361565e-02
    1.800000   1.08501108  5.7600808845671821e-02
    1.800000   1.14978193  4.6400655373636190e-02
    1.800000   1.21455301  3.7915766282516923e-02
    1.800000   1.27932429  3.1560413241532116e-02
    1.800000   1.34409571  2.6906747749613252e-02
    1.800000   1.40886724  2.3650655247402754e-02
    1.800000   1.47363885  2.1585494749908320e-02
    1.800000   1.53841049  2.0583354171170805e-02
    1.800000   1.60318216  2.0583092479964107e-02
    1.800000   1.66795381  2.1584512515961392e-02
    1.800000   1.73272541  2.3648286548763019e-02
    1.800000   1.79749694  2.6901611244682360e-02
    1.800000   1.86226837  3.1549915059274097e-02
    1.800000   1.92703964  3.7895191345761817e-02
    1.800000   1.99181073  4.6361544097012430e-02
    1.800000   2.05658157  5.7528059665047870e-02
    1.800000   2.12135212  7.2167737956289599e-02
    1.800000   2.18612229  9.1288335962822556e-02
    1.800000   2.25089198  1.1616605782815753e-01
    1.800000   2.31566107  1.4835660329380518e-01
    1.800000   2.38042940  1.8966492338012311e-01
    1.800000   2.44519674  2.4207234451334386e-01
    1.800000   2.50996278  3.0770512837612013e-01
    1.800000   2.57472706  3.8918883879412564e-01
    1.800000   2.63948889  4.9134251821495062e-01
    1.800000   2.70424717  6.2619589758840388e-01
    1.800000   2.76900006  8.2390054236738963e-01
    1.800000   2.83374417  1.1483494328859820e+00
    1.800000   2.89847256  1.6999177046488612e+00
    1.800000   2.96316844  2.5586536539444262e+00
    1.800000   3.02777863  3.6324486290589069e+00
    1.800000   3.09200950  4.5297068960395457e+00
    1.850000   0.04958315  2.9444854686735962e+00
    1.850000   0.11381403  2.4712283583676919e+00
    1.850000   0.17842421  1.8734210516773171e+00
    1.850000   0.24312010  1.3537057467051161e+00
    1.850000   0.30784849  9.8081691842170238e-01
    1.850000   0.37259260  7.3196316039711706e-01
    1.850000   0.43734549  5.6255137448619075e-01
    1.850000   0.50210377  4.3953040984393466e-01
    1.850000   0.56686560  3.4496871266100376e-01
    1.850000   0.63162987  2.7025930226689704e-01
    1.850000   0.69639591  2.1098844674843181e-01
    1.850000   0.76116325  1.6428712181058902e-01
    1.850000   0.82593158  1.2784166534596791e-01
    1.850000   0.89070068  9.9641387456190444e-02
    1.850000   0.95547037  7.7957348041195224e-02
    1.850000   1.02024053  6.1353620521050652e-02
    1.850000   1.08501108  4.8678418827509548e-02
    1.850000   1.14978193  3.9034306698521364e-02
    1.850000   1.21455301  3.1738271505971333e-02
    1.850000   1.27932429  2.6280909292381621e-02
    1.850000   1.34409571  2.2290034420140901e-02
    1.850000   1.40886724  1.9500917135350175e-02
    1.850000   1.47363885  1.7733531471796744e-02
    1.850000   1.53841049  1.6876361320008530e-02
    1.850000   1.60318216  1.6876083767509868e-02
    1.850000   1.66795381  1.7732546685579706e-02
    1.850000   1.73272541  1.9498711170382672e-02
    1.850000   1.79749694  2.2285540950002951e-02
    1.850000   1.86226837  2.6272126181727719e-02
    1.850000   1.92703964  3.1721561730660382e-02
    1.850000   1.99181073  3.9003153974836363e-02
    1.850000   2.05658157  4.8621217252225429e-02
    1.850000   2.12135212  6.1249728310542914e-02
    1.850000   2.18612229  7.7769990753295964e-02
    1.850000   2.25089198  9.9304801653218422e-02
    1.850000   2.31566107  1.2723766681354964e-01
    1.850000   2.38042940  1.6320225186659507e-01
    1.850000   2.44519674  2.0903567823713490e-01
    1.850000   2.50996278  2.6673617943463940e-01
    1.850000   2.57472706  3.3860547186019568e-01
    1.850000   2.63948889  4.2806052562588415e-01
    1.850000   2.70424717  5.4203404644025499e-01
    1.850000   2.76900006  6.9586991027979761e-01
    1.850000   2.83374417  9.1921347307703027e-01
    1.850000   2.89847256  1.2535957538151776e+00
    1.850000   2.96316844  1.7222286008709065e+00
    1.850000   3.02777863  2.2648213499411014e+00
    1.850000   3.09200950  2.6964225569658455e+00
    1.900000   0.04958315  1.9227551136955929e+00
    1.900000   0.11381403  1.6749200471224113e+00
    1.900000   0.17842421  1.3463531291247999e+00
    1.900000   0.24312010  1.0387050472140351e+00
    1.900000   0.30784849  7.9582865660437685e-01
    1.900000   0.37259260  6.1597087133720685e-01
    1.900000   0.43734549  4.8202163417929517e-01
    1.900000   0.50210377  3.7895657708433811e-01
    1.900000   0.56686560  2.9756597260120915e-01
    1.900000   0.63162987  2.3272028887666907e-01
    1.900000   0.69639591  1.8125216642713460e-01
    1.900000   0.76116325  1.4077750188183674e-01
    1.900000   0.82593158  1.0925960797759593e-01
    1.900000   0.89070068  8.4916158091981220e-02
    1.900000   0.95547037  6.6224875441016698e-02
    1.900000   1.02024053  5.1930577355526947e-02
    1.900000   1.08501108  4.1031394874617870e-02
    1.900000   1.14978193  3.2748794207120888e-02
    1.900000   1.21455301  2.6490884863882718e-02
    1.900000   1.27932429  2.1816230724167787e-02
    1.900000   1.34409571  1.8402116017089867e-02
    1.900000   1.40886724  1.6018799559649459e-02
    1.900000   1.47363885  1.4509908358869995e-02
    1.900000   1.53841049  1.3778505990744119e-02
    1.900000   1.60318216  1.3778223284352575e-02
    1.900000   1.66795381  1.4508943163023449e-02
    1.900000   1.73272541  1.6016756306690857e-02
    1.900000   1.79749694  1.8398173982751936e-02
    1.900000   1.86226837  2.1808849444057015e-02
    1.900000   1.92703964  2.6477268483604117e-02
    1.900000   1.99181073  3.2723941599824238e-02
    1.900000   2.05658157  4.0986420823921323e-02
    1.900000   2.12135212  5.1849734818024823e-02
    1.900000   2.18612229  6.6080245331082310e-02
    1.900000   2.25089198  8.4658131914240931e-02
    1.900000   2.31566107  1.0879977557379319e-01
    1.900000   2.38042940  1.3995788842408644e-01
    1.900000   2.44519674  1.7979023762364468e-01
    1.900000   2.50996278  2.3011202702922942e-01
    1.900000   2.57472706  2.9291981032238995e-01
    1.900000   2.63948889  3.7072327919148185e-01
    1.900000   2.70424717  4.6759534203121966e-01
    1.900000   2.76900006  5.9120608967545152e-01
    1.900000   2.83374417  7.5472156344840158e-01
    1.900000   2.89847256  9.7387204213779976e-01
    1.900000   2.96316844  1.2512718558061915e+00
    1.900000   3.02777863  1.5483053281469459e+00
    1.900000   3.09200950  1.7729855336602101e+00
    1.950000   0.04958315  1.3578816933219666e+00
    1.950000   0.11381403  1.2170397983391752e+00
    1.950000   0.17842421  1.0213440889765022e+00
    1.950000   0.24312010  8.2484223370218568e-01
    1.950000   0.30784849  6.5602200564845137e-01
    1.950000   0.37259260  5.2005385682138672e-01
    1.950000   0.43734549  4.1187139570954395e-01
    1.950000   0.50210377  3.2521453140260126e-01
    1.950000   0.56686560  2.5548340211402698e-01
    1.950000   0.63162987  1.9957186774881583e-01
    1.950000   0.69639591  1.5515486331883016e-01
    1.950000   0.76116325  1.2025733613775443e-01
    1.950000   0.82593158  9.3116301389214187e-02
    1.950000   0.89070068  7.2177173448793208e-02
    1.950000   0.95547037  5.6115753695273100e-02
    1.950000   1.02024053  4.3844309187871848e-02
    1.950000   1.08501108  3.4496875495688362e-02
    1.950000   1.14978193  2.7401346497624313e-02
    1.950000   1.21455301  2.2046828535001960e-02
    1.950000   1.27932429  1.8052095128769464e-02
    1.950000   1.34409571  1.5138197421443369e-02
    1.950000   1.40886724  1.3106346920055894e-02
    1.950000   1.47363885  1.1821105768688866e-02
    1.950000   1.53841049  1.1198449888948046e-02
    1.950000   1.60318216  1.1198170289222941e-02
    1.950000   1.66795381  1.1820177089775879e-02
    1.950000   1.73272541  1.3104465492716599e-02
    1.950000   1.79749694  1.5134733319277989e-02
    1.950000   1.86226837  1.8045866681786316e-02
    1.950000   1.92703964  2.2035693458921889e-02
    1.950000   1.99181073  2.7381479623508152e-02
    1.950000   2.05658157  3.4461498747700790e-02
    1.950000   2.12135212  4.3781453818291398e-02
    1.950000   2.18612229  5.6004303365700760e-02
    1.950000   2.25089198  7.1979848217155085e-02
    1.950000   2.31566107  9.2767213001222079e-02
    1.950000   2.38042940  1.1963999526905961e-01
    1.950000   2.44519674  1.5406370223573457e-01
    1.950000   2.50996278  1.9764625842311229e-01
    1.950000   2.57472706  2.5209852270796662e-01
    1.950000   2.63948889  3.1931199400969834e-01
    1.950000   2.70424717  4.0172541569496539e-01
    1.950000   2.76900006  5.0302021532859176e-01
    1.950000   2.83374417  6.2844130195612036e-01
    1.950000   2.89847256  7.8246383790113527e-01
    1.950000   2.96316844  9.6073419880453581e-01
    1.950000   3.02777863  1.1379956253091017e+00
    1.950000   3.09200950  1.2656026447555548e+00
    2.000000   0.04958315  1.0163283646028609e+00
    2.000000   0.11381403  9.2945409640133458e-01
    2.000000   0.17842421  8.0349093794339754e-01
    2.000000   0.24312010  6.6909089871345773e-01
    2.000000   0.30784849  5.4540543157012344e-01
    2.000000   0.37259260  4.3927873403502254e-01
    2.000000   0.43734549  3.5078098943627345e-01
    2.000000   0.50210377  2.7787950821465174e-01
    2.000000   0.56686560  2.1841874042967774e-01
    2.000000   0.63162987  1.7049429363718588e-01
    2.000000   0.69639591  1.3237152831561419e-01
    2.000000   0.76116325  1.0242246412808642e-01
    2.000000   0.82593158  7.9141930471264776e-02
    2.000000   0.89070068  6.1191543335388641e-02
    2.000000   0.95547037  4.7430977532403606e-02
    2.000000   1.02024053  3.6924668576833394e-02
    2.000000   1.08501108  2.8928373813463602e-02
    2.000000   1.14978193  2.2864475594060258e-02
    2.000000   1.21455301  1.8293646140916185e-02
    2.000000   1.27932429  1.4887738884533746e-02
    2.000000   1.34409571  1.2406363487490590e-02
    2.000000   1.40886724  1.0678006793352440e-02
    2.000000   1.47363885  9.5856904036442404e-03
    2.000000   1.53841049  9.0567830703378246e-03
    2.000000   1.60318216  9.0565126895765791e-03
    2.000000   1.66795381  9.5848104201276315e-03
    2.000000   1.73272541  1.0676284655986478e-02
    2.000000   1.79749694  1.2403316994733493e-02
    2.000000   1.86226837  1.4882464199390920e-02
    2.000000   1.92703964  1.8284506810643981e-02
    2.000000   1.99181073  2.2848555339028888e-02
    2.000000   2.05658157  2.8900519266641375e-02
    2.000000   2.12135212  3.6875813781955702e-02
    2.000000   2.18612229  4.7345206250800242e-02
    2.000000   2.25089198  6.1040935727943210e-02
    2.000000   2.31566107  7.8877544700867261e-02
    2.000000   2.38042940  1.0195866605062839e-01
    2.000000   2.44519674  1.3155915280228564e-01
    2.000000   2.50996278  1.6907584600651882e-01
    2.000000   2.57472706  2.1595683719617736e-01
    2.000000   2.63948889  2.7365090885955756e-01
    2.000000   2.70424717  3.4364017750288134e-01
    2.000000   2.76900006  4.2753061878800569e-01
    2.000000   2.83374417  5.2680036906717498e-01
    2.000000   2.89847256  6.4115099570372569e-01
    2.000000   2.96316844  7.6438566087605020e-01
    2.000000   3.02777863  8.7934945801331565e-01
    2.000000   3.09200950  9.5847499257628022e-01
    2.050000   0.04958315  7.9094220173078755e-01
    2.050000   0.11381403  7.3323171590947700e-01
    2.050000   0.17842421  6.4651993424497600e-01
    2.050000   0.24312010  5.4938738244249152e-01
    2.050000   0.30784849  4.5520901767998312e-01
    2.050000   0.37259260  3.7062297367588642e-01
    2.050000   0.43734549  2.9772502391737166e-01
    2.050000   0.50210377  2.3647097725641714e-01
    2.050000   0.56686560  1.8599971125799650e-01
    2.050000   0.63162987  1.4513705474198940e-01
    2.050000   0.69639591  1.1257577689022334e-01
    2.050000   0.76116325  8.6982036098423560e-02
    2.050000   0.82593158  6.7085475928809576e-02
    2.050000   0.89070068  5.1746157217557230e-02
    2.050000   0.95547037  3.9990457911410746e-02
    2.050000   1.02024053  3.1018979767238327e-02
    2.050000   1.08501108  2.4195384118769887e-02
    2.050000   1.14978193  1.9025334841854532e-02
    2.050000   1.21455301  1.5132389024124629e-02
    2.050000   1.27932429  1.2234982926389205e-02
    2.050000   1.34409571  1.0126560829579761e-02
    2.050000   1.40886724  8.6595552679623808e-03
    2.050000   1.47363885  7.7332059402779076e-03
    2.050000   1.53841049  7.2848980703183967e-03
    2.050000   1.60318216  7.2846412046206951e-03
    2.050000   1.66795381  7.7323827298887869e-03
    2.050000   1.73272541  8.6579880345437638e-03
    2.050000   1.79749694  1.0123881384612897e-02
    2.050000   1.86226837  1.2230501842879870e-02
    2.050000   1.92703964  1.5124859919625392e-02
    2.050000   1.99181073  1.9012541210284801e-02
    2.050000   2.05658157  2.4173420250637088e-02
    2.050000   2.12135212  3.0981000423252605e-02
    2.050000   2.18612229  3.9924504436108690e-02
    2.050000   2.25089198  5.1631384276857241e-02
    2.050000   2.31566107  6.6885635415048675e-02
    2.050000   2.38042940  8.6634341737053325e-02
    2.050000   2.44519674  1.1197222717426861e-01
    2.050000   2.50996278  1.4409407328465959e-01
    2.050000   2.57472706  1.8421129162164823e-01
    2.050000   2.63948889  2.3344248681604593e-01
    2.050000   2.70424717  2.9269401975083525e-01
    2.050000   2.76900006  3.6249705282329026e-01
    2.050000   2.83374417  4.4259345063634220e-01
    2.050000   2.89847256  5.3082056204480477e-01
    2.050000   2.96316844  6.2101622359916497e-01
    2.050000   3.02777863  7.0104555707613603e-01
    2.050000   3.09200950  7.5412372307105213e-01
    2.100000   0.04958315  6.3067095496910242e-01
    2.100000   0.11381403  5.8994834035825561e-01
    2.100000   0.17842421  5.2704413097698488e-01
    2.100000   0.24312010  4.5395336407327358e-01
    2.100000   0.30784849  3.8034786223533151e-01
    2.100000   0.37259260  3.1206465184643345e-01
    2.100000   0.43734549  2.5182853641507968e-01
    2.100000   0.50210377  2.0047400978031382e-01
    2.100000   0.56686560  1.5781799327590040e-01
    2.100000   0.63162987  1.2314015655452401e-01
    2.100000   0.69639591  9.5450531299937205e-02
    2.100000   0.76116325  7.3663236280280264e-02
    2.100000   0.82593158  5.6716479733744614e-02
    2.100000   0.89070068  4.3648037946985574e-02
    2.100000   0.95547037  3.3632694653856515e-02
    2.100000   1.02024053  2.5991366072120197e-02
    2.100000   1.08501108  2.0182520777924356e-02
    2.100000   1.14978193  1.5784746845832962e-02
    2.100000   1.21455301  1.2476575201712463e-02
    2.100000   1.27932429  1.0017147822819249e-02
    2.100000   1.34409571  8.2294851980341151e-03
    2.100000   1.40886724  6.9869674486459305e-03
    2.100000   1.47363885  6.2030340499288402e-03
    2.100000   1.53841049  5.8238466894632440e-03
    2.100000   1.60318216  5.8236061470257365e-03
    2.100000   1.66795381  6.2022722923655059e-03
    2.100000   1.73272541  6.9855490155464267e-03
    2.100000   1.79749694  8.2271296302266345e-03
    2.100000   1.86226837  1.0013330627649445e-02
    2.100000   1.92703964  1.2470349776126518e-02
    2.100000   1.99181073  1.5774433530792602e-02
    2.100000   2.05658157  2.0165168409307495e-02
    2.100000   2.12135212  2.5961821797646389e-02
    2.100000   2.18612229  3.3581999968815821e-02
    2.100000   2.25089198  4.3560673473846116e-02
    2.100000   2.31566107  5.6565668822425502e-02
    2.100000   2.38042940  7.3403049131593900e-02
    2.100000   2.44519674  9.5002909820894363e-02
    2.100000   2.50996278  1.2237436459582754e-01
    2.100000   2.57472706  1.5651996082327382e-01
    2.100000   2.63948889  1.9830502846432765e-01
    2.100000   2.70424717  2.4827957846937365e-01
    2.100000   2.76900006  3.0642791011185533e-01
    2.100000   2.83374417  3.7175149765627691e-01
    2.100000   2.89847256  4.4152568628613181e-01
    2.100000   2.96316844  5.1025051056906490e-01
    2.100000   3.02777863  5.6902970261605779e-01
    2.100000   3.09200950  6.0693211563241689e-01
    2.150000   0.04958315  5.1009380697161522e-01
    2.150000   0.11381403  4.8004084637280775e-01
    2.150000   0.17842421  4.3265987780717358e-01
    2.150000   0.24312010  3.7612728141515167e-01
    2.150000   0.30784849  3.1763786431911811e-01
    2.150000   0.37259260  2.6211547527822948e-01
    2.150000   0.43734549  2.1230167652854229e-01
    2.150000   0.50210377  1.6936068102532179e-01
    2.150000   0.56686560  1.3345395387142298e-01
    2.150000   0.63162987  1.0414881318198427e-01
    2.150000   0.69639591  8.0694909735909329e-02
    2.150000   0.76116325  6.2213853584586636e-02
    2.150000   0.82593158  4.7825521402621363e-02
    2.150000   0.89070068  3.6723870543045142e-02
    2.150000   0.95547037  2.8213894727165068e-02
    2.150000   1.02024053  2.1721696547957737e-02
    2.150000   1.08501108  1.6788397070877707e-02
    2.150000   1.14978193  1.3056059506984744e-02
    2.150000   1.21455301  1.0251042420826743e-02
    2.150000   1.27932429  8.1679124886937619e-03
    2.150000   1.34409571  6.6554490125219426e-03
    2.150000   1.40886724  5.6052938598687490e-03
    2.150000   1.47363885  4.9432777368694329e-03
    2.150000   1.53841049  4.6232270845026164e-03
    2.150000   1.60318216  4.6230044887716924e-03
    2.150000   1.66795381  4.9425793965386829e-03
    2.150000   1.73272541  5.6040167075847441e-03
    2.150000   1.79749694  6.6533798995626675e-03
    2.150000   1.86226837  8.1646534105124131e-03
    2.150000   1.92703964  1.0245876423068640e-02
    2.150000   1.99181073  1.3047717407444214e-02
    2.150000   2.05658157  1.6774655482054198e-02
    2.150000   2.12135212  2.1698687839228605e-02
    2.150000   2.18612229  2.8174926709124384e-02
    2.150000   2.25089198  3.6657419458801022e-02
    2.150000   2.31566107  4.7711854135173898e-02
    2.150000   2.38042940  6.2019438349109016e-02
    2.150000   2.44519674  8.0363413020666782e-02
    2.150000   2.50996278  1.0358719938669145e-01
    2.150000   2.57472706  1.3251243361194059e-01
    2.150000   2.63948889  1.6780696127352143e-01
    2.150000   2.70424717  2.0979481405268688e-01
    2.150000   2.76900006  2.5819438154021118e-01
    2.150000   2.83374417  3.1175323058330023e-01
    2.150000   2.89847256  3.6775388267222231e-01
    2.150000   2.96316844  4.2150640252930749e-01
    2.150000   3.02777863  4.6630476199948029e-01
    2.150000   3.09200950  4.9461304856529742e-01
    2.200000   0.04958315  4.1583523693011609e-01
    2.200000   0.11381403  3.9295731958926122e-01
    2.200000   0.17842421  3.5635436836460310e-01
    2.200000   0.24312010  3.1184631429046650e-01
    2.200000   0.30784849  2.6490026302034825e-01
    2.200000   0.37259260  2.1958697797506382e-01
    2.200000   0.43734549  1.7841425936066721e-01
    2.200000   0.50210377  1.4260855492462496e-01
    2.200000   0.56686560  1.1249415668116908e-01
    2.200000   0.63162987  8.7823271727556870e-02
    2.200000   0.69639591  6.8028410740561707e-02
    2.200000   0.76116325  5.2403389771602596e-02
    2.200000   0.82593158  4.0223871273401900e-02
    2.200000   0.89070068  3.0819038794940749e-02
    2.200000   0.95547037  2.3606782034859948e-02
    2.200000   1.02024053  1.8104337090926331e-02
    2.200000   1.08501108  1.3924384795012828e-02
    2.200000   1.14978193  1.0763937929916947e-02
    2.200000   1.21455301  8.3907781688908716e-03
    2.200000   1.27932429  6.6301806531307607e-03
    2.200000   1.34409571  5.3532793413749663e-03
    2.200000   1.40886724  4.4675832670290679e-03
    2.200000   1.47363885  3.9097012662039771e-03
    2.200000   1.53841049  3.6401323930342145e-03
    2.200000   1.60318216  3.6399284500630608e-03
    2.200000   1.66795381  3.9090662132183875e-03
    2.200000   1.73272541  4.4664388261025758e-03
    2.200000   1.79749694  5.3514638647969509e-03
    2.200000   1.86226837  6.6273928563741463e-03
    2.200000   1.92703964  8.3864764838327902e-03
    2.200000   1.99181073  1.0757166035484494e-02
    2.200000   2.05658157  1.3913472395036312e-02
    2.200000   2.12135212  1.8086389403010373e-02
    2.200000   2.18612229  2.3576813348967812e-02
    2.200000   2.25089198  3.0768513620961807e-02
    2.200000   2.31566107  4.0138279238856073e-02
    2.200000   2.38042940  5.2258294329028364e-02
    2.200000   2.44519674  6.7783207206542406e-02
    2.200000   2.50996278  8.7411786962388091e-02
    2.200000   2.57472706  1.1181153180474010e-01
    2.200000   2.63948889  1.4149520530499005e-01
    2.200000   2.70424717  1.7664106559536774e-01
    2.200000   2.76900006  2.1685198132808689e-01
    2.200000   2.83374417  2.6085474637266826e-01
    2.200000   2.89847256  3.0617078606069120e-01
    2.200000   2.96316844  3.4888988232221285e-01
    2.200000   3.02777863  3.8385542416290808e-01
    2.200000   3.09200950  4.0563867192466702e-01
    2.250000   0.04958315  3.4035661895425484e-01
    2.250000   0.11381403  3.2258097673413721e-01
    2.250000   0.17842421  2.9383983143624770e-01
    2.250000   0.24312010  2.5841168058257030e-01
    2.250000   0.30784849  2.2051394888752848e-01
    2.250000   0.37259260  1.8347621394088948e-01
    2.250000   0.43734549  1.4948871602976943e-01
    2.250000   0.50210377  1.1971507646424738e-01
    2.250000   0.56686560  9.4543255986752117e-02
    2.250000   0.63162987  7.3845044749224403e-02
    2.250000   0.69639591  5.7193166222710770e-02
    2.250000   0.76116325  4.4023176460482434e-02
    2.250000   0.82593158  3.3742629926990904e-02
    2.250000   0.89070068  2.5796387386069687e-02
    2.250000   0.95547037  1.9699259288682540e-02
    2.250000   1.02024053  1.5046827256311823e-02
    2.250000   1.08501108  1.1513347170346373e-02
    2.250000   1.14978193  8.8431629562491943e-03
    2.250000   1.21455301  6.8397807082470246e-03
    2.250000   1.27932429  5.3549964269957026e-03
    2.250000   1.34409571  4.2792781736011084e-03
    2.250000   1.40886724  3.5338770028099271e-03
    2.250000   1.47363885  3.0647474260763054e-03
    2.250000   1.53841049  2.8381795147496454e-03
    2.250000   1.60318216  2.8379942410479051e-03
    2.250000   1.66795381  3.0641739759407890e-03
    2.250000   1.73272541  3.5328560209219530e-03
    2.250000   1.79749694  4.2776873116580818e-03
    2.250000   1.86226837  5.3526081494678817e-03
    2.250000   1.92703964  6.8361869984079797e-03
    2.250000   1.99181073  8.8376452330194283e-03
    2.250000   2.05658157  1.1504654191055286e-02
    2.250000   2.12135212  1.5032798404222414e-02
    2.250000   2.18612229  1.9676189995238298e-02
    2.250000   2.25089198  2.5757970774849179e-02
    2.250000   2.31566107  3.3678218346350160e-02
    2.250000   2.38042940  4.3914991039457521e-02
    2.250000   2.44519674  5.7011971234919134e-02
    2.250000   2.50996278  7.3543789789552699e-02
    2.250000   2.57472706  9.4048491281405355e-02
    2.250000   2.63948889  1.1891696967012765e-01
    2.250000   2.70424717  1.4823278517565625e-01
    2.250000   2.76900006  1.8156369712097908e-01
    2.250000   2.83374417  2.1772188084833152e-01
    2.250000   2.89847256  2.5454399660082772e-01
    2.250000   2.96316844  2.8881001654003452e-01
    2.250000   3.02777863  3.1650130951846456e-01
    2.250000   3.09200950  3.3358147504233676e-01
    2.300000   0.04958315  2.7905532296056018e-01
    2.300000   0.11381403  2.6506290196358656e-01
    2.300000   0.17842421  2.4226443678647663e-01
    2.300000   0.24312010  2.1387830866250193e-01
    2.300000   0.30784849  1.8319162446318960e-01
    2.300000   0.37259260  1.5291081028677730e-01
    2.300000   0.43734549  1.2490017886414595e-01
    2.300000   0.50210377  1.0020776074652862e-01
    2.300000   0.56686560  7.9231584378110301e-02
    2.300000   0.63162987  6.1920502396220704e-02
    2.300000   0.69639591  4.7954818775166094e-02
    2.300000   0.76116325  3.6885825944933621e-02
    2.300000   0.82593158  2.8231558929336938e-02
    2.300000   0.89070068  2.1534850472089039e-02
    2.300000   0.95547037  1.6393024642816015e-02
    2.300000   1.02024053  1.2468559897572867e-02
    2.300000   1.08501108  9.4884035013533229e-03
    2.300000   1.14978193  7.2374805551556681e-03
    2.300000   1.21455301  5.5499843388642717e-03
    2.300000   1.27932429  4.3005336686662348e-03
    2.300000   1.34409571  3.3962632788898470e-03
    2.300000   1.40886724  2.7702885097537571e-03
    2.300000   1.47363885  2.3766428793263986e-03
    2.300000   1.53841049  2.1866273571104012e-03
    2.300000   1.60318216  2.1864602685399298e-03
    2.300000   1.66795381  2.3761282458598060e-03
    2.300000   1.73272541  2.7693813850755305e-03
    2.300000   1.79749694  3.3948712255857483e-03
    2.300000   1.86226837  4.2984852308148701e-03
    2.300000   1.92703964  5.5469729054661429e-03
    2.300000   1.99181073  7.2329676758043533e-03
    2.300000   2.05658157  9.4814545064077355e-03
    2.300000   2.12135212  1.2457566624735267e-02
    2.300000   2.18612229  1.6375241693292908e-02
    2.300000   2.25089198  2.1505628776403645e-02
    2.300000   2.31566107  2.8183101156477861e-02
    2.300000   2.38042940  3.6805217427078853e-02
    2.300000   2.44519674  4.7821030465467609e-02
    2.300000   2.50996278  6.1700089111613572e-02
    2.300000   2.57472706  7.8873062717790085e-02
    2.300000   2.63948889  9.9635401753626895e-02
    2.300000   2.70424717  1.2400948683522162e-01
    2.300000   2.76900006  1.5157030858469345e-01
    2.300000   2.83374417  1.8125778640905882e-01
    2.300000   2.89847256  2.1122982915561042e-01
    2.300000   2.96316844  2.3885456284187492e-01
    2.300000   3.02777863  2.6097312542570350e-01
    2.300000   3.09200950  2.7451875941913439e-01
    2.350000   0.04958315  2.2887924227029566e-01
    2.350000   0.11381403  2.1777513787119157e-01
    2.350000   0.17842421  1.9957860550610765e-01
    2.350000   0.24312010  1.7674926549415790e-01
    2.350000   0.30784849  1.5186675884076134e-01
    2.350000   0.37259260  1.2712231815623246e-01
    2.350000   0.43734549  1.0407822229102368e-01
    2.350000   0.50210377  8.3650621198788397e-02
    2.350000   0.56686560  6.6219492019780835e-02
    2.350000   0.63162987  5.1782542172052262e-02
    2.350000   0.69639591  4.0102428578447362e-02
    2.350000   0.76116325  3.0824243215000876e-02
    2.350000   0.82593158  2.3557739935783143e-02
    2.350000   0.89070068  1.7928037177392251e-02
    2.350000   0.95547037  1.3602207160564041e-02
    2.350000   1.02024053  1.0299510714874440e-02
    2.350000   1.08501108  7.7917605350268891e-03
    2.350000   1.14978193  5.8985277605251808e-03
    2.350000   1.21455301  4.4802673717358760e-03
    2.350000   1.27932429  3.4311720371459874e-03
    2.350000   1.34409571  2.6726983114456660e-03
    2.350000   1.40886724  2.1481737137168792e-03
    2.350000   1.47363885  1.8185952542646669e-03
    2.350000   1.53841049  1.6595872319588420e-03
    2.350000   1.60318216  1.6594374966481303e-03
    2.350000   1.66795381  1.8181359187601006e-03
    2.350000   1.73272541  2.1473707779305316e-03
    2.350000   1.79749694  2.6714820459450830e-03
    2.350000   1.86226837  3.4294135156411080e-03
    2.350000   1.92703964  4.4777367664148382e-03
    2.350000   1.99181073  5.8948227154546739e-03
    2.350000   2.05658157  7.7861848598497650e-03
    2.350000   2.12135212  1.0290870822762175e-02
    2.350000   2.18612229  1.3588473895507032e-02
    2.350000   2.25089198  1.7905791723014049e-02
    2.350000   2.31566107  2.3521283855546252e-02
    2.350000   2.38042940  3.0764209832094439e-02
    2.350000   2.44519674  4.0003706433590289e-02
    2.350000   2.50996278  5.1621362608231053e-02
    2.350000   2.57472706  6.5959744128458411e-02
    2.350000   2.63948889  8.3239996987531872e-02
    2.350000   2.70424717  1.0344581797632452e-01
    2.350000   2.76900006  1.2618075897755307e-01
    2.350000   2.83374417  1.5052306649537917e-01
    2.350000   2.89847256  1.7492782089660830e-01
    2.350000   2.96316844  1.9725448624010364e-01
    2.350000   3.02777863  2.1500675147204384e-01
    2.350000   3.09200950  2.2582098923506860e-01
    2.400000   0.04958315  1.8764879052769409e-01
    2.400000   0.11381403  1.7879304165694007e-01
    2.400000   0.17842421  1.6421647718310678e-01
    2.400000   0.24312010  1.4581918163927529e-01
    2.400000   0.30784849  1.2563468497477087e-01
    2.400000   0.37259260  1.0543228123707046e-01
    2.400000   0.43734549  8.6507907389663283e-02
    2.400000   0.50210377  6.9647507352341140e-02
    2.400000   0.56686560  5.5199289358297383e-02
    2.400000   0.63162987  4.3190882539231430e-02
    2.400000   0.69639591  3.3447709779774591e-02
    2.400000   0.76116325  2.5690361034302875e-02
    2.400000   0.82593158  1.9604154575927409e-02
    2.400000   0.89070068  1.4882831572023962e-02
    2.400000   0.95547037  1.1252059785620452e-02
    2.400000   1.02024053  8.4790447935039776e-03
    2.400000   1.08501108  6.3736295706771431e-03
    2.400000   1.14978193  4.7848481979104983e-03
    2.400000   1.21455301  3.5955511970718950e-03
    2.400000   1.27932429  2.7166645041549848e-03
    2.400000   1.34409571  2.0819141952947060e-03
    2.400000   1.40886724  1.6433923020992205e-03
    2.400000   1.47363885  1.3680807801454687e-03
    2.400000   1.53841049  1.2353235870499288e-03
    2.400000   1.60318216  1.2351901464933907e-03
    2.400000   1.66795381  1.3676727843978745e-03
    2.400000   1.73272541  1.6426840479628613e-03
    2.400000   1.79749694  2.0808531508502300e-03
    2.400000   1.86226837  2.7151539122231053e-03
    2.400000   1.92703964  3.5934192097988784e-03
    2.400000   1.99181073  4.7817949961535414e-03
    2.400000   2.05658157  6.3691381169035015e-03
    2.400000   2.12135212  8.4722317765202702e-03
    2.400000   2.18612229  1.1241429548931864e-02
    2.400000   2.25089198  1.4865876198092395e-02
    2.400000   2.31566107  1.9576718210771199e-02
    2.400000   2.38042940  2.5645661092508425e-02
    2.400000   2.44519674  3.3374897936361246e-02
    2.400000   2.50996278  4.3073071354307865e-02
    2.400000   2.57472706  5.5011134409762755e-02
    2.400000   2.63948889  6.9352817065033948e-02
    2.400000   2.70424717  8.6058429529661487e-02
    2.400000   2.76900006  1.0476969471700504e-01
    2.400000   2.83374417  1.2469839907308297e-01
    2.400000   2.89847256  1.4456172737510964e-01
    2.400000   2.96316844  1.6262487468838355e-01
    2.400000   3.02777863  1.7690882309678468e-01
    2.400000   3.09200950  1.8557485920908143e-01
    2.450000   0.04958315  1.5371474194035317e-01
    2.450000   0.11381403  1.4663118621395430e-01
    2.450000   0.17842421  1.3493029161015715e-01
    2.450000   0.24312010  1.2009059538650876e-01
    2.450000   0.30784849  1.0371976193539513e-01
    2.450000   0.37259260  8.7243520947161729e-02
    2.450000   0.43734549  7.1729375902523318e-02
    2.450000   0.50210377  5.7843061919663631e-02
    2.450000   0.56686560  4.5895471274112580e-02
    2.450000   0.63162987  3.5931397528094093e-02
    2.450000   0.69639591  2.7823820638586811e-02
    2.450000   0.76116325  2.1353714991234167e-02
    2.450000   0.82593158  1.6268248019688451e-02
    2.450000   0.89070068  1.2318043265961651e-02
    2.450000   0.95547037  9.2777319498918171e-03
    2.450000   1.02024053  6.9548140903059824e-03
    2.450000   1.08501108  5.1912378820363125e-03
    2.450000   1.14978193  3.8610018491101392e-03
    2.450000   1.21455301  2.8659921221204990e-03
    2.450000   1.27932429  2.1313957216788225e-03
    2.450000   1.34409571  1.6014194766883728e-03
    2.450000   1.40886724  1.2356563707609887e-03
    2.450000   1.47363885  1.0062181455683780e-03
    2.450000   1.53841049  8.9564036656582192e-04
    2.450000   1.60318216  8.9552202947624560e-04
    2.450000   1.66795381  1.0058573185105927e-03
    2.450000   1.73272541  1.2350336258641112e-03
    2.450000   1.79749694  1.6004952754806879e-03
    2.450000   1.86226837  2.1300975767940124e-03
    2.450000   1.92703964  2.8641918480905048e-03
    2.450000   1.99181073  3.8584766659637607e-03
    2.450000   2.05658157  5.1876049672159429e-03
    2.450000   2.12135212  6.9494217347429721e-03
    2.450000   2.18612229  9.2694809019241188e-03
    2.450000   2.25089198  1.2305098573034478e-02
    2.450000   2.31566107  1.6247585465538391e-02
    2.450000   2.38042940  2.1320431457058472e-02
    2.450000   2.44519674  2.7770136607023162e-02
    2.450000   2.50996278  3.5845318704729158e-02
    2.450000   2.57472706  4.5759200322599669e-02
    2.450000   2.63948889  5.7631519332971524e-02
    2.450000   2.70424717  7.1409634622726564e-02
    2.450000   2.76900006  8.6776493450808553e-02
    2.450000   2.83374417  1.0306574466372712e-01
    2.450000   2.89847256  1.1921959752939700e-01
    2.450000   2.96316844  1.3383581177010032e-01
    2.450000   3.02777863  1.4534260724393328e-01
    2.450000   3.09200950  1.5230103213973964e-01
    2.500000   0.04958315  1.2577810545268042e-01
    2.500000   0.11381403  1.2010242807722517e-01
    2.500000   0.17842421  1.1069969418094529e-01
    2.500000   0.24312010  9.8726081481783828e-02
    2.500000   0.30784849  8.5454911625149441e-02
    2.500000   0.37259260  7.2033250524971934e-02
    2.500000   0.43734549  5.9335990483081961e-02
    2.500000   0.50210377  4.7921948381889241e-02
    2.500000   0.56686560  3.8063754530802039e-02
    2.500000   0.63162987  2.9814810450305495e-02
    2.500000   0.69639591  2.3083875961597895e-02
    2.500000   0.76116325  1.7699943736830960e-02
    2.500000   0.82593158  1.3460519203436225e-02
    2.500000   0.89070068  1.0163130722402970e-02
    2.500000   0.95547037  7.6231332526942560e-03
    2.500000   1.02024053  5.6817513666160020e-03
    2.500000   1.08501108  4.2079362520220766e-03
    2.500000   1.14978193  3.0967683098113755e-03
    2.500000   1.21455301  2.2662633741101189e-03
    2.500000   1.27932429  1.6537272541682448e-03
    2.500000   1.34409571  1.2122946328962422e-03
    2.500000   1.40886724  9.0796071183814537e-04
    2.500000   1.47363885  7.1722239601010340e-04
    2.500000   1.53841049  6.2534659524828603e-04
    2.500000   1.60318216  6.2524210865761820e-04
    2.500000   1.66795381  7.1690452423266507e-04
    2.500000   1.73272541  9.0741476384178143e-04
    2.500000   1.79749694  1.2114908649631722e-03
    2.500000   1.86226837  1.6526114427341321e-03
    2.500000   1.92703964  2.2647401248820859e-03
    2.500000   1.99181073  3.0946725633427333e-03
    2.500000   2.05658157  4.2049854567136735e-03
    2.500000   2.12135212  5.6774662319793714e-03
    2.500000   2.18612229  7.6167083443069612e-03
    2.500000   2.25089198  1.0153227190293634e-02
    2.500000   2.31566107  1.3444941508036283e-02
    2.500000   2.38042940  1.7675153925999502e-02
    2.500000   2.44519674  2.3044301968835543e-02
    2.500000   2.50996278  2.9751937409753362e-02
    2.500000   2.57472706  3.7965080119808585e-02
    2.500000   2.63948889  4.7770069662981196e-02
    2.500000   2.70424717  5.9108382093088191e-02
    2.500000   2.76900006  7.1703616675035262e-02
    2.500000   2.83374417  8.4997102023105384e-02
    2.500000   2.89847256  9.8121034489760811e-02
    2.500000   2.96316844  1.0994437011122699e-01
    2.500000   3.02777863  1.1921754563010885e-01
    2.500000   3.09200950  1.2481012149253852e-01
    2.550000   0.04958315  1.0278960815822494e-01
    2.550000   0.11381403  9.8237811910004663e-02
    2.550000   0.17842421  9.0678268825002586e-02
    2.550000   0.24312010  8.1018111179355978e-02
    2.550000   0.30784849  7.0267014804576255e-02
    2.550000   0.37259260  5.9346653581550494e-02
    2.550000   0.43734549  4.8971319565395348e-02
    2.550000   0.50210377  3.9606899855409557e-02
    2.550000   0.56686560  3.1489338606767121e-02
    2.550000   0.63162987  2.4674987537807502e-02
    2.550000   0.69639591  1.9099308095713276e-02
    2.550000   0.76116325  1.4629276503072171e-02
    2.550000   0.82593158  1.1103166872104430e-02
    2.550000   0.89070068  8.3570100815774286e-03
    2.550000   0.95547037  6.2398927611366454e-03
    2.550000   1.02024053  4.6211607199451070e-03
    2.550000   1.08501108  3.3924002068162333e-03
    2.550000   1.14978193  2.4664394854492892e-03
    2.550000   1.21455301  1.7749220904006878e-03
    2.550000   1.27932429  1.2654237049793972e-03
    2.550000   1.34409571  8.9866380938739430e-04
    2.550000   1.40886724  6.4608783627861401e-04
    2.550000   1.47363885  4.8793173023668296e-04
    2.550000   1.53841049  4.1179393395618472e-04
    2.550000   1.60318216  4.1170203571460869e-04
    2.550000   1.66795381  4.8765268226477981e-04
    2.550000   1.73272541  6.4561051656932683e-04
    2.550000   1.79749694  8.9796584173260161e-04
    2.550000   1.86226837  1.2644645756323839e-03
    2.550000   1.92703964  1.7736309647360989e-03
    2.550000   1.99181073  2.4646944279471889e-03
    2.550000   2.05658157  3.3899933663596735e-03
    2.550000   2.12135212  4.6177408178758863e-03
    2.550000   2.18612229  6.2348715988988146e-03
    2.550000   2.25089198  8.3494137280254802e-03
    2.550000   2.31566107  1.1091405515002099e-02
    2.550000   2.38042940  1.4610802478082037e-02
    2.550000   2.44519674  1.9070136035758738e-02
    2.550000   2.50996278  2.4629076702510508e-02
    2.550000   2.57472706  3.1417904785679657e-02
    2.550000   2.63948889  3.9497853222925504e-02
    2.550000   2.70424717  4.8809216251887694e-02
    2.550000   2.76900006  5.9113742510004362e-02
    2.550000   2.83374417  6.9945990879254738e-02
    2.550000   2.89847256  8.0596791798066017e-02
    2.550000   2.96316844  9.0155418028583678e-02
    2.550000   3.02777863  9.7628006508070478e-02
    2.550000   3.09200950  1.0212428038086700e-01
    2.600000   0.04958315  8.3889240006820423e-02
    2.600000   0.11381403  8.0237246788618113e-02
    2.600000   0.17842421  7.4159018408813546e-02
    2.600000   0.24312010  6.6367932302386648e-02
    2.600000   0.30784849  5.7665175684445076e-02
    2.600000   0.37259260  4.8790506392355715e-02
    2.600000   0.43734549  4.0325341593900645e-02
    2.600000   0.50210377  3.2656029578418184e-02
    2.600000   0.56686560  2.5984699894971743e-02
    2.600000   0.63162987  2.0367011483932711e-02
    2.600000   0.69639591  1.5758170062007932e-02
    2.600000   0.76116325  1.2055052622806017e-02
    2.600000   0.82593158  9.1288107067486329e-03
    2.600000   0.89070068  6.8469560063878906e-03
    2.600000   0.95547037  5.0864140706088981e-03
    2.600000   1.02024053  3.7399015776065979e-03
    2.600000   1.08501108  2.7179200333910282e-03
    2.600000   1.14978193  1.9481957779735532e-03
    2.600000   1.21455301  1.3738547169558156e-03
    2.600000   1.27932429  9.5115275992121409e-04
    2.600000   1.34409571  6.4723675712892925e-04
    2.600000   1.40886724  4.3818034913683265e-04
    2.600000   1.47363885  3.0739972649789388e-04
    2.600000   1.53841049  2.4447869818322755e-04
    2.600000   1.60318216  2.4439815453167137e-04
    2.600000   1.66795381  3.0715553979174449e-04
    2.600000   1.73272541  4.3776408221612073e-04
    2.600000   1.79749694  6.4663156432418021e-04
    2.600000   1.86226837  9.5032839370029064e-04
    2.600000   1.92703964  1.3727586867567339e-03
    2.600000   1.99181073  1.9467382735829486e-03
    2.600000   2.05658157  2.7159486927458122e-03
    2.600000   2.12135212  3.7371598984189416e-03
    2.600000   2.18612229  5.0824740548776719e-03
    2.600000   2.25089198  6.8411115378386187e-03
    2.600000   2.31566107  9.1199139072269033e-03
    2.600000   2.38042940  1.2041273193359743e-02
    2.600000   2.44519674  1.5736662256271738e-02
    2.600000   2.50996278  2.0333493722253144e-02
    2.600000   2.57472706  2.5933000794965314e-02
    2.600000   2.63948889  3.2577743033263717e-02
    2.600000   2.70424717  4.0209858611920536e-02
    2.600000   2.76900006  4.8625807075963250e-02
    2.600000   2.83374417  5.7439758672756178e-02
    2.600000   2.89847256  6.6073971195733827e-02
    2.600000   2.96316844  7.3796178306525323e-02
    2.600000   3.02777863  7.9815767040341434e-02
    2.600000   3.09200950  8.3430469381515965e-02
    2.650000   0.04958315  6.8366680183699069e-02
    2.650000   0.11381403  6.5436336284257421e-02
    2.650000   0.17842421  6.0549907988390321e-02
    2.650000   0.24312010  5.4269308665863825e-02
    2.650000   0.30784849  4.7230554064135143e-02
    2.650000   0.37259260  4.0026823968086531e-02
    2.650000   0.43734549  3.3130216713607226e-02
    2.650000   0.50210377  2.6859739596232137e-02
    2.650000   0.56686560  2.1387148252554718e-02
    2.650000   0.63162987  1.6765166855690475e-02
    2.650000   0.69639591  1.2963448818968519e-02
    2.650000   0.76116325  9.9023044237081248e-03
    2.650000   0.82593158  7.4792995427160882e-03
    2.650000   0.89070068  5.5875967516525130e-03
    2.650000   0.95547037  4.1270234610022542e-03
    2.650000   1.02024053  3.0096610752663859e-03
    2.650000   1.08501108  2.1617732959475196e-03
    2.650000   1.14978193  1.5235588709797199e-03
    2.650000   1.21455301  1.0477936223255969e-03
    2.650000   1.27932429  6.9805181806588336e-04
    2.650000   1.34409571  4.4691358991761970e-04
    2.650000   1.40886724  2.7437329000204214e-04
    2.650000   1.47363885  1.6654561898206137e-04
    2.650000   1.53841049  1.1470096758348937e-04
    2.650000   1.60318216  1.1463059895659602e-04
    2.650000   1.66795381  1.6633255749499667e-04
    2.650000   1.73272541  2.7401111560180753e-04
    2.650000   1.79749694  4.4638960088980671e-04
    2.650000   1.86226837  6.9734343621441941e-04
    2.650000   1.92703964  1.0468620206958031e-03
    2.650000   1.99181073  1.5223380997918638e-03
    2.650000   2.05658157  2.1601520865831953e-03
    2.650000   2.12135212  3.0074528893352503e-03
    2.650000   2.18612229  4.1239181196429300e-03
    2.650000   2.25089198  5.5830842183003070e-03
    2.650000   2.31566107  7.4725537332111262e-03
    2.650000   2.38042940  9.8920139339306826e-03
    2.650000   2.44519674  1.2947585701755400e-02
    2.650000   2.50996278  1.6740700122089305e-02
    2.650000   2.57472706  2.1349743815722078e-02
    2.650000   2.63948889  2.6803549406201999e-02
    2.650000   2.70424717  3.3047941504572138e-02
    2.650000   2.76900006  3.9910302564459071e-02
    2.650000   2.83374417  4.7072112332827432e-02
    2.650000   2.89847256  5.4063894405328099e-02
    2.650000   2.96316844  6.0297603826520982e-02
    2.650000   3.02777863  6.5144325718967319e-02
    2.650000   3.09200950  6.8049510791459766e-02
    2.700000   0.04958315  5.5633193633439659e-02
    2.700000   0.11381403  5.3282188246758351e-02
    2.700000   0.17842421  4.9355136140424541e-02
    2.700000   0.24312010  4.4295151603046874e-02
    2.700000   0.30784849  3.8607243077542278e-02
    2.700000   0.37259260  3.2766648467854279e-02
    2.700000   0.43734549  2.7155908444630783e-02
    2.700000   0.50210377  2.2037474554406904e-02
    2.700000   0.56686560  1.7556310434009337e-02
    2.700000   0.63162987  1.3760931614887189e-02
    2.700000   0.69639591  1.0631436527561331e-02
    2.700000   0.76116325  8.1064244879705503e-03
    2.700000   0.82593158  6.1046132461534475e-03
    2.700000   0.89070068  4.5400026646430745e-03
    2.700000   0.95547037  3.3312067338136533e-03
    2.700000   1.02024053  2.4063086829578216e-03
    2.700000   1.08501108  1.7046729384080817e-03
    2.700000   1.14978193  1.1769138944522906e-03
    2.700000   1.21455301  7.8389763391588385e-04
    2.700000   1.27932429  4.9535395192254179e-04
    2.700000   1.34409571  2.8844518324466149e-04
    2.700000   1.40886724  1.4647934538312158e-04
    2.700000   1.47363885  5.7855599349874561e-05
    2.700000   1.53841049  1.5273798249397962e-05
    2.700000   1.60318216  1.5212495957059720e-05
    2.700000   1.66795381  5.7670188294410929e-05
    2.700000   1.73272541  1.4616491958694262e-04
    2.700000   1.79749694  2.8799214106868380e-04
    2.700000   1.86226837  4.9474543150879147e-04
    2.700000   1.92703964  7.8310495726885323e-04
    2.700000   1.99181073  1.1758887787895822e-03
    2.700000   2.05658157  1.7033344503891950e-03
    2.700000   2.12135212  2.4045217704177918e-03
    2.700000   2.18612229  3.3287476162055102e-03
    2.700000   2.25089198  4.5365044953642611e-03
    2.700000   2.31566107  6.0994837531779620e-03
    2.700000   2.38042940  8.0987269919444074e-03
    2.700000   2.44519674  1.0619729342230386e-02
    2.700000   2.50996278  1.3743072515876188e-02
    2.700000   2.57472706  1.7529257910618982e-02
    2.700000   2.63948889  2.1997159391458406e-02
    2.700000   2.70424717  2.7097302492295316e-02
    2.700000   2.76900006  3.2684197692087802e-02
    2.700000   2.83374417  3.8495808941531963e-02
    2.700000   2.89847256  4.4151457901266698e-02
    2.700000   2.96316844  4.9179430847848128e-02
    2.700000   3.02777863  5.3079505188973655e-02
    2.700000   3.09200950  5.5413472523474679e-02
    2.750000   0.04958315  4.5200303295839170e-02
    2.750000   0.11381403  4.3314631155611877e-02
    2.750000   0.17842421  4.0159996378785291e-02
    2.750000   0.24312010  3.6086114821750274e-02
    2.750000   0.30784849  3.1494006824219725e-02
    2.750000   0.37259260  2.6764118702384397e-02
    2.750000   0.43734549  2.2205865016168270e-02
    2.750000   0.50210377  1.8034494110865336e-02
    2.750000   0.56686560  1.4371654570598653e-02
    2.750000   0.63162987  1.1261039593452741e-02
    2.750000   0.69639591  8.6901919456383019e-03
    2.750000   0.76116325  6.6119301846482050e-03
    2.750000   0.82593158  4.9618607175398646e-03
    2.750000   0.89070068  3.6708652400240399e-03
    2.750000   0.95547037  2.6729292640422643e-03
    2.750000   1.02024053  1.9093264522772446e-03
    2.750000   1.08501108  1.3302839068670552e-03
    2.750000   1.14978193  8.9509381741386220e-04
    2.750000   1.21455301  5.7138942536643126e-04
    2.750000   1.27932429  3.3406627373490019e-04
    2.750000   1.34409571  1.6414245239405087e-04
    2.750000   1.40886724  4.7720312852534654e-05
    2.750000   1.47363885 -2.4871372950294900e-05
    2.750000   1.53841049 -5.9723924223231608e-05
    2.750000   1.60318216 -5.9777188256381818e-05
    2.750000   1.66795381 -2.5032329611250207e-05
    2.750000   1.73272541  4.7447893629824830e-05
    2.750000   1.79749694  1.6375128521469034e-04
    2.750000   1.86226837  3.3354374836277502e-04
    2.750000   1.92703964  5.7071438102755841e-04
    2.750000   1.99181073  8.9423101028080496e-04
    2.750000   2.05658157  1.3291747210532332e-03
    2.750000   2.12135212  1.9078735969590727e-03
    2.750000   2.18612229  2.6709721162007909e-03
    2.750000   2.25089198  3.6681412258284863e-03
    2.750000   2.31566107  4.9579470487114297e-03
    2.750000   2.38042940  6.6061602974414203e-03
    2.750000   2.44519674  8.6815439204273141e-03
    2.750000   2.50996278  1.1248002505770714e-02
    2.750000   2.57472706  1.4352096515683104e-02
    2.750000   2.63948889  1.8005584280299639e-02
    2.750000   2.70424717  2.2164137009623400e-02
    2.750000   2.76900006  2.6705785623586022e-02
    2.750000   2.83374417  3.1415617229463365e-02
    2.750000   2.89847256  3.5985535029803756e-02
    2.750000   2.96316844  4.0037513928310786e-02
    2.750000   3.02777863  4.3173769158666282e-02
    2.750000   3.09200950  4.5047867271018463e-02
    2.800000   0.04958315  3.6662833149048960e-02
    2.800000   0.11381403  3.5151008636498872e-02
    2.800000   0.17842421  3.2618244371935723e-02
    2.800000   0.24312010  2.9340702103167769e-02
    2.800000   0.30784849  2.5636820145153554e-02
    2.800000   0.37259260  2.1810932916343870e-02
    2.800000   0.43734549  1.8112904082931525e-02
    2.800000   0.50210377  1.4718779769265576e-02
    2.800000   0.56686560  1.1730131220719479e-02
    2.800000   0.63162987  9.1856561680157493e-03
    2.800000   0.69639591  7.0781118850243773e-03
    2.800000   0.76116325  5.3713321354285125e-03
    2.800000   0.82593158  4.0143734178722489e-03
    2.800000   0.89070068  2.9517624212018010e-03
    2.800000   0.95547037  2.1300332224736302e-03
    2.800000   1.02024053  1.5013081395683409e-03
    2.800000   1.08501108  1.0248013704893539e-03
    2.800000   1.14978193  6.6701922373392432e-04
    2.800000   1.21455301  4.0124309706673932e-04
    2.800000   1.27932429  2.0669426983962400e-04
    2.800000   1.34409571  6.7628281652475428e-05
    2.800000   1.40886724 -2.7501236641794766e-05
    2.800000   1.47363885 -8.6739181537725117e-05
    2.800000   1.53841049 -1.1515685714556138e-04
    2.800000   1.60318216 -1.1520302581958760e-04
    2.800000   1.66795381 -8.6878596385018211e-05
    2.800000   1.73272541 -2.7736814981525323e-05
    2.800000   1.79749694  6.7290983621570019e-05
    2.800000   1.86226837  2.0624579805015309e-04
    2.800000   1.92703964  4.0066784307012928e-04
    2.800000   1.99181073  6.6629153445919831e-04
    2.800000   2.05658157  1.0238789889556762e-03
    2.800000   2.12135212  1.5001213688592466e-03
    2.800000   2.18612229  2.1284674481926902e-03
    2.800000   2.25089198  2.9496307658207544e-03
    2.800000   2.31566107  4.0113756212222526e-03
    2.800000   2.38042940  5.3669959346071940e-03
    2.800000   2.44519674  7.0717154756596680e-03
    2.800000   2.50996278  9.1761367060693641e-03
    2.800000   2.57472706  1.1715996923357024e-02
    2.800000   2.63948889  1.4698062763642961e-02
    2.800000   2.70424717  1.8083213890693273e-02
    2.800000   2.76900006  2.1769683847604516e-02
    2.800000   2.83374417  2.5581687710007253e-02
    2.800000   2.89847256  2.9270290982896869e-02
    2.800000   2.96316844  3.2532823770473701e-02
    2.800000   3.02777863  3.5053040751935202e-02
    2.800000   3.09200950  3.6556984364811737e-02
    2.850000   0.04958315  2.9685033661851830e-02
    2.850000   0.11381403  2.8473569795237789e-02
    2.850000   0.17842421  2.6441387476941705e-02
    2.850000   0.24312010  2.3806648823186009e-02
    2.850000   0.30784849  2.0822188395442906e-02
    2.850000   0.37259260  1.7731277703954586e-02
    2.850000   0.43734549  1.4735390571754353e-02
    2.850000   0.50210377  1.1978148052196987e-02
    2.850000   0.56686560  9.5439774686763637e-03
    2.850000   0.63162987  7.4666922901322390e-03
    2.850000   0.69639591  5.7426233739544530e-03
    2.850000   0.76116325  4.3441085292115853e-03
    2.850000   0.82593158  3.2308915525633801e-03
    2.850000   0.89070068  2.3585048950999087e-03
    2.850000   0.95547037  1.6837056715875288e-03
    2.850000   1.02024053  1.1675205786843609e-03
    2.850000   1.08501108  7.7658394411213229e-04
    2.850000   1.14978193  4.8338707038077331e-04
    2.850000   1.21455301  2.6591580749424934e-04
    2.850000   1.27932429  1.0700622458936434e-04
    2.850000   1.34409571 -6.3735370215983411e-06
    2.850000   1.40886724 -8.3795549359520798e-05
    2.850000   1.47363885 -1.3193690361584109e-04
    2.850000   1.53841049 -1.5501004943227809e-04
    2.850000   1.60318216 -1.5504997968448792e-04
    2.850000   1.66795381 -1.3205741026318019e-04
    2.850000   1.73272541 -8.3998909136381972e-05
    2.850000   1.79749694 -6.6640154855649128e-06
    2.850000   1.86226837  1.0662151256378800e-04
    2.850000   1.92703964  2.6542534315583379e-04
    2.850000   1.99181073  4.8277223010692306e-04
    2.850000   2.05658157  7.7581441485073579e-04
    2.850000   2.12135212  1.1665467465082279e-03
    2.850000   2.18612229  1.6824463090963184e-03
    2.850000   2.25089198  2.3568278838583027e-03
    2.850000   2.31566107  3.2285849468628490e-03
    2.850000   2.38042940  4.3408394910866080e-03
    2.850000   2.44519674  5.7378842867212660e-03
    2.850000   2.50996278  7.4597380097327012e-03
    2.850000   2.57472706  9.5337665683143599e-03
    2.850000   2.63948889  1.1963314316068304e-02
    2.850000   2.70424717  1.4714285869446776e-02
    2.850000   2.76900006  1.7702134915149405e-02
    2.850000   2.83374417  2.0783438515326998e-02
    2.850000   2.89847256  2.3757375753000892e-02
    2.850000   2.96316844  2.6381819644164188e-02
    2.850000   3.02777863  2.8405424830128992e-02
    2.850000   3.09200950  2.9611513716500601e-02
    2.900000   0.04958315  2.3989049726118154e-02
    2.900000   0.11381403  2.3018884645886951e-02
    2.900000   0.17842421  2.1389549129301102e-02
    2.900000   0.24312010  1.9273426513382843e-02
    2.900000   0.30784849  1.6871223975787955e-02
    2.900000   0.37259260  1.4377258599769165e-02
    2.900000   0.43734549  1.1953756037483805e-02
    2.900000   0.50210377  9.7176095752662672e-03
    2.900000   0.56686560  7.7387091958361215e-03
    2.900000   0.63162987  6.0462693740393455e-03
    2.900000   0.69639591  4.6390002444635344e-03
    2.900000   0.76116325  3.4957836872091391e-03
    2.900000   0.82593158  2.5848384421560838e-03
    2.900000   0.89070068  1.8705575529940404e-03
    2.900000   0.95547037  1.3180112139911709e-03
    2.900000   1.02024053  8.9552094612896729e-04
    2.900000   1.08501108  5.7583574309051557e-04
    2.900000   1.14978193  3.3640254045944339e-04
    2.900000   1.21455301  1.5911787241450318e-04
    2.900000   1.27932429  2.9832438935797788e-05
    2.900000   1.34409571 -6.2217402088224428e-05
    2.900000   1.40886724 -1.2494938276998767e-04
    2.900000   1.47363885 -1.6389261631388711e-04
    2.900000   1.53841049 -1.8253791460340837e-04
    2.900000   1.60318216 -1.8257237928960972e-04
    2.900000   1.66795381 -1.6399658026661839e-04
    2.900000   1.73272541 -1.2512464043419778e-04
    2.900000   1.79749694 -6.2467255200028776e-05
    2.900000   1.86226837  2.9502607135191737e-05
    2.900000   1.92703964  1.5869954749723702e-04
    2.900000   1.99181073  3.3588223181936857e-04
    2.900000   2.05658157  5.7519182068335901e-04
    2.900000   2.12135212  8.9471834716800384e-04
    2.900000   2.18612229  1.3169928339005360e-03
    2.900000   2.25089198  1.8692307287368904e-03
    2.900000   2.31566107  2.5830546615100750e-03
    2.900000   2.38042940  3.4933098739697846e-03
    2.900000   2.44519674  4.6354813130576157e-03
    2.900000   2.50996278  6.0411851176748813e-03
    2.900000   2.57472706  7.7313348390483476e-03
    2.900000   2.63948889  9.7069984914950509e-03
    2.900000   2.70424717  1.1938772883472688e-02
    2.900000   2.76900006  1.4356695271539106e-02
    2.900000   2.83374417  1.6844019559106964e-02
    2.900000   2.89847256  1.9238977201465023e-02
    2.900000   2.96316844  2.1348037809625593e-02
    2.900000   3.02777863  2.2971506758079154e-02
    2.900000   3.09200950  2.3938002784015092e-02
    2.950000   0.04958315  1.9345264797265768e-02
    2.950000   0.11381403  1.8568916698145223e-02
    2.950000   0.17842421  1.7263672033976253e-02
    2.950000   0.24312010  1.5565753879945502e-02
    2.950000   0.30784849  1.3634444215401709e-02
    2.950000   0.37259260  1.1624837952098403e-02
    2.950000   0.43734549  9.6673778156102525e-03
    2.950000   0.50210377  7.8569904671828752e-03
    2.950000   0.56686560  6.2513113557540294e-03
    2.950000   0.63162987  4.8753384138832175e-03
    2.950000   0.69639591  3.7293028544666059e-03
    2.950000   0.76116325  2.7971067725737599e-03
    2.950000   0.82593158  2.0536775321718641e-03
    2.950000   0.89070068  1.4705300015608385e-03
    2.950000   0.95547037  1.0194830084195570e-03
    2.950000   1.02024053  6.7482392278568604e-04
    2.950000   1.08501108  4.1433157972835895e-04
    2.950000   1.14978193  2.1954864118788105e-04
    2.950000   1.21455301  7.5616314098107471e-05
    2.950000   1.27932429 -2.9105475859005998e-05
    2.950000   1.34409571 -1.0348750655431630e-04
    2.950000   1.40886724 -1.5406407871282590e-04
    2.950000   1.47363885 -1.8540280309083332e-04
    2.950000   1.53841049 -2.0038940598954567e-04
    2.950000   1.60318216 -2.0041909757809740e-04
    2.950000   1.66795381 -1.8549233678656597e-04
    2.950000   1.73272541 -1.5421488464110092e-04
    2.950000   1.79749694 -1.0370216561605522e-04
    2.950000   1.86226837 -2.9388090197362546e-05
    2.950000   1.92703964  7.5259431547245400e-05
    2.950000   1.99181073  2.1910773345651952e-04
    2.950000   2.05658157  4.1379129942614333e-04
    2.950000   2.12135212  6.7415969723280298e-04
    2.950000   2.18612229  1.0186550762524178e-03
    2.950000   2.25089198  1.4694739983072322e-03
    2.950000   2.31566107  2.0522903240657972e-03
    2.950000   2.38042940  2.7952264242585454e-03
    2.950000   2.44519674  3.7266826163780339e-03
    2.950000   2.50996278  4.8716170429141253e-03
    2.950000   2.57472706  6.2459864890345553e-03
    2.950000   2.63948889  7.8494080491049358e-03
    2.950000   2.70424717  9.6567569881262066e-03
    2.950000   2.76900006  1.1610353042297090e-02
    2.950000   2.83374417  1.3615376990640650e-02
    2.950000   2.89847256  1.5541704832938661e-02
    2.950000   2.96316844  1.7234781851789865e-02
    2.950000   3.02777863  1.8536014908772751e-02
    2.950000   3.09200950  1.9309858356439009e-02
    3.000000   0.04958315  1.5564196131535297e-02
    3.000000   0.11381403  1.4943488118042006e-02
    3.000000   0.17842421  1.3898878408841988e-02
    3.000000   0.24312010  1.2538010309551720e-02
    3.000000   0.30784849  1.0987242782426198e-02
    3.000000   0.37259260  9.3702640843067505e-03
    3.000000   0.43734549  7.7918154426201312e-03
    3.000000   0.50210377  6.3288166529292811e-03
    3.000000   0.56686560  5.0286254827063524e-03
    3.000000   0.63162987  3.9124503341284502e-03
    3.000000   0.69639591  2.9814361697281929e-03
    3.000000   0.76116325  2.2233248426853677e-03
    3.000000   0.82593158  1.6183458421823863e-03
    3.000000   0.89070068  1.1437299400412721e-03
    3.000000   0.95547037  7.7676621655174032e-04
    3.000000   1.02024053  4.9661317062906234e-04
    3.000000   1.08501108  2.8518010764524320e-04
    3.000000   1.14978193  1.2738873132581166e-04
    3.000000   1.21455301  1.1067389935264087e-05
    3.000000   1.27932429 -7.3339401432420505e-05
    3.000000   1.34409571 -1.3312587534792299e-04
    3.000000   1.40886724 -1.7367175627187794e-04
    3.000000   1.47363885 -1.9874097505211220e-04
    3.000000   1.53841049 -2.1071294586943502e-04
    3.000000   1.60318216 -2.1073848129482967e-04
    3.000000   1.66795381 -1.9881795541729360e-04
    3.000000   1.73272541 -1.7380133517727351e-04
    3.000000   1.79749694 -1.3331009313235196e-04
    3.000000   1.86226837 -7.3581412289001969e-05
    3.000000   1.92703964  1.0762882710136416e-05
    3.000000   1.99181073  1.2701467554165107e-04
    3.000000   2.05658157  2.8472567817082879e-04
    3.000000   2.12135212  4.9606131419350130e-04
    3.000000   2.18612229  7.7608956988387727e-04
    3.000000   2.25089198  1.1428843271503936e-03
    3.000000   2.31566107  1.6172604378541580e-03
    3.000000   2.38042940  2.2218882386128955e-03
    3.000000   2.44519674  2.9794783142371058e-03
    3.000000   2.50996278  3.9097220558158884e-03
    3.000000   2.57472706  5.0247804018231290e-03
    3.000000   2.63948889  6.3234045914343255e-03
    3.000000   2.70424717  7.7843006733680003e-03
    3.000000   2.76900006  9.3600829070197983e-03
    3.000000   2.83374417  1.0973908654584502e-02
    3.000000   2.89847256  1.2521257875425778e-02
    3.000000   2.96316844  1.3878812586765283e-02
    3.000000   3.02777863  1.4920682330326795e-02
    3.000000   3.09200950  1.5539682073710061e-02
    3.050000   0.04958315  1.2489693551978339e-02
    3.050000   0.11381403  1.1993929449057304e-02
    3.050000   0.17842421  1.1158834673659794e-02
    3.050000   0.24312010  1.0069453422059471e-02
    3.050000   0.30784849  8.8259779539474493e-03
    3.050000   0.37259260  7.5269615871226461e-03
    3.050000   0.43734549  6.2563882262291533e-03
    3.050000   0.50210377  5.0764510365150610e-03
    3.050000   0.56686560  4.0259266250660519e-03
    3.050000   0.63162987  3.1226703375654796e-03
    3.050000   0.69639591  2.3683191423947967e-03
    3.050000   0.76116325  1.7535433903263845e-03
    3.050000   0.82593158  1.2627573371649860e-03
    3.050000   0.89070068  8.7777331840098373e-04
    3.050000   0.95547037  5.8030826821963929e-04
    3.050000   1.02024053  3.5349198267809378e-04
    3.050000   1.08501108  1.8262021411206660e-04
    3.050000   1.14978193  5.5397676108605617e-05
    3.050000   1.21455301 -3.8125854789461163e-05
    3.050000   1.27932429 -1.0577727600789593e-04
    3.050000   1.34409571 -1.5354026473051878e-04
    3.050000   1.40886724 -1.8583287637239163e-04
    3.050000   1.47363885 -2.0574864105401037e-04
    3.050000   1.53841049 -2.1524418333861267e-04
    3.050000   1.60318216 -2.1526610952369207e-04
    3.050000   1.66795381 -2.0581472833142885e-04
    3.050000   1.73272541 -1.8594406709792664e-04
    3.050000   1.79749694 -1.5369819218187988e-04
    3.050000   1.86226837 -1.0598439209286929e-04
    3.050000   1.92703964 -3.8385687966281287e-05
    3.050000   1.99181073  5.5080024921173416e-05
    3.050000   2.05658157  1.8223715617785512e-04
    3.050000   2.12135212  3.5303181956574580e-04
    3.050000   2.18612229  5.7975244092977739e-04
    3.050000   2.25089198  8.7709196331796715e-04
    3.050000   2.31566107  1.2619025026589016e-03
    3.050000   2.38042940  1.7524393811547587e-03
    3.050000   2.44519674  2.3668499917592714e-03
    3.050000   2.50996278  3.1206656465640531e-03
    3.050000   2.57472706  4.0231491786266666e-03
    3.050000   2.63948889  5.0725925641805329e-03
    3.050000   2.70424717  6.2510824809338776e-03
    3.050000   2.76900006  7.5198244777979440e-03
    3.050000   2.83374417  8.8166799074532506e-03
    3.050000   2.89847256  1.0057817494464657e-02
    3.050000   2.96316844  1.1144937038064058e-02
    3.050000   3.02777863  1.1978164556098679e-02
    3.050000   3.09200950  1.2472765804436448e-02
    3.100000   0.04958315  9.9932411802104420e-03
    3.100000   0.11381403  9.5977406790993501e-03
    3.100000   0.17842421  8.9309866019580669e-03
    3.100000   0.24312010  8.0601466259209824e-03
    3.100000   0.30784849  7.0646164881867013e-03
    3.100000   0.37259260  6.0228443723638371e-03
    3.100000   0.43734549  5.0020696660865050e-03
    3.100000   0.50210377  4.0524671690326071e-03
    3.100000   0.56686560  3.2056775141126167e-03
    3.100000   0.63162987  2.4766263873802425e-03
    3.100000   0.69639591  1.8671569538889201e-03
    3.100000   0.76116325  1.3701669680908366e-03
    3.100000   0.82593158  9.7336964575994700e-04
    3.100000   0.89070068  6.6224541393191218e-04
    3.100000   0.95547037  4.2209070562641338e-04
    3.100000   1.02024053  2.3926841117162545e-04
    3.100000   1.08501108  1.0184643704386530e-04
    3.100000   1.14978193 -1.8218970417256367e-07
    3.100000   1.21455301 -7.4934489126427428e-05
    3.100000   1.27932429 -1.2880661795490244e-04
    3.100000   1.34409571 -1.6669490147865800e-04
    3.100000   1.40886724 -1.9221799069137180e-04
    3.100000   1.47363885 -2.0791132959001898e-04
    3.100000   1.53841049 -2.1537922930103462e-04
    3.100000   1.60318216 -2.1539802898605374e-04
    3.100000   1.66795381 -2.0796798652675136e-04
    3.100000   1.73272541 -1.9231328452152334e-04
    3.100000   1.79749694 -1.6683015714428223e-04
    3.100000   1.86226837 -1.2898376575595774e-04
    3.100000   1.92703964 -7.5156200959601468e-05
    3.100000   1.99181073 -4.5216474887147335e-07
    3.100000   2.05658157  1.0152291136333209e-04
    3.100000   2.12135212  2.3888342099613933e-04
    3.100000   2.18612229  4.2163189524305363e-04
    3.100000   2.25089198  6.6169299044134880e-04
    3.100000   2.31566107  9.7269174194768973e-04
    3.100000   2.38042940  1.3693129835117472e-03
    3.100000   2.44519674  1.8660488757265366e-03
    3.100000   2.50996278  2.4751489721611189e-03
    3.100000   2.57472706  3.2036697312388829e-03
    3.100000   2.63948889  4.0497193451335392e-03
    3.100000   2.70424717  4.9983326411138611e-03
    3.100000   2.76900006  6.0178572360770812e-03
    3.100000   2.83374417  7.0581561856105706e-03
    3.100000   2.89847256  8.0520946920143183e-03
    3.100000   2.96316844  8.9213969358785256e-03
    3.100000   3.02777863  9.5868829220892172e-03
    3.100000   3.09200950  9.9815943506321222e-03
    3.150000   0.04958315  7.9691937155962830e-03
    3.150000   0.11381403  7.6541150639183562e-03
    3.150000   0.17842421  7.1225454363637360e-03
    3.150000   0.24312010  6.4275079019235392e-03
    3.150000   0.30784849  5.6318709386163407e-03
    3.150000   0.37259260  4.7980093359998952e-03
    3.150000   0.43734549  3.9796701483411773e-03
    3.150000   0.50210377  3.2172394457446814e-03
    3.150000   0.56686560  2.5364453376951336e-03
    3.150000   0.63162987  1.9496805261136566e-03
    3.150000   0.69639591  1.4588070122997340e-03
    3.150000   0.76116325  1.0584123167685939e-03
    3.150000   0.82593158  7.3880768501920376e-04
    3.150000   0.89070068  4.8840727373847346e-04
    3.150000   0.95547037  2.9539776774171257e-04
    3.150000   1.02024053  1.4877061935893130e-04
    3.150000   1.08501108  3.8859634535822793e-05
    3.150000   1.14978193 -4.2463663841229576e-05
    3.150000   1.21455301 -1.0180609928632597e-04
    3.150000   1.27932429 -1.4438179037818875e-04
    3.150000   1.34409571 -1.7418663625085832e-04
    3.150000   1.40886724 -1.9417609671385942e-04
    3.150000   1.47363885 -2.0642198365570125e-04
    3.150000   1.53841049 -2.1223563981158836e-04
    3.150000   1.60318216 -2.1225173742917493e-04
    3.150000   1.66795381 -2.0647049440360735e-04
    3.150000   1.73272541 -1.9425767362488285e-04
    3.150000   1.79749694 -1.7430236888179901e-04
    3.150000   1.86226837 -1.4453321998484061e-04
    3.150000   1.92703964 -1.0199527332424422e-04
    3.150000   1.99181073 -4.2693278708503541e-05
    3.150000   2.05658157  3.8585916084041548e-05
    3.150000   2.12135212  1.4844753454820210e-04
    3.150000   2.18612229  2.9501729058980223e-04
    3.150000   2.25089198  4.8795663334225093e-04
    3.150000   2.31566107  7.3826623146475406e-04
    3.150000   2.38042940  1.0577469570171865e-03
    3.150000   2.44519674  1.4579662081645013e-03
    3.150000   2.50996278  1.9485874672437568e-03
    3.150000   2.57472706  2.5349919665980962e-03
    3.150000   2.63948889  3.2152844195706171e-03
    3.150000   2.70424717  3.9770450816378746e-03
    3.150000   2.76900006  4.7945377764453826e-03
    3.150000   2.83374417  5.6274021959123281e-03
    3.150000   2.89847256  6.4219623328562103e-03
    3.150000   2.96316844  7.1159601527543926e-03
    3.150000   3.02777863  7.6466729057189679e-03
    3.150000   3.09200950  7.9612186162430123e-03
    3.200000   0.04958315  6.3308034143888811e-03
    3.200000   0.11381403  6.0801967703257810e-03
    3.200000   0.17842421  5.6571183407131400e-03
    3.200000   0.24312010  5.1033975041262442e-03
    3.200000   0.30784849  4.4687700988539168e-03
    3.200000   0.37259260  3.8027678087700816e-03
    3.200000   0.43734549  3.1482777813083224e-03
    3.200000   0.50210377  2.5377283772525590e-03
    3.200000   0.56686560  1.9919654286495885e-03
    3.200000   0.63162987  1.5212111642208387e-03
    3.200000   0.69639591  1.1272294222897973e-03
    3.200000   0.76116325  8.0588652201654426e-04
    3.200000   0.82593158  5.4953802504395272e-04
    3.200000   0.89070068  3.4894233827024377e-04
    3.200000   0.95547037  1.9461728766218597e-04
    3.200000   1.02024053  7.7688627275949762e-05
    3.200000   1.08501108 -9.6604443085183512e-06
    3.200000   1.14978193 -7.4018809109870583e-05
    3.200000   1.21455301 -1.2075134701501576e-04
    3.200000   1.27932429 -1.5409741476475890e-04
    3.200000   1.34409571 -1.7730872830606269e-04
    3.200000   1.40886724 -1.9279167639543835e-04
    3.200000   1.47363885 -2.0223371441935274e-04
    3.200000   1.53841049 -2.0670308823810373e-04
    3.200000   1.60318216 -2.0671685565158023e-04
    3.200000   1.66795381 -2.0227520270353709e-04
    3.200000   1.73272541 -1.9286143888734981e-04
    3.200000   1.79749694 -1.7740767308387830e-04
    3.200000   1.86226837 -1.5422679110663935e-04
    3.200000   1.92703964 -1.2091274658880807e-04
    3.200000   1.99181073 -7.4214213750410632e-05
    3.200000   2.05658157 -9.8923790272938355e-06
    3.200000   2.12135212  7.7416737218620642e-05
    3.200000   2.18612229  1.9430040378868687e-04
    3.200000   2.25089198  3.4857253131098567e-04
    3.200000   2.31566107  5.4910238846020139e-04
    3.200000   2.38042940  8.0536406849674889e-04
    3.200000   2.44519674  1.1265869431105070e-03
    3.200000   2.50996278  1.5203984672696941e-03
    3.200000   2.57472706  1.9909111155386717e-03
    3.200000   2.63948889  2.5363382957145036e-03
    3.200000   2.70424717  3.1464391449883386e-03
    3.200000   2.76900006  3.8003620176304499e-03
    3.200000   2.83374417  4.4656956544028665e-03
    3.200000   2.89847256  5.0996006321959190e-03
    3.200000   2.96316844  5.6526237908992088e-03
    3.200000   3.02777863  6.0751272279915159e-03
    3.200000   3.09200950  6.3253762751769738e-03
    3.250000   0.04958315  5.0069142220187457e-03
    3.250000   0.11381403  4.8079602987075925e-03
    3.250000   0.17842421  4.4718886520495119e-03
    3.250000   0.24312010  4.0316696164860930e-03
    3.250000   0.30784849  3.5266059492565535e-03
    3.250000   0.37259260  2.9959733644542991e-03
    3.250000   0.43734549  2.4739275043245590e-03
    3.250000   0.50210377  1.9864393699720361e-03
    3.250000   0.56686560  1.5503360731498293e-03
    3.250000   0.63162987  1.1739945061959528e-03
    3.250000   0.69639591  8.5901283072890530e-04
    3.250000   0.76116325  6.0222302204187834e-04
    3.250000   0.82593158  3.9758819472498125e-04
    3.250000   0.89070068  2.3773846243941763e-04
    3.250000   0.95547037  1.1506988580364454e-04
    3.250000   1.02024053  2.2439025227065767e-05
    3.250000   1.08501108 -4.6463650429981473e-05
    3.250000   1.14978193 -9.6967213146367413e-05
    3.250000   1.21455301 -1.3341698947712957e-04
    3.250000   1.27932429 -1.5925001144935868e-04
    3.250000   1.34409571 -1.7710416466109387e-04
    3.250000   1.40886724 -1.8893219458705480e-04
    3.250000   1.47363885 -1.9610360701380751e-04
    3.250000   1.53841049 -1.9948537866624623e-04
    3.250000   1.60318216 -1.9949714064855975e-04
    3.250000   1.66795381 -1.9613905327982206e-04
    3.250000   1.73272541 -1.8899179890863790e-04
    3.250000   1.79749694 -1.7718869351809730e-04
    3.250000   1.86226837 -1.5936049311499956e-04
    3.250000   1.92703964 -1.3355468191650092e-04
    3.250000   1.99181073 -9.7133590736231829e-05
    3.250000   2.05658157 -4.6660448651549862e-05
    3.250000   2.12135212  2.2209638493004277e-05
    3.250000   2.18612229  1.1480490411402499e-04
    3.250000   2.25089198  2.3743324797078334e-04
    3.250000   2.31566107  3.9723511766659236e-04
    3.250000   2.38042940  6.0180937220347054e-04
    3.250000   2.44519674  8.5851797024072050e-04
    3.250000   2.50996278  1.1733865365196590e-03
    3.250000   2.57472706  1.5495688104988849e-03
    3.250000   2.63948889  1.9854511024751686e-03
    3.250000   2.70424717  2.4726435929648760e-03
    3.250000   2.76900006  2.9943147667617119e-03
    3.250000   2.83374417  3.5245046061739408e-03
    3.250000   2.89847256  4.0290890591049792e-03
    3.250000   2.96316844  4.4688447173792762e-03
    3.250000   3.02777863  4.8045341735618256e-03
    3.250000   3.09200950  5.0032503068554749e-03
    3.300000   0.04958315  3.9392170030459394e-03
    3.300000   0.11381403  3.7816146626331293e-03
    3.300000   0.17842421  3.5152628406505031e-03
    3.300000   0.24312010  3.1661207808300275e-03
    3.300000   0.30784849  2.7652052288947514e-03
    3.300000   0.37259260  2.3436072150399526e-03
    3.300000   0.43734549  1.9284700223305767e-03
    3.300000   0.50210377  1.5405342449322445e-03
    3.300000   0.56686560  1.1933291731396776e-03
    3.300000   0.63162987  8.9367372476536631e-04
    3.300000   0.69639591  6.4296697759655571e-04
    3.300000   0.76116325  4.3876871662059254e-04
    3.300000   0.82593158  2.7630555561431179e-04
    3.300000   0.89070068  1.4970096682256461e-04
    3.300000   0.95547037  5.2862840849629999e-05
    3.300000   1.02024053 -1.9950393576615729e-05
    3.300000   1.08501108 -7.3821596417704053e-05
    3.300000   1.14978193 -1.1305064056641069e-04
    3.300000   1.21455301 -1.4114735694119998e-04
    3.300000   1.27932429 -1.6088965419027248e-04
    3.300000   1.34409571 -1.7441014233348273e-04
    3.300000   1.40886724 -1.8328757131803565e-04
    3.300000   1.47363885 -1.8862901811662352e-04
    3.300000   1.53841049 -1.9113520356777783e-04
    3.300000   1.60318216 -1.9114524294358258e-04
    3.300000   1.66795381 -1.8865927548407984e-04
    3.300000   1.73272541 -1.8333845602131843e-04
    3.300000   1.79749694 -1.7448230883499084e-04
    3.300000   1.86226837 -1.6098396162135688e-04
    3.300000   1.92703964 -1.4126481762442988e-04
    3.300000   1.99181073 -1.1319236937812495e-04
    3.300000   2.05658157 -7.3988786552994662e-05
    3.300000   2.12135212 -2.0144366061031235e-05
    3.300000   2.18612229  5.2640436559980187e-05
    3.300000   2.25089198  1.4944768990584646e-04
    3.300000   2.31566107  2.7601731246332728e-04
    3.300000   2.38042940  4.3843837503350363e-04
    3.300000   2.44519674  6.4258241721638811e-04
    3.300000   2.50996278  8.9321549553086899e-04
    3.300000   2.57472706  1.1927682977943429e-03
    3.300000   2.63948889  1.5398311768185739e-03
    3.300000   2.70424717  1.9275761803363872e-03
    3.300000   2.76900006  2.3424705304052724e-03
    3.300000   2.83374417  2.7637803578742649e-03
    3.300000   2.89847256  3.1643828786228042e-03
    3.300000   2.96316844  3.5132214532335505e-03
    3.300000   3.02777863  3.7793225153953613e-03
    3.300000   3.09200950  3.9367686742253988e-03
    3.350000   0.04958315  3.0799751380534129e-03
    3.350000   0.11381403  2.9554487641966364e-03
    3.350000   0.17842421  2.7449117968386134e-03
    3.350000   0.24312010  2.4687756991405452e-03
    3.350000   0.30784849  2.1514790042226474e-03
    3.350000   0.37259260  1.8175857730815602e-03
    3.350000   0.43734549  1.4886142154855045e-03
    3.350000   0.50210377  1.1810760685215858e-03
    3.350000   0.56686560  9.0580242233293722e-04
    3.350000   0.63162987  6.6830519418320782e-04
    3.350000   0.69639591  4.6977385991682334e-04
    3.350000   0.76116325  3.0831593335741428e-04
    3.350000   0.82593158  1.8015082655668954e-04
    3.350000   0.89070068  8.0592767281648282e-05
    3.350000   0.95547037  4.7654015488473051e-06
    3.350000   1.02024053 -5.1938779978357370e-05
    3.350000   1.08501108 -9.3605776058708326e-05
    3.350000   1.14978193 -1.2369604707640865e-04
    3.350000   1.21455301 -1.4503601134302277e-04
    3.350000   1.27932429 -1.5986317202968479e-04
    3.350000   1.34409571 -1.6989510372630929e-04
    3.350000   1.40886724 -1.7640291523275865e-04
    3.350000   1.47363885 -1.8027758611003663e-04
    3.350000   1.53841049 -1.8208283385324578e-04
    3.350000   1.60318216 -1.8209139626023635e-04
    3.350000   1.66795381 -1.8030339504673229e-04
    3.350000   1.73272541 -1.7644632708387206e-04
    3.350000   1.79749694 -1.6995668297639508e-04
    3.350000   1.86226837 -1.5994364659016117e-04
    3.350000   1.92703964 -1.4513621120736982e-04
    3.350000   1.99181073 -1.2381683265983315e-04
    3.350000   2.05658157 -9.3747972384603591e-05
    3.350000   2.12135212 -5.2103149098128631e-05
    3.350000   2.18612229  4.5780945357861673e-06
    3.350000   2.25089198  8.0381512390383610e-05
    3.350000   2.31566107  1.7991384750846247e-04
    3.350000   2.38042940  3.0804978548802544e-04
    3.350000   2.44519674  4.6947210287171925e-04
    3.350000   2.50996278  6.6795674023729034e-04
    3.350000   2.57472706  9.0538991591948440e-04
    3.350000   2.63948889  1.1805749869109160e-03
    3.350000   2.70424717  1.4879936715920187e-03
    3.350000   2.76900006  1.8168120182000429e-03
    3.350000   2.83374417  2.1505221012232574e-03
    3.350000   2.89847256  2.4676186454148669e-03
    3.350000   2.96316844  2.7435597986869053e-03
    3.350000   3.02777863  2.9539351733578563e-03
    3.350000   3.09200950  3.0783607067157515e-03
    3.400000   0.04958315  2.3901432182565638e-03
    3.400000   0.11381403  2.2920464232890066e-03
    3.400000   0.17842421  2.1261439167267176e-03
    3.400000   0.24312010  1.9084584961540846e-03
    3.400000   0.30784849  1.6582089424315900e-03
    3.400000   0.37259260  1.3947586035681120e-03
    3.400000   0.43734549  1.1351191100291602e-03
    3.400000   0.50210377  8.9238951320370409e-04
    3.400000   0.56686560  6.7519980500652902e-04
    3.400000   0.63162987  4.8797194190918549e-04
    3.400000   0.69639591  3.3169007951338458e-04
    3.400000   0.76116325  2.0487355170117509e-04
    3.400000   0.82593158  1.0452180560118584e-04
    3.400000   0.89070068  2.6898036084233074e-05
    3.400000   0.95547037 -3.1897338991307487e-05
    3.400000   1.02024053 -7.5555533381041839e-05
    3.400000   1.08501108 -1.0735364006022791e-04
    3.400000   1.14978193 -1.3006866270144025e-04
    3.400000   1.21455301 -1.4596906890867447e-04
    3.400000   1.27932429 -1.5685021029151867e-04
    3.400000   1.34409571 -1.6408950868013303e-04
    3.400000   1.40886724 -1.6870561001509606e-04
    3.400000   1.47363885 -1.7141198652435957e-04
    3.400000   1.53841049 -1.7265974502436631e-04
    3.400000   1.60318216 -1.7266704327456667e-04
    3.400000   1.66795381 -1.7143398821769420e-04
    3.400000   1.73272541 -1.6874262735167586e-04
    3.400000   1.79749694 -1.6414203269834454e-04
    3.400000   1.86226837 -1.5691886547350070e-04
    3.400000   1.92703964 -1.4605454832129251e-04
    3.400000   1.99181073 -1.3017164636593918e-04
    3.400000   2.05658157 -1.0747470627540162e-04
    3.400000   2.12135212 -7.5695084912129993e-05
    3.400000   2.18612229 -3.2055583852961594e-05
    3.400000   2.25089198  2.6720987947969776e-05
    3.400000   2.31566107  1.0432564960870862e-04
    3.400000   2.38042940  2.0465721732782291e-04
    3.400000   2.44519674  3.3145083345541976e-04
    3.400000   2.50996278  4.8770421798300284e-04
    3.400000   2.57472706  6.7489399120481764e-04
    3.400000   2.63948889  8.9203116316164950e-04
    3.400000   2.70424717  1.1346892560521406e-03
    3.400000   2.76900006  1.3942358712322185e-03
    3.400000   2.83374417  1.6575738172933802e-03
    3.400000   2.89847256  1.9076992910689304e-03
    3.400000   2.96316844  2.1252629245175365e-03
    3.400000   3.02777863  2.2910639361369452e-03
    3.400000   3.09200950  2.3890971867178306e-03
    3.450000   0.04958315  1.8378133447805455e-03
    3.450000   0.11381403  1.7608101603727028e-03
    3.450000   0.17842421  1.6305563699160882e-03
    3.450000   0.24312010  1.4596045000861467e-03
    3.450000   0.30784849  1.2630341553502664e-03
    3.450000   0.37259260  1.0560686525031139e-03
    3.450000   0.43734549  8.5211404492530529e-04
    3.450000   0.50210377  6.6152073619497377e-04
    3.450000   0.56686560  4.9112847915697459e-04
    3.450000   0.63162987  3.4445539430166220e-04
    3.450000   0.69639591  2.2229364400251937e-04
    3.450000   0.76116325  1.2347214004010759e-04
    3.450000   0.82593158  4.5603292064722881e-05
    3.450000   0.89070068 -1.4293766557135593e-05
    3.450000   0.95547037 -5.9334551892372871e-05
    3.450000   1.02024053 -9.2470849987850585e-05
    3.450000   1.08501108 -1.1632436748422140e-04
    3.450000   1.14978193 -1.3311661953597731e-04
    3.450000   1.21455301 -1.4466146026288675e-04
    3.450000   1.27932429 -1.5239327055596309e-04
    3.450000   1.34409571 -1.5741134859645144e-04
    3.450000   1.40886724 -1.6052767779121255e-04
    3.450000   1.47363885 -1.6231030441685079e-04
    3.450000   1.53841049 -1.6311802546647303e-04
    3.450000   1.60318216 -1.6312424350574791e-04
    3.450000   1.66795381 -1.6232905286342941e-04
    3.450000   1.73272541 -1.6055923145864533e-04
    3.450000   1.79749694 -1.5745613759358208e-04
    3.450000   1.86226837 -1.5245183639163188e-04
    3.450000   1.92703964 -1.4473439158422231e-04
    3.450000   1.99181073 -1.3320446782283808e-04
    3.450000   2.05658157 -1.1642754807228154e-04
    3.450000   2.12135212 -9.2589543029113176e-05
    3.450000   2.18612229 -5.9468631833186046e-05
    3.450000   2.25089198 -1.4442806263957638e-05
    3.450000   2.31566107  4.5439879858029841e-05
    3.450000   2.38042940  1.2329475565454534e-04
    3.450000   2.44519674  2.2210190099617865e-04
    3.450000   2.50996278  3.4424728675037155e-04
    3.450000   2.57472706  4.9089946048894715e-04
    3.450000   2.63948889  6.6126302304913372e-04
    3.450000   2.70424717  8.5181661368551845e-04
    3.450000   2.76900006  1.0557184243678887e-03
    3.450000   2.83374417  1.2626186397990218e-03
    3.450000   2.89847256  1.4591156308109724e-03
    3.450000   2.96316844  1.6299945506799362e-03
    3.450000   3.02777863  1.7601869922314502e-03
    3.450000   3.09200950  1.8371515554241908e-03
    3.500000   0.04958315  1.3969337719839105e-03
    3.500000   0.11381403  1.3367421620931390e-03
    3.500000   0.17842421  1.2349188682742797e-03
    3.500000   0.24312010  1.1012739434653265e-03
    3.500000   0.30784849  9.4760729576159983e-04
    3.500000   0.37259260  7.8585015695296077e-04
    3.500000   0.43734549  6.2652817870875396e-04
    3.500000   0.50210377  4.7778254247427904e-04
    3.500000   0.56686560  3.4500137672623983e-04
    3.500000   0.63162987  2.3095742056447016e-04
    3.500000   0.69639591  1.3626918967483845e-04
    3.500000   0.76116325  5.9998505608177508e-05
    3.500000   0.82593158  2.3964925314000755e-07
    3.500000   0.89070068 -4.5386289894614535e-05
    3.500000   0.95547037 -7.9366003515150870e-05
    3.500000   1.02024053 -1.0405533762730134e-04
    3.500000   1.08501108 -1.2154584227733608e-04
    3.500000   1.14978193 -1.3360839563421732e-04
    3.500000   1.21455301 -1.4168721872727949e-04
    3.500000   1.27932429 -1.4692268342839652e-04
    3.500000   1.34409571 -1.5018725491649609e-04
    3.500000   1.40886724 -1.5212419982887394e-04
    3.500000   1.47363885 -1.5318275786803436e-04
    3.500000   1.53841049 -1.5364627852369679e-04
    3.500000   1.60318216 -1.5365157499986148e-04
    3.500000   1.66795381 -1.5319873073245364e-04
    3.500000   1.73272541 -1.5215109185375483e-04
    3.500000   1.79749694 -1.5022544487412683e-04
    3.500000   1.86226837 -1.4697264501919600e-04
    3.500000   1.92703964 -1.4174945945271772e-04
    3.500000   1.99181073 -1.3368337446156473e-04
    3.500000   2.05658157 -1.2163386857625274e-04
    3.500000   2.12135212 -1.0415646092160099e-04
    3.500000   2.18612229 -7.9479914666583158e-05
    3.500000   2.25089198 -4.5512268756546986e-05
    3.500000   2.31566107  1.0269012216859771e-07
    3.500000   2.38042940  5.9851824113976456e-05
    3.500000   2.44519674  1.3611381860294340e-04
    3.500000   2.50996278  2.3079357215380808e-04
    3.500000   2.57472706  3.4482773351166262e-04
    3.500000   2.63948889  4.7759564213457802e-04
    3.500000   2.70424717  6.2632221603252413e-04
    3.500000   2.76900006  7.8561755788925244e-04
    3.500000   2.83374417  9.4734027731490495e-04
    3.500000   2.89847256  1.1009669189002654e-03
    3.500000   2.96316844  1.2345710751217934e-03
    3.500000   3.02777863  1.3363595162074159e-03
    3.500000   3.09200950  1.3965289693370496e-03
    3.550000   0.04958315  1.0462534598558216e-03
    3.550000   0.11381403  9.9943896219812137e-04
    3.550000   0.17842421  9.2025123107493422e-04
    3.550000   0.24312010  8.1633465446139984e-04
    3.550000   0.30784849  6.9689297471925990e-04
    3.550000   0.37259260  5.7124291134224051e-04
    3.550000   0.43734549  4.4761285943545565e-04
    3.550000   0.50210377  3.3237230982447396e-04
    3.550000   0.56686560  2.2973608801378929e-04
    3.550000   0.63162987  1.4186558227552939e-04
    3.550000   0.69639591  6.9226270800404200e-05
    3.550000   0.76116325  1.1055576852832408e-05
    3.550000   0.82593158 -3.4173140174460424e-05
    3.550000   0.89070068 -6.8359583931840504e-05
    3.550000   0.95547037 -9.3486570198195103e-05
    3.550000   1.02024053 -1.1143028391038554e-04
    3.550000   1.08501108 -1.2385414052647737e-04
    3.550000   1.14978193 -1.3216416816025719e-04
    3.550000   1.21455301 -1.3750472887501920e-04
    3.550000   1.27932429 -1.4077732480817170e-04
    3.550000   1.34409571 -1.4266992298825486e-04
    3.550000   1.40886724 -1.4368845221487579e-04
    3.550000   1.47363885 -1.4418538976299980e-04
    3.550000   1.53841049 -1.4438261576054566e-04
    3.550000   1.60318216 -1.4438712721860715e-04
    3.550000   1.66795381 -1.4419899807608427e-04
    3.550000   1.73272541 -1.4371137238798406e-04
    3.550000   1.79749694 -1.4270248992079738e-04
    3.550000   1.86226837 -1.4081995575200635e-04
    3.550000   1.92703964 -1.3755786688865411e-04
    3.550000   1.99181073 -1.3222820454341269e-04
    3.550000   2.05658157 -1.2392931683780119e-04
    3.550000   2.12135212 -1.1151657962181873e-04
    3.550000   2.18612229 -9.3583590901569376e-05
    3.550000   2.25089198 -6.8466476958137148e-05
    3.550000   2.31566107 -3.4288577269337008e-05
    3.550000   2.38042940  1.0933301816932861e-05
    3.550000   2.44519674  6.9098986035070700e-05
    3.550000   2.50996278  1.4173481026802858e-04
    3.550000   2.57472706  2.2960249280421817e-04
    3.550000   2.63948889  3.3223515479968545e-04
    3.550000   2.70424717  4.4746969897456809e-04
    3.550000   2.76900006  5.7108977330613017e-04
    3.550000   2.83374417  6.9672520702776053e-04
    3.550000   2.89847256  8.1614837789112697e-04
    3.550000   2.96316844  9.2004501702961511e-04
    3.550000   3.02777863  9.9921509530697728e-04
    3.550000   3.09200950  1.0460181423866276e-03
    3.600000   0.04958315  7.6845365908514475e-04
    3.600000   0.11381403  7.3226334852747156e-04
    3.600000   0.17842421  6.7106210718190262e-04
    3.600000   0.24312010  5.9078580127484761e-04
    3.600000   0.30784849  4.9858549074230233e-04
    3.600000   0.37259260  4.0170453580717729e-04
    3.600000   0.43734549  3.0654257478951815e-04
    3.600000   0.50210377  2.1805175237347033e-04
    3.600000   0.56686560  1.3950176030808243e-04
    3.600000   0.63162987  7.2555349181993459e-05
    3.600000   0.69639591  1.7545996923081114e-05
    3.600000   0.76116325 -2.6155975665738762e-05
    3.600000   0.82593158 -5.9778693386456863e-05
    3.600000   0.89070068 -8.4840443864750816e-05
    3.600000   0.95547037 -1.0292064701743182e-04
    3.600000   1.02024053 -1.1550995407596814e-04
    3.600000   1.08501108 -1.2392665451496415e-04
    3.600000   1.14978193 -1.2928201314152767e-04
    3.600000   1.21455301 -1.3247773010164094e-04
    3.600000   1.27932429 -1.3422176333841682e-04
    3.600000   1.34409571 -1.3505246014224132e-04
    3.600000   1.40886724 -1.3536430977616529e-04
    3.600000   1.47363885 -1.3543124567187462e-04
    3.600000   1.53841049 -1.3542524195266054e-04
    3.600000   1.60318216 -1.3542908568068773e-04
    3.600000   1.66795381 -1.3544284245007370e-04
    3.600000   1.73272541 -1.3538385032235294e-04
    3.600000   1.79749694 -1.3508024139282304e-04
    3.600000   1.86226837 -1.3425815472653245e-04
    3.600000   1.92703964 -1.3252312229713027e-04
    3.600000   1.99181073 -1.2933674678744709e-04
    3.600000   2.05658157 -1.2399092838652435e-04
    3.600000   2.12135212 -1.1558371633158218e-04
    3.600000   2.18612229 -1.0300348036503810e-04
    3.600000   2.25089198 -8.4931465421148213e-05
    3.600000   2.31566107 -5.9876501206244802e-05
    3.600000   2.38042940 -2.6258682465978439e-05
    3.600000   2.44519674  1.7440603088522751e-05
    3.600000   2.50996278  7.2449496069629477e-05
    3.600000   2.57472706  1.3939725599370955e-04
    3.600000   2.63948889  2.1794950943853587e-04
    3.600000   2.70424717  3.0644224860625020e-04
    3.600000   2.76900006  4.0160446520017641e-04
    3.600000   2.83374417  4.9848308386129137e-04
    3.600000   2.89847256  5.9067836153928427e-04
    3.600000   2.96316844  6.7094787792800251e-04
    3.600000   3.02777863  7.3214237405175688e-04
    3.600000   3.09200950  7.6832804313671803e-04
    3.650000   0.04958315  5.4943408446628196e-04
    3.650000   0.11381403  5.2166297208562304e-04
    3.650000   0.17842421  4.7472144050711516e-04
    3.650000   0.24312010  4.1319909850572647e-04
    3.650000   0.30784849  3.4262631909089548e-04
    3.650000   0.37259260  2.6860504585598849e-04
    3.650000   0.43734549  1.9608218394688790e-04
    3.650000   0.50210377  1.2887906088662667e-04
    3.650000   0.56686560  6.9506812358607637e-05
    3.650000   0.63162987  1.9223831315461380e-05
    3.650000   0.69639591 -2.1748111285404929e-05
    3.650000   0.76116325 -5.3937526011639359e-05
    3.650000   0.82593158 -7.8337140373429601e-05
    3.650000   0.89070068 -9.6161690371984640e-05
    3.650000   0.95547037 -1.0866793608275830e-04
    3.650000   1.02024053 -1.1703710843562483e-04
    3.650000   1.08501108 -1.2230982209107541e-04
    3.650000   1.14978193 -1.2535975367725560e-04
    3.650000   1.21455301 -1.2689275146463399e-04
    3.650000   1.27932429 -1.2746042122992887e-04
    3.650000   1.34409571 -1.2748017108933770e-04
    3.650000   1.40886724 -1.2725638281318771e-04
    3.650000   1.47363885 -1.2699947147914764e-04
    3.650000   1.53841049 -1.2684105041051153e-04
    3.650000   1.60318216 -1.2684432696247723e-04
    3.650000   1.66795381 -1.2700935935226531e-04
    3.650000   1.73272541 -1.2727305132427443e-04
    3.650000   1.79749694 -1.2750388398287079e-04
    3.650000   1.86226837 -1.2749150679344350e-04
    3.650000   1.92703964 -1.2693155676593573e-04
    3.650000   1.99181073 -1.2540658028179172e-04
    3.650000   2.05658157 -1.2236484198648200e-04
    3.650000   2.12135212 -1.1710026222295273e-04
    3.650000   2.18612229 -1.0873882131140413e-04
    3.650000   2.25089198 -9.6239456229280535e-05
    3.650000   2.31566107 -7.8420414717002247e-05
    3.650000   2.38042940 -5.4024409065520806e-05
    3.650000   2.44519674 -2.1836272115382885e-05
    3.650000   2.50996278  1.9136930792838626e-05
    3.650000   2.57472706  6.9423571070905858e-05
    3.650000   2.63948889  1.2880132323872344e-04
    3.650000   2.70424717  1.9601086219351118e-04
    3.650000   2.76900006  2.6853991983800545e-04
    3.650000   2.83374417  3.4256613251718655e-04
    3.650000   2.89847256  4.1314197869516376e-04
    3.650000   2.96316844  4.7466552460004215e-04
    3.650000   3.02777863  5.2160699487480296e-04
    3.650000   3.09200950  5.4937765821884128e-04
    3.700000   0.04958315  3.7772667504357632e-04
    3.700000   0.11381403  3.5661020118356990e-04
    3.700000   0.17842421  3.2094373283041351e-04
    3.700000   0.24312010  2.7425763348395900e-04
    3.700000   0.30784849  2.2080482270172357e-04
    3.700000   0.37259260  1.6489036114806211e-04
    3.700000   0.43734549  1.1030990091993349e-04
    3.700000   0.50210377  5.9985272932811167e-05
    3.700000   0.56686560  1.5821237250182956e-05
    3.700000   0.63162987 -2.1249704226387426e-05
    3.700000   0.69639591 -5.1098640600633518e-05
    3.700000   0.76116325 -7.4176426608806213e-05
    3.700000   0.82593158 -9.1289835593830320e-05
    3.700000   0.89070068 -1.0341202031321062e-04
    3.700000   0.95547037 -1.1154189993242733e-04
    3.700000   1.02024053 -1.1661276494042567e-04
    3.700000   1.08501108 -1.1944229213800269e-04
    3.700000   1.14978193 -1.2071314097615517e-04
    3.700000   1.21455301 -1.2097355203392349e-04
    3.700000   1.27932429 -1.2064924041406182e-04
    3.700000   1.34409571 -1.2006021230435256e-04
    3.700000   1.40886724 -1.1943827603081462e-04
    3.700000   1.47363885 -1.1894269326461306e-04
    3.700000   1.53841049 -1.1867257807055143e-04
    3.700000   1.60318216 -1.1867537349358305e-04
    3.700000   1.66795381 -1.1895113120038234e-04
    3.700000   1.73272541 -1.1945250683187055e-04
    3.700000   1.79749694 -1.2008047045341176e-04
    3.700000   1.86226837 -1.2067581832237807e-04
    3.700000   1.92703964 -1.2100675967070469e-04
    3.700000   1.99181073 -1.2075324868652888e-04
    3.700000   2.05658157 -1.1948945499956860e-04
    3.700000   2.12135212 -1.1666692964646761e-04
    3.700000   2.18612229 -1.1160269995117920e-04
    3.700000   2.25089198 -1.0347867207266796e-04
    3.700000   2.31566107 -9.1361056946015647e-05
    3.700000   2.38042940 -7.4250406678800135e-05
    3.700000   2.44519674 -5.1173093394919951e-05
    3.700000   2.50996278 -2.1322031807831705e-05
    3.700000   2.57472706  1.5753667270668644e-05
    3.700000   2.63948889  5.9924766783185020e-05
    3.700000   2.70424717  1.1025806881204002e-04
    3.700000   2.76900006  1.6484784299563698e-04
    3.700000   2.83374417  2.2077120963325623e-04
    3.700000   2.89847256  2.7423163008228447e-04
    3.700000   2.96316844  3.2092350986625911e-04
    3.700000   3.02777863  3.5659379718089513e-04
    3.700000   3.09200950  3.7771227614269480e-04
    3.750000   0.04958315  2.4401452262993840e-04
    3.750000   0.11381403  2.2814204438695152e-04
    3.750000   0.17842421  2.0136295395301686e-04
    3.750000   0.24312010  1.6637567996014081e-04
    3.750000   0.30784849  1.2642824919883788e-04
    3.750000   0.37259260  8.4803430728587787e-05
    3.750000   0.43734549  4.4387055896668628e-05
    3.750000   0.50210377  7.3878937344664496e-06
    3.750000   0.56686560 -2.4771865576488079e-05
    3.750000   0.63162987 -5.1420618331173094e-05
    3.750000   0.69639591 -7.2505288591913236e-05
    3.750000   0.76116325 -8.8416462727340157e-05
    3.750000   0.82593158 -9.9813691541332961e-05
    3.750000   0.89070068 -1.0747784143823436e-04
    3.750000   0.95547037 -1.1220198876575001e-04
    3.750000   1.02024053 -1.1472108812293220e-04
    3.750000   1.08501108 -1.1567423699377135e-04
    3.750000   1.14978193 -1.1559095104028149e-04
    3.750000   1.21455301 -1.1489305340450614e-04
    3.750000   1.27932429 -1.1390526895808660e-04
    3.750000   1.34409571 -1.1286947788649616e-04
    3.750000   1.40886724 -1.1195929545172594e-04
    3.750000   1.47363885 -1.1129298191552008e-04
    3.750000   1.53841049 -1.1094361151445610e-04
    3.750000   1.60318216 -1.1094599930795689e-04
    3.750000   1.66795381 -1.1130019112790529e-04
    3.750000   1.73272541 -1.1197145956241517e-04
    3.750000   1.79749694 -1.1288680541867056e-04
    3.750000   1.86226837 -1.1392802070507657e-04
    3.750000   1.92703964 -1.1492150715357489e-04
    3.750000   1.99181073 -1.1562535125850276e-04
    3.750000   2.05658157 -1.1571472766192015e-04
    3.750000   2.12135212 -1.1476762900721533e-04
    3.750000   2.18612229 -1.1225425933501004e-04
    3.750000   2.25089198 -1.0753514252742565e-04
    3.750000   2.31566107 -9.9874862232141831e-05
    3.750000   2.38042940 -8.8479837138872414e-05
    3.750000   2.44519674 -7.2568721287215746e-05
    3.750000   2.50996278 -5.1481603634297194e-05
    3.750000   2.57472706 -2.4827761288095661e-05
    3.750000   2.63948889  7.3395549458837420e-06
    3.750000   2.70424717  4.4348218538125757e-05
    3.750000   2.76900006  8.4775211590062963e-05
    3.750000   2.83374417  1.2641076019044258e-04
    3.750000   2.89847256  1.6636803229569524e-04
    3.750000   2.96316844  2.0136343490082431e-04
    3.750000   3.02777863  2.2814839160913519e-04
    3.750000   3.09200950  2.4402419094955491e-04
    3.800000   0.04958315  1.4073739374662747e-04
    3.800000   0.11381403  1.2898256598787124e-04
    3.800000   0.17842421  1.0918315708447592e-04
    3.800000   0.24312010  8.3385596886108548e-05
    3.800000   0.30784849  5.4049310172177097e-05
    3.800000   0.37259260  2.3653415779561271e-05
    3.800000   0.43734549 -5.6329811418692754e-06
    3.800000   0.50210377 -3.2164185092317198e-05
    3.800000   0.56686560 -5.4900120343150768e-05
    3.800000   0.63162987 -7.3376499898146759e-05
    3.800000   0.69639591 -8.7601032179574804e-05
    3.800000   0.76116325 -9.7916875868763804e-05
    3.800000   0.82593158 -1.0486670735478349e-04
    3.800000   0.89070068 -1.0907830925340090e-04
    3.800000   0.95547037 -1.1118059472808823e-04
    3.800000   1.02024053 -1.1175015959665731e-04
    3.800000   1.08501108 -1.1128341857271326e-04
    3.800000   1.14978193 -1.1018749226280783e-04
    3.800000   1.21455301 -1.0878317599093104e-04
    3.800000   1.27932429 -1.0731451707436924e-04
    3.800000   1.34409571 -1.0596102075758661e-04
    3.800000   1.40886724 -1.0484987539724380e-04
    3.800000   1.47363885 -1.0406665440618515e-04
    3.800000   1.53841049 -1.0366368607467879e-04
    3.800000   1.60318216 -1.0366572890796441e-04
    3.800000   1.66795381 -1.0407282353067340e-04
    3.800000   1.73272541 -1.0486028923945968e-04
    3.800000   1.79749694 -1.0597586470713081e-04
    3.800000   1.86226837 -1.0733402383132252e-04
    3.800000   1.92703964 -1.0880759497873473e-04
    3.800000   1.99181073 -1.1021704574058603e-04
    3.800000   2.05658157 -1.1131824260604409e-04
    3.800000   2.12135212 -1.1179022973511103e-04
    3.800000   2.18612229 -1.1122563947597608e-04
    3.800000   2.25089198 -1.0912771938889550e-04
    3.800000   2.31566107 -1.0491945551713637e-04
    3.800000   2.38042940 -9.7971467358905985e-05
    3.800000   2.44519674 -8.7655512198365834e-05
    3.800000   2.50996278 -7.3428541068084816e-05
    3.800000   2.57472706 -5.4947203928391020e-05
    3.800000   2.63948889 -3.2203868512433118e-05
    3.800000   2.70424717 -5.6632164233320990e-06
    3.800000   2.76900006  2.3633973805829426e-05
    3.800000   2.83374417  5.4041077615348542e-05
    3.800000   2.89847256  8.3387972747040408e-05
    3.800000   2.96316844  1.0919458924045570e-04
    3.800000   3.02777863  1.2900073848474213e-04
    3.800000   3.09200950  1.4075947300775074e-04
    3.850000   0.04958315  6.1768481611787867e-05
    3.850000   0.11381403  5.3233233464309330e-05
    3.850000   0.17842421  3.8891556387211623e-05
    3.850000   0.24312010  2.0280220750457690e-05
    3.850000   0.30784849 -7.5845901192521228e-07
    3.850000   0.37259260 -2.2375114376723931e-05
    3.850000   0.43734549 -4.2963155192990812e-05
    3.850000   0.50210377 -6.1319527036012841e-05
    3.850000   0.56686560 -7.6704984591487011e-05
    3.850000   0.63162987 -8.8818588880368109e-05
    3.850000   0.69639591 -9.7715762135919040e-05
    3.850000   0.76116325 -1.0370171646641593e-04
    3.850000   0.82593158 -1.0722604487514382e-04
    3.850000   0.89070068 -1.0879461230240786e-04
    3.850000   0.95547037 -1.0890555032788111e-04
    3.850000   1.02024053 -1.0800927556170467e-04
    3.850000   1.08501108 -1.0648852488381184e-04
    3.850000   1.14978193 -1.0465294393418302e-04
    3.850000   1.21455301 -1.0274292659571525e-04
    3.850000   1.27932429 -1.0093837629160694e-04
    3.850000   1.34409571 -9.9369263457308951e-05
    3.850000   1.40886724 -9.8125952362971972e-05
    3.850000   1.47363885 -9.7268121197683906e-05
    3.850000   1.53841049 -9.6831679053127295e-05
    3.850000   1.60318216 -9.6833430266895734e-05
    3.850000   1.66795381 -9.7273410811962195e-05
    3.850000   1.73272541 -9.8134885354519277e-05
    3.850000   1.79749694 -9.9382004539609795e-05
    3.850000   1.86226837 -1.0095513305687799e-04
    3.850000   1.92703964 -1.0276392316204124e-04
    3.850000   1.99181073 -1.0467838293224648e-04
    3.850000   2.05658157 -1.0651853600044760e-04
    3.850000   2.12135212 -1.0804385022228313e-04
    3.850000   2.18612229 -1.0894446478554902e-04
    3.850000   2.25089198 -1.0883734559551624e-04
    3.850000   2.31566107 -1.0727170359233986e-04
    3.850000   2.38042940 -1.0374898407516997e-04
    3.850000   2.44519674 -9.7762894873763283e-05
    3.850000   2.50996278 -8.8863480098592778e-05
    3.850000   2.57472706 -7.6745312075810734e-05
    3.850000   2.63948889 -6.1352981734552801e-05
    3.850000   2.70424717 -4.2987726899491513e-05
    3.850000   2.76900006 -2.2389386840534800e-05
    3.850000   2.83374417 -7.6185373082524656e-07
    3.850000   2.89847256  2.0287307211338170e-05
    3.850000   2.96316844  3.8907750914385277e-05
    3.850000   3.02777863  5.3256314042606867e-05
    3.850000   3.09200950  6.1795599369125201e-05
    3.900000   0.04958315  2.1497003266196436e-06
    3.900000   0.11381403 -3.8808455720824069e-06
    3.900000   0.17842421 -1.3976914019721036e-05
    3.900000   0.24312010 -2.6998892909037095e-05
    3.900000   0.30784849 -4.1585747669080594e-05
    3.900000   0.37259260 -5.6379723956544829e-05
    3.900000   0.43734549 -7.0213789652570559e-05
    3.900000   0.50210377 -8.2231036123370116e-05
    3.900000   0.56686560 -9.1927469652754894e-05
    3.900000   0.63162987 -9.9129588682324464e-05
    3.900000   0.69639591 -1.0392935128606923e-04
    3.900000   0.76116325 -1.0660103375052064e-04
    3.900000   0.82593158 -1.0751981097739246e-04
    3.900000   0.89070068 -1.0709440174398948e-04
    3.900000   0.95547037 -1.0571886943118630e-04
    3.900000   1.02024053 -1.0374332160169284e-04
    3.900000   1.08501108 -1.0146021596721256e-04
    3.900000   1.14978193 -9.9101881095795850e-05
    3.900000   1.21455301 -9.6845030054227809e-05
    3.900000   1.27932429 -9.4818848048657529e-05
    3.900000   1.34409571 -9.3114210908365171e-05
    3.900000   1.40886724 -9.1792474541270487e-05
    3.900000   1.47363885 -9.0892953563712566e-05
    3.900000   1.53841049 -9.0438663615606318e-05
    3.900000   1.60318216 -9.0440168530912256e-05
    3.900000   1.66795381 -9.0897500126511216e-05
    3.900000   1.73272541 -9.1800155703531606e-05
    3.900000   1.79749694 -9.3125172872987843e-05
    3.900000   1.86226837 -9.4833275881514538e-05
    3.900000   1.92703964 -9.6863125099358536e-05
    3.900000   1.99181073 -9.9123828239673683e-05
    3.900000   2.05658157 -1.0148613907734405e-04
    3.900000   2.12135212 -1.0377322657334892e-04
    3.900000   2.18612229 -1.0575257651073935e-04
    3.900000   2.25089198 -1.0713147233805561e-04
    3.900000   2.31566107 -1.0755947885813762e-04
    3.900000   2.38042940 -1.0664215569635757e-04
    3.900000   2.44519674 -1.0397039622436198e-04
    3.900000   2.50996278 -9.9168685046550204e-05
    3.900000   2.57472706 -9.1962525451653052e-05
    3.900000   2.63948889 -8.2259933655883319e-05
    3.900000   2.70424717 -7.0234637965764369e-05
    3.900000   2.76900006 -5.6391131767041806e-05
    3.900000   2.83374417 -4.1587065293415850e-05
    3.900000   2.89847256 -2.6990371355802192e-05
    3.900000   2.96316844 -1.3959745479372473e-05
    3.900000   3.02777863 -3.8570766893985573e-06
    3.900000   3.09200950  2.1773652696715843e-06
    3.950000   0.04958315 -4.2124943371412046e-05
    3.950000   0.11381403 -4.6218742819370681e-05
    3.950000   0.17842421 -5.3032649902470148e-05
    3.950000   0.24312010 -6.1735388392114725e-05
    3.950000   0.30784849 -7.1339753342926278e-05
    3.950000   0.37259260 -8.0870041997268025e-05
    3.950000   0.43734549 -8.9500924481131168e-05
    3.950000   0.50210377 -9.6644503545093146e-05
    3.950000   0.56686560 -1.0197929569444742e-04
    3.950000   0.63162987 -1.0543005041009132e-04
    3.950000   0.69639591 -1.0711583396199872e-04
    3.950000   0.76116325 -1.0728519021782623e-04
    3.950000   0.82593158 -1.0625353613363949e-04
    3.950000   0.89070068 -1.0435213017329016e-04
    3.950000   0.95547037 -1.0189232631213918e-04
    3.950000   1.02024053 -9.9144692809372193e-05
    3.950000   1.08501108 -9.6330251466689751e-05
    3.950000   1.14978193 -9.3620285950056861e-05
    3.950000   1.21455301 -9.1141351215675236e-05
    3.950000   1.27932429 -8.8982787912787975e-05
    3.950000   1.34409571 -8.7204842215422024e-05
    3.950000   1.40886724 -8.5846203765212878e-05
    3.950000   1.47363885 -8.4930314790447657e-05
    3.950000   1.53841049 -8.4470161096891208e-05
    3.950000   1.60318216 -8.4471458153483262e-05
    3.950000   1.66795381 -8.4934234065403924e-05
    3.950000   1.73272541 -8.5852827460992226e-05
    3.950000   1.79749694 -8.7214299952473906e-05
    3.950000   1.86226837 -8.8995244502119313e-05
    3.950000   1.92703964 -9.1156987388866435e-05
    3.950000   1.99181073 -9.3639270302151229e-05
    3.950000   2.05658157 -9.6352702071336859e-05
    3.950000   2.12135212 -9.9170627870273989e-05
    3.950000   2.18612229 -1.0192160507850618e-04
    3.950000   2.25089198 -1.0438438833739426e-04
    3.950000   2.31566107 -1.0628812395216424e-04
    3.950000   2.38042940 -1.0732112608302762e-04
    3.950000   2.44519674 -1.0715178986078384e-04
    3.950000   2.50996278 -1.0546438677002216e-04
    3.950000   2.57472706 -1.0201015941099578e-04
    3.950000   2.63948889 -9.6669993087056022e-05
    3.950000   2.70424717 -8.9519310399129137e-05
    3.950000   2.76900006 -8.0880013336535677e-05
    3.950000   2.83374417 -7.1340646415578838e-05
    3.950000   2.89847256 -6.1727350531740814e-05
    3.950000   2.96316844 -5.3016700521959439e-05
    3.950000   3.02777863 -4.6196714779619834e-05
    3.950000   3.09200950 -4.2099310845751338e-05
    4.000000   0.04958315 -7.4286522064142337e-05
    4.000000   0.11381403 -7.6893789391383258e-05
    4.000000   0.17842421 -8.1189550554607381e-05
    4.000000   0.24312010 -8.6580830379876555e-05
    4.000000   0.30784849 -9.2369381288032393e-05
    4.000000   0.37259260 -9.7874805078418324e-05
    4.000000   0.43734549 -1.0253575949597174e-04
    4.000000   0.50210377 -1.0597186207058562e-04
    4.000000   0.56686560 -1.0800186838032252e-04
    4.000000   0.63162987 -1.0862517970594252e-04
    4.000000   0.69639591 -1.0798012268922473e-04
    4.000000   0.76116325 -1.0629339678190389e-04
    4.000000   0.82593158 -1.0383219254060945e-04
    4.000000   0.89070068 -1.0086595110781777e-04
    4.000000   0.95547037 -9.7640379199594393e-05
    4.000000   1.02024053 -9.4363156419003500e-05
    4.000000   1.08501108 -9.1199014756492068e-05
    4.000000   1.14978193 -8.8271298892892108e-05
    4.000000   1.21455301 -8.5667313989990209e-05
    4.000000   1.27932429 -8.3445337766001825e-05
    4.000000   1.34409571 -8.1641828849424370e-05
    4.000000   1.40886724 -8.0277939838353630e-05
    4.000000   1.47363885 -7.9364874230966964e-05
    4.000000   1.53841049 -7.8907905379332481e-05
    4.000000   1.60318216 -7.8909027123328485e-05
    4.000000   1.66795381 -7.9368264256329021e-05
    4.000000   1.73272541 -8.0283670744729958e-05
    4.000000   1.79749694 -8.1650015404678827e-05
    4.000000   1.86226837 -8.3456126552481448e-05
    4.000000   1.92703964 -8.5680867023700034e-05
    4.000000   1.99181073 -8.8287769670709047e-05
    4.000000   2.05658157 -9.1218515335400106e-05
    4.000000   2.12135212 -9.4385714872719003e-05
    4.000000   2.18612229 -9.7665888355165194e-05
    4.000000   2.25089198 -1.0089411199049649e-04
    4.000000   2.31566107 -1.0386245939089882e-04
    4.000000   2.38042940 -1.0632493440258837e-04
    4.000000   2.44519674 -1.0801179023177980e-04
    4.000000   2.50996278 -1.0865555626041037e-04
    4.000000   2.57472706 -1.0802933309056838e-04
    4.000000   2.63948889 -1.0599473363457316e-04
    4.000000   2.70424717 -1.0255248699666213e-04
    4.000000   2.76900006 -9.7884186621284507e-05
    4.000000   2.83374417 -9.2370773642286449e-05
    4.000000   2.89847256 -8.6574307195261865e-05
    4.000000   2.96316844 -8.1175972271067362e-05
    4.000000   3.02777863 -7.6874763906917523e-05
    4.000000   3.09200950 -7.4264255776274718e-05
    4.050000   0.04958315 -9.6935999033357945e-05
    4.050000   0.11381403 -9.8412677055350768e-05
    4.050000   0.17842421 -1.0079452136875160e-04
    4.050000   0.24312010 -1.0367172513067446e-04
    4.050000   0.30784849 -1.0656807945330904e-04
    4.050000   0.37259260 -1.0902994892937094e-04
    4.050000   0.43734549 -1.1069840925040211e-04
    4.050000   0.50210377 -1.1135170828968263e-04
    4.050000   0.56686560 -1.1091508999157852e-04
    4.050000   0.63162987 -1.0944363148810801e-04
    4.050000   0.69639591 -1.0708847101944207e-04
    4.050000   0.76116325 -1.0405739928634934e-04
    4.050000   0.82593158 -1.0057846837829371e-04
    4.050000   0.89070068 -9.6871732506600259e-05
    4.050000   0.95547037 -9.3130868029238262e-05
    4.050000   1.02024053 -8.9513993256530689e-05
    4.050000   1.08501108 -8.6141699519154096e-05
    4.050000   1.14978193 -8.3099922083917791e-05
    4.050000   1.21455301 -8.0445490683106322e-05
    4.050000   1.27932429 -7.8212689737372769e-05
    4.050000   1.34409571 -7.6419701608933265e-05
    4.050000   1.40886724 -7.5074274774548078e-05
    4.050000   1.47363885 -7.4178302352763723e-05
    4.050000   1.53841049 -7.3731212941546492e-05
    4.050000   1.60318216 -7.3732186880540968e-05
    4.050000   1.66795381 -7.4181246011904926e-05
    4.050000   1.73272541 -7.5079252184783598e-05
    4.050000   1.79749694 -7.6426814245574424e-05
    4.050000   1.86226837 -7.8222067779745071e-05
    4.050000   1.92703964 -8.0457279132724549e-05
    4.050000   1.99181073 -8.3114260381817660e-05
    4.050000   2.05658157 -8.6158693411509781e-05
    4.050000   2.12135212 -8.9533678267451073e-05
    4.050000   2.18612229 -9.3153165202807970e-05
    4.050000   2.25089198 -9.6896399213418320e-05
    4.050000   2.31566107 -1.0060504990918256e-04
    4.050000   2.38042940 -1.0408519031839505e-04
    4.050000   2.44519674 -1.0711649902001439e-04
    4.050000   2.50996278 -1.0947067543089616e-04
    4.050000   2.57472706 -1.1093974586557745e-04
    4.050000   2.63948889 -1.1137250658932133e-04
    4.050000   2.70424717 -1.1071397890003947e-04
    4.050000   2.76900006 -1.0903920875573524e-04
    4.050000   2.83374417 -1.0657042614680411e-04
    4.050000   2.89847256 -1.0366718026383683e-04
    4.050000   2.96316844 -1.0078380292515951e-04
    4.050000   3.02777863 -9.8397173350752833e-05
    4.050000   3.09200950 -9.6917640916247788e-05
    4.100000   0.04958315 -1.1216251422430371e-04
    4.100000   0.11381403 -1.1278914619923076e-04
    4.100000   0.17842421 -1.1373342352562008e-04
    4.100000   0.24312010 -1.1472538991216462e-04
    4.100000   0.30784849 -1.1545822426765149e-04
    4.100000   0.37259260 -1.1565102683922124e-04
    4.100000   0.43734549 -1.1509864863197131e-04
    4.100000   0.50210377 -1.1369923939991050e-04
    4.100000   0.56686560 -1.1145769851931525e-04
    4.100000   0.63162987 -1.0846961338982276e-04
    4.100000   0.69639591 -1.0489370490387884e-04
    4.100000   0.76116325 -1.0092110469112154e-04
    4.100000   0.82593158 -9.6747905586246684e-05
    4.100000   0.89070068 -9.2554653301053373e-05
    4.100000   0.95547037 -8.8493850193993516e-05
    4.100000   1.02024053 -8.4684702180230591e-05
    4.100000   1.08501108 -8.1213382832802307e-05
    4.100000   1.14978193 -7.8136854347201598e-05
    4.100000   1.21455301 -7.5488506495153090e-05
    4.100000   1.27932429 -7.3284301601613216e-05
    4.100000   1.34409571 -7.1528567818488216e-05
    4.100000   1.40886724 -7.0218965721769924e-05
    4.100000   1.47363885 -6.9350427548368798e-05
    4.100000   1.53841049 -6.8918035475349783e-05
    4.100000   1.60318216 -6.8918884817254072e-05
    4.100000   1.66795381 -6.9352994790429091e-05
    4.100000   1.73272541 -7.0223307260205731e-05
    4.100000   1.79749694 -7.1534773247375753e-05
    4.100000   1.86226837 -7.3292486353360230e-05
    4.100000   1.92703964 -7.5498800106440657e-05
    4.100000   1.99181073 -7.8149383160226813e-05
    4.100000   2.05658157 -8.1228246020518047e-05
    4.100000   2.12135212 -8.4701940487346409e-05
    4.100000   2.18612229 -8.8513407877532704e-05
    4.100000   2.25089198 -9.2576335555663797e-05
    4.100000   2.31566107 -9.6771336229490714e-05
    4.100000   2.38042940 -1.0094569177436490e-04
    4.100000   2.44519674 -1.0491862453467011e-04
    4.100000   2.50996278 -1.0849382332840131e-04
    4.100000   2.57472706 -1.1147999174819799e-04
    4.100000   2.63948889 -1.1371834279517151e-04
    4.100000   2.70424717 -1.1511336292591166e-04
    4.100000   2.76900006 -1.1566039262312592e-04
    4.100000   2.83374417 -1.1546168786259076e-04
    4.100000   2.89847256 -1.1472293645917270e-04
    4.100000   2.96316844 -1.1372564586268146e-04
    4.100000   3.02777863 -1.1277722787386265e-04
    4.100000   3.09200950 -1.1214812061878343e-04
    4.150000   0.04958315 -1.2163993976252394e-04
    4.150000   0.11381403 -1.2163683871563499e-04
    4.150000   0.17842421 -1.2151768850593367e-04
    4.150000   0.24312010 -1.2111842733863114e-04
    4.150000   0.30784849 -1.2026030115525325e-04
    4.150000   0.37259260 -1.1879267966860117e-04
    4.150000   0.43734549 -1.1662588392261120e-04
    4.150000   0.50210377 -1.1374740128612391e-04
    4.150000   0.56686560 -1.1022055665570004e-04
    4.150000   0.63162987 -1.0616940995163619e-04
    4.150000   0.69639591 -1.0175608532115074e-04
    4.150000   0.76116325 -9.7156813131021706e-05
    4.150000   0.82593158 -9.2541414835404994e-05
    4.150000   0.89070068 -8.8058779518334758e-05
    4.150000   0.95547037 -8.3828881625186536e-05
    4.150000   1.02024053 -7.9940507139827878e-05
    4.150000   1.08501108 -7.6453173202310439e-05
    4.150000   1.14978193 -7.3401607256267837e-05
    4.150000   1.21455301 -7.0801380118192607e-05
    4.150000   1.27932429 -6.8654663138703235e-05
    4.150000   1.34409571 -6.6955462700418804e-05
    4.150000   1.40886724 -6.5693999703385608e-05
    4.150000   1.47363885 -6.4860121030218277e-05
    4.150000   1.53841049 -6.4445758097822064e-05
    4.150000   1.60318216 -6.4446502388005504e-05
    4.150000   1.66795381 -6.4862370784937316e-05
    4.150000   1.73272541 -6.5697804527962078e-05
    4.150000   1.79749694 -6.6960901586423773e-05
    4.150000   1.86226837 -6.8661838280045882e-05
    4.150000   1.92703964 -7.0810407012998508e-05
    4.150000   1.99181073 -7.3412600056653259e-05
    4.150000   2.05658157 -7.6466224331221808e-05
    4.150000   2.12135212 -7.9955660610321209e-05
    4.150000   2.18612229 -8.3846100413598684e-05
    4.150000   2.25089198 -8.8077908863830133e-05
    4.150000   2.31566107 -9.2562145453204778e-05
    4.150000   2.38042940 -9.7178650801987344e-05
    4.150000   2.44519674 -1.0177833560367143e-04
    4.150000   2.50996278 -1.0619118795809835e-04
    4.150000   2.57472706 -1.1024083084740271e-04
    4.150000   2.63948889 -1.1376507613099366e-04
    4.150000   2.70424717 -1.1663991880738604e-04
    4.150000   2.76900006 -1.1880223168870532e-04
    4.150000   2.83374417 -1.2026486976078772e-04
    4.150000   2.89847256 -1.2111797261178533e-04
    4.150000   2.96316844 -1.2151269504614064e-04
    4.150000   3.02777863 -1.2162830487461879e-04
    4.150000   3.09200950 -1.2162928543476753e-04
    4.200000   0.04958315 -1.2670564264155809e-04
    4.200000   0.11381403 -1.2624507904103187e-04
    4.200000   0.17842421 -1.2535507018842656e-04
    4.200000   0.24312010 -1.2395090488696273e-04
    4.200000   0.30784849 -1.2194956435849594e-04
    4.200000   0.37259260 -1.1929741944001867e-04
    4.200000   0.43734549 -1.1599021052792449e-04
    4.200000   0.50210377 -1.1208074914669186e-04
    4.200000   0.56686560 -1.0767408234927724e-04
    4.200000   0.63162987 -1.0291326200307591e-04
    4.200000   0.69639591 -9.7960528617483585e-05
    4.200000   0.76116325 -9.2978617653160066e-05
    4.200000   0.82593158 -8.8115601197380052e-05
    4.200000   0.89070068 -8.3494954652577337e-05
    4.200000   0.95547037 -7.9211002308039811e-05
    4.200000   1.02024053 -7.5328868519167116e-05
    4.200000   1.08501108 -7.1887591702800185e-05
    4.200000   1.14978193 -6.8905027762942720e-05
    4.200000   1.21455301 -6.6383401193604195e-05
    4.200000   1.27932429 -6.4314695975697586e-05
    4.200000   1.34409571 -6.2685404211545881e-05
    4.200000   1.40886724 -6.1480410286673682e-05
    4.200000   1.47363885 -6.0685964132302450e-05
    4.200000   1.53841049 -6.0291794683277139e-05
    4.200000   1.60318216 -6.0292450352996904e-05
    4.200000   1.66795381 -6.0687945958186555e-05
    4.200000   1.73272541 -6.1483761845152455e-05
    4.200000   1.79749694 -6.2690195050590952e-05
    4.200000   1.86226837 -6.4321016427251374e-05
    4.200000   1.92703964 -6.6391354037578058e-05
    4.200000   1.99181073 -6.8914715840523032e-05
    4.200000   2.05658157 -7.1899100617889845e-05
    4.200000   2.12135212 -7.5342243911921867e-05
    4.200000   2.18612229 -7.9226221953674234e-05
    4.200000   2.25089198 -8.3511896922796648e-05
    4.200000   2.31566107 -8.8134013215686202e-05
    4.200000   2.38042940 -9.2998088588806409e-05
    4.200000   2.44519674 -9.7980475538728614e-05
    4.200000   2.50996278 -1.0293293680146666e-04
    4.200000   2.57472706 -1.0769260752520386e-04
    4.200000   2.63948889 -1.1209718689846924e-04
    4.200000   2.70424717 -1.1600366336754276e-04
    4.200000   2.76900006 -1.1930715224947379e-04
    4.200000   2.83374417 -1.2195512938273695e-04
    4.200000   2.89847256 -1.2395224543412201e-04
    4.200000   2.96316844 -1.2535257842041564e-04
    4.200000   3.02777863 -1.2623958945107291e-04
    4.200000   3.09200950 -1.2669835434341289e-04
    4.250000   0.04958315 -1.2842468624114646e-04
    4.250000   0.11381403 -1.2764067470655250e-04
    4.250000   0.17842421 -1.2620739179113841e-04
    4.250000   0.24312010 -1.2409879589912916e-04
    4.250000   0.30784849 -1.2130239542293026e-04
    4.250000   0.37259260 -1.1783560197928594e-04
    4.250000   0.43734549 -1.1375610531135777e-04
    4.250000   0.50210377 -1.0916327305215777e-04
    4.250000   0.56686560 -1.0419081789334453e-04
    4.250000   0.63162987 -9.8993384968912290e-05
    4.250000   0.69639591 -9.3730795094054396e-05
    4.250000   0.76116325 -8.8553444460470697e-05
    4.250000   0.82593158 -8.3591265613551912e-05
    4.250000   0.89070068 -7.8947286116795554e-05
    4.250000   0.95547037 -7.4695644242799423e-05
    4.250000   1.02024053 -7.0883168149653278e-05
    4.250000   1.08501108 -6.7533318745486824e-05
    4.250000   1.14978193 -6.4651332038434089e-05
    4.250000   1.21455301 -6.2229628414101914e-05
    4.250000   1.27932429 -6.0252855212068939e-05
    4.250000   1.34409571 -5.8702208418215474e-05
    4.250000   1.40886724 -5.7558895462923023e-05
    4.250000   1.47363885 -5.6806742395360354e-05
    4.250000   1.53841049 -5.6434022320124023e-05
    4.250000   1.60318216 -5.6434603157738133e-05
    4.250000   1.66795381 -5.6808497895842979e-05
    4.250000   1.73272541 -5.7561863861136216e-05
    4.250000   1.79749694 -5.8706450868120552e-05
    4.250000   1.86226837 -6.0258451440177231e-05
    4.250000   1.92703964 -6.2236669707270100e-05
    4.250000   1.99181073 -6.4659910783667417e-05
    4.250000   2.05658157 -6.7543513768737596e-05
    4.250000   2.12135212 -7.0895025387451613e-05
    4.250000   2.18612229 -7.4709152926967821e-05
    4.250000   2.25089198 -7.8962351736684071e-05
    4.250000   2.31566107 -8.3607682440324616e-05
    4.250000   2.38042940 -8.8570872218141829e-05
    4.250000   2.44519674 -9.3748746062471375e-05
    4.250000   2.50996278 -9.9011228780202497e-05
    4.250000   2.57472706 -1.0420781075247809e-04
    4.250000   2.63948889 -1.0917861537247396e-04
    4.250000   2.70424717 -1.1376902656266982e-04
    4.250000   2.76900006 -1.1784546450019687e-04
    4.250000   2.83374417 -1.2130880166833503e-04
    4.250000   2.89847256 -1.2410167843948750e-04
    4.250000   2.96316844 -1.2620706467846246e-04
    4.250000   3.02777863 -1.2763782982694601e-04
    4.250000   3.09200950 -1.2842032809651338e-04
    4.300000   0.04958315 -1.2764212153255615e-04
    4.300000   0.11381403 -1.2663827434092716e-04
    4.300000   0.17842421 -1.2483763689961336e-04
    4.300000   0.24312010 -1.2225678815684242e-04
    4.300000   0.30784849 -1.1893419334092804e-04
    4.300000   0.37259260 -1.1493814187395867e-04
    4.300000   0.43734549 -1.1037003926392387e-04
    4.300000   0.50210377 -1.0536123169020410e-04
    4.300000   0.56686560 -1.0006397029320132e-04
    4.300000   0.63162987 -9.4638782303545685e-05
    4.300000   0.69639591 -8.9241158015986927e-05
    4.300000   0.76116325 -8.4010130850199562e-05
    4.300000   0.82593158 -7.9060389068250563e-05
    4.300000   0.89070068 -7.4478464665293358e-05
    4.300000   0.95547037 -7.0322644935129155e-05
    4.300000   1.02024053 -6.6625709998570536e-05
    4.300000   1.08501108 -6.3399417267968408e-05
    4.300000   1.14978193 -6.0639737749793608e-05
    4.300000   1.21455301 -5.8332077799583633e-05
    4.300000   1.27932429 -5.6455989238361488e-05
    4.300000   1.34409571 -5.4989112308074236e-05
    4.300000   1.40886724 -5.3910277041595926e-05
    4.300000   1.47363885 -5.3201802583887331e-05
    4.300000   1.53841049 -5.2851089033642918e-05
    4.300000   1.60318216 -5.2851606588767381e-05
    4.300000   1.66795381 -5.3203366622063612e-05
    4.300000   1.73272541 -5.3912921075058003e-05
    4.300000   1.79749694 -5.4992890046046038e-05
    4.300000   1.86226837 -5.6460970947875105e-05
    4.300000   1.92703964 -5.8338344411177078e-05
    4.300000   1.99181073 -6.0647372031136431e-05
    4.300000   2.05658157 -6.3408491409170842e-05
    4.300000   2.12135212 -6.6636269191817725e-05
    4.300000   2.18612229 -7.0334687074939296e-05
    4.300000   2.25089198 -7.4491917211034190e-05
    4.300000   2.31566107 -7.9075085397630818e-05
    4.300000   2.38042940 -8.4025789962649151e-05
    4.300000   2.44519674 -8.9257372902018674e-05
    4.300000   2.50996278 -9.4655023157691037e-05
    4.300000   2.57472706 -1.0007960835403950e-04
    4.300000   2.63948889 -1.0537558724014453e-04
    4.300000   2.70424717 -1.1038245298257459e-04
    4.300000   2.76900006 -1.1494806277951054e-04
    4.300000   2.83374417 -1.1894127030120876e-04
    4.300000   2.89847256 -1.2226094739271003e-04
    4.300000   2.96316844 -1.2483912706067574e-04
    4.300000   3.02777863 -1.2663766478847275e-04
    4.300000   3.09200950 -1.2764024780083201e-04
    4.350000   0.04958315 -1.2502554134261493e-04
    4.350000   0.11381403 -1.2388136559760869e-04
    4.350000   0.17842421 -1.2184831492515456e-04
    4.350000   0.24312010 -1.1897319389501525e-04
    4.350000   0.30784849 -1.1533030891266369e-04
    4.350000   0.37259260 -1.1102325482552742e-04
    4.350000   0.43734549 -1.0618307716815428e-04
    4.350000   0.50210377 -1.0096186216219251e-04
    4.350000   0.56686560 -9.5522617442887574e-05
    4.350000   0.63162987 -9.0027402585317551e-05
    4.350000   0.69639591 -8.4625981963255118e-05
    4.350000   0.76116325 -7.9446873898880165e-05
    4.350000   0.82593158 -7.4591856973885536e-05
    4.350000   0.89070068 -7.0134115528648744e-05
    4.350000   0.95547037 -6.6119519878805609e-05
    4.350000   1.02024053 -6.2570155355413381e-05
    4.350000   1.08501108 -5.9489124822292143e-05
    4.350000   1.14978193 -5.6865767314062663e-05
    4.350000   1.21455301 -5.4680658725635323e-05
    4.350000   1.27932429 -5.2910004231110444e-05
    4.350000   1.34409571 -5.1529242478730326e-05
    4.350000   1.40886724 -5.0515834422999500e-05
    4.350000   1.47363885 -4.9851301988865807e-05
    4.350000   1.53841049 -4.9522622432765497e-05
    4.350000   1.60318216 -4.9523086362321496e-05
    4.350000   1.66795381 -4.9852703727671266e-05
    4.350000   1.73272541 -5.0518203316931508e-05
    4.350000   1.79749694 -5.1532625649199617e-05
    4.350000   1.86226837 -5.2914463528930552e-05
    4.350000   1.92703964 -5.4686265777838436e-05
    4.350000   1.99181073 -5.6872596078893195e-05
    4.350000   2.05658157 -5.9497241082043722e-05
    4.350000   2.12135212 -6.2579602776056945e-05
    4.350000   2.18612229 -6.6130302722992824e-05
    4.350000   2.25089198 -7.0146178881497629e-05
    4.350000   2.31566107 -7.4605066430100456e-05
    4.350000   2.38042940 -7.9460997958439696e-05
    4.350000   2.44519674 -8.4640681627225586e-05
    4.350000   2.50996278 -9.0042233395619647e-05
    4.350000   2.57472706 -9.5537048914433136e-05
    4.350000   2.63948889 -1.0097531770033962e-04
    4.350000   2.70424717 -1.0619499393789428e-04
    4.350000   2.76900006 -1.1103315800903902e-04
    4.350000   2.83374417 -1.1533788945155197e-04
    4.350000   2.89847256 -1.1897837483327028e-04
    4.350000   2.96316844 -1.2185129059120329e-04
    4.350000   3.02777863 -1.2388260116548400e-04
    4.350000   3.09200950 -1.2502572736407421e-04
    4.400000   0.04958315 -1.2109967875288255e-04
    4.400000   0.11381403 -1.1987562088665493e-04
    4.400000   0.17842421 -1.1771268620198659e-04
    4.400000   0.24312010 -1.1467838769273813e-04
    4.400000   0.30784849 -1.1087127043009702e-04
    4.400000   0.37259260 -1.0641828955349760e-04
    4.400000   0.43734549 -1.0146934817383456e-04
    4.400000   0.50210377 -9.6188686872879112e-05
    4.400000   0.56686560 -9.0744158547325100e-05
    4.400000   0.63162987 -8.5296098092592511e-05
    4.400000   0.69639591 -7.9987569133041928e-05
    4.400000   0.76116325 -7.4937328684240731e-05
    4.400000   0.82593158 -7.0236139445805702e-05
    4.400000   0.89070068 -6.5946347695780609e-05
    4.400000   0.95547037 -6.2104122427840910e-05
    4.400000   1.02024053 -5.8723491755642446e-05
    4.400000   1.08501108 -5.5801291588383908e-05
    4.400000   1.14978193 -5.3322282340807711e-05
    4.400000   1.21455301 -5.1263905283778788e-05
    4.400000   1.27932429 -4.9600371535379549e-05
    4.400000   1.34409571 -4.8305961125464683e-05
    4.400000   1.40886724 -4.7357539466357376e-05
    4.400000   1.47363885 -4.6736373771541341e-05
    4.400000   1.53841049 -4.6429361605852634e-05
    4.400000   1.60318216 -4.6429779969835530e-05
    4.400000   1.66795381 -4.6737637562960078e-05
    4.400000   1.73272541 -4.7359674363569284e-05
    4.400000   1.79749694 -4.8309008433900830e-05
    4.400000   1.86226837 -4.9604385637180536e-05
    4.400000   1.92703964 -5.1268949474736041e-05
    4.400000   1.99181073 -5.3328422550197945e-05
    4.400000   2.05658157 -5.5808587487136065e-05
    4.400000   2.12135212 -5.8731984924876592e-05
    4.400000   2.18612229 -6.2113821645287920e-05
    4.400000   2.25089198 -6.5957212050273844e-05
    4.400000   2.31566107 -7.0248060911262791e-05
    4.400000   2.38042940 -7.4950116885400493e-05
    4.400000   2.44519674 -8.0000942094868879e-05
    4.400000   2.50996278 -8.5309683416861737e-05
    4.400000   2.57472706 -9.0757509236093572e-05
    4.400000   2.63948889 -9.6201314484437606e-05
    4.400000   2.70424717 -1.0148077296439789e-04
    4.400000   2.76900006 -1.0642810301988573e-04
    4.400000   2.83374417 -1.1087920112762467e-04
    4.400000   2.89847256 -1.1468435776125065e-04
    4.400000   2.96316844 -1.1771684518262043e-04
    4.400000   3.02777863 -1.1987834611171522e-04
    4.400000   3.09200950 -1.2110153754103584e-04
    4.450000   0.04958315 -1.1627450858673684e-04
    4.450000   0.11381403 -1.1501599090804755e-04
    4.450000   0.17842421 -1.1280014778186363e-04
    4.450000   0.24312010 -1.0970794498852012e-04
    4.450000   0.30784849 -1.0585332811808310e-04
    4.450000   0.37259260 -1.0137752635093075e-04
    4.450000   0.43734549 -9.6441118988090357e-05
    4.450000   0.50210377 -9.1214015845465522e-05
    4.450000   0.56686560 -8.5864489888344005e-05
    4.450000   0.63162987 -8.0548766412725685e-05
    4.450000   0.69639591 -7.5402572946265824e-05
    4.450000   0.76116325 -7.0535589026420007e-05
    4.450000   0.82593158 -6.6029107797552935e-05
    4.450000   0.89070068 -6.1936640473811639e-05
    4.450000   0.95547037 -5.8286798287034916e-05
    4.450000   1.02024053 -5.5087618369331593e-05
    4.450000   1.08501108 -5.2331528348976451e-05
    4.450000   1.14978193 -5.0000299134597256e-05
    4.450000   1.21455301 -4.8069542200400182e-05
    4.450000   1.27932429 -4.6512509266676604e-05
    4.450000   1.34409571 -4.5303114938511884e-05
    4.450000   1.40886724 -4.4418214099763641e-05
    4.450000   1.47363885 -4.3839227500401287e-05
    4.450000   1.53841049 -4.3553230213185369e-05
    4.450000   1.60318216 -4.3553609727028173e-05
    4.450000   1.66795381 -4.3840373644317682e-05
    4.450000   1.73272541 -4.4420149330861090e-05
    4.450000   1.79749694 -4.5305875439714631e-05
    4.450000   1.86226837 -4.6516142809710787e-05
    4.450000   1.92703964 -4.8074104644491369e-05
    4.450000   1.99181073 -5.0005849126298341e-05
    4.450000   2.05658157 -5.2338119795123744e-05
    4.450000   2.12135212 -5.5095290394626023e-05
    4.450000   2.18612229 -5.8295562712741817e-05
    4.450000   2.25089198 -6.1946467405402258e-05
    4.450000   2.31566107 -6.6039910688165662e-05
    4.450000   2.38042940 -7.0547211515258393e-05
    4.450000   2.44519674 -7.5414780671491298e-05
    4.450000   2.50996278 -8.0561247559249227e-05
    4.450000   2.57472706 -8.5876868059430451e-05
    4.450000   2.63948889 -9.1225877575276413e-05
    4.450000   2.70424717 -9.6452055675829145e-05
    4.450000   2.76900006 -1.0138718683113125e-04
    4.450000   2.83374417 -1.0586147423356426e-04
    4.450000   2.89847256 -1.0971449957937178e-04
    4.450000   2.96316844 -1.1280522371473488e-04
    4.450000   3.02777863 -1.1501989198582650e-04
    4.450000   3.09200950 -1.1627769818835167e-04
    4.500000   0.04958315 -1.1086804656462566e-04
    4.500000   0.11381403 -1.0960869306763655e-04
    4.500000   0.17842421 -1.0739684719545337e-04
    4.500000   0.24312010 -1.0432144478277405e-04
    4.500000   0.30784849 -1.0050516315367812e-04
    4.500000   0.37259260 -9.6096665936052026e-05
    4.500000   0.43734549 -9.1261074761546596e-05
    4.500000   0.50210377 -8.6169140392342901e-05
    4.500000   0.56686560 -8.0986305558377036e-05
    4.500000   0.63162987 -7.5862992621106594e-05
    4.500000   0.69639591 -7.0927228465616346e-05
    4.500000   0.76116325 -6.6280245135508757e-05
    4.500000   0.82593158 -6.1995137778273713e-05
    4.500000   0.89070068 -5.8118183427542857e-05
    4.500000   0.95547037 -5.4672124008586563e-05
    4.500000   1.02024053 -5.1660616686760268e-05
    4.500000   1.08501108 -4.9073117555415898e-05
    4.500000   1.14978193 -4.6889626476231112e-05
    4.500000   1.21455301 -4.5084917578135039e-05
    4.500000   1.27932429 -4.3632063753081812e-05
    4.500000   1.34409571 -4.2505207717540509e-05
    4.500000   1.40886724 -4.1681628145543951e-05
    4.500000   1.47363885 -4.1143200257537436e-05
    4.500000   1.53841049 -4.0877365139788585e-05
    4.500000   1.60318216 -4.0877711389312179e-05
    4.500000   1.66795381 -4.1144245648219286e-05
    4.500000   1.73272541 -4.1683392311496664e-05
    4.500000   1.79749694 -4.2507722340616796e-05
    4.500000   1.86226837 -4.3635370769661858e-05
    4.500000   1.92703964 -4.5089066230880062e-05
    4.500000   1.99181073 -4.6894668836761469e-05
    4.500000   2.05658157 -4.9079102148149940e-05
    4.500000   2.12135212 -5.1667579961174481e-05
    4.500000   2.18612229 -5.4680079681408070e-05
    4.500000   2.25089198 -5.8127110182296007e-05
    4.500000   2.31566107 -6.2004966468346797e-05
    4.500000   2.38042940 -6.6290847425862017e-05
    4.500000   2.44519674 -7.0938409612055555e-05
    4.500000   2.50996278 -7.5874491566440058e-05
    4.500000   2.57472706 -8.0997805391718971e-05
    4.500000   2.63948889 -8.6180291161033805e-05
    4.500000   2.70424717 -9.1271528502572110e-05
    4.500000   2.76900006 -9.6106120796154645e-05
    4.500000   2.83374417 -1.0051341021542874e-04
    4.500000   2.89847256 -1.0432840869415402e-04
    4.500000   2.96316844 -1.0740261098873497e-04
    4.500000   3.02777863 -1.0961349937765294e-04
    4.500000   3.09200950 -1.1087227166781665e-04
    4.550000   0.04958315 -1.0512482382920481e-04
    4.550000   0.11381403 -1.0388903419965694e-04
    4.550000   0.17842421 -1.0172239920951553e-04
    4.550000   0.24312010 -9.8717727729688410e-05
    4.550000   0.30784849 -9.5001457066510881e-05
    4.550000   0.37259260 -9.0724605127688566e-05
    4.550000   0.43734549 -8.6052307549396210e-05
    4.550000   0.50210377 -8.1152628735022038e-05
    4.550000   0.56686560 -7.6185854693603506e-05
    4.550000   0.63162987 -7.1295455930774703e-05
    4.550000   0.69639591 -6.6601607278751111e-05
    4.550000   0.76116325 -6.2197680094640314e-05
    4.550000   0.82593158 -5.8149624983403146e-05
    4.550000   0.89070068 -5.4497766414161658e-05
    4.550000   0.95547037 -5.1260303873449231e-05
    4.550000   1.02024053 -4.8437763661334951e-05
    4.550000   1.08501108 -4.6017731473937990e-05
    4.550000   1.14978193 -4.3979359673470993e-05
    4.550000   1.21455301 -4.2297328929186221e-05
    4.550000   1.27932429 -4.0945111707023062e-05
    4.550000   1.34409571 -3.9897513550066758e-05
    4.550000   1.40886724 -3.9132551408129197e-05
    4.550000   1.47363885 -3.8632770600814237e-05
    4.550000   1.53841049 -3.8386112145161790e-05
    4.550000   1.60318216 -3.8386429769326485e-05
    4.550000   1.66795381 -3.8633729276702037e-05
    4.550000   1.73272541 -3.9134168301358928e-05
    4.550000   1.79749694 -3.9899816396780628e-05
    4.550000   1.86226837 -4.0948137306015145e-05
    4.550000   1.92703964 -4.2301120654980006e-05
    4.550000   1.99181073 -4.3983963688732386e-05
    4.550000   2.05658157 -4.6023191322249252e-05
    4.550000   2.12135212 -4.8444113019746657e-05
    4.550000   2.18612229 -5.1267557475873694e-05
    4.550000   2.25089198 -5.4505909550585281e-05
    4.550000   2.31566107 -5.8158602536957693e-05
    4.550000   2.38042940 -6.2207386745943914e-05
    4.550000   2.44519674 -6.6611881154003552e-05
    4.550000   2.50996278 -7.1306078379902583e-05
    4.550000   2.57472706 -7.6196558780243783e-05
    4.550000   2.63948889 -8.1163118140021456e-05
    4.550000   2.70424717 -8.6062285812476419e-05
    4.550000   2.76900006 -9.0733812633873008e-05
    4.550000   2.83374417 -9.5009710441541016e-05
    4.550000   2.89847256 -9.8724954168371632e-05
    4.550000   2.96316844 -1.0172865763139521e-04
    4.550000   3.02777863 -1.0389451663259195e-04
    4.550000   3.09200950 -1.0512983395729010e-04
    4.600000   0.04958315 -9.9230836697726833e-05
    4.600000   0.11381403 -9.8035836599398555e-05
    4.600000   0.17842421 -9.5943422618871471e-05
    4.600000   0.24312010 -9.3047258893987336e-05
    4.600000   0.30784849 -8.9473893501986105e-05
    4.600000   0.37259260 -8.5372990673547776e-05
    4.600000   0.43734549 -8.0906424916304129e-05
    4.600000   0.50210377 -7.6237063142208308e-05
    4.600000   0.56686560 -7.1518429912531154e-05
    4.600000   0.63162987 -6.6886319841900736e-05
    4.600000   0.69639591 -6.2453069415839226e-05
    4.600000   0.76116325 -5.8304739859479931e-05
    4.600000   0.82593158 -5.4501016788628395e-05
    4.600000   0.89070068 -5.1077300138890669e-05
    4.600000   0.95547037 -4.8048286933012023e-05
    4.600000   1.02024053 -4.5412334684317456e-05
    4.600000   1.08501108 -4.3155993757029238e-05
    4.600000   1.14978193 -4.1258258845271311e-05
    4.600000   1.21455301 -3.9694264157773051e-05
    4.600000   1.27932429 -3.8438300104242543e-05
    4.600000   1.34409571 -3.7466144141427083e-05
    4.600000   1.40886724 -3.6756771265032612e-05
    4.600000   1.47363885 -3.6293545146792955e-05
    4.600000   1.53841049 -3.6064997562703245e-05
    4.600000   1.60318216 -3.6065290408700906e-05
    4.600000   1.66795381 -3.6294428757203835e-05
    4.600000   1.73272541 -3.6758260651721577e-05
    4.600000   1.79749694 -3.7468263589765630e-05
    4.600000   1.86226837 -3.8441081901584087e-05
    4.600000   1.92703964 -3.9697746490709738e-05
    4.600000   1.99181073 -4.1262482589354321e-05
    4.600000   2.05658157 -4.3160997884214428e-05
    4.600000   2.12135212 -4.5418150096251676e-05
    4.600000   2.18612229 -4.8054928724181887e-05
    4.600000   2.25089198 -5.1084758626885745e-05
    4.600000   2.31566107 -5.4509248119928049e-05
    4.600000   2.38042940 -5.8313657563576346e-05
    4.600000   2.44519674 -6.2462538828118625e-05
    4.600000   2.50996278 -6.6896157664215076e-05
    4.600000   2.57472706 -7.1528411097195155e-05
    4.600000   2.63948889 -7.6246936550728234e-05
    4.600000   2.70424717 -8.0915937715574454e-05
    4.600000   2.76900006 -8.5381919318165513e-05
    4.600000   2.83374417 -8.9482076842306506e-05
    4.600000   2.89847256 -9.3054627137908872e-05
    4.600000   2.96316844 -9.5950015326340824e-05
    4.600000   3.02777863 -9.8041804135246081e-05
    4.600000   3.09200950 -9.9236422534626032e-05
    4.650000   0.04958315 -9.3325625718200538e-05
    4.650000   0.11381403 -9.2183096568000051e-05
    4.650000   0.17842421 -9.0184484335191083e-05
    4.650000   0.24312010 -8.7422127652951161e-05
    4.650000   0.30784849 -8.4020062206186137e-05
    4.650000   0.37259260 -8.0123955577798196e-05
    4.650000   0.43734549 -7.5890118869506001e-05
    4.650000   0.50210377 -7.1474499113224763e-05
    4.650000   0.56686560 -6.7022814306130592e-05
    4.650000   0.63162987 -6.2662787337696996e-05
    4.650000   0.69639591 -5.8499055507344757e-05
    4.650000   0.76116325 -5.4610888618280922e-05
    4.650000   0.82593158 -5.1052447475539395e-05
    4.650000   0.89070068 -4.7855033993406317e-05
    4.650000   0.95547037 -4.5030655422769458e-05
    4.650000   1.02024053 -4.2576235575845771e-05
    4.650000   1.08501108 -4.0477914401463746e-05
    4.650000   1.14978193 -3.8715034387866237e-05
    4.650000   1.21455301 -3.7263575160043520e-05
    4.650000   1.27932429 -3.6098937520145371e-05
    4.650000   1.34409571 -3.5198081208549228e-05
    4.650000   1.40886724 -3.4541084708796238e-05
    4.650000   1.47363885 -3.4112225487568770e-05
    4.650000   1.53841049 -3.3900683166232194e-05
    4.650000   1.60318216 -3.3900954420853789e-05
    4.650000   1.66795381 -3.4113043688129561e-05
    4.650000   1.73272541 -3.4542462992118713e-05
    4.650000   1.79749694 -3.5200040849089758e-05
    4.650000   1.86226837 -3.6101506853892826e-05
    4.650000   1.92703964 -3.7266787801241795e-05
    4.650000   1.99181073 -3.8718926501373103e-05
    4.650000   2.05658157 -4.0482520794413457e-05
    4.650000   2.12135212 -4.2581584442270883e-05
    4.650000   2.18612229 -4.5036761740655708e-05
    4.650000   2.25089198 -4.7861891855781238e-05
    4.650000   2.31566107 -5.1060022035825058e-05
    4.650000   2.38042940 -5.4619108807415050e-05
    4.650000   2.44519674 -5.8507809143259266e-05
    4.650000   2.50996278 -6.2671920543371399e-05
    4.650000   2.57472706 -6.7032137085301055e-05
    4.650000   2.63948889 -7.1483798318769157e-05
    4.650000   2.70424717 -7.5899178551830791e-05
    4.650000   2.76900006 -8.0132582926043317e-05
    4.650000   2.83374417 -8.4028115353232015e-05
    4.650000   2.89847256 -8.7429540085780466e-05
    4.650000   2.96316844 -9.0191280178534227e-05
    4.650000   3.02777863 -9.2189392043192528e-05
    4.650000   3.09200950 -9.3331614566121630e-05
    4.700000   0.04958315 -8.7512018650377302e-05
    4.700000   0.11381403 -8.6429390032948168e-05
    4.700000   0.17842421 -8.4536931483082350e-05
    4.700000   0.24312010 -8.1924121165548864e-05
    4.700000   0.30784849 -7.8710650922974155e-05
    4.700000   0.37259260 -7.5036370413966418e-05
    4.700000   0.43734549 -7.1050475352902513e-05
    4.700000   0.50210377 -6.6900878108975493e-05
    4.700000   0.56686560 -6.2724874905229148e-05
    4.700000   0.63162987 -5.8641971406316364e-05
    4.700000   0.69639591 -5.4749337849912597e-05
    4.700000   0.76116325 -5.1119942247866269e-05
    4.700000   0.82593158 -4.7803048411800999e-05
    4.700000   0.89070068 -4.4826526497268784e-05
    4.700000   0.95547037 -4.2200326920440374e-05
    4.700000   1.02024053 -3.9920495934625381e-05
    4.700000   1.08501108 -3.7973222735071188e-05
    4.700000   1.14978193 -3.6338558404927966e-05
    4.700000   1.21455301 -3.4993598410315381e-05
    4.700000   1.27932429 -3.3915048017128918e-05
    4.700000   1.34409571 -3.3081182659146879e-05
    4.700000   1.40886724 -3.2473271920165921e-05
    4.700000   1.47363885 -3.2076561490372537e-05
    4.700000   1.53841049 -3.1880909754877754e-05
    4.700000   1.60318216 -3.1881162055564547e-05
    4.700000   1.66795381 -3.2077322277410343e-05
    4.700000   1.73272541 -3.2474552701496625e-05
    4.700000   1.79749694 -3.3083002088119616e-05
    4.700000   1.86226837 -3.3917430977726808e-05
    4.700000   1.92703964 -3.4996574499218375e-05
    4.700000   1.99181073 -3.6342159606966043e-05
    4.700000   2.05658157 -3.7977480089076044e-05
    4.700000   2.12135212 -3.9925435045916096e-05
    4.700000   2.18612229 -4.2205962316757083e-05
    4.700000   2.25089198 -4.4832855063982984e-05
    4.700000   2.31566107 -4.7810042479681148e-05
    4.700000   2.38042940 -5.1127543310270153e-05
    4.700000   2.44519674 -5.4757452277711902e-05
    4.700000   2.50996278 -5.8650469779071718e-05
    4.700000   2.57472706 -6.2733596522224151e-05
    4.700000   2.63948889 -6.6909641729331247e-05
    4.700000   2.70424717 -7.1059096167452458e-05
    4.700000   2.76900006 -7.5044681762139712e-05
    4.700000   2.83374417 -7.8718527636239443e-05
    4.700000   2.89847256 -8.1931500130401163e-05
    4.700000   2.96316844 -8.4543824611216977e-05
    4.700000   3.02777863 -8.6435885685645980e-05
    4.700000   3.09200950 -8.7518269648708132e-05
    4.750000   0.04958315 -8.1863974142262446e-05
    4.750000   0.11381403 -8.0845445839518965e-05
    4.750000   0.17842421 -7.9066004770812019e-05
    4.750000   0.24312010 -7.6611228870164359e-05
    4.750000   0.30784849 -7.3595241569469590e-05
    4.750000   0.37259260 -7.0150882789048281e-05
    4.750000   0.43734549 -6.6419254927255794e-05
    4.750000   0.50210377 -6.2539584668777211e-05
    4.750000   0.56686560 -5.8640457778637210e-05
    4.750000   0.63162987 -5.4833205121249496e-05
    4.750000   0.69639591 -5.1207828572346469e-05
    4.750000   0.76116325 -4.7831456636232973e-05
    4.750000   0.82593158 -4.4748992771380050e-05
    4.750000   0.89070068 -4.1985414098025298e-05
    4.750000   0.95547037 -3.9549105237781655e-05
    4.750000   1.02024053 -3.7435650482856581e-05
    4.750000   1.08501108 -3.5631618649294111e-05
    4.750000   1.14978193 -3.4118017430279612e-05
    4.750000   1.21455301 -3.2873234179073711e-05
    4.750000   1.27932429 -3.1875396494902634e-05
    4.750000   1.34409571 -3.1104169489167735e-05
    4.750000   1.40886724 -3.0542056936130730e-05
    4.750000   1.47363885 -3.0175295683459550e-05
    4.750000   1.53841049 -2.9994433745011785e-05
    4.750000   1.60318216 -2.9994669273538805e-05
    4.750000   1.66795381 -3.0176005676187876e-05
    4.750000   1.73272541 -3.0543251488973149e-05
    4.750000   1.79749694 -3.1105864978850679e-05
    4.750000   1.86226837 -3.1877614797205210e-05
    4.750000   1.92703964 -3.2876001371057417e-05
    4.750000   1.99181073 -3.4121361802165322e-05
    4.750000   2.05658157 -3.5635567851874775e-05
    4.750000   2.12135212 -3.7440227686612762e-05
    4.750000   2.18612229 -3.9554324299187352e-05
    4.750000   2.25089198 -4.1991273931251663e-05
    4.750000   2.31566107 -4.4755471409377721e-05
    4.750000   2.38042940 -4.7838505806574005e-05
    4.750000   2.44519674 -5.1215369943922979e-05
    4.750000   2.50996278 -5.4841129589354064e-05
    4.750000   2.57472706 -5.8648629110426729e-05
    4.750000   2.63948889 -6.2547848399396291e-05
    4.750000   2.70424717 -6.6427452518399183e-05
    4.750000   2.76900006 -7.0158869811375962e-05
    4.750000   2.83374417 -7.3602907299873216e-05
    4.750000   2.89847256 -7.6618513610884906e-05
    4.750000   2.96316844 -7.9072910852647191e-05
    4.750000   3.02777863 -8.0852038986959187e-05
    4.750000   3.09200950 -8.1870373625669575e-05
    4.800000   0.04958315 -7.6432882747111115e-05
    4.800000   0.11381403 -7.5480230312170853e-05
    4.800000   0.17842421 -7.3816554673128716e-05
    4.800000   0.24312010 -7.1522870601236363e-05
    4.800000   0.30784849 -6.8706969994458279e-05
    4.800000   0.37259260 -6.5493969193991641e-05
    4.800000   0.43734549 -6.2016334250030022e-05
    4.800000   0.50210377 -5.8404305057571636e-05
    4.800000   0.56686560 -5.4777712702101031e-05
    4.800000   0.63162987 -5.1239893842156034e-05
    4.800000   0.69639591 -4.7874026031372129e-05
    4.800000   0.76116325 -4.4741834324535394e-05
    4.800000   0.82593158 -4.1884323949456514e-05
    4.800000   0.89070068 -3.9324016103356582e-05
    4.800000   0.95547037 -3.7068108878867014e-05
    4.800000   1.02024053 -3.5112030293252910e-05
    4.800000   1.08501108 -3.3442958620646190e-05
    4.800000   1.14978193 -3.2043018914381466e-05
    4.800000   1.21455301 -3.0891993785256032e-05
    4.800000   1.27932429 -2.9969492628912436e-05
    4.800000   1.34409571 -2.9256598874923613e-05
    4.800000   1.40886724 -2.8737059749077325e-05
    4.800000   1.47363885 -2.8398102348517345e-05
    4.800000   1.53841049 -2.8230960044173976e-05
    4.800000   1.60318216 -2.8231180605503979e-05
    4.800000   1.66795381 -2.8398767026657478e-05
    4.800000   1.73272541 -2.8738177418441055e-05
    4.800000   1.79749694 -2.9258183939197766e-05
    4.800000   1.86226837 -2.9971564348844178e-05
    4.800000   1.92703964 -3.0894575163442141e-05
    4.800000   1.99181073 -3.2046134987791396e-05
    4.800000   2.05658157 -3.3446634011770450e-05
    4.800000   2.12135212 -3.5116285913569967e-05
    4.800000   2.18612229 -3.7072957779774978e-05
    4.800000   2.25089198 -3.9329458641798994e-05
    4.800000   2.31566107 -4.1890342677681458e-05
    4.800000   2.38042940 -4.4748389302276924e-05
    4.800000   2.44519674 -4.7881051538130457e-05
    4.800000   2.50996278 -5.1247297645628155e-05
    4.800000   2.57472706 -5.4785379000568801e-05
    4.800000   2.63948889 -5.8412101851030908e-05
    4.800000   2.70424717 -6.2024125156718595e-05
    4.800000   2.76900006 -6.5501628678959974e-05
    4.800000   2.83374417 -6.8714399826117357e-05
    4.800000   2.89847256 -7.1530014440865971e-05
    4.800000   2.96316844 -7.3823407410522488e-05
    4.800000   3.02777863 -7.5486839357512912e-05
    4.800000   3.09200950 -7.6439339954058886e-05
    4.850000   0.04958315 -7.1252616336513593e-05
    4.850000   0.11381403 -7.0365823619032453e-05
    4.850000   0.17842421 -6.8817623149260019e-05
    4.850000   0.24312010 -6.6684087647044069e-05
    4.850000   0.30784849 -6.4066261685681770e-05
    4.850000   0.37259260 -6.1081183144882283e-05
    4.850000   0.43734549 -5.7852464092945234e-05
    4.850000   0.50210377 -5.4501316697597047e-05
    4.850000   0.56686560 -5.1138952766286070e-05
    4.850000   0.63162987 -4.7860994091214754e-05
    4.850000   0.69639591 -4.4744166368521983e-05
    4.850000   0.76116325 -4.1845201827525446e-05
    4.850000   0.82593158 -3.9201608217225912e-05
    4.850000   0.89070068 -3.6833806867766419e-05
    4.850000   0.95547037 -3.4748100772907780e-05
    4.850000   1.02024053 -3.2939981838417282e-05
    4.850000   1.08501108 -3.1397390019817188e-05
    4.850000   1.14978193 -3.0103661586955138e-05
    4.850000   1.21455301 -2.9040022442597371e-05
    4.850000   1.27932429 -2.8187579062326758e-05
    4.850000   1.34409571 -2.7528827754376376e-05
    4.850000   1.40886724 -2.7048743183739785e-05
    4.850000   1.47363885 -2.6735524071270227e-05
    4.850000   1.53841049 -2.6581073671807680e-05
    4.850000   1.60318216 -2.6581280760313366e-05
    4.850000   1.66795381 -2.6736147974682196e-05
    4.850000   1.73272541 -2.7049791721938732e-05
    4.850000   1.79749694 -2.7530313624801967e-05
    4.850000   1.86226837 -2.8189519257921790e-05
    4.850000   1.92703964 -2.9042437287909111e-05
    4.850000   1.99181073 -3.0106573264727141e-05
    4.850000   2.05658157 -3.1400820460589365e-05
    4.850000   2.12135212 -3.2943949882201785e-05
    4.850000   2.18612229 -3.4752618598419588e-05
    4.850000   2.25089198 -3.6838875830938124e-05
    4.850000   2.31566107 -3.9207214446167237e-05
    4.850000   2.38042940 -4.1851312165593061e-05
    4.850000   2.44519674 -4.4750725493167979e-05
    4.850000   2.50996278 -4.7867923786579554e-05
    4.850000   2.57472706 -5.1146154294951918e-05
    4.850000   2.63948889 -5.4508676911087032e-05
    4.850000   2.70424717 -5.7859865299715286e-05
    4.850000   2.76900006 -6.1088515872357387e-05
    4.850000   2.83374417 -6.4073438506649294e-05
    4.850000   2.89847256 -6.6691055475713516e-05
    4.850000   2.96316844 -6.8824371166228669e-05
    4.850000   3.02777863 -7.0372384483214509e-05
    4.850000   3.09200950 -7.1259059570700250e-05
    4.900000   0.04958315 -6.6343563293765607e-05
    4.900000   0.11381403 -6.5521316836606564e-05
    4.900000   0.17842421 -6.4086105415895586e-05
    4.900000   0.24312010 -6.2108892353353274e-05
    4.900000   0.30784849 -5.9683817204484507e-05
    4.900000   0.37259260 -5.6919750301121331e-05
    4.900000   0.43734549 -5.3931471678252563e-05
    4.900000   0.50210377 -5.0831314574630527e-05
    4.900000   0.56686560 -4.7722135590701889e-05
    4.900000   0.63162987 -4.4692188715960337e-05
    4.900000   0.69639591 -4.1812135360210825e-05
    4.900000   0.76116325 -3.9134100763999123e-05
    4.900000   0.82593158 -3.6692444998069684e-05
    4.900000   0.89070068 -3.4505780823940047e-05
    4.900000   0.95547037 -3.2579738731266847e-05
    4.900000   1.02024053 -3.0910028529626721e-05
    4.900000   1.08501108 -2.9485444689436800e-05
    4.900000   1.14978193 -2.8290577865082467e-05
    4.900000   1.21455301 -2.7308103749604960e-05
    4.900000   1.27932429 -2.6520608328229187e-05
    4.900000   1.34409571 -2.5911970236197804e-05
    4.900000   1.40886724 -2.5468357104134021e-05
    4.900000   1.47363885 -2.5178907808964552e-05
    4.900000   1.53841049 -2.5036171947623341e-05
    4.900000   1.60318216 -2.5036366802560346e-05
    4.900000   1.66795381 -2.5179494704948820e-05
    4.900000   1.73272541 -2.5469342952451146e-05
    4.900000   1.79749694 -2.5913366261850781e-05
    4.900000   1.86226837 -2.6522429562051892e-05
    4.900000   1.92703964 -2.7310368189772193e-05
    4.900000   1.99181073 -2.8293305198940527e-05
    4.900000   2.05658157 -2.9488654466867547e-05
    4.900000   2.12135212 -3.0913737710472923e-05
    4.900000   2.18612229 -3.2583958603083268e-05
    4.900000   2.25089198 -3.4510513410785131e-05
    4.900000   2.31566107 -3.6697679255439809e-05
    4.900000   2.38042940 -3.9139809062089601e-05
    4.900000   2.44519674 -4.1818270957043977e-05
    4.900000   2.50996278 -4.4698685048409625e-05
    4.900000   2.57472706 -4.7728908183419216e-05
    4.900000   2.63948889 -5.0838266108684496e-05
    4.900000   2.70424717 -5.3938500238545368e-05
    4.900000   2.76900006 -5.6926760079940939e-05
    4.900000   2.83374417 -5.9690730127025855e-05
    4.900000   2.89847256 -6.2115658448852283e-05
    4.900000   2.96316844 -6.4092709551140536e-05
    4.900000   3.02777863 -6.5527779846111635e-05
    4.900000   3.09200950 -6.6349936572010170e-05
    4.950000   0.04958315 -6.1715842968695431e-05
    4.950000   0.11381403 -6.0955916350898592e-05
    4.950000   0.17842421 -5.9629666806335823e-05
    4.950000   0.24312010 -5.7802936017248715e-05
    4.950000   0.30784849 -5.5562989423913786e-05
    4.950000   0.37259260 -5.3010633907214456e-05
    4.950000   0.43734549 -5.0252012061612091e-05
    4.950000   0.50210377 -4.7390861754706275e-05
    4.950000   0.56686560 -4.4522037332987584e-05
    4.950000   0.63162987 -4.1726815562299030e-05
    4.950000   0.69639591 -3.9070185900524233e-05
    4.950000   0.76116325 -3.6600028264530732e-05
    4.950000   0.82593158 -3.4347862194987330e-05
    4.950000   0.89070068 -3.2330731354417271e-05
    4.950000   0.95547037 -3.0553762545966058e-05
    4.950000   1.02024053 -2.9012986702497420e-05
    4.950000   1.08501108 -2.7698100693779556e-05
    4.950000   1.14978193 -2.6594954879328961e-05
    4.950000   1.21455301 -2.5687650638415141e-05
    4.950000   1.27932429 -2.4960212013566034e-05
    4.950000   1.34409571 -2.4397851405251877e-05
    4.950000   1.40886724 -2.3987881867826843e-05
    4.950000   1.47363885 -2.3720341983540458e-05
    4.950000   1.53841049 -2.3588398559541299e-05
    4.950000   1.60318216 -2.3588582211394637e-05
    4.950000   1.66795381 -2.3720895006680950e-05
    4.950000   1.73272541 -2.3988810392166345e-05
    4.950000   1.79749694 -2.4399165387693159e-05
    4.950000   1.86226837 -2.4961924791138657e-05
    4.950000   1.92703964 -2.5689778193755005e-05
    4.950000   1.99181073 -2.6597514725428742e-05
    4.950000   2.05658157 -2.7701110285367184e-05
    4.950000   2.12135212 -2.9016461308331566e-05
    4.950000   2.18612229 -3.0557712579381263e-05
    4.950000   2.25089198 -3.2335159265498733e-05
    4.950000   2.31566107 -3.4352759175935135e-05
    4.950000   2.38042940 -3.6605371195255156e-05
    4.950000   2.44519674 -3.9075935129946738e-05
    4.950000   2.50996278 -4.1732914227168300e-05
    4.950000   2.57472706 -4.4528412891602044e-05
    4.950000   2.63948889 -4.7397430194529631e-05
    4.950000   2.70424717 -5.0258684799038621e-05
    4.950000   2.76900006 -5.3017326773668926e-05
    4.950000   2.83374417 -5.5569632450599347e-05
    4.950000   2.89847256 -5.7809482191809168e-05
    4.950000   2.96316844 -5.9636097801187772e-05
    4.950000   3.02777863 -6.0962243573031275e-05
    4.950000   3.09200950 -6.1722103146835816e-05
    5.000000   0.04958315 -5.7371856976518588e-05
    5.000000   0.11381403 -5.6671407657595594e-05
    5.000000   0.17842421 -5.5449057412631016e-05
    5.000000   0.24312010 -5.3765625416125414e-05
    5.000000   0.30784849 -5.1701668617071497e-05
    5.000000   0.37259260 -4.9350171419874579e-05
    5.000000   0.43734549 -4.6808954296298426e-05
    5.000000   0.50210377 -4.4173535420938975e-05
    5.000000   0.56686560 -4.1531177887555868e-05
    5.000000   0.63162987 -3.8956596625920487e-05
    5.000000   0.69639591 -3.6509498339937057e-05
    5.000000   0.76116325 -3.4233855767130027e-05
    5.000000   0.82593158 -3.2158619062316179e-05
    5.000000   0.89070068 -3.0299460690104614e-05
    5.000000   0.95547037 -2.8661130722203507e-05
    5.000000   1.02024053 -2.7240045768447036e-05
    5.000000   1.08501108 -2.6026819432681175e-05
    5.000000   1.14978193 -2.5008539381456029e-05
    5.000000   1.21455301 -2.4170686591906431e-05
    5.000000   1.27932429 -2.3498664895653242e-05
    5.000000   1.34409571 -2.2978959475579004e-05
    5.000000   1.40886724 -2.2599972440325152e-05
    5.000000   1.47363885 -2.2352595675783729e-05
    5.000000   1.53841049 -2.2230580423929757e-05
    5.000000   1.60318216 -2.2230753733020221e-05
    5.000000   1.66795381 -2.2353117444501838e-05
    5.000000   1.73272541 -2.2600848127821507e-05
    5.000000   1.79749694 -2.2980197948737476e-05
    5.000000   1.86226837 -2.3500278032462015e-05
    5.000000   1.92703964 -2.4172688633199277e-05
    5.000000   1.99181073 -2.5010945951722229e-05
    5.000000   2.05658157 -2.6029646151227522e-05
    5.000000   2.12135212 -2.7243306395461540e-05
    5.000000   2.18612229 -2.8664834838282619e-05
    5.000000   2.25089198 -3.0303610998298364e-05
    5.000000   2.31566107 -3.2163208527802939e-05
    5.000000   2.38042940 -3.4238864958420982e-05
    5.000000   2.44519674 -3.6514893477861795e-05
    5.000000   2.50996278 -3.8962328935926007e-05
    5.000000   2.57472706 -4.1537184829366363e-05
    5.000000   2.63948889 -4.4179744184462668e-05
    5.000000   2.70424717 -4.6815287580597192e-05
    5.000000   2.76900006 -4.9356554986411211e-05
    5.000000   2.83374417 -5.1708039535171537e-05
    5.000000   2.89847256 -5.3771939466088606e-05
    5.000000   2.96316844 -5.5455293966626774e-05
    5.000000   3.02777863 -5.6677570652487943e-05
    5.000000   3.09200950 -5.7377971320916293e-05
    5.050000   0.04958315 -5.3308305581842903e-05
    5.050000   0.11381403 -5.2664102351882730e-05
    5.050000   0.17842421 -5.1539940744333110e-05
    5.050000   0.24312010 -4.9991794227930063e-05
    5.050000   0.30784849 -4.8093770085022634e-05
    5.050000   0.37259260 -4.5931364703717880e-05
    5.050000   0.43734549 -4.3594472478647518e-05
    5.050000   0.50210377 -4.1170826873160654e-05
    5.050000   0.56686560 -3.8740545101038484e-05
    5.050000   0.63162987 -3.6372206170114879e-05
    5.050000   0.69639591 -3.4120614185153967e-05
    5.050000   0.76116325 -3.2026150046948439e-05
    5.050000   0.82593158 -3.0115435026069467e-05
    5.050000   0.89070068 -2.8402934869462541e-05
    5.050000   0.95547037 -2.6893117420160768e-05
    5.050000   1.02024053 -2.5582820405195500e-05
    5.050000   1.08501108 -2.4463563906253984e-05
    5.050000   1.14978193 -2.3523630727075686e-05
    5.050000   1.21455301 -2.2749820121288526e-05
    5.050000   1.27932429 -2.2128846152916511e-05
    5.050000   1.34409571 -2.1648397749107234e-05
    5.050000   1.40886724 -2.1297904183836991e-05
    5.050000   1.47363885 -2.1069060656500531e-05
    5.050000   1.53841049 -2.0956167940204783e-05
    5.050000   1.60318216 -2.0956331628751214e-05
    5.050000   1.66795381 -2.1069553369901149e-05
    5.050000   1.73272541 -2.1298730806398732e-05
    5.050000   1.79749694 -2.1649566212458564e-05
    5.050000   1.86226837 -2.2130367080789918e-05
    5.050000   1.92703964 -2.2751706252923575e-05
    5.050000   1.99181073 -2.3525896051788828e-05
    5.050000   2.05658157 -2.4466222442475283e-05
    5.050000   2.12135212 -2.5585884577441786e-05
    5.050000   2.18612229 -2.6896596033806994e-05
    5.050000   2.25089198 -2.8406830760519298e-05
    5.050000   2.31566107 -3.0119742570515237e-05
    5.050000   2.38042940 -3.2030852840438458e-05
    5.050000   2.44519674 -3.4125683324246798e-05
    5.050000   2.50996278 -3.6377599641052952e-05
    5.050000   2.57472706 -3.8746208763031023e-05
    5.050000   2.63948889 -4.1176697365778263e-05
    5.050000   2.70424717 -4.3600482068377359e-05
    5.050000   2.76900006 -4.5937447641572855e-05
    5.050000   2.83374417 -4.8099869564776767e-05
    5.050000   2.89847256 -4.9997868654550785e-05
    5.050000   2.96316844 -5.1545967900687803e-05
    5.050000   3.02777863 -5.2670080299151852e-05
    5.050000   3.09200950 -5.3314249741962975e-05
    5.100000   0.04958315 -4.9517773437708919e-05
    5.100000   0.11381403 -4.8926368990395237e-05
    5.100000   0.17842421 -4.7894330990775037e-05
    5.100000   0.24312010 -4.6473015872784743e-05
    5.100000   0.30784849 -4.4730401501210480e-05
    5.100000   0.37259260 -4.2744891004806377e-05
    5.100000   0.43734549 -4.0598898915799002e-05
    5.100000   0.50210377 -3.8372843251983354e-05
    5.100000   0.56686560 -3.6140157115765727e-05
    5.100000   0.63162987 -3.3963709294405538e-05
    5.100000   0.69639591 -3.1893768112173253e-05
    5.100000   0.76116325 -2.9967415972683517e-05
    5.100000   0.82593158 -2.8209159476433351e-05
    5.100000   0.89070068 -2.6632395187459967e-05
    5.100000   0.95547037 -2.5241378187490751e-05
    5.100000   1.02024053 -2.4033381141092227e-05
    5.100000   1.08501108 -2.3000802764886303e-05
    5.100000   1.14978193 -2.2133065254105762e-05
    5.100000   1.21455301 -2.1418214834885854e-05
    5.100000   1.27932429 -2.0844199246799167e-05
    5.100000   1.34409571 -2.0399837447155563e-05
    5.100000   1.40886724 -2.0075521022137482e-05
    5.100000   1.47363885 -1.9863696727645693e-05
    5.100000   1.53841049 -1.9759179002596029e-05
    5.100000   1.60318216 -1.9759333681250452e-05
    5.100000   1.66795381 -1.9864162245717703e-05
    5.100000   1.73272541 -2.0076301772038936e-05
    5.100000   1.79749694 -2.0400940559380422e-05
    5.100000   1.86226837 -2.0845634268910584e-05
    5.100000   1.92703964 -2.1419993214569203e-05
    5.100000   1.99181073 -2.2135199569010207e-05
    5.100000   2.05658157 -2.3003305642921955e-05
    5.100000   2.12135212 -2.4036263832394074e-05
    5.100000   2.18612229 -2.5244648789214766e-05
    5.100000   2.25089198 -2.6636056588792324e-05
    5.100000   2.31566107 -2.8213207182711941e-05
    5.100000   2.38042940 -2.9971836074788752e-05
    5.100000   2.44519674 -3.1898535769057746e-05
    5.100000   2.50996278 -3.3968788159411241e-05
    5.100000   2.57472706 -3.6145500120250321e-05
    5.100000   2.63948889 -3.8378395025787747e-05
    5.100000   2.70424717 -4.0604599857701359e-05
    5.100000   2.76900006 -4.2750682642052446e-05
    5.100000   2.83374417 -4.4736232371008205e-05
    5.100000   2.89847256 -4.6478846839400508e-05
    5.100000   2.96316844 -4.7900138810369759e-05
    5.100000   3.02777863 -4.8932147144202887e-05
    5.100000   3.09200950 -4.9523529770703590e-05
    5.150000   0.04958315 -4.5989969375203260e-05
    5.150000   0.11381403 -4.5447829630230739e-05
    5.150000   0.17842421 -4.4501715776818723e-05
    5.150000   0.24312010 -4.3198628163029075e-05
    5.150000   0.30784849 -4.1600772799999044e-05
    5.150000   0.37259260 -3.9779889460729963e-05
    5.150000   0.43734549 -3.7811386090508896e-05
    5.150000   0.50210377 -3.5768849959700475e-05
    5.150000   0.56686560 -3.3719494770803992e-05
    5.150000   0.63162987 -3.1720896661584108e-05
    5.150000   0.69639591 -2.9819138660860975e-05
    5.150000   0.76116325 -2.8048276887622646e-05
    5.150000   0.82593158 -2.6430894765170030e-05
    5.150000   0.89070068 -2.4979435415234706e-05
    5.150000   0.95547037 -2.3697991422474529e-05
    5.150000   1.02024053 -2.2584268441621334e-05
    5.150000   1.08501108 -2.1631503837265518e-05
    5.150000   1.14978193 -2.0830194668781389e-05
    5.150000   1.21455301 -2.0169556895344105e-05
    5.150000   1.27932429 -1.9638691668777260e-05
    5.150000   1.34409571 -1.9227472173375723e-05
    5.150000   1.40886724 -1.8927186440265899e-05
    5.150000   1.47363885 -1.8730980644434751e-05
    5.150000   1.53841049 -1.8634146949791773e-05
    5.150000   1.60318216 -1.8634293139517202e-05
    5.150000   1.66795381 -1.8731420554218024e-05
    5.150000   1.73272541 -1.8927924042162720e-05
    5.150000   1.79749694 -1.9228513912641815e-05
    5.150000   1.86226837 -1.9640046171198905e-05
    5.150000   1.92703964 -2.0171234500063384e-05
    5.150000   1.99181073 -2.0832206738111202e-05
    5.150000   2.05658157 -2.1633861796060862e-05
    5.150000   2.12135212 -2.2586982514150737e-05
    5.150000   2.18612229 -2.3701069069204155e-05
    5.150000   2.25089198 -2.4982879528734923e-05
    5.150000   2.31566107 -2.6434701762493173e-05
    5.150000   2.38042940 -2.8052434927664113e-05
    5.150000   2.44519674 -2.9823626301261343e-05
    5.150000   2.50996278 -3.1725682322254807e-05
    5.150000   2.57472706 -3.3724537355709358e-05
    5.150000   2.63948889 -3.5774100874117361e-05
    5.150000   2.70424717 -3.7816792665039765e-05
    5.150000   2.76900006 -3.9785399477161426e-05
    5.150000   2.83374417 -4.1606339471690119e-05
    5.150000   2.89847256 -4.3204214654088695e-05
    5.150000   2.96316844 -4.4507298259601146e-05
    5.150000   3.02777863 -4.5453398056679374e-05
    5.150000   3.09200950 -4.5995525573535067e-05
    5.200000   0.04958315 -4.2712688963768862e-05
    5.200000   0.11381403 -4.2216288436996330e-05
    5.200000   0.17842421 -4.1349926842939609e-05
    5.200000   0.24312010 -4.0156526946538399e-05
    5.200000   0.30784849 -3.8692899688183906e-05
    5.200000   0.37259260 -3.7024567698586033e-05
    5.200000   0.43734549 -3.5220415423664488e-05
    5.200000   0.50210377 -3.3347685525573954e-05
    5.200000   0.56686560 -3.1467830079679907e-05
    5.200000   0.63162987 -2.9633536332005177e-05
    5.200000   0.69639591 -2.7887034201037238e-05
    5.200000   0.76116325 -2.6259605549774492e-05
    5.200000   0.82593158 -2.4772082340850304e-05
    5.200000   0.89070068 -2.3436052303184452e-05
    5.200000   0.95547037 -2.2255481159484170e-05
    5.200000   1.02024053 -2.1228494385753650e-05
    5.200000   1.08501108 -2.0349120061467554e-05
    5.200000   1.14978193 -1.9608860476608443e-05
    5.200000   1.21455301 -1.8998021234099121e-05
    5.200000   1.27932429 -1.8506775426516114e-05
    5.200000   1.34409571 -1.8125974525416202e-05
    5.200000   1.40886724 -1.7847737590782587e-05
    5.200000   1.47363885 -1.7665858736604975e-05
    5.200000   1.53841049 -1.7576072496777464e-05
    5.200000   1.60318216 -1.7576210646809815e-05
    5.200000   1.66795381 -1.7666274406563129e-05
    5.200000   1.73272541 -1.7848434393884659e-05
    5.200000   1.79749694 -1.8126958321538260e-05
    5.200000   1.86226837 -1.8508054053095804e-05
    5.200000   1.92703964 -1.8999604080641881e-05
    5.200000   1.99181073 -1.9610757861806518e-05
    5.200000   2.05658157 -2.0351342373181437e-05
    5.200000   2.12135212 -2.1231050957599933e-05
    5.200000   2.18612229 -2.2258378887625073e-05
    5.200000   2.25089198 -2.3439294055711059e-05
    5.200000   2.31566107 -2.4775665278958600e-05
    5.200000   2.38042940 -2.6263519557504589e-05
    5.200000   2.44519674 -2.7891260693137722e-05
    5.200000   2.50996278 -2.9638047753407497e-05
    5.200000   2.57472706 -3.1472590396006395e-05
    5.200000   2.63948889 -3.3352651906179323e-05
    5.200000   2.70424717 -3.5225541126710656e-05
    5.200000   2.76900006 -3.7029805900011087e-05
    5.200000   2.83374417 -3.8698207707452760e-05
    5.200000   2.89847256 -4.0161870096174727e-05
    5.200000   2.96316844 -4.1355281058148881e-05
    5.200000   3.02777863 -4.2221640990539531e-05
    5.200000   3.09200950 -4.2718036939775166e-05
    5.250000   0.04958315 -3.9672555531873299e-05
    5.250000   0.11381403 -3.9218446177441120e-05
    5.250000   0.17842421 -3.8425809274636656e-05
    5.250000   0.24312010 -3.7333775138936317e-05
    5.250000   0.30784849 -3.5994142246445012e-05
    5.250000   0.37259260 -3.4466664711419626e-05
    5.250000   0.43734549 -3.2814183721279124e-05
    5.250000   0.50210377 -3.1098074730796034e-05
    5.250000   0.56686560 -2.9374471945708659e-05
    5.250000   0.63162987 -2.7691559739221088e-05
    5.250000   0.69639591 -2.6088027650355714e-05
    5.250000   0.76116325 -2.4592616126415178e-05
    5.250000   0.82593158 -2.3224560063058898e-05
    5.250000   0.89070068 -2.1994675427648662e-05
    5.250000   0.95547037 -2.0906825663257653e-05
    5.250000   1.02024053 -1.9959535186158512e-05
    5.250000   1.08501108 -1.9147570120304039e-05
    5.250000   1.14978193 -1.8463366032173392e-05
    5.250000   1.21455301 -1.7898237549599685e-05
    5.250000   1.27932429 -1.7443348890816505e-05
    5.250000   1.34409571 -1.7090455185421284e-05
    5.250000   1.40886724 -1.6832442636208435e-05
    5.250000   1.47363885 -1.6663703233180072e-05
    5.250000   1.53841049 -1.6580379593008648e-05
    5.250000   1.60318216 -1.6580510095539857e-05
    5.250000   1.66795381 -1.6664095857667766e-05
    5.250000   1.73272541 -1.6833100689789558e-05
    5.250000   1.79749694 -1.7091384028373869e-05
    5.250000   1.86226837 -1.7444555687175806e-05
    5.250000   1.92703964 -1.7899730876715272e-05
    5.250000   1.99181073 -1.8465155314671436e-05
    5.250000   2.05658157 -1.9149664855302990e-05
    5.250000   2.12135212 -1.9961943938493742e-05
    5.250000   2.18612229 -2.0909554835390843e-05
    5.250000   2.25089198 -2.1997727850947146e-05
    5.250000   2.31566107 -2.3227933514332976e-05
    5.250000   2.38042940 -2.4596301939665642e-05
    5.250000   2.44519674 -2.6092009655309792e-05
    5.250000   2.50996278 -2.7695813794877529e-05
    5.250000   2.57472706 -2.9378966324278840e-05
    5.250000   2.63948889 -3.1102771523371010e-05
    5.250000   2.70424717 -3.2819041273102136e-05
    5.250000   2.76900006 -3.4471640867737692e-05
    5.250000   2.83374417 -3.5999197945723857e-05
    5.250000   2.89847256 -3.7338877699950683e-05
    5.250000   2.96316844 -3.8430934664972368e-05
    5.250000   3.02777863 -3.9223579677061005e-05
    5.250000   3.09200950 -3.9677690517446594e-05
    5.300000   0.04958315 -3.6855584716211151e-05
    5.300000   0.11381403 -3.6440444157213772e-05
    5.300000   0.17842421 -3.5715730273604364e-05
    5.300000   0.24312010 -3.4717064729893842e-05
    5.300000   0.30784849 -3.3491612230816257e-05
    5.300000   0.37259260 -3.2093799361832659e-05
    5.300000   0.43734549 -3.0580892364671355e-05
    5.300000   0.50210377 -2.9008860942981567e-05
    5.300000   0.56686560 -2.7428946287661977e-05
    5.300000   0.63162987 -2.5885195625078369e-05
    5.300000   0.69639591 -2.4413050868807503e-05
    5.300000   0.76116325 -2.3038925734257814e-05
    5.300000   0.82593158 -2.1780597183516388e-05
    5.300000   0.89070068 -2.0648181250581705e-05
    5.300000   0.95547037 -1.9645455414860326e-05
    5.300000   1.02024053 -1.8771317128256219e-05
    5.300000   1.08501108 -1.8021215576790935e-05
    5.300000   1.14978193 -1.7388447409250470e-05
    5.300000   1.21455301 -1.6865256843646322e-05
    5.300000   1.27932429 -1.6443720427466173e-05
    5.300000   1.34409571 -1.6116424675881317e-05
    5.300000   1.40886724 -1.5876961350978971e-05
    5.300000   1.47363885 -1.5720272212211182e-05
    5.300000   1.53841049 -1.5642875079475391e-05
    5.300000   1.60318216 -1.5642998281588518e-05
    5.300000   1.66795381 -1.5720642847667217e-05
    5.300000   1.73272541 -1.5877582465936805e-05
    5.300000   1.79749694 -1.6117301204482070e-05
    5.300000   1.86226837 -1.6444858959046049e-05
    5.300000   1.92703964 -1.6866665261918786e-05
    5.300000   1.99181073 -1.7390134374476838e-05
    5.300000   2.05658157 -1.8023189823435460e-05
    5.300000   2.12135212 -1.8773586561213762e-05
    5.300000   2.18612229 -1.9648026009886413e-05
    5.300000   2.25089198 -2.0651055800820917e-05
    5.300000   2.31566107 -2.1783773983065885e-05
    5.300000   2.38042940 -2.3042397346043591e-05
    5.300000   2.44519674 -2.4416803176210752e-05
    5.300000   2.50996278 -2.5889207397320711e-05
    5.300000   2.57472706 -2.7433189477133090e-05
    5.300000   2.63948889 -2.9013301860381734e-05
    5.300000   2.70424717 -3.0585493738390368e-05
    5.300000   2.76900006 -3.2098523095321673e-05
    5.300000   2.83374417 -3.3496422465051222e-05
    5.300000   2.89847256 -3.4721930657591731e-05
    5.300000   2.96316844 -3.5720628102641821e-05
    5.300000   3.02777863 -3.6445357727740314e-05
    5.300000   3.09200950 -3.6860504540659363e-05
    5.350000   0.04958315 -3.4247608956004430e-05
    5.350000   0.11381403 -3.3868272808446598e-05
    5.350000   0.17842421 -3.3205960609943984e-05
    5.350000   0.24312010 -3.2293062160235778e-05
    5.350000   0.30784849 -3.1172476267815678e-05
    5.350000   0.37259260 -2.9893728268263037e-05
    5.350000   0.43734549 -2.8508959533140042e-05
    5.350000   0.50210377 -2.7069174624613876e-05
    5.350000   0.56686560 -2.5621124478918917e-05
    5.350000   0.63162987 -2.4205063114457616e-05
    5.350000   0.69639591 -2.2853457558125835e-05
    5.350000   0.76116325 -2.1590592372768440e-05
    5.350000   0.82593158 -2.0432912209391832e-05
    5.350000   0.89070068 -1.9389895287724555e-05
    5.350000   0.95547037 -1.8465243335283872e-05
    5.350000   1.02024053 -1.7658197951724015e-05
    5.350000   1.08501108 -1.6964835897827490e-05
    5.350000   1.14978193 -1.6379243994744843e-05
    5.350000   1.21455301 -1.5894519035298069e-05
    5.350000   1.27932429 -1.5503574084803923e-05
    5.350000   1.34409571 -1.5199757858677408e-05
    5.350000   1.40886724 -1.4977308928400174e-05
    5.350000   1.47363885 -1.4831673038465421e-05
    5.350000   1.53841049 -1.4759711968003728e-05
    5.350000   1.60318216 -1.4759828181320271e-05
    5.350000   1.66795381 -1.4832022632690831e-05
    5.350000   1.73272541 -1.4977894727158760e-05
    5.350000   1.79749694 -1.5200584432686413e-05
    5.350000   1.86226837 -1.5504647533169323e-05
    5.350000   1.92703964 -1.5895846649899040e-05
    5.350000   1.99181073 -1.6380833783479090e-05
    5.350000   2.05658157 -1.6966695944073125e-05
    5.350000   2.12135212 -1.7660335596810399e-05
    5.350000   2.18612229 -1.8467664190453448e-05
    5.350000   2.25089198 -1.9392602113424247e-05
    5.350000   2.31566107 -2.0435903741863819e-05
    5.350000   2.38042940 -2.1593862225990260e-05
    5.350000   2.44519674 -2.2856993373344268e-05
    5.350000   2.50996278 -2.4208846154990855e-05
    5.350000   2.57472706 -2.5625129856992485e-05
    5.350000   2.63948889 -2.7073372284600489e-05
    5.350000   2.70424717 -2.8513315996357346e-05
    5.350000   2.76900006 -2.9898208980594288e-05
    5.350000   2.83374417 -3.1177048216279436e-05
    5.350000   2.89847256 -3.2297696289157604e-05
    5.350000   2.96316844 -3.3210633526320483e-05
    5.350000   3.02777863 -3.3872967357101829e-05
    5.350000   3.09200950 -3.4252313470120673e-05
    5.400000   0.04958315 -3.1834591307557721e-05
    5.400000   0.11381403 -3.1488073329096932e-05
    5.400000   0.17842421 -3.0882955497803349e-05
    5.400000   0.24312010 -3.0048661606923782e-05
    5.400000   0.30784849 -2.9024176902072677e-05
    5.400000   0.37259260 -2.7854532262011316e-05
    5.400000   0.43734549 -2.6587171850083082e-05
    5.400000   0.50210377 -2.5268551719483209e-05
    5.400000   0.56686560 -2.3941311326676011e-05
    5.400000   0.63162987 -2.2642232949432965e-05
    5.400000   0.69639591 -2.1401061777326029e-05
    5.400000   0.76116325 -2.0240134752635309e-05
    5.400000   0.82593158 -1.9174677823567619e-05
    5.400000   0.89070068 -1.8213585486128997e-05
    5.400000   0.95547037 -1.7360489493285521e-05
    5.400000   1.02024053 -1.6614945251782528e-05
    5.400000   1.08501108 -1.5973602426437322e-05
    5.400000   1.14978193 -1.5431269472972868e-05
    5.400000   1.21455301 -1.4981822023279308e-05
    5.400000   1.27932429 -1.4618937490172199e-05
    5.400000   1.34409571 -1.4336661174316500e-05
    5.400000   1.40886724 -1.4129822882642990e-05
    5.400000   1.47363885 -1.3994329112498574e-05
    5.400000   1.53841049 -1.3927356134313103e-05
    5.400000   1.60318216 -1.3927465642739130e-05
    5.400000   1.66795381 -1.3994658528194543e-05
    5.400000   1.73272541 -1.4130374839357307e-05
    5.400000   1.79749694 -1.4337439932704217e-05
    5.400000   1.86226837 -1.4619948731149253e-05
    5.400000   1.92703964 -1.4983072534000211e-05
    5.400000   1.99181073 -1.5432766705274153e-05
    5.400000   2.05658157 -1.5975353909258702e-05
    5.400000   2.12135212 -1.6616957847537341e-05
    5.400000   2.18612229 -1.7362768505388966e-05
    5.400000   2.25089198 -1.8216133652084933e-05
    5.400000   2.31566107 -1.9177494264250181e-05
    5.400000   2.38042940 -2.0243213989505365e-05
    5.400000   2.44519674 -2.1404392966762812e-05
    5.400000   2.50996278 -2.2645799504482181e-05
    5.400000   2.57472706 -2.3945091086421336e-05
    5.400000   2.63948889 -2.5272517772241438e-05
    5.400000   2.70424717 -2.6591294014501930e-05
    5.400000   2.76900006 -2.7858779090470323e-05
    5.400000   2.83374417 -2.9028517922118350e-05
    5.400000   2.89847256 -3.0053069401923836e-05
    5.400000   2.96316844 -3.0887407193720329e-05
    5.400000   3.02777863 -3.1492551131796954e-05
    5.400000   3.09200950 -3.1839081926663144e-05
    5.450000   0.04958315 -2.9602852228400746e-05
    5.450000   0.11381403 -2.9286355242650543e-05
    5.450000   0.17842421 -2.8733556431121988e-05
    5.450000   0.24312010 -2.7971165941327106e-05
    5.450000   0.30784849 -2.7034589189125910e-05
    5.450000   0.37259260 -2.5964746877680610e-05
    5.450000   0.43734549 -2.4804788661192842e-05
    5.450000   0.50210377 -2.3597012957646577e-05
    5.450000   0.56686560 -2.2380301629998873e-05
    5.450000   0.63162987 -2.1188264136299372e-05
    5.450000   0.69639591 -2.0048157781955356e-05
    5.450000   0.76116325 -1.8980538422276847e-05
    5.450000   0.82593158 -1.7999516187796908e-05
    5.450000   0.89070068 -1.7113449265263677e-05
    5.450000   0.95547037 -1.6325902058156596e-05
    5.450000   1.02024053 -1.5636713117752336e-05
    5.450000   1.08501108 -1.5043052100729602e-05
    5.450000   1.14978193 -1.4540383679351539e-05
    5.450000   1.21455301 -1.4123292436825544e-05
    5.450000   1.27932429 -1.3786152019336053e-05
    5.450000   1.34409571 -1.3523642559547734e-05
    5.450000   1.40886724 -1.3331132897924395e-05
    5.450000   1.47363885 -1.3204949729776511e-05
    5.450000   1.53841049 -1.3142556197846261e-05
    5.450000   1.60318216 -1.3142659263741940e-05
    5.450000   1.66795381 -1.3205259763314914e-05
    5.450000   1.73272541 -1.3331652370635096e-05
    5.450000   1.79749694 -1.3524375467268728e-05
    5.450000   1.86226837 -1.3787103686011652e-05
    5.450000   1.92703964 -1.4124469219136777e-05
    5.450000   1.99181073 -1.4541792555509152e-05
    5.450000   2.05658157 -1.5044700128501087e-05
    5.450000   2.12135212 -1.5638606754400909e-05
    5.450000   2.18612229 -1.6328046350116081e-05
    5.450000   2.25089198 -1.7115846939010834e-05
    5.450000   2.31566107 -1.8002166704602147e-05
    5.450000   2.38042940 -1.8983437094695281e-05
    5.450000   2.44519674 -2.0051295081656296e-05
    5.450000   2.50996278 -2.1191625340335281e-05
    5.450000   2.57472706 -2.2383866943238480e-05
    5.450000   2.63948889 -2.3600758202234095e-05
    5.450000   2.70424717 -2.4808686536200303e-05
    5.450000   2.76900006 -2.5968768672860375e-05
    5.450000   2.83374417 -2.7038706710242197e-05
    5.450000   2.89847256 -2.7975353307561147e-05
    5.450000   2.96316844 -2.8737791376370111e-05
    5.450000   3.02777863 -2.9290619618703547e-05
    5.450000   3.09200950 -2.9607131571461377e-05
    5.500000   0.04958315 -2.7539228328980179e-05
    5.500000   0.11381403 -2.7250148250638431e-05
    5.500000   0.17842421 -2.6745131284307399e-05
    5.500000   0.24312010 -2.6048411244885031e-05
    5.500000   0.30784849 -2.5192127053502097e-05
    5.500000   0.37259260 -2.4213449305012134e-05
    5.500000   0.43734549 -2.3151609559180877e-05
    5.500000   0.50210377 -2.2045112946878785e-05
    5.500000   0.56686560 -2.0929412570232798e-05
    5.500000   0.63162987 -1.9835221817414391e-05
    5.500000   0.69639591 -1.8787525749513212e-05
    5.500000   0.76116325 -1.7805251699391432e-05
    5.500000   0.82593158 -1.6901487264062821e-05
    5.500000   0.89070068 -1.6084096151195137e-05
    5.500000   0.95547037 -1.5356575865450733e-05
    5.500000   1.02024053 -1.4719017937351964e-05
    5.500000   1.08501108 -1.4169061509072444e-05
    5.500000   1.14978193 -1.3702765655374987e-05
    5.500000   1.21455301 -1.3315358214150620e-05
    5.500000   1.27932429 -1.3001845236627296e-05
    5.500000   1.34409571 -1.2757483940107641e-05
    5.500000   1.40886724 -1.2578133452722042e-05
    5.500000   1.47363885 -1.2460502834926813e-05
    5.500000   1.53841049 -1.2402316353009190e-05
    5.500000   1.60318216 -1.2402413222058456e-05
    5.500000   1.66795381 -1.2460794231195025e-05
    5.500000   1.73272541 -1.2578621708854578e-05
    5.500000   1.79749694 -1.2758172825353926e-05
    5.500000   1.86226837 -1.3002739769787334e-05
    5.500000   1.92703964 -1.3316464384464589e-05
    5.500000   1.99181073 -1.3704090037671534e-05
    5.500000   2.05658157 -1.4170610761284753e-05
    5.500000   2.12135212 -1.4720798175374927e-05
    5.500000   2.18612229 -1.5358591923681336e-05
    5.500000   2.25089198 -1.6086350757673325e-05
    5.500000   2.31566107 -1.6903980186103769e-05
    5.500000   2.38042940 -1.7807978945726308e-05
    5.500000   2.44519674 -1.8790478941893741e-05
    5.500000   2.50996278 -1.9838387859077567e-05
    5.500000   2.57472706 -2.0932773729920034e-05
    5.500000   2.63948889 -2.2048647436297855e-05
    5.500000   2.70424717 -2.3155292606339496e-05
    5.500000   2.76900006 -2.4217254623797052e-05
    5.500000   2.83374417 -2.5196028502192272e-05
    5.500000   2.89847256 -2.6052384384006874e-05
    5.500000   2.96316844 -2.6749154520265965e-05
    5.500000   3.02777863 -2.7254203308095931e-05
    5.500000   3.09200950 -2.7543299934759281e-05
    5.550000   0.04958315 -2.5631178315470499e-05
    5.550000   0.11381403 -2.5367103101101928e-05
    5.550000   0.17842421 -2.4905666546515312e-05
    5.550000   0.24312010 -2.4268847613033904e-05
    5.550000   0.30784849 -2.3485810809242757e-05
    5.550000   0.37259260 -2.2590311761506024e-05
    5.550000   0.43734549 -2.1618013657944173e-05
    5.550000   0.50210377 -2.0603966149334109e-05
    5.550000   0.56686560 -1.9580497733052943e-05
    5.550000   0.63162987 -1.8575681005665319e-05
    5.550000   0.69639591 -1.7612427021271055e-05
    5.550000   0.76116325 -1.6708174186099423e-05
    5.550000   0.82593158 -1.5875072229008703e-05
    5.550000   0.89070068 -1.5120527508912297e-05
    5.550000   0.95547037 -1.4447969647600579e-05
    5.550000   1.02024053 -1.3857714064201804e-05
    5.550000   1.08501108 -1.3347821705904433e-05
    5.550000   1.14978193 -1.2914888122170775e-05
    5.550000   1.21455301 -1.2554723071207171e-05
    5.550000   1.27932429 -1.2262905555289053e-05
    5.550000   1.34409571 -1.2035216167440833e-05
    5.550000   1.40886724 -1.1867959033015532e-05
    5.550000   1.47363885 -1.1758190451162258e-05
    5.550000   1.53841049 -1.1703871915624060e-05
    5.550000   1.60318216 -1.1703962820637455e-05
    5.550000   1.66795381 -1.1758463915175452e-05
    5.550000   1.73272541 -1.1868417269403694e-05
    5.550000   1.79749694 -1.2035862751042659e-05
    5.550000   1.86226837 -1.2263745243464131e-05
    5.550000   1.92703964 -1.2555761539037747e-05
    5.550000   1.99181073 -1.2916131600673529e-05
    5.550000   2.05658157 -1.3349276513942832e-05
    5.550000   2.12135212 -1.3859386031021104e-05
    5.550000   2.18612229 -1.4449863434738479e-05
    5.550000   2.25089198 -1.5122645858198864e-05
    5.550000   2.31566107 -1.5877415186714318e-05
    5.550000   2.38042940 -1.6710738379135914e-05
    5.550000   2.44519674 -1.7615205084204437e-05
    5.550000   2.50996278 -1.8578661269205470e-05
    5.550000   2.57472706 -1.9583664276560999e-05
    5.550000   2.63948889 -2.0607299284283917e-05
    5.550000   2.70424717 -2.1621490844161352e-05
    5.550000   2.76900006 -2.2593908870509962e-05
    5.550000   2.83374417 -2.3489503557110555e-05
    5.550000   2.89847256 -2.4272612915281033e-05
    5.550000   2.96316844 -2.4909483527404356e-05
    5.550000   3.02777863 -2.5370953538191432e-05
    5.550000   3.09200950 -2.5635046420037256e-05
    5.600000   0.04958315 -2.3866848288297636e-05
    5.600000   0.11381403 -2.3625553237938075e-05
    5.600000   0.17842421 -2.3203822771773484e-05
    5.600000   0.24312010 -2.2621586420056516e-05
    5.600000   0.30784849 -2.1905304948538868e-05
    5.600000   0.37259260 -2.1085629240248315e-05
    5.600000   0.43734549 -2.0194977403250115e-05
    5.600000   0.50210377 -1.9265255403958724e-05
    5.600000   0.56686560 -1.8325947379198401e-05
    5.600000   0.63162987 -1.7402719865111606e-05
    5.600000   0.69639591 -1.6516591733641435e-05
    5.600000   0.76116325 -1.5683640055499075e-05
    5.600000   0.82593158 -1.4915153602902968e-05
    5.600000   0.89070068 -1.4218114535734844e-05
    5.600000   0.95547037 -1.3595882727932743e-05
    5.600000   1.02024053 -1.3048969862269710e-05
    5.600000   1.08501108 -1.2575814082916872e-05
    5.600000   1.14978193 -1.2173493501577511e-05
    5.600000   1.21455301 -1.1838342866244003e-05
    5.600000   1.27932429 -1.1566459033433491e-05
    5.600000   1.34409571 -1.1354096250830230e-05
    5.600000   1.40886724 -1.1197961742600983e-05
    5.600000   1.47363885 -1.1095426566118390e-05
    5.600000   1.53841049 -1.1044667353049818e-05
    5.600000   1.60318216 -1.1044752516894736e-05
    5.600000   1.66795381 -1.1095682771987055e-05
    5.600000   1.73272541 -1.1198391101024193e-05
    5.600000   1.79749694 -1.1354702169210348e-05
    5.600000   1.86226837 -1.1567246044388298e-05
    5.600000   1.92703964 -1.1839316375539021e-05
    5.600000   1.99181073 -1.2174659446682242e-05
    5.600000   2.05658157 -1.2577178495072755e-05
    5.600000   2.12135212 -1.3050538330635473e-05
    5.600000   2.18612229 -1.3597659774872581e-05
    5.600000   2.25089198 -1.4220102928035653e-05
    5.600000   2.31566107 -1.4917353643962409e-05
    5.600000   2.38042940 -1.5686048925718374e-05
    5.600000   2.44519674 -1.6519202965666970e-05
    5.600000   2.50996278 -1.7405523050341944e-05
    5.600000   2.57472706 -1.8328928194390927e-05
    5.600000   2.63948889 -1.9268396015605768e-05
    5.600000   2.70424717 -2.0198257251070237e-05
    5.600000   2.76900006 -2.1089026125972677e-05
    5.600000   2.83374417 -2.1908796277548534e-05
    5.600000   2.89847256 -2.2625150383917692e-05
    5.600000   2.96316844 -2.3207439242839454e-05
    5.600000   3.02777863 -2.3629204188704529e-05
    5.600000   3.09200950 -2.3870517651099042e-05
    5.650000   0.04958315 -2.2235106085259134e-05
    5.650000   0.11381403 -2.2014546601433528e-05
    5.650000   0.17842421 -2.1628962070898306e-05
    5.650000   0.24312010 -2.1096422145158544e-05
    5.650000   0.30784849 -2.0440933446990812e-05
    5.650000   0.37259260 -1.9690327961659125e-05
    5.650000   0.43734549 -1.8874076315234733e-05
    5.650000   0.50210377 -1.8021227488389287e-05
    5.650000   0.56686560 -1.7158678621851697e-05
    5.650000   0.63162987 -1.6309905447553891e-05
    5.650000   0.69639591 -1.5494201098980697e-05
    5.650000   0.76116325 -1.4726397819776678e-05
    5.650000   0.82593158 -1.4016993349004226e-05
    5.650000   0.89070068 -1.3372575404044602e-05
    5.650000   0.95547037 -1.2796431774407456e-05
    5.650000   1.02024053 -1.2289244495788230e-05
    5.650000   1.08501108 -1.1849787489301971e-05
    5.650000   1.14978193 -1.1475571546419765e-05
    5.650000   1.21455301 -1.1163403823863603e-05
    5.650000   1.27932429 -1.0909848198053704e-05
    5.650000   1.34409571 -1.0711586726978586e-05
    5.650000   1.40886724 -1.0565691118457669e-05
    5.650000   1.47363885 -1.0469817261109216e-05
    5.650000   1.53841049 -1.0422336574998510e-05
    5.650000   1.60318216 -1.0422416212820532e-05
    5.650000   1.66795381 -1.0470056858860334e-05
    5.650000   1.73272541 -1.0566092697520353e-05
    5.650000   1.79749694 -1.0712153549836500e-05
    5.650000   1.86226837 -1.0910584603265189e-05
    5.650000   1.92703964 -1.1164314985432441e-05
    5.650000   1.99181073 -1.1476663150454907e-05
    5.650000   2.05658157 -1.1851065322705399e-05
    5.650000   2.12135212 -1.2290713946920681e-05
    5.650000   2.18612229 -1.2798097255013655e-05
    5.650000   2.25089198 -1.3374439715546046e-05
    5.650000   2.31566107 -1.4019057033840984e-05
    5.650000   2.38042940 -1.4728658557595132e-05
    5.650000   2.44519674 -1.5496653223945291e-05
    5.650000   2.50996278 -1.6312539671044034e-05
    5.650000   2.57472706 -1.7161482037739189e-05
    5.650000   2.63948889 -1.8024183910709150e-05
    5.650000   2.70424717 -1.8877166949249959e-05
    5.650000   2.76900006 -1.9693532344571297e-05
    5.650000   2.83374417 -2.0444230527171851e-05
    5.650000   2.89847256 -2.1099791318011079e-05
    5.650000   2.96316844 -2.1632383975247020e-05
    5.650000   3.02777863 -2.2018003516005031e-05
    5.650000   3.09200950 -2.2238581853393388e-05
    5.700000   0.04958315 -2.0725552357537380e-05
    5.700000   0.11381403 -2.0523855014938160e-05
    5.700000   0.17842421 -2.0171154647121867e-05
    5.700000   0.24312010 -1.9683835184145402e-05
    5.700000   0.30784849 -1.9083678331526901e-05
    5.700000   0.37259260 -1.8395959542246081e-05
    5.700000   0.43734549 -1.7647474931411997e-05
    5.700000   0.50210377 -1.6864679269530414e-05
    5.700000   0.56686560 -1.6072118392417151e-05
    5.700000   0.63162987 -1.5291274168979372e-05
    5.700000   0.69639591 -1.4539866100360265e-05
    5.700000   0.76116325 -1.3831587905025261e-05
    5.700000   0.82593158 -1.3176209905502040e-05
    5.700000   0.89070068 -1.2579952221989897e-05
    5.700000   0.95547037 -1.2046028048937972e-05
    5.700000   1.02024053 -1.1575265719196429e-05
    5.700000   1.08501108 -1.1166736716804806e-05
    5.700000   1.14978193 -1.0818338591239129e-05
    5.700000   1.21455301 -1.0527302552588732e-05
    5.700000   1.27932429 -1.0290612775165694e-05
    5.700000   1.34409571 -1.0105337005720441e-05
    5.700000   1.40886724 -9.9688759633526551e-06
    5.700000   1.47363885 -9.8791428797507619e-06
    5.700000   1.53841049 -9.8346852732707739e-06
    5.700000   1.60318216 -9.8347595941423049e-06
    5.700000   1.66795381 -9.8793665004098460e-06
    5.700000   1.73272541 -9.9692508274039170e-06
    5.700000   1.79749694 -1.0105866249440625e-05
    5.700000   1.86226837 -1.0291300568581433e-05
    5.700000   1.92703964 -1.0528153869239361e-05
    5.700000   1.99181073 -1.0819358901077376e-05
    5.700000   2.05658157 -1.1167931598556816e-05
    5.700000   2.12135212 -1.1576640393267715e-05
    5.700000   2.18612229 -1.2047586840301451e-05
    5.700000   2.25089198 -1.2581697974654522e-05
    5.700000   2.31566107 -1.3178143385475949e-05
    5.700000   2.38042940 -1.3833707245153040e-05
    5.700000   2.44519674 -1.4542166354422612e-05
    5.700000   2.50996278 -1.5293747048942815e-05
    5.700000   2.57472706 -1.6074752256109562e-05
    5.700000   2.63948889 -1.6867459401914611e-05
    5.700000   2.70424717 -1.7650384120202235e-05
    5.700000   2.76900006 -1.8398978892713523e-05
    5.700000   2.83374417 -1.9086788207481282e-05
    5.700000   2.89847256 -1.9687016118658335e-05
    5.700000   2.96316844 -2.0174388054591333e-05
    5.700000   3.02777863 -2.0527123566732806e-05
    5.700000   3.09200950 -2.0728839959910418e-05
    5.750000   0.04958315 -1.9328514453101205e-05
    5.750000   0.11381403 -1.9143967031217577e-05
    5.750000   0.17842421 -1.8821169905399691e-05
    5.750000   0.24312010 -1.8374980718298384e-05
    5.750000   0.30784849 -1.7825166043917785e-05
    5.750000   0.37259260 -1.7194684830891358e-05
    5.750000   0.43734549 -1.6507908308909399e-05
    5.750000   0.50210377 -1.5788937229185000e-05
    5.750000   0.56686560 -1.5060181449889893e-05
    5.750000   0.63162987 -1.4341308805149807e-05
    5.750000   0.69639591 -1.3648603966037554e-05
    5.750000   0.76116325 -1.2994719048744425e-05
    5.750000   0.82593158 -1.2388754877251308e-05
    5.750000   0.89070068 -1.1836588306140887e-05
    5.750000   0.95547037 -1.1341355461611670e-05
    5.750000   1.02024053 -1.0904008832925484e-05
    5.750000   1.08501108 -1.0523882405897721e-05
    5.750000   1.14978193 -1.0199218397691140e-05
    5.750000   1.21455301 -9.9276277697247450e-06
    5.750000   1.27932429 -9.7064721963460499e-06
    5.750000   1.34409571 -9.5331665316833831e-06
    5.750000   1.40886724 -9.4054080151226755e-06
    5.750000   1.47363885 -9.3213420429393424e-06
    5.750000   1.53841049 -9.2796751115118335e-06
    5.750000   1.60318216 -9.2797443196218253e-06
    5.750000   1.66795381 -9.3215503022197112e-06
    5.750000   1.73272541 -9.4057572007953720e-06
    5.750000   1.79749694 -9.5336596692904146e-06
    5.750000   1.86226837 -9.7071133085179964e-06
    5.750000   1.92703964 -9.9284216554710663e-06
    5.750000   1.99181073 -1.0200170340005324e-05
    5.750000   2.05658157 -1.0524997805320275e-05
    5.750000   2.12135212 -1.0905292769090887e-05
    5.750000   2.18612229 -1.1342812192300052e-05
    5.750000   2.25089198 -1.1838220724089103e-05
    5.750000   2.31566107 -1.2390563958339885e-05
    5.750000   2.38042940 -1.2996703339401169e-05
    5.750000   2.44519674 -1.3650759169606223e-05
    5.750000   2.50996278 -1.4343627532229325e-05
    5.750000   2.57472706 -1.5062653191465610e-05
    5.750000   2.63948889 -1.5791548590105117e-05
    5.750000   2.70424717 -1.6510643502263577e-05
    5.750000   2.76900006 -1.7197526385505843e-05
    5.750000   2.83374417 -1.7828095627351702e-05
    5.750000   2.89847256 -1.8377979940533518e-05
    5.750000   2.96316844 -1.8824220958265517e-05
    5.750000   3.02777863 -1.9147053044991432e-05
    5.750000   3.09200950 -1.9331619517821224e-05
    5.800000   0.04958315 -1.8035027882722538e-05
    5.800000   0.11381403 -1.7866068854832170e-05
    5.800000   0.17842421 -1.7570456480025670e-05
    5.800000   0.24312010 -1.7161667622410338e-05
    5.800000   0.30784849 -1.6657645155493885e-05
    5.800000   0.37259260 -1.6079250507123515e-05
    5.800000   0.43734549 -1.5448657711538388e-05
    5.800000   0.50210377 -1.4787832536737487e-05
    5.800000   0.56686560 -1.4117245184721569e-05
    5.800000   0.63162987 -1.3454913379922521e-05
    5.800000   0.69639591 -1.2815813469406787e-05
    5.800000   0.76116325 -1.2211644288708590e-05
    5.800000   0.82593158 -1.1650889927463065e-05
    5.800000   0.89070068 -1.1139106121952600e-05
    5.800000   0.95547037 -1.0679349640065485e-05
    5.800000   1.02024053 -1.0272676902501418e-05
    5.800000   1.08501108 -9.9186523847825099e-06
    5.800000   1.14978193 -9.6158245423387901e-06
    5.800000   1.21455301 -9.3621436344476664e-06
    5.800000   1.27932429 -9.1553097491162501e-06
    5.800000   1.34409571 -8.9930496060532842e-06
    5.800000   1.40886724 -8.8733272813361124e-06
    5.800000   1.47363885 -8.7944973295162947e-06
    5.800000   1.53841049 -8.7554095798982973e-06
    5.800000   1.60318216 -8.7554738753797237e-06
    5.800000   1.66795381 -8.7946908304020601e-06
    5.800000   1.73272541 -8.8736518021864088e-06
    5.800000   1.79749694 -8.9935080744062571e-06
    5.800000   1.86226837 -9.1559060576063139e-06
    5.800000   1.92703964 -9.3628824289205935e-06
    5.800000   1.99181073 -9.6167109428807015e-06
    5.800000   2.05658157 -9.9196916384122963e-06
    5.800000   2.12135212 -1.0273873970326480e-05
    5.800000   2.18612229 -1.0680708728441394e-05
    5.800000   2.25089198 -1.1140630176684359e-05
    5.800000   2.31566107 -1.1652580121785638e-05
    5.800000   2.38042940 -1.2213499548077159e-05
    5.800000   2.44519674 -1.2817830086266690e-05
    5.800000   2.50996278 -1.3457084775843787e-05
    5.800000   2.57472706 -1.4119561871511220e-05
    5.800000   2.63948889 -1.4790282309300483e-05
    5.800000   2.70424717 -1.5451226072945800e-05
    5.800000   2.76900006 -1.6081921284410906e-05
    5.800000   2.83374417 -1.6660401221709912e-05
    5.800000   2.89847256 -1.7164491608494273e-05
    5.800000   2.96316844 -1.7573331351456878e-05
    5.800000   3.02777863 -1.7868978250746483e-05
    5.800000   3.09200950 -1.8037956172485275e-05
    5.850000   0.04958315 -1.6836809100143597e-05
    5.850000   0.11381403 -1.6682016946881592e-05
    5.850000   0.17842421 -1.6411114572775759e-05
    5.850000   0.24312010 -1.6036330518356032e-05
    5.850000   0.30784849 -1.5573958203293351e-05
    5.850000   0.37259260 -1.5042960847865861e-05
    5.850000   0.43734549 -1.4463522518302281e-05
    5.850000   0.50210377 -1.3855673347551697e-05
    5.850000   0.56686560 -1.3238122563533679e-05
    5.850000   0.63162987 -1.2627386994944028e-05
    5.850000   0.69639591 -1.2037249844578449e-05
    5.850000   0.76116325 -1.1478537115051748e-05
    5.850000   0.82593158 -1.0959164261400209e-05
    5.850000   0.89070068 -1.0484386139379586e-05
    5.850000   0.95547037 -1.0057178147393297e-05
    5.850000   1.02024053 -9.6786822863722935e-06
    5.850000   1.08501108 -9.3486644201003362e-06
    5.850000   1.14978193 -9.0659442763747138e-06
    5.850000   1.21455301 -8.8287745828157711e-06
    5.850000   1.27932429 -8.6351582394435104e-06
    5.850000   1.34409571 -8.4831017192316162e-06
    5.850000   1.40886724 -8.3708088785939740e-06
    5.850000   1.47363885 -8.2968224549541693e-06
    5.850000   1.53841049 -8.2601213438355945e-06
    5.850000   1.60318216 -8.2601809233049603e-06
    5.850000   1.66795381 -8.2970017894072712e-06
    5.850000   1.73272541 -8.3711097282445146e-06
    5.850000   1.79749694 -8.4835269240269128e-06
    5.850000   1.86226837 -8.6357115762635524e-06
    5.850000   1.92703964 -8.8294605618306652e-06
    5.850000   1.99181073 -9.0667678744261934e-06
    5.850000   2.05658157 -9.3496307507823842e-06
    5.850000   2.12135212 -9.6797962102329210e-06
    5.850000   2.18612229 -1.0058443831761134e-05
    5.850000   2.25089198 -1.0485806585755540e-05
    5.850000   2.31566107 -1.0960740828610725e-05
    5.850000   2.38042940 -1.1480269077017132e-05
    5.850000   2.44519674 -1.2039134030172426e-05
    5.850000   2.50996278 -1.2629417560794310e-05
    5.850000   2.57472706 -1.3240290945199563e-05
    5.850000   2.63948889 -1.3857968417796381e-05
    5.850000   2.70424717 -1.4465930952875594e-05
    5.850000   2.76900006 -1.5045467662742456e-05
    5.850000   2.83374417 -1.5576547390118775e-05
    5.850000   2.89847256 -1.6038985677336204e-05
    5.850000   2.96316844 -1.6413819434874837e-05
    5.850000   3.02777863 -1.6684755696824062e-05
    5.850000   3.09200950 -1.6839566461470550e-05
    5.900000   0.04958315 -1.5726222491619931e-05
    5.900000   0.11381403 -1.5584305109137979e-05
    5.900000   0.17842421 -1.5335863230599484e-05
    5.900000   0.24312010 -1.4991997378897615e-05
    5.900000   0.30784849 -1.4567509788475996e-05
    5.900000   0.37259260 -1.4079646517952418e-05
    5.900000   0.43734549 -1.3546789918218284e-05
    5.900000   0.50210377 -1.2987215610936773e-05
    5.900000   0.56686560 -1.2418034237699878e-05
    5.900000   0.63162987 -1.1854397390190677e-05
    5.900000   0.69639591 -1.1308999904424759e-05
    5.900000   0.76116325 -1.0791868201519995e-05
    5.900000   0.82593158 -1.0310392977588285e-05
    5.900000   0.89070068 -9.8695467664465242e-06
    5.900000   0.95547037 -9.4722219229243614e-06
    5.900000   1.02024053 -9.1196294788787258e-06
    5.900000   1.08501108 -8.8117103346943318e-06
    5.900000   1.14978193 -8.5475237750473443e-06
    5.900000   1.21455301 -8.3255915554496012e-06
    5.900000   1.27932429 -8.1441870381494408e-06
    5.900000   1.34409571 -8.0015672532643635e-06
    5.900000   1.40886724 -7.8961512269840183e-06
    5.900000   1.47363885 -7.8266507935783148e-06
    5.900000   1.53841049 -7.7921609298706183e-06
    5.900000   1.60318216 -7.7922159867479257e-06
    5.900000   1.66795381 -7.8268165435747793e-06
    5.900000   1.73272541 -7.8964293810990936e-06
    5.900000   1.79749694 -8.0019605723225386e-06
    5.900000   1.86226837 -8.1446991948578906e-06
    5.900000   1.92703964 -8.3262269385134554e-06
    5.900000   1.99181073 -8.5482872340067348e-06
    5.900000   2.05658157 -8.8126068659203631e-06
    5.900000   2.12135212 -9.1206638566481428e-06
    5.900000   2.18612229 -9.4733982849926234e-06
    5.900000   2.25089198 -9.8708681710574852e-06
    5.900000   2.31566107 -1.0311860957867445e-05
    5.900000   2.38042940 -1.0793482352459718e-05
    5.900000   2.44519674 -1.1310757545009578e-05
    5.900000   2.50996278 -1.1856293345872395e-05
    5.900000   2.57472706 -1.2420060783377566e-05
    5.900000   2.63948889 -1.2989362599711625e-05
    5.900000   2.70424717 -1.3549045096335541e-05
    5.900000   2.76900006 -1.4081995994556450e-05
    5.900000   2.83374417 -1.4569938596550495e-05
    5.900000   2.89847256 -1.4994490039987449e-05
    5.900000   2.96316844 -1.5338404229600162e-05
    5.900000   3.02777863 -1.5586879202369325e-05
    5.900000   3.09200950 -1.5728814814727940e-05
    5.950000   0.04958315 -1.4696243801874029e-05
    5.950000   0.11381403 -1.4566028197936772e-05
    5.950000   0.17842421 -1.4338004582082500e-05
    5.950000   0.24312010 -1.4022254525812999e-05
    5.950000   0.30784849 -1.3632232575103798e-05
    5.950000   0.37259260 -1.3183631799580952e-05
    5.950000   0.43734549 -1.2693203579914079e-05
    5.950000   0.50210377 -1.2177633356829694e-05
    5.950000   0.56686560 -1.1652580581499424e-05
    5.950000   0.63162987 -1.1131954819047834e-05
    5.950000   0.69639591 -1.0627457787110945e-05
    5.950000   0.76116325 -1.0148383009191913e-05
    5.950000   0.82593158 -9.7016364710559002e-06
    5.950000   0.89070068 -9.2919254582960649e-06
    5.950000   0.95547037 -8.9220579754780766e-06
    5.950000   1.02024053 -8.5932992461318233e-06
    5.950000   1.08501108 -8.3057414315346430e-06
    5.950000   1.14978193 -8.0586546877456559e-06
    5.950000   1.21455301 -7.8507995088416024e-06
    5.950000   1.27932429 -7.6806903883653976e-06
    5.950000   1.34409571 -7.5468084219523541e-06
    5.950000   1.40886724 -7.4477654616952150e-06
    5.950000   1.47363885 -7.3824251028985068e-06
    5.950000   1.53841049 -7.3499866057921185e-06
    5.950000   1.60318216 -7.3500373304495962e-06
    5.950000   1.66795381 -7.3825778409427209e-06
    5.950000   1.73272541 -7.4480218790587612e-06
    5.950000   1.79749694 -7.5471712071766620e-06
    5.950000   1.86226837 -7.6811631193370750e-06
    5.950000   1.92703964 -7.8513864642586389e-06
    5.950000   1.99181073 -8.0593606026498338e-06
    5.950000   2.05658157 -8.3065711979744358e-06
    5.950000   2.12135212 -8.5942575632608662e-06
    5.950000   2.18612229 -8.9231489583903959e-06
    5.950000   2.25089198 -9.2931522216047879e-06
    5.950000   2.31566107 -9.7030007111789321e-06
    5.950000   2.38042940 -1.0149884617341277e-05
    5.950000   2.44519674 -1.0629094531271018e-05
    5.950000   2.50996278 -1.1133722135268880e-05
    5.950000   2.57472706 -1.1654471510136139e-05
    5.950000   2.63948889 -1.2179638646049944e-05
    5.950000   2.70424717 -1.2695311956937873e-05
    5.950000   2.76900006 -1.3185830382310930e-05
    5.950000   2.83374417 -1.3634507368775957e-05
    5.950000   2.89847256 -1.4024590928704131e-05
    5.950000   2.96316844 -1.4340387818850706e-05
    5.950000   3.02777863 -1.4568443613810149e-05
    5.950000   3.09200950 -1.4698676988681601e-05
    6.000000   0.04958315 -1.3740421691367134e-05
    6.000000   0.11381403 -1.3620844103251784e-05
    6.000000   0.17842421 -1.3411386566342759e-05
    6.000000   0.24312010 -1.3121210420144625e-05
    6.000000   0.30784849 -1.2762552427266564e-05
    6.000000   0.37259260 -1.2349701325771695e-05
    6.000000   0.43734549 -1.1897932185304613e-05
    6.000000   0.50210377 -1.1422489180575116e-05
    6.000000   0.56686560 -1.0937714221743419e-05
    6.000000   0.63162987 -1.0456386659147494e-05
    6.000000   0.69639591 -9.9893016306929183e-06
    6.000000   0.76116325 -9.5450804601564726e-06
    6.000000   0.82593158 -9.1301810027090307e-06
    6.000000   0.89070068 -8.7490610494671805e-06
    6.000000   0.95547037 -8.4044433253561544e-06
    6.000000   1.02024053 -8.0976340120966298e-06
    6.000000   1.08501108 -7.8288551523611008e-06
    6.000000   1.14978193 -7.5975618966526471e-06
    6.000000   1.21455301 -7.4027261037861929e-06
    6.000000   1.27932429 -7.2430768577814272e-06
    6.000000   1.34409571 -7.1172953260306522e-06
    6.000000   1.40886724 -7.0241659352391125e-06
    6.000000   1.47363885 -6.9626883212365091e-06
    6.000000   1.53841049 -6.9321553251038241e-06
    6.000000   1.60318216 -6.9322019048922768e-06
    6.000000   1.66795381 -6.9628286104942716e-06
    6.000000   1.73272541 -7.0244015581581791e-06
    6.000000   1.79749694 -7.1176289043587414e-06
    6.000000   1.86226837 -7.2435118820778549e-06
    6.000000   1.92703964 -7.4032667518983048e-06
    6.000000   1.99181073 -7.5982127992952214e-06
    6.000000   2.05658157 -7.8296211073794250e-06
    6.000000   2.12135212 -8.0985196520128107e-06
    6.000000   2.18612229 -8.4054527473395256e-06
    6.000000   2.25089198 -8.7501974228852086e-06
    6.000000   2.31566107 -9.1314461764363085e-06
    6.000000   2.38042940 -9.5464745988365166e-06
    6.000000   2.44519674 -9.9908229144977030e-06
    6.000000   2.50996278 -1.0458031083156116e-05
    6.000000   2.57472706 -1.0939475526661674e-05
    6.000000   2.63948889 -1.1424358934621423e-05
    6.000000   2.70424717 -1.1899900017781716e-05
    6.000000   2.76900006 -1.2351755288501586e-05
    6.000000   2.83374417 -1.2764679435605024e-05
    6.000000   2.89847256 -1.3123396707418192e-05
    6.000000   2.96316844 -1.3413618080802224e-05
    6.000000   3.02777863 -1.3623106789281370e-05
    6.000000   3.09200950 -1.3742701629714472e-05
    6.050000   0.04958315 -1.2852838697622770e-05
    6.050000   0.11381403 -1.2742935219864273e-05
    6.050000   0.17842421 -1.2550365302902995e-05
    6.050000   0.24312010 -1.2283459288472215e-05
    6.050000   0.30784849 -1.1953353605435740e-05
    6.050000   0.37259260 -1.1573067105670471e-05
    6.050000   0.43734549 -1.1156538480049759e-05
    6.050000   0.50210377 -1.0717705447995588e-05
    6.050000   0.56686560 -1.0269713460295522e-05
    6.050000   0.63162987 -9.8243130527270800e-06
    6.050000   0.69639591 -9.3914713767042835e-06
    6.050000   0.76116325 -8.9791928044176085e-06
    6.050000   0.82593158 -8.5935204950190797e-06
    6.050000   0.89070068 -8.2386773197208208e-06
    6.050000   0.95547037 -7.9173001670181425e-06
    6.050000   1.02024053 -7.6307244381182648e-06
    6.050000   1.08501108 -7.3792828934074410e-06
    6.050000   1.14978193 -7.1625923916210969e-06
    6.050000   1.21455301 -6.9798114685820778e-06
    6.050000   1.27932429 -6.8298598267789283e-06
    6.050000   1.34409571 -6.7115970104113346e-06
    6.050000   1.40886724 -6.6239616948434523e-06
    6.050000   1.47363885 -6.5660753219122141e-06
    6.050000   1.53841049 -6.5373146185543707e-06
    6.050000   1.60318216 -6.5373572377366841e-06
    6.050000   1.66795381 -6.5662037160584591e-06
    6.050000   1.73272541 -6.6241774490582190e-06
    6.050000   1.79749694 -6.7119026840176946e-06
    6.050000   1.86226837 -6.8302588289652235e-06
    6.050000   1.92703964 -6.9803078835887843e-06
    6.050000   1.99181073 -7.1631907538134550e-06
    6.050000   2.05658157 -7.3799879142241322e-06
    6.050000   2.12135212 -7.6315406897098511e-06
    6.050000   2.18612229 -7.9182317315325862e-06
    6.050000   2.25089198 -8.2397274185988703e-06
    6.050000   2.31566107 -8.5946911188780329e-06
    6.050000   2.38042940 -8.9804843702394237e-06
    6.050000   2.44519674 -9.3928824436136739e-06
    6.050000   2.50996278 -9.8258401288235870e-06
    6.050000   2.57472706 -1.0271350928889958e-05
    6.050000   2.63948889 -1.0719445630948555e-05
    6.050000   2.70424717 -1.1158371838807948e-05
    6.050000   2.76900006 -1.1574982559227528e-05
    6.050000   2.83374417 -1.1955338923053957e-05
    6.050000   2.89847256 -1.2285501499425499e-05
    6.050000   2.96316844 -1.2552451061344477e-05
    6.050000   3.02777863 -1.2745051073849457e-05
    6.050000   3.09200950 -1.2854971240245661e-05
    6.100000   0.04958315 -1.2028072539876708e-05
    6.100000   0.11381403 -1.1926970314924714e-05
    6.100000   0.17842421 -1.1749767947002983e-05
    6.100000   0.24312010 -1.1504045349836113e-05
    6.100000   0.30784849 -1.1199944692861058e-05
    6.100000   0.37259260 -1.0849336411151825e-05
    6.100000   0.43734549 -1.0464949307400196e-05
    6.100000   0.50210377 -1.0059536588197931e-05
    6.100000   0.56686560 -9.6451568653831521e-06
    6.100000   0.63162987 -9.2326237710090466e-06
    6.100000   0.69639591 -8.8311478273335997e-06
    6.100000   0.76116325 -8.4481667464879123e-06
    6.100000   0.82593158 -8.0893395735468276e-06
    6.100000   0.89070068 -7.7586677761328342e-06
    6.100000   0.95547037 -7.4587022072041480e-06
    6.100000   1.02024053 -7.1907971300505613e-06
    6.100000   1.08501108 -6.9553788977055991e-06
    6.100000   1.14978193 -6.7522051707413675e-06
    6.100000   1.21455301 -6.5805989399049368e-06
    6.100000   1.27932429 -6.4396489112894771e-06
    6.100000   1.34409571 -6.3283734199692840e-06
    6.100000   1.40886724 -6.2458488302503667e-06
    6.100000   1.47363885 -6.1913055186089077e-06
    6.100000   1.53841049 -6.1641953271141105e-06
    6.100000   1.60318216 -6.1642341667358352e-06
    6.100000   1.66795381 -6.1914225614841688e-06
    6.100000   1.73272541 -6.2460456244937858e-06
    6.100000   1.79749694 -6.3286524659320462e-06
    6.100000   1.86226837 -6.4400135414784822e-06
    6.100000   1.92703964 -6.5810531506217807e-06
    6.100000   1.99181073 -6.7527534061653626e-06
    6.100000   2.05658157 -6.9560257887369313e-06
    6.100000   2.12135212 -7.1915471928737930e-06
    6.100000   2.18612229 -7.4595595103219026e-06
    6.100000   2.25089198 -7.7596355894903588e-06
    6.100000   2.31566107 -8.0904200188893271e-06
    6.100000   2.38042940 -8.4493604734682254e-06
    6.100000   2.44519674 -8.8324537437992774e-06
    6.100000   2.50996278 -9.2340388567457765e-06
    6.100000   2.57472706 -9.6466760947556679e-06
    6.100000   2.63948889 -1.0061152977557751e-05
    6.100000   2.70424717 -1.0466654087958290e-05
    6.100000   2.76900006 -1.0851119309185756e-05
    6.100000   2.83374417 -1.1201794280387767e-05
    6.100000   2.89847256 -1.1505949415250989e-05
    6.100000   2.96316844 -1.1751713831529263e-05
    6.100000   3.02777863 -1.1928945170147975e-05
    6.100000   3.09200950 -1.2030063487030134e-05
    6.150000   0.04958315 -1.1261158444282554e-05
    6.150000   0.11381403 -1.1168067442712167e-05
    6.150000   0.17842421 -1.1004856636006354e-05
    6.150000   0.24312010 -1.0778428188750606e-05
    6.150000   0.30784849 -1.0498025726748977e-05
    6.150000   0.37259260 -1.0174480923166426e-05
    6.150000   0.43734549 -9.8194269466204022e-06
    6.150000   0.50210377 -9.4445427209960836e-06
    6.150000   0.56686560 -9.0608992101724528e-06
    6.150000   0.63162987 -8.6784564205334367e-06
    6.150000   0.69639591 -8.3057330224038379e-06
    6.150000   0.76116325 -7.9496458551420704e-06
    6.150000   0.82593158 -7.6154978436075717e-06
    6.150000   0.89070068 -7.3070816143482605e-06
    6.150000   0.95547037 -7.0268621216284533e-06
    6.150000   1.02024053 -6.7762034018941673e-06
    6.150000   1.08501108 -6.5556101430892447e-06
    6.150000   1.14978193 -6.3649620793257496e-06
    6.150000   1.21455301 -6.2037266901876648e-06
    6.150000   1.27932429 -6.0711422270627348e-06
    6.150000   1.34409571 -5.9663681595405362e-06
    6.150000   1.40886724 -5.8886035972132576e-06
    6.150000   1.47363885 -5.8371762271617300e-06
    6.150000   1.53841049 -5.8116050816652509e-06
    6.150000   1.60318216 -5.8116403193864196e-06
    6.150000   1.66795381 -5.8372824522981762e-06
    6.150000   1.73272541 -5.8887823225382864e-06
    6.150000   1.79749694 -5.9666218291402018e-06
    6.150000   1.86226837 -6.0714741004172517e-06
    6.150000   1.92703964 -6.2041406800380172e-06
    6.150000   1.99181073 -6.3654625443410103e-06
    6.150000   2.05658157 -6.5562016379161719e-06
    6.150000   2.12135212 -6.7768903896309168e-06
    6.150000   2.18612229 -7.0276486572539007e-06
    6.150000   2.25089198 -7.3079710120229906e-06
    6.150000   2.31566107 -7.6164923456986568e-06
    6.150000   2.38042940 -7.9507463255270309e-06
    6.150000   2.44519674 -8.3069386899727886e-06
    6.150000   2.50996278 -8.6797646993814531e-06
    6.150000   2.57472706 -9.0623056194082434e-06
    6.150000   2.63948889 -9.4460409184579351e-06
    6.150000   2.70424717 -9.8210088773140989e-06
    6.150000   2.76900006 -1.0176137066600324e-05
    6.150000   2.83374417 -1.0499745410880596e-05
    6.150000   2.89847256 -1.0780199926287975e-05
    6.150000   2.96316844 -1.1006668435570501e-05
    6.150000   3.02777863 -1.1169907055498121e-05
    6.150000   3.09200950 -1.1263013529182934e-05
    6.200000   0.04958315 -1.0547552962222380e-05
    6.200000   0.11381403 -1.0461758359483817e-05
    6.200000   0.17842421 -1.0311293946193759e-05
    6.200000   0.24312010 -1.0102449648829864e-05
    6.200000   0.30784849 -9.8436568562717253e-06
    6.200000   0.37259260 -9.5448074033749344e-06
    6.200000   0.43734549 -9.2165419644508561e-06
    6.200000   0.50210377 -8.8695647726987000e-06
    6.200000   0.56686560 -8.5140488622308374e-06
    6.200000   0.63162987 -8.1591760509571624e-06
    6.200000   0.69639591 -7.8128319582771357e-06
    6.200000   0.76116325 -7.4814542478956815e-06
    6.200000   0.82593158 -7.1700153695392391e-06
    6.200000   0.89070068 -6.8821108081377140e-06
    6.200000   0.95547037 -6.6201200660673197e-06
    6.200000   1.02024053 -6.3854090225268407e-06
    6.200000   1.08501108 -6.1785471464604326e-06
    6.200000   1.14978193 -5.9995195042913754e-06
    6.200000   1.21455301 -5.8479201566495449e-06
    6.200000   1.27932429 -5.7231194097933013e-06
    6.200000   1.34409571 -5.6244019725682683e-06
    6.200000   1.40886724 -5.5510762314238434e-06
    6.200000   1.47363885 -5.5025566988335769e-06
    6.200000   1.53841049 -5.4784224446802679e-06
    6.200000   1.60318216 -5.4784542545835426e-06
    6.200000   1.66795381 -5.5026526289102770e-06
    6.200000   1.73272541 -5.5512377603930522e-06
    6.200000   1.79749694 -5.6246314903516576e-06
    6.200000   1.86226837 -5.7234201056668569e-06
    6.200000   1.92703964 -5.8482958631247302e-06
    6.200000   1.99181073 -5.9999744979944034e-06
    6.200000   2.05658157 -6.1790859087811312e-06
    6.200000   2.12135212 -6.3860359651193540e-06
    6.200000   2.18612229 -6.6208392294951358e-06
    6.200000   2.25089198 -6.8829255459255898e-06
    6.200000   2.31566107 -7.1709280343020478e-06
    6.200000   2.38042940 -7.4824659003583579e-06
    6.200000   2.44519674 -7.8139421228796742e-06
    6.200000   2.50996278 -8.1603825421073168e-06
    6.200000   2.57472706 -8.5153477019320291e-06
    6.200000   2.63948889 -8.8709502125012119e-06
    6.200000   2.70424717 -9.2180066126445552e-06
    6.200000   2.76900006 -9.5463424436313007e-06
    6.200000   2.83374417 -9.8452523294084052e-06
    6.200000   2.89847256 -1.0104094758850149e-05
    6.200000   2.96316844 -1.0312977348843789e-05
    6.200000   3.02777863 -1.0463468398585023e-05
    6.200000   3.09200950 -1.0549277838696530e-05
    6.250000   0.04958315 -9.8830995955653578e-06
    6.250000   0.11381403 -9.8039547378750478e-06
    6.250000   0.17842421 -9.6651101348713899e-06
    6.250000   0.24312010 -9.4723024893206993e-06
    6.250000   0.30784849 -9.2332287315267233e-06
    6.250000   0.37259260 -8.9569300541966825e-06
    6.250000   0.43734549 -8.6531477014974899e-06
    6.250000   0.50210377 -8.3317011628277282e-06
    6.250000   0.56686560 -8.0019466706537600e-06
    6.250000   0.63162987 -7.6723561798792363e-06
    6.250000   0.69639591 -7.3502356380959166e-06
    6.250000   0.76116325 -7.0415815185713751e-06
    6.250000   0.82593158 -6.7510593086854960e-06
    6.250000   0.89070068 -6.4820782674069377e-06
    6.250000   0.95547037 -6.2369331736372012e-06
    6.250000   1.02024053 -6.0169848719335803e-06
    6.250000   1.08501108 -5.8228556076206145e-06
    6.250000   1.14978193 -5.6546208458114272e-06
    6.250000   1.21455301 -5.5119851935452223e-06
    6.250000   1.27932429 -5.3944353130771114e-06
    6.250000   1.34409571 -5.3013668610896226e-06
    6.250000   1.40886724 -5.2321853763493163e-06
    6.250000   1.47363885 -5.1863827491889307e-06
    6.250000   1.53841049 -5.1635916383404314e-06
    6.250000   1.60318216 -5.1636201907298762e-06
    6.250000   1.66795381 -5.1864688954533784e-06
    6.250000   1.73272541 -5.2323305621514211e-06
    6.250000   1.79749694 -5.3015734238093282e-06
    6.250000   1.86226837 -5.3947063739379318e-06
    6.250000   1.92703964 -5.5123245073219596e-06
    6.250000   1.99181073 -5.6550326095852448e-06
    6.250000   2.05658157 -5.8233442314857775e-06
    6.250000   2.12135212 -6.0175547167509560e-06
    6.250000   2.18612229 -6.2375882638657216e-06
    6.250000   2.25089198 -6.4828219906625013e-06
    6.250000   2.31566107 -6.7518941176242407e-06
    6.250000   2.38042940 -7.0425086543439633e-06
    6.250000   2.44519674 -7.3512548971025753e-06
    6.250000   2.50996278 -7.6734657457483401e-06
    6.250000   2.57472706 -8.0031430302596072e-06
    6.250000   2.63948889 -8.3329791181282928e-06
    6.250000   2.70424717 -8.6545004782316188e-06
    6.250000   2.76900006 -8.9583494954058939e-06
    6.250000   2.83374417 -9.2347055510389798e-06
    6.250000   2.89847256 -9.4738265510170077e-06
    6.250000   2.96316844 -9.6666707209415269e-06
    6.250000   3.02777863 -9.8055407753096725e-06
    6.250000   3.09200950 -9.8846998274552047e-06
    6.300000   0.04958315 -9.2639964207276994e-06
    6.300000   0.11381403 -9.1909163624689549e-06
    6.300000   0.17842421 -9.0626723319449535e-06
    6.300000   0.24312010 -8.8845009455196680e-06
    6.300000   0.30784849 -8.6634347374063793e-06
    6.300000   0.37259260 -8.4077446523533167e-06
    6.300000   0.43734549 -8.1263564497479764e-06
    6.300000   0.50210377 -7.8282860906411593e-06
    6.300000   0.56686560 -7.5221463551291438e-06
    6.300000   0.63162987 -7.2157612178007441e-06
    6.300000   0.69639591 -6.9159054190669829e-06
    6.300000   0.76116325 -6.6281688600000182e-06
    6.300000   0.82593158 -6.3569316419864181e-06
    6.300000   0.89070068 -6.1054269994587804e-06
    6.300000   0.95547037 -5.8758659685734042e-06
    6.300000   1.02024053 -5.6695984347851800e-06
    6.300000   1.08501108 -5.4872888196061818e-06
    6.300000   1.14978193 -5.3290896933431916e-06
    6.300000   1.21455301 -5.1948018755921285e-06
    6.300000   1.27932429 -5.0840143133479057e-06
    6.300000   1.34409571 -4.9962207774803134e-06
    6.300000   1.40886724 -4.9309130565062822e-06
    6.300000   1.47363885 -4.8876519149181512e-06
    6.300000   1.53841049 -4.8661177918875742e-06
    6.300000   1.60318216 -4.8661432530893467e-06
    6.300000   1.66795381 -4.8877287766105270e-06
    6.300000   1.73272541 -4.9310427320658444e-06
    6.300000   1.79749694 -4.9964055529877217e-06
    6.300000   1.86226837 -5.0842572435989376e-06
    6.300000   1.92703964 -5.1951066394553129e-06
    6.300000   1.99181073 -5.3294604100811345e-06
    6.300000   2.05658157 -5.4877298291634398e-06
    6.300000   2.12135212 -5.6701140471019014e-06
    6.300000   2.18612229 -5.8764601897004157e-06
    6.300000   2.25089198 -6.1061032455395292e-06
    6.300000   2.31566107 -6.3576924557155645e-06
    6.300000   2.38042940 -6.6290156474055900e-06
    6.300000   2.44519674 -6.9168382265928891e-06
    6.300000   2.50996278 -7.2167785697261569e-06
    6.300000   2.57472706 -7.5232451684730753e-06
    6.300000   2.63948889 -7.8294616783179011e-06
    6.300000   2.70424717 -8.1276026131265187e-06
    6.300000   2.76900006 -8.4090538527435539e-06
    6.300000   2.83374417 -8.6647983246044672e-06
    6.300000   2.89847256 -8.8859094133029253e-06
    6.300000   2.96316844 -9.0641155680154608e-06
    6.300000   3.02777863 -9.1923838655330146e-06
    6.300000   3.09200950 -9.2654774727201873e-06
    6.350000   0.04958315 -8.6867658106443514e-06
    6.350000   0.11381403 -8.6192213985894556e-06
    6.350000   0.17842421 -8.5006557610520931e-06
    6.350000   0.24312010 -8.3358532573202482e-06
    6.350000   0.30784849 -8.1312451182526392e-06
    6.350000   0.37259260 -7.8944044822933226e-06
    6.350000   0.43734549 -7.6335173283022730e-06
    6.350000   0.50210377 -7.3568694105342546e-06
    6.350000   0.56686560 -7.0723963700514585e-06
    6.350000   0.63162987 -6.7873302529305066e-06
    6.350000   0.69639591 -6.5079586058353870e-06
    6.350000   0.76116325 -6.2394963229433136e-06
    6.350000   0.82593158 -5.9860579367634173e-06
    6.350000   0.89070068 -5.7507102057563389e-06
    6.350000   0.95547037 -5.5355816271450607e-06
    6.350000   1.02024053 -5.3420060617670804e-06
    6.350000   1.08501108 -5.1706807766582395e-06
    6.350000   1.14978193 -5.0218236385195754e-06
    6.350000   1.21455301 -4.8953188867490241e-06
    6.350000   1.27932429 -4.7908451577200680e-06
    6.350000   1.34409571 -4.7079828255114202e-06
    6.350000   1.40886724 -4.6463001350844747e-06
    6.350000   1.47363885 -4.6054190784868101e-06
    6.350000   1.53841049 -4.5850626485737212e-06
    6.350000   1.60318216 -4.5850851807468344e-06
    6.350000   1.66795381 -4.6054871422863746e-06
    6.350000   1.73272541 -4.6464151121968435e-06
    6.350000   1.79749694 -4.7081469516683078e-06
    6.350000   1.86226837 -4.7910614225033271e-06
    6.350000   1.92703964 -4.8955908944342903e-06
    6.350000   1.99181073 -5.0221554316805230e-06
    6.350000   2.05658157 -5.1710766255992603e-06
    6.350000   2.12135212 -5.3424702247850882e-06
    6.350000   2.18612229 -5.5361180891262419e-06
    6.350000   2.25089198 -5.7513224056274068e-06
    6.350000   2.31566107 -5.9867484974991894e-06
    6.350000   2.38042940 -6.2402668007121083e-06
    6.350000   2.44519674 -6.5088092766973305e-06
    6.350000   2.50996278 -6.7882599554573033e-06
    6.350000   2.57472706 -7.0734024195478206e-06
    6.350000   2.63948889 -7.3579475947511123e-06
    6.350000   2.70424717 -7.6346619859022201e-06
    6.350000   2.76900006 -7.8956086549495321e-06
    6.350000   2.83374417 -8.1325007571451321e-06
    6.350000   2.89847256 -8.3371514574425518e-06
    6.350000   2.96316844 -8.5019869945579526e-06
    6.350000   3.02777863 -8.6205757228593843e-06
    6.350000   3.09200950 -8.6881330402903751e-06
    6.400000   0.04958315 -8.1482262842036049e-06
    6.400000   0.11381403 -8.0857387593050996e-06
    6.400000   0.17842421 -7.9760170074567658e-06
    6.400000   0.24312010 -7.8234361729137976e-06
    6.400000   0.30784849 -7.6338829886095330e-06
    6.400000   0.37259260 -7.4142980525369041e-06
    6.400000   0.43734549 -7.1721958284123435e-06
    6.400000   0.50210377 -6.9151980565117197e-06
    6.400000   0.56686560 -6.6506231945687906e-06
    6.400000   0.63162987 -6.3851621392592686e-06
    6.400000   0.69639591 -6.1246552278606849e-06
    6.400000   0.76116325 -5.8739711455127317e-06
    6.400000   0.82593158 -5.6369770740236077e-06
    6.400000   0.89070068 -5.4165822459587505e-06
    6.400000   0.95547037 -5.2148340180679464e-06
    6.400000   1.02024053 -5.0330459324065776e-06
    6.400000   1.08501108 -4.8719399154953211e-06
    6.400000   1.14978193 -4.7317886627716825e-06
    6.400000   1.21455301 -4.6125484344648293e-06
    6.400000   1.27932429 -4.5139762969933891e-06
    6.400000   1.34409571 -4.4357289148450553e-06
    6.400000   1.40886724 -4.3774422015344472e-06
    6.400000   1.47363885 -4.3387925072588421e-06
    6.400000   1.53841049 -4.3195406793953702e-06
    6.400000   1.60318216 -4.3195604403567387e-06
    6.400000   1.66795381 -4.3388522467743828e-06
    6.400000   1.73272541 -4.3775432700646638e-06
    6.400000   1.79749694 -4.4358734984986089e-06
    6.400000   1.86226837 -4.5141673210429220e-06
    6.400000   1.92703964 -4.6127894295118228e-06
    6.400000   1.99181073 -4.7320835953736049e-06
    6.400000   2.05658157 -4.8722929863475102e-06
    6.400000   2.12135212 -5.0334613469967684e-06
    6.400000   2.18612229 -5.2153157370453117e-06
    6.400000   2.25089198 -5.4171337252087263e-06
    6.400000   2.31566107 -5.6376010073239511e-06
    6.400000   2.38042940 -5.8746692252006904e-06
    6.400000   2.44519674 -6.1254279405262149e-06
    6.400000   2.50996278 -6.3860086133609709e-06
    6.400000   2.57472706 -6.6515411143497573e-06
    6.400000   2.63948889 -6.9161836513473971e-06
    6.400000   2.70424717 -7.1732439389491285e-06
    6.400000   2.76900006 -7.4154022657012427e-06
    6.400000   2.83374417 -7.6350358245447405e-06
    6.400000   2.89847256 -7.8246293003323389e-06
    6.400000   2.96316844 -7.9772414618836180e-06
    6.400000   3.02777863 -8.0869851424884563e-06
    6.400000   3.09200950 -8.1494849349563682e-06
    6.450000   0.04958315 -7.6454664614608326e-06
    6.450000   0.11381403 -7.5876025462444788e-06
    6.450000   0.17842421 -7.4859693037920920e-06
    6.450000   0.24312010 -7.3445713928187907e-06
    6.450000   0.30784849 -7.1688021886004233e-06
    6.450000   0.37259260 -6.9650285466892911e-06
    6.450000   0.43734549 -6.7401549732312234e-06
    6.450000   0.50210377 -6.5011989556773039e-06
    6.450000   0.56686560 -6.2549159842064935e-06
    6.450000   0.63162987 -6.0075018205758502e-06
    6.450000   0.69639591 -5.7643859318368323e-06
    6.450000   0.76116325 -5.5301170837231129e-06
    6.450000   0.82593158 -5.3083318715875323e-06
    6.450000   0.89070068 -5.1017904020722965e-06
    6.450000   0.95547037 -4.9124604574073627e-06
    6.450000   1.02024053 -4.7416316569540480e-06
    6.450000   1.08501108 -4.5900434302132298e-06
    6.450000   1.14978193 -4.4580140427848627e-06
    6.450000   1.21455301 -4.3455616351441847e-06
    6.450000   1.27932429 -4.2525116519423093e-06
    6.450000   1.34409571 -4.1785878190956343e-06
    6.450000   1.40886724 -4.1234858408221267e-06
    6.450000   1.47363885 -4.0869302598717836e-06
    6.450000   1.53841049 -4.0687155569275627e-06
    6.450000   1.60318216 -4.0687326999958421e-06
    6.450000   1.66795381 -4.0869821351863296e-06
    6.450000   1.73272541 -4.1235737679839338e-06
    6.450000   1.79749694 -4.1787139351542512e-06
    6.450000   1.86226837 -4.2526788185334105e-06
    6.450000   1.92703964 -4.3457733098229175e-06
    6.450000   1.99181073 -4.4582741164287391e-06
    6.450000   2.05658157 -4.5903560335887220e-06
    6.450000   2.12135212 -4.7420009412619454e-06
    6.450000   2.18612229 -4.9128903557854721e-06
    6.450000   2.25089198 -5.1022843815456453e-06
    6.450000   2.31566107 -5.3088926875756753e-06
    6.450000   2.38042940 -5.5307465514884443e-06
    6.450000   2.44519674 -5.7650847306352912e-06
    6.450000   2.50996278 -6.0082693460879433e-06
    6.450000   2.57472706 -6.2557502624832633e-06
    6.450000   2.63948889 -6.5020966270586881e-06
    6.450000   2.70424717 -6.7411113476933832e-06
    6.450000   2.76900006 -6.9660377237549016e-06
    6.450000   2.83374417 -7.1698572268735106e-06
    6.450000   2.89847256 -7.3456645083229841e-06
    6.450000   2.96316844 -7.4870920744086219e-06
    6.450000   3.02777863 -7.5887461027980020e-06
    6.450000   3.09200950 -7.6466216566101572e-06
    6.500000   0.04958315 -7.1758210660943730e-06
    6.500000   0.11381403 -7.1221885044089958e-06
    6.500000   0.17842421 -7.0279597716975250e-06
    6.500000   0.24312010 -6.8968038896417153e-06
    6.500000   0.30784849 -6.7336669164961566e-06
    6.500000   0.37259260 -6.5443949390421669e-06
    6.500000   0.43734549 -6.3353380200434922e-06
    6.500000   0.50210377 -6.1129633570839356e-06
    6.500000   0.56686560 -5.8835125098766639e-06
    6.500000   0.63162987 -5.6527278166021466e-06
    6.500000   0.69639591 -5.4256609165605525e-06
    6.500000   0.76116325 -5.2065646725800363e-06
    6.500000   0.82593158 -4.9988605350344236e-06
    6.500000   0.89070068 -4.8051673777265924e-06
    6.500000   0.95547037 -4.6273751162647163e-06
    6.500000   1.02024053 -4.4667464589952253e-06
    6.500000   1.08501108 -4.3240321058096910e-06
    6.500000   1.14978193 -4.1995877219357955e-06
    6.500000   1.21455301 -4.0934843218432197e-06
    6.500000   1.27932429 -4.0056067664063094e-06
    6.500000   1.34409571 -3.9357375930555914e-06
    6.500000   1.40886724 -3.8836252415304848e-06
    6.500000   1.47363885 -3.8490369181229581e-06
    6.500000   1.53841049 -3.8317969480659092e-06
    6.500000   1.60318216 -3.8318116219287225e-06
    6.500000   1.66795381 -3.8490813754024059e-06
    6.500000   1.73272541 -3.8837007712661972e-06
    6.500000   1.79749694 -3.9358462836860949e-06
    6.500000   1.86226837 -4.0057514164382233e-06
    6.500000   1.92703964 -4.0936683162059249e-06
    6.500000   1.99181073 -4.1998148759249107e-06
    6.500000   2.05658157 -4.3243064796990442e-06
    6.500000   2.12135212 -4.4670721480177455e-06
    6.500000   2.18612229 -4.6277560226689120e-06
    6.500000   2.25089198 -4.8056069739336675e-06
    6.500000   2.31566107 -4.9993616292889928e-06
    6.500000   2.38042940 -5.2071291905267400e-06
    6.500000   2.44519674 -5.4262897133800564e-06
    6.500000   2.50996278 -5.6534205341006352e-06
    6.500000   2.57472706 -5.8842674907520358e-06
    6.500000   2.63948889 -6.1137776242360850e-06
    6.500000   2.70424717 -6.3362073224685715e-06
    6.500000   2.76900006 -6.5453138583720998e-06
    6.500000   2.83374417 -6.7346290210094732e-06
    6.500000   2.89847256 -6.8978019172719445e-06
    6.500000   2.96316844 -7.0289858218072742e-06
    6.500000   3.02777863 -7.1232342208531526e-06
    6.500000   3.09200950 -7.1768778035129080e-06
    6.550000   0.04958315 -6.7368488909388104e-06
    6.550000   0.11381403 -6.6870924065850851e-06
    6.550000   0.17842421 -6.5996485346423385e-06
    6.550000   0.24312010 -6.4778820186014900e-06
    6.550000   0.30784849 -6.3263330534999115e-06
    6.550000   0.37259260 -6.1503746901827888e-06
    6.550000   0.43734549 -5.9558526213400956e-06
    6.550000   0.50210377 -5.7487324938869025e-06
    6.550000   0.56686560 -5.5347863044142662e-06
    6.550000   0.63162987 -5.3193407941884288e-06
    6.550000   0.69639591 -5.1070998364946109e-06
    6.550000   0.76116325 -4.9020423476323959e-06
    6.550000   0.82593158 -4.7073888703387180e-06
    6.550000   0.89070068 -4.5256244705115507e-06
    6.550000   0.95547037 -4.3585630232297792e-06
    6.550000   1.02024053 -4.2074378846791166e-06
    6.550000   1.08501108 -4.0730056198978244e-06
    6.550000   1.14978193 -3.9556521006395645e-06
    6.550000   1.21455301 -3.8554932301067490e-06
    6.550000   1.27932429 -3.7724653056384796e-06
    6.550000   1.34409571 -3.7064023096094826e-06
    6.550000   1.40886724 -3.6570991049252279e-06
    6.550000   1.47363885 -3.6243606075495786e-06
    6.550000   1.53841049 -3.6080375893909556e-06
    6.550000   1.60318216 -3.6080499379926284e-06
    6.550000   1.66795381 -3.6243980787175157e-06
    6.550000   1.73272541 -3.6571629573896022e-06
    6.550000   1.79749694 -3.7064945835687923e-06
    6.550000   1.86226837 -3.7725887368695652e-06
    6.550000   1.92703964 -3.8556511311948024e-06
    6.550000   1.99181073 -3.9558482112379730e-06
    6.550000   2.05658157 -4.0732439290707144e-06
    6.550000   2.12135212 -4.2077224298935871e-06
    6.550000   2.18612229 -4.3588976724447210e-06
    6.550000   2.25089198 -4.5260126959384477e-06
    6.550000   2.31566107 -4.7078335245996147e-06
    6.550000   2.38042940 -4.9025454548892042e-06
    6.550000   2.44519674 -5.1076624121495901e-06
    6.550000   2.50996278 -5.3199627064967712e-06
    6.550000   2.57472706 -5.5354661893272036e-06
    6.550000   2.63948889 -5.7494677304703873e-06
    6.550000   2.70424717 -5.9566393693814196e-06
    6.550000   2.76900006 -6.1512079848697163e-06
    6.550000   2.83374417 -6.3272069455438573e-06
    6.550000   2.89847256 -6.4787897433868402e-06
    6.550000   2.96316844 -6.6005826923383146e-06
    6.550000   3.02777863 -6.6880451374724927e-06
    6.550000   3.09200950 -6.7378120385711077e-06
    6.600000   0.04958315 -6.3263126255208086e-06
    6.600000   0.11381403 -6.2801102668001022e-06
    6.600000   0.17842421 -6.1988896023667833e-06
    6.600000   0.24312010 -6.0857393207433107e-06
    6.600000   0.30784849 -5.9448310847087395e-06
    6.600000   0.37259260 -5.7811079291890593e-06
    6.600000   0.43734549 -5.5999563544973663e-06
    6.600000   0.50210377 -5.4068844922552601e-06
    6.600000   0.56686560 -5.2072349342591622e-06
    6.600000   0.63162987 -5.0059531457046566e-06
    6.600000   0.69639591 -4.8074226009219129e-06
    6.600000   0.76116325 -4.6153683587570676e-06
    6.600000   0.82593158 -4.4328231948179020e-06
    6.600000   0.89070068 -4.2621453587311849e-06
    6.600000   0.95547037 -4.1050746074666616e-06
    6.600000   1.02024053 -3.9628129886585864e-06
    6.600000   1.08501108 -3.8361182665694928e-06
    6.600000   1.14978193 -3.7254002030129591e-06
    6.600000   1.21455301 -3.6308125223574690e-06
    6.600000   1.27932429 -3.5523358628560769e-06
    6.600000   1.34409571 -3.4898490813315148e-06
    6.600000   1.40886724 -3.4431878215073343e-06
    6.600000   1.47363885 -3.4121902742487806e-06
    6.600000   1.53841049 -3.3967306132152349e-06
    6.600000   1.60318216 -3.3967407756710807e-06
    6.600000   1.66795381 -3.4122211767298107e-06
    6.600000   1.73272541 -3.4432406926633235e-06
    6.600000   1.79749694 -3.4899259134451422e-06
    6.600000   1.86226837 -3.5524393293081103e-06
    6.600000   1.92703964 -3.6309458635860437e-06
    6.600000   1.99181073 -3.7255670828780943e-06
    6.600000   2.05658157 -3.8363226021248337e-06
    6.600000   2.12135212 -3.9630587577667982e-06
    6.600000   2.18612229 -4.1053656404408760e-06
    6.600000   2.25089198 -4.2624851221473197e-06
    6.600000   2.31566107 -4.4332145776197478e-06
    6.600000   2.38042940 -4.6158134724151822e-06
    6.600000   2.44519674 -4.8079226063274598e-06
    6.600000   2.50996278 -5.0065081191829758e-06
    6.600000   2.57472706 -5.2078437832161540e-06
    6.600000   2.63948889 -5.4075449273281079e-06
    6.600000   2.70424717 -5.6006649198996184e-06
    6.600000   2.76900006 -5.7818600868485101e-06
    6.600000   2.83374417 -5.9456213419280556e-06
    6.600000   2.89847256 -6.0865613867859074e-06
    6.600000   2.96316844 -6.1997365577885805e-06
    6.600000   3.02777863 -6.2809747313099171e-06
    6.600000   3.09200950 -6.3271869175730060e-06
    6.650000   0.04958315 -5.9421604342714062e-06
    6.650000   0.11381403 -5.8992202725907234e-06
    6.650000   0.17842421 -5.8237134186229123e-06
    6.650000   0.24312010 -5.7184779132451146e-06
    6.650000   0.30784849 -5.5873505141359123e-06
    6.650000   0.37259260 -5.4348830244473118e-06
    6.650000   0.43734549 -5.2660435268240569e-06
    6.650000   0.50210377 -5.0859224390063439e-06
    6.650000   0.56686560 -4.8994693137563380e-06
    6.650000   0.63162987 -4.7112794977759302e-06
    6.650000   0.69639591 -4.5254409975470497e-06
    6.650000   0.76116325 -4.3454434106609352e-06
    6.650000   0.82593158 -4.1741438863116503e-06
    6.650000   0.89070068 -4.0137804476377721e-06
    6.650000   0.95547037 -3.8660207322917031e-06
    6.650000   1.02024053 -3.7320339509642967e-06
    6.650000   1.08501108 -3.6125750605463313e-06
    6.650000   1.14978193 -3.5080721814454099e-06
    6.650000   1.21455301 -3.4187106153892930e-06
    6.650000   1.27932429 -3.3445090410147922e-06
    6.650000   1.34409571 -3.2853853357501152e-06
    6.650000   1.40886724 -3.2412108855207118e-06
    6.650000   1.47363885 -3.2118531893915389e-06
    6.650000   1.53841049 -3.1972070962636695e-06
    6.650000   1.60318216 -3.1972152067951712e-06
    6.650000   1.66795381 -3.2118779259288813e-06
    6.650000   1.73272541 -3.2412534468473274e-06
    6.650000   1.79749694 -3.2854476665372139e-06
    6.650000   1.86226837 -3.3445937525497116e-06
    6.650000   1.92703964 -3.4188208761222337e-06
    6.650000   1.99181073 -3.5082115792514192e-06
    6.650000   2.05658157 -3.6127474396443803e-06
    6.650000   2.12135212 -3.7322432277909846e-06
    6.650000   2.18612229 -3.8662706962519035e-06
    6.650000   2.25089198 -4.0140745544734788e-06
    6.650000   2.31566107 -4.1744850536349964e-06
    6.650000   2.38042940 -4.3458338266796597e-06
    6.650000   2.44519674 -4.5258819548181370e-06
    6.650000   2.50996278 -4.7117712635098918e-06
    6.650000   2.57472706 -4.9000110464607996e-06
    6.650000   2.63948889 -5.0865121579238676e-06
    6.650000   2.70424717 -5.2666781359085622e-06
    6.650000   2.76900006 -5.4355583871169109e-06
    6.650000   2.83374417 -5.5880615697292943e-06
    6.650000   2.89847256 -5.7192188221728228e-06
    6.650000   2.96316844 -5.8244777217065507e-06
    6.650000   3.02777863 -5.9000010517152676e-06
    6.650000   3.09200950 -5.9429504680579099e-06
    6.700000   0.04958315 -5.5825091689428050e-06
    6.700000   0.11381403 -5.5425663210346379e-06
    6.700000   0.17842421 -5.4723109597186403e-06
    6.700000   0.24312010 -5.3743533578869314e-06
    6.700000   0.30784849 -5.2522256693195797e-06
    6.700000   0.37259260 -5.1101234438146907e-06
    6.700000   0.43734549 -4.9526331624773832e-06
    6.700000   0.50210377 -4.7844635206085046e-06
    6.700000   0.56686560 -4.6102039810861969e-06
    6.700000   0.63162987 -4.4341280757986148e-06
    6.700000   0.69639591 -4.2600510722979096e-06
    6.700000   0.76116325 -4.0912439679262439e-06
    6.700000   0.82593158 -3.9303995141672681e-06
    6.700000   0.89070068 -3.7796417240525575e-06
    6.700000   0.95547037 -3.6405681730145008e-06
    6.700000   1.02024053 -3.5143140829868806e-06
    6.700000   1.08501108 -3.4016281836826472e-06
    6.700000   1.14978193 -3.3029521245179165e-06
    6.700000   1.21455301 -3.2184972792775284e-06
    6.700000   1.27932429 -3.1483147804892808e-06
    6.700000   1.34409571 -3.0923563168565288e-06
    6.700000   1.40886724 -3.0505245213882928e-06
    6.700000   1.47363885 -3.0227126563374880e-06
    6.700000   1.53841049 -3.0088338063441494e-06
    6.700000   1.60318216 -3.0088399942403087e-06
    6.700000   1.66795381 -3.0227316148740512e-06
    6.700000   1.73272541 -3.0505574196978987e-06
    6.700000   1.79749694 -3.0924050523011642e-06
    6.700000   1.86226837 -3.1483819025624193e-06
    6.700000   1.92703964 -3.2185858845967970e-06
    6.700000   1.99181073 -3.3030657247832568e-06
    6.700000   2.05658157 -3.4017705494766254e-06
    6.700000   2.12135212 -3.5144890675617749e-06
    6.700000   2.18612229 -3.6407795217430203e-06
    6.700000   2.25089198 -3.7798928768964260e-06
    6.700000   2.31566107 -3.9306934101677565e-06
    6.700000   2.38042940 -4.0915828620777091e-06
    6.700000   2.44519674 -4.2604363758559431e-06
    6.700000   2.50996278 -4.4345602307770424e-06
    6.700000   2.57472706 -4.6106823780659728e-06
    6.700000   2.63948889 -4.7849864659485747e-06
    6.700000   2.70424717 -4.9531978967091744e-06
    6.700000   2.76900006 -5.1107262080270164e-06
    6.700000   2.83374417 -5.2528618115117313e-06
    6.700000   2.89847256 -5.3750174676889141e-06
    6.700000   2.96316844 -5.4729970184386207e-06
    6.700000   3.02777863 -5.5432678553445949e-06
    6.700000   3.09200950 -5.5832194023612020e-06
    6.750000   0.04958315 -5.2456290973855205e-06
    6.750000   0.11381403 -5.2084430423998648e-06
    6.750000   0.17842421 -5.1430192706626893e-06
    6.750000   0.24312010 -5.0517608985694779e-06
    6.750000   0.30784849 -4.9379227914738751e-06
    6.750000   0.37259260 -4.8053758059290732e-06
    6.750000   0.43734549 -4.6583580794409054e-06
    6.750000   0.50210377 -4.5012291485017371e-06
    6.750000   0.56686560 -4.3382482576520784e-06
    6.750000   0.63162987 -4.1733928528772149e-06
    6.750000   0.69639591 -4.0102262005774024e-06
    6.750000   0.76116325 -3.8518161661325400e-06
    6.750000   0.82593158 -3.7007014994083182e-06
    6.750000   0.89070068 -3.5588980721367019e-06
    6.750000   0.95547037 -3.4279354966735160e-06
    6.750000   1.02024053 -3.3089141845071322e-06
    6.750000   1.08501108 -3.2025737395462695e-06
    6.750000   1.14978193 -3.1093651372557484e-06
    6.750000   1.21455301 -3.0295209794421770e-06
    6.750000   1.27932429 -2.9631199066530243e-06
    6.750000   1.34409571 -2.9101427886190880e-06
    6.750000   1.40886724 -2.8705194991635777e-06
    6.750000   1.47363885 -2.8441658983011651e-06
    6.750000   1.53841049 -2.8310111254105265e-06
    6.750000   1.60318216 -2.8310155150078860e-06
    6.750000   1.66795381 -2.8441794519274315e-06
    6.750000   1.73272541 -2.8705433565237154e-06
    6.750000   1.79749694 -2.9101788000829244e-06
    6.750000   1.86226837 -2.9631705602363796e-06
    6.750000   1.92703964 -3.0295893001080805e-06
    6.750000   1.99181073 -3.1094545603758081e-06
    6.750000   2.05658157 -3.2026879613209028e-06
    6.750000   2.12135212 -3.3090569933465499e-06
    6.750000   2.18612229 -3.4281105909647395e-06
    6.750000   2.25089198 -3.5591088713886374e-06
    6.750000   2.31566107 -3.7009509572742418e-06
    6.750000   2.38042940 -3.8521065950419707e-06
    6.750000   2.44519674 -4.0105591183288626e-06
    6.750000   2.50996278 -4.1737688612290243e-06
    6.750000   2.57472706 -4.3386669614503128e-06
    6.750000   2.63948889 -4.5016891210822421e-06
    6.750000   2.70424717 -4.6588568761405654e-06
    6.750000   2.76900006 -4.8059100229953037e-06
    6.750000   2.83374417 -4.9384881632899053e-06
    6.750000   2.89847256 -5.0523524228292746e-06
    6.750000   2.96316844 -5.1436313497554300e-06
    6.750000   3.02777863 -5.2090696303642800e-06
    6.750000   3.09200950 -5.2462638469875121e-06
    6.800000   0.04958315 -4.9299300322762603e-06
    6.800000   0.11381403 -4.8952821968162896e-06
    6.800000   0.17842421 -4.8343083275023836e-06
    6.800000   0.24312010 -4.7492229608719337e-06
    6.800000   0.30784849 -4.6430283095770128e-06
    6.800000   0.37259260 -4.5192990272536254e-06
    6.800000   0.43734549 -4.3819549678911383e-06
    6.800000   0.50210377 -4.2350359890780923e-06
    6.800000   0.56686560 -4.0824982163676646e-06
    6.800000   0.63162987 -3.9280464156047661e-06
    6.800000   0.69639591 -3.7750107890906756e-06
    6.800000   0.76116325 -3.6262702744857758e-06
    6.800000   0.82593158 -3.4842192553579423e-06
    6.800000   0.89070068 -3.3507710068632014e-06
    6.800000   0.95547037 -3.2273893049538967e-06
    6.800000   1.02024053 -3.1151392172508584e-06
    6.800000   1.08501108 -3.0147487851869554e-06
    6.800000   1.14978193 -2.9266746659313087e-06
    6.800000   1.21455301 -2.8511664366784396e-06
    6.800000   1.27932429 -2.7883258742991980e-06
    6.800000   1.34409571 -2.7381589191201555e-06
    6.800000   1.40886724 -2.7006191188394487e-06
    6.800000   1.47363885 -2.6756421072355753e-06
    6.800000   1.53841049 -2.6631711300690682e-06
    6.800000   1.60318216 -2.6631738407551347e-06
    6.800000   1.66795381 -2.6756506141993283e-06
    6.800000   1.73272541 -2.7006345325977617e-06
    6.800000   1.79749694 -2.7381830433903398e-06
    6.800000   1.86226837 -2.7883611359694157e-06
    6.800000   1.92703964 -2.8512157892799210e-06
    6.800000   1.99181073 -2.9267414684119176e-06
    6.800000   2.05658157 -3.0148366587049738e-06
    6.800000   2.12135212 -3.1152518838437627e-06
    6.800000   2.18612229 -3.2275304132649660e-06
    6.800000   2.25089198 -3.3509439515673527e-06
    6.800000   2.31566107 -3.4844269983222108e-06
    6.800000   2.38042940 -3.6265151768084776e-06
    6.800000   2.44519674 -3.7752944637230506e-06
    6.800000   2.50996278 -3.9283696099501648e-06
    6.800000   2.57472706 -4.0828607328496458e-06
    6.800000   2.63948889 -4.2354366491145464e-06
    6.800000   2.70424717 -4.3823916211288953e-06
    6.800000   2.76900006 -4.5197686037939274e-06
    6.800000   2.83374417 -4.6435269089359209e-06
    6.800000   2.89847256 -4.7497459683980957e-06
    6.800000   2.96316844 -4.8348505476641979e-06
    6.800000   3.02777863 -4.8958379936521398e-06
    6.800000   3.09200950 -4.9304934719095366e-06
    6.850000   0.04958315 -4.6339487468285696e-06
    6.850000   0.11381403 -4.6016403328798143e-06
    6.850000   0.17842421 -4.5447691180427007e-06
    6.850000   0.24312010 -4.4653778103566299e-06
    6.850000   0.30784849 -4.3662382006532635e-06
    6.850000   0.37259260 -4.2506544734232498e-06
    6.850000   0.43734549 -4.1222553853469139e-06
    6.850000   0.50210377 -3.9847878208126686e-06
    6.850000   0.56686560 -3.8419293884531430e-06
    6.850000   0.63162987 -3.6971334832582131e-06
    6.850000   0.69639591 -3.5535145514498451e-06
    6.850000   0.76116325 -3.4137756593505875e-06
    6.850000   0.82593158 -3.2801757637853400e-06
    6.850000   0.89070068 -3.1545307854020753e-06
    6.850000   0.95547037 -3.0382408050570414e-06
    6.850000   1.02024053 -2.9323352637352284e-06
    6.850000   1.08501108 -2.8375286123155024e-06
    6.850000   1.14978193 -2.7542800425757798e-06
    6.850000   1.21455301 -2.6828523827654019e-06
    6.850000   1.27932429 -2.6233666884880659e-06
    6.850000   1.34409571 -2.5758503264513362e-06
    6.850000   1.40886724 -2.5402773458010191e-06
    6.850000   1.47363885 -2.5166006369560236e-06
    6.850000   1.53841049 -2.5047758129390288e-06
    6.850000   1.60318216 -2.5047769591739735e-06
    6.850000   1.66795381 -2.5166044407300575e-06
    6.850000   1.73272541 -2.5402848887008570e-06
    6.850000   1.79749694 -2.5758633659143324e-06
    6.850000   1.86226837 -2.6233875906703519e-06
    6.850000   1.92703964 -2.6828840300469909e-06
    6.850000   1.99181073 -2.7543257174627901e-06
    6.850000   2.05658157 -2.8375918603708343e-06
    6.850000   2.12135212 -2.9324197392395877e-06
    6.850000   2.18612229 -3.0383501043612831e-06
    6.850000   2.25089198 -3.1546682742688097e-06
    6.850000   2.31566107 -3.2803444063164105e-06
    6.850000   2.38042940 -3.4139778571092637e-06
    6.850000   2.44519674 -3.5537520018793286e-06
    6.850000   2.50996278 -3.6974070662011313e-06
    6.850000   2.57472706 -3.8422390882702676e-06
    6.850000   2.63948889 -3.9851326892538851e-06
    6.850000   2.70424717 -4.1226335470514310e-06
    6.850000   2.76900006 -4.2510631721633254e-06
    6.850000   2.83374417 -4.3666738807914872e-06
    6.850000   2.89847256 -4.4658362252096416e-06
    6.850000   2.96316844 -4.5452454555859278e-06
    6.850000   3.02777863 -4.6021293499135776e-06
    6.850000   3.09200950 -4.6344449068188091e-06
    6.900000   0.04958315 -4.3563375693338482e-06
    6.900000   0.11381403 -4.3261876019247495e-06
    6.900000   0.17842421 -4.2731028379704438e-06
    6.900000   0.24312010 -4.1989692711621128e-06
    6.900000   0.30784849 -4.1063483433065155e-06
    6.900000   0.37259260 -3.9982970282359437e-06
    6.900000   0.43734549 -3.8781775887069905e-06
    6.900000   0.50210377 -3.7494681456471952e-06
    6.900000   0.56686560 -3.6155901428348947e-06
    6.900000   0.63162987 -3.4797650212904037e-06
    6.900000   0.69639591 -3.3449073048881155e-06
    6.900000   0.76116325 -3.2135562020115529e-06
    6.900000   0.82593158 -3.0878435453760337e-06
    6.900000   0.89070068 -2.9694928601186948e-06
    6.900000   0.95547037 -2.8598426765651818e-06
    6.900000   1.02024053 -2.7598867432327569e-06
    6.900000   1.08501108 -2.6703242529650695e-06
    6.900000   1.14978193 -2.5916142270159614e-06
    6.900000   1.21455301 -2.5240294917414205e-06
    6.900000   1.27932429 -2.4677069837624636e-06
    6.900000   1.34409571 -2.4226922697424476e-06
    6.900000   1.40886724 -2.3889770818460827e-06
    6.900000   1.47363885 -2.3665293256354785e-06
    6.900000   1.53841049 -2.3553154303285332e-06
    6.900000   1.60318216 -2.3553151216850610e-06
    6.900000   1.66795381 -2.3665287550359870e-06
    6.900000   1.73272541 -2.3889773022297877e-06
    6.900000   1.79749694 -2.4226949926771344e-06
    6.900000   1.86226837 -2.4677145151189962e-06
    6.900000   1.92703964 -2.5240446430982585e-06
    6.900000   1.99181073 -2.5916402045103857e-06
    6.900000   2.05658157 -2.6703645261284447e-06
    6.900000   2.12135212 -2.7599448973694514e-06
    6.900000   2.18612229 -2.8599222534073170e-06
    6.900000   2.25089198 -2.9695971927413443e-06
    6.900000   2.31566107 -3.0879755945508599e-06
    6.900000   2.38042940 -3.2137184021086001e-06
    6.900000   2.44519674 -3.3451014278737485e-06
    6.900000   2.50996278 -3.4799920670815064e-06
    6.900000   2.57472706 -3.6158502630608979e-06
    6.900000   2.63948889 -3.7497606057052814e-06
    6.900000   2.70424717 -3.8785007700068943e-06
    6.900000   2.76900006 -3.9986484690823609e-06
    6.900000   2.83374417 -4.1067248135323095e-06
    6.900000   2.89847256 -4.1993668730710682e-06
    6.900000   2.96316844 -4.2735171249239119e-06
    6.900000   3.02777863 -4.3266137064400588e-06
    6.900000   3.09200950 -4.3567703361770150e-06
    6.950000   0.04958315 -4.0958540541180582e-06
    6.950000   0.11381403 -4.0676976273986018e-06
    6.950000   0.17842421 -4.0181111050362747e-06
    6.950000   0.24312010 -3.9488374119548065e-06
    6.950000   0.30784849 -3.8622457769832165e-06
    6.950000   0.37259260 -3.7611669988807097e-06
    6.950000   0.43734549 -3.6487191283434247e-06
    6.950000   0.50210377 -3.5281334865595206e-06
    6.950000   0.56686560 -3.4025956768372652e-06
    6.950000   0.63162987 -3.2751128943501666e-06
    6.950000   0.69639591 -3.1484142394984432e-06
    6.950000   0.76116325 -3.0248861277999161e-06
    6.950000   0.82593158 -2.9065409868566648e-06
    6.950000   0.89070068 -2.7950146401675466e-06
    6.950000   0.95547037 -2.6915862053775307e-06
    6.950000   1.02024053 -2.5972138594789076e-06
    6.950000   1.08501108 -2.5125801872986533e-06
    6.950000   1.14978193 -2.4381417266590560e-06
    6.950000   1.21455301 -2.3741784691819984e-06
    6.950000   1.27932429 -2.3208402457646904e-06
    6.950000   1.34409571 -2.2781879706794575e-06
    6.950000   1.40886724 -2.2462285580949658e-06
    6.950000   1.47363885 -2.2249429346140017e-06
    6.950000   1.53841049 -2.2143069634939838e-06
    6.950000   1.60318216 -2.2143053047116765e-06
    6.950000   1.66795381 -2.2249383039697132e-06
    6.950000   1.73272541 -2.2462219801860490e-06
    6.950000   1.79749694 -2.2781811116541117e-06
    6.950000   1.86226837 -2.3208353517134329e-06
    6.950000   1.92703964 -2.3741782813085677e-06
    6.950000   1.99181073 -2.4381493749019425e-06
    6.950000   2.05658157 -2.5125990648508851e-06
    6.950000   2.12135212 -2.5972474816170661e-06
    6.950000   2.18612229 -2.6916380571175704e-06
    6.950000   2.25089198 -2.7950880184291866e-06
    6.950000   2.31566107 -2.9066388439225555e-06
    6.950000   2.38042940 -3.0250109237129038e-06
    6.950000   2.44519674 -3.1485678114351725e-06
    6.950000   2.50996278 -3.2752963507293910e-06
    6.950000   2.57472706 -3.4028093227972007e-06
    6.950000   2.63948889 -3.5283767854528936e-06
    6.950000   2.70424717 -3.6489907011495544e-06
    6.950000   2.76900006 -3.7614646602749130e-06
    6.950000   2.83374417 -3.8625666037592991e-06
    6.950000   2.89847256 -3.9491778371101628e-06
    6.950000   2.96316844 -4.0184670296683101e-06
    6.950000   3.02777863 -4.0680645429415512e-06
    6.950000   3.09200950 -4.0962271706558135e-06
    7.000000   0.04958315 -3.8513516327728261e-06
    7.000000   0.11381403 -3.8250383349805916e-06
    7.000000   0.17842421 -3.7786871000432496e-06
    7.000000   0.24312010 -3.7139101122485228e-06
    7.000000   0.30784849 -3.6329007851561139e-06
    7.000000   0.37259260 -3.5382827814713804e-06
    7.000000   0.43734549 -3.4329501346245972e-06
    7.000000   0.50210377 -3.3199073081826982e-06
    7.000000   0.56686560 -3.2021225614678580e-06
    7.000000   0.63162987 -3.0824050083598673e-06
    7.000000   0.69639591 -2.9633116153877577e-06
    7.000000   0.76116325 -2.8470862073904020e-06
    7.000000   0.82593158 -2.7356289904822862e-06
    7.000000   0.89070068 -2.6304925317475635e-06
    7.000000   0.95547037 -2.5328986586027736e-06
    7.000000   1.02024053 -2.4437702573136756e-06
    7.000000   1.08501108 -2.3637722335741724e-06
    7.000000   1.14978193 -2.2933566763982146e-06
    7.000000   1.21455301 -2.2328082837993718e-06
    7.000000   1.27932429 -2.1822871611313504e-06
    7.000000   1.34409571 -2.1418670526018501e-06
    7.000000   1.40886724 -2.1115678377740873e-06
    7.000000   1.47363885 -2.0913816920937603e-06
    7.000000   1.53841049 -2.0812926823262163e-06
    7.000000   1.60318216 -2.0812897733843678e-06
    7.000000   1.66795381 -2.0913733014568502e-06
    7.000000   1.73272541 -2.1115549620284041e-06
    7.000000   1.79749694 -2.1418513129704928e-06
    7.000000   1.86226837 -2.1822707444881074e-06
    7.000000   1.92703964 -2.2327938614793505e-06
    7.000000   1.99181073 -2.2933473024146476e-06
    7.000000   2.05658157 -2.3637712246073903e-06
    7.000000   2.12135212 -2.4437810577365464e-06
    7.000000   2.18612229 -2.5329246948482619e-06
    7.000000   2.25089198 -2.6305370614146503e-06
    7.000000   2.31566107 -2.7356949526001841e-06
    7.000000   2.38042940 -2.8471760810464928e-06
    7.000000   2.44519674 -2.9634272942819802e-06
    7.000000   2.50996278 -3.0825476985843792e-06
    7.000000   2.57472706 -3.2022927087626579e-06
    7.000000   2.63948889 -3.3201045590922799e-06
    7.000000   2.70424717 -3.4331733334493977e-06
    7.000000   2.76900006 -3.5385300020208860e-06
    7.000000   2.83374417 -3.6331693935001188e-06
    7.000000   2.89847256 -3.7141968544560131e-06
    7.000000   2.96316844 -3.7789882077828302e-06
    7.000000   3.02777863 -3.8253496420986775e-06
    7.000000   3.09200950 -3.8516686988181344e-06
    7.100000   0.04958315 -3.4061332434939133e-06
    7.100000   0.11381403 -3.3831060195737583e-06
    7.100000   0.17842421 -3.3425254726925001e-06
    7.100000   0.24312010 -3.2857746830727895e-06
    7.100000   0.30784849 -3.2147385437524673e-06
    7.100000   0.37259260 -3.1316765693854208e-06
    7.100000   0.43734549 -3.0390880245889712e-06
    7.100000   0.50210377 -2.9395763840123418e-06
    7.100000   0.56686560 -2.8357242758333740e-06
    7.100000   0.63162987 -2.7299876985514102e-06
    7.100000   0.69639591 -2.6246149369913151e-06
    7.100000   0.76116325 -2.5215921677270399e-06
    7.100000   0.82593158 -2.4226147779597862e-06
    7.100000   0.89070068 -2.3290812376297562e-06
    7.100000   0.95547037 -2.2421050629852010e-06
    7.100000   1.02024053 -2.1625399234766209e-06
    7.100000   1.08501108 -2.0910130993771958e-06
    7.100000   1.14978193 -2.0279630796928703e-06
    7.100000   1.21455301 -1.9736778913248632e-06
    7.100000   1.27932429 -1.9283316025267206e-06
    7.100000   1.34409571 -1.8920172291219727e-06
    7.100000   1.40886724 -1.8647749234162285e-06
    7.100000   1.47363885 -1.8466148169210499e-06
    7.100000   1.53841049 -1.8375342218540173e-06
    7.100000   1.60318216 -1.8375290939069279e-06
    7.100000   1.66795381 -1.8465997506239177e-06
    7.100000   1.73272541 -1.8647508604292002e-06
    7.100000   1.79749694 -1.8919857024657242e-06
    7.100000   1.86226837 -1.9282946825768373e-06
    7.100000   1.92703964 -1.9736381115133099e-06
    7.100000   1.99181073 -2.0279233434211386e-06
    7.100000   2.05658157 -2.0909765703191746e-06
    7.100000   2.12135212 -2.1625099022676177e-06
    7.100000   2.18612229 -2.2420848542003970e-06
    7.100000   2.25089198 -2.3290740119163543e-06
    7.100000   2.31566107 -2.4226234350688158e-06
    7.100000   2.38042940 -2.5216192068609168e-06
    7.100000   2.44519674 -2.6246623411797600e-06
    7.100000   2.50996278 -2.7300568395253215e-06
    7.100000   2.57472706 -2.8358158449728062e-06
    7.100000   2.63948889 -2.9396903533792434e-06
    7.100000   2.70424717 -3.0392236399210538e-06
    7.100000   2.76900006 -3.1318323744845902e-06
    7.100000   2.83374417 -3.2149124333078190e-06
    7.100000   2.89847256 -3.2859639790563195e-06
    7.100000   2.96316844 -3.3427270184191078e-06
    7.100000   3.02777863 -3.3833162855621931e-06
    7.100000   3.09200950 -3.4063484414887195e-06
    7.200000   0.04958315 -3.0131255781021732e-06
    7.200000   0.11381403 -2.9929240107504469e-06
    7.200000   0.17842421 -2.9573085197820631e-06
    7.200000   0.24312010 -2.9074697090567066e-06
    7.200000   0.30784849 -2.8450327863135564e-06
    7.200000   0.37259260 -2.7719500012101100e-06
    7.200000   0.43734549 -2.6903864426132149e-06
    7.200000   0.50210377 -2.6026047619980844e-06
    7.200000   0.56686560 -2.5108581590953542e-06
    7.200000   0.63162987 -2.4172990920881836e-06
    7.200000   0.69639591 -2.3239084331496583e-06
    7.200000   0.76116325 -2.2324469552293187e-06
    7.200000   0.82593158 -2.1444285557243458e-06
    7.200000   0.89070068 -2.0611127618155242e-06
    7.200000   0.95547037 -1.9835129155204231e-06
    7.200000   1.02024053 -1.9124159606458660e-06
    7.200000   1.08501108 -1.8484098165920868e-06
    7.200000   1.14978193 -1.7919147547439879e-06
    7.200000   1.21455301 -1.7432158237660538e-06
    7.200000   1.27932429 -1.7024940607956001e-06
    7.200000   1.34409571 -1.6698548763706408e-06
    7.200000   1.40886724 -1.6453525522634245e-06
    7.200000   1.47363885 -1.6290102171605188e-06
    7.200000   1.53841049 -1.6208349642871442e-06
    7.200000   1.60318216 -1.6208279623863101e-06
    7.200000   1.66795381 -1.6289895109206107e-06
    7.200000   1.73272541 -1.6453190300354775e-06
    7.200000   1.79749694 -1.6698099854397543e-06
    7.200000   1.86226837 -1.7024397580026595e-06
    7.200000   1.92703964 -1.7431545076076775e-06
    7.200000   1.99181073 -1.7918491803341850e-06
    7.200000   2.05658157 -1.8483429954998476e-06
    7.200000   2.12135212 -1.9123510483289266e-06
    7.200000   2.18612229 -1.9834530899067586e-06
    7.200000   2.25089198 -2.0610610974016358e-06
    7.200000   2.31566107 -2.1443878983454341e-06
    7.200000   2.38042940 -2.2324198032167747e-06
    7.200000   2.44519674 -2.3238968308540371e-06
    7.200000   2.50996278 -2.4173045415189711e-06
    7.200000   2.57472706 -2.5108815546648986e-06
    7.200000   2.63948889 -2.6026463520197624e-06
    7.200000   2.70424717 -2.6904458193911166e-06
    7.200000   2.76900006 -2.7720261194693760e-06
    7.200000   2.83374417 -2.8451240076867201e-06
    7.200000   2.89847256 -2.9075738686709856e-06
    7.200000   2.96316844 -2.9574230100218637e-06
    7.200000   3.02777863 -2.9930458771737026e-06
    7.200000   3.09200950 -3.0132516241829586e-06
    7.300000   0.04958315 -2.6658420531062657e-06
    7.300000   0.11381403 -2.6480794505705990e-06
    7.300000   0.17842421 -2.6167519674358705e-06
    7.300000   0.24312010 -2.5728878433971356e-06
    7.300000   0.30784849 -2.5178928173394800e-06
    7.300000   0.37259260 -2.4534588241146091e-06
    7.300000   0.43734549 -2.3814669396783239e-06
    7.300000   0.50210377 -2.3038889953607739e-06
    7.300000   0.56686560 -2.2226957055133345e-06
    7.300000   0.63162987 -2.1397776637867431e-06
    7.300000   0.69639591 -2.0568833216722762e-06
    7.300000   0.76116325 -1.9755757158194039e-06
    7.300000   0.82593158 -1.8972076300079155e-06
    7.300000   0.89070068 -1.8229132883987269e-06
    7.300000   0.95547037 -1.7536136666063768e-06
    7.300000   1.02024053 -1.6900320506581900e-06
    7.300000   1.08501108 -1.6327164705116048e-06
    7.300000   1.14978193 -1.5820659491431220e-06
    7.300000   1.21455301 -1.5383580036686579e-06
    7.300000   1.27932429 -1.5017753954418740e-06
    7.300000   1.34409571 -1.4724306664935406e-06
    7.300000   1.40886724 -1.4503874671566487e-06
    7.300000   1.47363885 -1.4356780492281667e-06
    7.300000   1.53841049 -1.4283165666245884e-06
    7.300000   1.60318216 -1.4283080013659462e-06
    7.300000   1.66795381 -1.4356526354518388e-06
    7.300000   1.73272541 -1.4503460416920962e-06
    7.300000   1.79749694 -1.4723745936434388e-06
    7.300000   1.86226837 -1.5017065218973999e-06
    7.300000   1.92703964 -1.5382785965265873e-06
    7.300000   1.99181073 -1.5819786183107118e-06
    7.300000   2.05658157 -1.6326240773340957e-06
    7.300000   2.12135212 -1.6899376052516292e-06
    7.300000   2.18612229 -1.7535202171041939e-06
    7.300000   2.25089198 -1.8228238060512484e-06
    7.300000   2.31566107 -1.8971248947465453e-06
    7.300000   2.38042940 -1.9755022073979933e-06
    7.300000   2.44519674 -2.0568211217053093e-06
    7.300000   2.50996278 -2.1397283738221267e-06
    7.300000   2.57472706 -2.2226603856067891e-06
    7.300000   2.63948889 -2.3038681264792858e-06
    7.300000   2.70424717 -2.3814604117104096e-06
    7.300000   2.76900006 -2.4534659494810007e-06
    7.300000   2.83374417 -2.5179123684418692e-06
    7.300000   2.89847256 -2.5729181106831590e-06
    7.300000   2.96316844 -2.6167908339491425e-06
    7.300000   3.02777863 -2.6481244786563800e-06
    7.300000   3.09200950 -2.6658905802224587e-06
    7.400000   0.04958315 -2.3586928773502285e-06
    7.400000   0.11381403 -2.3430430158020006e-06
    7.400000   0.17842421 -2.3154320051794768e-06
    7.400000   0.24312010 -2.2767505679641813e-06
    7.400000   0.30784849 -2.2282182168707839e-06
    7.400000   0.37259260 -2.1713054713470369e-06
    7.400000   0.43734549 -2.1076510841055629e-06
    7.400000   0.50210377 -2.0389777889707512e-06
    7.400000   0.56686560 -1.9670131841882064e-06
    7.400000   0.63162987 -1.8934211802574363e-06
    7.400000   0.69639591 -1.8197476022391873e-06
    7.400000   0.76116325 -1.7473815865163897e-06
    7.400000   0.82593158 -1.6775326609857930e-06
    7.400000   0.89070068 -1.6112220370558338e-06
    7.400000   0.95547037 -1.5492857521618421e-06
    7.400000   1.02024053 -1.4923868699714530e-06
    7.400000   1.08501108 -1.4410338959641639e-06
    7.400000   1.14978193 -1.3956027911881267e-06
    7.400000   1.21455301 -1.3563603555664113e-06
    7.400000   1.27932429 -1.3234872075048757e-06
    7.400000   1.34409571 -1.2970990361890143e-06
    7.400000   1.40886724 -1.2772652001317964e-06
    7.400000   1.47363885 -1.2640240665629579e-06
    7.400000   1.53841049 -1.2573947253387664e-06
    7.400000   1.60318216 -1.2573848748511169e-06
    7.400000   1.66795381 -1.2639947802997792e-06
    7.400000   1.73272541 -1.2772172653275011e-06
    7.400000   1.79749694 -1.2970337371590399e-06
    7.400000   1.86226837 -1.3234062845270868e-06
    7.400000   1.92703964 -1.3562659483672917e-06
    7.400000   1.99181073 -1.3954973682076686e-06
    7.400000   2.05658157 -1.4409201710798979e-06
    7.400000   2.12135212 -1.4922677089361553e-06
    7.400000   2.18612229 -1.5491640716517670e-06
    7.400000   2.25089198 -1.6111006998773265e-06
    7.400000   2.31566107 -1.6774143715695049e-06
    7.400000   2.38042940 -1.7472687912740105e-06
    7.400000   2.44519674 -1.8196423995311891e-06
    7.400000   2.50996278 -1.8933252445583510e-06
    7.400000   2.57472706 -1.9669277084656723e-06
    7.400000   2.63948889 -2.0389034483177224e-06
    7.400000   2.70424717 -2.1075880223201978e-06
    7.400000   2.76900006 -2.1712533106423039e-06
    7.400000   2.83374417 -2.2281760893607078e-06
    7.400000   2.89847256 -2.2767171662944286e-06
    7.400000   2.96316844 -2.3154056488187302e-06
    7.400000   3.02777863 -2.3430217292434057e-06
    7.400000   3.09200950 -2.3586744774135689e-06
    7.500000   0.04958315 -2.0868428939140901e-06
    7.500000   0.11381403 -2.0730293243413038e-06
    7.500000   0.17842421 -2.0486501500118870e-06
    7.500000   0.24312010 -2.0144791584612132e-06
    7.500000   0.30784849 -1.9715772227820901e-06
    7.500000   0.37259260 -1.9212258048877442e-06
    7.500000   0.43734549 -1.8648561225083284e-06
    7.500000   0.50210377 -1.8039767689095008e-06
    7.500000   0.56686560 -1.7401053816680926e-06
    7.500000   0.63162987 -1.6747090120961242e-06
    7.500000   0.69639591 -1.6091563328207425e-06
    7.500000   0.76116325 -1.5446831953888118e-06
    7.500000   0.82593158 -1.4823715714849870e-06
    7.500000   0.89070068 -1.4231407437534399e-06
    7.500000   0.95547037 -1.3677488285091696e-06
    7.500000   1.02024053 -1.3168023091715316e-06
    7.500000   1.08501108 -1.2707711787069056e-06
    7.500000   1.14978193 -1.2300074464600736e-06
    7.500000   1.21455301 -1.1947650687887955e-06
    7.500000   1.27932429 -1.1652197333738945e-06
    7.500000   1.34409571 -1.1414873019394355e-06
    7.500000   1.40886724 -1.1236400542414954e-06
    7.500000   1.47363885 -1.1117201553908397e-06
    7.500000   1.53841049 -1.1057499819790087e-06
    7.500000   1.60318216 -1.1057390940378844e-06
    7.500000   1.66795381 -1.1116877406650152e-06
    7.500000   1.73272541 -1.1235868524037292e-06
    7.500000   1.79749694 -1.1414145204987257e-06
    7.500000   1.86226837 -1.1651290102159454e-06
    7.500000   1.92703964 -1.1946584206993122e-06
    7.500000   1.99181073 -1.2298872047042404e-06
    7.500000   2.05658157 -1.2706399131995017e-06
    7.500000   2.12135212 -1.3166627432758722e-06
    7.500000   2.18612229 -1.3676037470877030e-06
    7.500000   2.25089198 -1.4229928976520675e-06
    7.500000   2.31566107 -1.4822235821614732e-06
    7.500000   2.38042940 -1.5445374637737316e-06
    7.500000   2.44519674 -1.6090149566534353e-06
    7.500000   2.50996278 -1.6745737158456013e-06
    7.500000   2.57472706 -1.7399774626493438e-06
    7.500000   2.63948889 -1.8038570623623947e-06
    7.500000   2.70424717 -1.8647449872630234e-06
    7.500000   2.76900006 -1.9211231299183972e-06
    7.500000   2.83374417 -1.9714824536267047e-06
    7.500000   2.89847256 -2.0143913413438428e-06
    7.500000   2.96316844 -2.0485679907251270e-06
    7.500000   3.02777863 -2.0729512586170884e-06
    7.500000   3.09200950 -2.0867671666876804e-06
    7.600000   0.04958315 -1.8460948035264777e-06
    7.600000   0.11381403 -1.8338822135869120e-06
    7.600000   0.17842421 -1.8123220971395876e-06
    7.600000   0.24312010 -1.7820884254813808e-06
    7.600000   0.30784849 -1.7441064184418221e-06
    7.600000   0.37259260 -1.6994955077671653e-06
    7.600000   0.43734549 -1.6495085263225894e-06
    7.600000   0.50210377 -1.5954693380284872e-06
    7.600000   0.56686560 -1.5387136596937152e-06
    7.600000   0.63162987 -1.4805370715048769e-06
    7.600000   0.69639591 -1.4221529621069775e-06
    7.600000   0.76116325 -1.3646617942779015e-06
    7.600000   0.82593158 -1.3090318252777684e-06
    7.600000   0.89070068 -1.2560904116517092e-06
    7.600000   0.95547037 -1.2065243377649272e-06
    7.600000   1.02024053 -1.1608872333779354e-06
    7.600000   1.08501108 -1.1196120451757469e-06
    7.600000   1.14978193 -1.0830266326555712e-06
    7.600000   1.21455301 -1.0513707960329586e-06
    7.600000   1.27932429 -1.0248133455370006e-06
    7.600000   1.34409571 -1.0034681346658027e-06
    7.600000   1.40886724 -9.8740826837018155e-07
    7.600000   1.47363885 -9.7667794026312499e-07
    7.600000   1.53841049 -9.7130154324474922e-07
    7.600000   1.60318216 -9.7128983744958264e-07
    7.600000   1.66795381 -9.7664305659528630e-07
    7.600000   1.73272541 -9.8735090104601014e-07
    7.600000   1.79749694 -1.0033894177033239e-06
    7.600000   1.86226837 -1.0247148186605964e-06
    7.600000   1.92703964 -1.0512543578262662e-06
    7.600000   1.99181073 -1.0828944819452668e-06
    7.600000   2.05658157 -1.1194666120346121e-06
    7.600000   2.12135212 -1.1607311015979875e-06
    7.600000   2.18612229 -1.2063601611600886e-06
    7.600000   2.25089198 -1.2559208270593300e-06
    7.600000   2.31566107 -1.3088593655791155e-06
    7.600000   2.38042940 -1.3644888050981882e-06
    7.600000   2.44519674 -1.4219815259964456e-06
    7.600000   2.50996278 -1.4803689432721783e-06
    7.600000   2.57472706 -1.5385502161536380e-06
    7.600000   2.63948889 -1.5953115446794154e-06
    7.600000   2.70424717 -1.6493569224961365e-06
    7.600000   2.76900006 -1.6993502106337825e-06
    7.600000   2.83374417 -1.7439671451127542e-06
    7.600000   2.89847256 -1.7819545314259709e-06
    7.600000   2.96316844 -1.8121926284125912e-06
    7.600000   3.02777863 -1.8337559700111307e-06
    7.600000   3.09200950 -1.8459704104218883e-06
    7.700000   0.04958315 -1.6327929472469787e-06
    7.700000   0.11381403 -1.6219801683074892e-06
    7.700000   0.17842421 -1.6028860082783759e-06
    7.700000   0.24312010 -1.5760989194061341e-06
    7.700000   0.30784849 -1.5424277015384204e-06
    7.700000   0.37259260 -1.5028524259399156e-06
    7.700000   0.43734549 -1.4584720691492005e-06
    7.700000   0.50210377 -1.4104506151873289e-06
    7.700000   0.56686560 -1.3599656729048320e-06
    7.700000   0.63162987 -1.3081630518651477e-06
    7.700000   0.69639591 -1.2561197032069832e-06
    7.700000   0.76116325 -1.2048162903895165e-06
    7.700000   0.82593158 -1.1551195913108494e-06
    7.700000   0.89070068 -1.1077740674624925e-06
    7.700000   0.95547037 -1.0634013272812422e-06
    7.700000   1.02024053 -1.0225058665062759e-06
    7.700000   1.08501108 -9.8548535642022422e-07
    7.700000   1.14978193 -9.5264381746021832e-07
    7.700000   1.21455301 -9.2420620020342631e-07
    7.700000   1.27932429 -9.0033314174308499e-07
    7.700000   1.34409571 -8.8113492770804308e-07
    7.700000   1.40886724 -8.6668393662962697e-07
    7.700000   1.47363885 -8.5702505530899450e-07
    7.700000   1.53841049 -8.5218372340885518e-07
    7.700000   1.60318216 -8.5217139337120590e-07
    7.700000   1.66795381 -8.5698828426947281e-07
    7.700000   1.73272541 -8.6662337549879354e-07
    7.700000   1.79749694 -8.8105164040958282e-07
    7.700000   1.86226837 -9.0022857421069052e-07
    7.700000   1.92703964 -9.2408213778081093e-07
    7.700000   1.99181073 -9.5250233160761016e-07
    7.700000   2.05658157 -9.8532874197951153e-07
    7.700000   2.12135212 -1.0223365712068392e-06
    7.700000   2.18612229 -1.0632218756036419e-06
    7.700000   2.25089198 -1.1075869814465607e-06
    7.700000   2.31566107 -1.1549273112804567e-06
    7.700000   2.38042940 -1.2046210988755989e-06
    7.700000   2.44519674 -1.2559236554686147e-06
    7.700000   2.50996278 -1.3079679163056420e-06
    7.700000   2.57472706 -1.3597728843131017e-06
    7.700000   2.63948889 -1.4102612431078258e-06
    7.700000   2.70424717 -1.4582868028218217e-06
    7.700000   2.76900006 -1.5026715762592309e-06
    7.700000   2.83374417 -1.5422512194682758e-06
    7.700000   2.89847256 -1.5759264293829200e-06
    7.700000   2.96316844 -1.6027168544667038e-06
    7.700000   3.02777863 -1.6218134711995552e-06
    7.700000   3.09200950 -1.6326276683732947e-06
    7.800000   0.04958315 -1.4437437367240032e-06
    7.800000   0.11381403 -1.4341580677342238e-06
    7.800000   0.17842421 -1.4172265486639708e-06
    7.800000   0.24312010 -1.3934641036653082e-06
    7.800000   0.30784849 -1.3635792733936957e-06
    7.800000   0.37259260 -1.3284318633345807e-06
    7.800000   0.43734549 -1.2889877201051363e-06
    7.800000   0.50210377 -1.2462720306104895e-06
    7.800000   0.56686560 -1.2013246016771925e-06
    7.800000   0.63162987 -1.1551600944022081e-06
    7.800000   0.69639591 -1.1087353248109134e-06
    7.800000   0.76116325 -1.0629247810076532e-06
    7.800000   0.82593158 -1.0185046010290498e-06
    7.800000   0.89070068 -9.7614450760452810e-07
    7.800000   0.95547037 -9.3640665955003171e-07
    7.800000   1.02024053 -8.9975006419008082e-07
    7.800000   1.08501108 -8.6653907774780469e-07
    7.800000   1.14978193 -8.3705455824772549e-07
    7.800000   1.21455301 -8.1150637833124349e-07
    7.800000   1.27932429 -7.9004620626854847e-07
    7.800000   1.34409571 -7.7277968342029534e-07
    7.800000   1.40886724 -7.5977733745492061e-07
    7.800000   1.47363885 -7.5108375554781161e-07
    7.800000   1.53841049 -7.4672469286570587e-07
    7.800000   1.60318216 -7.4671190836817238e-07
    7.800000   1.66795381 -7.5104560722363178e-07
    7.800000   1.73272541 -7.5971443507375080e-07
    7.800000   1.79749694 -7.7269302424919998e-07
    7.800000   1.86226837 -7.8993714689627702e-07
    7.800000   1.92703964 -8.1137659596485723e-07
    7.800000   1.99181073 -8.3690600228779887e-07
    7.800000   2.05658157 -8.6637391279074379e-07
    7.800000   2.12135212 -8.9957060596276732e-07
    7.800000   2.18612229 -9.3621530569855587e-07
    7.800000   2.25089198 -9.7594366564670282e-07
    7.800000   2.31566107 -1.0182966161483841e-06
    7.800000   2.38042940 -1.0627118666207977e-06
    7.800000   2.44519674 -1.1085194989548118e-06
    7.800000   2.50996278 -1.1549431249012563e-06
    7.800000   2.57472706 -1.2011079627312371e-06
    7.800000   2.63948889 -1.2460568728974027e-06
    7.800000   2.70424717 -1.2887748557503363e-06
    7.800000   2.76900006 -1.3282217662308224e-06
    7.800000   2.83374417 -1.3633720944635550e-06
    7.800000   2.89847256 -1.3932596998581497e-06
    7.800000   2.96316844 -1.4170245238483764e-06
    7.800000   3.02777863 -1.4339578232893369e-06
    7.800000   3.09200950 -1.4435445297455661e-06
    7.900000   0.04958315 -1.2761495734953147e-06
    7.900000   0.11381403 -1.2676421592790879e-06
    7.900000   0.17842421 -1.2526116947207392e-06
    7.900000   0.24312010 -1.2315096749174776e-06
    7.900000   0.30784849 -1.2049580174733900e-06
    7.900000   0.37259260 -1.1737124128141645e-06
    7.900000   0.43734549 -1.1386231638674232e-06
    7.900000   0.50210377 -1.1005946205393271e-06
    7.900000   0.56686560 -1.0605461720276796e-06
    7.900000   0.63162987 -1.0193773721629071e-06
    7.900000   0.69639591 -9.7793905286032563e-07
    7.900000   0.76116325 -9.3701146842513968e-07
    7.900000   0.82593158 -8.9728973943026162e-07
    7.900000   0.89070068 -8.5937621733077081e-07
    7.900000   0.95547037 -8.2377891782592650e-07
    7.900000   1.02024053 -7.9091488347727110e-07
    7.900000   1.08501108 -7.6111721745872000e-07
    7.900000   1.14978193 -7.3464454649499170e-07
    7.900000   1.21455301 -7.1169178108062593e-07
    7.900000   1.27932429 -6.9240120526070410e-07
    7.900000   1.34409571 -6.7687311318613836e-07
    7.900000   1.40886724 -6.6517539068911592e-07
    7.900000   1.47363885 -6.5735160167382967e-07
    7.900000   1.53841049 -6.5342727360895073e-07
    7.900000   1.60318216 -6.5341418270127907e-07
    7.900000   1.66795381 -6.5731252094888912e-07
    7.900000   1.73272541 -6.6511089093460546e-07
    7.900000   1.79749694 -6.7678412844460087e-07
    7.900000   1.86226837 -6.9228900724654362e-07
    7.900000   1.92703964 -7.1155794403475896e-07
    7.900000   1.99181073 -7.3449090321596730e-07
    7.900000   2.05658157 -7.6094580754335081e-07
    7.900000   2.12135212 -7.9072789513783489e-07
    7.900000   2.18612229 -8.2357862500239912e-07
    7.900000   2.25089198 -8.5916491418391230e-07
    7.900000   2.31566107 -8.9706967460961708e-07
    7.900000   2.38042940 -9.3678478174249567e-07
    7.900000   2.44519674 -9.7770771709556026e-07
    7.900000   2.50996278 -1.0191431426631219e-06
    7.900000   2.57472706 -1.0603105464723441e-06
    7.900000   2.63948889 -1.1003588107869935e-06
    7.900000   2.70424717 -1.1383880811344100e-06
    7.900000   2.76900006 -1.1734786666908580e-06
    7.900000   2.83374417 -1.2047259284908782e-06
    7.900000   2.89847256 -1.2312792996632909e-06
    7.900000   2.96316844 -1.2523828619248652e-06
    7.900000   3.02777863 -1.2674145149329437e-06
    7.900000   3.09200950 -1.2759226330612925e-06
    8.000000   0.04958315 -1.1275537152358793e-06
    8.000000   0.11381403 -1.1199957698909100e-06
    8.000000   0.17842421 -1.1066399156357795e-06
    8.000000   0.24312010 -1.0878827595151108e-06
    8.000000   0.30784849 -1.0642711495826055e-06
    8.000000   0.37259260 -1.0364703778710162e-06
    8.000000   0.43734549 -1.0052301857829247e-06
    8.000000   0.50210377 -9.7134944670058235e-07
    8.000000   0.56686560 -9.3564207218307752e-07
    8.000000   0.63162987 -8.9890637647645585e-07
    8.000000   0.69639591 -8.6189953088782219e-07
    8.000000   0.76116325 -8.2531805104137746e-07
    8.000000   0.82593158 -7.8978459693658219e-07
    8.000000   0.89070068 -7.5584080405473297e-07
    8.000000   0.95547037 -7.2394544626774761e-07
    8.000000   1.02024053 -6.9447697012111595e-07
    8.000000   1.08501108 -6.6773932329836863e-07
    8.000000   1.14978193 -6.4397000067717385e-07
    8.000000   1.21455301 -6.2334931557647621e-07
    8.000000   1.27932429 -6.0601003815279161e-07
    8.000000   1.34409571 -5.9204669866214048e-07
    8.000000   1.40886724 -5.8152400890003372e-07
    8.000000   1.47363885 -5.7448399637410135e-07
    8.000000   1.53841049 -5.7095156548511057e-07
    8.000000   1.60318216 -5.7093829649459325e-07
    8.000000   1.66795381 -5.7444436895607464e-07
    8.000000   1.73272541 -5.8145855698868277e-07
    8.000000   1.79749694 -5.9195629647508963e-07
    8.000000   1.86226837 -6.0589587697193734e-07
    8.000000   1.92703964 -6.2321287185574046e-07
    8.000000   1.99181073 -6.4381299613869329e-07
    8.000000   2.05658157 -6.6756367795927680e-07
    8.000000   2.12135212 -6.9428474947416504e-07
    8.000000   2.18612229 -7.2373880417408380e-07
    8.000000   2.25089198 -7.5562192320968515e-07
    8.000000   2.31566107 -7.8955562906541626e-07
    8.000000   2.38042940 -8.2508105917364276e-07
    8.000000   2.44519674 -8.6165643616321625e-07
    8.000000   2.50996278 -8.9865891186135235e-07
    8.000000   2.57472706 -9.3539174524579911e-07
    8.000000   2.63948889 -9.7109751317745434e-07
    8.000000   2.70424717 -1.0049776351046954e-06
    8.000000   2.76900006 -1.0362179311475049e-06
    8.000000   2.83374417 -1.0640192698656327e-06
    8.000000   2.89847256 -1.0876316734960962e-06
    8.000000   2.96316844 -1.1063896454271053e-06
    8.000000   3.02777863 -1.1197461731728167e-06
    8.000000   3.09200950 -1.1273045319598355e-06
    8.100000   0.04958315 -9.9579404729841708e-07
    8.100000   0.11381403 -9.8907375595099138e-07
    8.100000   0.17842421 -9.7719580367760673e-07
    8.100000   0.24312010 -9.6050916219314653e-07
    8.100000   0.30784849 -9.3949543844305057e-07
    8.100000   0.37259260 -9.1474122191168372e-07
    8.100000   0.43734549 -8.8690850602271136e-07
    8.100000   0.50210377 -8.5670387456132848e-07
    8.100000   0.56686560 -8.2484864727394972e-07
    8.100000   0.63162987 -7.9205192796576992e-07
    8.100000   0.69639591 -7.5898799158442278e-07
    8.100000   0.76116325 -7.2627886135969393e-07
    8.100000   0.82593158 -6.9448235756888473e-07
    8.100000   0.89070068 -6.6408541139098325e-07
    8.100000   0.95547037 -6.3550206879629798e-07
    8.100000   1.02024053 -6.0907537281055658e-07
    8.100000   1.08501108 -5.8508219972604989e-07
    8.100000   1.14978193 -5.6374011429960670e-07
    8.100000   1.21455301 -5.4521537287364201e-07
    8.100000   1.27932429 -5.2963131338366935e-07
    8.100000   1.34409571 -5.1707650271266598e-07
    8.100000   1.40886724 -5.0761214576072720e-07
    8.100000   1.47363885 -5.0127838424922876e-07
    8.100000   1.53841049 -4.9809921979442073e-07
    8.100000   1.60318216 -4.9808588323517603e-07
    8.100000   1.66795381 -5.0123854238937873e-07
    8.100000   1.73272541 -5.0754629776647951e-07
    8.100000   1.79749694 -5.1698546631050670e-07
    8.100000   1.86226837 -5.2951620380076619e-07
    8.100000   1.92703964 -5.4507757390915968e-07
    8.100000   1.99181073 -5.6358124213111353e-07
    8.100000   2.05658157 -5.8490406029520158e-07
    8.100000   2.12135212 -6.0887991390146094e-07
    8.100000   2.18612229 -6.3529132819396966e-07
    8.100000   2.25089198 -6.6386146280506180e-07
    8.100000   2.31566107 -6.9424725624351907e-07
    8.100000   2.38042940 -7.2603459148605453e-07
    8.100000   2.44519674 -7.5873641770667239e-07
    8.100000   2.50996278 -7.9179475252013763e-07
    8.100000   2.57472706 -8.2458737619500600e-07
    8.100000   2.63948889 -8.5643979252960004e-07
    8.100000   2.70424717 -8.8664266243324038e-07
    8.100000   2.76900006 -9.1447442806046341e-07
    8.100000   2.83374417 -9.3922827581087863e-07
    8.100000   2.89847256 -9.6024200114177969e-07
    8.100000   2.96316844 -9.7692883137515533e-07
    8.100000   3.02777863 -9.8880701201294032e-07
    8.100000   3.09200950 -9.9552746545848732e-07
    8.200000   0.04958315 -8.7896412157047007e-07
    8.200000   0.11381403 -8.7298408773347561e-07
    8.200000   0.17842421 -8.6241260834695157e-07
    8.200000   0.24312010 -8.4755720282851365e-07
    8.200000   0.30784849 -8.2884263054863262e-07
    8.200000   0.37259260 -8.0678678939425073e-07
    8.200000   0.43734549 -7.8197492456741062e-07
    8.200000   0.50210377 -7.5503269196931303e-07
    8.200000   0.56686560 -7.2659997152933975e-07
    8.200000   0.63162987 -6.9730712372938757e-07
    8.200000   0.69639591 -6.6775495528402884e-07
    8.200000   0.76116325 -6.3849916077880289e-07
    8.200000   0.82593158 -6.1003951672285534e-07
    8.200000   0.89070068 -5.8281367959676893e-07
    8.200000   0.95547037 -5.5719511401043227e-07
    8.200000   1.02024053 -5.3349446329401349e-07
    8.200000   1.08501108 -5.1196356740457428e-07
    8.200000   1.14978193 -4.9280131482115256e-07
    8.200000   1.21455301 -4.7616056303699165e-07
    8.200000   1.27932429 -4.6215545247903093e-07
    8.200000   1.34409571 -4.5086854987604863e-07
    8.200000   1.40886724 -4.4235737256714382e-07
    8.200000   1.47363885 -4.3665995356672834e-07
    8.200000   1.53841049 -4.3379920196518191e-07
    8.200000   1.60318216 -4.3378589233358365e-07
    8.200000   1.66795381 -4.3662018144278845e-07
    8.200000   1.73272541 -4.4229160437494635e-07
    8.200000   1.79749694 -4.5077755010076883e-07
    8.200000   1.86226837 -4.6204026457176998e-07
    8.200000   1.92703964 -4.7602248318680666e-07
    8.200000   1.99181073 -4.9264185913939003e-07
    8.200000   2.05658157 -5.1178443328494324e-07
    8.200000   2.12135212 -5.3329748594636516e-07
    8.200000   2.18612229 -5.5698221942279099e-07
    8.200000   2.25089198 -5.8258683543113674e-07
    8.200000   2.31566107 -6.0980068287561650e-07
    8.200000   2.38042940 -6.3825024149321481e-07
    8.200000   2.44519674 -6.6749775478619806e-07
    8.200000   2.50996278 -6.9704330730558654e-07
    8.200000   2.57472706 -7.2633103378615453e-07
    8.200000   2.63948889 -7.5475993370773233e-07
    8.200000   2.70424717 -7.8169943926398358e-07
    8.200000   2.76900006 -8.0650945977116403e-07
    8.200000   2.83374417 -8.2856413517228578e-07
    8.200000   2.89847256 -8.4727803215789007e-07
    8.200000   2.96316844 -8.6213308921715345e-07
    8.200000   3.02777863 -8.7270441492297829e-07
    8.200000   3.09200950 -8.7868439488346615e-07
    8.300000   0.04958315 -7.7538014873057736e-07
    8.300000   0.11381403 -7.7005528159004785e-07
    8.300000   0.17842421 -7.6064043455083368e-07
    8.300000   0.24312010 -7.4740696578993879e-07
    8.300000   0.30784849 -7.3072998194898497e-07
    8.300000   0.37259260 -7.1106728937673917e-07
    8.300000   0.43734549 -6.8893686121728457e-07
    8.300000   0.50210377 -6.6489324779312189e-07
    8.300000   0.56686560 -6.3950457139044210e-07
    8.300000   0.63162987 -6.1333158346459209e-07
    8.300000   0.69639591 -5.8690990096639774e-07
    8.300000   0.76116325 -5.6073611167961848e-07
    8.300000   0.82593158 -5.3525801530326007e-07
    8.300000   0.89070068 -5.1086889657538206e-07
    8.300000   0.95547037 -4.8790543915279464e-07
    8.300000   1.02024053 -4.6664869617351093e-07
    8.300000   1.08501108 -4.4732743217562045e-07
    8.300000   1.14978193 -4.3012312770468118e-07
    8.300000   1.21455301 -4.1517597342422983e-07
    8.300000   1.27932429 -4.0259125456254396e-07
    8.300000   1.34409571 -3.9244562074459595e-07
    8.300000   1.40886724 -3.8479283596990419e-07
    8.300000   1.47363885 -3.7966869849386060e-07
    8.300000   1.53841049 -3.7709490465383092e-07
    8.300000   1.60318216 -3.7708170210405473e-07
    8.300000   1.66795381 -3.7962923723281781e-07
    8.300000   1.73272541 -3.8472755163960425e-07
    8.300000   1.79749694 -3.9235522773333947e-07
    8.300000   1.86226837 -4.0247672869998022e-07
    8.300000   1.92703964 -4.1503852821078880e-07
    8.300000   1.99181073 -4.2996418456944305e-07
    8.300000   2.05658157 -4.4714858545150025e-07
    8.300000   2.12135212 -4.6645167368722873e-07
    8.300000   2.18612229 -4.8769205955754250e-07
    8.300000   2.25089198 -5.1064102478061655e-07
    8.300000   2.31566107 -5.3501751754757004e-07
    8.300000   2.38042940 -5.6048481194519256e-07
    8.300000   2.44519674 -5.8664954049518790e-07
    8.300000   2.50996278 -6.1306378510333741e-07
    8.300000   2.57472706 -6.3923081033393862e-07
    8.300000   2.63948889 -6.6461483001618232e-07
    8.300000   2.70424717 -6.8865491051516447e-07
    8.300000   2.76900006 -7.1078274347302133e-07
    8.300000   2.83374417 -7.3044359765183970e-07
    8.300000   2.89847256 -7.4711933271820426e-07
    8.300000   2.96316844 -7.6035199654005009e-07
    8.300000   3.02777863 -7.6976636458710954e-07
    8.300000   3.09200950 -7.7509099370922369e-07
    8.400000   0.04958315 -6.8355288914517012e-07
    8.400000   0.11381403 -6.7880864662280605e-07
    8.400000   0.17842421 -6.7041910896956932e-07
    8.400000   0.24312010 -6.5862401718380034e-07
    8.400000   0.30784849 -6.4375501434377526e-07
    8.400000   0.37259260 -6.2621722877452445e-07
    8.400000   0.43734549 -6.0646955234215697e-07
    8.400000   0.50210377 -5.8500394815073347e-07
    8.400000   0.56686560 -5.6232521167842021e-07
    8.400000   0.63162987 -5.3893247767861506e-07
    8.400000   0.69639591 -5.1530345869713640e-07
    8.400000   0.76116325 -4.9188203517000275e-07
    8.400000   0.82593158 -4.6906945109685279e-07
    8.400000   0.89070068 -4.4721904579728462e-07
    8.400000   0.95547037 -4.2663419806884598e-07
    8.400000   1.02024053 -4.0756898549005850e-07
    8.400000   1.08501108 -3.9023096698537998e-07
    8.400000   1.14978193 -3.7478547027266373e-07
    8.400000   1.21455301 -3.6136079154207971e-07
    8.400000   1.27932429 -3.5005377552494054e-07
    8.400000   1.34409571 -3.4093532405573113e-07
    8.400000   1.40886724 -3.3405546748684731e-07
    8.400000   1.47363885 -3.2944771667537055e-07
    8.400000   1.53841049 -3.2713248823214528e-07
    8.400000   1.60318216 -3.2711946012983012e-07
    8.400000   1.66795381 -3.2940876901344497e-07
    8.400000   1.73272541 -3.3399100700773896e-07
    8.400000   1.79749694 -3.4084601807951378e-07
    8.400000   1.86226837 -3.4994053627197403e-07
    8.400000   1.92703964 -3.6122475459482866e-07
    8.400000   1.99181073 -3.7462796762988202e-07
    8.400000   2.05658157 -3.9005349532164795e-07
    8.400000   2.12135212 -4.0737317043375539e-07
    8.400000   2.18612229 -4.2642175551333806e-07
    8.400000   2.25089198 -4.4699174145402916e-07
    8.400000   2.31566107 -4.6882905968469948e-07
    8.400000   2.38042940 -4.9163030075637119e-07
    8.400000   2.44519674 -5.1504205777425379e-07
    8.400000   2.50996278 -5.3866298652157283e-07
    8.400000   2.57472706 -5.6204907939780683e-07
    8.400000   2.63948889 -5.8472247661334481e-07
    8.400000   2.70424717 -6.0618388379776379e-07
    8.400000   2.76900006 -6.2592834162579886e-07
    8.400000   2.83374417 -6.4346372707521503e-07
    8.400000   2.89847256 -6.5833100004446258e-07
    8.400000   2.96316844 -6.7012490264042050e-07
    8.400000   3.02777863 -6.7851368680327981e-07
    8.400000   3.09200950 -6.8325753569526825e-07
    8.500000   0.04958315 -6.0216359437809084e-07
    8.500000   0.11381403 -5.9793451489400365e-07
    8.500000   0.17842421 -5.9045491332110207e-07
    8.500000   0.24312010 -5.7993682928057090e-07
    8.500000   0.30784849 -5.6667378408460376e-07
    8.500000   0.37259260 -5.5102463938863821e-07
    8.500000   0.43734549 -5.3339630753431156e-07
    8.500000   0.50210377 -5.1422557360513199e-07
    8.500000   0.56686560 -4.9396126737836311e-07
    8.500000   0.63162987 -4.7304791688226388e-07
    8.500000   0.69639591 -4.5191175456789762e-07
    8.500000   0.76116325 -4.3094963267123308e-07
    8.500000   0.82593158 -4.1052108716950889e-07
    8.500000   0.89070068 -3.9094350687118799e-07
    8.500000   0.95547037 -3.7249013938825703e-07
    8.500000   1.02024053 -3.5539050968521043e-07
    8.500000   1.08501108 -3.3983273907132703e-07
    8.500000   1.14978193 -3.2596722428095282e-07
    8.500000   1.21455301 -3.1391115446281434e-07
    8.500000   1.27932429 -3.0375339386049741e-07
    8.500000   1.34409571 -2.9555932594814128e-07
    8.500000   1.40886724 -2.8937532948472144e-07
    8.500000   1.47363885 -2.8523263017454112e-07
    8.500000   1.53841049 -2.8315033829133799e-07
    8.500000   1.60318216 -2.8313754064580466e-07
    8.500000   1.66795381 -2.8519436474953303e-07
    8.500000   1.73272541 -2.8931197592538234e-07
    8.500000   1.79749694 -2.9547150740871770e-07
    8.500000   1.86226837 -3.0364196280572104e-07
    8.500000   1.92703964 -3.1377717315943062e-07
    8.500000   1.99181073 -3.2581194038807696e-07
    8.500000   2.05658157 -3.3965755688500399e-07
    8.500000   2.12135212 -3.5519695776854897e-07
    8.500000   2.18612229 -3.7227983549560817e-07
    8.500000   2.25089198 -3.9071812125387923e-07
    8.500000   2.31566107 -4.1028230551331588e-07
    8.500000   2.38042940 -4.3069912002149325e-07
    8.500000   2.44519674 -4.5165112166506702e-07
    8.500000   2.50996278 -4.7277869029272552e-07
    8.500000   2.57472706 -4.9368486469511671e-07
    8.500000   2.63948889 -5.1394328477741823e-07
    8.500000   2.70424717 -5.3310928309473749e-07
    8.500000   2.76900006 -5.5073388598956622e-07
    8.500000   2.83374417 -5.6638016738262706e-07
    8.500000   2.89847256 -5.7964108382645235e-07
    8.500000   2.96316844 -5.9015765878784600e-07
    8.500000   3.02777863 -5.9763627769449025e-07
    8.500000   3.09200950 -6.0186483339880124e-07
    8.600000   0.04958315 -5.3004331586035329e-07
    8.600000   0.11381403 -5.2627178526519350e-07
    8.600000   0.17842421 -5.1960053815877105e-07
    8.600000   0.24312010 -5.1021729794411930e-07
    8.600000   0.30784849 -4.9838208896888636e-07
    8.600000   0.37259260 -4.8441306760387207e-07
    8.600000   0.43734549 -4.6867134191654669e-07
    8.600000   0.50210377 -4.5154498084456220e-07
    8.600000   0.56686560 -4.3343329147387243e-07
    8.600000   0.63162987 -4.1473235687339852e-07
    8.600000   0.69639591 -3.9582260460242558e-07
    8.600000   0.76116325 -3.7705890512326761e-07
    8.600000   0.82593158 -3.5876342397604681e-07
    8.600000   0.89070068 -3.4122120388467261e-07
    8.600000   0.95547037 -3.2467825409274792e-07
    8.600000   1.02024053 -3.0934178409449373e-07
    8.600000   1.08501108 -2.9538213784988217e-07
    8.600000   1.14978193 -2.8293595569293882e-07
    8.600000   1.21455301 -2.7211010349281898e-07
    8.600000   1.27932429 -2.6298594968151426e-07
    8.600000   1.34409571 -2.5562362867222683e-07
    8.600000   1.40886724 -2.5006599397923641e-07
    8.600000   1.47363885 -2.4634202870127850e-07
    8.600000   1.53841049 -2.4446954034009780e-07
    8.600000   1.60318216 -2.4445701911510986e-07
    8.600000   1.66795381 -2.4630458398767777e-07
    8.600000   1.73272541 -2.5000398004096625e-07
    8.600000   1.79749694 -2.5553762726993880e-07
    8.600000   1.86226837 -2.6287675721109525e-07
    8.600000   1.92703964 -2.7197871332080496e-07
    8.600000   1.99181073 -2.8278353604910696e-07
    8.600000   2.05658157 -2.9521000578136897e-07
    8.600000   2.12135212 -3.0915137613844955e-07
    8.600000   2.18612229 -3.2447109448103710e-07
    8.600000   2.25089198 -3.4099887126263509e-07
    8.600000   2.31566107 -3.5852751774916577e-07
    8.600000   2.38042940 -3.7681101265163713e-07
    8.600000   2.44519674 -3.9556427051535296e-07
    8.600000   2.50996278 -4.1446505575005327e-07
    8.600000   2.57472706 -4.3315840503393641e-07
    8.600000   2.63948889 -4.5126378060908231e-07
    8.600000   2.70424717 -4.6838497803716629e-07
    8.600000   2.76900006 -4.8412256425052594e-07
    8.600000   2.83374417 -4.9808834632690624e-07
    8.600000   2.89847256 -5.0992110053399834e-07
    8.600000   2.96316844 -5.1930256889797472e-07
    8.600000   3.02777863 -5.2597264442407975e-07
    8.600000   3.09200950 -5.2974354372401302e-07
    8.700000   0.04958315 -4.6615502822984361e-07
    8.700000   0.11381403 -4.6279023909701147e-07
    8.700000   0.17842421 -4.5683773405845247e-07
    8.700000   0.24312010 -4.4846385541554731e-07
    8.700000   0.30784849 -4.3789914617674697e-07
    8.700000   0.37259260 -4.2542589497836922e-07
    8.700000   0.43734549 -4.1136478947529979e-07
    8.700000   0.50210377 -3.9606083207891834e-07
    8.700000   0.56686560 -3.7986945927010956e-07
    8.700000   0.63162987 -3.6314373595561098e-07
    8.700000   0.69639591 -3.4622330621984498e-07
    8.700000   0.76116325 -3.2942554796400968e-07
    8.700000   0.82593158 -3.1303913939716655e-07
    8.700000   0.89070068 -2.9732002819822203e-07
    8.700000   0.95547037 -2.8248961815848974e-07
    8.700000   1.02024053 -2.6873486239968521e-07
    8.700000   1.08501108 -2.5620987774866486e-07
    8.700000   1.14978193 -2.4503866611340343e-07
    8.700000   1.21455301 -2.3531853654632672e-07
    8.700000   1.27932429 -2.2712385545122363e-07
    8.700000   1.34409571 -2.2050980179655037e-07
    8.700000   1.40886724 -2.1551586044356344e-07
    8.700000   1.47363885 -2.1216884330888871e-07
    8.700000   1.53841049 -2.1048528083563308e-07
    8.700000   1.60318216 -2.1047307314718622e-07
    8.700000   1.66795381 -2.1213233120654051e-07
    8.700000   1.73272541 -2.1545537444310072e-07
    8.700000   1.79749694 -2.2042588489877668e-07
    8.700000   1.86226837 -2.2701725149744936e-07
    8.700000   1.92703964 -2.3519017422459981e-07
    8.700000   1.99181073 -2.4488963893897210e-07
    8.700000   2.05658157 -2.5604142047562739e-07
    8.700000   2.12135212 -2.6854832445382529e-07
    8.700000   2.18612229 -2.8228643482142323e-07
    8.700000   2.25089198 -2.9710169042383101e-07
    8.700000   2.31566107 -3.1280716325925824e-07
    8.700000   2.38042940 -3.2918144482949406e-07
    8.700000   2.44519674 -3.4596855478504614e-07
    8.700000   2.50996278 -3.6287975726760592e-07
    8.700000   2.57472706 -3.7959759575823557e-07
    8.700000   2.63948889 -3.9578233146676349e-07
    8.700000   2.70424717 -4.1108079420833699e-07
    8.700000   2.76900006 -4.2513743752822973e-07
    8.700000   2.83374417 -4.3760715029055114e-07
    8.700000   2.89847256 -4.4816914306072478e-07
    8.700000   2.96316844 -4.5654103756417242e-07
    8.700000   3.02777863 -4.6249221772636554e-07
    8.700000   3.09200950 -4.6585628808457057e-07
    8.800000   0.04958315 -4.0957811897150226e-07
    8.800000   0.11381403 -4.0657518794507695e-07
    8.800000   0.17842421 -4.0126223511796383e-07
    8.800000   0.24312010 -3.9378677358577800e-07
    8.800000   0.30784849 -3.8435336101757401e-07
    8.800000   0.37259260 -3.7321263704077032e-07
    8.800000   0.43734549 -3.6064957419074587e-07
    8.800000   0.50210377 -3.4697105894007556e-07
    8.800000   0.56686560 -3.3249362548834801e-07
    8.800000   0.63162987 -3.1753210844152194e-07
    8.800000   0.69639591 -3.0238981758639299e-07
    8.800000   0.76116325 -2.8735063562669100e-07
    8.800000   0.82593158 -2.7267323106234945e-07
    8.800000   0.89070068 -2.5858738782383662e-07
    8.800000   0.95547037 -2.4529229740777581e-07
    8.800000   1.02024053 -2.3295654659855105e-07
    8.800000   1.08501108 -2.2171946562720121e-07
    8.800000   1.14978193 -2.1169347356557754e-07
    8.800000   1.21455301 -2.0296706216627557e-07
    8.800000   1.27932429 -1.9560808714912371e-07
    8.800000   1.34409571 -1.8966707812867743e-07
    8.800000   1.40886724 -1.8518032729366623e-07
    8.800000   1.47363885 -1.8217256676906810e-07
    8.800000   1.53841049 -1.8065909150856995e-07
    8.800000   1.60318216 -1.8064722671148953e-07
    8.800000   1.66795381 -1.8213707586371271e-07
    8.800000   1.73272541 -1.8512151859318790e-07
    8.800000   1.79749694 -1.8958545837268802e-07
    8.800000   1.86226837 -1.9550435096323150e-07
    8.800000   1.92703964 -2.0284207758039396e-07
    8.800000   1.99181073 -2.1154826388976948e-07
    8.800000   2.05658157 -2.2155518809030215e-07
    8.800000   2.12135212 -2.3277446828234117e-07
    8.800000   2.18612229 -2.4509376913523373e-07
    8.800000   2.25089198 -2.5837381678671242e-07
    8.800000   2.31566107 -2.7244605308731005e-07
    8.800000   2.38042940 -2.8711128806013436e-07
    8.800000   2.44519674 -3.0213971381604234e-07
    8.800000   2.50996278 -3.1727261506182186e-07
    8.800000   2.57472706 -3.3222604303438498e-07
    8.800000   2.63948889 -3.4669660697018463e-07
    8.800000   2.70424717 -3.6036938129995461e-07
    8.800000   2.76900006 -3.7292773614157725e-07
    8.800000   2.83374417 -3.8406468995323614e-07
    8.800000   2.89847256 -3.9349518088146040e-07
    8.800000   2.96316844 -4.0096849041417788e-07
    8.800000   3.02777863 -4.0627999644945394e-07
    8.800000   3.09200950 -4.0928213888591239e-07
    8.900000   0.04958315 -3.5949487890333503e-07
    8.900000   0.11381403 -3.5681409453076451e-07
    8.900000   0.17842421 -3.5207060774059180e-07
    8.900000   0.24312010 -3.4539532674924198e-07
    8.900000   0.30784849 -3.3696987495862901e-07
    8.900000   0.37259260 -3.2701693069284024e-07
    8.900000   0.43734549 -3.1578987271374221e-07
    8.900000   0.50210377 -3.0356181846015121e-07
    8.900000   0.56686560 -2.9061477509732963e-07
    8.900000   0.63162987 -2.7722957767327886e-07
    8.900000   0.69639591 -2.6367714867876103e-07
    8.900000   0.76116325 -2.5021143794623082e-07
    8.900000   0.82593158 -2.3706421970996167e-07
    8.900000   0.89070068 -2.2444175622503350e-07
    8.900000   0.95547037 -2.1252319927950902e-07
    8.900000   1.02024053 -2.0146050002538742e-07
    8.900000   1.08501108 -1.9137953527570779e-07
    8.900000   1.14978193 -1.8238213141645428e-07
    8.900000   1.21455301 -1.7454866892358204e-07
    8.900000   1.27932429 -1.6794097332373064e-07
    8.900000   1.34409571 -1.6260523453984654e-07
    8.900000   1.40886724 -1.5857473914562101e-07
    8.900000   1.47363885 -1.5587224392413596e-07
    8.900000   1.53841049 -1.5451186086168434e-07
    8.900000   1.60318216 -1.5450036153019294e-07
    8.900000   1.66795381 -1.5583784243407826e-07
    8.900000   1.73272541 -1.5851772306624811e-07
    8.900000   1.79749694 -1.6252607671285122e-07
    8.900000   1.86226837 -1.6784032232077225e-07
    8.900000   1.92703964 -1.7442733593626946e-07
    8.900000   1.99181073 -1.8224107384705648e-07
    8.900000   2.05658157 -1.9121983739537683e-07
    8.900000   2.12135212 -2.0128335117447311e-07
    8.900000   2.18612229 -2.1232987020699063e-07
    8.900000   2.25089198 -2.2423357426799573e-07
    8.900000   2.31566107 -2.3684254361912739e-07
    8.900000   2.38042940 -2.4997763323569264e-07
    8.900000   2.44519674 -2.6343256441679527e-07
    8.900000   2.50996278 -2.7697552561138383e-07
    8.900000   2.57472706 -2.9035251197222744e-07
    8.900000   2.63948889 -3.0329253217118730e-07
    8.900000   2.70424717 -3.1551467290729945e-07
    8.900000   2.76900006 -3.2673684406074297e-07
    8.900000   2.83374417 -3.3668584532290685e-07
    8.900000   2.89847256 -3.4510821976681040e-07
    8.900000   2.96316844 -3.5178121983429195e-07
    8.900000   3.02777863 -3.5652316544335977e-07
    8.900000   3.09200950 -3.5920310691482320e-07
    9.000000   0.04958315 -3.1517869411185051e-07
    9.000000   0.11381403 -3.1278487293622913e-07
    9.000000   0.17842421 -3.0854873995281394e-07
    9.000000   0.24312010 -3.0258654179179932e-07
    9.000000   0.30784849 -2.9505963633132837e-07
    9.000000   0.37259260 -2.8616597100789776e-07
    9.000000   0.43734549 -2.7613094793358560e-07
    9.000000   0.50210377 -2.6519773936948866e-07
    9.000000   0.56686560 -2.5361768471917246e-07
    9.000000   0.63162987 -2.4164136309097897e-07
    9.000000   0.69639591 -2.2951081495365225e-07
    9.000000   0.76116325 -2.1745323412541004e-07
    9.000000   0.82593158 -2.0567629220716885e-07
    9.000000   0.89070068 -1.9436511032722956e-07
    9.000000   0.95547037 -1.8368077073013062e-07
    9.000000   1.02024053 -1.7376017040555035e-07
    9.000000   1.08501108 -1.6471696227184143e-07
    9.000000   1.14978193 -1.5664330373353471e-07
    9.000000   1.21455301 -1.4961213234710273e-07
    9.000000   1.27932429 -1.4367970712612230e-07
    9.000000   1.34409571 -1.3888818494267792e-07
    9.000000   1.40886724 -1.3526803858418946e-07
    9.000000   1.47363885 -1.3284016169941627e-07
    9.000000   1.53841049 -1.3161754296744613e-07
    9.000000   1.60318216 -1.3160642578253269e-07
    9.000000   1.66795381 -1.3280690013097047e-07
    9.000000   1.73272541 -1.3521290083421849e-07
    9.000000   1.79749694 -1.3881161218343370e-07
    9.000000   1.86226837 -1.4358230486341235e-07
    9.000000   1.92703964 -1.4949465855125522e-07
    9.000000   1.99181073 -1.5650665398457466e-07
    9.000000   2.05658157 -1.6456215224398399e-07
    9.000000   2.12135212 -1.7358831612338643e-07
    9.000000   2.18612229 -1.8349306712706441e-07
    9.000000   2.25089198 -1.9416280874002683e-07
    9.000000   2.31566107 -2.0546067752374714e-07
    9.000000   2.38042940 -2.1722560237952018e-07
    9.000000   2.44519674 -2.2927245217853754e-07
    9.000000   2.50996278 -2.4139352624921700e-07
    9.000000   2.57472706 -2.5336158544648914e-07
    9.000000   2.63948889 -2.6493453117547177e-07
    9.000000   2.70424717 -2.7586171733519933e-07
    9.000000   2.76900006 -2.8589173288090872e-07
    9.000000   2.83374417 -2.9478133355550789e-07
    9.000000   2.89847256 -3.0230504904730658e-07
    9.000000   2.96316844 -3.0826487132076949e-07
    9.000000   3.02777863 -3.1249939277303100e-07
    9.000000   3.09200950 -3.1489233028618926e-07
    9.100000   0.04958315 -2.7598369271918959e-07
    9.100000   0.11381403 -2.7384562564840445e-07
    9.100000   0.17842421 -2.7006173624419782e-07
    9.100000   0.24312010 -2.6473531091315759e-07
    9.100000   0.30784849 -2.5800978108494308e-07
    9.100000   0.37259260 -2.5006119863958283e-07
    9.100000   0.43734549 -2.4109016938190474e-07
    9.100000   0.50210377 -2.3131328971100654e-07
    9.100000   0.56686560 -2.2095464038109902e-07
    9.100000   0.63162987 -2.1023786119461919e-07
    9.100000   0.69639591 -1.9937922649728595e-07
    9.100000   0.76116325 -1.8858200886577399e-07
    9.100000   0.82593158 -1.7803227917326924e-07
    9.100000   0.89070068 -1.6789616158259261e-07
    9.100000   0.95547037 -1.5831845359505545e-07
    9.100000   1.02024053 -1.4942244045240875e-07
    9.100000   1.08501108 -1.4131068170597623e-07
    9.100000   1.14978193 -1.3406652353782436e-07
    9.100000   1.21455301 -1.2775608892535893e-07
    9.100000   1.27932429 -1.2243051318460882e-07
    9.100000   1.34409571 -1.1812821897299057e-07
    9.100000   1.40886724 -1.1487705718081068e-07
    9.100000   1.47363885 -1.1269617424140184e-07
    9.100000   1.53841049 -1.1159749940276124e-07
    9.100000   1.60318216 -1.1158677594423150e-07
    9.100000   1.66795381 -1.1266408777224493e-07
    9.100000   1.73272541 -1.1482385782913425e-07
    9.100000   1.79749694 -1.1805431834023958e-07
    9.100000   1.86226837 -1.2233647652739302e-07
    9.100000   1.92703964 -1.2764262441227419e-07
    9.100000   1.99181073 -1.3393446879825194e-07
    9.100000   2.05658157 -1.4116098796991713e-07
    9.100000   2.12135212 -1.4925615466817413e-07
    9.100000   2.18612229 -1.5813669899772839e-07
    9.100000   2.25089198 -1.6770011728554820e-07
    9.100000   2.31566107 -1.7782315942585533e-07
    9.100000   2.38042940 -1.8836104268448422e-07
    9.100000   2.44519674 -1.9914763840368271e-07
    9.100000   2.50996278 -2.0999685378663692e-07
    9.100000   2.57472706 -2.2070537940619347e-07
    9.100000   2.63948889 -2.3105689221835915e-07
    9.100000   2.70424717 -2.4082769538136830e-07
    9.100000   2.76900006 -2.4979364653716644e-07
    9.100000   2.83374417 -2.5773808696363087e-07
    9.100000   2.89847256 -2.6446035153983011e-07
    9.100000   2.96316844 -2.6978433550261519e-07
    9.100000   3.02777863 -2.7356656391596878e-07
    9.100000   3.09200950 -2.7570371834709563e-07
    9.200000   0.04958315 -2.4133564214355179e-07
    9.200000   0.11381403 -2.3942561648702319e-07
    9.200000   0.17842421 -2.3604502284732662e-07
    9.200000   0.24312010 -2.3128567981532697e-07
    9.200000   0.30784849 -2.2527514629938479e-07
    9.200000   0.37259260 -2.1817007155095861e-07
    9.200000   0.43734549 -2.1014906594372725e-07
    9.200000   0.50210377 -2.0140512322021633e-07
    9.200000   0.56686560 -1.9213808085578261e-07
    9.200000   0.63162987 -1.8254758086628176e-07
    9.200000   0.69639591 -1.7282690350309306e-07
    9.200000   0.76116325 -1.6315793088835087e-07
    9.200000   0.82593158 -1.5370737567853766e-07
    9.200000   0.89070068 -1.4462429565012222e-07
    9.200000   0.95547037 -1.3603881895135116e-07
    9.200000   1.02024053 -1.2806193249057675e-07
    9.200000   1.08501108 -1.2078613924251796e-07
    9.200000   1.14978193 -1.1428676758490518e-07
    9.200000   1.21455301 -1.0862371325713730e-07
    9.200000   1.27932429 -1.0384340724260021e-07
    9.200000   1.34409571 -9.9980825654506912e-08
    9.200000   1.40886724 -9.7061385963233829e-08
    9.200000   1.47363885 -9.5102603980986579e-08
    9.200000   1.53841049 -9.4115415385177118e-08
    9.200000   1.60318216 -9.4105092843315727e-08
    9.200000   1.66795381 -9.5071714591695607e-08
    9.200000   1.73272541 -9.7010162995209978e-08
    9.200000   1.79749694 -9.9909653110826358e-08
    9.200000   1.86226837 -1.0375281278340957e-07
    9.200000   1.92703964 -1.0851435847183605e-07
    9.200000   1.99181073 -1.1415943581474131e-07
    9.200000   2.05658157 -1.2064172121800367e-07
    9.200000   2.12135212 -1.2790141013183266e-07
    9.200000   2.18612229 -1.3586324775936668e-07
    9.200000   2.25089198 -1.4443478619686401e-07
    9.200000   2.31566107 -1.5350507477969854e-07
    9.200000   2.38042940 -1.6294400308338845e-07
    9.200000   2.44519674 -1.7260251350831081e-07
    9.200000   2.50996278 -1.8231387764704342e-07
    9.200000   2.57472706 -1.9189618392089776e-07
    9.200000   2.63948889 -2.0115611165680002e-07
    9.200000   2.70424717 -2.0989397058209484e-07
    9.200000   2.76900006 -2.1790987050128355e-07
    9.200000   2.83374417 -2.2501076393636916e-07
    9.200000   2.89847256 -2.3101798910292980e-07
    9.200000   2.96316844 -2.3577485074339981e-07
    9.200000   3.02777863 -2.3915375199617662e-07
    9.200000   3.09200950 -2.4106284623356009e-07
    9.300000   0.04958315 -2.1072392650270135e-07
    9.300000   0.11381403 -2.0901731175909564e-07
    9.300000   0.17842421 -2.0599650046485380e-07
    9.300000   0.24312010 -2.0174315478919371e-07
    9.300000   0.30784849 -1.9637076767079478e-07
    9.300000   0.37259260 -1.9001878107714840e-07
    9.300000   0.43734549 -1.8284628025262030e-07
    9.300000   0.50210377 -1.7502528342139938e-07
    9.300000   0.56686560 -1.6673405496435519e-07
    9.300000   0.63162987 -1.5815085040780797e-07
    9.300000   0.69639591 -1.4944842375806934e-07
    9.300000   0.76116325 -1.4078952702169099e-07
    9.300000   0.82593158 -1.3232352480103282e-07
    9.300000   0.89070068 -1.2418414617151797e-07
    9.300000   0.95547037 -1.1648831076000879e-07
    9.300000   1.02024053 -1.0933590133311918e-07
    9.300000   1.08501108 -1.0281031295153565e-07
    9.300000   1.14978193 -9.6979587634885402e-08
    9.300000   1.21455301 -9.1897940276712430e-08
    9.300000   1.27932429 -8.7607491973014427e-08
    9.300000   1.34409571 -8.4140046526570544e-08
    9.300000   1.40886724 -8.1518770574091128e-08
    9.300000   1.47363885 -7.9759664327126010e-08
    9.300000   1.53841049 -7.8872736053335020e-08
    9.300000   1.60318216 -7.8862817861252428e-08
    9.300000   1.66795381 -7.9729982701659026e-08
    9.300000   1.73272541 -8.1469543063644915e-08
    9.300000   1.79749694 -8.4071631386518059e-08
    9.300000   1.86226837 -8.7520381756901466e-08
    9.300000   1.92703964 -9.1792753030898912e-08
    9.300000   1.99181073 -9.6857055869779295e-08
    9.300000   2.05658157 -1.0267127063546752e-07
    9.300000   2.12135212 -1.0918126921532987e-07
    9.300000   2.18612229 -1.1631908041113260e-07
    9.300000   2.25089198 -1.2400136319579272e-07
    9.300000   2.31566107 -1.3212827174115148e-07
    9.300000   2.38042940 -1.4058290652279049e-07
    9.300000   2.44519674 -1.4923154257896828e-07
    9.300000   2.50996278 -1.5792480486480387e-07
    9.300000   2.57472706 -1.6649991834588075e-07
    9.300000   2.63948889 -1.7478409584332396e-07
    9.300000   2.70424717 -1.8259904130119250e-07
    9.300000   2.76900006 -1.8976644546980365e-07
    9.300000   2.83374417 -1.9611424399606055e-07
    9.300000   2.89847256 -2.0148330724534789e-07
    9.300000   2.96316844 -2.0573415336283750e-07
    9.300000   3.02777863 -2.0875325640415983e-07
    9.300000   3.09200950 -2.1045892972414088e-07
    9.400000   0.04958315 -1.8369446125246440e-07
    9.400000   0.11381403 -1.8216934888116407e-07
    9.400000   0.17842421 -1.7946960743074818e-07
    9.400000   0.24312010 -1.7566789679637612e-07
    9.400000   0.30784849 -1.7086523531099680e-07
    9.400000   0.37259260 -1.6518579368814899e-07
    9.400000   0.43734549 -1.5877131365125932e-07
    9.400000   0.50210377 -1.5177516200227899e-07
    9.400000   0.56686560 -1.4435639694844051e-07
    9.400000   0.63162987 -1.3667420760728369e-07
    9.400000   0.69639591 -1.2888302012306123e-07
    9.400000   0.76116325 -1.2112847588017666e-07
    9.400000   0.82593158 -1.1354439338535712e-07
    9.400000   0.89070068 -1.0625073656601338e-07
    9.400000   0.95547037 -9.9352536570748231e-08
    9.400000   1.02024053 -9.2939656391981113e-08
    9.400000   1.08501108 -8.7087249465476508e-08
    9.400000   1.14978193 -8.1856743826108637e-08
    9.400000   1.21455301 -7.7297179749796657e-08
    9.400000   1.27932429 -7.3446737356634628e-08
    9.400000   1.34409571 -7.0334307518870256e-08
    9.400000   1.40886724 -6.7980981007532322e-08
    9.400000   1.47363885 -6.6401354250420302e-08
    9.400000   1.53841049 -6.5604573330302851e-08
    9.400000   1.60318216 -6.5595059726680909e-08
    9.400000   1.66795381 -6.6372881465109974e-08
    9.400000   1.73272541 -6.7933751934731961e-08
    9.400000   1.79749694 -7.0268656399890529e-08
    9.400000   1.86226837 -7.3363123976670826e-08
    9.400000   1.92703964 -7.7196181464415651e-08
    9.400000   1.99181073 -8.1739045574071755e-08
    9.400000   2.05658157 -8.6953631986728728e-08
    9.400000   2.12135212 -9.2790982931229545e-08
    9.400000   2.18612229 -9.9189738407522976e-08
    9.400000   2.25089198 -1.0607479778865728e-07
    9.400000   2.31566107 -1.1335633536686778e-07
    9.400000   2.38042940 -1.2092934196848858e-07
    9.400000   2.44519674 -1.2867386106970894e-07
    9.400000   2.50996278 -1.3645606826525098e-07
    9.400000   2.57472706 -1.4413030471433809e-07
    9.400000   2.63948889 -1.5154211742898060e-07
    9.400000   2.70424717 -1.5853228355021296e-07
    9.400000   2.76900006 -1.6494170692049383e-07
    9.400000   2.83374417 -1.7061698133565431e-07
    9.400000   2.89847256 -1.7541632690444680e-07
    9.400000   2.96316844 -1.7921553845836997e-07
    9.400000   3.02777863 -1.8191356905897784e-07
    9.400000   3.09200950 -1.8343773750687182e-07
    9.500000   0.04958315 -1.5984342442937375e-07
    9.500000   0.11381403 -1.5848031355944220e-07
    9.500000   0.17842421 -1.5606717739162017e-07
    9.500000   0.24312010 -1.5266869074220215e-07
    9.500000   0.30784849 -1.4837480104476000e-07
    9.500000   0.37259260 -1.4329611728651892e-07
    9.500000   0.43734549 -1.3755896658435933e-07
    9.500000   0.50210377 -1.3130012248679032e-07
    9.500000   0.56686560 -1.2466153702753312e-07
    9.500000   0.63162987 -1.1778539575255288e-07
    9.500000   0.69639591 -1.1080975631477340e-07
    9.500000   0.76116325 -1.0386495430771405e-07
    9.500000   0.82593158 -9.7070877475226379e-08
    9.500000   0.89070068 -9.0535131026739356e-08
    9.500000   0.95547037 -8.4352049614590780e-08
    9.500000   1.02024053 -7.8602459941958794e-08
    9.500000   1.08501108 -7.3354063492644169e-08
    9.500000   1.14978193 -6.8662290837985050e-08
    9.500000   1.21455301 -6.4571475029450163e-08
    9.500000   1.27932429 -6.1116198602829821e-08
    9.500000   1.34409571 -5.8322683248518792e-08
    9.500000   1.40886724 -5.6210110093405526e-08
    9.500000   1.47363885 -5.4791779255346193e-08
    9.500000   1.53841049 -5.4076038014049828e-08
    9.500000   1.60318216 -5.4066926542199845e-08
    9.500000   1.66795381 -5.4764508274650396e-08
    9.500000   1.73272541 -5.6164868841818756e-08
    9.500000   1.79749694 -5.8259783576192621e-08
    9.500000   1.86226837 -6.1036069716852470e-08
    9.500000   1.92703964 -6.4474656272826357e-08
    9.500000   1.99181073 -6.8549422644144306e-08
    9.500000   2.05658157 -7.3225876710777649e-08
    9.500000   2.12135212 -7.8459763787959695e-08
    9.500000   2.18612229 -8.4195718553060201e-08
    9.500000   2.25089198 -9.0366090953654132e-08
    9.500000   2.31566107 -9.6890091620888890e-08
    9.500000   2.38042940 -1.0367340931115884e-07
    9.500000   2.44519674 -1.1060844894495461e-07
    9.500000   2.50996278 -1.1757532074374549e-07
    9.500000   2.57472706 -1.2444367646925306e-07
    9.500000   2.63948889 -1.3107543713728742e-07
    9.500000   2.70424717 -1.3732838940382969e-07
    9.500000   2.76900006 -1.4306054937121035e-07
    9.500000   2.83374417 -1.4813511002433075e-07
    9.500000   2.89847256 -1.5242571158141993e-07
    9.500000   2.96316844 -1.5582171541613263e-07
    9.500000   3.02777863 -1.5823314939411746e-07
    9.500000   3.09200950 -1.5959532021502746e-07
    9.600000   0.04958315 -1.3881170202569058e-07
    9.600000   0.11381403 -1.3759322444111112e-07
    9.600000   0.17842421 -1.3543599283072785e-07
    9.600000   0.24312010 -1.3239759456755694e-07
    9.600000   0.30784849 -1.2855814587184162e-07
    9.600000   0.37259260 -1.2401620524891950e-07
    9.600000   0.43734549 -1.1888439249142880e-07
    9.600000   0.50210377 -1.1328471226685746e-07
    9.600000   0.56686560 -1.0734387509977840e-07
    9.600000   0.63162987 -1.0118889825325228e-07
    9.600000   0.69639591 -9.4943218019772530e-08
    9.600000   0.76116325 -8.8723477567858607e-08
    9.600000   0.82593158 -8.2637081903018771e-08
    9.600000   0.89070068 -7.6780542225124917e-08
    9.600000   0.95547037 -7.1238572343318854e-08
    9.600000   1.02024053 -6.6083853712681022e-08
    9.600000   1.08501108 -6.1377354580307706e-08
    9.600000   1.14978193 -5.7169072123939512e-08
    9.600000   1.21455301 -5.3499062414419434e-08
    9.600000   1.27932429 -5.0398628755996639e-08
    9.600000   1.34409571 -4.7891551490670532e-08
    9.600000   1.40886724 -4.5995258901233082e-08
    9.600000   1.47363885 -4.4721857157100305e-08
    9.600000   1.53841049 -4.4078955647075464e-08
    9.600000   1.60318216 -4.4070241592779250e-08
    9.600000   1.66795381 -4.4695774154923166e-08
    9.600000   1.73272541 -4.5951983463699437e-08
    9.600000   1.79749694 -4.7831374593889144e-08
    9.600000   1.86226837 -5.0321951079749780e-08
    9.600000   1.92703964 -5.3406387800020352e-08
    9.600000   1.99181073 -5.7060999381657158e-08
    9.600000   2.05658157 -6.1254567815430710e-08
    9.600000   2.12135212 -6.5947111404207888e-08
    9.600000   2.18612229 -7.1088695447822958e-08
    9.600000   2.25089198 -7.6618401639363210e-08
    9.600000   2.31566107 -8.2463585656161808e-08
    9.600000   2.38042940 -8.8539558153011217e-08
    9.600000   2.44519674 -9.4749820288706409e-08
    9.600000   2.50996278 -1.0098696829416208e-07
    9.600000   2.57472706 -1.0713435049060331e-07
    9.600000   2.63948889 -1.1306851403954618e-07
    9.600000   2.70424717 -1.1866241907284968e-07
    9.600000   2.76900006 -1.2378932854225440e-07
    9.600000   2.83374417 -1.2832720953993289e-07
    9.600000   2.89847256 -1.3216341446770492e-07
    9.600000   2.96316844 -1.3519935943834426e-07
    9.600000   3.02777863 -1.3735490699117488e-07
    9.600000   3.09200950 -1.3857245377181217e-07
    9.700000   0.04958315 -1.2027995995462950e-07
    9.700000   0.11381403 -1.1919063881263748e-07
    9.700000   0.17842421 -1.1726194995407618e-07
    9.700000   0.24312010 -1.1454518634530301e-07
    9.700000   0.30784849 -1.1111172901606805e-07
    9.700000   0.37259260 -1.0704942332004648e-07
    9.700000   0.43734549 -1.0245869425170969e-07
    9.700000   0.50210377 -9.7448396073625527e-08
    9.700000   0.56686560 -9.2131654667791746e-08
    9.700000   0.63162987 -8.6621952764763513e-08
    9.700000   0.69639591 -8.1029663783551243e-08
    9.700000   0.76116325 -7.5459180962080223e-08
    9.700000   0.82593158 -7.0006724568803711e-08
    9.700000   0.89070068 -6.4758848737797880e-08
    9.700000   0.95547037 -5.9791616534677021e-08
    9.700000   1.02024053 -5.5170370690598068e-08
    9.700000   1.08501108 -5.0949999436391996e-08
    9.700000   1.14978193 -4.7175581647074998e-08
    9.700000   1.21455301 -4.3883291437163061e-08
    9.700000   1.27932429 -4.1101447002286842e-08
    9.700000   1.34409571 -3.8851599331168406e-08
    9.700000   1.40886724 -3.7149570911383358e-08
    9.700000   1.47363885 -3.6006370741704404e-08
    9.700000   1.53841049 -3.5428928336738811e-08
    9.700000   1.60318216 -3.5420605117873330e-08
    9.700000   1.66795381 -3.5981456263759405e-08
    9.700000   1.73272541 -3.7108229831646495e-08
    9.700000   1.79749694 -3.8794103168970652e-08
    9.700000   1.86226837 -4.1028169827606848e-08
    9.700000   1.92703964 -4.3794703942668821e-08
    9.700000   1.99181073 -4.7072243724669497e-08
    9.700000   2.05658157 -5.0832551410105939e-08
    9.700000   2.12135212 -5.5039523414880065e-08
    9.700000   2.18612229 -5.9648140603476509e-08
    9.700000   2.25089198 -6.4603563104876539e-08
    9.700000   2.31566107 -6.9840484908876230e-08
    9.700000   2.38042940 -7.5282868143738723e-08
    9.700000   2.44519674 -8.0844172830224460e-08
    9.700000   2.50996278 -8.6428182682579380e-08
    9.700000   2.57472706 -9.1930499490431494e-08
    9.700000   2.63948889 -9.7240737429536988e-08
    9.700000   2.70424717 -1.0224539568700050e-07
    9.700000   2.76900006 -1.0683132653250691e-07
    9.700000   2.83374417 -1.1088965205476749e-07
    9.700000   2.89847256 -1.1431992373357349e-07
    9.700000   2.96316844 -1.1703427459296763e-07
    9.700000   3.02777863 -1.1896130542074326e-07
    9.700000   3.09200950 -1.2004970948806493e-07
    9.800000   0.04958315 -1.0396426737054575e-07
    9.800000   0.11381403 -1.0299030501546006e-07
    9.800000   0.17842421 -1.0126576218961666e-07
    9.800000   0.24312010 -9.8836338796101578e-08
    9.800000   0.30784849 -9.5765650632821226e-08
    9.800000   0.37259260 -9.2132014410867273e-08
    9.800000   0.43734549 -8.8025001431654991e-08
    9.800000   0.50210377 -8.3541752426809084e-08
    9.800000   0.56686560 -7.8783281777462993e-08
    9.800000   0.63162987 -7.3850992733725325e-08
    9.800000   0.69639591 -6.8843586514993396e-08
    9.800000   0.76116325 -6.3854496352359059e-08
    9.800000   0.82593158 -5.8969921250551925e-08
    9.800000   0.89070068 -5.4267480080946372e-08
    9.800000   0.95547037 -4.9815459597444482e-08
    9.800000   1.02024053 -4.5672593202254561e-08
    9.800000   1.08501108 -4.1888282073172260e-08
    9.800000   1.14978193 -3.8503156352234715e-08
    9.800000   1.21455301 -3.5549870062529457e-08
    9.800000   1.27932429 -3.3054027223037537e-08
    9.800000   1.34409571 -3.1035145970681457e-08
    9.800000   1.40886724 -2.9507580228270880e-08
    9.800000   1.47363885 -2.8481332766566441e-08
    9.800000   1.53841049 -2.7962708084411469e-08
    9.800000   1.60318216 -2.7954767589101224e-08
    9.800000   1.66795381 -2.8457562750394100e-08
    9.800000   1.73272541 -2.9468134304616824e-08
    9.800000   1.79749694 -3.0980277525606022e-08
    9.800000   1.86226837 -3.2984085508378987e-08
    9.800000   1.92703964 -3.5465294824633917e-08
    9.800000   1.99181073 -3.8404471101546736e-08
    9.800000   2.05658157 -4.1776086139362546e-08
    9.800000   2.12135212 -4.5547552752637400e-08
    9.800000   2.18612229 -4.9678297848217293e-08
    9.800000   2.25089198 -5.4118966961926705e-08
    9.800000   2.31566107 -5.8810862830179697e-08
    9.800000   2.38042940 -6.3685724341909915e-08
    9.800000   2.44519674 -6.8665948200976603e-08
    9.800000   2.50996278 -7.3665341671603237e-08
    9.800000   2.57472706 -7.8590469561717732e-08
    9.800000   2.63948889 -8.3342621814124667e-08
    9.800000   2.70424717 -8.7820381025086608e-08
    9.800000   2.76900006 -9.1922715048088423e-08
    9.800000   2.83374417 -9.5552463526812373e-08
    9.800000   2.89847256 -9.8620035396443329e-08
    9.800000   2.96316844 -1.0104709563498549e-07
    9.800000   3.02777863 -1.0277001296215042e-07
    9.800000   3.09200950 -1.0374307567304742e-07
    9.900000   0.04958315 -8.9612206362910646e-08
    9.900000   0.11381403 -8.8741297335264725e-08
    9.900000   0.17842421 -8.7199139333578965e-08
    9.900000   0.24312010 -8.5026460024152917e-08
    9.900000   0.30784849 -8.2279969116560508e-08
    9.900000   0.37259260 -7.9029504688897297e-08
    9.900000   0.43734549 -7.5354974345909793e-08
    9.900000   0.50210377 -7.1343081770535054e-08
    9.900000   0.56686560 -6.7084040349528973e-08
    9.900000   0.63162987 -6.2668470305021395e-08
    9.900000   0.69639591 -5.8184641944119052e-08
    9.900000   0.76116325 -5.3716182127204802e-08
    9.900000   0.82593158 -4.9340311427876675e-08
    9.900000   0.89070068 -4.5126631541266887e-08
    9.900000   0.95547037 -4.1136440715634539e-08
    9.900000   1.02024053 -3.7422522153773548e-08
    9.900000   1.08501108 -3.4029327653214115e-08
    9.900000   1.14978193 -3.0993466049349405e-08
    9.900000   1.21455301 -2.8344402109662498e-08
    9.900000   1.27932429 -2.6105274602338733e-08
    9.900000   1.34409571 -2.4293750354012780e-08
    9.900000   1.40886724 -2.2922842260273904e-08
    9.900000   1.47363885 -2.2001631888093881e-08
    9.900000   1.53841049 -2.1535850284492324e-08
    9.900000   1.60318216 -2.1528283168185486e-08
    9.900000   1.66795381 -2.1978978555280963e-08
    9.900000   1.73272541 -2.2885246036717388e-08
    9.900000   1.79749694 -2.4241447727035165e-08
    9.900000   1.86226837 -2.6038591678894715e-08
    9.900000   1.92703964 -2.8263749747798832e-08
    9.900000   1.99181073 -3.0899333757519890e-08
    9.900000   2.05658157 -3.3922276384220570e-08
    9.900000   2.12135212 -3.7303176158995797e-08
    9.900000   2.18612229 -4.1005478660091164e-08
    9.900000   2.25089198 -4.4984777116573446e-08
    9.900000   2.31566107 -4.9188323737826489e-08
    9.900000   2.38042940 -5.3554846130609247e-08
    9.900000   2.44519674 -5.8014759269142793e-08
    9.900000   2.50996278 -6.2490850731798706e-08
    9.900000   2.57472706 -6.6899494245593935e-08
    9.900000   2.63948889 -7.1152413726395183e-08
    9.900000   2.70424717 -7.5158978199946208e-08
    9.900000   2.76900006 -7.8828960068119909e-08
    9.900000   2.83374417 -8.2075639543179744e-08
    9.900000   2.89847256 -8.4819092555940377e-08
    9.900000   2.96316844 -8.6989465629683186e-08
    9.900000   3.02777863 -8.8530035948851979e-08
    9.900000   3.09200950 -8.9400065776662129e-08
   10.000000   0.04958315 -7.6999411625720730e-08
   10.000000   0.11381403 -7.6220577567008771e-08
   10.000000   0.17842421 -7.4841387603552416e-08
   10.000000   0.24312010 -7.2898147170467617e-08
   10.000000   0.30784849 -7.0441421477168223e-08
   10.000000   0.37259260 -6.7533501429539239e-08
   10.000000   0.43734549 -6.4245687548606492e-08
   10.000000   0.50210377 -6.0655381122379799e-08
   10.000000   0.56686560 -5.6843160933971112e-08
   10.000000   0.63162987 -5.2890019748036185e-08
   10.000000   0.69639591 -4.8874905180690040e-08
   10.000000   0.76116325 -4.4872669575713787e-08
   10.000000   0.82593158 -4.0952489721417004e-08
   10.000000   0.89070068 -3.7176774832211396e-08
   10.000000   0.95547037 -3.3600544087254430e-08
   10.000000   1.02024053 -3.0271225707791248e-08
   10.000000   1.08501108 -2.7228809165058125e-08
   10.000000   1.14978193 -2.4506270538458899e-08
   10.000000   1.21455301 -2.2130187275511122e-08
   10.000000   1.27932429 -2.0121461092122149e-08
   10.000000   1.34409571 -1.8496074746649100e-08
   10.000000   1.40886724 -1.7265818214673051e-08
   10.000000   1.47363885 -1.6438931012056697e-08
   10.000000   1.53841049 -1.6020618956033004e-08
   10.000000   1.60318216 -1.6013414900757933e-08
   10.000000   1.66795381 -1.6417363645335170e-08
   10.000000   1.73272541 -1.7230021279507151e-08
   10.000000   1.79749694 -1.8446268982143766e-08
   10.000000   1.86226837 -2.0057951022421430e-08
   10.000000   1.92703964 -2.2053356795415170e-08
   10.000000   1.99181073 -2.4416577380924147e-08
   10.000000   2.05658157 -2.7126778364487383e-08
   10.000000   2.12135212 -3.0157442209000448e-08
   10.000000   2.18612229 -3.3475644679350745e-08
   10.000000   2.25089198 -3.7041439619736657e-08
   10.000000   2.31566107 -4.0807433379003898e-08
   10.000000   2.38042940 -4.4718632644735572e-08
   10.000000   2.44519674 -4.8712645683024390e-08
   10.000000   2.50996278 -5.2720305388833439e-08
   10.000000   2.57472706 -5.6666762147270671e-08
   10.000000   2.63948889 -6.0473065179349657e-08
   10.000000   2.70424717 -6.4058213901136206e-08
   10.000000   2.76900006 -6.7341618404834288e-08
   10.000000   2.83374417 -7.0245864366101512e-08
   10.000000   2.89847256 -7.2699637687548438e-08
   10.000000   2.96316844 -7.4640634617840836e-08
   10.000000   3.02777863 -7.6018278931503257e-08
   10.000000   3.09200950 -7.6796256646678497e-08
   10.100000   0.04958315 -6.5926490925093857e-08
   10.100000   0.11381403 -6.5229934576396174e-08
   10.100000   0.17842421 -6.3996382776112052e-08
   10.100000   0.24312010 -6.2258206356284908e-08
   10.100000   0.30784849 -6.0060501606676655e-08
   10.100000   0.37259260 -5.7458839101124547e-08
   10.100000   0.43734549 -5.4516851010023569e-08
   10.100000   0.50210377 -5.1303645331101093e-08
   10.100000   0.56686560 -4.7891204811495853e-08
   10.100000   0.63162987 -4.4351925092995613e-08
   10.100000   0.69639591 -4.0756420730731002e-08
   10.100000   0.76116325 -3.7171692555653863e-08
   10.100000   0.82593158 -3.3659711198986100e-08
   10.100000   0.89070068 -3.0276434029000951e-08
   10.100000   0.95547037 -2.7071239754219343e-08
   10.100000   1.02024053 -2.4086738774795018e-08
   10.100000   1.08501108 -2.1358899045873591e-08
   10.100000   1.14978193 -1.8917416681048302e-08
   10.100000   1.21455301 -1.6786256946165472e-08
   10.100000   1.27932429 -1.4984293287308763e-08
   10.100000   1.34409571 -1.3525978082010120e-08
   10.100000   1.40886724 -1.2421987431509647e-08
   10.100000   1.47363885 -1.1679792212781940e-08
   10.100000   1.53841049 -1.1304117921021676e-08
   10.100000   1.60318216 -1.1297265859005925e-08
   10.100000   1.66795381 -1.1659277830248258e-08
   10.100000   1.73272541 -1.2387935544575631e-08
   10.100000   1.79749694 -1.3478594754857023e-08
   10.100000   1.86226837 -1.4923862917690838e-08
   10.100000   1.92703964 -1.6713138263756650e-08
   10.100000   1.99181073 -1.8832037727122329e-08
   10.100000   2.05658157 -2.1261751243285014e-08
   10.100000   2.12135212 -2.3978370218000559e-08
   10.100000   2.18612229 -2.6952247884007654e-08
   10.100000   2.25089198 -3.0147457882434195e-08
   10.100000   2.31566107 -3.3521423450397692e-08
   10.100000   2.38042940 -3.7024791586502300e-08
   10.100000   2.44519674 -4.0601622972655021e-08
   10.100000   2.50996278 -4.4189957886731056e-08
   10.100000   2.57472706 -4.7722800009650788e-08
   10.100000   2.63948889 -5.1129533844113875e-08
   10.100000   2.70424717 -5.4337758449042872e-08
   10.100000   2.76900006 -5.7275482622479156e-08
   10.100000   2.83374417 -5.9873588000363865e-08
   10.100000   2.89847256 -6.2068431355249759e-08
   10.100000   2.96316844 -6.3804431503938846e-08
   10.100000   3.02777863 -6.5036482971592202e-08
   10.100000   3.09200950 -6.5732207721117230e-08
   10.200000   0.04958315 -5.6216283336872851e-08
   10.200000   0.11381403 -5.5593259235445229e-08
   10.200000   0.17842421 -5.4489874506434626e-08
   10.200000   0.24312010 -5.2934997988314304e-08
   10.200000   0.30784849 -5.0968856719051151e-08
   10.200000   0.37259260 -4.8641035335900854e-08
   10.200000   0.43734549 -4.6008332106852304e-08
   10.200000   0.50210377 -4.3132459596524293e-08
   10.200000   0.56686560 -4.0077729621452985e-08
   10.200000   0.63162987 -3.6908859635899670e-08
   10.200000   0.69639591 -3.3689015022954857e-08
   10.200000   0.76116325 -3.0478170792362818e-08
   10.200000   0.82593158 -2.7331842049986646e-08
   10.200000   0.89070068 -2.4300199316399370e-08
   10.200000   0.95547037 -2.1427555442317563e-08
   10.200000   1.02024053 -1.8752187496632359e-08
   10.200000   1.08501108 -1.6306440554439360e-08
   10.200000   1.14978193 -1.4117050745869019e-08
   10.200000   1.21455301 -1.2205621532852856e-08
   10.200000   1.27932429 -1.0589188777466322e-08
   10.200000   1.34409571 -9.2808154065893948e-09
   10.200000   1.40886724 -8.2901640534919912e-09
   10.200000   1.47363885 -7.6240048351689941e-09
   10.200000   1.53841049 -7.2866245915750195e-09
   10.200000   1.60318216 -7.2801128997712714e-09
   10.200000   1.66795381 -7.6045087732876628e-09
   10.200000   1.73272541 -8.2578001227615680e-09
   10.200000   1.79749694 -9.2357759944713420e-09
   10.200000   1.86226837 -1.0531739514972594e-08
   10.200000   1.92703964 -1.2136097662497755e-08
   10.200000   1.99181073 -1.4035852566792009e-08
   10.200000   2.05658157 -1.6214028039532693e-08
   10.200000   2.12135212 -1.8649074200762033e-08
   10.200000   2.18612229 -2.1314301845603475e-08
   10.200000   2.25089198 -2.4177405778175292e-08
   10.200000   2.31566107 -2.7200141565113387e-08
   10.200000   2.38042940 -3.0338221761984200e-08
   10.200000   2.44519674 -3.3541494259442745e-08
   10.200000   2.50996278 -3.6754455820731710e-08
   10.200000   2.57472706 -3.9917137418390052e-08
   10.200000   2.63948889 -4.2966374601839358e-08
   10.200000   2.70424717 -4.5837446772102552e-08
   10.200000   2.76900006 -4.8466035960637820e-08
   10.200000   2.83374417 -5.0790421550599889e-08
   10.200000   2.89847256 -5.2753796411096964e-08
   10.200000   2.96316844 -5.4306567246501625e-08
   10.200000   3.02777863 -5.5408499436532729e-08
   10.200000   3.09200950 -5.6030718113967029e-08
   10.300000   0.04958315 -4.7711417457709817e-08
   10.300000   0.11381403 -4.7154117280896031e-08
   10.300000   0.17842421 -4.6167084966289475e-08
   10.300000   0.24312010 -4.4776071388801751e-08
   10.300000   0.30784849 -4.3016966919751444e-08
   10.300000   0.37259260 -4.0934022890315353e-08
   10.300000   0.43734549 -3.8577945763358436e-08
   10.300000   0.50210377 -3.6003851874028448e-08
   10.300000   0.56686560 -3.3269206422504452e-08
   10.300000   0.63162987 -3.0431868462985696e-08
   10.300000   0.69639591 -2.7548343779744339e-08
   10.300000   0.76116325 -2.4672320237582104e-08
   10.300000   0.82593158 -2.1853530043021287e-08
   10.300000   0.89070068 -1.9136953837960420e-08
   10.300000   0.95547037 -1.6562355471353652e-08
   10.300000   1.02024053 -1.4164115433315009e-08
   10.300000   1.08501108 -1.1971316161177507e-08
   10.300000   1.14978193 -1.0008023752651777e-08
   10.300000   1.21455301 -8.2937074295476251e-09
   10.300000   1.27932429 -6.8437393639958542e-09
   10.300000   1.34409571 -5.6699220148871686e-09
   10.300000   1.40886724 -4.7809967921955871e-09
   10.300000   1.47363885 -4.1830956374258770e-09
   10.300000   1.53841049 -3.8801052791366185e-09
   10.300000   1.60318216 -3.8739219463010042e-09
   10.300000   1.66795381 -4.1645820534158477e-09
   10.300000   1.73272541 -4.7502617119832739e-09
   10.300000   1.79749694 -5.6271450808862504e-09
   10.300000   1.86226837 -6.7891687057095824e-09
   10.300000   1.92703964 -8.2276563702602470e-09
   10.300000   1.99181073 -9.9308666722463354e-09
   10.300000   2.05658157 -1.1883483609043215e-08
   10.300000   2.12135212 -1.4066088594318207e-08
   10.300000   2.18612229 -1.6454660116998035e-08
   10.300000   2.25089198 -1.9020153916812101e-08
   10.300000   2.31566107 -2.1728221084043901e-08
   10.300000   2.38042940 -2.4539122757871604e-08
   10.300000   2.44519674 -2.7407896892366388e-08
   10.300000   2.50996278 -3.0284823879452964e-08
   10.300000   2.57472706 -3.3116223035345228e-08
   10.300000   2.63948889 -3.5845591078312141e-08
   10.300000   2.70424717 -3.8415067642118282e-08
   10.300000   2.76900006 -4.0767183352438438e-08
   10.300000   2.83374417 -4.2846815821587472e-08
   10.300000   2.89847256 -4.4603251628119383e-08
   10.300000   2.96316844 -4.5992232482291508e-08
   10.300000   3.02777863 -4.6977861828808488e-08
   10.300000   3.09200950 -4.7534383793752464e-08
   10.400000   0.04958315 -4.0272136303426738e-08
   10.400000   0.11381403 -3.9773587088184005e-08
   10.400000   0.17842421 -3.8890569293358022e-08
   10.400000   0.24312010 -3.7646056921218174e-08
   10.400000   0.30784849 -3.6072076924040258e-08
   10.400000   0.37259260 -3.4208127568622285e-08
   10.400000   0.43734549 -3.2099483759484840e-08
   10.400000   0.50210377 -2.9795377252949374e-08
   10.400000   0.56686560 -2.7347161356969388e-08
   10.400000   0.63162987 -2.4806568228104834e-08
   10.400000   0.69639591 -2.2224149468989794e-08
   10.400000   0.76116325 -1.9647966658748198e-08
   10.400000   0.82593158 -1.7122571791736359e-08
   10.400000   0.89070068 -1.4688291427940527e-08
   10.400000   0.95547037 -1.2380805173119218e-08
   10.400000   1.02024053 -1.0230990473110391e-08
   10.400000   1.08501108 -8.2649924592560567e-09
   10.400000   1.14978193 -6.5044697093804588e-09
   10.400000   1.21455301 -4.9669638143740945e-09
   10.400000   1.27932429 -3.6663416192702279e-09
   10.400000   1.34409571 -2.6132629667837703e-09
   10.400000   1.40886724 -1.8156326142604894e-09
   10.400000   1.47363885 -1.2790018993053120e-09
   10.400000   1.53841049 -1.0068929927098514e-09
   10.400000   1.60318216 -1.0010257620725824e-09
   10.400000   1.66795381 -1.2614342012831846e-09
   10.400000   1.73272541 -1.7864659871624145e-09
   10.400000   1.79749694 -2.5726651733087416e-09
   10.400000   1.86226837 -3.6145444697611008e-09
   10.400000   1.92703964 -4.9042601734498323e-09
   10.400000   1.99181073 -6.4312097414565946e-09
   10.400000   2.05658157 -8.1815791876711757e-09
   10.400000   2.12135212 -1.0137874752462376e-08
   10.400000   2.18612229 -1.2278480188320228e-08
   10.400000   2.25089198 -1.4577286862313533e-08
   10.400000   2.31566107 -1.7003447817255253e-08
   10.400000   2.38042940 -1.9521307922362855e-08
   10.400000   2.44519674 -2.2090559246789502e-08
   10.400000   2.50996278 -2.4666662926960905e-08
   10.400000   2.57472706 -2.7201565524469600e-08
   10.400000   2.63948889 -2.9644719244225438e-08
   10.400000   2.70424717 -3.1944392168123563e-08
   10.400000   2.76900006 -3.4049228504178762e-08
   10.400000   2.83374417 -3.5909992165101809e-08
   10.400000   2.89847256 -3.7481402936802021e-08
   10.400000   2.96316844 -3.8723957067920005e-08
   10.400000   3.02777863 -3.9605622640796382e-08
   10.400000   3.09200950 -4.0103421552542677e-08
   10.500000   0.04958315 -3.3774359497683963e-08
   10.500000   0.11381403 -3.3328333201736761e-08
   10.500000   0.17842421 -3.2538309107846113e-08
   10.500000   0.24312010 -3.1424787445301963e-08
   10.500000   0.30784849 -3.0016352459534513e-08
   10.500000   0.37259260 -2.8348265456483957e-08
   10.500000   0.43734549 -2.6460957428682915e-08
   10.500000   0.50210377 -2.4398409451101107e-08
   10.500000   0.56686560 -2.2206517987081596e-08
   10.500000   0.63162987 -1.9931541148590727e-08
   10.500000   0.69639591 -1.7618706663960288e-08
   10.500000   0.76116325 -1.5311041086543262e-08
   10.500000   0.82593158 -1.3048456183755238e-08
   10.500000   0.89070068 -1.0867105247464626e-08
   10.500000   0.95547037 -8.7990014266756917e-09
   10.500000   1.02024053 -6.8718735633282997e-09
   10.500000   1.08501108 -5.1092231162797834e-09
   10.500000   1.14978193 -3.5305386363485843e-09
   10.500000   1.21455301 -2.1516214785275197e-09
   10.500000   1.27932429 -9.8497720811351538e-10
   10.500000   1.34409571 -4.0230571998366784e-11
   10.500000   1.40886724  6.7547292543563358e-10
   10.500000   1.47363885  1.1571097043370497e-09
   10.500000   1.53841049  1.4014894318956804e-09
   10.500000   1.60318216  1.4070529407050171e-09
   10.500000   1.66795381  1.1737684915034974e-09
   10.500000   1.73272541  7.0313217676242886e-10
   10.500000   1.79749694 -1.7275469702795726e-12
   10.500000   1.86226837 -9.3584699903016331e-10
   10.500000   1.92703964 -2.0921378563392296e-09
   10.500000   1.99181073 -3.4610291409320959e-09
   10.500000   2.05658157 -5.0300650225032428e-09
   10.500000   2.12135212 -6.7834893089717828e-09
   10.500000   2.18612229 -8.7018536092935152e-09
   10.500000   2.25089198 -1.0761691314854111e-08
   10.500000   2.31566107 -1.2935302957625197e-08
   10.500000   2.38042940 -1.5190699271668553e-08
   10.500000   2.44519674 -1.7491745502287100e-08
   10.500000   2.50996278 -1.9798543373722402e-08
   10.500000   2.57472706 -2.2068075229207476e-08
   10.500000   2.63948889 -2.4255118219164761e-08
   10.500000   2.70424717 -2.6313415772096530e-08
   10.500000   2.76900006 -2.8197070378059441e-08
   10.500000   2.83374417 -2.9862098108025312e-08
   10.500000   2.89847256 -3.1268064080862887e-08
   10.500000   2.96316844 -3.2379702783125463e-08
   10.500000   3.02777863 -3.3168426060199690e-08
   10.500000   3.09200950 -3.3613730366702697e-08
   10.600000   0.04958315 -2.8107956726476444e-08
   10.600000   0.11381403 -2.7708889806093040e-08
   10.600000   0.17842421 -2.7002013633999430e-08
   10.600000   0.24312010 -2.6005624123095798e-08
   10.600000   0.30784849 -2.4745236979495480e-08
   10.600000   0.37259260 -2.3252335776702603e-08
   10.600000   0.43734549 -2.1563030804992325e-08
   10.600000   0.50210377 -1.9716617263578297e-08
   10.600000   0.56686560 -1.7754118923034758e-08
   10.600000   0.63162987 -1.5716902614316504e-08
   10.600000   0.69639591 -1.3645435446730747e-08
   10.600000   0.76116325 -1.1578237951390736e-08
   10.600000   0.82593158 -9.5510654484687886e-09
   10.600000   0.89070068 -7.5963293634200134e-09
   10.600000   0.95547037 -5.7427518517307084e-09
   10.600000   1.02024053 -4.0152322571568654e-09
   10.600000   1.08501108 -2.4348932493428839e-09
   10.600000   1.14978193 -1.0192680579879443e-09
   10.600000   1.21455301  2.1741237092934754e-10
   10.600000   1.27932429  1.2638728726747736e-09
   10.600000   1.34409571  2.1114258287162317e-09
   10.600000   1.40886724  2.7536142652405758e-09
   10.600000   1.47363885  3.1858939408850090e-09
   10.600000   1.53841049  3.4053763089386032e-09
   10.600000   1.60318216  3.4106484960547508e-09
   10.600000   1.66795381  3.2016808647310440e-09
   10.600000   1.73272541  2.7798273774541869e-09
   10.600000   1.79749694  2.1479187598308093e-09
   10.600000   1.86226837  1.3104432284384708e-09
   10.600000   1.92703964  2.7380420239142529e-10
   10.600000   1.99181073 -9.5336115334287866e-10
   10.600000   2.05658157 -2.3598244600183157e-09
   10.600000   2.12135212 -3.9313974003786327e-09
   10.600000   2.18612229 -5.6505848193659645e-09
   10.600000   2.25089198 -7.4962972862589586e-09
   10.600000   2.31566107 -9.4436637034589422e-09
   10.600000   2.38042940 -1.1463985146306110e-08
   10.600000   2.44519674 -1.3524868528790638e-08
   10.600000   2.50996278 -1.5590572238143687e-08
   10.600000   2.57472706 -1.7622585216429658e-08
   10.600000   2.63948889 -1.9580446101409905e-08
   10.600000   2.70424717 -2.1422790688909752e-08
   10.600000   2.76900006 -2.3108595376641537e-08
   10.600000   2.83374417 -2.4598563371984088e-08
   10.600000   2.89847256 -2.5856581715505033e-08
   10.600000   2.96316844 -2.6851163728052299e-08
   10.600000   3.02777863 -2.7556790709593377e-08
   10.600000   3.09200950 -2.7955164111149775e-08
   10.700000   0.04958315 -2.3175209396944370e-08
   10.700000   0.11381403 -2.2818131237707576e-08
   10.700000   0.17842421 -2.2185605821419092e-08
   10.700000   0.24312010 -2.1293964390187101e-08
   10.700000   0.30784849 -2.0165987006416403e-08
   10.700000   0.37259260 -1.8829788272505963e-08
   10.700000   0.43734549 -1.7317623761551212e-08
   10.700000   0.50210377 -1.5664606176097443e-08
   10.700000   0.56686560 -1.3907407636287653e-08
   10.700000   0.63162987 -1.2083023972018985e-08
   10.700000   0.69639591 -1.0227665057617009e-08
   10.700000   0.76116325 -8.3758187169249178e-09
   10.700000   0.82593158 -6.5595172199087820e-09
   10.700000   0.89070068 -4.8078171380508007e-09
   10.700000   0.95547037 -3.1464869803045970e-09
   10.700000   1.02024053 -1.5978837819698661e-09
   10.700000   1.08501108 -1.8099025860599460e-10
   10.700000   1.14978193  1.0884216950642490e-09
   10.700000   1.21455301  2.1975377623249530e-09
   10.700000   1.27932429  3.1361943752680730e-09
   10.700000   1.34409571  3.8965518874524066e-09
   10.700000   1.40886724  4.4727773231523253e-09
   10.700000   1.47363885  4.8607614869141530e-09
   10.700000   1.53841049  5.0578900717338796e-09
   10.700000   1.60318216  5.0628832719068474e-09
   10.700000   1.66795381  4.8757134067636703e-09
   10.700000   1.73272541  4.4976052541358707e-09
   10.700000   1.79749694  3.9311190821983789e-09
   10.700000   1.86226837  3.1803116805229219e-09
   10.700000   1.92703964  2.2509658651370905e-09
   10.700000   1.99181073  1.1508739417298125e-09
   10.700000   2.05658157 -1.0984452735133257e-10
   10.700000   2.12135212 -1.5184154462294455e-09
   10.700000   2.18612229 -3.0591029965831411e-09
   10.700000   2.25089198 -4.7129561323513727e-09
   10.700000   2.31566107 -6.4576449322604864e-09
   10.700000   2.38042940 -8.2674234202457300e-09
   10.700000   2.44519674 -1.0113253078413000e-08
   10.700000   2.50996278 -1.1963115436899006e-08
   10.700000   2.57472706 -1.3782532567412393e-08
   10.700000   2.63948889 -1.5535301036371346e-08
   10.700000   2.70424717 -1.7184428534628354e-08
   10.700000   2.76900006 -1.8693244131185977e-08
   10.700000   2.83374417 -2.0026634600725901e-08
   10.700000   2.89847256 -2.1152342744716717e-08
   10.700000   2.96316844 -2.2042251801099499e-08
   10.700000   3.02777863 -2.2673579502790876e-08
   10.700000   3.09200950 -2.3029992560687245e-08
   10.800000   0.04958315 -1.8889440008439376e-08
   10.800000   0.11381403 -1.8569909197002067e-08
   10.800000   0.17842421 -1.8003873386739957e-08
   10.800000   0.24312010 -1.7205912359660616e-08
   10.800000   0.30784849 -1.6196366809143472e-08
   10.800000   0.37259260 -1.5000346326403445e-08
   10.800000   0.43734549 -1.3646666901192087e-08
   10.800000   0.50210377 -1.2166707479295047e-08
   10.800000   0.56686560 -1.0593253373059453e-08
   10.800000   0.63162987 -8.9593939756201990e-09
   10.800000   0.69639591 -7.2975318410467806e-09
   10.800000   0.76116325 -5.6385455813430562e-09
   10.800000   0.82593158 -4.0111326593798572e-09
   10.800000   0.89070068 -2.4413419385121570e-09
   10.800000   0.95547037 -9.5229130973109296e-10
   10.800000   1.02024053  4.3594611391243797e-10
   10.800000   1.08501108  1.7063123178435472e-09
   10.800000   1.14978193  2.8446215750687769e-09
   10.800000   1.21455301  3.8393370434124771e-09
   10.800000   1.27932429  4.6812990062452666e-09
   10.800000   1.34409571  5.3634347363512645e-09
   10.800000   1.40886724  5.8804764469832815e-09
   10.800000   1.47363885  6.2287095300070702e-09
   10.800000   1.53841049  6.4057687054885273e-09
   10.800000   1.60318216  6.4104951140019805e-09
   10.800000   1.66795381  6.2428628992530478e-09
   10.800000   1.73272541  5.9039795111463650e-09
   10.800000   1.79749694  5.3961597195110818e-09
   10.800000   1.86226837  4.7230691076344006e-09
   10.800000   1.92703964  3.8899284791586757e-09
   10.800000   1.99181073  2.9037661436885079e-09
   10.800000   2.05658157  1.7737004349270799e-09
   10.800000   2.12135212  5.1123025625582044e-10
   10.800000   2.18612229 -8.6949282748229730e-10
   10.800000   2.25089198 -2.3514409476408463e-09
   10.800000   2.31566107 -3.9145669782478845e-09
   10.800000   2.38042940 -5.5357748276151932e-09
   10.800000   2.44519674 -7.1890333280980348e-09
   10.800000   2.50996278 -8.8456588059175763e-09
   10.800000   2.57472706 -1.0474782835198899e-08
   10.800000   2.63948889 -1.2044009843188354e-08
   10.800000   2.70424717 -1.3520254686330580e-08
   10.800000   2.76900006 -1.4870734092563791e-08
   10.800000   2.83374417 -1.6064069495428174e-08
   10.800000   2.89847256 -1.7071444167529700e-08
   10.800000   2.96316844 -1.7867747168769449e-08
   10.800000   3.02777863 -1.8432636277603561e-08
   10.800000   3.09200950 -1.8751530175036073e-08
   10.900000   0.04958315 -1.5173791021511974e-08
   10.900000   0.11381403 -1.4887838569133645e-08
   10.900000   0.17842421 -1.4381266900775838e-08
   10.900000   0.24312010 -1.3667094088682860e-08
   10.900000   0.30784849 -1.2763485228292751e-08
   10.900000   0.37259260 -1.1692869055516727e-08
   10.900000   0.43734549 -1.0480991904567232e-08
   10.900000   0.50210377 -9.1558990886497919e-09
   10.900000   0.56686560 -7.7469038880337114e-09
   10.900000   0.63162987 -6.2836041285883502e-09
   10.900000   0.69639591 -4.7949971997776357e-09
   10.900000   0.76116325 -3.3087314292523325e-09
   10.900000   0.82593158 -1.8505172488604256e-09
   10.900000   0.89070068 -4.4370715970957898e-10
   10.900000   0.95547037  8.9095941470464924e-10
   10.900000   1.02024053  2.1354608803752031e-09
   10.900000   1.08501108  3.2744700011090968e-09
   10.900000   1.14978193  4.2952291212997055e-09
   10.900000   1.21455301  5.1873530376750060e-09
   10.900000   1.27932429  5.9425882421087806e-09
   10.900000   1.34409571  6.5545553104545558e-09
   10.900000   1.40886724  7.0184981107088650e-09
   10.900000   1.47363885  7.3310597135131364e-09
   10.900000   1.53841049  7.4901008249469553e-09
   10.900000   1.60318216  7.4945724390638307e-09
   10.900000   1.66795381  7.3444503996628833e-09
   10.900000   1.73272541  7.0407356768495582e-09
   10.900000   1.79749694  6.5855203470825012e-09
   10.900000   1.86226837  5.9821154720097870e-09
   10.900000   1.92703964  5.2352331754602819e-09
   10.900000   1.99181073  4.3512112069282720e-09
   10.900000   2.05658157  3.3382641630655631e-09
   10.900000   2.12135212  2.2067414728332565e-09
   10.900000   2.18612229  9.6936845822352655e-10
   10.900000   2.25089198 -3.5855631344844913e-10
   10.900000   2.31566107 -1.7590361205223439e-09
   10.900000   2.38042940 -3.2113525818059768e-09
   10.900000   2.44519674 -4.6921704752024980e-09
   10.900000   2.50996278 -6.1757930595020119e-09
   10.900000   2.57472706 -7.6345823703831152e-09
   10.900000   2.63948889 -9.0395484101255429e-09
   10.900000   2.70424717 -1.0361098185418390e-08
   10.900000   2.76900006 -1.1569921158743407e-08
   10.900000   2.83374417 -1.2637973152876841e-08
   10.900000   2.89847256 -1.3539507846739269e-08
   10.900000   2.96316844 -1.4252095844833682e-08
   10.900000   3.02777863 -1.4757571103645376e-08
   10.900000   3.09200950 -1.5042914452021809e-08
   11.000000   0.04958315 -1.1960137012883424e-08
   11.000000   0.11381403 -1.1704215750568839e-08
   11.000000   0.17842421 -1.1250829002177480e-08
   11.000000   0.24312010 -1.0611602058541023e-08
   11.000000   0.30784849 -9.8027593102458441e-09
   11.000000   0.37259260 -8.8443374241368917e-09
   11.000000   0.43734549 -7.7593428003812379e-09
   11.000000   0.50210377 -6.5728439641718508e-09
   11.000000   0.56686560 -5.3110523268266821e-09
   11.000000   0.63162987 -4.0004446841346491e-09
   11.000000   0.69639591 -2.6669727502752708e-09
   11.000000   0.76116325 -1.3353936257716801e-09
   11.000000   0.82593158 -2.8742223177152980e-11
   11.000000   0.89070068  1.2320461076152599e-09
   11.000000   0.95547037  2.4283660379210768e-09
   11.000000   1.02024053  3.5440385187363180e-09
   11.000000   1.08501108  4.5652924442797942e-09
   11.000000   1.14978193  5.4806556105953472e-09
   11.000000   1.21455301  6.2807807230041316e-09
   11.000000   1.27932429  6.9582320587519453e-09
   11.000000   1.34409571  7.5072566926116771e-09
   11.000000   1.40886724  7.9235614624001739e-09
   11.000000   1.47363885  8.2041134883848456e-09
   11.000000   1.53841049  8.3469784312259490e-09
   11.000000   1.60318216  8.3512070009390200e-09
   11.000000   1.66795381  8.2167766268139595e-09
   11.000000   1.73272541  7.9445917076902650e-09
   11.000000   1.79749694  7.5365424373735781e-09
   11.000000   1.86226837  6.9956187788340730e-09
   11.000000   1.92703964  6.3260726698163257e-09
   11.000000   1.99181073  5.5336179351839784e-09
   11.000000   2.05658157  4.6256537153478399e-09
   11.000000   2.12135212  3.6114935802772769e-09
   11.000000   2.18612229  2.5025791466558999e-09
   11.000000   2.25089198  1.3126542773446725e-09
   11.000000   2.31566107  5.7874247842825524e-11
   11.000000   2.38042940 -1.2431758822651354e-09
   11.000000   2.44519674 -2.5695775814727158e-09
   11.000000   2.50996278 -3.8983094550890697e-09
   11.000000   2.57472706 -5.2046248488377108e-09
   11.000000   2.63948889 -6.4625797340801884e-09
   11.000000   2.70424717 -7.6457026097590758e-09
   11.000000   2.76900006 -8.7277853773353702e-09
   11.000000   2.83374417 -9.6837612766112606e-09
   11.000000   2.89847256 -1.0490624551544768e-08
   11.000000   2.96316844 -1.1128338459530899e-08
   11.000000   3.02777863 -1.1580678155073744e-08
   11.000000   3.09200950 -1.1836017624531427e-08
   11.250000   0.04958315 -5.7428921605608532e-09
   11.250000   0.11381403 -5.5489041157301990e-09
   11.250000   0.17842421 -5.2052086419255844e-09
   11.250000   0.24312010 -4.7205717517071954e-09
   11.250000   0.30784849 -4.1072322806881348e-09
   11.250000   0.37259260 -3.3803122257864020e-09
   11.250000   0.43734549 -2.5571855002550261e-09
   11.250000   0.50210377 -1.6567971890444372e-09
   11.250000   0.56686560 -6.9897304897843118e-10
   11.250000   0.63162987  2.9624087377833113e-10
   11.250000   0.69639591  1.3091745291544403e-09
   11.250000   0.76116325  2.3210404646389931e-09
   11.250000   0.82593158  3.3143346895391935e-09
   11.250000   0.89070068  4.2731252753113453e-09
   11.250000   0.95547037  5.1832307712169411e-09
   11.250000   1.02024053  6.0322976444417785e-09
   11.250000   1.08501108  6.8097911712247993e-09
   11.250000   1.14978193  7.5069175216767320e-09
   11.250000   1.21455301  8.1164962784996939e-09
   11.250000   1.27932429  8.6328026077357404e-09
   11.250000   1.34409571  9.0513971034034465e-09
   11.250000   1.40886724  9.3689593348728275e-09
   11.250000   1.47363885  9.5831386172622718e-09
   11.250000   1.53841049  9.6924328192383275e-09
   11.250000   1.60318216  9.6961032331084907e-09
   11.250000   1.66795381  9.5941307976035851e-09
   11.250000   1.73272541  9.3872162973714262e-09
   11.250000   1.79749694  9.0768245295823472e-09
   11.250000   1.86226837  8.6652698191880890e-09
   11.250000   1.92703964  8.1558375775873245e-09
   11.250000   1.99181073  7.5529338748248063e-09
   11.250000   2.05658157  6.8622522073233392e-09
   11.250000   2.12135212  6.0909439244225010e-09
   11.250000   2.18612229  5.2477762858669210e-09
   11.250000   2.25089198  4.3432601101612047e-09
   11.250000   2.31566107  3.3897278009861905e-09
   11.250000   2.38042940  2.4013424925310238e-09
   11.250000   2.44519674  1.3940205845302904e-09
   11.250000   2.50996278  3.8525322026646141e-10
   11.250000   2.57472706 -6.0618247248591205e-10
   11.250000   2.63948889 -1.5606244741385577e-09
   11.250000   2.70424717 -2.4580327424198807e-09
   11.250000   2.76900006 -3.2785858015117634e-09
   11.250000   2.83374417 -4.0033414434014785e-09
   11.250000   2.89847256 -4.6149275465795093e-09
   11.250000   2.96316844 -5.0982231177917397e-09
   11.250000   3.02777863 -5.4409897892378399e-09
   11.250000   3.09200950 -5.6344615362983645e-09
   11.500000   0.04958315 -1.5350555039135729e-09
   11.500000   0.11381403 -1.3879462420369500e-09
   11.500000   0.17842421 -1.1272872614354184e-09
   11.500000   0.24312010 -7.5969378078993678e-10
   11.500000   0.30784849 -2.9440517645422543e-10
   11.500000   0.37259260  2.5715746678565603e-10
   11.500000   0.43734549  8.8186486540453728e-10
   11.500000   0.50210377  1.5653907016076008e-09
   11.500000   0.56686560  2.2927308171002151e-09
   11.500000   0.63162987  3.0487006222213483e-09
   11.500000   0.69639591  3.8183851960489977e-09
   11.500000   0.76116325  4.5875227606411843e-09
   11.500000   0.82593158  5.3428092884612017e-09
   11.500000   0.89070068  6.0721190929137650e-09
   11.500000   0.95547037  6.7646427130654120e-09
   11.500000   1.02024053  7.4109487665313579e-09
   11.500000   1.08501108  8.0029804141101802e-09
   11.500000   1.14978193  8.5339996291862014e-09
   11.500000   1.21455301  8.9984936629779310e-09
   11.500000   1.27932429  9.3920581367854623e-09
   11.500000   1.34409571  9.7112703578890922e-09
   11.500000   1.40886724  9.9535649810449077e-09
   11.500000   1.47363885  1.0117122288139433e-08
   11.500000   1.53841049  1.0200777316966606e-08
   11.500000   1.60318216  1.0203955967251656e-08
   11.500000   1.66795381  1.0126642126313646e-08
   11.500000   1.73272541  9.9693778288500078e-09
   11.500000   1.79749694  9.7332964383054276e-09
   11.500000   1.86226837  9.4201868476723172e-09
   11.500000   1.92703964  9.0325846436673679e-09
   11.500000   1.99181073  8.5738840996087823e-09
   11.500000   2.05658157  8.0484627638076261e-09
   11.500000   2.12135212  7.4618083654940526e-09
   11.500000   2.18612229  6.8206359038636449e-09
   11.500000   2.25089198  6.1329813250240838e-09
   11.500000   2.31566107  5.4082573446296453e-09
   11.500000   2.38042940  4.6572570248109036e-09
   11.500000   2.44519674  3.8920919090976530e-09
   11.500000   2.50996278  3.1260540724822355e-09
   11.500000   2.57472706  2.3733954130506025e-09
   11.500000   2.63948889  1.6490228872355049e-09
   11.500000   2.70424717  9.6811483561446368e-10
   11.500000   2.76900006  3.4567066248547022e-10
   11.500000   2.83374417 -2.0398680721928337e-10
   11.500000   2.89847256 -6.6773076071643581e-10
   11.500000   2.96316844 -1.0341417787156623e-09
   11.500000   3.02777863 -1.2939815334095902e-09
   11.500000   3.09200950 -1.4406352551020465e-09
   11.750000   0.04958315  1.2300808375712161e-09
   11.750000   0.11381403  1.3416908330459424e-09
   11.750000   0.17842421  1.5394640252903123e-09
   11.750000   0.24312010  1.8184045631048145e-09
   11.750000   0.30784849  2.1715324189997052e-09
   11.750000   0.37259260  2.5902157456244119e-09
   11.750000   0.43734549  3.0645264639105306e-09
   11.750000   0.50210377  3.5836244823628077e-09
   11.750000   0.56686560  4.1361484505622412e-09
   11.750000   0.63162987  4.7105907114578968e-09
   11.750000   0.69639591  5.2956372692679333e-09
   11.750000   0.76116325  5.8804581867459014e-09
   11.750000   0.82593158  6.4549390774784033e-09
   11.750000   0.89070068  7.0098496520549595e-09
   11.750000   0.95547037  7.5369501329017430e-09
   11.750000   1.02024053  8.0290403770007873e-09
   11.750000   1.08501108  8.4799595822706169e-09
   11.750000   1.14978193  8.8845463954977510e-09
   11.750000   1.21455301  9.2385701939535822e-09
   11.750000   1.27932429  9.5386443941403959e-09
   11.750000   1.34409571  9.7821320385065035e-09
   11.750000   1.40886724  9.9670528383940111e-09
   11.750000   1.47363885  1.0091999472823628e-08
   11.750000   1.53841049  1.0156069408360853e-08
   11.750000   1.60318216  1.0158816909861665e-08
   11.750000   1.66795381  1.0100228346622192e-08
   11.750000   1.73272541  9.9807223137268449e-09
   11.750000   1.79749694  9.8011745810544726e-09
   11.750000   1.86226837  9.5629663205332683e-09
   11.750000   1.92703964  9.2680525223665775e-09
   11.750000   1.99181073  8.9190459149314274e-09
   11.750000   2.05658157  8.5193101222400557e-09
   11.750000   2.12135212  8.0730542535641100e-09
   11.750000   2.18612229  7.5854197467612624e-09
   11.750000   2.25089198  7.0625492015503097e-09
   11.750000   2.31566107  6.5116263512592690e-09
   11.750000   2.38042940  5.9408763989500766e-09
   11.750000   2.44519674  5.3595168916941268e-09
   11.750000   2.50996278  4.7776512669591079e-09
   11.750000   2.57472706  4.2061002238298056e-09
   11.750000   2.63948889  3.6561701190309111e-09
   11.750000   2.70424717  3.1393624262764329e-09
   11.750000   2.76900006  2.6670336064765396e-09
   11.750000   2.83374417  2.2500199830309936e-09
   11.750000   2.89847256  1.8982468144956176e-09
   11.750000   2.96316844  1.6203439131705881e-09
   11.750000   3.02777863  1.4232899212600484e-09
   11.750000   3.09200950  1.3120799582156464e-09
   12.000000   0.04958315  2.9684347815262662e-09
   12.000000   0.11381403  3.0531509568870080e-09
   12.000000   0.17842421  3.2032785355387977e-09
   12.000000   0.24312010  3.4150419529888021e-09
   12.000000   0.30784849  3.6831644280291884e-09
   12.000000   0.37259260  4.0011178779768399e-09
   12.000000   0.43734549  4.3613902253260424e-09
   12.000000   0.50210377  4.7557744772527124e-09
   12.000000   0.56686560  5.1756630646298658e-09
   12.000000   0.63162987  5.6123307022885420e-09
   12.000000   0.69639591  6.0571913302682011e-09
   12.000000   0.76116325  6.5020181220032922e-09
   12.000000   0.82593158  6.9391194412468684e-09
   12.000000   0.89070068  7.3614675954799955e-09
   12.000000   0.95547037  7.7627808695364677e-09
   12.000000   1.02024053  8.1375623669176733e-09
   12.000000   1.08501108  8.4811014825948552e-09
   12.000000   1.14978193  8.7894453342865386e-09
   12.000000   1.21455301  9.0593482178783960e-09
   12.000000   1.27932429  9.2882072523333351e-09
   12.000000   1.34409571  9.4739919517607425e-09
   12.000000   1.40886724  9.6151746764403657e-09
   12.000000   1.47363885  9.7106678735652747e-09
   12.000000   1.53841049  9.7597728906839575e-09
   12.000000   1.60318216  9.7621439124955504e-09
   12.000000   1.66795381  9.7177693959661833e-09
   12.000000   1.73272541  9.6269721687291799e-09
   12.000000   1.79749694  9.4904281965654900e-09
   12.000000   1.86226837  9.3092028361562144e-09
   12.000000   1.92703964  9.0848022131102070e-09
   12.000000   1.99181073  8.8192361542076538e-09
   12.000000   2.05658157  8.5150878987274095e-09
   12.000000   2.12135212  8.1755846714048558e-09
   12.000000   2.18612229  7.8046621579823195e-09
   12.000000   2.25089198  7.4070151486419725e-09
   12.000000   2.31566107  6.9881261735205068e-09
   12.000000   2.38042940  6.5542640707115306e-09
   12.000000   2.44519674  6.1124451500525086e-09
   12.000000   2.50996278  5.6703511369065737e-09
   12.000000   2.57472706  5.2362003644029804e-09
   12.000000   2.63948889  4.8185717357274262e-09
   12.000000   2.70424717  4.4261846162602470e-09
   12.000000   2.76900006  4.0676417709367523e-09
   12.000000   2.83374417  3.7511463821887586e-09
   12.000000   2.89847256  3.4842075820853454e-09
   12.000000   2.96316844  3.2733512506886875e-09
   12.000000   3.02777863  3.1238526157700815e-09
   12.000000   3.09200950  3.0394863530028901e-09
   12.250000   0.04958315  3.9841036684438838e-09
   12.250000   0.11381403  4.0484364044487761e-09
   12.250000   0.17842421  4.1624494048603425e-09
   12.250000   0.24312010  4.3232873917237857e-09
   12.250000   0.30784849  4.5269585820871348e-09
   12.250000   0.37259260  4.7685227939391960e-09
   12.250000   0.43734549  5.0422925809886610e-09
   12.250000   0.50210377  5.3420509255033808e-09
   12.250000   0.56686560  5.6612731374306130e-09
   12.250000   0.63162987  5.9933403927009620e-09
   12.250000   0.69639591  6.3317340437248992e-09
   12.250000   0.76116325  6.6702023742557640e-09
   12.250000   0.82593158  7.0028943737690003e-09
   12.250000   0.89070068  7.3244580792930682e-09
   12.250000   0.95547037  7.6301037597655126e-09
   12.250000   1.02024053  7.9156345137063038e-09
   12.250000   1.08501108  8.1774486021156419e-09
   12.250000   1.14978193  8.4125189784749187e-09
   12.250000   1.21455301  8.6183560734938633e-09
   12.250000   1.27932429  8.7929599731011935e-09
   12.250000   1.34409571  8.9347678363528234e-09
   12.250000   1.40886724  9.0426018148850150e-09
   12.250000   1.47363885  9.1156219703660765e-09
   12.250000   1.53841049  9.1532878131341078e-09
   12.250000   1.60318216  9.1553311905507433e-09
   12.250000   1.66795381  9.1217423193284509e-09
   12.250000   1.73272541  9.0527698666221616e-09
   12.250000   1.79749694  8.9489350752426584e-09
   12.250000   1.86226837  8.8110590338012742e-09
   12.250000   1.92703964  8.6403012857357501e-09
   12.250000   1.99181073  8.4382070547935280e-09
   12.250000   2.05658157  8.2067594575186339e-09
   12.250000   2.12135212  7.9484322007853037e-09
   12.250000   2.18612229  7.6662375033768592e-09
   12.250000   2.25089198  7.3637633943888100e-09
   12.250000   2.31566107  7.0451942407902085e-09
   12.250000   2.38042940  6.7153084517303377e-09
   12.250000   2.44519674  6.3794478911207837e-09
   12.250000   2.50996278  6.0434546819702810e-09
   12.250000   2.57472706  5.7135728307264984e-09
   12.250000   2.63948889  5.3963143952611122e-09
   12.250000   2.70424717  5.0982926592994475e-09
   12.250000   2.76900006  4.8260277368598996e-09
   12.250000   2.83374417  4.5857329430788985e-09
   12.250000   2.89847256  4.3830928010796395e-09
   12.250000   2.96316844  4.2230452630578239e-09
   12.250000   3.02777863  4.1095805032245257e-09
   12.250000   3.09200950  4.0455528421407974e-09
   12.500000   0.04958315  4.4984287916182245e-09
   12.500000   0.11381403  4.5473055280276700e-09
   12.500000   0.17842421  4.6339321538874604e-09
   12.500000   0.24312010  4.7561479487793690e-09
   12.500000   0.30784849  4.9109312853768742e-09
   12.500000   0.37259260  5.0945413392982339e-09
   12.500000   0.43734549  5.3026695708809372e-09
   12.500000   0.50210377  5.5306037980394532e-09
   12.500000   0.56686560  5.7733956162046586e-09
   12.500000   0.63162987  6.0260217148251519e-09
   12.500000   0.69639591  6.2835309116386856e-09
   12.500000   0.76116325  6.5411706011625306e-09
   12.500000   0.82593158  6.7944884854028642e-09
   12.500000   0.89070068  7.0394076832949158e-09
   12.500000   0.95547037  7.2722753622301969e-09
   12.500000   1.02024053  7.4898867719548267e-09
   12.500000   1.08501108  7.6894878844894092e-09
   12.500000   1.14978193  7.8687607281072141e-09
   12.500000   1.21455301  8.0257959559444000e-09
   12.500000   1.27932429  8.1590572765399126e-09
   12.500000   1.34409571  8.2673421615591207e-09
   12.500000   1.40886724  8.3497428191490916e-09
   12.500000   1.47363885  8.4056108424665239e-09
   12.500000   1.53841049  8.4345282976246625e-09
   12.500000   1.60318216  8.4362873245033620e-09
   12.500000   1.66795381  8.4108796253379480e-09
   12.500000   1.73272541  8.3584965295227897e-09
   12.500000   1.79749694  8.2795396320658541e-09
   12.500000   1.86226837  8.1746413215528760e-09
   12.500000   1.92703964  8.0446938098749271e-09
   12.500000   1.99181073  7.8908846004676720e-09
   12.500000   2.05658157  7.7147356211991485e-09
   12.500000   2.12135212  7.5181426112661857e-09
   12.500000   2.18612229  7.3034107732998791e-09
   12.500000   2.25089198  7.0732822718425731e-09
   12.500000   2.31566107  6.8309509524464224e-09
   12.500000   2.38042940  6.5800597322301719e-09
   12.500000   2.44519674  6.3246765817523021e-09
   12.500000   2.50996278  6.0692458897658248e-09
   12.500000   2.57472706  5.8185133312518532e-09
   12.500000   2.63948889  5.5774240995367619e-09
   12.500000   2.70424717  5.3509964073347171e-09
   12.500000   2.76900006  5.1441743936567479e-09
   12.500000   2.83374417  4.9616667379189557e-09
   12.500000   2.89847256  4.8077791773590044e-09
   12.500000   2.96316844  4.6862503658860832e-09
   12.500000   3.02777863  4.6001003446780791e-09
   12.500000   3.09200950  4.5514888654716474e-09
   12.750000   0.04958315  4.6716440402539755e-09
   12.750000   0.11381403  4.7087957351900835e-09
   12.750000   0.17842421  4.7746453877397159e-09
   12.750000   0.24312010  4.8675568484838784e-09
   12.750000   0.30784849  4.9852414498587139e-09
   12.750000   0.37259260  5.1248648554217118e-09
   12.750000   0.43734549  5.2831612434843481e-09
   12.750000   0.50210377  5.4565570684863104e-09
   12.750000   0.56686560  5.6412974701936546e-09
   12.750000   0.63162987  5.8335682223061685e-09
   12.750000   0.69639591  6.0296070589994700e-09
   12.750000   0.76116325  6.2257996004181551e-09
   12.750000   0.82593158  6.4187567397359778e-09
   12.750000   0.89070068  6.6053720075958736e-09
   12.750000   0.95547037  6.7828589843114865e-09
   12.750000   1.02024053  6.9487701275331594e-09
   12.750000   1.08501108  7.1009994073295663e-09
   12.750000   1.14978193  7.2377717948586143e-09
   12.750000   1.21455301  7.3576230257028792e-09
   12.750000   1.27932429  7.4593731180366094e-09
   12.750000   1.34409571  7.5420969891664239e-09
   12.750000   1.40886724  7.6050951871072237e-09
   12.750000   1.47363885  7.6478673301563837e-09
   12.750000   1.53841049  7.6700903604341390e-09
   12.750000   1.60318216  7.6716031834430272e-09
   12.750000   1.66795381  7.6523987560770860e-09
   12.750000   1.73272541  7.6126241377498507e-09
   12.750000   1.79749694  7.5525885085944208e-09
   12.750000   1.86226837  7.4727786291009542e-09
   12.750000   1.92703964  7.3738806861810682e-09
   12.750000   1.99181073  7.2568069468536049e-09
   12.750000   2.05658157  7.1227251107470808e-09
   12.750000   2.12135212  6.9730877757289265e-09
   12.750000   2.18612229  6.8096589833558480e-09
   12.750000   2.25089198  6.6345345173307433e-09
   12.750000   2.31566107  6.4501524528687398e-09
   12.750000   2.38042940  6.2592905566301206e-09
   12.750000   2.44519674  6.0650474713533998e-09
   12.750000   2.50996278  5.8708053070354805e-09
   12.750000   2.57472706  5.6801722625713782e-09
   12.750000   2.63948889  5.4969052164860139e-09
   12.750000   2.70424717  5.3248137644304188e-09
   12.750000   2.76900006  5.1676488517426016e-09
   12.750000   2.83374417  5.0289807763705448e-09
   12.750000   2.89847256  4.9120727337962800e-09
   12.750000   2.96316844  4.8197570060381023e-09
   12.750000   3.02777863  4.7543207452990677e-09
   12.750000   3.09200950  4.7173991605030125e-09
   13.000000   0.04958315  4.6189782673370807e-09
   13.000000   0.11381403  4.6472311460108903e-09
   13.000000   0.17842421  4.6973109013557512e-09
   13.000000   0.24312010  4.7679778419013778e-09
   13.000000   0.30784849  4.8574974248238207e-09
   13.000000   0.37259260  4.9637208874769340e-09
   13.000000   0.43734549  5.0841713847027283e-09
   13.000000   0.50210377  5.2161374163778057e-09
   13.000000   0.56686560  5.3567683393956440e-09
   13.000000   0.63162987  5.5031666176974530e-09
   13.000000   0.69639591  5.6524721587842179e-09
   13.000000   0.76116325  5.8019351187069266e-09
   13.000000   0.82593158  5.9489747889044005e-09
   13.000000   0.89070068  6.0912234100536928e-09
   13.000000   0.95547037  6.2265549398704758e-09
   13.000000   1.02024053  6.3530997743451946e-09
   13.000000   1.08501108  6.4692472026876183e-09
   13.000000   1.14978193  6.5736378765325347e-09
   13.000000   1.21455301  6.6651488659192414e-09
   13.000000   1.27932429  6.7428739285850110e-09
   13.000000   1.34409571  6.8061015160877240e-09
   13.000000   1.40886724  6.8542928091878296e-09
   13.000000   1.47363885  6.8870617505704938e-09
   13.000000   1.53841049  6.9041586744168251e-09
   13.000000   1.60318216  6.9054587366467335e-09
   13.000000   1.66795381  6.8909559553356461e-09
   13.000000   1.73272541  6.8607632499714904e-09
   13.000000   1.79749694  6.8151184906605848e-09
   13.000000   1.86226837  6.7543961468137443e-09
   13.000000   1.92703964  6.6791237385629380e-09
   13.000000   1.99181073  6.5900018797476552e-09
   13.000000   2.05658157  6.4879263132141338e-09
   13.000000   2.12135212  6.3740099694200786e-09
   13.000000   2.18612229  6.2496027517659848e-09
   13.000000   2.25089198  6.1163065307261624e-09
   13.000000   2.31566107  5.9759827099038760e-09
   13.000000   2.38042940  5.8307498002388425e-09
   13.000000   2.44519674  5.6829687126538925e-09
   13.000000   2.50996278  5.5352139964170672e-09
   13.000000   2.57472706  5.3902300186117345e-09
   13.000000   2.63948889  5.2508720635456821e-09
   13.000000   2.70424717  5.1200335024945116e-09
   13.000000   2.76900006  5.0005614296872487e-09
   13.000000   2.83374417  4.8951643775219587e-09
   13.000000   2.89847256  4.8063167713389977e-09
   13.000000   2.96316844  4.7361654680556173e-09
   13.000000   3.02777863  4.6864435946279885e-09
   13.000000   3.09200950  4.6583899517979239e-09
   13.250000   0.04958315  4.4226142787474624e-09
   13.250000   0.11381403  4.4441101711148376e-09
   13.250000   0.17842421  4.4822148863015556e-09
   13.250000   0.24312010  4.5359885663274870e-09
   13.250000   0.30784849  4.6041158622442185e-09
   13.250000   0.37259260  4.6849668307649261e-09
   13.250000   0.43734549  4.7766619651718425e-09
   13.250000   0.50210377  4.8771427754804174e-09
   13.250000   0.56686560  4.9842440042636208e-09
   13.250000   0.63162987  5.0957634573226946e-09
   13.250000   0.69639591  5.2095259267366821e-09
   13.250000   0.76116325  5.3234384751948435e-09
   13.250000   0.82593158  5.4355352580940754e-09
   13.250000   0.89070068  5.5440109917929399e-09
   13.250000   0.95547037  5.6472430679088538e-09
   13.250000   1.02024053  5.7438030413492402e-09
   13.250000   1.08501108  5.8324588269111983e-09
   13.250000   1.14978193  5.9121693033010897e-09
   13.250000   1.21455301  5.9820732707605521e-09
   13.250000   1.27932429  6.0414747344649601e-09
   13.250000   1.34409571  6.0898264326345453e-09
   13.250000   1.40886724  6.1267133407849926e-09
   13.250000   1.47363885  6.1518376484002135e-09
   13.250000   1.53841049  6.1650064317772579e-09
   13.250000   1.60318216  6.1661229332257350e-09
   13.250000   1.66795381  6.1551820676888071e-09
   13.250000   1.73272541  6.1322704564224579e-09
   13.250000   1.79749694  6.0975709902777045e-09
   13.250000   1.86226837  6.0513716166862513e-09
   13.250000   1.92703964  5.9940777319892933e-09
   13.250000   1.99181073  5.9262272672536087e-09
   13.250000   2.05658157  5.8485072410478718e-09
   13.250000   2.12135212  5.7617702855330993e-09
   13.250000   2.18612229  5.6670494075968057e-09
   13.250000   2.25089198  5.5655690754276825e-09
   13.250000   2.31566107  5.4587506417160602e-09
   13.250000   2.38042940  5.3482101755956798e-09
   13.250000   2.44519674  5.2357469865207206e-09
   13.250000   2.50996278  5.1233215193798157e-09
   13.250000   2.57472706  5.0130218834179424e-09
   13.250000   2.63948889  4.9070190229784231e-09
   13.250000   2.70424717  4.8075114165766074e-09
   13.250000   2.76900006  4.7166611341917138e-09
   13.250000   2.83374417  4.6365239839365992e-09
   13.250000   2.89847256  4.5689772727011625e-09
   13.250000   2.96316844  4.5156492006726984e-09
   13.250000   3.02777863  4.4778538146490553e-09
   13.250000   3.09200950  4.4565301475293362e-09
   13.500000   0.04958315  4.1405559827152633e-09
   13.500000   0.11381403  4.1569187862682917e-09
   13.500000   0.17842421  4.1859258632563962e-09
   13.500000   0.24312010  4.2268642566226579e-09
   13.500000   0.30784849  4.2787359364876639e-09
   13.500000   0.37259260  4.3403038240071359e-09
   13.500000   0.43734549  4.4101409236671375e-09
   13.500000   0.50210377  4.4866836818657707e-09
   13.500000   0.56686560  4.5682866280773930e-09
   13.500000   0.63162987  4.6532752614643234e-09
   13.500000   0.69639591  4.7399945334856994e-09
   13.500000   0.76116325  4.8268508437762695e-09
   13.500000   0.82593158  4.9123461688575565e-09
   13.500000   0.89070068  4.9951036326872183e-09
   13.500000   0.95547037  5.0738844980924107e-09
   13.500000   1.02024053  5.1475971238014899e-09
   13.500000   1.08501108  5.2152988692214788e-09
   13.500000   1.14978193  5.2761922343566808e-09
   13.500000   1.21455301  5.3296166908339172e-09
   13.500000   1.27932429  5.3750376995685390e-09
   13.500000   1.34409571  5.4120343614223469e-09
   13.500000   1.40886724  5.4402870220654299e-09
   13.500000   1.47363885  5.4595659633597878e-09
   13.500000   1.53841049  5.4697221104039471e-09
   13.500000   1.60318216  5.4706804589582921e-09
   13.500000   1.66795381  5.4624366838999813e-09
   13.500000   1.73272541  5.4450571675929770e-09
   13.500000   1.79749694  5.4186824461935325e-09
   13.500000   1.86226837  5.3835338390498847e-09
   13.500000   1.92703964  5.3399227935123591e-09
   13.500000   1.99181073  5.2882622445218252e-09
   13.500000   2.05658157  5.2290790565966707e-09
   13.500000   2.12135212  5.1630264197714213e-09
   13.500000   2.18612229  5.0908948672735903e-09
   13.500000   2.25089198  5.0136204816491611e-09
   13.500000   2.31566107  4.9322887797806471e-09
   13.500000   2.38042940  4.8481328309472644e-09
   13.500000   2.44519674  4.7625243139678487e-09
   13.500000   2.50996278  4.6769565350105382e-09
   13.500000   2.57472706  4.5930188561234216e-09
   13.500000   2.63948889  4.5123625650340721e-09
   13.500000   2.70424717  4.4366588676098653e-09
   13.500000   2.76900006  4.3675503943557765e-09
   13.500000   2.83374417  4.3065982967542221e-09
   13.500000   2.89847256  4.2552275886305634e-09
   13.500000   2.96316844  4.2146737741474463e-09
   13.500000   3.02777863  4.1859337007211987e-09
   13.500000   3.09200950  4.1697195708046762e-09
   13.750000   0.04958315  3.8131910012947424e-09
   13.750000   0.11381403  3.8256524922221000e-09
   13.750000   0.17842421  3.8477446748528223e-09
   13.750000   0.24312010  3.8789264100083122e-09
   13.750000   0.30784849  3.9184400156779301e-09
   13.750000   0.37259260  3.9653460770936844e-09
   13.750000   0.43734549  4.0185605926110529e-09
   13.750000   0.50210377  4.0768953417024194e-09
   13.750000   0.56686560  4.1390992531355299e-09
   13.750000   0.63162987  4.2038984864595462e-09
   13.750000   0.69639591  4.2700332188862012e-09
   13.750000   0.76116325  4.3362895645911603e-09
   13.750000   0.82593158  4.4015255696826498e-09
   13.750000   0.89070068  4.4646907492167878e-09
   13.750000   0.95547037  4.5248391431209146e-09
   13.750000   1.02024053  4.5811362891831000e-09
   13.750000   1.08501108  4.6328608426671385e-09
   13.750000   1.14978193  4.6794018183472580e-09
   13.750000   1.21455301  4.7202525408847737e-09
   13.750000   1.27932429  4.7550024428421201e-09
   13.750000   1.34409571  4.7833278014237565e-09
   13.750000   1.40886724  4.8049824165824079e-09
   13.750000   1.47363885  4.8197890922450660e-09
   13.750000   1.53841049  4.8276326313603739e-09
   13.750000   1.60318216  4.8284548734230704e-09
   13.750000   1.66795381  4.8222521376548251e-09
   13.750000   1.73272541  4.8090752455524015e-09
   13.750000   1.79749694  4.7890321250261917e-09
   13.750000   1.86226837  4.7622928158536218e-09
   13.750000   1.92703964  4.7290965200511019e-09
   13.750000   1.99181073  4.6897601605904519e-09
   13.750000   2.05658157  4.6446877441831238e-09
   13.750000   2.12135212  4.5943796607583970e-09
   13.750000   2.18612229  4.5394409177700184e-09
   13.750000   2.25089198  4.4805872171674550e-09
   13.750000   2.31566107  4.4186477393410995e-09
   13.750000   2.38042940  4.3545635406419310e-09
   13.750000   2.44519674  4.2893805936530226e-09
   13.750000   2.50996278  4.2242367428440164e-09
   13.750000   2.57472706  4.1603421672401996e-09
   13.750000   2.63948889  4.0989533855355286e-09
   13.750000   2.70424717  4.0413413326019789e-09
   13.750000   2.76900006  3.9887545639855832e-09
   13.750000   2.83374417  3.9423791632812863e-09
   13.750000   2.89847256  3.9032973626521112e-09
   13.750000   2.96316844  3.8724471656190114e-09
   13.750000   3.02777863  3.8505851909637815e-09
   13.750000   3.09200950  3.8382518954589061e-09
   14.000000   0.04958315  3.4681375914171670e-09
   14.000000   0.11381403  3.4776325441993129e-09
   14.000000   0.17842421  3.4944663871749847e-09
   14.000000   0.24312010  3.5182281672328295e-09
   14.000000   0.30784849  3.5483423581449291e-09
   14.000000   0.37259260  3.5840952067360760e-09
   14.000000   0.43734549  3.6246628410970272e-09
   14.000000   0.50210377  3.6691418238417372e-09
   14.000000   0.56686560  3.7165804962329258e-09
   14.000000   0.63162987  3.7660093694979136e-09
   14.000000   0.69639591  3.8164690542392873e-09
   14.000000   0.76116325  3.8670345309536645e-09
   14.000000   0.82593158  3.9168349538285219e-09
   14.000000   0.89070068  3.9650685860956074e-09
   14.000000   0.95547037  4.0110128259741266e-09
   14.000000   1.02024053  4.0540296306917001e-09
   14.000000   1.08501108  4.0935668738632245e-09
   14.000000   1.14978193  4.1291563759551735e-09
   14.000000   1.21455301  4.1604094213784278e-09
   14.000000   1.27932429  4.1870106292808121e-09
   14.000000   1.34409571  4.2087109983168963e-09
   14.000000   1.40886724  4.2253208933208618e-09
   14.000000   1.47363885  4.2367036230026107e-09
   14.000000   1.53841049  4.2427701565405666e-09
   14.000000   1.60318216  4.2434753765510746e-09
   14.000000   1.66795381  4.2388161487922816e-09
   14.000000   1.73272541  4.2288313408860489e-09
   14.000000   1.79749694  4.2136037911394497e-09
   14.000000   1.86226837  4.1932640906586821e-09
   14.000000   1.92703964  4.1679959051692667e-09
   14.000000   1.99181073  4.1380424299646829e-09
   14.000000   2.05658157  4.1037134368787644e-09
   14.000000   2.12135212  4.0653922582503561e-09
   14.000000   2.18612229  4.0235419456591412e-09
   14.000000   2.25089198  3.9787097744984996e-09
   14.000000   2.31566107  3.9315292364699347e-09
   14.000000   2.38042940  3.8827186962224783e-09
   14.000000   2.44519674  3.8330759818521344e-09
   14.000000   2.50996278  3.7834683658378372e-09
   14.000000   2.57472706  3.7348176353136206e-09
   14.000000   2.63948889  3.6880802885544504e-09
   14.000000   2.70424717  3.6442232624311046e-09
   14.000000   2.76900006  3.6041959983082088e-09
   14.000000   2.83374417  3.5689000432010518e-09
   14.000000   2.89847256  3.5391577000218108e-09
   14.000000   2.96316844  3.5156814650345652e-09
   14.000000   3.02777863  3.4990459155606348e-09
   14.000000   3.09200950  3.4896613942822399e-09
   14.250000   0.04958315  3.1238158370417157e-09
   14.250000   0.11381403  3.1310539706984266e-09
   14.250000   0.17842421  3.1438872756364579e-09
   14.250000   0.24312010  3.1620034964170766e-09
   14.250000   0.30784849  3.1849652407980869e-09
   14.250000   0.37259260  3.2122299307726376e-09
   14.250000   0.43734549  3.2431710833529815e-09
   14.250000   0.50210377  3.2771014562430773e-09
   14.250000   0.56686560  3.3132968051634706e-09
   14.250000   0.63162987  3.3510189453325246e-09
   14.250000   0.69639591  3.3895369635089510e-09
   14.250000   0.76116325  3.4281456822322410e-09
   14.250000   0.82593158  3.4661807538168073e-09
   14.250000   0.89070068  3.5030300757006328e-09
   14.250000   0.95547037  3.5381414941734519e-09
   14.250000   1.02024053  3.5710270137415777e-09
   14.250000   1.08501108  3.6012639288968719e-09
   14.250000   1.14978193  3.6284934116415518e-09
   14.250000   1.21455301  3.6524171933169812e-09
   14.250000   1.27932429  3.6727929770455517e-09
   14.250000   1.34409571  3.6894292140189184e-09
   14.250000   1.40886724  3.7021798220758434e-09
   14.250000   1.47363885  3.7109393440735146e-09
   14.250000   1.53841049  3.7156389564317105e-09
   14.250000   1.60318216  3.7162436424638651e-09
   14.250000   1.66795381  3.7127507316891977e-09
   14.250000   1.73272541  3.7051899162975588e-09
   14.250000   1.79749694  3.6936247413494529e-09
   14.250000   1.86226837  3.6781554628469936e-09
   14.250000   1.92703964  3.6589230686837599e-09
   14.250000   1.99181073  3.6361141484970209e-09
   14.250000   2.05658157  3.6099662030565127e-09
   14.250000   2.12135212  3.5807728924858292e-09
   14.250000   2.18612229  3.5488886452961573e-09
   14.250000   2.25089198  3.5147320009746174e-09
   14.250000   2.31566107  3.4787870351242908e-09
   14.250000   2.38042940  3.4416022457628042e-09
   14.250000   2.44519674  3.4037863534559147e-09
   14.250000   2.50996278  3.3660006067698239e-09
   14.250000   2.57472706  3.3289473711099707e-09
   14.250000   2.63948889  3.2933550364030772e-09
   14.250000   2.70424717  3.2599595550228684e-09
   14.250000   2.76900006  3.2294832240581131e-09
   14.250000   2.83374417  3.2026116222347729e-09
   14.250000   2.89847256  3.1799698477797993e-09
   14.250000   2.96316844  3.1620993663462022e-09
   14.250000   3.02777863  3.1494367289975836e-09
   14.250000   3.09200950  3.1422936474377835e-09
   14.500000   0.04958315  2.7920715145665368e-09
   14.500000   0.11381403  2.7975919327564981e-09
   14.500000   0.17842421  2.8073801815438229e-09
   14.500000   0.24312010  2.8211988766965650e-09
   14.500000   0.30784849  2.8387154344429475e-09
   14.500000   0.37259260  2.8595171923103313e-09
   14.500000   0.43734549  2.8831275302070567e-09
   14.500000   0.50210377  2.9090234141627588e-09
   14.500000   0.56686560  2.9366534171578675e-09
   14.500000   0.63162987  2.9654552229108689e-09
   14.500000   0.69639591  2.9948717494703180e-09
   14.500000   0.76116325  3.0243651984846850e-09
   14.500000   0.82593158  3.0534285655310359e-09
   14.500000   0.89070068  3.0815943658578548e-09
   14.500000   0.95547037  3.1084405529443993e-09
   14.500000   1.02024053  3.1335937872455620e-09
   14.500000   1.08501108  3.1567303604964114e-09
   14.500000   1.14978193  3.1775751958261937e-09
   14.500000   1.21455301  3.1958993796562736e-09
   14.500000   1.27932429  3.2115167320520413e-09
   14.500000   1.34409571  3.2242798779245350e-09
   14.500000   1.40886724  3.2340762691862422e-09
   14.500000   1.47363885  3.2408245309224128e-09
   14.500000   1.53841049  3.2444714460835836e-09
   14.500000   1.60318216  3.2449898195649845e-09
   14.500000   1.66795381  3.2423773751980296e-09
   14.500000   1.73272541  3.2366567690604111e-09
   14.500000   1.79749694  3.2278767168139208e-09
   14.500000   1.86226837  3.2161141569345628e-09
   14.500000   1.92703964  3.2014772892915121e-09
   14.500000   1.99181073  3.1841092517052740e-09
   14.500000   2.05658157  3.1641921233188777e-09
   14.500000   2.12135212  3.1419508702160209e-09
   14.500000   2.18612229  3.1176567997056291e-09
   14.500000   2.25089198  3.0916300394958096e-09
   14.500000   2.31566107  3.0642405583946742e-09
   14.500000   2.38042940  3.0359072509292213e-09
   14.500000   2.44519674  3.0070946794184717e-09
   14.500000   2.50996278  2.9783071647582849e-09
   14.500000   2.57472706  2.9500800639415703e-09
   14.500000   2.63948889  2.9229682635540477e-09
   14.500000   2.70424717  2.8975321303944376e-09
   14.500000   2.76900006  2.8743213893011162e-09
   14.500000   2.83374417  2.8538576153512198e-09
   14.500000   2.89847256  2.8366162112669429e-09
   14.500000   2.96316844  2.8230088602037925e-09
   14.500000   3.02777863  2.8133674038117903e-09
   14.500000   3.09200950  2.8079287452162502e-09
   14.750000   0.04958315  2.4800975302280141e-09
   14.750000   0.11381403  2.4843099310623162e-09
   14.750000   0.17842421  2.4917792953328076e-09
   14.750000   0.24312010  2.5023250654237649e-09
   14.750000   0.30784849  2.5156942255770550e-09
   14.750000   0.37259260  2.5315727669751998e-09
   14.750000   0.43734549  2.5495979090391606e-09
   14.750000   0.50210377  2.5693714045678206e-09
   14.750000   0.56686560  2.5904732152489404e-09
   14.750000   0.63162987  2.6124748082895649e-09
   14.750000   0.69639591  2.6349514134365270e-09
   14.750000   0.76116325  2.6574927205358937e-09
   14.750000   0.82593158  2.6797116594144591e-09
   14.750000   0.89070068  2.7012510701875681e-09
   14.750000   0.95547037  2.7217882520176315e-09
   14.750000   1.02024053  2.7410374957892837e-09
   14.750000   1.08501108  2.7587508411959950e-09
   14.750000   1.14978193  2.7747173613365265e-09
   14.750000   1.21455301  2.7887613340227784e-09
   14.750000   1.27932429  2.8007396703008588e-09
   14.750000   1.34409571  2.8105389615059886e-09
   14.750000   1.40886724  2.8180724788071103e-09
   14.750000   1.47363885  2.8232774146260308e-09
   14.750000   1.53841049  2.8261126053841603e-09
   14.750000   1.60318216  2.8265569158706612e-09
   14.750000   1.66795381  2.8246084047729295e-09
   14.750000   1.73272541  2.8202843365930490e-09
   14.750000   1.79749694  2.8136220346731869e-09
   14.750000   1.86226837  2.8046805207243804e-09
   14.750000   1.92703964  2.7935428101189694e-09
   14.750000   1.99181073  2.7803186916552553e-09
   14.750000   2.05658157  2.7651477459328553e-09
   14.750000   2.12135212  2.7482023163774623e-09
   14.750000   2.18612229  2.7296900972917262e-09
   14.750000   2.25089198  2.7098559762513435e-09
   14.750000   2.31566107  2.6889827630891410e-09
   14.750000   2.38042940  2.6673904439889421e-09
   14.750000   2.44519674  2.6454336567607738e-09
   14.750000   2.50996278  2.6234971505763561e-09
   14.750000   2.57472706  2.6019891202283410e-09
   14.750000   2.63948889  2.5813324287876052e-09
   14.750000   2.70424717  2.5619539132512045e-09
   14.750000   2.76900006  2.5442721263387259e-09
   14.750000   2.83374417  2.5286840400193091e-09
   14.750000   2.89847256  2.5155513691100845e-09
   14.750000   2.96316844  2.5051872628904229e-09
   14.750000   3.02777863  2.4978440860604729e-09
   14.750000   3.09200950  2.4937019712951949e-09
   15.000000   0.04958315  2.1918353735733677e-09
   15.000000   0.11381403  2.1950512612218852e-09
   15.000000   0.17842421  2.2007538968692209e-09
   15.000000   0.24312010  2.2088058780744896e-09
   15.000000   0.30784849  2.2190146275379316e-09
   15.000000   0.37259260  2.2311410902199869e-09
   15.000000   0.43734549  2.2449090048768298e-09
   15.000000   0.50210377  2.2600149997901694e-09
   15.000000   0.56686560  2.2761389779922457e-09
   15.000000   0.63162987  2.2929542204188220e-09
   15.000000   0.69639591  2.3101367103225534e-09
   15.000000   0.76116325  2.3273732814848795e-09
   15.000000   0.82593158  2.3443683153718916e-09
   15.000000   0.89070068  2.3608488470130018e-09
   15.000000   0.95547037  2.3765680548473102e-09
   15.000000   1.02024053  2.3913072246567912e-09
   15.000000   1.08501108  2.4048763653751218e-09
   15.000000   1.14978193  2.4171136991798927e-09
   15.000000   1.21455301  2.4278843023137807e-09
   15.000000   1.27932429  2.4370781793808840e-09
   15.000000   1.34409571  2.4446080404286308e-09
   15.000000   1.40886724  2.4504070372049605e-09
   15.000000   1.47363885  2.4544266794018784e-09
   15.000000   1.53841049  2.4566351137078493e-09
   15.000000   1.60318216  2.4570158997841168e-09
   15.000000   1.66795381  2.4555673821918722e-09
   15.000000   1.73272541  2.4523026972161732e-09
   15.000000   1.79749694  2.4472504220886641e-09
   15.000000   1.86226837  2.4404558138810216e-09
   15.000000   1.92703964  2.4319825494936365e-09
   15.000000   1.99181073  2.4219148250010880e-09
   15.000000   2.05658157  2.4103596352700824e-09
   15.000000   2.12135212  2.3974490099488436e-09
   15.000000   2.18612229  2.3833419566358381e-09
   15.000000   2.25089198  2.3682258298703118e-09
   15.000000   2.31566107  2.3523168511668245e-09
   15.000000   2.38042940  2.3358595054698489e-09
   15.000000   2.44519674  2.3191245836788033e-09
   15.000000   2.50996278  2.3024056996395904e-09
   15.000000   2.57472706  2.2860141884647605e-09
   15.000000   2.63948889  2.2702724141407214e-09
   15.000000   2.70424717  2.2555056221041991e-09
   15.000000   2.76900006  2.2420326172613754e-09
   15.000000   2.83374417  2.2301556595914367e-09
   15.000000   2.89847256  2.2201500789909860e-09
   15.000000   2.96316844  2.2122541797028127e-09
   15.000000   3.02777863  2.2066599688543995e-09
   15.000000   3.09200950  2.2035044761447529e-09
   15.250000   0.04958315  1.9289923828012155e-09
   15.250000   0.11381403  1.9314487150329554e-09
   15.250000   0.17842421  1.9358046616142673e-09
   15.250000   0.24312010  1.9419556118832779e-09
   15.250000   0.30784849  1.9497549187993959e-09
   15.250000   0.37259260  1.9590205052789875e-09
   15.250000   0.43734549  1.9695418979452800e-09
   15.250000   0.50210377  1.9810878951860595e-09
   15.250000   0.56686560  1.9934144550786195e-09
   15.250000   0.63162987  2.0062723775469779e-09
   15.250000   0.69639591  2.0194144005866972e-09
   15.250000   0.76116325  2.0326014097036763e-09
   15.250000   0.82593158  2.0456075481509014e-09
   15.250000   0.89070068  2.0582241235447920e-09
   15.250000   0.95547037  2.0702622885713473e-09
   15.250000   1.02024053  2.0815545643499656e-09
   15.250000   1.08501108  2.0919553332932657e-09
   15.250000   1.14978193  2.1013404796943057e-09
   15.250000   1.21455301  2.1096063803772983e-09
   15.250000   1.27932429  2.1166684584548209e-09
   15.250000   1.34409571  2.1224595100708855e-09
   15.250000   1.40886724  2.1269279958688321e-09
   15.250000   1.47363885  2.1300364677328832e-09
   15.250000   1.53841049  2.1317602632615905e-09
   15.250000   1.60318216  2.1320865838950462e-09
   15.250000   1.66795381  2.1310140159063185e-09
   15.250000   1.73272541  2.1285525386361614e-09
   15.250000   1.79749694  2.1247240165686015e-09
   15.250000   1.86226837  2.1195631379693183e-09
   15.250000   1.92703964  2.1131187317078523e-09
   15.250000   1.99181073  2.1054553563122583e-09
   15.250000   2.05658157  2.0966550215350440e-09
   15.250000   2.12135212  2.0868188741580444e-09
   15.250000   2.18612229  2.0760686540328482e-09
   15.250000   2.25089198  2.0645477165995338e-09
   15.250000   2.31566107  2.0524214001052197e-09
   15.250000   2.38042940  2.0398765408624356e-09
   15.250000   2.44519674  2.0271199586887104e-09
   15.250000   2.50996278  2.0143757803388492e-09
   15.250000   2.57472706  2.0018815380392332e-09
   15.250000   2.63948889  1.9898830629722644e-09
   15.250000   2.70424717  1.9786282772603795e-09
   15.250000   2.76900006  1.9683601009415963e-09
   15.250000   2.83374417  1.9593087690158714e-09
   15.250000   2.89847256  1.9516839432816159e-09
   15.250000   2.96316844  1.9456670462524209e-09
   15.250000   3.02777863  1.9414042269990073e-09
   15.250000   3.09200950  1.9389997714477030e-09
   15.500000   0.04958315  1.6917757785627850e-09
   15.500000   0.11381403  1.6936528908151204e-09
   15.500000   0.17842421  1.6969818357888601e-09
   15.500000   0.24312010  1.7016829301924579e-09
   15.500000   0.30784849  1.7076444514073964e-09
   15.500000   0.37259260  1.7147276554925591e-09
   15.500000   0.43734549  1.7227721192420951e-09
   15.500000   0.50210377  1.7316015644400063e-09
   15.500000   0.56686560  1.7410298537432225e-09
   15.500000   0.63162987  1.7508668343880113e-09
   15.500000   0.69639591  1.7609237420565903e-09
   15.500000   0.76116325  1.7710179325345575e-09
   15.500000   0.82593158  1.7809767847534924e-09
   15.500000   0.89070068  1.7906406886536218e-09
   15.500000   0.95547037  1.7998651066983512e-09
   15.500000   1.02024053  1.8085217503933848e-09
   15.500000   1.08501108  1.8164989801951583e-09
   15.500000   1.14978193  1.8237015471422923e-09
   15.500000   1.21455301  1.8300498444033608e-09
   15.500000   1.27932429  1.8354788225399489e-09
   15.500000   1.34409571  1.8399367272018542e-09
   15.500000   1.40886724  1.8433838097353540e-09
   15.500000   1.47363885  1.8457911375698650e-09
   15.500000   1.53841049  1.8471396061590437e-09
   15.500000   1.60318216  1.8474192405749957e-09
   15.500000   1.66795381  1.8466288340124958e-09
   15.500000   1.73272541  1.8447759537278959e-09
   15.500000   1.79749694  1.8418773146206219e-09
   15.500000   1.86226837  1.8379594910099761e-09
   15.500000   1.92703964  1.8330599155893432e-09
   15.500000   1.99181073  1.8272280806003481e-09
   15.500000   2.05658157  1.8205268388601843e-09
   15.500000   2.12135212  1.8130336764666765e-09
   15.500000   2.18612229  1.8048418057887761e-09
   15.500000   2.25089198  1.7960609269899312e-09
   15.500000   2.31566107  1.7868174889127698e-09
   15.500000   2.38042940  1.7772543006668420e-09
   15.500000   2.44519674  1.7675293599353623e-09
   15.500000   2.50996278  1.7578137958670350e-09
   15.500000   2.57472706  1.7482888871349842e-09
   15.500000   2.63948889  1.7391421614052681e-09
   15.500000   2.70424717  1.7305626646542750e-09
   15.500000   2.76900006  1.7227355613343282e-09
   15.500000   2.83374417  1.7158362904950287e-09
   15.500000   2.89847256  1.7100245707123180e-09
   15.500000   2.96316844  1.7054385761401405e-09
   15.500000   3.02777863  1.7021895955094006e-09
   15.500000   3.09200950  1.7003570283085711e-09
   15.750000   0.04958315  1.4794184368800496e-09
   15.750000   0.11381403  1.4808536392712348e-09
   15.750000   0.17842421  1.4833990072799725e-09
   15.750000   0.24312010  1.4869938176861935e-09
   15.750000   0.30784849  1.4915529157593970e-09
   15.750000   0.37259260  1.4969705312410994e-09
   15.750000   0.43734549  1.5031243346486164e-09
   15.750000   0.50210377  1.5098798660238143e-09
   15.750000   0.56686560  1.5170950937352744e-09
   15.750000   0.63162987  1.5246248626094163e-09
   15.750000   0.69639591  1.5323250083752551e-09
   15.750000   0.76116325  1.5400559677196080e-09
   15.750000   0.82593158  1.5476857587526079e-09
   15.750000   0.89070068  1.5550922675792820e-09
   15.750000   0.95547037  1.5621648313090157e-09
   15.750000   1.02024053  1.5688051513771962e-09
   15.750000   1.08501108  1.5749276089746314e-09
   15.750000   1.14978193  1.5804590870506733e-09
   15.750000   1.21455301  1.5853384112774996e-09
   15.750000   1.27932429  1.5895155357254376e-09
   15.750000   1.34409571  1.5929505914245087e-09
   15.750000   1.40886724  1.5956129123085343e-09
   15.750000   1.47363885  1.5974801347682290e-09
   15.750000   1.53841049  1.5985374502361224e-09
   15.750000   1.60318216  1.5987770758371976e-09
   15.750000   1.66795381  1.5981979804234859e-09
   15.750000   1.73272541  1.5968058905785507e-09
   15.750000   1.79749694  1.5946135727600659e-09
   15.750000   1.86226837  1.5916413756288416e-09
   15.750000   1.92703964  1.5879179849395578e-09
   15.750000   1.99181073  1.5834813352105938e-09
   15.750000   2.05658157  1.5783795923304132e-09
   15.750000   2.12135212  1.5726721144024846e-09
   15.750000   2.18612229  1.5664302745673775e-09
   15.750000   2.25089198  1.5597380256591151e-09
   15.750000   2.31566107  1.5526920881906276e-09
   15.750000   2.38042940  1.5454016390590708e-09
   15.750000   2.44519674  1.5379874043997470e-09
   15.750000   2.50996278  1.5305800820445579e-09
   15.750000   2.57472706  1.5233180567272480e-09
   15.750000   2.63948889  1.5163444240810209e-09
   15.750000   2.70424717  1.5098033829966287e-09
   15.750000   2.76900006  1.5038361229825181e-09
   15.750000   2.83374417  1.4985763764926632e-09
   15.750000   2.89847256  1.4941458615364748e-09
   15.750000   2.96316844  1.4906498539450086e-09
   15.750000   3.02777863  1.4881731310502292e-09
   15.750000   3.09200950  1.4867761696956933e-09
   16.000000   0.04958315  1.2905520135422599e-09
   16.000000   0.11381403  1.2916499041178825e-09
   16.000000   0.17842421  1.2935971373362175e-09
   16.000000   0.24312010  1.2963474170425248e-09
   16.000000   0.30784849  1.2998358111813073e-09
   16.000000   0.37259260  1.3039816499718618e-09
   16.000000   0.43734549  1.3086916125329369e-09
   16.000000   0.50210377  1.3138630928227480e-09
   16.000000   0.56686560  1.3193876695489687e-09
   16.000000   0.63162987  1.3251544918242220e-09
   16.000000   0.69639591  1.3310534147656896e-09
   16.000000   0.76116325  1.3369777541141478e-09
   16.000000   0.82593158  1.3428265623643355e-09
   16.000000   0.89070068  1.3485063794932023e-09
   16.000000   0.95547037  1.3539324501085206e-09
   16.000000   1.02024053  1.3590294286435005e-09
   16.000000   1.08501108  1.3637316327549976e-09
   16.000000   1.14978193  1.3679829158976212e-09
   16.000000   1.21455301  1.3717362542071193e-09
   16.000000   1.27932429  1.3749531316968175e-09
   16.000000   1.34409571  1.3776028247239851e-09
   16.000000   1.40886724  1.3796616649224244e-09
   16.000000   1.47363885  1.3811123577893922e-09
   16.000000   1.53841049  1.3819434167563587e-09
   16.000000   1.60318216  1.3821487608126434e-09
   16.000000   1.66795381  1.3817275095897040e-09
   16.000000   1.73272541  1.3806839853037758e-09
   16.000000   1.79749694  1.3790279305357573e-09
   16.000000   1.86226837  1.3767749165956627e-09
   16.000000   1.92703964  1.3739469185701942e-09
   16.000000   1.99181073  1.3705730052407164e-09
   16.000000   2.05658157  1.3666900831232463e-09
   16.000000   2.12135212  1.3623436212762297e-09
   16.000000   2.18612229  1.3575882702522541e-09
   16.000000   2.25089198  1.3524882849949669e-09
   16.000000   2.31566107  1.3471176555587138e-09
   16.000000   2.38042940  1.3415598613244558e-09
   16.000000   2.44519674  1.3359071684144182e-09
   16.000000   2.50996278  1.3302594177216772e-09
   16.000000   2.57472706  1.3247222795520949e-09
   16.000000   2.63948889  1.3194049757187109e-09
   16.000000   2.70424717  1.3144175310948189e-09
   16.000000   2.76900006  1.3098676387677807e-09
   16.000000   2.83374417  1.3058572755439174e-09
   16.000000   2.89847256  1.3024792324444355e-09
   16.000000   2.96316844  1.2998137501862768e-09
   16.000000   3.02777863  1.2979254341847123e-09
   16.000000   3.09200950  1.2968603662076668e-09
   16.250000   0.04958315  1.1234685917251765e-09
   16.250000   0.11381403  1.1243088876552633e-09
   16.250000   0.17842421  1.1257993228402260e-09
   16.250000   0.24312010  1.1279045855795253e-09
   16.250000   0.30784849  1.1305751411511594e-09
   16.250000   0.37259260  1.1337494385214222e-09
   16.250000   0.43734549  1.1373562556771059e-09
   16.250000   0.50210377  1.1413172622609170e-09
   16.250000   0.56686560  1.1455496596901441e-09
   16.250000   0.63162987  1.1499687601893519e-09
   16.250000   0.69639591  1.1544903788810280e-09
   16.250000   0.76116325  1.1590329330190822e-09
   16.250000   0.82593158  1.1635191841005775e-09
   16.250000   0.89070068  1.1678775773813479e-09
   16.250000   0.95547037  1.1720431764467763e-09
   16.250000   1.02024053  1.1759582100751184e-09
   16.250000   1.08501108  1.1795722730023532e-09
   16.250000   1.14978193  1.1828422367652900e-09
   16.250000   1.21455301  1.1857319419227569e-09
   16.250000   1.27932429  1.1882117356123524e-09
   16.250000   1.34409571  1.1902579338533155e-09
   16.250000   1.40886724  1.1918522601854590e-09
   16.250000   1.47363885  1.1929813330864399e-09
   16.250000   1.53841049  1.1936362346830950e-09
   16.250000   1.60318216  1.1938122085828584e-09
   16.250000   1.66795381  1.1935085013653243e-09
   16.250000   1.73272541  1.1927283677017608e-09
   16.250000   1.79749694  1.1914792330583067e-09
   16.250000   1.86226837  1.1897730060935464e-09
   16.250000   1.92703964  1.1876265141835083e-09
   16.250000   1.99181073  1.1850620262498576e-09
   16.250000   2.05658157  1.1821078163569365e-09
   16.250000   2.12135212  1.1787987129105569e-09
   16.250000   2.18612229  1.1751765619986516e-09
   16.250000   2.25089198  1.1712905445776737e-09
   16.250000   2.31566107  1.1671972689573939e-09
   16.250000   2.38042940  1.1629605747378736e-09
   16.250000   2.44519674  1.1586509901307380e-09
   16.250000   2.50996278  1.1543448027608254e-09
   16.250000   2.57472706  1.1501227198322253e-09
   16.250000   2.63948889  1.1460681322383254e-09
   16.250000   2.70424717  1.1422650140591181e-09
   16.250000   2.76900006  1.1387955353819146e-09
   16.250000   2.83374417  1.1357374822769222e-09
   16.250000   2.89847256  1.1331616182943176e-09
   16.250000   2.96316844  1.1311291231045373e-09
   16.250000   3.02777863  1.1296892487951794e-09
   16.250000   3.09200950  1.1288771205447796e-09
   16.500000   0.04958315  9.7630129941378437e-10
   16.500000   0.11381403  9.7694478376781424e-10
   16.500000   0.17842421  9.7808619253794632e-10
   16.500000   0.24312010  9.7969858110807824e-10
   16.500000   0.30784849  9.8174414506391596e-10
   16.500000   0.37259260  9.8417590036629537e-10
   16.500000   0.43734549  9.8693946903014689e-10
   16.500000   0.50210377  9.8997502765546503e-10
   16.500000   0.56686560  9.9321932058219503e-10
   16.500000   0.63162987  9.9660762237344286e-10
   16.500000   0.69639591  1.0000755645417617e-09
   16.500000   0.76116325  1.0035607371767740e-09
   16.500000   0.82593158  1.0070040198538683e-09
   16.500000   0.89070068  1.0103506094594635e-09
   16.500000   0.95547037  1.0135507368331091e-09
   16.500000   1.02024053  1.0165600909325167e-09
   16.500000   1.08501108  1.0193399760460895e-09
   16.500000   1.14978193  1.0218572527905331e-09
   16.500000   1.21455301  1.0240841054700986e-09
   16.500000   1.27932429  1.0259976974879098e-09
   16.500000   1.34409571  1.0275797617644855e-09
   16.500000   1.40886724  1.0288161801958018e-09
   16.500000   1.47363885  1.0296965913718174e-09
   16.500000   1.53841049  1.0302140667542827e-09
   16.500000   1.60318216  1.0303648796315648e-09
   16.500000   1.66795381  1.0301483860171608e-09
   16.500000   1.73272541  1.0295670275846016e-09
   16.500000   1.79749694  1.0286264574742350e-09
   16.500000   1.86226837  1.0273357765369309e-09
   16.500000   1.92703964  1.0257078642181252e-09
   16.500000   1.99181073  1.0237597748202041e-09
   16.500000   2.05658157  1.0215131659650452e-09
   16.500000   2.12135212  1.0189947116579577e-09
   16.500000   2.18612229  1.0162364536394637e-09
   16.500000   2.25089198  1.0132760361758621e-09
   16.500000   2.31566107  1.0101567732626545e-09
   16.500000   2.38042940  1.0069274921588642e-09
   16.500000   2.44519674  1.0036421136268850e-09
   16.500000   2.50996278  1.0003589396831304e-09
   16.500000   2.57472706  9.9713962684876047e-10
   16.500000   2.63948889  9.9404785954370264e-10
   16.500000   2.70424717  9.9114774765073152e-10
   16.500000   2.76900006  9.8850200465515108e-10
   16.500000   2.83374417  9.8616998380162617e-10
   16.500000   2.89847256  9.8420566661254567e-10
   16.500000   2.96316844  9.8265571669538839e-10
   16.500000   3.02777863  9.8155769288030133e-10
   16.500000   3.09200950  9.8093837899385012e-10
   16.750000   0.04958315  8.4714635327573624e-10
   16.750000   0.11381403  8.4763939357324370e-10
   16.750000   0.17842421  8.4851399229700786e-10
   16.750000   0.24312010  8.4974958010582140e-10
   16.750000   0.30784849  8.5131729289851907e-10
   16.750000   0.37259260  8.5318125273912736e-10
   16.750000   0.43734549  8.5529992359460557e-10
   16.750000   0.50210377  8.5762759919747188e-10
   16.750000   0.56686560  8.6011593349346527e-10
   16.750000   0.63162987  8.6271544029355322e-10
   16.750000   0.69639591  8.6537688297351859e-10
   16.750000   0.76116325  8.6805250109521131e-10
   16.750000   0.82593158  8.7069702582628414e-10
   16.750000   0.89070068  8.7326846851730722e-10
   16.750000   0.95547037  8.7572867143375991e-10
   16.750000   1.02024053  8.7804363455804977e-10
   16.750000   1.08501108  8.8018364248390937e-10
   16.750000   1.14978193  8.8212322037502107e-10
   16.750000   1.21455301  8.8384096405348553e-10
   16.750000   1.27932429  8.8531927822712892e-10
   16.750000   1.34409571  8.8654406866931729e-10
   16.750000   1.40886724  8.8750442216876523e-10
   16.750000   1.47363885  8.8819231183543475e-10
   16.750000   1.53841049  8.8860234823629763e-10
   16.750000   1.60318216  8.8873160680688713e-10
   16.750000   1.66795381  8.8857953681421051e-10
   16.750000   1.73272541  8.8814796416960270e-10
   16.750000   1.79749694  8.8744118569550514e-10
   16.750000   1.86226837  8.8646615113721923e-10
   16.750000   1.92703964  8.8523271225897683e-10
   16.750000   1.99181073  8.8375392672917938e-10
   16.750000   2.05658157  8.8204637865340194e-10
   16.750000   2.12135212  8.8013049553735521e-10
   16.750000   2.18612229  8.7803080993087128e-10
   16.750000   2.25089198  8.7577613690862496e-10
   16.750000   2.31566107  8.7339961999667966e-10
   16.750000   2.38042940  8.7093860798122581e-10
   16.750000   2.44519674  8.6843433237516395e-10
   16.750000   2.50996278  8.6593135690399313e-10
   16.750000   2.57472706  8.6347679496577250e-10
   16.750000   2.63948889  8.6111929320526590e-10
   16.750000   2.70424717  8.5890780808917024e-10
   16.750000   2.76900006  8.5689021766467285e-10
   16.750000   2.83374417  8.5511182244902195e-10
   16.750000   2.89847256  8.5361381654004274e-10
   16.750000   2.96316844  8.5243180043513038e-10
   16.750000   3.02777863  8.5159442709250072e-10
   16.750000   3.09200950  8.5112212604147706e-10
   17.000000   0.04958315  7.3414305522492082e-10
   17.000000   0.11381403  7.3452103890898170e-10
   17.000000   0.17842421  7.3519157683729357e-10
   17.000000   0.24312010  7.3613896029616284e-10
   17.000000   0.30784849  7.3734114277228762e-10
   17.000000   0.37259260  7.3877071456405276e-10
   17.000000   0.43734549  7.4039593725924163e-10
   17.000000   0.50210377  7.4218187567216510e-10
   17.000000   0.56686560  7.4409156558553438e-10
   17.000000   0.63162987  7.4608715665698669e-10
   17.000000   0.69639591  7.4813097325472571e-10
   17.000000   0.76116325  7.5018645121858994e-10
   17.000000   0.82593158  7.5221891580184845e-10
   17.000000   0.89070068  7.5419618469501820e-10
   17.000000   0.95547037  7.5608899122350049e-10
   17.000000   1.02024053  7.5787123858176610e-10
   17.000000   1.08501108  7.5952009792635675e-10
   17.000000   1.14978193  7.6101597999537720e-10
   17.000000   1.21455301  7.6234240694661803e-10
   17.000000   1.27932429  7.6348581606403901e-10
   17.000000   1.34409571  7.6443532668934430e-10
   17.000000   1.40886724  7.6518249936314373e-10
   17.000000   1.47363885  7.6572110898796965e-10
   17.000000   1.53841049  7.6604696087701551e-10
   17.000000   1.60318216  7.6615775533123693e-10
   17.000000   1.66795381  7.6605302101542083e-10
   17.000000   1.73272541  7.6573411718136330e-10
   17.000000   1.79749694  7.6520430499032132e-10
   17.000000   1.86226837  7.6446888574790563e-10
   17.000000   1.92703964  7.6353539185188324e-10
   17.000000   1.99181073  7.6241381540532180e-10
   17.000000   2.05658157  7.6111685387773512e-10
   17.000000   2.12135212  7.5966014765311436e-10
   17.000000   2.18612229  7.5806247824343622e-10
   17.000000   2.25089198  7.5634590217528082e-10
   17.000000   2.31566107  7.5453578213339463e-10
   17.000000   2.38042940  7.5266068932506471e-10
   17.000000   2.44519674  7.5075215603395302e-10
   17.000000   2.50996278  7.4884425136794516e-10
   17.000000   2.57472706  7.4697298224441159e-10
   17.000000   2.63948889  7.4517551659249275e-10
   17.000000   2.70424717  7.4348924855865386e-10
   17.000000   2.76900006  7.4195073908005056e-10
   17.000000   2.83374417  7.4059457380175199e-10
   17.000000   2.89847256  7.3945219553806085e-10
   17.000000   2.96316844  7.3855077513855941e-10
   17.000000   3.02777863  7.3791217590381699e-10
   17.000000   3.09200950  7.3755198680710235e-10
   17.250000   0.04958315  6.3552387312797363e-10
   17.250000   0.11381403  6.3581381999603652e-10
   17.250000   0.17842421  6.3632821130509280e-10
   17.250000   0.24312010  6.3705504536012044e-10
   17.250000   0.30784849  6.3797747634524872e-10
   17.250000   0.37259260  6.3907455560682980e-10
   17.250000   0.43734549  6.4032202158566090e-10
   17.250000   0.50210377  6.4169316207722422e-10
   17.250000   0.56686560  6.4315970317348730e-10
   17.250000   0.63162987  6.4469268342381266e-10
   17.250000   0.69639591  6.4626326289252140e-10
   17.250000   0.76116325  6.4784343882580867e-10
   17.250000   0.82593158  6.4940664093163797e-10
   17.250000   0.89070068  6.5092819364406783e-10
   17.250000   0.95547037  6.5238564187654687e-10
   17.250000   1.02024053  6.5375894712095094e-10
   17.250000   1.08501108  6.5503056441096406e-10
   17.250000   1.14978193  6.5618542375249518e-10
   17.250000   1.21455301  6.5721083515191714e-10
   17.250000   1.27932429  6.5809633875341365e-10
   17.250000   1.34409571  6.5883353100651605e-10
   17.250000   1.40886724  6.5941587986590062e-10
   17.250000   1.47363885  6.5983855511734533e-10
   17.250000   1.53841049  6.6009828645835327e-10
   17.250000   1.60318216  6.6019326373167605e-10
   17.250000   1.66795381  6.6012308269352379e-10
   17.250000   1.73272541  6.5988874960716365e-10
   17.250000   1.79749694  6.5949273518550109e-10
   17.250000   1.86226837  6.5893907998726828e-10
   17.250000   1.92703964  6.5823353797662116e-10
   17.250000   1.99181073  6.5738375266292798e-10
   17.250000   2.05658157  6.5639944176612451e-10
   17.250000   2.12135212  6.5529257794822661e-10
   17.250000   2.18612229  6.5407753937607078e-10
   17.250000   2.25089198  6.5277120821279287e-10
   17.250000   2.31566107  6.5139299261091769e-10
   17.250000   2.38042940  6.4996475161819530e-10
   17.250000   2.44519674  6.4851060129147549e-10
   17.250000   2.50996278  6.4705659206810399e-10
   17.250000   2.57472706  6.4563024765511011e-10
   17.250000   2.63948889  6.4425997079176082e-10
   17.250000   2.70424717  6.4297433076913348e-10
   17.250000   2.76900006  6.4180125293434762e-10
   17.250000   2.83374417  6.4076714938812248e-10
   17.250000   2.89847256  6.3989602630749545e-10
   17.250000   2.96316844  6.3920862663306989e-10
   17.250000   3.02777863  6.3872163800067821e-10
   17.250000   3.09200950  6.3844695877332580e-10
   17.500000   0.04958315  5.4964346845183256e-10
   17.500000   0.11381403  5.4986601849766086e-10
   17.500000   0.17842421  5.5026086651906865e-10
   17.500000   0.24312010  5.5081883894114468e-10
   17.500000   0.30784849  5.5152705823905923e-10
   17.500000   0.37259260  5.5236950827438700e-10
   17.500000   0.43734549  5.5332763509086331e-10
   17.500000   0.50210377  5.5438100573046286e-10
   17.500000   0.56686560  5.5550798570808273e-10
   17.500000   0.63162987  5.5668640669667470e-10
   17.500000   0.69639591  5.5789418340483343e-10
   17.500000   0.76116325  5.5910986202771854e-10
   17.500000   0.82593158  5.6031307419164493e-10
   17.500000   0.89070068  5.6148489421285410e-10
   17.500000   0.95547037  5.6260808537248753e-10
   17.500000   1.02024053  5.6366725566784500e-10
   17.500000   1.08501108  5.6464891545806888e-10
   17.500000   1.14978193  5.6554146700765844e-10
   17.500000   1.21455301  5.6633513183637265e-10
   17.500000   1.27932429  5.6702183984586037e-10
   17.500000   1.34409571  5.6759509585015271e-10
   17.500000   1.40886724  5.6804984179306548e-10
   17.500000   1.47363885  5.6838232564347959e-10
   17.500000   1.53841049  5.6858999508977751e-10
   17.500000   1.60318216  5.6867142139703896e-10
   17.500000   1.66795381  5.6862625908562381e-10
   17.500000   1.73272541  5.6845524787069271e-10
   17.500000   1.79749694  5.6816025587438908e-10
   17.500000   1.86226837  5.6774435838543054e-10
   17.500000   1.92703964  5.6721194752824438e-10
   17.500000   1.99181073  5.6656886712089548e-10
   17.500000   2.05658157  5.6582255214217362e-10
   17.500000   2.12135212  5.6498216528379551e-10
   17.500000   2.18612229  5.6405871153797377e-10
   17.500000   2.25089198  5.6306511193221950e-10
   17.500000   2.31566107  5.6201621806451845e-10
   17.500000   2.38042940  5.6092875425091349e-10
   17.500000   2.44519674  5.5982116627677008e-10
   17.500000   2.50996278  5.5871337549544217e-10
   17.500000   2.57472706  5.5762642399526307e-10
   17.500000   2.63948889  5.5658202066886833e-10
   17.500000   2.70424717  5.5560199672836630e-10
   17.500000   2.76900006  5.5470768687583094e-10
   17.500000   2.83374417  5.5391926494666993e-10
   17.500000   2.89847256  5.5325506508226213e-10
   17.500000   2.96316844  5.5273092588745395e-10
   17.500000   3.02777863  5.5235958926757239e-10
   17.500000   3.09200950  5.5215013815949729e-10
   17.750000   0.04958315  4.7499312844814611e-10
   17.750000   0.11381403  4.7516405740560470e-10
   17.750000   0.17842421  4.7546733729772486e-10
   17.750000   0.24312010  4.7589595502409024e-10
   17.750000   0.30784849  4.7644006246486155e-10
   17.750000   0.37259260  4.7708740931520943e-10
   17.750000   0.43734549  4.7782380177429971e-10
   17.750000   0.50210377  4.7863360340316367e-10
   17.750000   0.56686560  4.7950025400637022e-10
   17.750000   0.63162987  4.8040677810066161e-10
   17.750000   0.69639591  4.8133625718492891e-10
   17.750000   0.76116325  4.8227224776442303e-10
   17.750000   0.82593158  4.8319913083653271e-10
   17.750000   0.89070068  4.8410238364981200e-10
   17.750000   0.95547037  4.8496877193842573e-10
   17.750000   1.02024053  4.8578646585311583e-10
   17.750000   1.08501108  4.8654509092900426e-10
   17.750000   1.14978193  4.8723571674098379e-10
   17.750000   1.21455301  4.8785080525943589e-10
   17.750000   1.27932429  4.8838412640074878e-10
   17.750000   1.34409571  4.8883065681432201e-10
   17.750000   1.40886724  4.8918647657764483e-10
   17.750000   1.47363885  4.8944866860939903e-10
   17.750000   1.53841049  4.8961523799625289e-10
   17.750000   1.60318216  4.8968505497169335e-10
   17.750000   1.66795381  4.8965782353179843e-10
   17.750000   1.73272541  4.8953408377241596e-10
   17.750000   1.79749694  4.8931524423752677e-10
   17.750000   1.86226837  4.8900364179067020e-10
   17.750000   1.92703964  4.8860262801534036e-10
   17.750000   1.99181073  4.8811666621456377e-10
   17.750000   2.05658157  4.8755144261440590e-10
   17.750000   2.12135212  4.8691396785714337e-10
   17.750000   2.18612229  4.8621266354141971e-10
   17.750000   2.25089198  4.8545741728712633e-10
   17.750000   2.31566107  4.8465959414959424e-10
   17.750000   2.38042940  4.8383198928029729e-10
   17.750000   2.44519674  4.8298871265956739e-10
   17.750000   2.50996278  4.8214499991866115e-10
   17.750000   2.57472706  4.8131694011746488e-10
   17.750000   2.63948889  4.8052112881013613e-10
   17.750000   2.70424717  4.7977425050999583e-10
   17.750000   2.76900006  4.7909260849701623e-10
   17.750000   2.83374417  4.7849161464128954e-10
   17.750000   2.89847256  4.7798527501976710e-10
   17.750000   2.96316844  4.7758568624682889e-10
   17.750000   3.02777863  4.7730257884629151e-10
   17.750000   3.09200950  4.7714288965109069e-10
   18.000000   0.04958315  4.1020528129722081e-10
   18.000000   0.11381403  4.1033664958544243e-10
   18.000000   0.17842421  4.1056975302749808e-10
   18.000000   0.24312010  4.1089922717867287e-10
   18.000000   0.30784849  4.1131753783245461e-10
   18.000000   0.37259260  4.1181531113299686e-10
   18.000000   0.43734549  4.1238168487095019e-10
   18.000000   0.50210377  4.1300468849957861e-10
   18.000000   0.56686560  4.1367164092692112e-10
   18.000000   0.63162987  4.1436953810870494e-10
   18.000000   0.69639591  4.1508541461510940e-10
   18.000000   0.76116325  4.1580666257318905e-10
   18.000000   0.82593158  4.1652130014621325e-10
   18.000000   0.89070068  4.1721817904173302e-10
   18.000000   0.95547037  4.1788713256080407e-10
   18.000000   1.02024053  4.1851906687978479e-10
   18.000000   1.08501108  4.1910599842230330e-10
   18.000000   1.14978193  4.1964104740467640e-10
   18.000000   1.21455301  4.2011840010441522e-10
   18.000000   1.27932429  4.2053324408636368e-10
   18.000000   1.34409571  4.2088169182243179e-10
   18.000000   1.40886724  4.2116070249150764e-10
   18.000000   1.47363885  4.2136800542464415e-10
   18.000000   1.53841049  4.2150203981464023e-10
   18.000000   1.60318216  4.2156190988127050e-10
   18.000000   1.66795381  4.2154736172710900e-10
   18.000000   1.73272541  4.2145878629447311e-10
   18.000000   1.79749694  4.2129724241964085e-10
   18.000000   1.86226837  4.2106450404159308e-10
   18.000000   1.92703964  4.2076312361550802e-10
   18.000000   1.99181073  4.2039650973782726e-10
   18.000000   2.05658157  4.1996900860584574e-10
   18.000000   2.12135212  4.1948598155282077e-10
   18.000000   2.18612229  4.1895387255634560e-10
   18.000000   2.25089198  4.1838024632451589e-10
   18.000000   2.31566107  4.1777379916656633e-10
   18.000000   2.38042940  4.1714432013781566e-10
   18.000000   2.44519674  4.1650260378726511e-10
   18.000000   2.50996278  4.1586030153050110e-10
   18.000000   2.57472706  4.1522971740315267e-10
   18.000000   2.63948889  4.1462353880599039e-10
   18.000000   2.70424717  4.1405452005648652e-10
   18.000000   2.76900006  4.1353512068717303e-10
   18.000000   2.83374417  4.1307711822888448e-10
   18.000000   2.89847256  4.1269121312829385e-10
   18.000000   2.96316844  4.1238664658225812e-10
   18.000000   3.02777863  4.1217085232507917e-10
   18.000000   3.09200950  4.1204912772953081e-10
   18.250000   0.04958315  3.5405144561875789e-10
   18.250000   0.11381403  3.5415248056126639e-10
   18.250000   0.17842421  3.5433177266552747e-10
   18.250000   0.24312010  3.5458521640444525e-10
   18.250000   0.30784849  3.5490704633167976e-10
   18.250000   0.37259260  3.5529008668590817e-10
   18.250000   0.43734549  3.5572602113935586e-10
   18.250000   0.50210377  3.5620568289900138e-10
   18.250000   0.56686560  3.5671935688535328e-10
   18.250000   0.63162987  3.5725707826256310e-10
   18.250000   0.69639591  3.5780890652007782e-10
   18.250000   0.76116325  3.5836517129475305e-10
   18.250000   0.82593158  3.5891667667408179e-10
   18.250000   0.89070068  3.5945486165172130e-10
   18.250000   0.95547037  3.5997191342734607e-10
   18.250000   1.02024053  3.6046083719522827e-10
   18.250000   1.08501108  3.6091548663229053e-10
   18.250000   1.14978193  3.6133055969692500e-10
   18.250000   1.21455301  3.6170156921202254e-10
   18.250000   1.27932429  3.6202479567702589e-10
   18.250000   1.34409571  3.6229722862204919e-10
   18.250000   1.40886724  3.6251650647463757e-10
   18.250000   1.47363885  3.6268086046413558e-10
   18.250000   1.53841049  3.6278906657664954e-10
   18.250000   1.60318216  3.6284041314371913e-10
   18.250000   1.66795381  3.6283468319901684e-10
   18.250000   1.73272541  3.6277215502657474e-10
   18.250000   1.79749694  3.6265362260244031e-10
   18.250000   1.86226837  3.6248042940658091e-10
   18.250000   1.92703964  3.6225451834086790e-10
   18.250000   1.99181073  3.6197848903227770e-10
   18.250000   2.05658157  3.6165566213707563e-10
   18.250000   2.12135212  3.6129013619770126e-10
   18.250000   2.18612229  3.6088683929170123e-10
   18.250000   2.25089198  3.6045155940240518e-10
   18.250000   2.31566107  3.5999094934646772e-10
   18.250000   2.38042940  3.5951249805101183e-10
   18.250000   2.44519674  3.5902446278979626e-10
   18.250000   2.50996278  3.5853575522649477e-10
   18.250000   2.57472706  3.5805578532249130e-10
   18.250000   2.63948889  3.5759425372655946e-10
   18.250000   2.70424717  3.5716091115285776e-10
   18.250000   2.76900006  3.5676528197783105e-10
   18.250000   2.83374417  3.5641636687079664e-10
   18.250000   2.89847256  3.5612234351631246e-10
   18.250000   2.96316844  3.5589027282828309e-10
   18.250000   3.02777863  3.5572583374305990e-10
   18.250000   3.09200950  3.5563307418720849e-10
   18.500000   0.04958315  3.0543602847906386e-10
   18.500000   0.11381403  3.0551379185764592e-10
   18.500000   0.17842421  3.0565179737841993e-10
   18.500000   0.24312010  3.0584690265554742e-10
   18.500000   0.30784849  3.0609469318781918e-10
   18.500000   0.37259260  3.0638967468221356e-10
   18.500000   0.43734549  3.0672547688211449e-10
   18.500000   0.50210377  3.0709507691509521e-10
   18.500000   0.56686560  3.0749103062930239e-10
   18.500000   0.63162987  3.0790569774249279e-10
   18.500000   0.69639591  3.0833145366518736e-10
   18.500000   0.76116325  3.0876087921057762e-10
   18.500000   0.82593158  3.0918691316311734e-10
   18.500000   0.89070068  3.0960297903303159e-10
   18.500000   0.95547037  3.1000306961958309e-10
   18.500000   1.02024053  3.1038180258445993e-10
   18.500000   1.08501108  3.1073444376379948e-10
   18.500000   1.14978193  3.1105690471441700e-10
   18.500000   1.21455301  3.1134572031501310e-10
   18.500000   1.27932429  3.1159801302124898e-10
   18.500000   1.34409571  3.1181145006331554e-10
   18.500000   1.40886724  3.1198419573217066e-10
   18.500000   1.47363885  3.1211486962622562e-10
   18.500000   1.53841049  3.1220251185961124e-10
   18.500000   1.60318216  3.1224655401994927e-10
   18.500000   1.66795381  3.1224681101541310e-10
   18.500000   1.73272541  3.1220347814499403e-10
   18.500000   1.79749694  3.1211714824595232e-10
   18.500000   1.86226837  3.1198883646052304e-10
   18.500000   1.92703964  3.1182001910494327e-10
   18.500000   1.99181073  3.1161267828572083e-10
   18.500000   2.05658157  3.1136934815624603e-10
   18.500000   2.12135212  3.1109316095460920e-10
   18.500000   2.18612229  3.1078788431604928e-10
   18.500000   2.25089198  3.1045794548119446e-10
   18.500000   2.31566107  3.1010843244139640e-10
   18.500000   2.38042940  3.0974507470053944e-10
   18.500000   2.44519674  3.0937418833647060e-10
   18.500000   2.50996278  3.0900258976398787e-10
   18.500000   2.57472706  3.0863747506346890e-10
   18.500000   2.63948889  3.0828626272900581e-10
   18.500000   2.70424717  3.0795640785675448e-10
   18.500000   2.76900006  3.0765519127349033e-10
   18.500000   2.83374417  3.0738949364092885e-10
   18.500000   2.89847256  3.0716556473694346e-10
   18.500000   2.96316844  3.0698880073908223e-10
   18.500000   3.02777863  3.0686354126834500e-10
   18.500000   3.09200950  3.0679287976686916e-10
   18.750000   0.04958315  2.6338765154757545e-10
   18.750000   0.11381403  2.6344755059066414e-10
   18.750000   0.17842421  2.6355386093264052e-10
   18.750000   0.24312010  2.6370417625551212e-10
   18.750000   0.30784849  2.6389511519351016e-10
   18.750000   0.37259260  2.6412246907380107e-10
   18.750000   0.43734549  2.6438135707517458e-10
   18.750000   0.50210377  2.6466639659649089e-10
   18.750000   0.56686560  2.6497188041408079e-10
   18.750000   0.63162987  2.6529194838527455e-10
   18.750000   0.69639591  2.6562075159841160e-10
   18.750000   0.76116325  2.6595259369819890e-10
   18.750000   0.82593158  2.6628205178636872e-10
   18.750000   0.89070068  2.6660407027364063e-10
   18.750000   0.95547037  2.6691402893320385e-10
   18.750000   1.02024053  2.6720778431920689e-10
   18.750000   1.08501108  2.6748168777556164e-10
   18.750000   1.14978193  2.6773258447729584e-10
   18.750000   1.21455301  2.6795779738399080e-10
   18.750000   1.27932429  2.6815509862165149e-10
   18.750000   1.34409571  2.6832267833670352e-10
   18.750000   1.40886724  2.6845910876840876e-10
   18.750000   1.47363885  2.6856331151282577e-10
   18.750000   1.53841049  2.6863453016245625e-10
   18.750000   1.60318216  2.6867231245702753e-10
   18.750000   1.66795381  2.6867649859493821e-10
   18.750000   1.73272541  2.6864722343231540e-10
   18.750000   1.79749694  2.6858492686225088e-10
   18.750000   1.86226837  2.6849037445958319e-10
   18.750000   1.92703964  2.6836468659442116e-10
   18.750000   1.99181073  2.6820937199549964e-10
   18.750000   2.05658157  2.6802636341255690e-10
   18.750000   2.12135212  2.6781805373480697e-10
   18.750000   2.18612229  2.6758732190920359e-10
   18.750000   2.25089198  2.6733755221152953e-10
   18.750000   2.31566107  2.6707263710956910e-10
   18.750000   2.38042940  2.6679695803481217e-10
   18.750000   2.44519674  2.6651534577957882e-10
   18.750000   2.50996278  2.6623301462507559e-10
   18.750000   2.57472706  2.6595546746902354e-10
   18.750000   2.63948889  2.6568837806705283e-10
   18.750000   2.70424717  2.6543744606303696e-10
   18.750000   2.76900006  2.6520823856644443e-10
   18.750000   2.83374417  2.6500601619683396e-10
   18.750000   2.89847256  2.6483555505923806e-10
   18.750000   2.96316844  2.6470098075101366e-10
   18.750000   3.02777863  2.6460560964535465e-10
   18.750000   3.09200950  2.6455180588422755e-10
   19.000000   0.04958315  2.2704919456604571e-10
   19.000000   0.11381403  2.2709537172963701e-10
   19.000000   0.17842421  2.2717733488801102e-10
   19.000000   0.24312010  2.2729324075809633e-10
   19.000000   0.30784849  2.2744049869239932e-10
   19.000000   0.37259260  2.2761588346976271e-10
   19.000000   0.43734549  2.2781565307830320e-10
   19.000000   0.50210377  2.2803568135076382e-10
   19.000000   0.56686560  2.2827159039792573e-10
   19.000000   0.63162987  2.2851888519911705e-10
   19.000000   0.69639591  2.2877307508859670e-10
   19.000000   0.76116325  2.2902978545368133e-10
   19.000000   0.82593158  2.2928484964703472e-10
   19.000000   0.89070068  2.2953437992411621e-10
   19.000000   0.95547037  2.2977482091492379e-10
   19.000000   1.02024053  2.3000298088162675e-10
   19.000000   1.08501108  2.3021604654344111e-10
   19.000000   1.14978193  2.3041158194957404e-10
   19.000000   1.21455301  2.3058751684897309e-10
   19.000000   1.27932429  2.3074212608757288e-10
   19.000000   1.34409571  2.3087400359269997e-10
   19.000000   1.40886724  2.3098203726735635e-10
   19.000000   1.47363885  2.3106538334170016e-10
   19.000000   1.53841049  2.3112344591215358e-10
   19.000000   1.60318216  2.3115586200793544e-10
   19.000000   1.66795381  2.3116249555619736e-10
   19.000000   1.73272541  2.3114343604596331e-10
   19.000000   1.79749694  2.3109900822117786e-10
   19.000000   1.86226837  2.3102978808331630e-10
   19.000000   1.92703964  2.3093662402768276e-10
   19.000000   1.99181073  2.3082066308240069e-10
   19.000000   2.05658157  2.3068337849065782e-10
   19.000000   2.12135212  2.3052659591827583e-10
   19.000000   2.18612229  2.3035251461765755e-10
   19.000000   2.25089198  2.3016372171612795e-10
   19.000000   2.31566107  2.2996319258299794e-10
   19.000000   2.38042940  2.2975427800281470e-10
   19.000000   2.44519674  2.2954067263733839e-10
   19.000000   2.50996278  2.2932636413589429e-10
   19.000000   2.57472706  2.2911556125032103e-10
   19.000000   2.63948889  2.2891260231200519e-10
   19.000000   2.70424717  2.2872184673012876e-10
   19.000000   2.76900006  2.2854755044863464e-10
   19.000000   2.83374417  2.2839373545104266e-10
   19.000000   2.89847256  2.2826405354437281e-10
   19.000000   2.96316844  2.2816165787497964e-10
   19.000000   3.02777863  2.2808908378894926e-10
   19.000000   3.09200950  2.2804813804643797e-10
   19.250000   0.04958315  1.9566735534220236e-10
   19.250000   0.11381403  1.9570298570599159e-10
   19.250000   0.17842421  1.9576623422386477e-10
   19.250000   0.24312010  1.9585568859163070e-10
   19.250000   0.30784849  1.9596936265389750e-10
   19.250000   0.37259260  1.9610478388681212e-10
   19.250000   0.43734549  1.9625908319483327e-10
   19.250000   0.50210377  1.9642909538945164e-10
   19.250000   0.56686560  1.9661146156634171e-10
   19.250000   0.63162987  1.9680273087690507e-10
   19.250000   0.69639591  1.9699945591047232e-10
   19.250000   0.76116325  1.9719827488284599e-10
   19.250000   0.82593158  1.9739598479126877e-10
   19.250000   0.89070068  1.9758959471967135e-10
   19.250000   0.95547037  1.9777636699515675e-10
   19.250000   1.02024053  1.9795384195031915e-10
   19.250000   1.08501108  1.9811984899344167e-10
   19.250000   1.14978193  1.9827250627502539e-10
   19.250000   1.21455301  1.9841021162390164e-10
   19.250000   1.27932429  1.9853162718470690e-10
   19.250000   1.34409571  1.9863566029145502e-10
   19.250000   1.40886724  1.9872144316072928e-10
   19.250000   1.47363885  1.9878831449248184e-10
   19.250000   1.53841049  1.9883580410434564e-10
   19.250000   1.60318216  1.9886362052153874e-10
   19.250000   1.66795381  1.9887164650925172e-10
   19.250000   1.73272541  1.9885993919567913e-10
   19.250000   1.79749694  1.9882873697691728e-10
   19.250000   1.86226837  1.9877847131662544e-10
   19.250000   1.92703964  1.9870978323421980e-10
   19.250000   1.99181073  1.9862354381903776e-10
   19.250000   2.05658157  1.9852087438787611e-10
   19.250000   2.12135212  1.9840316716253379e-10
   19.250000   2.18612229  1.9827210141799946e-10
   19.250000   2.25089198  1.9812965344119730e-10
   19.250000   2.31566107  1.9797809710327004e-10
   19.250000   2.38042940  1.9781999476813179e-10
   19.250000   2.44519674  1.9765817082873962e-10
   19.250000   2.50996278  1.9749567532287970e-10
   19.250000   2.57472706  1.9733572634889402e-10
   19.250000   2.63948889  1.9718164210041610e-10
   19.250000   2.70424717  1.9703675510709742e-10
   19.250000   2.76900006  1.9690432113378051e-10
   19.250000   2.83374417  1.9678741402241387e-10
   19.250000   2.89847256  1.9668882665847984e-10
   19.250000   2.96316844  1.9661096954870255e-10
   19.250000   3.02777863  1.9655578025058267e-10
   19.250000   3.09200950  1.9652464070601109e-10
   19.500000   0.04958315  1.6858226749561219e-10
   19.500000   0.11381403  1.6860978589221986e-10
   19.500000   0.17842421  1.6865863976068171e-10
   19.500000   0.24312010  1.6872774593372068e-10
   19.500000   0.30784849  1.6881558169856919e-10
   19.500000   0.37259260  1.6892025054497194e-10
   19.500000   0.43734549  1.6903955152325943e-10
   19.500000   0.50210377  1.6917105576843532e-10
   19.500000   0.56686560  1.6931218513115540e-10
   19.500000   0.63162987  1.6946028980680127e-10
   19.500000   0.69639591  1.6961272094168623e-10
   19.500000   0.76116325  1.6976689479974518e-10
   19.500000   0.82593158  1.6992034783509285e-10
   19.500000   0.89070068  1.7007077761779904e-10
   19.500000   0.95547037  1.7021607555707504e-10
   19.500000   1.02024053  1.7035434463105799e-10
   19.500000   1.08501108  1.7048390906915935e-10
   19.500000   1.14978193  1.7060331406843958e-10
   19.500000   1.21455301  1.7071131856189246e-10
   19.500000   1.27932429  1.7080688438389541e-10
   19.500000   1.34409571  1.7088916079803498e-10
   19.500000   1.40886724  1.7095747060597770e-10
   19.500000   1.47363885  1.7101129436492171e-10
   19.500000   1.53841049  1.7105026000883909e-10
   19.500000   1.60318216  1.7107413202083453e-10
   19.500000   1.66795381  1.7108281106503513e-10
   19.500000   1.73272541  1.7107633039904266e-10
   19.500000   1.79749694  1.7105486304187210e-10
   19.500000   1.86226837  1.7101873119520014e-10
   19.500000   1.92703964  1.7096841835772130e-10
   19.500000   1.99181073  1.7090458460616665e-10
   19.500000   2.05658157  1.7082808247232919e-10
   19.500000   2.12135212  1.7073997262875718e-10
   19.500000   2.18612229  1.7064153637543921e-10
   19.500000   2.25089198  1.7053428226887240e-10
   19.500000   2.31566107  1.7041994795957598e-10
   19.500000   2.38042940  1.7030049168029712e-10
   19.500000   2.44519674  1.7017807299427859e-10
   19.500000   2.50996278  1.7005502326702179e-10
   19.500000   2.57472706  1.6993380401845797e-10
   19.500000   2.63948889  1.6981695194250132e-10
   19.500000   2.70424717  1.6970701597182290e-10
   19.500000   2.76900006  1.6960648489774440e-10
   19.500000   2.83374417  1.6951770962545793e-10
   19.500000   2.89847256  1.6944282526652683e-10
   19.500000   2.96316844  1.6938367474067414e-10
   19.500000   3.02777863  1.6934173965933231e-10
   19.500000   3.09200950  1.6931807645192743e-10
   19.750000   0.04958315  1.4521751968087768e-10
   19.750000   0.11381403  1.4523879461259269e-10
   19.750000   0.17842421  1.4527656834428410e-10
   19.750000   0.24312010  1.4533001025629108e-10
   19.750000   0.30784849  1.4539795214550757e-10
   19.750000   0.37259260  1.4547893881331698e-10
   19.750000   0.43734549  1.4557128147639656e-10
   19.750000   0.50210377  1.4567311505593956e-10
   19.750000   0.56686560  1.4578245982556220e-10
   19.750000   0.63162987  1.4589728034652963e-10
   19.750000   0.69639591  1.4601554055026098e-10
   19.750000   0.76116325  1.4613525387369711e-10
   19.750000   0.82593158  1.4625452361272612e-10
   19.750000   0.89070068  1.4637157783787738e-10
   19.750000   0.95547037  1.4648479052874714e-10
   19.750000   1.02024053  1.4659269816481905e-10
   19.750000   1.08501108  1.4669400573447142e-10
   19.750000   1.14978193  1.4678758769964797e-10
   19.750000   1.21455301  1.4687248229101944e-10
   19.750000   1.27932429  1.4694788272504151e-10
   19.750000   1.34409571  1.4701312604120704e-10
   19.750000   1.40886724  1.4706768259062925e-10
   19.750000   1.47363885  1.4711114426008129e-10
   19.750000   1.53841049  1.4714321488042602e-10
   19.750000   1.60318216  1.4716370551726369e-10
   19.750000   1.66795381  1.4717252947483719e-10
   19.750000   1.73272541  1.4716970460013032e-10
   19.750000   1.79749694  1.4715535476520897e-10
   19.750000   1.86226837  1.4712971976814989e-10
   19.750000   1.92703964  1.4709316254346724e-10
   19.750000   1.99181073  1.4704618272428829e-10
   19.750000   2.05658157  1.4698942749044395e-10
   19.750000   2.12135212  1.4692370414733404e-10
   19.750000   2.18612229  1.4684998913897656e-10
   19.750000   2.25089198  1.4676943413758143e-10
   19.750000   2.31566107  1.4668336563356718e-10
   19.750000   2.38042940  1.4659328005220835e-10
   19.750000   2.44519674  1.4650082745147562e-10
   19.750000   2.50996278  1.4640779075914479e-10
   19.750000   2.57472706  1.4631605072902092e-10
   19.750000   2.63948889  1.4622754805652547e-10
   19.750000   2.70424717  1.4614423155827903e-10
   19.750000   2.76900006  1.4606800371366120e-10
   19.750000   2.83374417  1.4600066205965843e-10
   19.750000   2.89847256  1.4594383973865227e-10
   19.750000   2.96316844  1.4589894527509627e-10
   19.750000   3.02777863  1.4586711172160011e-10
   19.750000   3.09200950  1.4584914674526792e-10
   20.000000   0.04958315  1.2507078174242000e-10
   20.000000   0.11381403  1.2508724763262109e-10
   20.000000   0.17842421  1.2511648647407332e-10
   20.000000   0.24312010  1.2515786068669437e-10
   20.000000   0.30784849  1.2521047393213681e-10
   20.000000   0.37259260  1.2527320852035801e-10
   20.000000   0.43734549  1.2534476854460332e-10
   20.000000   0.50210377  1.2542372187636530e-10
   20.000000   0.56686560  1.2550854717759287e-10
   20.000000   0.63162987  1.2559767978813396e-10
   20.000000   0.69639591  1.2568955431569296e-10
   20.000000   0.76116325  1.2578264230377243e-10
   20.000000   0.82593158  1.2587548335131042e-10
   20.000000   0.89070068  1.2596671207505125e-10
   20.000000   0.95547037  1.2605507457349545e-10
   20.000000   1.02024053  1.2613944056893245e-10
   20.000000   1.08501108  1.2621880905573554e-10
   20.000000   1.14978193  1.2629230811494011e-10
   20.000000   1.21455301  1.2635919152299683e-10
   20.000000   1.27932429  1.2641883227670932e-10
   20.000000   1.34409571  1.2647071260399175e-10
   20.000000   1.40886724  1.2651441786790661e-10
   20.000000   1.47363885  1.2654962588846950e-10
   20.000000   1.53841049  1.2657610142710210e-10
   20.000000   1.60318216  1.2659369191125258e-10
   20.000000   1.66795381  1.2660232235762367e-10
   20.000000   1.73272541  1.2660199905125279e-10
   20.000000   1.79749694  1.2659281023433084e-10
   20.000000   1.86226837  1.2657493231603171e-10
   20.000000   1.92703964  1.2654863781193808e-10
   20.000000   1.99181073  1.2651430319410943e-10
   20.000000   2.05658157  1.2647241965367990e-10
   20.000000   2.12135212  1.2642360062099444e-10
   20.000000   2.18612229  1.2636858968345364e-10
   20.000000   2.25089198  1.2630826458700221e-10
   20.000000   2.31566107  1.2624363837363251e-10
   20.000000   2.38042940  1.2617585353418499e-10
   20.000000   2.44519674  1.2610617071055189e-10
   20.000000   2.50996278  1.2603595245276765e-10
   20.000000   2.57472706  1.2596663690539002e-10
   20.000000   2.63948889  1.2589970716375123e-10
   20.000000   2.70424717  1.2583665296208827e-10
   20.000000   2.76900006  1.2577892939460292e-10
   20.000000   2.83374417  1.2572791092221124e-10
   20.000000   2.89847256  1.2568484554692890e-10
   20.000000   2.96316844  1.2565081059925264e-10
   20.000000   3.02777863  1.2562667270095970e-10
   20.000000   3.09200950  1.2561304864273755e-10
   20.500000   0.04958315  9.2741295609580489e-11
   20.500000   0.11381403  9.2751194384935019e-11
   20.500000   0.17842421  9.2768776410643124e-11
   20.500000   0.24312010  9.2793665838857921e-11
   20.500000   0.30784849  9.2825333939191445e-11
   20.500000   0.37259260  9.2863121303024979e-11
   20.500000   0.43734549  9.2906263309077316e-11
   20.500000   0.50210377  9.2953913604086192e-11
   20.500000   0.56686560  9.3005173218752795e-11
   20.500000   0.63162987  9.3059116639135673e-11
   20.500000   0.69639591  9.3114817165333317e-11
   20.500000   0.76116325  9.3171367697126644e-11
   20.500000   0.82593158  9.3227901812074273e-11
   20.500000   0.89070068  9.3283606981262260e-11
   20.500000   0.95547037  9.3337735483716225e-11
   20.500000   1.02024053  9.3389612682028945e-11
   20.500000   1.08501108  9.3438638362553900e-11
   20.500000   1.14978193  9.3484288335463230e-11
   20.500000   1.21455301  9.3526112016405800e-11
   20.500000   1.27932429  9.3563728012376772e-11
   20.500000   1.34409571  9.3596820590112373e-11
   20.500000   1.40886724  9.3625133128465549e-11
   20.500000   1.47363885  9.3648464860607924e-11
   20.500000   1.53841049  9.3666665979488285e-11
   20.500000   1.60318216  9.3679634362669587e-11
   20.500000   1.66795381  9.3687316106881199e-11
   20.500000   1.73272541  9.3689703487628818e-11
   20.500000   1.79749694  9.3686838517738548e-11
   20.500000   1.86226837  9.3678815279134696e-11
   20.500000   1.92703964  9.3665784608564241e-11
   20.500000   1.99181073  9.3647959208431742e-11
   20.500000   2.05658157  9.3625619818002696e-11
   20.500000   2.12135212  9.3599118902009477e-11
   20.500000   2.18612229  9.3568886716185598e-11
   20.500000   2.25089198  9.3535431576553559e-11
   20.500000   2.31566107  9.3499342779433261e-11
   20.500000   2.38042940  9.3461285197838201e-11
   20.500000   2.44519674  9.3421993903088850e-11
   20.500000   2.50996278  9.3382264091026063e-11
   20.500000   2.57472706  9.3342934826790582e-11
   20.500000   2.63948889  9.3304872477211596e-11
   20.500000   2.70424717  9.3268947730432946e-11
   20.500000   2.76900006  9.3236010177559091e-11
   20.500000   2.83374417  9.3206863744069161e-11
   20.500000   2.89847256  9.3182237586391245e-11
   20.500000   2.96316844  9.3162761277480336e-11
   20.500000   3.02777863  9.3148941382794216e-11
   20.500000   3.09200950  9.3141138935196182e-11
   21.000000   0.04958315  6.8747356049082164e-11
   21.000000   0.11381403  6.8753338957380220e-11
   21.000000   0.17842421  6.8763969056941847e-11
   21.000000   0.24312010  6.8779024128391058e-11
   21.000000   0.30784849  6.8798191883973935e-11
   21.000000   0.37259260  6.8821083026871246e-11
   21.000000   0.43734549  6.8847244377466669e-11
   21.000000   0.50210377  6.8876175873772731e-11
   21.000000   0.56686560  6.8907345043839109e-11
   21.000000   0.63162987  6.8940203016589809e-11
   21.000000   0.69639591  6.8974199608337143e-11
   21.000000   0.76116325  6.9008796224570081e-11
   21.000000   0.82593158  6.9043476426939714e-11
   21.000000   0.89070068  6.9077756320865097e-11
   21.000000   0.95547037  6.9111188529432268e-11
   21.000000   1.02024053  6.9143368563507343e-11
   21.000000   1.08501108  6.9173935577543057e-11
   21.000000   1.14978193  6.9202572934924250e-11
   21.000000   1.21455301  6.9229007052030221e-11
   21.000000   1.27932429  6.9253005280618764e-11
   21.000000   1.34409571  6.9274372646477063e-11
   21.000000   1.40886724  6.9292950537192284e-11
   21.000000   1.47363885  6.9308611791876916e-11
   21.000000   1.53841049  6.9321259693959190e-11
   21.000000   1.60318216  6.9330826037652324e-11
   21.000000   1.66795381  6.9337270885867220e-11
   21.000000   1.73272541  6.9340581819630815e-11
   21.000000   1.79749694  6.9340776359443631e-11
   21.000000   1.86226837  6.9337901897124911e-11
   21.000000   1.92703964  6.9332039880537487e-11
   21.000000   1.99181073  6.9323309704446490e-11
   21.000000   2.05658157  6.9311868718616023e-11
   21.000000   2.12135212  6.9297918840987093e-11
   21.000000   2.18612229  6.9281706692684064e-11
   21.000000   2.25089198  6.9263526670002048e-11
   21.000000   2.31566107  6.9243719210823542e-11
   21.000000   2.38042940  6.9222670379804603e-11
   21.000000   2.44519674  6.9200807749506981e-11
   21.000000   2.50996278  6.9178594152804923e-11
   21.000000   2.57472706  6.9156519108597852e-11
   21.000000   2.63948889  6.9135087732916927e-11
   21.000000   2.70424717  6.9114807881494697e-11
   21.000000   2.76900006  6.9096175938808334e-11
   21.000000   2.83374417  6.9079661261058176e-11
   21.000000   2.89847256  6.9065689411073635e-11
   21.000000   2.96316844  6.9054628741982954e-11
   21.000000   3.02777863  6.9046774716749063e-11
   21.000000   3.09200950  6.9042338509887733e-11
   21.500000   0.04958315  5.0953560468742783e-11
   21.500000   0.11381403  5.0957199279818913e-11
   21.500000   0.17842421  5.0963666506766374e-11
   21.500000   0.24312010  5.0972830702681889e-11
   21.500000   0.30784849  5.0984507329151017e-11
   21.500000   0.37259260  5.0998465309059542e-11
   21.500000   0.43734549  5.1014436877073144e-11
   21.500000   0.50210377  5.1032124330417769e-11
   21.500000   0.56686560  5.1051212594799900e-11
   21.500000   0.63162987  5.1071374916017739e-11
   21.500000   0.69639591  5.1092284347263425e-11
   21.500000   0.76116325  5.1113619764991895e-11
   21.500000   0.82593158  5.1135073112667883e-11
   21.500000   0.89070068  5.1156353899062714e-11
   21.500000   0.95547037  5.1177195154856037e-11
   21.500000   1.02024053  5.1197352746927412e-11
   21.500000   1.08501108  5.1216608430367958e-11
   21.500000   1.14978193  5.1234770749146650e-11
   21.500000   1.21455301  5.1251671978427982e-11
   21.500000   1.27932429  5.1267169541609788e-11
   21.500000   1.34409571  5.1281142637730897e-11
   21.500000   1.40886724  5.1293491467028749e-11
   21.500000   1.47363885  5.1304134784841375e-11
   21.500000   1.53841049  5.1313010031790497e-11
   21.500000   1.60318216  5.1320070384538235e-11
   21.500000   1.66795381  5.1325287150936724e-11
   21.500000   1.73272541  5.1328646726397049e-11
   21.500000   1.79749694  5.1330153457325151e-11
   21.500000   1.86226837  5.1329829616087071e-11
   21.500000   1.92703964  5.1327718632123869e-11
   21.500000   1.99181073  5.1323884231769574e-11
   21.500000   2.05658157  5.1318414970672479e-11
   21.500000   2.12135212  5.1311424802453260e-11
   21.500000   2.18612229  5.1303053417782876e-11
   21.500000   2.25089198  5.1293470647002346e-11
   21.500000   2.31566107  5.1282871907434502e-11
   21.500000   2.38042940  5.1271481104040764e-11
   21.500000   2.44519674  5.1259545691362585e-11
   21.500000   2.50996278  5.1247334326826042e-11
   21.500000   2.57472706  5.1235131958093418e-11
   21.500000   2.63948889  5.1223232133259013e-11
   21.500000   2.70424717  5.1211931262316143e-11
   21.500000   2.76900006  5.1201518593252474e-11
   21.500000   2.83374417  5.1192267606006336e-11
   21.500000   2.89847256  5.1184427193526156e-11
   21.500000   2.96316844  5.1178211648008961e-11
   21.500000   3.02777863  5.1173793895429503e-11
   21.500000   3.09200950  5.1171296874987711e-11
   22.000000   0.04958315  3.7764351609793326e-11
   22.000000   0.11381403  3.7766580558188029e-11
   22.000000   0.17842421  3.7770543413194558e-11
   22.000000   0.24312010  3.7776162401706486e-11
   22.000000   0.30784849  3.7783327907027296e-11
   22.000000   0.37259260  3.7791903156073775e-11
   22.000000   0.43734549  3.7801728428390348e-11
   22.000000   0.50210377  3.7812627360352640e-11
   22.000000   0.56686560  3.7824412194083771e-11
   22.000000   0.63162987  3.7836888209592880e-11
   22.000000   0.69639591  3.7849860408141765e-11
   22.000000   0.76116325  3.7863136613183049e-11
   22.000000   0.82593158  3.7876532876762947e-11
   22.000000   0.89070068  3.7889874332530376e-11
   22.000000   0.95547037  3.7903000174418534e-11
   22.000000   1.02024053  3.7915762947241186e-11
   22.000000   1.08501108  3.7928030009300675e-11
   22.000000   1.14978193  3.7939684539214632e-11
   22.000000   1.21455301  3.7950623822165022e-11
   22.000000   1.27932429  3.7960759137526618e-11
   22.000000   1.34409571  3.7970015293790076e-11
   22.000000   1.40886724  3.7978328746348787e-11
   22.000000   1.47363885  3.7985647193888987e-11
   22.000000   1.53841049  3.7991929389688527e-11
   22.000000   1.60318216  3.7997143406312477e-11
   22.000000   1.66795381  3.8001267489084967e-11
   22.000000   1.73272541  3.8004289816937569e-11
   22.000000   1.79749694  3.8006208214688215e-11
   22.000000   1.86226837  3.8007032155138847e-11
   22.000000   1.92703964  3.8006782376886768e-11
   22.000000   1.99181073  3.8005493098504198e-11
   22.000000   2.05658157  3.8003212217008039e-11
   22.000000   2.12135212  3.8000002908875315e-11
   22.000000   2.18612229  3.7995944544255422e-11
   22.000000   2.25089198  3.7991133105898826e-11
   22.000000   2.31566107  3.7985681130292214e-11
   22.000000   2.38042940  3.7979716332365686e-11
   22.000000   2.44519674  3.7973382537214588e-11
   22.000000   2.50996278  3.7966834367404593e-11
   22.000000   2.57472706  3.7960237224814105e-11
   22.000000   2.63948889  3.7953761713412823e-11
   22.000000   2.70424717  3.7947579960434686e-11
   22.000000   2.76900006  3.7941860286540632e-11
   22.000000   2.83374417  3.7936761877115695e-11
   22.000000   2.89847256  3.7932429743714753e-11
   22.000000   2.96316844  3.7928988653036510e-11
   22.000000   3.02777863  3.7926539545154705e-11
   22.000000   3.09200950  3.7925154342792020e-11
   22.500000   0.04958315  2.7991023096637948e-11
   22.500000   0.11381403  2.7992399371538409e-11
   22.500000   0.17842421  2.7994847561652164e-11
   22.500000   0.24312010  2.7998321377093915e-11
   22.500000   0.30784849  2.8002755590669727e-11
   22.500000   0.37259260  2.8008068573457989e-11
   22.500000   0.43734549  2.8014165624596541e-11
   22.500000   0.50210377  2.8020941173322657e-11
   22.500000   0.56686560  2.8028283584540741e-11
   22.500000   0.63162987  2.8036076111366729e-11
   22.500000   0.69639591  2.8044202377970432e-11
   22.500000   0.76116325  2.8052547017024352e-11
   22.500000   0.82593158  2.8060999342401304e-11
   22.500000   0.89070068  2.8069453935801890e-11
   22.500000   0.95547037  2.8077813203774890e-11
   22.500000   1.02024053  2.8085988078178598e-11
   22.500000   1.08501108  2.8093897337572386e-11
   22.500000   1.14978193  2.8101468927076478e-11
   22.500000   1.21455301  2.8108639518717343e-11
   22.500000   1.27932429  2.8115353920805662e-11
   22.500000   1.34409571  2.8121564151885182e-11
   22.500000   1.40886724  2.8127229822799532e-11
   22.500000   1.47363885  2.8132316938172731e-11
   22.500000   1.53841049  2.8136797769412349e-11
   22.500000   1.60318216  2.8140650267740072e-11
   22.500000   1.66795381  2.8143858271599294e-11
   22.500000   1.73272541  2.8146411544495775e-11
   22.500000   1.79749694  2.8148305890532632e-11
   22.500000   1.86226837  2.8149543171474466e-11
   22.500000   1.92703964  2.8150132760195103e-11
   22.500000   1.99181073  2.8150092312917342e-11
   22.500000   2.05658157  2.8149446557798604e-11
   22.500000   2.12135212  2.8148230231178218e-11
   22.500000   2.18612229  2.8146486827106443e-11
   22.500000   2.25089198  2.8144271223091906e-11
   22.500000   2.31566107  2.8141645971975770e-11
   22.500000   2.38042940  2.8138685193270798e-11
   22.500000   2.44519674  2.8135470454526969e-11
   22.500000   2.50996278  2.8132091036038355e-11
   22.500000   2.57472706  2.8128642532564478e-11
   22.500000   2.63948889  2.8125223608048115e-11
   22.500000   2.70424717  2.8121933468733103e-11
   22.500000   2.76900006  2.8118870453130993e-11
   22.500000   2.83374417  2.8116126723424478e-11
   22.500000   2.89847256  2.8113786087610914e-11
   22.500000   2.96316844  2.8111921816679636e-11
   22.500000   3.02777863  2.8110592290895488e-11
   22.500000   3.09200950  2.8109839355272426e-11
   23.000000   0.04958315  2.0749852167902082e-11
   23.000000   0.11381403  2.0750709848967172e-11
   23.000000   0.17842421  2.0752236519120278e-11
   23.000000   0.24312010  2.0754403919403068e-11
   23.000000   0.30784849  2.0757173524011054e-11
   23.000000   0.37259260  2.0760497269331766e-11
   23.000000   0.43734549  2.0764317318133633e-11
   23.000000   0.50210377  2.0768571701727000e-11
   23.000000   0.56686560  2.0773192715065442e-11
   23.000000   0.63162987  2.0778110942243325e-11
   23.000000   0.69639591  2.0783255830524322e-11
   23.000000   0.76116325  2.0788558814398415e-11
   23.000000   0.82593158  2.0793952002478104e-11
   23.000000   0.89070068  2.0799372355949522e-11
   23.000000   0.95547037  2.0804759977527987e-11
   23.000000   1.02024053  2.0810060614579921e-11
   23.000000   1.08501108  2.0815224185254121e-11
   23.000000   1.14978193  2.0820206508768136e-11
   23.000000   1.21455301  2.0824967905064123e-11
   23.000000   1.27932429  2.0829473071079323e-11
   23.000000   1.34409571  2.0833691587651133e-11
   23.000000   1.40886724  2.0837597747334737e-11
   23.000000   1.47363885  2.0841168962812928e-11
   23.000000   1.53841049  2.0844385925909637e-11
   23.000000   1.60318216  2.0847233693550845e-11
   23.000000   1.66795381  2.0849700476375227e-11
   23.000000   1.73272541  2.0851777648833761e-11
   23.000000   1.79749694  2.0853460030690344e-11
   23.000000   1.86226837  2.0854746923655913e-11
   23.000000   1.92703964  2.0855641183238933e-11
   23.000000   1.99181073  2.0856150886200269e-11
   23.000000   2.05658157  2.0856288498626114e-11
   23.000000   2.12135212  2.0856072587502155e-11
   23.000000   2.18612229  2.0855526551098997e-11
   23.000000   2.25089198  2.0854680392522341e-11
   23.000000   2.31566107  2.0853570065681308e-11
   23.000000   2.38042940  2.0852236177941160e-11
   23.000000   2.44519674  2.0850726011053036e-11
   23.000000   2.50996278  2.0849090148917238e-11
   23.000000   2.57472706  2.0847383564949769e-11
   23.000000   2.63948889  2.0845663190141259e-11
   23.000000   2.70424717  2.0843985888859996e-11
   23.000000   2.76900006  2.0842408617473506e-11
   23.000000   2.83374417  2.0840984705958604e-11
   23.000000   2.89847256  2.0839762891311277e-11
   23.000000   2.96316844  2.0838785241432607e-11
   23.000000   3.02777863  2.0838085884196652e-11
   23.000000   3.09200950  2.0837689129022872e-11
   23.500000   0.04958315  1.5384849599323134e-11
   23.500000   0.11381403  1.5385389562250849e-11
   23.500000   0.17842421  1.5386351016290926e-11
   23.500000   0.24312010  1.5387717563580241e-11
   23.500000   0.30784849  1.5389465609423170e-11
   23.500000   0.37259260  1.5391566307532446e-11
   23.500000   0.43734549  1.5393985691360346e-11
   23.500000   0.50210377  1.5396685971832761e-11
   23.500000   0.56686560  1.5399626769345592e-11
   23.500000   0.63162987  1.5402765899538385e-11
   23.500000   0.69639591  1.5406061349168652e-11
   23.500000   0.76116325  1.5409471018441814e-11
   23.500000   0.82593158  1.5412954140996196e-11
   23.500000   0.89070068  1.5416471950247202e-11
   23.500000   0.95547037  1.5419987907474743e-11
   23.500000   1.02024053  1.5423468868774749e-11
   23.500000   1.08501108  1.5426883591535140e-11
   23.500000   1.14978193  1.5430204245469944e-11
   23.500000   1.21455301  1.5433406108681697e-11
   23.500000   1.27932429  1.5436466875501110e-11
   23.500000   1.34409571  1.5439366907595286e-11
   23.500000   1.40886724  1.5442088565266199e-11
   23.500000   1.47363885  1.5444617587494028e-11
   23.500000   1.53841049  1.5446940433676678e-11
   23.500000   1.60318216  1.5449046838950967e-11
   23.500000   1.66795381  1.5450927638736724e-11
   23.500000   1.73272541  1.5452575974438594e-11
   23.500000   1.79749694  1.5453987414889820e-11
   23.500000   1.86226837  1.5455159580433933e-11
   23.500000   1.92703964  1.5456092380317671e-11
   23.500000   1.99181073  1.5456788904877043e-11
   23.500000   2.05658157  1.5457255016674678e-11
   23.500000   2.12135212  1.5457499554099859e-11
   23.500000   2.18612229  1.5457535475888583e-11
   23.500000   2.25089198  1.5457378481458048e-11
   23.500000   2.31566107  1.5457048380554072e-11
   23.500000   2.38042940  1.5456567623042544e-11
   23.500000   2.44519674  1.5455963261058447e-11
   23.500000   2.50996278  1.5455263436404164e-11
   23.500000   2.57472706  1.5454499888464558e-11
   23.500000   2.63948889  1.5453704469934604e-11
   23.500000   2.70424717  1.5452910319753227e-11
   23.500000   2.76900006  1.5452149975972839e-11
   23.500000   2.83374417  1.5451454360938730e-11
   23.500000   2.89847256  1.5450851207768279e-11
   23.500000   2.96316844  1.5450364845264780e-11
   23.500000   3.02777863  1.5450015095907923e-11
   23.500000   3.09200950  1.5449816066729525e-11
   24.000000   0.04958315  1.1409589235602865e-11
   24.000000   0.11381403  1.1409933197339092e-11
   24.000000   0.17842421  1.1410545362788924e-11
   24.000000   0.24312010  1.1411416425049306e-11
   24.000000   0.30784849  1.1412532267709083e-11
   24.000000   0.37259260  1.1413875583580215e-11
   24.000000   0.43734549  1.1415425496430158e-11
   24.000000   0.50210377  1.1417159611709699e-11
   24.000000   0.56686560  1.1419053342433807e-11
   24.000000   0.63162987  1.1421081409965963e-11
   24.000000   0.69639591  1.1423218173706532e-11
   24.000000   0.76116325  1.1425437705813964e-11
   24.000000   0.82593158  1.1427715504743116e-11
   24.000000   0.89070068  1.1430027687604855e-11
   24.000000   0.95547037  1.1432352130216465e-11
   24.000000   1.02024053  1.1434667329482231e-11
   24.000000   1.08501108  1.1436954554848186e-11
   24.000000   1.14978193  1.1439196188501977e-11
   24.000000   1.21455301  1.1441376171127981e-11
   24.000000   1.27932429  1.1443480215582400e-11
   24.000000   1.34409571  1.1445495151941611e-11
   24.000000   1.40886724  1.1447410203934792e-11
   24.000000   1.47363885  1.1449214786069300e-11
   24.000000   1.53841049  1.1450900422361233e-11
   24.000000   1.60318216  1.1452458969618058e-11
   24.000000   1.66795381  1.1453883945981159e-11
   24.000000   1.73272541  1.1455170554320787e-11
   24.000000   1.79749694  1.1456313843847292e-11
   24.000000   1.86226837  1.1457311897026970e-11
   24.000000   1.92703964  1.1458162938635253e-11
   24.000000   1.99181073  1.1458867597245105e-11
   24.000000   2.05658157  1.1459428259817040e-11
   24.000000   2.12135212  1.1459848827264991e-11
   24.000000   2.18612229  1.1460135748884131e-11
   24.000000   2.25089198  1.1460297290817165e-11
   24.000000   2.31566107  1.1460343440053169e-11
   24.000000   2.38042940  1.1460287511603290e-11
   24.000000   2.44519674  1.1460143704292667e-11
   24.000000   2.50996278  1.1459927823719794e-11
   24.000000   2.57472706  1.1459657777584273e-11
   24.000000   2.63948889  1.1459351485717419e-11
   24.000000   2.70424717  1.1459028014968778e-11
   24.000000   2.76900006  1.1458705802667747e-11
   24.000000   2.83374417  1.1458402514791027e-11
   24.000000   2.89847256  1.1458133703712988e-11
   24.000000   2.96316844  1.1457914039049325e-11
   24.000000   3.02777863  1.1457754385975112e-11
   24.000000   3.09200950  1.1457663001415175e-11
   24.500000   0.04958315  8.4636388812078728e-12
   24.500000   0.11381403  8.4638603089533654e-12
   24.500000   0.17842421  8.4642549177746456e-12
   24.500000   0.24312010  8.4648171079818448e-12
   24.500000   0.30784849  8.4655379249372420e-12
   24.500000   0.37259260  8.4664073331374997e-12
   24.500000   0.43734549  8.4674123065961788e-12
   24.500000   0.50210377  8.4685397243164423e-12
   24.500000   0.56686560  8.4697744549790133e-12
   24.500000   0.63162987  8.4711012616321612e-12
   24.500000   0.69639591  8.4725043345621236e-12
   24.500000   0.76116325  8.4739679679979837e-12
   24.500000   0.82593158  8.4754768966902250e-12
   24.500000   0.89070068  8.4770165198900822e-12
   24.500000   0.95547037  8.4785724721342539e-12
   24.500000   1.02024053  8.4801323246470676e-12
   24.500000   1.08501108  8.4816835689576939e-12
   24.500000   1.14978193  8.4832153215048113e-12
   24.500000   1.21455301  8.4847166744800337e-12
   24.500000   1.27932429  8.4861789586950664e-12
   24.500000   1.34409571  8.4875931570405603e-12
   24.500000   1.40886724  8.4889525642258869e-12
   24.500000   1.47363885  8.4902489097933365e-12
   24.500000   1.53841049  8.4914768632174987e-12
   24.500000   1.60318216  8.4926305461466690e-12
   24.500000   1.66795381  8.4937055180476879e-12
   24.500000   1.73272541  8.4946972307270053e-12
   24.500000   1.79749694  8.4956024676920904e-12
   24.500000   1.86226837  8.4964185452178219e-12
   24.500000   1.92703964  8.4971440214882449e-12
   24.500000   1.99181073  8.4977780811230129e-12
   24.500000   2.05658157  8.4983208834530772e-12
   24.500000   2.12135212  8.4987743108063956e-12
   24.500000   2.18612229  8.4991410287107087e-12
   24.500000   2.25089198  8.4994250905766493e-12
   24.500000   2.31566107  8.4996315960716324e-12
   24.500000   2.38042940  8.4997676192136653e-12
   24.500000   2.44519674  8.4998408230344160e-12
   24.500000   2.50996278  8.4998598187536122e-12
   24.500000   2.57472706  8.4998346793339842e-12
   24.500000   2.63948889  8.4997752001756345e-12
   24.500000   2.70424717  8.4996920848929449e-12
   24.500000   2.76900006  8.4995956268111731e-12
   24.500000   2.83374417  8.4994960899546731e-12
   24.500000   2.89847256  8.4994025883580054e-12
   24.500000   2.96316844  8.4993227741091917e-12
   24.500000   3.02777863  8.4992630277261854e-12
   24.500000   3.09200950  8.4992284303262299e-12
   25.000000   0.04958315  6.2800460051797038e-12
   25.000000   0.11381403  6.2801904306531114e-12
   25.000000   0.17842421  6.2804481064935828e-12
   25.000000   0.24312010  6.2808151168315223e-12
   25.000000   0.30784849  6.2812869474560372e-12
   25.000000   0.37259260  6.2818563402796742e-12
   25.000000   0.43734549  6.2825168115438244e-12
   25.000000   0.50210377  6.2832591850544368e-12
   25.000000   0.56686560  6.2840745579596994e-12
   25.000000   0.63162987  6.2849537558697503e-12
   25.000000   0.69639591  6.2858872313576496e-12
   25.000000   0.76116325  6.2868644488793636e-12
   25.000000   0.82593158  6.2878771738247662e-12
   25.000000   0.89070068  6.2889151767399274e-12
   25.000000   0.95547037  6.2899703364261543e-12
   25.000000   1.02024053  6.2910341494116186e-12
   25.000000   1.08501108  6.2920987854739943e-12
   25.000000   1.14978193  6.2931572276129014e-12
   25.000000   1.21455301  6.2942028543258707e-12
   25.000000   1.27932429  6.2952293040522528e-12
   25.000000   1.34409571  6.2962308173533354e-12
   25.000000   1.40886724  6.2972025593278897e-12
   25.000000   1.47363885  6.2981393704669086e-12
   25.000000   1.53841049  6.2990369688302392e-12
   25.000000   1.60318216  6.2998916472840283e-12
   25.000000   1.66795381  6.3006993284441911e-12
   25.000000   1.73272541  6.3014572628704187e-12
   25.000000   1.79749694  6.3021624417624723e-12
   25.000000   1.86226837  6.3028130273174123e-12
   25.000000   1.92703964  6.3034069241626775e-12
   25.000000   1.99181073  6.3039428446316155e-12
   25.000000   2.05658157  6.3044209600248656e-12
   25.000000   2.12135212  6.3048409303346895e-12
   25.000000   2.18612229  6.3052040445976060e-12
   25.000000   2.25089198  6.3055116972245360e-12
   25.000000   2.31566107  6.3057671477573151e-12
   25.000000   2.38042940  6.3059729323524883e-12
   25.000000   2.44519674  6.3061336874192667e-12
   25.000000   2.50996278  6.3062535981374996e-12
   25.000000   2.57472706  6.3063383694703823e-12
   25.000000   2.63948889  6.3063934305772129e-12
   25.000000   2.70424717  6.3064245380619576e-12
   25.000000   2.76900006  6.3064374222485425e-12
   25.000000   2.83374417  6.3064378401123239e-12
   25.000000   2.89847256  6.3064307187370463e-12
   25.000000   2.96316844  6.3064207697144489e-12
   25.000000   3.02777863  6.3064114455694365e-12
   25.000000   3.09200950  6.3064053115340220e-12
