# R_ang  theta_rad  Veff_hartree
    1.500000   0.04958315  6.9945013509321871e+02
    1.500000   0.11381403  3.9128725502107699e+02
    1.500000   0.17842421  1.5755032643456499e+02
    1.500000   0.24312010  5.2122054591540156e+01
    1.500000   0.30784849  1.5735416563962380e+01
    1.500000   0.37259260  4.8825119995053887e+00
    1.500000   0.43734549  1.8993356519853584e+00
    1.500000   0.50210377  1.0825127278669742e+00
    1.500000   0.56686560  8.0659986725092059e-01
    1.500000   0.63162987  6.5495994255386780e-01
    1.500000   0.69639591  5.3572520092723130e-01
    1.500000   0.76116325  4.3402942534827327e-01
    1.500000   0.82593158  3.4889924274106110e-01
    1.500000   0.89070068  2.7976599790180073e-01
    1.500000   0.95547037  2.2489139087152779e-01
    1.500000   1.02024053  1.8195801818957430e-01
    1.500000   1.08501108  1.4865758901825041e-01
    1.500000   1.14978193  1.2298753547406822e-01
    1.500000   1.21455301  1.0333956352230221e-01
    1.500000   1.27932429  8.8483582817175888e-02
    1.500000   1.34409571  7.7512319745958222e-02
    1.500000   1.40886724  6.9779807496428148e-02
    1.500000   1.47363885  6.4848061012153582e-02
    1.500000   1.53841049  6.2446798683991868e-02
    1.500000   1.60318216  6.2447010570469356e-02
    1.500000   1.66795381  6.4847862672575224e-02
    1.500000   1.73272541  6.9776394867311145e-02
    1.500000   1.79749694  7.7499915329663244e-02
    1.500000   1.86226837  8.8451402538983301e-02
    1.500000   1.92703964  1.0326806607859750e-01
    1.500000   1.99181073  1.2284162732972391e-01
    1.500000   2.05658157  1.4837424744120917e-01
    1.500000   2.12135212  1.8142341567355513e-01
    1.500000   2.18612229  2.2389779084770101e-01
    1.500000   2.25089198  2.7792866983609615e-01
    1.500000   2.31566107  3.4549214051075344e-01
    1.500000   2.38042940  4.2765071351144363e-01
    1.500000   2.44519674  5.2359435743415328e-01
    1.500000   2.50996278  6.3138783096525153e-01
    1.500000   2.57472706  7.5952930773766625e-01
    1.500000   2.63948889  9.8537380598405067e-01
    1.500000   2.70424717  1.6910753132612535e+00
    1.500000   2.76900006  4.4168411817010718e+00
    1.500000   2.83374417  1.4649432714629228e+01
    1.500000   2.89847256  4.9507220195419443e+01
    1.500000   2.96316844  1.5127266160699554e+02
    1.500000   3.02777863  3.7750099176521337e+02
    1.500000   3.09200950  6.7577943339346575e+02
    1.550000   0.04958315  2.5129902485058776e+02
    1.550000   0.11381403  1.5387348853299605e+02
    1.550000   0.17842421  6.9911646428030508e+01
    1.550000   0.24312010  2.6211662625942175e+01
    1.550000   0.30784849  9.0285608273082794e+00
    1.550000   0.37259260  3.2898953861892544e+00
    1.550000   0.43734549  1.5257461430727308e+00
    1.550000   0.50210377  9.6511984036660159e-01
    1.550000   0.56686560  7.3420904442628521e-01
    1.550000   0.63162987  5.9092283956907310e-01
    1.550000   0.69639591  4.7766636193995604e-01
    1.550000   0.76116325  3.8342247106103677e-01
    1.550000   0.82593158  3.0611603261307019e-01
    1.550000   0.89070068  2.4414752808250514e-01
    1.550000   0.95547037  1.9535133839744531e-01
    1.550000   1.02024053  1.5736514036065782e-01
    1.550000   1.08501108  1.2800135317554934e-01
    1.550000   1.14978193  1.0542242192215365e-01
    1.550000   1.21455301  8.8175424466433214e-02
    1.550000   1.27932429  7.5157567430890068e-02
    1.550000   1.34409571  6.5558311712931694e-02
    1.550000   1.40886724  5.8801304501303074e-02
    1.550000   1.47363885  5.4495822893167144e-02
    1.550000   1.53841049  5.2400688416345924e-02
    1.550000   1.60318216  5.2400776461610808e-02
    1.550000   1.66795381  5.4495430691983635e-02
    1.550000   1.73272541  5.8798222666301116e-02
    1.550000   1.79749694  6.5547979370205109e-02
    1.550000   1.86226837  7.5131454599626890e-02
    1.550000   1.92703964  8.8118049407718044e-02
    1.550000   1.99181073  1.0530595313324342e-01
    1.550000   2.05658157  1.2777579508014172e-01
    1.550000   2.12135212  1.5694024704927959e-01
    1.550000   2.18612229  1.9456268212802880e-01
    1.550000   2.25089198  2.4269150339716325e-01
    1.550000   2.31566107  3.0342243236827005e-01
    1.550000   2.38042940  3.7839823424776942e-01
    1.550000   2.44519674  4.6816589041951290e-01
    1.550000   2.50996278  5.7262079540207766e-01
    1.550000   2.57472706  6.9812890991741816e-01
    1.550000   2.63948889  8.9205706079790215e-01
    1.550000   2.70424717  1.3733800819283788e+00
    1.550000   2.76900006  2.9626842652532814e+00
    1.550000   2.83374417  8.3088984597937365e+00
    1.550000   2.89847256  2.4617778125810407e+01
    1.550000   2.96316844  6.6493717690417256e+01
    1.550000   3.02777863  1.4729842683941359e+02
    1.550000   3.09200950  2.4119014985295527e+02
    1.600000   0.04958315  9.8168883248420087e+01
    1.600000   0.11381403  6.4373550553821332e+01
    1.600000   0.17842421  3.2317419334031847e+01
    1.600000   0.24312010  1.3614912375381946e+01
    1.600000   0.30784849  5.3841042711064828e+00
    1.600000   0.37259260  2.3197263217616633e+00
    1.600000   0.43734549  1.2555887498233056e+00
    1.600000   0.50210377  8.5696624244599040e-01
    1.600000   0.56686560  6.6064533057278163e-01
    1.600000   0.63162987  5.2787956858838891e-01
    1.600000   0.69639591  4.2268204266149745e-01
    1.600000   0.76116325  3.3669039519572758e-01
    1.600000   0.82593158  2.6722698230944070e-01
    1.600000   0.89070068  2.1211193089328104e-01
    1.600000   0.95547037  1.6899242072778070e-01
    1.600000   1.02024053  1.3556545780186161e-01
    1.600000   1.08501108  1.0980079705347412e-01
    1.600000   1.14978193  9.0033269351554757e-02
    1.600000   1.21455301  7.4961882533875770e-02
    1.600000   1.27932429  6.3604897773400323e-02
    1.600000   1.34409571  5.5242572373027703e-02
    1.600000   1.40886724  4.9363497909735293e-02
    1.600000   1.47363885  4.5620931401171447e-02
    1.600000   1.53841049  4.3800752089526974e-02
    1.600000   1.60318216  4.3800734778340254e-02
    1.600000   1.66795381  4.5620365004541252e-02
    1.600000   1.73272541  4.9360648874239604e-02
    1.600000   1.79749694  5.5233856541097762e-02
    1.600000   1.86226837  6.3583601625984393e-02
    1.600000   1.92703964  7.4915807740503160e-02
    1.600000   1.99181073  8.9940477120773757e-02
    1.600000   2.05658157  1.0962189111858898e-01
    1.600000   2.12135212  1.3522941787605211e-01
    1.600000   2.18612229  1.6837016914608269e-01
    1.600000   2.25089198  2.1096607859397554e-01
    1.600000   2.31566107  2.6511430713489115e-01
    1.600000   2.38042940  3.3276840058349771e-01
    1.600000   2.44519674  4.1531640083690424e-01
    1.600000   2.50996278  5.1382907477612072e-01
    1.600000   2.57472706  6.3333312113843176e-01
    1.600000   2.63948889  8.0275005957750722e-01
    1.600000   2.70424717  1.1456574149443060e+00
    1.600000   2.76900006  2.0927438010853665e+00
    1.600000   2.83374417  4.9112561821264622e+00
    1.600000   2.89847256  1.2641167959721781e+01
    1.600000   2.96316844  3.0411242699806056e+01
    1.600000   3.02777863  6.1049892114278606e+01
    1.600000   3.09200950  9.3433580946806117e+01
    1.650000   0.04958315  4.1336417451465550e+01
    1.650000   0.11381403  2.8675886368616766e+01
    1.650000   0.17842421  1.5733562027690722e+01
    1.650000   0.24312010  7.4360418751797992e+00
    1.650000   0.30784849  3.3961587838432212e+00
    1.650000   0.37259260  1.7189338315222560e+00
    1.650000   0.43734549  1.0530877416819724e+00
    1.650000   0.50210377  7.5755818794971697e-01
    1.650000   0.56686560  5.8873961593421897e-01
    1.650000   0.63162987  4.6763868792467539e-01
    1.650000   0.69639591  3.7160747403340344e-01
    1.650000   0.76116325  2.9412281687186825e-01
    1.650000   0.82593158  2.3225321595236420e-01
    1.650000   0.89070068  1.8355548039082570e-01
    1.650000   0.95547037  1.4565557375871593e-01
    1.650000   1.02024053  1.1637734900444208e-01
    1.650000   1.08501108  9.3866973772764192e-02
    1.650000   1.14978193  7.6630713471544015e-02
    1.650000   1.21455301  6.3512080311682428e-02
    1.650000   1.27932429  5.3642197039085383e-02
    1.650000   1.34409571  4.6385187409903030e-02
    1.650000   1.40886724  4.1289388367931945e-02
    1.650000   1.47363885  3.8048460790504030e-02
    1.650000   1.53841049  3.6473136365010747e-02
    1.650000   1.60318216  3.6473034274117203e-02
    1.650000   1.66795381  3.8047752733638772e-02
    1.650000   1.73272541  4.1286719355363939e-02
    1.650000   1.79749694  4.6377752509076456e-02
    1.650000   1.86226837  5.3624736381450759e-02
    1.650000   1.92703964  6.3475030610233157e-02
    1.650000   1.99181073  7.6556875854894874e-02
    1.650000   2.05658157  9.3725491243260781e-02
    1.650000   2.12135212  1.1611270151843052e-01
    1.650000   2.18612229  1.4516717364527901e-01
    1.650000   2.25089198  1.8265920887441095e-01
    1.650000   2.31566107  2.3060762306409638e-01
    1.650000   2.38042940  2.9108491173369350e-01
    1.650000   2.44519674  3.6594580575970043e-01
    1.650000   2.50996278  4.5695298365181952e-01
    1.650000   2.57472706  5.6827169268703936e-01
    1.650000   2.63948889  7.1774281975658272e-01
    1.650000   2.70424717  9.7455671921652665e-01
    1.650000   2.76900006  1.5627193643951482e+00
    1.650000   2.83374417  3.0863869865223972e+00
    1.650000   2.89847256  6.8368933452138503e+00
    1.650000   2.96316844  1.4644149607107735e+01
    1.650000   3.02777863  2.6912836991550932e+01
    1.650000   3.09200950  3.8958190703079175e+01
    1.700000   0.04958315  1.8759436169196547e+01
    1.700000   0.11381403  1.3687982840653770e+01
    1.700000   0.17842421  8.1763396698876480e+00
    1.700000   0.24312010  4.3418056682796271e+00
    1.700000   0.30784849  2.2877463656248471e+00
    1.700000   0.37259260  1.3323730625931935e+00
    1.700000   0.43734549  8.9457258477803103e-01
    1.700000   0.50210377  6.6643934822002782e-01
    1.700000   0.56686560  5.2034302743176120e-01
    1.700000   0.63162987  4.1131670887377086e-01
    1.700000   0.69639591  3.2486209616786427e-01
    1.700000   0.76116325  2.5576231431326218e-01
    1.700000   0.82593158  2.0106697327387757e-01
    1.700000   0.89070068  1.5828385735366943e-01
    1.700000   0.95547037  1.2512696825942032e-01
    1.700000   1.02024053  9.9587220861185433e-02
    1.700000   1.08501108  7.9993932411010008e-02
    1.700000   1.14978193  6.5018491692838729e-02
    1.700000   1.21455301  5.3639237041676023e-02
    1.700000   1.27932429  4.5091040363034268e-02
    1.700000   1.34409571  3.8814592846626021e-02
    1.700000   1.40886724  3.4412626581959684e-02
    1.700000   1.47363885  3.1615563229686505e-02
    1.700000   1.53841049  3.0256749824739922e-02
    1.700000   1.60318216  3.0256583184114758e-02
    1.700000   1.66795381  3.1614750581648129e-02
    1.700000   1.73272541  3.4410112578238457e-02
    1.700000   1.79749694  3.8808190763106938e-02
    1.700000   1.86226837  4.5076646455610492e-02
    1.700000   1.92703964  5.3609388155709606e-02
    1.700000   1.99181073  6.4959772198920226e-02
    1.700000   2.05658157  7.9882305447250376e-02
    1.700000   2.12135212  9.9379541762829662e-02
    1.700000   2.18612229  1.2474535944758859e-01
    1.700000   2.25089198  1.5758652664121101e-01
    1.700000   2.31566107  1.9979290063222832e-01
    1.700000   2.38042940  2.5342487144651349e-01
    1.700000   2.44519674  3.2054173351153764e-01
    1.700000   2.50996278  4.0325281078272562e-01
    1.700000   2.57472706  5.0512686203400803e-01
    1.700000   2.63948889  6.3742834278802318e-01
    1.700000   2.70424717  8.3885540401731928e-01
    1.700000   2.76900006  1.2253281338466644e+00
    1.700000   2.83374417  2.0846683962281225e+00
    1.700000   2.89847256  3.9696042446941107e+00
    1.700000   2.96316844  7.5391390837861199e+00
    1.700000   3.02777863  1.2714666266497234e+01
    1.700000   3.09200950  1.7498761843770669e+01
    1.750000   0.04958315  9.2381385672802949e+00
    1.750000   0.11381403  7.0759411616326018e+00
    1.750000   0.17842421  4.5978845862795730e+00
    1.750000   0.24312010  2.7390523641527857e+00
    1.750000   0.30784849  1.6438478239163075e+00
    1.750000   0.37259260  1.0695921055596789e+00
    1.750000   0.43734549  7.6536766303288983e-01
    1.750000   0.50210377  5.8329293409713856e-01
    1.750000   0.56686560  4.5659381959196399e-01
    1.750000   0.63162987  3.5952723002252979e-01
    1.750000   0.69639591  2.8257668279017800e-01
    1.750000   0.76116325  2.2149060620244243e-01
    1.750000   0.82593158  1.7345032997195306e-01
    1.750000   0.89070068  1.3605229761245297e-01
    1.750000   0.95547037  1.0716561047287358e-01
    1.750000   1.02024053  8.4968621404341679e-02
    1.750000   1.08501108  6.7972044221284722e-02
    1.750000   1.14978193  5.5002770794069823e-02
    1.750000   1.21455301  4.5163171039662345e-02
    1.750000   1.27932429  3.7782488563995215e-02
    1.750000   1.34409571  3.2370703345442689e-02
    1.750000   1.40886724  2.8579678000336083e-02
    1.750000   1.47363885  2.6173028572217961e-02
    1.750000   1.53841049  2.5004530854475054e-02
    1.750000   1.60318216  2.5004318128763612e-02
    1.750000   1.66795381  2.6172147750308003e-02
    1.750000   1.73272541  2.8577309816807787e-02
    1.750000   1.79749694  3.2365149084561971e-02
    1.750000   1.86226837  3.7770558879986121e-02
    1.750000   1.92703964  4.5139066265159782e-02
    1.750000   1.99181073  5.4956074224162065e-02
    1.750000   2.05658157  6.7884124444984373e-02
    1.750000   2.12135212  8.4806130037862915e-02
    1.750000   2.18612229  1.0686860061245275e-01
    1.750000   2.25089198  1.3551225156012506e-01
    1.750000   2.31566107  1.7246904071296851e-01
    1.750000   2.38042940  2.1970239292825955e-01
    1.750000   2.44519674  2.7930000495354557e-01
    1.750000   2.50996278  3.5348050894694688e-01
    1.750000   2.57472706  4.4535336068068831e-01
    1.750000   2.63948889  5.6227716526908023e-01
    1.750000   2.70424717  7.2601378341885647e-01
    1.750000   2.76900006  9.9637248338628603e-01
    1.750000   2.83374417  1.5103213243327511e+00
    1.750000   2.89847256  2.5053813906698910e+00
    1.750000   2.96316844  4.2172054481248891e+00
    1.750000   3.02777863  6.5204155295457484e+00
    1.750000   3.09200950  8.5406118851813613e+00
    1.800000   0.04958315  4.9847745255206846e+00
    1.800000   0.11381403  4.0031095884198624e+00
    1.800000   0.17842421  2.8212501614575154e+00
    1.800000   0.24312010  1.8670552791041317e+00
    1.800000   0.30784849  1.2470943910015215e+00
    1.800000   0.37259260  8.7955273613949370e-01
    1.800000   0.43734549  6.5673197696336982e-01
    1.800000   0.50210377  5.0788383876803112e-01
    1.800000   0.56686560  3.9811427888185402e-01
    1.800000   0.63162987  3.1252751111011529e-01
    1.800000   0.69639591  2.4468802337265733e-01
    1.800000   0.76116325  1.9109015769483076e-01
    1.800000   0.82593158  1.4913614868923100e-01
    1.800000   0.89070068  1.1659327556445120e-01
    1.800000   0.95547037  9.1522286778049966e-02
    1.800000   1.02024053  7.2295312170259723e-02
    1.800000   1.08501108  5.7597054387615566e-02
    1.800000   1.14978193  4.6398394592378059e-02
    1.800000   1.21455301  3.7914560237426634e-02
    1.800000   1.27932429  3.1559928130935458e-02
    1.800000   1.34409571  2.6906742515391446e-02
    1.800000   1.40886724  2.3650958667477878e-02
    1.800000   1.47363885  2.1585983672445977e-02
    1.800000   1.53841049  2.0583936217956983e-02
    1.800000   1.60318216  2.0583693397887119e-02
    1.800000   1.66795381  2.1585067496350890e-02
    1.800000   1.73272541  2.3648735097918306e-02
    1.800000   1.79749694  2.6901896314850047e-02
    1.800000   1.86226837  3.1549989540201905e-02
    1.800000   1.92703964  3.7895039901759367e-02
    1.800000   1.99181073  4.6361238411983814e-02
    1.800000   2.05658157  5.7527886066992252e-02
    1.800000   2.12135212  7.2168479811343611e-02
    1.800000   2.18612229  9.1291883270970514e-02
    1.800000   2.25089198  1.1617670265696979e-01
    1.800000   2.31566107  1.4838376270214895e-01
    1.800000   2.38042940  1.8972881133928288e-01
    1.800000   2.44519674  2.4221567199068059e-01
    1.800000   2.50996278  3.0801691258626790e-01
    1.800000   2.57472706  3.8985180633929234e-01
    1.800000   2.63948889  4.9272402556252443e-01
    1.800000   2.70424717  6.2901118987206162e-01
    1.800000   2.76900006  8.2947185431051174e-01
    1.800000   2.83374417  1.1589199900848552e+00
    1.800000   2.89847256  1.7187731826491794e+00
    1.800000   2.96316844  2.5894432859576706e+00
    1.800000   3.02777863  3.6770347957878395e+00
    1.800000   3.09200950  4.5851999183262482e+00
    1.850000   0.04958315  2.9643799912602824e+00
    1.850000   0.11381403  2.4873956232978673e+00
    1.850000   0.17842421  1.8847520458320628e+00
    1.850000   0.24312010  1.3607217389529860e+00
    1.850000   0.30784849  9.8475077512727749e-01
    1.850000   0.37259260  7.3400095993812975e-01
    1.850000   0.43734549  5.6353867654486478e-01
    1.850000   0.50210377  4.3997867466859503e-01
    1.850000   0.56686560  3.4515686821576508e-01
    1.850000   0.63162987  2.7032898679552642e-01
    1.850000   0.69639591  2.1100772922784017e-01
    1.850000   0.76116325  1.6428710041610020e-01
    1.850000   0.82593158  1.2783573933568224e-01
    1.850000   0.89070068  9.9634848924790034e-02
    1.850000   0.95547037  7.7951958670178817e-02
    1.850000   1.02024053  6.1349713375233414e-02
    1.850000   1.08501108  4.8675822139365048e-02
    1.850000   1.14978193  3.9032725069905655e-02
    1.850000   1.21455301  3.1737426427255716e-02
    1.850000   1.27932429  2.6280578460374876e-02
    1.850000   1.34409571  2.2290052264332318e-02
    1.850000   1.40886724  1.9501163240076419e-02
    1.850000   1.47363885  1.7733917467557959e-02
    1.850000   1.53841049  1.6876819830378413e-02
    1.850000   1.60318216  1.6876560194851672e-02
    1.850000   1.66795381  1.7732993739990096e-02
    1.850000   1.73272541  1.9499086152285985e-02
    1.850000   1.79749694  2.2285806662309202e-02
    1.850000   1.86226837  2.6272258276157829e-02
    1.850000   1.92703964  3.1721569236520183e-02
    1.850000   1.99181073  3.9003127791210436e-02
    1.850000   2.05658157  4.8621437768271172e-02
    1.850000   2.12135212  6.1250896692995903e-02
    1.850000   2.18612229  7.7773716187687816e-02
    1.850000   2.25089198  9.9314613539796995e-02
    1.850000   2.31566107  1.2726109413475664e-01
    1.850000   2.38042940  1.6325504899026527e-01
    1.850000   2.44519674  2.0915030227727591e-01
    1.850000   2.50996278  2.6697848664881002e-01
    1.850000   2.57472706  3.3910667096886304e-01
    1.850000   2.63948889  4.2907551249683684e-01
    1.850000   2.70424717  5.4403959899267085e-01
    1.850000   2.76900006  6.9970668278251624e-01
    1.850000   2.83374417  9.2622987740188534e-01
    1.850000   2.89847256  1.2656378734531855e+00
    1.850000   2.96316844  1.7411700107292181e+00
    1.850000   3.02777863  2.2913964904467758e+00
    1.850000   3.09200950  2.7288371107001637e+00
    1.900000   0.04958315  1.9346045478447540e+00
    1.900000   0.11381403  1.6847143132797524e+00
    1.900000   0.17842421  1.3534069153629831e+00
    1.900000   0.24312010  1.0432210113925728e+00
    1.900000   0.30784849  7.9845392646231694e-01
    1.900000   0.37259260  6.1738187610315387e-01
    1.900000   0.43734549  4.8273127382592340e-01
    1.900000   0.50210377  3.7929181365632092e-01
    1.900000   0.56686560  2.9771351892373105e-01
    1.900000   0.63162987  2.3277894710918248e-01
    1.900000   0.69639591  1.8127127175793659e-01
    1.900000   0.76116325  1.4078046664151644e-01
    1.900000   0.82593158  1.0925695592808227e-01
    1.900000   0.89070068  8.4912288481903506e-02
    1.900000   0.95547037  6.6221412162426357e-02
    1.900000   1.02024053  5.1927962226257840e-02
    1.900000   1.08501108  4.1029614625458115e-02
    1.900000   1.14978193  3.2747694743124875e-02
    1.900000   1.21455301  2.6490295891593584e-02
    1.900000   1.27932429  2.1816007204653605e-02
    1.900000   1.34409571  1.8402145687762085e-02
    1.900000   1.40886724  1.6018998418573866e-02
    1.900000   1.47363885  1.4510213279438102e-02
    1.900000   1.53841049  1.3778867922098264e-02
    1.900000   1.60318216  1.3778602094246818e-02
    1.900000   1.66795381  1.4509304358279589e-02
    1.900000   1.73272541  1.6017069880566056e-02
    1.900000   1.79749694  1.8398416300792718e-02
    1.900000   1.86226837  2.1809010618117727e-02
    1.900000   1.92703964  2.6477370827032751e-02
    1.900000   1.99181073  3.2724081081121029e-02
    1.900000   2.05658157  4.0986856125992094e-02
    1.900000   2.12135212  5.1851073981969587e-02
    1.900000   2.18612229  6.6083830390930243e-02
    1.900000   2.25089198  8.4666821236113438e-02
    1.900000   2.31566107  1.0881951636954855e-01
    1.900000   2.38042940  1.4000083739801397e-01
    1.900000   2.44519674  1.7988085414124158e-01
    1.900000   2.50996278  2.3029869769300773e-01
    1.900000   2.57472706  2.9329625353763400e-01
    1.900000   2.63948889  3.7146577409950049e-01
    1.900000   2.70424717  4.6902149272849275e-01
    1.900000   2.76900006  5.9385192859944502e-01
    1.900000   2.83374417  7.5940387184065850e-01
    1.900000   2.89847256  9.8164215762526641e-01
    1.900000   2.96316844  1.2631092582589201e+00
    1.900000   3.02777863  1.5644798966625422e+00
    1.900000   3.09200950  1.7923886188950580e+00
    1.950000   0.04958315  1.3650920110862743e+00
    1.950000   0.11381403  1.2230851987067193e+00
    1.950000   0.17842421  1.0257999975249585e+00
    1.950000   0.24312010  8.2777867900672419e-01
    1.950000   0.30784849  6.5778428741149986e-01
    1.950000   0.37259260  5.2103281408046176e-01
    1.950000   0.43734549  4.1238064791123485e-01
    1.950000   0.50210377  3.2546385705614594e-01
    1.950000   0.56686560  2.5559779387207093e-01
    1.950000   0.63162987  1.9962004711296977e-01
    1.950000   0.69639591  1.5517238667601255e-01
    1.950000   0.76116325  1.2026167660193961e-01
    1.950000   0.82593158  9.3115615245954783e-02
    1.950000   0.89070068  7.2175036335016471e-02
    1.950000   0.95547037  5.6113589856019247e-02
    1.950000   1.02024053  4.3842585936676448e-02
    1.950000   1.08501108  3.4495667013029384e-02
    1.950000   1.14978193  2.7400587428453239e-02
    1.950000   1.21455301  2.2046420413701612e-02
    1.950000   1.27932429  1.8051945858786930e-02
    1.950000   1.34409571  1.5138232067631157e-02
    1.950000   1.40886724  1.3106507410399516e-02
    1.950000   1.47363885  1.1821347208857599e-02
    1.950000   1.53841049  1.1198736614671693e-02
    1.950000   1.60318216  1.1198472786385416e-02
    1.950000   1.66795381  1.1820470184512898e-02
    1.950000   1.73272541  1.3104728178241813e-02
    1.950000   1.79749694  1.5134951090755447e-02
    1.950000   1.86226837  1.8046038465274843e-02
    1.950000   1.92703964  2.2035847698960085e-02
    1.950000   1.99181073  2.7381709021779839e-02
    1.950000   2.05658157  3.4462032878059663e-02
    1.950000   2.12135212  4.3782807951467100e-02
    1.950000   2.18612229  5.6007579030377605e-02
    1.950000   2.25089198  7.1987332500937987e-02
    1.950000   2.31566107  9.2783558300473509e-02
    1.950000   2.38042940  1.1967450734852712e-01
    1.950000   2.44519674  1.5413469192139306e-01
    1.950000   2.50996278  1.9778909043297158e-01
    1.950000   2.57472706  2.5237988816229689e-01
    1.950000   2.63948889  3.1985358065038078e-01
    1.950000   2.70424717  4.0273893621414103e-01
    1.950000   2.76900006  5.0484882223796779e-01
    1.950000   2.83374417  6.3158382146601411e-01
    1.950000   2.89847256  7.8752691171323674e-01
    1.950000   2.96316844  9.6823815091300980e-01
    1.950000   3.02777863  1.1480219726820160e+00
    1.950000   3.09200950  1.2774641949109264e+00
    2.000000   0.04958315  1.0207988548319742e+00
    2.000000   0.11381403  9.3324813436872422e-01
    2.000000   0.17842421  8.0634373005105597e-01
    2.000000   0.24312010  6.7101894228154502e-01
    2.000000   0.30784849  5.4659566388575631e-01
    2.000000   0.37259260  4.3995983214800799e-01
    2.000000   0.43734549  3.5114631903823645e-01
    2.000000   0.50210377  2.7806426250216776e-01
    2.000000   0.56686560  2.1850669709805634e-01
    2.000000   0.63162987  1.7053318178993251e-01
    2.000000   0.69639591  1.3238687408451189e-01
    2.000000   0.76116325  1.0242722354575830e-01
    2.000000   0.82593158  7.9142361652518436e-02
    2.000000   0.89070068  6.1190504814681988e-02
    2.000000   0.95547037  4.7429678107501407e-02
    2.000000   1.02024053  3.6923554934108024e-02
    2.000000   1.08501108  2.8927562767976835e-02
    2.000000   1.14978193  2.2863955435974567e-02
    2.000000   1.21455301  1.8293365130352998e-02
    2.000000   1.27932429  1.4887640724890827e-02
    2.000000   1.34409571  1.2406399132441591e-02
    2.000000   1.40886724  1.0678136505992754e-02
    2.000000   1.47363885  9.5858823929964518e-03
    2.000000   1.53841049  9.0570114183811373e-03
    2.000000   1.60318216  9.0567556576402839e-03
    2.000000   1.66795381  9.5850496020133385e-03
    2.000000   1.73272541  1.0676505386101836e-02
    2.000000   1.79749694  1.2403510802477953e-02
    2.000000   1.86226837  1.4882635052299090e-02
    2.000000   1.92703964  1.8284684825305649e-02
    2.000000   1.99181073  2.2848825444826193e-02
    2.000000   2.05658157  2.8901079710033636e-02
    2.000000   2.12135212  3.6877093634803015e-02
    2.000000   2.18612229  4.7348098304398435e-02
    2.000000   2.25089198  6.1047252196312150e-02
    2.000000   2.31566107  7.8890896518042916e-02
    2.000000   2.38042940  1.0198613077906549e-01
    2.000000   2.44519674  1.3161436701156873e-01
    2.000000   2.50996278  1.6918455503150936e-01
    2.000000   2.57472706  2.1616638082181980e-01
    2.000000   2.63948889  2.7404523200307651e-01
    2.000000   2.70424717  3.4436063918500542e-01
    2.000000   2.76900006  4.2879792134375627e-01
    2.000000   2.83374417  5.2892172820185834e-01
    2.000000   2.89847256  6.4448087882301164e-01
    2.000000   2.96316844  7.6920435037110013e-01
    2.000000   3.02777863  8.8566576392854490e-01
    2.000000   3.09200950  9.6585998572235976e-01
    2.050000   0.04958315  7.9376029518176860e-01
    2.050000   0.11381403  7.3564854054139639e-01
    2.050000   0.17842421  6.4836893044500399e-01
    2.050000   0.24312010  5.5066507080266891e-01
    2.050000   0.30784849  4.5601787935211358e-01
    2.050000   0.37259260  3.7109841162724899e-01
    2.050000   0.43734549  2.9798726081925736e-01
    2.050000   0.50210377  2.3660757312352271e-01
    2.050000   0.56686560  1.8606693571771349e-01
    2.050000   0.63162987  1.4516804490118287e-01
    2.050000   0.69639591  1.1258881135410465e-01
    2.050000   0.76116325  8.6986675538652705e-02
    2.050000   0.82593158  6.7086485328167439e-02
    2.050000   0.89070068  5.1745793519877452e-02
    2.050000   0.95547037  3.9989723649374385e-02
    2.050000   1.02024053  3.1018278069926616e-02
    2.050000   1.08501108  2.4194847073441331e-02
    2.050000   1.14978193  1.9024981345915994e-02
    2.050000   1.21455301  1.5132196941253517e-02
    2.050000   1.27932429  1.2234919780481929e-02
    2.050000   1.34409571  1.0126595331734670e-02
    2.050000   1.40886724  8.6596605455104819e-03
    2.050000   1.47363885  7.7333595705236166e-03
    2.050000   1.53841049  7.2850812082579479e-03
    2.050000   1.60318216  7.2848377933637581e-03
    2.050000   1.66795381  7.7325792653742224e-03
    2.050000   1.73272541  8.6581742892147782e-03
    2.050000   1.79749694  1.0124052784306841e-02
    2.050000   1.86226837  1.2230664930688747e-02
    2.050000   1.92703964  1.5125043841620632e-02
    2.050000   1.99181073  1.9012821075326165e-02
    2.050000   2.05658157  2.4173963806527862e-02
    2.050000   2.12135212  3.0982160083727703e-02
    2.050000   2.18612229  3.9926996477429047e-02
    2.050000   2.25089198  5.1636633223969115e-02
    2.050000   2.31566107  6.6896425873504153e-02
    2.050000   2.38042940  8.6656028561115178e-02
    2.050000   2.44519674  1.1201492436378778e-01
    2.050000   2.50996278  1.4417646879005122e-01
    2.050000   2.57472706  1.8436693748903257e-01
    2.050000   2.63948889  2.3372930185138968e-01
    2.050000   2.70424717  2.9320661047768476e-01
    2.050000   2.76900006  3.6337809062458026e-01
    2.050000   2.83374417  4.4403373876815311e-01
    2.050000   2.89847256  5.3302969778745890e-01
    2.050000   2.96316844  6.2414697927539153e-01
    2.050000   3.02777863  7.0508200521804476e-01
    2.050000   3.09200950  7.5879581506060423e-01
    2.100000   0.04958315  6.3247384080447622e-01
    2.100000   0.11381403  5.9150864681766913e-01
    2.100000   0.17842421  5.2825610959349445e-01
    2.100000   0.24312010  4.5480750003517889e-01
    2.100000   0.30784849  3.8090093391520208e-01
    2.100000   0.37259260  3.1239774048509639e-01
    2.100000   0.43734549  2.5201700888160183e-01
    2.100000   0.50210377  2.0057487586804537e-01
    2.100000   0.56686560  1.5786914829109153e-01
    2.100000   0.63162987  1.2316461751695480e-01
    2.100000   0.69639591  9.5461367343148640e-02
    2.100000   0.76116325  7.3667478039008721e-02
    2.100000   0.82593158  5.6717734098931709e-02
    2.100000   0.89070068  4.3648069945583040e-02
    2.100000   0.95547037  3.3632321793073044e-02
    2.100000   1.02024053  2.5990938999187876e-02
    2.100000   1.08501108  2.0182170904143870e-02
    2.100000   1.14978193  1.5784508866076290e-02
    2.100000   1.21455301  1.2476445055085222e-02
    2.100000   1.27932429  1.0017108561110074e-02
    2.100000   1.34409571  8.2295175521884915e-03
    2.100000   1.40886724  6.9870534928124280e-03
    2.100000   1.47363885  6.2031580225945385e-03
    2.100000   1.53841049  5.8239948629483906e-03
    2.100000   1.60318216  5.8237666091811675e-03
    2.100000   1.66795381  6.2024350824210752e-03
    2.100000   1.73272541  6.9857069901791413e-03
    2.100000   1.79749694  8.2272806541514275e-03
    2.100000   1.86226837  1.0013482254208677e-02
    2.100000   1.92703964  1.2470528739049722e-02
    2.100000   1.99181073  1.5774704589767041e-02
    2.100000   2.05658157  2.0165671287023873e-02
    2.100000   2.12135212  2.5962842758368149e-02
    2.100000   2.18612229  3.3584108885427857e-02
    2.100000   2.25089198  4.3564982753342550e-02
    2.100000   2.31566107  5.6574314469840625e-02
    2.100000   2.38042940  7.3420065506664065e-02
    2.100000   2.44519674  9.5035774348453658e-02
    2.100000   2.50996278  1.2243661418573271e-01
    2.100000   2.57472706  1.5663535698611997e-01
    2.100000   2.63948889  1.9851356620337707e-01
    2.100000   2.70424717  2.4864475474149292e-01
    2.100000   2.76900006  3.0704244625190275e-01
    2.100000   2.83374417  3.7273487817929368e-01
    2.100000   2.89847256  4.4300324011513120e-01
    2.100000   2.96316844  5.1230631660617776e-01
    2.100000   3.02777863  5.7164231675656518e-01
    2.100000   3.09200950  6.0992993957299613e-01
    2.150000   0.04958315  5.1126257930930807e-01
    2.150000   0.11381403  4.8106047093659549e-01
    2.150000   0.17842421  4.3346257554867357e-01
    2.150000   0.24312010  3.7670299120686557e-01
    2.150000   0.30784849  3.1801831304028405e-01
    2.150000   0.37259260  2.6234973044559762e-01
    2.150000   0.43734549  2.1243736731682611e-01
    2.150000   0.50210377  1.6943512853275081e-01
    2.150000   0.56686560  1.3349275853433556e-01
    2.150000   0.63162987  1.0416798020114945e-01
    2.150000   0.69639591  8.0703777056437734e-02
    2.150000   0.76116325  6.2217578738393106e-02
    2.150000   0.82593158  4.7826822495252191e-02
    2.150000   0.89070068  3.6724117726990711e-02
    2.150000   0.95547037  2.8213746157977802e-02
    2.150000   1.02024053  2.1721449537150866e-02
    2.150000   1.08501108  1.6788173721835529e-02
    2.150000   1.14978193  1.3055901049404225e-02
    2.150000   1.21455301  1.0250955227929870e-02
    2.150000   1.27932429  8.1678894616075571e-03
    2.150000   1.34409571  6.6554788867909118e-03
    2.150000   1.40886724  5.6053648694416600e-03
    2.150000   1.47363885  4.9433788291591450e-03
    2.150000   1.53841049  4.6233482238783033e-03
    2.150000   1.60318216  4.6231367830629269e-03
    2.150000   1.66795381  4.9427154422234682e-03
    2.150000   1.73272541  5.6041514891013661e-03
    2.150000   1.79749694  6.6535127421044503e-03
    2.150000   1.86226837  8.1647919243036104e-03
    2.150000   1.92703964  1.0246044261528630e-02
    2.150000   1.99181073  1.3047969343537975e-02
    2.150000   2.05658157  1.6775106438209508e-02
    2.150000   2.12135212  2.1699568238450342e-02
    2.150000   2.18612229  2.8176686793949295e-02
    2.150000   2.25089198  3.6660923125192764e-02
    2.150000   2.31566107  4.7718732667058054e-02
    2.150000   2.38042940  6.2032720831481106e-02
    2.150000   2.44519674  8.0388613959164176e-02
    2.150000   2.50996278  1.0363411048584822e-01
    2.150000   2.57472706  1.3259787951707142e-01
    2.150000   2.63948889  1.6795859630958160e-01
    2.150000   2.70424717  2.1005539076872040e-01
    2.150000   2.76900006  2.5862448654902992e-01
    2.150000   2.83374417  3.1242828884174517e-01
    2.150000   2.89847256  3.6874962256180949e-01
    2.150000   2.96316844  4.2286944178742941e-01
    2.150000   3.02777863  4.6801521093768672e-01
    2.150000   3.09200950  4.9656084917337190e-01
    2.200000   0.04958315  4.1660202278823660e-01
    2.200000   0.11381403  3.9363099959300063e-01
    2.200000   0.17842421  3.5689109258529483e-01
    2.200000   0.24312010  3.1223737103131194e-01
    2.200000   0.30784849  2.6516349404392536e-01
    2.200000   0.37259260  2.1975237097370023e-01
    2.200000   0.43734549  1.7851214946819016e-01
    2.200000   0.50210377  1.4266350848798035e-01
    2.200000   0.56686560  1.1252352708501784e-01
    2.200000   0.63162987  8.7838205925639304e-02
    2.200000   0.69639591  6.8035580384357933e-02
    2.200000   0.76116325  5.2406572206451722e-02
    2.200000   0.82593158  4.0225107936975486e-02
    2.200000   0.89070068  3.0819387182377558e-02
    2.200000   0.95547037  2.3606766799112795e-02
    2.200000   1.02024053  1.8104205676456639e-02
    2.200000   1.08501108  1.3924245937959785e-02
    2.200000   1.14978193  1.0763833820289271e-02
    2.200000   1.21455301  8.3907206475892834e-03
    2.200000   1.27932429  6.6301686317247173e-03
    2.200000   1.34409571  5.3533067763418176e-03
    2.200000   1.40886724  4.4676425833795235e-03
    2.200000   1.47363885  3.9097847198706565e-03
    2.200000   1.53841049  3.6402326058000995e-03
    2.200000   1.60318216  3.6400387293084248e-03
    2.200000   1.66795381  3.9091809998928004e-03
    2.200000   1.73272541  4.4665545617167297e-03
    2.200000   1.79749694  5.3515806909680847e-03
    2.200000   1.86226837  6.6275178955835651e-03
    2.200000   1.92703964  8.3866301232679991e-03
    2.200000   1.99181073  1.0757393902772949e-02
    2.200000   2.05658157  1.3913868040545429e-02
    2.200000   2.12135212  1.8087136890292056e-02
    2.200000   2.18612229  2.3578266312278540e-02
    2.200000   2.25089198  3.0771339844856676e-02
    2.200000   2.31566107  4.0143719980669665e-02
    2.200000   2.38042940  5.2268617560192243e-02
    2.200000   2.44519674  6.7802472107971676e-02
    2.200000   2.50996278  8.7447069799278451e-02
    2.200000   2.57472706  1.1187474856363050e-01
    2.200000   2.63948889  1.4160550930001445e-01
    2.200000   2.70424717  1.7682733949578519e-01
    2.200000   2.76900006  2.1715402892784208e-01
    2.200000   2.83374417  2.6132054807434535e-01
    2.200000   2.89847256  3.0684654766021990e-01
    2.200000   2.96316844  3.4980158105822723e-01
    2.200000   3.02777863  3.8498678339687215e-01
    2.200000   3.09200950  4.0691846187220160e-01
    2.250000   0.04958315  3.4086514352345682e-01
    2.250000   0.11381403  3.2303057738530522e-01
    2.250000   0.17842421  2.9420188258485847e-01
    2.250000   0.24312010  2.5867924427610195e-01
    2.250000   0.30784849  2.2069709863980203e-01
    2.250000   0.37259260  1.8359344524230684e-01
    2.250000   0.43734549  1.4955949423724621e-01
    2.250000   0.50210377  1.1975566052784205e-01
    2.250000   0.56686560  9.4565451121879460e-02
    2.250000   0.63162987  7.3856629274905591e-02
    2.250000   0.69639591  5.7198908922108549e-02
    2.250000   0.76116325  4.4025841155972648e-02
    2.250000   0.82593158  3.3743746001607663e-02
    2.250000   0.89070068  2.5796767335209907e-02
    2.250000   0.95547037  1.9699318104573087e-02
    2.250000   1.02024053  1.5046768004994750e-02
    2.250000   1.08501108  1.1513263924045237e-02
    2.250000   1.14978193  8.8430957027152753e-03
    2.250000   1.21455301  6.8397436108350220e-03
    2.250000   1.27932429  5.3549918531129908e-03
    2.250000   1.34409571  4.2793033919316910e-03
    2.250000   1.40886724  3.5339272498197093e-03
    2.250000   1.47363885  3.0648172674334513e-03
    2.250000   1.53841049  2.8382634816206021e-03
    2.250000   1.60318216  2.8380872438170039e-03
    2.250000   1.66795381  3.0642717867728100e-03
    2.250000   1.73272541  3.5329560720364366e-03
    2.250000   1.79749694  4.2777901478072995e-03
    2.250000   1.86226837  5.3527201279597219e-03
    2.250000   1.92703964  6.8363253400344562e-03
    2.250000   1.99181073  8.8378474773266116e-03
    2.250000   2.05658157  1.1504995829860079e-02
    2.250000   2.12135212  1.5033425513232519e-02
    2.250000   2.18612229  1.9677378929051272e-02
    2.250000   2.25089198  2.5760235677503261e-02
    2.250000   2.31566107  3.3682500787906772e-02
    2.250000   2.38042940  4.3922985268993721e-02
    2.250000   2.44519674  5.7026660904685375e-02
    2.250000   2.50996278  7.3570286228226062e-02
    2.250000   2.57472706  9.4095238983527549e-02
    2.250000   2.63948889  1.1899725954281942e-01
    2.250000   2.70424717  1.4836619782511765e-01
    2.250000   2.76900006  1.8177652234045735e-01
    2.250000   2.83374417  2.1804486613485929e-01
    2.250000   2.89847256  2.5500559063166012e-01
    2.250000   2.96316844  2.8942472852523699e-01
    2.250000   3.02777863  3.1725658638130760e-01
    2.250000   3.09200950  3.3443081617003062e-01
    2.300000   0.04958315  2.7939590118792929e-01
    2.300000   0.11381403  2.6536572272019032e-01
    2.300000   0.17842421  2.4251065172592104e-01
    2.300000   0.24312010  2.1406262545737351e-01
    2.300000   0.30784849  1.8331973780640437e-01
    2.300000   0.37259260  1.5299422471802318e-01
    2.300000   0.43734549  1.2495147422130956e-01
    2.300000   0.50210377  1.0023775558355129e-01
    2.300000   0.56686560  7.9248339140786425e-02
    2.300000   0.63162987  6.1929456578849483e-02
    2.300000   0.69639591  4.7959383828006533e-02
    2.300000   0.76116325  3.6888023182666617e-02
    2.300000   0.82593158  2.8232532025370086e-02
    2.300000   0.89070068  2.1535221463724379e-02
    2.300000   0.95547037  1.6393119753276949e-02
    2.300000   1.02024053  1.2468543959397853e-02
    2.300000   1.08501108  9.4883562146163905e-03
    2.300000   1.14978193  7.2374380878428369e-03
    2.300000   1.21455301  5.5499612561953175e-03
    2.300000   1.27932429  4.3005341278430269e-03
    2.300000   1.34409571  3.3962865692622906e-03
    2.300000   1.40886724  2.7703317213370131e-03
    2.300000   1.47363885  2.3767021796431867e-03
    2.300000   1.53841049  2.1866986481307404e-03
    2.300000   1.60318216  2.1865396312173687e-03
    2.300000   1.66795381  2.3762124153963019e-03
    2.300000   1.73272541  2.7694684631608692e-03
    2.300000   1.79749694  3.3949619040470106e-03
    2.300000   1.86226837  4.2985849940893823e-03
    2.300000   1.92703964  5.5470960640428470e-03
    2.300000   1.99181073  7.2331447923817760e-03
    2.300000   2.05658157  9.4817460444041740e-03
    2.300000   2.12135212  1.2458087856858539e-02
    2.300000   2.18612229  1.6376207634505514e-02
    2.300000   2.25089198  2.1507433921532829e-02
    2.300000   2.31566107  2.8186457872950970e-02
    2.300000   2.38042940  3.6811389022168885e-02
    2.300000   2.44519674  4.7832207695243711e-02
    2.300000   2.50996278  6.1719963311236914e-02
    2.300000   2.57472706  7.8907623309854749e-02
    2.300000   2.63948889  9.9693890707634139e-02
    2.300000   2.70424717  1.2410522535637282e-01
    2.300000   2.76900006  1.5172075109167760e-01
    2.300000   2.83374417  1.8148277535876770e-01
    2.300000   2.89847256  2.1154702755891544e-01
    2.300000   2.96316844  2.3927206781139193e-01
    2.300000   3.02777863  2.6148156379960869e-01
    2.300000   3.09200950  2.7508752531871900e-01
    2.350000   0.04958315  2.2910939301230421e-01
    2.350000   0.11381403  2.1798081922767265e-01
    2.350000   0.17842421  1.9974730541134161e-01
    2.350000   0.24312010  1.7687704439879157e-01
    2.350000   0.30784849  1.5195682945470979e-01
    2.350000   0.37259260  1.2718189271685262e-01
    2.350000   0.43734549  1.0411548603620185e-01
    2.350000   0.50210377  8.3672810346574700e-02
    2.350000   0.56686560  6.6232130585958657e-02
    2.350000   0.63162987  5.1789443003319988e-02
    2.350000   0.69639591  4.0106034839577996e-02
    2.350000   0.76116325  3.0826033100822981e-02
    2.350000   0.82593158  2.3558567580983538e-02
    2.350000   0.89070068  1.7928377471493794e-02
    2.350000   0.95547037  1.3602315263808437e-02
    2.350000   1.02024053  1.0299519261788733e-02
    2.350000   1.08501108  7.7917359872036098e-03
    2.350000   1.14978193  5.8985018116891131e-03
    2.350000   1.21455301  4.4802538795328303e-03
    2.350000   1.27932429  3.4311758909609459e-03
    2.350000   1.34409571  2.6727199616822738e-03
    2.350000   1.40886724  2.1482114459857372e-03
    2.350000   1.47363885  1.8186463397011827e-03
    2.350000   1.53841049  1.6596485571931318e-03
    2.350000   1.60318216  1.6595060006244459e-03
    2.350000   1.66795381  1.8182090365739666e-03
    2.350000   1.73272541  2.1474470618252708e-03
    2.350000   1.79749694  2.6715621842052805e-03
    2.350000   1.86226837  3.4295021156716928e-03
    2.350000   1.92703964  4.4778455573860048e-03
    2.350000   1.99181073  5.8949763539669553e-03
    2.350000   2.05658157  7.7864314533006365e-03
    2.350000   2.12135212  1.0291300880709129e-02
    2.350000   2.18612229  1.3589254058607015e-02
    2.350000   2.25089198  1.7907223770668605e-02
    2.350000   2.31566107  2.3523905531053529e-02
    2.350000   2.38042940  3.0768961665528720e-02
    2.350000   2.44519674  4.0012195728743857e-02
    2.350000   2.50996278  5.1636255333560595e-02
    2.350000   2.57472706  6.5985292737390136e-02
    2.350000   2.63948889  8.3282641887244505e-02
    2.350000   2.70424717  1.0351465368246977e-01
    2.350000   2.76900006  1.2628743218928287e-01
    2.350000   2.83374417  1.5068046741056665e-01
    2.350000   2.89847256  1.7514700116121298e-01
    2.350000   2.96316844  1.9753994307667819e-01
    2.350000   3.02777863  2.1535161752607881e-01
    2.350000   3.09200950  2.2620496536043444e-01
    2.400000   0.04958315  1.8780559634019528e-01
    2.400000   0.11381403  1.7893382526745877e-01
    2.400000   0.17842421  1.6433286871661865e-01
    2.400000   0.24312010  1.4590829081279802e-01
    2.400000   0.30784849  1.2569831292986752e-01
    2.400000   0.37259260  1.0547498200271280e-01
    2.400000   0.43734549  8.6535041117776920e-02
    2.400000   0.50210377  6.9663938652652163e-02
    2.400000   0.56686560  5.5208817987605747e-02
    2.400000   0.63162987  4.3196187702309388e-02
    2.400000   0.69639591  3.3450543504788821e-02
    2.400000   0.76116325  2.5691804599799004e-02
    2.400000   0.82593158  1.9604845322979063e-02
    2.400000   0.89070068  1.4883131247639745e-02
    2.400000   0.95547037  1.1252167149308845e-02
    2.400000   1.02024053  8.4790658142478385e-03
    2.400000   1.08501108  6.3736189846748670e-03
    2.400000   1.14978193  4.7848331475346135e-03
    2.400000   1.21455301  3.5955442500819825e-03
    2.400000   1.27932429  2.7166706360121869e-03
    2.400000   1.34409571  2.0819344573875611e-03
    2.400000   1.40886724  1.6434257295334588e-03
    2.400000   1.47363885  1.3681253996734011e-03
    2.400000   1.53841049  1.2353769942782045e-03
    2.400000   1.60318216  1.2352499129782183e-03
    2.400000   1.66795381  1.3677368576786567e-03
    2.400000   1.73272541  1.6427512834635996e-03
    2.400000   1.79749694  2.0809241520037209e-03
    2.400000   1.86226837  2.7152324645477880e-03
    2.400000   1.92703964  3.5935148111070252e-03
    2.400000   1.99181073  4.7819273767520775e-03
    2.400000   2.05658157  6.3693453255345926e-03
    2.400000   2.12135212  8.4725845575400471e-03
    2.400000   2.18612229  1.1242056600108101e-02
    2.400000   2.25089198  1.4867007753925802e-02
    2.400000   2.31566107  1.9578759394918235e-02
    2.400000   2.38042940  2.5649311223598842e-02
    2.400000   2.44519674  3.3381335573589944e-02
    2.400000   2.50996278  4.3084222342732639e-02
    2.400000   2.57472706  5.5030021387453013e-02
    2.400000   2.63948889  6.9383938001418163e-02
    2.400000   2.70424717  8.6108014665994409e-02
    2.400000   2.76900006  1.0484555297838566e-01
    2.400000   2.83374417  1.2480895682124085e-01
    2.400000   2.89847256  1.4471394903561838e-01
    2.400000   2.96316844  1.6282123324308437e-01
    2.400000   3.02777863  1.7714434465055556e-01
    2.400000   3.09200950  1.8583598402155141e-01
    2.450000   0.04958315  1.5382237908947416e-01
    2.450000   0.11381403  1.4672823281759259e-01
    2.450000   0.17842421  1.3501110816495807e-01
    2.450000   0.24312010  1.2015307987384327e-01
    2.450000   0.30784849  1.0376491202355186e-01
    2.450000   0.37259260  8.7274231214847231e-02
    2.450000   0.43734549  7.1749177853044341e-02
    2.450000   0.50210377  5.7855241782250912e-02
    2.450000   0.56686560  4.5902652300307129e-02
    2.450000   0.63162987  3.5935467074961112e-02
    2.450000   0.69639591  2.7826036963554148e-02
    2.450000   0.76116325  2.1354869416232623e-02
    2.450000   0.82593158  1.6268815857936516e-02
    2.450000   0.89070068  1.2318299592643129e-02
    2.450000   0.95547037  9.2778310629241783e-03
    2.450000   1.02024053  6.9548401537828973e-03
    2.450000   1.08501108  5.1912355227745881e-03
    2.450000   1.14978193  3.8609939070708955e-03
    2.450000   1.21455301  2.8659896268676461e-03
    2.450000   1.27932429  2.1314033627499816e-03
    2.450000   1.34409571  1.6014385519050800e-03
    2.450000   1.40886724  1.2356863670575052e-03
    2.450000   1.47363885  1.0062576043454333e-03
    2.450000   1.53841049  8.9568739639476569e-04
    2.450000   1.60318216  8.9557467233457040e-04
    2.450000   1.66795381  1.0059139012148584e-03
    2.450000   1.73272541  1.2350932091914179e-03
    2.450000   1.79749694  1.6005583410639772e-03
    2.450000   1.86226837  2.1301671737794271e-03
    2.450000   1.92703964  2.8642755830633046e-03
    2.450000   1.99181073  3.8585902092846407e-03
    2.450000   2.05658157  5.1877782468310579e-03
    2.450000   2.12135212  6.9497098148657097e-03
    2.450000   2.18612229  9.2699828568430717e-03
    2.450000   2.25089198  1.2305989624217969e-02
    2.450000   2.31566107  1.6249170284448097e-02
    2.450000   2.38042940  2.1323229434243741e-02
    2.450000   2.44519674  2.7775011553920377e-02
    2.450000   2.50996278  3.5853662273084348e-02
    2.450000   2.57472706  4.5773163562629303e-02
    2.450000   2.63948889  5.7654250497762939e-02
    2.450000   2.70424717  7.1445415987072936e-02
    2.450000   2.76900006  8.6830584869093980e-02
    2.450000   2.83374417  1.0314368698543439e-01
    2.450000   2.89847256  1.1932580839586442e-01
    2.450000   2.96316844  1.3397162753657746e-01
    2.450000   3.02777863  1.4550445073640242e-01
    2.450000   3.09200950  1.5247978531236867e-01
    2.500000   0.04958315  1.2585249878875790e-01
    2.500000   0.11381403  1.2016976036414183e-01
    2.500000   0.17842421  1.1075613984819425e-01
    2.500000   0.24312010  9.8770119694224168e-02
    2.500000   0.30784849  8.5487083723750870e-02
    2.500000   0.37259260  7.2055407433997604e-02
    2.500000   0.43734549  5.9350472274272634e-02
    2.500000   0.50210377  4.7930985415912099e-02
    2.500000   0.56686560  3.8069164301945853e-02
    2.500000   0.63162987  2.9817925871895357e-02
    2.500000   0.69639591  2.3085602101347562e-02
    2.500000   0.76116325  1.7700860093576517e-02
    2.500000   0.82593158  1.3460980147092417e-02
    2.500000   0.89070068  1.0163345126154633e-02
    2.500000   0.95547037  7.6232205530433386e-03
    2.500000   1.02024053  5.6817780732116817e-03
    2.500000   1.08501108  4.2079384445213135e-03
    2.500000   1.14978193  3.0967649401837699e-03
    2.500000   1.21455301  2.2662638896537792e-03
    2.500000   1.27932429  1.6537358655522485e-03
    2.500000   1.34409571  1.2123126690043271e-03
    2.500000   1.40886724  9.0798791679760405e-04
    2.500000   1.47363885  7.1725766062670645e-04
    2.500000   1.53841049  6.2538840222635199e-04
    2.500000   1.60318216  6.2528885380345924e-04
    2.500000   1.66795381  7.1695481919955640e-04
    2.500000   1.73272541  9.0746781085969364e-04
    2.500000   1.79749694  1.2115470142733966e-03
    2.500000   1.86226837  1.6526731045731408e-03
    2.500000   1.92703964  2.2648133280088944e-03
    2.500000   1.99181073  3.0947696656702210e-03
    2.500000   2.05658157  4.2051298762644978e-03
    2.500000   2.12135212  5.6777006588691189e-03
    2.500000   2.18612229  7.6171088169582997e-03
    2.500000   2.25089198  1.0153926757452247e-02
    2.500000   2.31566107  1.3446168923687659e-02
    2.500000   2.38042940  1.7677294563316265e-02
    2.500000   2.44519674  2.3047988737242446e-02
    2.500000   2.50996278  2.9758176334773408e-02
    2.500000   2.57472706  3.7975403837413178e-02
    2.500000   2.63948889  4.7786686440570429e-02
    2.500000   2.70424717  5.9134244712506542e-02
    2.500000   2.76900006  7.1742283475272062e-02
    2.500000   2.83374417  8.5052236625384109e-02
    2.500000   2.89847256  9.8195455972796039e-02
    2.500000   2.96316844  1.1003877990594618e-01
    2.500000   3.02777863  1.1932938204605567e-01
    2.500000   3.09200950  1.2493321559638899e-01
    2.550000   0.04958315  1.0284134730002180e-01
    2.550000   0.11381403  9.8284805730241148e-02
    2.550000   0.17842421  9.0717905812935817e-02
    2.550000   0.24312010  8.1049294182453879e-02
    2.550000   0.30784849  7.0290027586295351e-02
    2.550000   0.37259260  5.9362686195790680e-02
    2.550000   0.43734549  4.8981930992097293e-02
    2.550000   0.50210377  3.9613610607704450e-02
    2.550000   0.56686560  3.1493412289239964e-02
    2.550000   0.63162987  2.4677367869779358e-02
    2.550000   0.69639591  1.9100647155656524e-02
    2.550000   0.76116325  1.4629998994801720e-02
    2.550000   0.82593158  1.1103536963288181e-02
    2.550000   0.89070068  8.3571861921960585e-03
    2.550000   0.95547037  6.2399671117831538e-03
    2.550000   1.02024053  4.6211856387086900e-03
    2.550000   1.08501108  3.3924046534776495e-03
    2.550000   1.14978193  2.4664390041035651e-03
    2.550000   1.21455301  1.7749246203143136e-03
    2.550000   1.27932429  1.2654328989477068e-03
    2.550000   1.34409571  8.9868090471772219e-04
    2.550000   1.40886724  6.4611271038108264e-04
    2.550000   1.47363885  4.8796351124589794e-04
    2.550000   1.53841049  4.1183138069647004e-04
    2.550000   1.60318216  4.1174381399284904e-04
    2.550000   1.66795381  4.8769762160630293e-04
    2.550000   1.73272541  6.4565791967995199e-04
    2.550000   1.79749694  8.9801593381481145e-04
    2.550000   1.86226837  1.2645192261511514e-03
    2.550000   1.92703964  1.7736949033383511e-03
    2.550000   1.99181073  2.4647773332934948e-03
    2.550000   2.05658157  3.3901134701391010e-03
    2.550000   2.12135212  4.6179310901497709e-03
    2.550000   2.18612229  6.2351902276645650e-03
    2.550000   2.25089198  8.3499615180032110e-03
    2.550000   2.31566107  1.1092353953887970e-02
    2.550000   2.38042940  1.4612437236571487e-02
    2.550000   2.44519674  1.9072920708817203e-02
    2.550000   2.50996278  2.4633738841215141e-02
    2.550000   2.57472706  3.1425537693135726e-02
    2.550000   2.63948889  3.9510009026023869e-02
    2.550000   2.70424717  4.8827937196309144e-02
    2.550000   2.76900006  5.9141445752273508e-02
    2.550000   2.83374417  6.9985111361619237e-02
    2.550000   2.89847256  8.0649138419439659e-02
    2.550000   2.96316844  9.0221341152580417e-02
    2.550000   3.02777863  9.7705676224615054e-02
    2.550000   3.09200950  1.0220949945335051e-01
    2.600000   0.04958315  8.3925428819258865e-02
    2.600000   0.11381403  8.0270223232038043e-02
    2.600000   0.17842421  7.4186989236799172e-02
    2.600000   0.24312010  6.6390107132041451e-02
    2.600000   0.30784849  5.7681694555166918e-02
    2.600000   0.37259260  4.8802138242368918e-02
    2.600000   0.43734549  4.0333130311091155e-02
    2.600000   0.50210377  3.2661016165055110e-02
    2.600000   0.56686560  2.5987765811362886e-02
    2.600000   0.63162987  2.0368826549928103e-02
    2.600000   0.69639591  1.5759204857713212e-02
    2.600000   0.76116325  1.2055618666748659e-02
    2.600000   0.82593158  9.1291049232665837e-03
    2.600000   0.89070068  6.8470984311900449e-03
    2.600000   0.95547037  5.0864757518671207e-03
    2.600000   1.02024053  3.7399235244774129e-03
    2.600000   1.08501108  2.7179253433932344e-03
    2.600000   1.14978193  1.9481970734986542e-03
    2.600000   1.21455301  1.3738585659053013e-03
    2.600000   1.27932429  9.5116224806703141e-04
    2.600000   1.34409571  6.4725296805346960e-04
    2.600000   1.40886724  4.3820321751768292e-04
    2.600000   1.47363885  3.0742854272301437e-04
    2.600000   1.53841049  2.4451242815580102e-04
    2.600000   1.60318216  2.4443567367029277e-04
    2.600000   1.66795381  3.0719584791030817e-04
    2.600000   1.73272541  4.3780655675688805e-04
    2.600000   1.79749694  6.4667632024196695e-04
    2.600000   1.86226837  9.5037685200697339e-04
    2.600000   1.92703964  1.3728145196296696e-03
    2.600000   1.99181073  1.9468090091425171e-03
    2.600000   2.05658157  2.7160484536464667e-03
    2.600000   2.12135212  3.7373140510219838e-03
    2.600000   2.18612229  5.0827269982214656e-03
    2.600000   2.25089198  6.8415394813636978e-03
    2.600000   2.31566107  9.1206452122825181e-03
    2.600000   2.38042940  1.2042519429268556e-02
    2.600000   2.44519674  1.5738762899649910e-02
    2.600000   2.50996278  2.0336975133279971e-02
    2.600000   2.57472706  2.5938643753809401e-02
    2.600000   2.63948889  3.2586640611018666e-02
    2.600000   2.70424717  4.0223427347210940e-02
    2.600000   2.76900006  4.8645695266210681e-02
    2.600000   2.83374417  5.7467592468418496e-02
    2.600000   2.89847256  6.6110917149824144e-02
    2.600000   2.96316844  7.3842396022906487e-02
    2.600000   3.02777863  7.9869951102705408e-02
    2.600000   3.09200950  8.3489749306794883e-02
    2.650000   0.04958315  6.8392123087762949e-02
    2.650000   0.11381403  6.5459589972536425e-02
    2.650000   0.17842421  6.0569734354546087e-02
    2.650000   0.24312010  5.4285138572236678e-02
    2.650000   0.30784849  4.7242448899003905e-02
    2.650000   0.37259260  4.0035282784589787e-02
    2.650000   0.43734549  3.3135941832466799e-02
    2.650000   0.50210377  2.6863446612771819e-02
    2.650000   0.56686560  2.1389454031653994e-02
    2.650000   0.63162987  1.6766547957795197e-02
    2.650000   0.69639591  1.2964245397944090e-02
    2.650000   0.76116325  9.9027451748578080e-03
    2.650000   0.82593158  7.4795312721037815e-03
    2.650000   0.89070068  5.5877103315882890e-03
    2.650000   0.95547037  4.1270735164098205e-03
    2.650000   1.02024053  3.0096796290883061e-03
    2.650000   1.08501108  2.1617786641068052e-03
    2.650000   1.14978193  1.5235612128437076e-03
    2.650000   1.21455301  1.0477982980816828e-03
    2.650000   1.27932429  6.9806137775395738e-04
    2.650000   1.34409571  4.4692893958530401e-04
    2.650000   1.40886724  2.7439437746670591e-04
    2.650000   1.47363885  1.6657184729553949e-04
    2.650000   1.53841049  1.1473146112275365e-04
    2.650000   1.60318216  1.1466439905849610e-04
    2.650000   1.66795381  1.6636880026802531e-04
    2.650000   1.73272541  2.7404923740998903e-04
    2.650000   1.79749694  4.4642962486208214e-04
    2.650000   1.86226837  6.9738641804465112e-04
    2.650000   1.92703964  1.0469107805881803e-03
    2.650000   1.99181073  1.5223984516990171e-03
    2.650000   2.05658157  2.1602349140840901e-03
    2.650000   2.12135212  3.0075776331348484e-03
    2.650000   2.18612229  4.1241185575482649e-03
    2.650000   2.25089198  5.5834178383289117e-03
    2.650000   2.31566107  7.4731164660707394e-03
    2.650000   2.38042940  9.8929623201747599e-03
    2.650000   2.44519674  1.2949168246478267e-02
    2.650000   2.50996278  1.6743297750482920e-02
    2.650000   2.57472706  2.1353914692876279e-02
    2.650000   2.63948889  2.6810064712240903e-02
    2.650000   2.70424717  3.3057786404612460e-02
    2.650000   2.76900006  3.9924605104035303e-02
    2.650000   2.83374417  4.7091963402405901e-02
    2.650000   2.89847256  5.4090049766438247e-02
    2.650000   2.96316844  6.0330122366831489e-02
    2.650000   3.02777863  6.5182276752524901e-02
    2.650000   3.09200950  6.8090921973449306e-02
    2.700000   0.04958315  5.5651164554092268e-02
    2.700000   0.11381403  5.3298658056472950e-02
    2.700000   0.17842421  4.9369245693228953e-02
    2.700000   0.24312010  4.4306490997704742e-02
    2.700000   0.30784849  3.8615832024648293e-02
    2.700000   0.37259260  3.2772812151127130e-02
    2.700000   0.43734549  2.7160121497657199e-02
    2.700000   0.50210377  2.2040230770985703e-02
    2.700000   0.56686560  1.7558042836439483e-02
    2.700000   0.63162987  1.3761980050638906e-02
    2.700000   0.69639591  1.0632047263252665e-02
    2.700000   0.76116325  8.1067655590579806e-03
    2.700000   0.82593158  6.1047941037692286e-03
    2.700000   0.89070068  4.5400920462598127e-03
    2.700000   0.95547037  3.3312465558131576e-03
    2.700000   1.02024053  2.4063238660281734e-03
    2.700000   1.08501108  1.7046779286404368e-03
    2.700000   1.14978193  1.1769168024587883e-03
    2.700000   1.21455301  7.8390278107548451e-04
    2.700000   1.27932429  4.9536340501253606e-04
    2.700000   1.34409571  2.8845967027810480e-04
    2.700000   1.40886724  1.4649880395691835e-04
    2.700000   1.47363885  5.7879512932096651e-05
    2.700000   1.53841049  1.5301415405752055e-05
    2.700000   1.60318216  1.5242992091154599e-05
    2.700000   1.66795381  5.7702811286558194e-05
    2.700000   1.73272541  1.4619915520558424e-04
    2.700000   1.79749694  2.8802793970346841e-04
    2.700000   1.86226837  4.9478355612250118e-04
    2.700000   1.92703964  7.8314754819214781e-04
    2.700000   1.99181073  1.1759402925097017e-03
    2.700000   2.05658157  1.7034032292504249e-03
    2.700000   2.12135212  2.4046226535148841e-03
    2.700000   2.18612229  3.3289062218391742e-03
    2.700000   2.25089198  4.5367640889023789e-03
    2.700000   2.31566107  6.0999159099323482e-03
    2.700000   2.38042940  8.0994474165734590e-03
    2.700000   2.44519674  1.0620919869205844e-02
    2.700000   2.50996278  1.3745008878368267e-02
    2.700000   2.57472706  1.7532339489626788e-02
    2.700000   2.63948889  2.2001931165216156e-02
    2.700000   2.70424717  2.7104451306172662e-02
    2.700000   2.76900006  3.2694498119295951e-02
    2.700000   2.83374417  3.8509995848835729e-02
    2.700000   2.89847256  4.4170022962700617e-02
    2.700000   2.96316844  4.9202382296661296e-02
    2.700000   3.02777863  5.3106179609215536e-02
    2.700000   3.09200950  5.5442508944266715e-02
    2.750000   0.04958315  4.5213048954546836e-02
    2.750000   0.11381403  4.3326341744664654e-02
    2.750000   0.17842421  4.0170072947915254e-02
    2.750000   0.24312010  3.6094261984952081e-02
    2.750000   0.30784849  3.1500223395227914e-02
    2.750000   0.37259260  2.6768617322532436e-02
    2.750000   0.43734549  2.2208967794689529e-02
    2.750000   0.50210377  1.8036543023054973e-02
    2.750000   0.56686560  1.4372954473496286e-02
    2.750000   0.63162987  1.1261833376626763e-02
    2.750000   0.69639591  8.6906581722504140e-03
    2.750000   0.76116325  6.6121924192022929e-03
    2.750000   0.82593158  4.9620005647073853e-03
    2.750000   0.89070068  3.6709346505060035e-03
    2.750000   0.95547037  2.6729603404392465e-03
    2.750000   1.02024053  1.9093385237403141e-03
    2.750000   1.08501108  1.3302883082903850e-03
    2.750000   1.14978193  8.9509697390344060e-04
    2.750000   1.21455301  5.7139478101150495e-04
    2.750000   1.27932429  3.3407547339463114e-04
    2.750000   1.34409571  1.6415605882062021e-04
    2.750000   1.40886724  4.7738243189266301e-05
    2.750000   1.47363885 -2.4849575438518330e-05
    2.750000   1.53841049 -5.9698911102632457e-05
    2.750000   1.60318216 -5.9749673540615839e-05
    2.750000   1.66795381 -2.5002971607801656e-05
    2.750000   1.73272541  4.7478624434076503e-05
    2.750000   1.79749694  1.6378328449427037e-04
    2.750000   1.86226837  3.3357754825232228e-04
    2.750000   1.92703964  5.7075158430384108e-04
    2.750000   1.99181073  8.9427500515504201e-04
    2.750000   2.05658157  1.3292318651754776e-03
    2.750000   2.12135212  1.9079551681142556e-03
    2.750000   2.18612229  2.6710974802304542e-03
    2.750000   2.25089198  3.6683428631125335e-03
    2.750000   2.31566107  4.9582782663495934e-03
    2.750000   2.38042940  6.6067065164365675e-03
    2.750000   2.44519674  8.6824381170799748e-03
    2.750000   2.50996278  1.1249444284280350e-02
    2.750000   2.57472706  1.4354371855002521e-02
    2.750000   2.63948889  1.8009078869369397e-02
    2.750000   2.70424717  2.2169330781075254e-02
    2.750000   2.76900006  2.6713212066083313e-02
    2.750000   2.83374417  3.1425773285216237e-02
    2.750000   2.89847256  3.5998741784092909e-02
    2.750000   2.96316844  4.0053756319658518e-02
    2.750000   3.02777863  4.3192574252308547e-02
    2.750000   3.09200950  4.5068292403589817e-02
    2.800000   0.04958315  3.6671905477059577e-02
    2.800000   0.11381403  3.5159363598872742e-02
    2.800000   0.17842421  3.2625462640545659e-02
    2.800000   0.24312010  2.9346570649265095e-02
    2.800000   0.30784849  2.5641328356058382e-02
    2.800000   0.37259260  2.1814220277996132e-02
    2.800000   0.43734549  1.8115190056564343e-02
    2.800000   0.50210377  1.4720301997532827e-02
    2.800000   0.56686560  1.1731104920683858e-02
    2.800000   0.63162987  9.1862552947085622e-03
    2.800000   0.69639591  7.0784660937906934e-03
    2.800000   0.76116325  5.3715323545517561e-03
    2.800000   0.82593158  4.0144804882625493e-03
    2.800000   0.89070068  2.9518155708132452e-03
    2.800000   0.95547037  2.1300569891642466e-03
    2.800000   1.02024053  1.5013174653900302e-03
    2.800000   1.08501108  1.0248051035193512e-03
    2.800000   1.14978193  6.6702241533802534e-04
    2.800000   1.21455301  4.0124846144876022e-04
    2.800000   1.27932429  2.0670309257611174e-04
    2.800000   1.34409571  6.7640979715095518e-05
    2.800000   1.40886724 -2.7484768847249666e-05
    2.800000   1.47363885 -8.6719353911665945e-05
    2.800000   1.53841049 -1.1513423882325044e-04
    2.800000   1.60318216 -1.1517823782094026e-04
    2.800000   1.66795381 -8.6852216639822822e-05
    2.800000   1.73272541 -2.7709273643644038e-05
    2.800000   1.79749694  6.7319543562497703e-05
    2.800000   1.86226837  2.0627572969743446e-04
    2.800000   1.92703964  4.0070032807488376e-04
    2.800000   1.99181073  6.6632912553054734e-04
    2.800000   2.05658157  1.0239265006314194e-03
    2.800000   2.12135212  1.5001873319025970e-03
    2.800000   2.18612229  2.1285664492200367e-03
    2.800000   2.25089198  2.9497871217596338e-03
    2.800000   2.31566107  4.0116289533542711e-03
    2.800000   2.38042940  5.3674092202251854e-03
    2.800000   2.44519674  7.0723858887669112e-03
    2.800000   2.50996278  9.1772087249633594e-03
    2.800000   2.57472706  1.1717675437270000e-02
    2.800000   2.63948889  1.4700621071129379e-02
    2.800000   2.70424717  1.8086988013498367e-02
    2.800000   2.76900006  2.1775042248837955e-02
    2.800000   2.83374417  2.5588967630052129e-02
    2.800000   2.89847256  2.9279702834031161e-02
    2.800000   2.96316844  3.2544343736823578e-02
    2.800000   3.02777863  3.5066331635132855e-02
    2.800000   3.09200950  3.6571391061894117e-02
    2.850000   0.04958315  2.9691511216618435e-02
    2.850000   0.11381403  2.8479547874574841e-02
    2.850000   0.17842421  2.6446571380791022e-02
    2.850000   0.24312010  2.3810884787989602e-02
    2.850000   0.30784849  2.0825462529048544e-02
    2.850000   0.37259260  1.7733681760305688e-02
    2.850000   0.43734549  1.4737074629548168e-02
    2.850000   0.50210377  1.1979277781967911e-02
    2.850000   0.56686560  9.5447051972575893e-03
    2.850000   0.63162987  7.4671428434530118e-03
    2.850000   0.69639591  5.7428910159135300e-03
    2.850000   0.76116325  4.3442602119609661e-03
    2.850000   0.82593158  3.2309726295420859e-03
    2.850000   0.89070068  2.3585449568125261e-03
    2.850000   0.95547037  1.6837234342461196e-03
    2.850000   1.02024053  1.1675275529307253e-03
    2.850000   1.08501108  7.7658700060083484e-04
    2.850000   1.14978193  4.8339015000312471e-04
    2.850000   1.21455301  2.6592102489060912e-04
    2.850000   1.27932429  1.0701456555183032e-04
    2.850000   1.34409571 -6.3617792931871299e-06
    2.850000   1.40886724 -8.3780500981060877e-05
    2.850000   1.47363885 -1.3191893568642113e-04
    2.850000   1.53841049 -1.5498966137197879e-04
    2.850000   1.60318216 -1.5502771296204315e-04
    2.850000   1.66795381 -1.3203377275571466e-04
    2.850000   1.73272541 -8.3974292864205468e-05
    2.850000   1.79749694 -6.6385884107672386e-06
    2.850000   1.86226837  1.0664796715701090e-04
    2.850000   1.92703964  2.6545368013540331e-04
    2.850000   1.99181073  4.8280435283864983e-04
    2.850000   2.05658157  7.7585394351119643e-04
    2.850000   2.12135212  1.1666001000491487e-03
    2.850000   2.18612229  1.6825244301565080e-03
    2.850000   2.25089198  2.3569489214843001e-03
    2.850000   2.31566107  3.2287782820773735e-03
    2.850000   2.38042940  4.3411514789635404e-03
    2.850000   2.44519674  5.7383858689323336e-03
    2.850000   2.50996278  7.4605337279305024e-03
    2.850000   2.57472706  9.5350032620639402e-03
    2.850000   2.63948889  1.1965185839314317e-02
    2.850000   2.70424717  1.4717027893276471e-02
    2.850000   2.76900006  1.7706002559579274e-02
    2.850000   2.83374417  2.0788661384473790e-02
    2.850000   2.89847256  2.3764092174146993e-02
    2.850000   2.96316844  2.6390004421333886e-02
    2.850000   3.02777863  2.8414837515306879e-02
    2.850000   3.09200950  2.9621697738986971e-02
    2.900000   0.04958315  2.3993686346360781e-02
    2.900000   0.11381403  2.3023172059876799e-02
    2.900000   0.17842421  2.1393279515871961e-02
    2.900000   0.24312010  1.9276488797356776e-02
    2.900000   0.30784849  1.6873604119208834e-02
    2.900000   0.37259260  1.4379017109527865e-02
    2.900000   0.43734549  1.1954995903015493e-02
    2.900000   0.50210377  9.7184466393690251e-03
    2.900000   0.56686560  7.7392515311675942e-03
    2.900000   0.63162987  6.0466067111140916e-03
    2.900000   0.69639591  4.6392011934707749e-03
    2.900000   0.76116325  3.4958975680365058e-03
    2.900000   0.82593158  2.5848990524343857e-03
    2.900000   0.89070068  1.8705871864286080e-03
    2.900000   0.95547037  1.3180241134120234e-03
    2.900000   1.02024053  8.9552594605894927e-04
    2.900000   1.08501108  5.7583814934833400e-04
    2.900000   1.14978193  3.3640540293905952e-04
    2.900000   1.21455301  1.5912281877671926e-04
    2.900000   1.27932429  2.9840209193775725e-05
    2.900000   1.34409571 -6.2206616523138877e-05
    2.900000   1.40886724 -1.2493572406621151e-04
    2.900000   1.47363885 -1.6387642172308742e-04
    2.900000   1.53841049 -1.8251962332930581e-04
    2.900000   1.60318216 -1.8255246377381714e-04
    2.900000   1.66795381 -1.6397548652308876e-04
    2.900000   1.73272541 -1.2510272398113634e-04
    2.900000   1.79749694 -6.2444697700564356e-05
    2.900000   1.86226837  2.9525920611862052e-05
    2.900000   1.92703964  1.5872422081887410e-04
    2.900000   1.99181073  3.3590966700537152e-04
    2.900000   2.05658157  5.7522471780888085e-04
    2.900000   2.12135212  8.9476150733116774e-04
    2.900000   2.18612229  1.3170544285431671e-03
    2.900000   2.25089198  1.8693242556086511e-03
    2.900000   2.31566107  2.5832018494216344e-03
    2.900000   2.38042940  3.4935447764138121e-03
    2.900000   2.44519674  4.6358556549225939e-03
    2.900000   2.50996278  6.0417744968147341e-03
    2.900000   2.57472706  7.7322444973101393e-03
    2.900000   2.63948889  9.7083660325859179e-03
    2.900000   2.70424717  1.1940763836092936e-02
    2.900000   2.76900006  1.4359486666020233e-02
    2.900000   2.83374417  1.6847768178502275e-02
    2.900000   2.89847256  1.9243774254250889e-02
    2.900000   2.96316844  2.1353860154413339e-02
    2.900000   3.02777863  2.2978182941631477e-02
    2.900000   3.09200950  2.3945213838808099e-02
    2.950000   0.04958315  1.9348590151298958e-02
    2.950000   0.11381403  1.8571997012723780e-02
    2.950000   0.17842421  1.7266360315889122e-02
    2.950000   0.24312010  1.5567969837616304e-02
    2.950000   0.30784849  1.3636175121289073e-02
    2.950000   0.37259260  1.1626123798806122e-02
    2.950000   0.43734549  9.6682895110005163e-03
    2.950000   0.50210377  7.8576092396983373e-03
    2.950000   0.56686560  6.2517140495069977e-03
    2.950000   0.63162987  4.8755896332062735e-03
    2.950000   0.69639591  3.7294525842381057e-03
    2.950000   0.76116325  2.7971913528853916e-03
    2.950000   0.82593158  2.0537221357207242e-03
    2.950000   0.89070068  1.4705514001110030e-03
    2.950000   0.95547037  1.0194920125398683e-03
    2.950000   1.02024053  6.7482728576142008e-04
    2.950000   1.08501108  4.1433337468289373e-04
    2.950000   1.14978193  2.1955120808439787e-04
    2.950000   1.21455301  7.5620889160614587e-05
    2.950000   1.27932429 -2.9098350908646824e-05
    2.950000   1.34409571 -1.0347772160044781e-04
    2.950000   1.40886724 -1.5405178667213530e-04
    2.950000   1.47363885 -1.8538831047400375e-04
    2.950000   1.53841049 -2.0037309910183492e-04
    2.950000   1.60318216 -2.0040138829567242e-04
    2.950000   1.66795381 -1.8547361597667856e-04
    2.950000   1.73272541 -1.5419547276442386e-04
    2.950000   1.79749694 -1.0368224905629573e-04
    2.950000   1.86226837 -2.9367628111333407e-05
    2.950000   1.92703964  7.5280852403559695e-05
    2.950000   1.99181073  2.1913113075511947e-04
    2.950000   2.05658157  4.1381866794924224e-04
    2.950000   2.12135212  6.7419460319955392e-04
    2.950000   2.18612229  1.0187035894424659e-03
    2.950000   2.25089198  1.4695461159697644e-03
    2.950000   2.31566107  2.0524020648626964e-03
    2.950000   2.38042940  2.7954027454571095e-03
    2.950000   2.44519674  3.7269611697082362e-03
    2.950000   2.50996278  4.8720524439936474e-03
    2.950000   2.57472706  6.2466541457684771e-03
    2.950000   2.63948889  7.8504056781173170e-03
    2.950000   2.70424717  9.6582009840517173e-03
    2.950000   2.76900006  1.1612366479679255e-02
    2.950000   2.83374417  1.3618067212349930e-02
    2.950000   2.89847256  1.5545132149008316e-02
    2.950000   2.96316844  1.7238926501692588e-02
    2.950000   3.02777863  1.8540754668903099e-02
    2.950000   3.09200950  1.9314969967459090e-02
    3.000000   0.04958315  1.5566584203174553e-02
    3.000000   0.11381403  1.4945703699448684e-02
    3.000000   0.17842421  1.3900817266170373e-02
    3.000000   0.24312010  1.2539614377484588e-02
    3.000000   0.30784849  1.0988501191008132e-02
    3.000000   0.37259260  9.3712033248892490e-03
    3.000000   0.43734549  7.7924844875240946e-03
    3.000000   0.50210377  6.3292726073097627e-03
    3.000000   0.56686560  5.0289230948665645e-03
    3.000000   0.63162987  3.9126361817049026e-03
    3.000000   0.69639591  2.9815466944766700e-03
    3.000000   0.76116325  2.2233868209737260e-03
    3.000000   0.82593158  1.6183780076687387e-03
    3.000000   0.89070068  1.1437448879204036e-03
    3.000000   0.95547037  7.7677212792998064e-04
    3.000000   1.02024053  4.9661518470057932e-04
    3.000000   1.08501108  2.8518133080814338e-04
    3.000000   1.14978193  1.2739094168066683e-04
    3.000000   1.21455301  1.1071512195151301e-05
    3.000000   1.27932429 -7.3332983066728182e-05
    3.000000   1.34409571 -1.3311711380416396e-04
    3.000000   1.40886724 -1.7366080993133615e-04
    3.000000   1.47363885 -1.9872812174624333e-04
    3.000000   1.53841049 -2.1069852484736286e-04
    3.000000   1.60318216 -2.1072285085859516e-04
    3.000000   1.66795381 -1.9880145697608468e-04
    3.000000   1.73272541 -1.7378425559992159e-04
    3.000000   1.79749694 -1.3329261660289236e-04
    3.000000   1.86226837 -7.3563550177346241e-05
    3.000000   1.92703964  1.0781400742141127e-05
    3.000000   1.99181073  1.2703457480891400e-04
    3.000000   2.05658157  2.8474841574793253e-04
    3.000000   2.12135212  4.9608951749310275e-04
    3.000000   2.18612229  7.7612771956094223e-04
    3.000000   2.25089198  1.1429397918926545e-03
    3.000000   2.31566107  1.6173449821314022e-03
    3.000000   2.38042940  2.2220201004473921e-03
    3.000000   2.44519674  2.9796848438296943e-03
    3.000000   2.50996278  3.9100426566542144e-03
    3.000000   2.57472706  5.0252690703260442e-03
    3.000000   2.63948889  6.3241307236244918e-03
    3.000000   2.70424717  7.7853461789873261e-03
    3.000000   2.76900006  9.3615334825253704e-03
    3.000000   2.83374417  1.0975837967972291e-02
    3.000000   2.89847256  1.2523705916295589e-02
    3.000000   2.96316844  1.3881763222417687e-02
    3.000000   3.02777863  1.4924048483373191e-02
    3.000000   3.09200950  1.5543307260760005e-02
    3.050000   0.04958315  1.2491409595440098e-02
    3.050000   0.11381403  1.1995523748221326e-02
    3.050000   0.17842421  1.1160233162617876e-02
    3.050000   0.24312010  1.0070614102970945e-02
    3.050000   0.30784849  8.8268918904701767e-03
    3.050000   0.37259260  7.5276463663416652e-03
    3.050000   0.43734549  6.2568777715773559e-03
    3.050000   0.50210377  5.0767855903171072e-03
    3.050000   0.56686560  4.0261452623277681e-03
    3.050000   0.63162987  3.1228066772011117e-03
    3.050000   0.69639591  2.3683997645648882e-03
    3.050000   0.76116325  1.7535880189217745e-03
    3.050000   0.82593158  1.2627798979552866e-03
    3.050000   0.89070068  8.7778324957708516e-04
    3.050000   0.95547037  5.8031173967832566e-04
    3.050000   1.02024053  3.5349288538583459e-04
    3.050000   1.08501108  1.8262089972835701e-04
    3.050000   1.14978193  5.5399481034118309e-05
    3.050000   1.21455301 -3.8122251290434525e-05
    3.050000   1.27932429 -1.0577161291547742e-04
    3.050000   1.34409571 -1.5353254229611861e-04
    3.050000   1.40886724 -1.8582325365866200e-04
    3.050000   1.47363885 -2.0573736873808927e-04
    3.050000   1.53841049 -2.1523155845390497e-04
    3.050000   1.60318216 -2.1525244272532415e-04
    3.050000   1.66795381 -2.0580031652623032e-04
    3.050000   1.73272541 -1.8592916514683554e-04
    3.050000   1.79749694 -1.5368297693464951e-04
    3.050000   1.86226837 -1.0596891009466676e-04
    3.050000   1.92703964 -3.8369774374822103e-05
    3.050000   1.99181073  5.5096874997907113e-05
    3.050000   2.05658157  1.8225599234074507e-04
    3.050000   2.12135212  3.5305455865555953e-04
    3.050000   2.18612229  5.7978236600900071e-04
    3.050000   2.25089198  8.7713447418942417e-04
    3.050000   2.31566107  1.2619662000972671e-03
    3.050000   2.38042940  1.7525375458588752e-03
    3.050000   2.44519674  2.3670024382159210e-03
    3.050000   2.50996278  3.1209007505778505e-03
    3.050000   2.57472706  4.0235055625478869e-03
    3.050000   2.63948889  5.0731194942400032e-03
    3.050000   2.70424717  6.2518376222979099e-03
    3.050000   2.76900006  7.5208675721713759e-03
    3.050000   2.83374417  8.8180616181643585e-03
    3.050000   2.89847256  1.0059564412438091e-02
    3.050000   2.96316844  1.1147036395222474e-02
    3.050000   3.02777863  1.1980554378308958e-02
    3.050000   3.09200950  1.2475336324282351e-02
    3.100000   0.04958315  9.9944741130372113e-03
    3.100000   0.11381403  9.5988875010375018e-03
    3.100000   0.17842421  8.9319946016446737e-03
    3.100000   0.24312010  8.0609854340964321e-03
    3.100000   0.30784849  7.0652789527909403e-03
    3.100000   0.37259260  6.0233421976851097e-03
    3.100000   0.43734549  5.0024264184944803e-03
    3.100000   0.50210377  4.0527112697372886e-03
    3.100000   0.56686560  3.2058368943502398e-03
    3.100000   0.63162987  2.4767253334955410e-03
    3.100000   0.69639591  1.8672148560211117e-03
    3.100000   0.76116325  1.3701983459181557e-03
    3.100000   0.82593158  9.7338483502717196e-04
    3.100000   0.89070068  6.6225146833659768e-04
    3.100000   0.95547037  4.2209225943925084e-04
    3.100000   1.02024053  2.3926839297006179e-04
    3.100000   1.08501108  1.0184661199022666e-04
    3.100000   1.14978193 -1.8083005493976031e-07
    3.100000   1.21455301 -7.4931456924231786e-05
    3.100000   1.27932429 -1.2880174689896081e-04
    3.100000   1.34409571 -1.6668822596696960e-04
    3.100000   1.40886724 -1.9220966641948312e-04
    3.100000   1.47363885 -2.0790158137691449e-04
    3.100000   1.53841049 -2.1536831611606509e-04
    3.100000   1.60318216 -2.1538621897686035e-04
    3.100000   1.66795381 -2.0795553651303822e-04
    3.100000   1.73272541 -1.9230041908739159e-04
    3.100000   1.79749694 -1.6681704217369397e-04
    3.100000   1.86226837 -1.2897046989647880e-04
    3.100000   1.92703964 -7.5142635781623535e-05
    3.100000   1.99181073 -4.3798984609690554e-07
    3.100000   2.05658157  1.0153843892274490e-04
    3.100000   2.12135212  2.3890168290769464e-04
    3.100000   2.18612229  4.2165527543141298e-04
    3.100000   2.25089198  6.6172541815082066e-04
    3.100000   2.31566107  9.7273947022096950e-04
    3.100000   2.38042940  1.3693856410973630e-03
    3.100000   2.44519674  1.8661607696440156e-03
    3.100000   2.50996278  2.4753204866696807e-03
    3.100000   2.57472706  3.2039284470647285e-03
    3.100000   2.63948889  4.0501002087445998e-03
    3.100000   2.70424717  4.9988762479110885e-03
    3.100000   2.76900006  6.0186052676703414e-03
    3.100000   2.83374417  7.0591435475889780e-03
    3.100000   2.89847256  8.0533391195888194e-03
    3.100000   2.96316844  8.9228885590143508e-03
    3.100000   3.02777863  9.5885777018427411e-03
    3.100000   3.09200950  9.9834152765345251e-03
    3.150000   0.04958315  7.9700785966138089e-03
    3.150000   0.11381403  7.6549389426486605e-03
    3.150000   0.17842421  7.1232707616084353e-03
    3.150000   0.24312010  6.4281127287837310e-03
    3.150000   0.30784849  5.6323496592701619e-03
    3.150000   0.37259260  4.7983697623768052e-03
    3.150000   0.43734549  3.9799286974503073e-03
    3.150000   0.50210377  3.2174162299190632e-03
    3.150000   0.56686560  2.5365603476119581e-03
    3.150000   0.63162987  1.9497513158238443e-03
    3.150000   0.69639591  1.4588477238785006e-03
    3.150000   0.76116325  1.0584336275474668e-03
    3.150000   0.82593158  7.3881725049839038e-04
    3.150000   0.89070068  4.8841034833634707e-04
    3.150000   0.95547037  2.9539781553789354e-04
    3.150000   1.02024053  1.4876982934147016e-04
    3.150000   1.08501108  3.8859318361997574e-05
    3.150000   1.14978193 -4.2462781882726378e-05
    3.150000   1.21455301 -1.0180367897830610e-04
    3.150000   1.27932429 -1.4437773688386581e-04
    3.150000   1.34409571 -1.7418100732639907e-04
    3.150000   1.40886724 -1.9416904145278373e-04
    3.150000   1.47363885 -2.0641370226145883e-04
    3.150000   1.53841049 -2.1222635685555361e-04
    3.150000   1.60318216 -2.1224168308992133e-04
    3.150000   1.66795381 -2.0645988941198228e-04
    3.150000   1.73272541 -1.9424671415551437e-04
    3.150000   1.79749694 -1.7429120745516302e-04
    3.150000   1.86226837 -1.4452193748987362e-04
    3.150000   1.92703964 -1.0198383533772983e-04
    3.150000   1.99181073 -4.2681466067837454e-05
    3.150000   2.05658157  3.8598617342336633e-05
    3.150000   2.12135212  1.4846210539998822e-04
    3.150000   2.18612229  2.9503544281435709e-04
    3.150000   2.25089198  4.8798120145731048e-04
    3.150000   2.31566107  7.3830173066565387e-04
    3.150000   2.38042940  1.0578003306638412e-03
    3.150000   2.44519674  1.4580477430378984e-03
    3.150000   2.50996278  1.9487117599124727e-03
    3.150000   2.57472706  2.5351786680503641e-03
    3.150000   2.63948889  3.2155582839766958e-03
    3.150000   2.70424717  3.9774346721660149e-03
    3.150000   2.76900006  4.7950721853270298e-03
    3.150000   2.83374417  5.6281055087634814e-03
    3.150000   2.89847256  6.4228464188311046e-03
    3.150000   2.96316844  7.1170175285065664e-03
    3.150000   3.02777863  7.6478723467596002e-03
    3.150000   3.09200950  7.9625061235276060e-03
    3.200000   0.04958315  6.3314371277754218e-03
    3.200000   0.11381403  6.0807872279792646e-03
    3.200000   0.17842421  5.6576387813249002e-03
    3.200000   0.24312010  5.1038320905796930e-03
    3.200000   0.30784849  4.4691145077066880e-03
    3.200000   0.37259260  3.8030272732312589e-03
    3.200000   0.43734549  3.1484637692546845e-03
    3.200000   0.50210377  2.5378551463025641e-03
    3.200000   0.56686560  1.9920473000481225e-03
    3.200000   0.63162987  1.5212608282846297e-03
    3.200000   0.69639591  1.1272571869010005e-03
    3.200000   0.76116325  8.0590022671370371e-04
    3.200000   0.82593158  5.4954332504933228e-04
    3.200000   0.89070068  3.4894313195751869e-04
    3.200000   0.95547037  1.9461614940843972e-04
    3.200000   1.02024053  7.7687179748755868e-05
    3.200000   1.08501108 -9.6612382312306185e-06
    3.200000   1.14978193 -7.4018430632703699e-05
    3.200000   1.21455301 -1.2074956839206278e-04
    3.200000   1.27932429 -1.5409419387281105e-04
    3.200000   1.34409571 -1.7730413761989943e-04
    3.200000   1.40886724 -1.9278585596971680e-04
    3.200000   1.47363885 -2.0222684112004786e-04
    3.200000   1.53841049 -2.0669535554812334e-04
    3.200000   1.60318216 -2.0670845984331707e-04
    3.200000   1.66795381 -2.0226633207835938e-04
    3.200000   1.73272541 -1.9285226318256141e-04
    3.200000   1.79749694 -1.7739833004805494e-04
    3.200000   1.86226837 -1.5421736658148501e-04
    3.200000   1.92703964 -1.2090324306761826e-04
    3.200000   1.99181073 -7.4204500098631895e-05
    3.200000   2.05658157 -9.8821106250571456e-06
    3.200000   2.12135212  7.7428243298340775e-05
    3.200000   2.18612229  1.9431435940306746e-04
    3.200000   2.25089198  3.4859095919905555e-04
    3.200000   2.31566107  5.4912852126974879e-04
    3.200000   2.38042940  8.0540287937792246e-04
    3.200000   2.44519674  1.1266457888799146e-03
    3.200000   2.50996278  1.5204877569517819e-03
    3.200000   2.57472706  1.9910448073179664e-03
    3.200000   2.63948889  2.5365338875073607e-03
    3.200000   2.70424717  3.1467167113301570e-03
    3.200000   2.76900006  3.8007418617159610e-03
    3.200000   2.83374417  4.4661944162190329e-03
    3.200000   2.89847256  5.1002262869108330e-03
    3.200000   2.96316844  5.6533707618823311e-03
    3.200000   3.02777863  6.0759734439883063e-03
    3.200000   3.09200950  6.3262839247373651e-03
    3.250000   0.04958315  5.0073664780396713e-03
    3.250000   0.11381403  4.8083818749804072e-03
    3.250000   0.17842421  4.4722604829857899e-03
    3.250000   0.24312010  4.0319802953764612e-03
    3.250000   0.30784849  3.5268521922014687e-03
    3.250000   0.37259260  2.9961586941357676e-03
    3.250000   0.43734549  2.4740599532967638e-03
    3.250000   0.50210377  1.9865290608713942e-03
    3.250000   0.56686560  1.5503932719898876e-03
    3.250000   0.63162987  1.1740283849767991e-03
    3.250000   0.69639591  8.5903089408175567e-04
    3.250000   0.76116325  6.0223101343858125e-04
    3.250000   0.82593158  3.9759027752559291e-04
    3.250000   0.89070068  2.3773751457970875e-04
    3.250000   0.95547037  1.1506780699736481e-04
    3.250000   1.02024053  2.2437006261580595e-05
    3.250000   1.08501108 -4.6464913301508823e-05
    3.250000   1.14978193 -9.6967357718887804e-05
    3.250000   1.21455301 -1.3341587247772034e-04
    3.250000   1.27932429 -1.5924762854417488e-04
    3.250000   1.34409571 -1.7710059627742484e-04
    3.250000   1.40886724 -1.8892757003334838e-04
    3.250000   1.47363885 -1.9609808116694490e-04
    3.250000   1.53841049 -1.9947911695349010e-04
    3.250000   1.60318216 -1.9949030910772832e-04
    3.250000   1.66795381 -1.9613181115209560e-04
    3.250000   1.73272541 -1.8898429153073120e-04
    3.250000   1.79749694 -1.7718104323299316e-04
    3.250000   1.86226837 -1.5935278546598447e-04
    3.250000   1.92703964 -1.3354694342752825e-04
    3.250000   1.99181073 -9.7125752966562340e-05
    3.250000   2.05658157 -4.6652290794778814e-05
    3.250000   2.12135212  2.2218579451918759e-05
    3.250000   2.18612229  1.1481547043098248e-04
    3.250000   2.25089198  2.3744686320588876e-04
    3.250000   2.31566107  3.9725407134239525e-04
    3.250000   2.38042940  6.0183719596755190e-04
    3.250000   2.44519674  8.5855988989804800e-04
    3.250000   2.50996278  1.1734499354702085e-03
    3.250000   2.57472706  1.5496635630677580e-03
    3.250000   2.63948889  1.9855895411983711e-03
    3.250000   2.70424717  2.4728398006052480e-03
    3.250000   2.76900006  2.9945829033142485e-03
    3.250000   2.83374417  3.5248561781660603e-03
    3.250000   2.89847256  4.0295294512259832e-03
    3.250000   2.96316844  4.4693698425145286e-03
    3.250000   3.02777863  4.8051284941235993e-03
    3.250000   3.09200950  5.0038874086173833e-03
    3.300000   0.04958315  3.9395380919138136e-03
    3.300000   0.11381403  3.7819140028663057e-03
    3.300000   0.17842421  3.5155268646753289e-03
    3.300000   0.24312010  3.1663412960772574e-03
    3.300000   0.30784849  2.7653797760709350e-03
    3.300000   0.37259260  2.3437381806752080e-03
    3.300000   0.43734549  1.9285630481858484e-03
    3.300000   0.50210377  1.5405965269836381e-03
    3.300000   0.56686560  1.1933680720947830e-03
    3.300000   0.63162987  8.9369586484683728e-04
    3.300000   0.69639591  6.4297781295549262e-04
    3.300000   0.76116325  4.3877244281101657e-04
    3.300000   0.82593158  2.7630522439711164e-04
    3.300000   0.89070068  1.4969868971077759e-04
    3.300000   0.95547037  5.2860007547402521e-05
    3.300000   1.02024053 -1.9952920098451017e-05
    3.300000   1.08501108 -7.3823322331200252e-05
    3.300000   1.14978193 -1.1305132176735396e-04
    3.300000   1.21455301 -1.4114691252603082e-04
    3.300000   1.27932429 -1.6088810589118119e-04
    3.300000   1.34409571 -1.7440757335795599e-04
    3.300000   1.40886724 -1.8328409915581000e-04
    3.300000   1.47363885 -1.8862477707669978e-04
    3.300000   1.53841049 -1.9113033382596955e-04
    3.300000   1.60318216 -1.9113988364044012e-04
    3.300000   1.66795381 -1.8865355991034405e-04
    3.300000   1.73272541 -1.8333250717301002e-04
    3.300000   1.79749694 -1.7447623360714327e-04
    3.300000   1.86226837 -1.6097784160287669e-04
    3.300000   1.92703964 -1.4125869378535936e-04
    3.300000   1.99181073 -1.1318621680336133e-04
    3.300000   2.05658157 -7.3982473672659104e-05
    3.300000   2.12135212 -2.0137590543997645e-05
    3.300000   2.18612229  5.2648245686867926e-05
    3.300000   2.25089198  1.4945751640783905e-04
    3.300000   2.31566107  2.7603075536078707e-04
    3.300000   2.38042940  4.3845791489540288e-04
    3.300000   2.44519674  6.4261173395376492e-04
    3.300000   2.50996278  8.9325979052974104e-04
    3.300000   2.57472706  1.1928345192165810e-03
    3.300000   2.63948889  1.5399279821488277e-03
    3.300000   2.70424717  1.9277134223929374e-03
    3.300000   2.76900006  2.3426580716655434e-03
    3.300000   2.83374417  2.7640261596323010e-03
    3.300000   2.89847256  3.1646905982299148e-03
    3.300000   2.96316844  3.5135881466800117e-03
    3.300000   3.02777863  3.7797373034819115e-03
    3.300000   3.09200950  3.9372131696550003e-03
    3.350000   0.04958315  3.0802014205887924e-03
    3.350000   0.11381403  2.9556596512424383e-03
    3.350000   0.17842421  2.7450976533624407e-03
    3.350000   0.24312010  2.4689306636780798e-03
    3.350000   0.30784849  2.1516012612612313e-03
    3.350000   0.37259260  1.8176769532357742e-03
    3.350000   0.43734549  1.4886782923912226e-03
    3.350000   0.50210377  1.1811181626256541e-03
    3.350000   0.56686560  9.0582780997546398e-04
    3.350000   0.63162987  6.6831865312491873e-04
    3.350000   0.69639591  4.6977934417557522e-04
    3.350000   0.76116325  3.0831649596551946e-04
    3.350000   0.82593158  1.8014869213678382e-04
    3.350000   0.89070068  8.0589473080689501e-05
    3.350000   0.95547037  4.7619531560919694e-06
    3.350000   1.02024053 -5.1941767063921912e-05
    3.350000   1.08501108 -9.3607960468044589e-05
    3.350000   1.14978193 -1.2369727269466113e-04
    3.350000   1.21455301 -1.4503624234103309e-04
    3.350000   1.27932429 -1.5986244712531386e-04
    3.350000   1.34409571 -1.6989350506326485e-04
    3.350000   1.40886724 -1.7640054794086893e-04
    3.350000   1.47363885 -1.8027456540918466e-04
    3.350000   1.53841049 -1.8207927727152546e-04
    3.350000   1.60318216 -1.8208741908317815e-04
    3.350000   1.66795381 -1.8029910748447049e-04
    3.350000   1.73272541 -1.7644183183646703e-04
    3.350000   1.79749694 -1.6995207188654748e-04
    3.350000   1.86226837 -1.5993899487010225e-04
    3.350000   1.92703964 -1.4513156726229378e-04
    3.350000   1.99181073 -1.2381220073262789e-04
    3.350000   2.05658157 -9.3743284047481052e-05
    3.350000   2.12135212 -5.2098218012561788e-05
    3.350000   2.18612229  4.5836419820210120e-06
    3.350000   2.25089198  8.0388339346979800e-05
    3.350000   2.31566107  1.7992305015034771e-04
    3.350000   2.38042940  3.0806308121800879e-04
    3.350000   2.44519674  4.6949205385296344e-04
    3.350000   2.50996278  6.6798697812292843e-04
    3.350000   2.57472706  9.0543529582913810e-04
    3.350000   2.63948889  1.1806415542401521e-03
    3.350000   2.70424717  1.4880882938486928e-03
    3.350000   2.76900006  1.8169415500522196e-03
    3.350000   2.83374417  2.1506920520837150e-03
    3.350000   2.89847256  2.4678315177434490e-03
    3.350000   2.96316844  2.7438135125701967e-03
    3.350000   3.02777863  2.9542221651185198e-03
    3.350000   3.09200950  3.0786682404788804e-03
    3.400000   0.04958315  2.3903010308984080e-03
    3.400000   0.11381403  2.2921933647790473e-03
    3.400000   0.17842421  2.1262731666118286e-03
    3.400000   0.24312010  1.9085658822885923e-03
    3.400000   0.30784849  1.6582931452115666e-03
    3.400000   0.37259260  1.3948207494901342e-03
    3.400000   0.43734549  1.1351620058595050e-03
    3.400000   0.50210377  8.9241680480104746e-04
    3.400000   0.56686560  6.7521527157805123e-04
    3.400000   0.63162987  4.8797902231733606e-04
    3.400000   0.69639591  3.3169163044166665e-04
    3.400000   0.76116325  2.0487178365714468e-04
    3.400000   0.82593158  1.0451832886290855e-04
    3.400000   0.89070068  2.6893958888625882e-05
    3.400000   0.95547037 -3.1901299068182828e-05
    3.400000   1.02024053 -7.5558946453954282e-05
    3.400000   1.08501108 -1.0735627849848280e-04
    3.400000   1.14978193 -1.3007043497308902e-04
    3.400000   1.21455301 -1.4596997085570101e-04
    3.400000   1.27932429 -1.5685029069380859e-04
    3.400000   1.34409571 -1.6408884586074075e-04
    3.400000   1.40886724 -1.6870429663222325e-04
    3.400000   1.47363885 -1.7141012022138180e-04
    3.400000   1.53841049 -1.7265742310111133e-04
    3.400000   1.60318216 -1.7266435993678204e-04
    3.400000   1.66795381 -1.7143103323832333e-04
    3.400000   1.73272541 -1.6873948513141841e-04
    3.400000   1.79749694 -1.6413878073529001e-04
    3.400000   1.86226837 -1.5691557112191415e-04
    3.400000   1.92703964 -1.4605126240133023e-04
    3.400000   1.99181073 -1.3016839162905097e-04
    3.400000   2.05658157 -1.0747145788658718e-04
    3.400000   2.12135212 -7.5691738980106739e-05
    3.400000   2.18612229 -3.2051908767354705e-05
    3.400000   2.25089198  2.6725423567401425e-05
    3.400000   2.31566107  1.0433157816672465e-04
    3.400000   2.38042940  2.0466580501507314e-04
    3.400000   2.44519674  3.3146383760759027e-04
    3.400000   2.50996278  4.8772414461633321e-04
    3.400000   2.57472706  6.7492420185558566e-04
    3.400000   2.63948889  8.9207584956440503e-04
    3.400000   2.70424717  1.1347531804570519e-03
    3.400000   2.76900006  1.3943237830010904e-03
    3.400000   2.83374417  1.6576895281066083e-03
    3.400000   2.89847256  1.9078445286933277e-03
    3.400000   2.96316844  2.1254362532845527e-03
    3.400000   3.02777863  2.2912601462691420e-03
    3.400000   3.09200950  2.3893075170606246e-03
    3.450000   0.04958315  1.8379217882298321e-03
    3.450000   0.11381403  1.7609109562676611e-03
    3.450000   0.17842421  1.6306447122569354e-03
    3.450000   0.24312010  1.4596774392176650e-03
    3.450000   0.30784849  1.2630907490884555e-03
    3.450000   0.37259260  1.0561096899845245e-03
    3.450000   0.43734549  8.5214151456410178e-04
    3.450000   0.50210377  6.6153723448865985e-04
    3.450000   0.56686560  4.9113670900369590e-04
    3.450000   0.63162987  3.4445782351544128e-04
    3.450000   0.69639591  2.2229232701317402e-04
    3.450000   0.76116325  1.2346866691949622e-04
    3.450000   0.82593158  4.5598817893936381e-05
    3.450000   0.89070068 -1.4298452855227582e-05
    3.450000   0.95547037 -5.9338947536439129e-05
    3.450000   1.02024053 -9.2474663230611309e-05
    3.450000   1.08501108 -1.1632745456963608e-04
    3.450000   1.14978193 -1.3311893544770857e-04
    3.450000   1.21455301 -1.4466302223687462e-04
    3.450000   1.27932429 -1.5239413225112266e-04
    3.450000   1.34409571 -1.5741158263276968e-04
    3.450000   1.40886724 -1.6052736457890379e-04
    3.450000   1.47363885 -1.6230952554310076e-04
    3.450000   1.53841049 -1.6311686024752652e-04
    3.450000   1.60318216 -1.6312276759691390e-04
    3.450000   1.66795381 -1.6232733802791686e-04
    3.450000   1.73272541 -1.6055734571947581e-04
    3.450000   1.79749694 -1.5745414502264132e-04
    3.450000   1.86226837 -1.5244979571022794e-04
    3.450000   1.92703964 -1.4473235253396015e-04
    3.450000   1.99181073 -1.3320246387811749e-04
    3.450000   2.05658157 -1.1642558347204838e-04
    3.450000   2.12135212 -9.2587571305563499e-05
    3.450000   2.18612229 -5.9466522112759029e-05
    3.450000   2.25089198 -1.4440292940298926e-05
    3.450000   2.31566107  4.5443268203530001e-05
    3.450000   2.38042940  1.2329978970492824e-04
    3.450000   2.44519674  2.2210976161334239e-04
    3.450000   2.50996278  3.4425967610244039e-04
    3.450000   2.57472706  4.9091867765812158e-04
    3.450000   2.63948889  6.6129194728152627e-04
    3.450000   2.70424717  8.5185852460771452e-04
    3.450000   2.76900006  1.0557765983074518e-03
    3.450000   2.83374417  1.2626957117778204e-03
    3.450000   2.89847256  1.4592128067647274e-03
    3.450000   2.96316844  1.6301108688402117e-03
    3.450000   3.02777863  1.7603189083432113e-03
    3.450000   3.09200950  1.8372930984512047e-03
    3.500000   0.04958315  1.3970067102371570e-03
    3.500000   0.11381403  1.3368097491896394e-03
    3.500000   0.17842421  1.2349777389838845e-03
    3.500000   0.24312010  1.1013220308843893e-03
    3.500000   0.30784849  9.4764394164269130e-04
    3.500000   0.37259260  7.8587592350825317e-04
    3.500000   0.43734549  6.2654447888040737e-04
    3.500000   0.50210377  4.7779122490509431e-04
    3.500000   0.56686560  3.4500437007113676e-04
    3.500000   0.63162987  2.3095648850344875e-04
    3.500000   0.69639591  1.3626580070848996e-04
    3.500000   0.76116325  5.9993793814568847e-05
    3.500000   0.82593158  2.3443348579717829e-07
    3.500000   0.89070068 -4.5391457290647548e-05
    3.500000   0.95547037 -7.9370778895943898e-05
    3.500000   1.02024053 -1.0405953107600370e-04
    3.500000   1.08501108 -1.2154937100207474e-04
    3.500000   1.14978193 -1.3361124729751491e-04
    3.500000   1.21455301 -1.4168942417466034e-04
    3.500000   1.27932429 -1.4692429740460330e-04
    3.500000   1.34409571 -1.5018834314742675e-04
    3.500000   1.40886724 -1.5212483095241173e-04
    3.500000   1.47363885 -1.5318299891812814e-04
    3.500000   1.53841049 -1.5364619290905181e-04
    3.500000   1.60318216 -1.5365122212588904e-04
    3.500000   1.66795381 -1.5319816657330951e-04
    3.500000   1.73272541 -1.5215036988109153e-04
    3.500000   1.79749694 -1.5022461678238340e-04
    3.500000   1.86226837 -1.4697176064159303e-04
    3.500000   1.92703964 -1.4174856511812918e-04
    3.500000   1.99181073 -1.3368250877385452e-04
    3.500000   2.05658157 -1.2163305417906199e-04
    3.500000   2.12135212 -1.0415569024146706e-04
    3.500000   2.18612229 -7.9479126977740038e-05
    3.500000   2.25089198 -4.5511315414902684e-05
    3.500000   2.31566107  1.0409525607517748e-07
    3.500000   2.38042940  5.9854170298182443e-05
    3.500000   2.44519674  1.3611787653582756e-04
    3.500000   2.50996278  2.3080047299425230e-04
    3.500000   2.57472706  3.4483902369226370e-04
    3.500000   2.63948889  4.7761327444854299e-04
    3.500000   2.70424717  6.2634842810714033e-04
    3.500000   2.76900006  7.8565459634472100e-04
    3.500000   2.83374417  9.4738996107981478e-04
    3.500000   2.89847256  1.1010301004957237e-03
    3.500000   2.96316844  1.2346471364951055e-03
    3.500000   3.02777863  1.3364460862308610e-03
    3.500000   3.09200950  1.3966220297700533e-03
    3.550000   0.04958315  1.0463009582924899e-03
    3.550000   0.11381403  9.9948274376401619e-04
    3.550000   0.17842421  9.2028895941416433e-04
    3.550000   0.24312010  8.1636489813766047e-04
    3.550000   0.30784849  6.9691528658306825e-04
    3.550000   0.37259260  5.7125769982087511e-04
    3.550000   0.43734549  4.4762113164097703e-04
    3.550000   0.50210377  3.3237538073289404e-04
    3.550000   0.56686560  2.2973532917446431e-04
    3.550000   0.63162987  1.4186224710160066e-04
    3.550000   0.69639591  6.9221400528326319e-05
    3.550000   0.76116325  1.1049971313684581e-05
    3.550000   0.82593158 -3.4178909489693108e-05
    3.550000   0.89070068 -6.8365138955490249e-05
    3.550000   0.95547037 -9.3491684230247673e-05
    3.550000   1.02024053 -1.1143484121235247e-04
    3.550000   1.08501108 -1.2385810180095503e-04
    3.550000   1.14978193 -1.3216754324729446e-04
    3.550000   1.21455301 -1.3750755641867688e-04
    3.550000   1.27932429 -1.4077965794341251e-04
    3.550000   1.34409571 -1.4267181989260832e-04
    3.550000   1.40886724 -1.4368997041010301e-04
    3.550000   1.47363885 -1.4418658319333412e-04
    3.550000   1.53841049 -1.4438353383942906e-04
    3.550000   1.60318216 -1.4438781518804481e-04
    3.550000   1.66795381 -1.4419949814412092e-04
    3.550000   1.73272541 -1.4371172519121980e-04
    3.550000   1.79749694 -1.4270273589290193e-04
    3.550000   1.86226837 -1.4082013595613464e-04
    3.550000   1.92703964 -1.3755802277709656e-04
    3.550000   1.99181073 -1.3222837592219788e-04
    3.550000   2.05658157 -1.2392953701766563e-04
    3.550000   2.12135212 -1.1151686632674121e-04
    3.550000   2.18612229 -9.3583931030057427e-05
    3.550000   2.25089198 -6.8466802913559632e-05
    3.550000   2.31566107 -3.4288732657118745e-05
    3.550000   2.38042940  1.0933608144899822e-05
    3.550000   2.44519674  6.9100235430846462e-05
    3.550000   2.50996278  1.4173773103927386e-04
    3.550000   2.57472706  2.2960810106802237e-04
    3.550000   2.63948889  3.3224475207231576e-04
    3.550000   2.70424717  4.4748479266654845e-04
    3.550000   2.76900006  5.7111189133348251e-04
    3.550000   2.83374417  6.9675560203592054e-04
    3.550000   2.89847256  8.1618766134771651e-04
    3.550000   2.96316844  9.2009281628432438e-04
    3.550000   3.02777863  9.9926986060304857e-04
    3.550000   3.09200950  1.0460772164761023e-03
    3.600000   0.04958315  7.6848302239863376e-04
    3.600000   0.11381403  7.3229015581916402e-04
    3.600000   0.17842421  6.7108475496561191e-04
    3.600000   0.24312010  5.9080331364419209e-04
    3.600000   0.30784849  4.9859757549444576e-04
    3.600000   0.37259260  4.0171149604259412e-04
    3.600000   0.43734549  3.0654513054168480e-04
    3.600000   0.50210377  2.1805083737559076e-04
    3.600000   0.56686560  1.3949834528839664e-04
    3.600000   0.63162987  7.2550318204627417e-05
    3.600000   0.69639591  1.7540080359840860e-05
    3.600000   0.76116325 -2.6162222130367856e-05
    3.600000   0.82593158 -5.9784879321991708e-05
    3.600000   0.89070068 -8.4846318665832675e-05
    3.600000   0.95547037 -1.0292606904542831e-04
    3.600000   1.02024053 -1.1551486081237336e-04
    3.600000   1.08501108 -1.2393103692983433e-04
    3.600000   1.14978193 -1.2928589536718559e-04
    3.600000   1.21455301 -1.3248115431988477e-04
    3.600000   1.27932429 -1.3422477923567233e-04
    3.600000   1.34409571 -1.3505511810159431e-04
    3.600000   1.40886724 -1.3536665698038881e-04
    3.600000   1.47363885 -1.3543332438141495e-04
    3.600000   1.53841049 -1.3542708933897050e-04
    3.600000   1.60318216 -1.3543073470836248e-04
    3.600000   1.66795381 -1.3544432339557789e-04
    3.600000   1.73272541 -1.3538519258416104e-04
    3.600000   1.79749694 -1.3508147528092313e-04
    3.600000   1.86226837 -1.3425931291090405e-04
    3.600000   1.92703964 -1.3252424053396885e-04
    3.600000   1.99181073 -1.2933786341377219e-04
    3.600000   2.05658157 -1.2399208186278848e-04
    3.600000   2.12135212 -1.1558493981288598e-04
    3.600000   2.18612229 -1.0300479192533106e-04
    3.600000   2.25089198 -8.4932852253240967e-05
    3.600000   2.31566107 -5.9877896128782253e-05
    3.600000   2.38042940 -2.6259931840685886e-05
    3.600000   2.44519674  1.7439778754425377e-05
    3.600000   2.50996278  7.2449543375744597e-05
    3.600000   2.57472706  1.3939882001084920e-04
    3.600000   2.63948889  2.1795343632545158e-04
    3.600000   2.70424717  3.0644953605073010e-04
    3.600000   2.76900006  4.0161614062099498e-04
    3.600000   2.83374417  4.9850000687297205e-04
    3.600000   2.89847256  5.9070097768002916e-04
    3.600000   2.96316844  6.7097598651619228e-04
    3.600000   3.02777863  7.3217499589412296e-04
    3.600000   3.09200950  7.6836346400211450e-04
    3.650000   0.04958315  5.4945060801912555e-04
    3.650000   0.11381403  5.2167776166687238e-04
    3.650000   0.17842421  4.7473341269674881e-04
    3.650000   0.24312010  4.1320760210109816e-04
    3.650000   0.30784849  3.4263117396327248e-04
    3.650000   0.37259260  2.6860648192164404e-04
    3.650000   0.43734549  1.9608071747568824e-04
    3.650000   0.50210377  1.2887535301437200e-04
    3.650000   0.56686560  6.9501545595671965e-05
    3.650000   0.63162987  1.9217622857861891e-05
    3.650000   0.69639591 -2.1754756546017170e-05
    3.650000   0.76116325 -5.3944229908941268e-05
    3.650000   0.82593158 -7.8343644148223766e-05
    3.650000   0.89070068 -9.6167835794293125e-05
    3.650000   0.95547037 -1.0867364257871645e-04
    3.650000   1.02024053 -1.1704235091263029e-04
    3.650000   1.08501108 -1.2231461185576714e-04
    3.650000   1.14978193 -1.2536412330958006e-04
    3.650000   1.21455301 -1.2689674363132260e-04
    3.650000   1.27932429 -1.2746408099057721e-04
    3.650000   1.34409571 -1.2748354108943014e-04
    3.650000   1.40886724 -1.2725950074599026e-04
    3.650000   1.47363885 -1.2700236925563378e-04
    3.650000   1.53841049 -1.2684375455970762e-04
    3.650000   1.60318216 -1.2684685986997859e-04
    3.650000   1.66795381 -1.2701174101896760e-04
    3.650000   1.73272541 -1.2727530138306652e-04
    3.650000   1.79749694 -1.2750602374227542e-04
    3.650000   1.86226837 -1.2749356107800668e-04
    3.650000   1.92703964 -1.2693355528505478e-04
    3.650000   1.99181073 -1.2540855817014588e-04
    3.650000   2.05658157 -1.2236683900742582e-04
    3.650000   2.12135212 -1.1710231990483978e-04
    3.650000   2.18612229 -1.0874097701385067e-04
    3.650000   2.25089198 -9.6241732887408560e-05
    3.650000   2.31566107 -7.8422804964921422e-05
    3.650000   2.38042940 -5.4026852917913455e-05
    3.650000   2.44519674 -2.1838628843289456e-05
    3.650000   2.50996278  1.9134913073602668e-05
    3.650000   2.57472706  6.9422280196508669e-05
    3.650000   2.63948889  1.2880128925625009e-04
    3.650000   2.70424717  1.9601272883989324e-04
    3.650000   2.76900006  2.6854436709401730e-04
    3.650000   2.83374417  3.4257374721897418e-04
    3.650000   2.89847256  4.1315309082524585e-04
    3.650000   2.96316844  4.7468005118251580e-04
    3.650000   3.02777863  5.2162434892808027e-04
    3.650000   3.09200950  5.4939677375078399e-04
    3.700000   0.04958315  3.7773419023127942e-04
    3.700000   0.11381403  3.5661656194707636e-04
    3.700000   0.17842421  3.2094822285976400e-04
    3.700000   0.24312010  2.7425983129712917e-04
    3.700000   0.30784849  2.2080462781014288e-04
    3.700000   0.37259260  1.6488795165713952e-04
    3.700000   0.43734549  1.1030564792612362e-04
    3.700000   0.50210377  5.9979642529652032e-05
    3.700000   0.56686560  1.5814704927134431e-05
    3.700000   0.63162987 -2.1256713598785966e-05
    3.700000   0.69639591 -5.1105785006179620e-05
    3.700000   0.76116325 -7.4183456187906912e-05
    3.700000   0.82593158 -9.1296586545944940e-05
    3.700000   0.89070068 -1.0341840057270457e-04
    3.700000   0.95547037 -1.1154787201523700e-04
    3.700000   1.02024053 -1.1661832935948637e-04
    3.700000   1.08501108 -1.1944747315597550e-04
    3.700000   1.14978193 -1.2071797535810720e-04
    3.700000   1.21455301 -1.2097808081162689e-04
    3.700000   1.27932429 -1.2065350334369536e-04
    3.700000   1.34409571 -1.2006424456850089e-04
    3.700000   1.40886724 -1.1944210671644254e-04
    3.700000   1.47363885 -1.1894634518583828e-04
    3.700000   1.53841049 -1.1867606856590786e-04
    3.700000   1.60318216 -1.1867871589309263e-04
    3.700000   1.66795381 -1.1895433671724648e-04
    3.700000   1.73272541 -1.1945558668019322e-04
    3.700000   1.79749694 -1.2008343802222888e-04
    3.700000   1.86226837 -1.2067869124243756e-04
    3.700000   1.92703964 -1.2100956158738074e-04
    3.700000   1.99181073 -1.2075601049078904e-04
    3.700000   2.05658157 -1.1949221515823240e-04
    3.700000   2.12135212 -1.1666973310587157e-04
    3.700000   2.18612229 -1.1160559487406154e-04
    3.700000   2.25089198 -1.0348170345625723e-04
    3.700000   2.31566107 -9.1364256083782612e-05
    3.700000   2.38042940 -7.4253775698353378e-05
    3.700000   2.44519674 -5.1176585059211174e-05
    3.700000   2.50996278 -2.1325526736173359e-05
    3.700000   2.57472706  1.5750380744058697e-05
    3.700000   2.63948889  5.9922001319267320e-05
    3.700000   2.70424717  1.1025622406627595e-04
    3.700000   2.76900006  1.6484735879615094e-04
    3.700000   2.83374417  2.2077248355246464e-04
    3.700000   2.89847256  2.7423491046182024e-04
    3.700000   2.96316844  3.2092879178558361e-04
    3.700000   3.02777863  3.5660075950059988e-04
    3.700000   3.09200950  3.7772029370107768e-04
    3.750000   0.04958315  2.4401579366543745e-04
    3.750000   0.11381403  2.2814256704710588e-04
    3.750000   0.17842421  2.0136226919849755e-04
    3.750000   0.24312010  1.6637352721973975e-04
    3.750000   0.30784849  1.2642458331499904e-04
    3.750000   0.37259260  8.4798392273406639e-05
    3.750000   0.43734549  4.4380912099560639e-05
    3.750000   0.50210377  7.3809710829960380e-06
    3.750000   0.56686560 -2.4779240030936416e-05
    3.750000   0.63162987 -5.1428157830832133e-05
    3.750000   0.69639591 -7.2512768134494894e-05
    3.750000   0.76116325 -8.8423724475742815e-05
    3.750000   0.82593158 -9.9820639439411770e-05
    3.750000   0.89070068 -1.0748443008410505e-04
    3.750000   0.95547037 -1.1220821037948950e-04
    3.750000   1.02024053 -1.1472696005091428e-04
    3.750000   1.08501108 -1.1567979103834900e-04
    3.750000   1.14978193 -1.1559622510760069e-04
    3.750000   1.21455301 -1.1489808548464407e-04
    3.750000   1.27932429 -1.1391009320177185e-04
    3.750000   1.34409571 -1.1287412243818964e-04
    3.750000   1.40886724 -1.1196378167904411e-04
    3.750000   1.47363885 -1.1129732470016353e-04
    3.750000   1.53841049 -1.1094782031564058e-04
    3.750000   1.60318216 -1.1095007976097450e-04
    3.750000   1.66795381 -1.1130414698879865e-04
    3.750000   1.73272541 -1.1197529484909014e-04
    3.750000   1.79749694 -1.1289052662496123e-04
    3.750000   1.86226837 -1.1393163897330952e-04
    3.750000   1.92703964 -1.1492504027784429e-04
    3.750000   1.99181073 -1.1562882534775081e-04
    3.750000   2.05658157 -1.1571817820974489e-04
    3.750000   2.12135212 -1.1477110098644299e-04
    3.750000   2.18612229 -1.1225780576266051e-04
    3.750000   2.25089198 -1.0753882076149406e-04
    3.750000   2.31566107 -9.9878727151046957e-05
    3.750000   2.38042940 -8.8483930481307035e-05
    3.750000   2.44519674 -7.2573057035116984e-05
    3.750000   2.50996278 -5.1486150654509770e-05
    3.750000   2.57472706 -2.4832426589496219e-05
    3.750000   2.63948889  7.3349364064938050e-06
    3.750000   2.70424717  4.4343879649050248e-05
    3.750000   2.76900006  8.4771427134331775e-05
    3.750000   2.83374417  1.2640779649915318e-04
    3.750000   2.89847256  1.6636607903315091e-04
    3.750000   2.96316844  2.0136253658432836e-04
    3.750000   3.02777863  2.2814840383345866e-04
    3.750000   3.09200950  2.4402478394396364e-04
    3.800000   0.04958315  1.4073440693086308e-04
    3.800000   0.11381403  1.2897911286946840e-04
    3.800000   0.17842421  1.0917895715500622e-04
    3.800000   0.24312010  8.3380500790788075e-05
    3.800000   0.30784849  5.4043310045679801e-05
    3.800000   0.37259260  2.3646624271757396e-05
    3.800000   0.43734549 -5.6403714669127448e-06
    3.800000   0.50210377 -3.2171947678906121e-05
    3.800000   0.56686560 -5.4908034299724922e-05
    3.800000   0.63162987 -7.3384377174179680e-05
    3.800000   0.69639591 -8.7608731237510652e-05
    3.800000   0.76116325 -9.7924304204488388e-05
    3.800000   0.82593158 -1.0487381655496627e-04
    3.800000   0.89070068 -1.0908508614574423e-04
    3.800000   0.95547037 -1.1118705134075235e-04
    3.800000   1.02024053 -1.1175632366740235e-04
    3.800000   1.08501108 -1.1128932553218638e-04
    3.800000   1.14978193 -1.1019317904538246e-04
    3.800000   1.21455301 -1.0878867667697123e-04
    3.800000   1.27932429 -1.0731986018072558e-04
    3.800000   1.34409571 -1.0596622791218824e-04
    3.800000   1.40886724 -1.0485496111647612e-04
    3.800000   1.47363885 -1.0407162671216373e-04
    3.800000   1.53841049 -1.0366854772531034e-04
    3.800000   1.60318216 -1.0367047905426479e-04
    3.800000   1.66795381 -1.0407745965577260e-04
    3.800000   1.73272541 -1.0486480926717212e-04
    3.800000   1.79749694 -1.0598026919144185e-04
    3.800000   1.86226837 -1.0733831814837172e-04
    3.800000   1.92703964 -1.0881179143565338e-04
    3.800000   1.99181073 -1.1022116548475673e-04
    3.800000   2.05658157 -1.1132231715597133e-04
    3.800000   2.12135212 -1.1179430185234888e-04
    3.800000   2.18612229 -1.1122976295574798e-04
    3.800000   2.25089198 -1.0913195718444272e-04
    3.800000   2.31566107 -1.0492387548812556e-04
    3.800000   2.38042940 -9.7976134965157430e-05
    3.800000   2.44519674 -8.7660479824862132e-05
    3.800000   2.50996278 -7.3433834559128496e-05
    3.800000   2.57472706 -5.4952808410502140e-05
    3.800000   2.63948889 -3.2209717467110194e-05
    3.800000   2.70424717 -5.6691894951214039e-06
    3.800000   2.76900006  2.3628038838566899e-05
    3.800000   2.83374417  5.4035356161467486e-05
    3.800000   2.89847256  8.3382611464504148e-05
    3.800000   2.96316844  1.0918966172403025e-04
    3.800000   3.02777863  1.2899621462756362e-04
    3.800000   3.09200950  1.4075521692631074e-04
    3.850000   0.04958315  6.1762656574526609e-05
    3.850000   0.11381403  5.3227135800185574e-05
    3.850000   0.17842421  3.8885027827572730e-05
    3.850000   0.24312010  2.0273187419719976e-05
    3.850000   0.30784849 -7.6598092338856556e-07
    3.850000   0.37259260 -2.2383033593694072e-05
    3.850000   0.43734549 -4.2971333108184678e-05
    3.850000   0.50210377 -6.1327808600959699e-05
    3.850000   0.56686560 -7.6713224564856072e-05
    3.850000   0.63162987 -8.8826669305667753e-05
    3.850000   0.69639591 -9.7723600447411219e-05
    3.850000   0.76116325 -1.0370926592274927e-04
    3.850000   0.82593158 -1.0723328992539617e-04
    3.850000   0.89070068 -1.0880156138817351e-04
    3.850000   0.95547037 -1.0891222803533004e-04
    3.850000   1.02024053 -1.0801571535157911e-04
    3.850000   1.08501108 -1.0649476304970823e-04
    3.850000   1.14978193 -1.0465901503112625e-04
    3.850000   1.21455301 -1.0274886032744921e-04
    3.850000   1.27932429 -1.0094419570693173e-04
    3.850000   1.34409571 -9.9374984244835103e-05
    3.850000   1.40886724 -9.8131583020686714e-05
    3.850000   1.47363885 -9.7273663868487799e-05
    3.850000   1.53841049 -9.6837130846586287e-05
    3.850000   1.60318216 -9.6838784921759883e-05
    3.850000   1.66795381 -9.7278660587519025e-05
    3.850000   1.73272541 -9.8140023067489547e-05
    3.850000   1.79749694 -9.9387025684134631e-05
    3.850000   1.86226837 -1.0096003795551564e-04
    3.850000   1.92703964 -1.0276871909213237e-04
    3.850000   1.99181073 -1.0468308614945473e-04
    3.850000   2.05658157 -1.0652317353264740e-04
    3.850000   2.12135212 -1.0804846122479666e-04
    3.850000   2.18612229 -1.0894910112975269e-04
    3.850000   2.25089198 -1.0884207121802673e-04
    3.850000   2.31566107 -1.0727659200148492e-04
    3.850000   2.38042940 -1.0375411338036807e-04
    3.850000   2.44519674 -9.7768339905785609e-05
    3.850000   2.50996278 -8.8869301777128466e-05
    3.850000   2.57472706 -7.6751545238430019e-05
    3.850000   2.63948889 -6.1359624036128971e-05
    3.850000   2.70424717 -4.2994732632402020e-05
    3.850000   2.76900006 -2.2396669764218957e-05
    3.850000   2.83374417 -7.6930134106727949e-07
    3.850000   2.89847256  2.0279809374627229e-05
    3.850000   2.96316844  3.8900291289795165e-05
    3.850000   3.02777863  5.3248933439339572e-05
    3.850000   3.09200950  6.1788285405419579e-05
    3.900000   0.04958315  2.1420444819547568e-06
    3.900000   0.11381403 -3.8886431877437343e-06
    3.900000   0.17842421 -1.3984929518443619e-05
    3.900000   0.24312010 -2.7007150241373966e-05
    3.900000   0.30784849 -4.1594216174219999e-05
    3.900000   0.37259260 -5.6388329195243882e-05
    3.900000   0.43734549 -7.0222432236212770e-05
    3.900000   0.50210377 -8.2239612126008596e-05
    3.900000   0.56686560 -9.1935887476209431e-05
    3.900000   0.63162987 -9.9137779720621087e-05
    3.900000   0.69639591 -1.0393727411335881e-04
    3.900000   0.76116325 -1.0660867309711671e-04
    3.900000   0.82593158 -1.0752717334992986e-04
    3.900000   0.89070068 -1.0710150945371594e-04
    3.900000   0.95547037 -1.0572575437173314e-04
    3.900000   1.02024053 -1.0375001963181600e-04
    3.900000   1.08501108 -1.0146676234463170e-04
    3.900000   1.14978193 -9.9108307117045581e-05
    3.900000   1.21455301 -9.6851360872870959e-05
    3.900000   1.27932429 -9.4825101543753021e-05
    3.900000   1.34409571 -9.3120397430737466e-05
    3.900000   1.40886724 -9.1798597356649325e-05
    3.900000   1.47363885 -9.0899009824875829e-05
    3.900000   1.53841049 -9.0444645720201176e-05
    3.900000   1.60318216 -9.0446065750606736e-05
    3.900000   1.66795381 -9.0903300421651647e-05
    3.900000   1.73272541 -9.1805847662131140e-05
    3.900000   1.79749694 -9.3130747731258310e-05
    3.900000   1.86226837 -9.4838729593003324e-05
    3.900000   1.92703964 -9.6868460418281593e-05
    3.900000   1.99181073 -9.9129056766884493e-05
    3.900000   2.05658157 -1.0149128317843194e-04
    3.900000   2.12135212 -1.0377832101044470e-04
    3.900000   2.18612229 -1.0575766952818651e-04
    3.900000   2.25089198 -1.0713662581254305e-04
    3.900000   2.31566107 -1.0756476699359829e-04
    3.900000   2.38042940 -1.0664766167502834e-04
    3.900000   2.44519674 -1.0397620632026770e-04
    3.900000   2.50996278 -9.9174880089049634e-05
    3.900000   2.57472706 -9.1969170276082391e-05
    3.900000   2.63948889 -8.2267066229771793e-05
    3.900000   2.70424717 -7.0242260910453069e-05
    3.900000   2.76900006 -5.6399209415136301e-05
    3.900000   2.83374417 -4.1595528578662703e-05
    3.900000   2.89847256 -2.6999130456942294e-05
    3.900000   2.96316844 -1.3968706841727933e-05
    3.900000   3.02777863 -3.8661583971136482e-06
    3.900000   3.09200950  2.1682259523406923e-06
    3.950000   0.04958315 -4.2133721795512660e-05
    3.950000   0.11381403 -4.6227576591075744e-05
    3.950000   0.17842421 -5.3041561362127250e-05
    3.950000   0.24312010 -6.1744369700024226e-05
    3.950000   0.30784849 -7.1348766197067891e-05
    3.950000   0.37259260 -8.0879025573285822e-05
    3.950000   0.43734549 -8.9509808076482098e-05
    3.950000   0.50210377 -9.6653219725170754e-05
    3.950000   0.56686560 -1.0198779064434338e-04
    3.950000   0.63162987 -1.0543828987040527e-04
    3.950000   0.69639591 -1.0712380471219256e-04
    3.950000   0.76116325 -1.0729289807935668e-04
    3.950000   0.82593158 -1.0626100183062803e-04
    3.950000   0.89070068 -1.0435938429562158e-04
    3.950000   0.95547037 -1.0189940431510315e-04
    3.950000   1.02024053 -9.9151630636327813e-05
    3.950000   1.08501108 -9.6337082090188430e-05
    3.950000   1.14978193 -9.3627036919740163e-05
    3.950000   1.21455301 -9.1148043170895504e-05
    3.950000   1.27932429 -8.8989433946158654e-05
    3.950000   1.34409571 -8.7211447942543832e-05
    3.950000   1.40886724 -8.5852767951652523e-05
    3.950000   1.47363885 -8.4936830399447069e-05
    3.950000   1.53841049 -8.4476616642710292e-05
    3.950000   1.60318216 -8.4477839270271482e-05
    3.950000   1.66795381 -8.4940525226059120e-05
    3.950000   1.73272541 -8.5859013801822280e-05
    3.950000   1.79749694 -8.7220369175571036e-05
    3.950000   1.86226837 -8.9001188836363047e-05
    3.950000   1.92703964 -9.1162805590025547e-05
    3.950000   1.99181073 -9.3644969658967703e-05
    3.950000   2.05658157 -9.6358300352368114e-05
    3.950000   2.12135212 -9.9176155089035934e-05
    3.950000   2.18612229 -1.0192710486684041e-04
    3.950000   2.25089198 -1.0438991860094618e-04
    3.950000   2.31566107 -1.0629375635587960e-04
    3.950000   2.38042940 -1.0732694382478788e-04
    3.950000   2.44519674 -1.0715788321691298e-04
    3.950000   2.50996278 -1.0547084613793912e-04
    3.950000   2.57472706 -1.0201706610953760e-04
    3.950000   2.63948889 -9.6677408981408455e-05
    3.950000   2.70424717 -8.9527268287497184e-05
    3.950000   2.76900006 -8.0888510557076111e-05
    3.950000   2.83374417 -7.1349643818054801e-05
    3.950000   2.89847256 -6.1736777553831021e-05
    3.950000   2.96316844 -5.3026464938580444e-05
    3.950000   3.02777863 -4.6206713745281341e-05
    3.950000   3.09200950 -4.2109439377307405e-05
    4.000000   0.04958315 -7.4295931282665031e-05
    4.000000   0.11381403 -7.6903198755681366e-05
    4.000000   0.17842421 -8.1198948583191804e-05
    4.000000   0.24312010 -8.6590190183050145e-05
    4.000000   0.30784849 -9.2378661687346315e-05
    4.000000   0.37259260 -9.7883956509688889e-05
    4.000000   0.43734549 -1.0254473237906249e-04
    4.000000   0.50210377 -1.0598061495318387e-04
    4.000000   0.56686560 -1.0801037381740039e-04
    4.000000   0.63162987 -1.0863342696619131e-04
    4.000000   0.69639591 -1.0798811742072300e-04
    4.000000   0.76116325 -1.0630115840915317e-04
    4.000000   0.82593158 -1.0383975037083163e-04
    4.000000   0.89070068 -1.0087334002741873e-04
    4.000000   0.95547037 -9.7647635606404337e-05
    4.000000   1.02024053 -9.4370314783754516e-05
    4.000000   1.08501108 -9.1206104999046289e-05
    4.000000   1.14978193 -8.8278344611700583e-05
    4.000000   1.21455301 -8.5674331491095444e-05
    4.000000   1.27932429 -8.3452335787795803e-05
    4.000000   1.34409571 -8.1648808859022121e-05
    4.000000   1.40886724 -8.0284896775050072e-05
    4.000000   1.47363885 -7.9371797584495136e-05
    4.000000   1.53841049 -7.8914780509878107e-05
    4.000000   1.60318216 -7.8915836752171579e-05
    4.000000   1.66795381 -7.9374990077389542e-05
    4.000000   1.73272541 -8.0290295125846171e-05
    4.000000   1.79749694 -8.1656523161505374e-05
    4.000000   1.86226837 -8.3462506785866481e-05
    4.000000   1.92703964 -8.5687115011339233e-05
    4.000000   1.99181073 -8.8293888792621440e-05
    4.000000   2.05658157 -9.1224518985597058e-05
    4.000000   2.12135212 -9.4391628260365212e-05
    4.000000   2.18612229 -9.7671750022095815e-05
    4.000000   2.25089198 -1.0089997476805533e-04
    4.000000   2.31566107 -1.0386839040016023e-04
    4.000000   2.38042940 -1.0633101360280452e-04
    4.000000   2.44519674 -1.0801810700475412e-04
    4.000000   2.50996278 -1.0866220366664092e-04
    4.000000   2.57472706 -1.0803639981943145e-04
    4.000000   2.63948889 -1.0600229430019181e-04
    4.000000   2.70424717 -1.0256059217339864e-04
    4.000000   2.76900006 -9.7892854578294648e-05
    4.000000   2.83374417 -9.2379985755992720e-05
    4.000000   2.89847256 -8.6584008251916697e-05
    4.000000   2.96316844 -8.1186075456318445e-05
    4.000000   3.02777863 -7.6885158820736286e-05
    4.000000   3.09200950 -7.4274817159263393e-05
    4.050000   0.04958315 -9.6945703144218781e-05
    4.050000   0.11381403 -9.8422347852860341e-05
    4.050000   0.17842421 -1.0080412742835881e-04
    4.050000   0.24312010 -1.0368122934229912e-04
    4.050000   0.30784849 -1.0657744099338673e-04
    4.050000   0.37259260 -1.0903912771254102e-04
    4.050000   0.43734549 -1.1070737135648103e-04
    4.050000   0.50210377 -1.1136043069613425e-04
    4.050000   0.56686560 -1.1092356342687137e-04
    4.050000   0.63162987 -1.0945186098117196e-04
    4.050000   0.69639591 -1.0709647439021334e-04
    4.050000   0.76116325 -1.0406520420917564e-04
    4.050000   0.82593158 -1.0058610874494556e-04
    4.050000   0.89070068 -9.6879244714744147e-05
    4.050000   0.95547037 -9.3138287638471460e-05
    4.050000   1.02024053 -8.9521352268003110e-05
    4.050000   1.08501108 -8.6149024385141751e-05
    4.050000   1.14978193 -8.3107232449461415e-05
    4.050000   1.21455301 -8.0452798797427789e-05
    4.050000   1.27932429 -7.8220000438869406e-05
    4.050000   1.34409571 -7.6427012775397323e-05
    4.050000   1.40886724 -7.5081578133011186e-05
    4.050000   1.47363885 -7.4185584555686864e-05
    4.050000   1.53841049 -7.3738456833660017e-05
    4.050000   1.60318216 -7.3739372900159719e-05
    4.050000   1.66795381 -7.4188353689325523e-05
    4.050000   1.73272541 -7.5086261716598906e-05
    4.050000   1.79749694 -7.6433708135918778e-05
    4.050000   1.86226837 -7.8228832546424457e-05
    4.050000   1.92703964 -8.0463907076099269e-05
    4.050000   1.99181073 -8.3120751404598675e-05
    4.050000   2.05658157 -8.6165056854105814e-05
    4.050000   2.12135212 -8.9539934680801816e-05
    4.050000   2.18612229 -9.3159347913529035e-05
    4.050000   2.25089198 -9.6902555443156288e-05
    4.050000   2.31566107 -1.0061124109986718e-04
    4.050000   2.38042940 -1.0409149121406650e-04
    4.050000   2.44519674 -1.0712299501396000e-04
    4.050000   2.50996278 -1.0947745777357698e-04
    4.050000   2.57472706 -1.1094690461153538e-04
    4.050000   2.63948889 -1.1138012166083666e-04
    4.050000   2.70424717 -1.1072211028325660e-04
    4.050000   2.76900006 -1.0904788741611809e-04
    4.050000   2.83374417 -1.0657964747020847e-04
    4.050000   2.89847256 -1.0367690147393435e-04
    4.050000   2.96316844 -1.0079394501804779e-04
    4.050000   3.02777863 -9.8407626975116039e-05
    4.050000   3.09200950 -9.6928274889907526e-05
    4.100000   0.04958315 -1.1217228892088198e-04
    4.100000   0.11381403 -1.1279886908025135e-04
    4.100000   0.17842421 -1.1374305274459900e-04
    4.100000   0.24312010 -1.1473488414482052e-04
    4.100000   0.30784849 -1.1546754514852844e-04
    4.100000   0.37259260 -1.1566014236449887e-04
    4.100000   0.43734549 -1.1510753657048732e-04
    4.100000   0.50210377 -1.1370788972899526e-04
    4.100000   0.56686560 -1.1146611427186821e-04
    4.100000   0.63162987 -1.0847780980857026e-04
    4.100000   0.69639591 -1.0490170721742353e-04
    4.100000   0.76116325 -1.0092894504185447e-04
    4.100000   0.82593158 -9.6755619660304071e-05
    4.100000   0.89070068 -9.2562277107488444e-05
    4.100000   0.95547037 -8.8501417292360143e-05
    4.100000   1.02024053 -8.4692241515651548e-05
    4.100000   1.08501108 -8.1220917228792727e-05
    4.100000   1.14978193 -7.8144399632603515e-05
    4.100000   1.21455301 -7.5496071197209014e-05
    4.100000   1.27932429 -7.3291887115255685e-05
    4.100000   1.34409571 -7.1536168956008229e-05
    4.100000   1.40886724 -7.0226571552267254e-05
    4.100000   1.47363885 -6.9358022448776069e-05
    4.100000   1.53841049 -6.8925600331145142e-05
    4.100000   1.60318216 -6.8926398328498167e-05
    4.100000   1.66795381 -6.9360434855408721e-05
    4.100000   1.73272541 -7.0230652423164495e-05
    4.100000   1.79749694 -7.1542004207366051e-05
    4.100000   1.86226837 -7.3299587537147126e-05
    4.100000   1.92703964 -7.5505761308106227e-05
    4.100000   1.99181073 -7.8156201241432388e-05
    4.100000   2.05658157 -8.1234926644636405e-05
    4.100000   2.12135212 -8.4708499823118145e-05
    4.100000   2.18612229 -8.8519874148676280e-05
    4.100000   2.25089198 -9.2582750229907755e-05
    4.100000   2.31566107 -9.6777754539802599e-05
    4.100000   2.38042940 -1.0095218216717175e-04
    4.100000   2.44519674 -1.0492526658511298e-04
    4.100000   2.50996278 -1.0850070370986402e-04
    4.100000   2.57472706 -1.1148719805345509e-04
    4.100000   2.63948889 -1.1372595540937663e-04
    4.100000   2.70424717 -1.1512144570241571e-04
    4.100000   2.76900006 -1.1566898366516762e-04
    4.100000   2.83374417 -1.1547079204351732e-04
    4.100000   2.89847256 -1.1473252121640154e-04
    4.100000   2.96316844 -1.1373564122609553e-04
    4.100000   3.02777863 -1.1278753082521823e-04
    4.100000   3.09200950 -1.1215860311883715e-04
    4.150000   0.04958315 -1.2164963999659032e-04
    4.150000   0.11381403 -1.2164647874735761e-04
    4.150000   0.17842421 -1.2152722247254438e-04
    4.150000   0.24312010 -1.2112781368042002e-04
    4.150000   0.30784849 -1.2026950524772713e-04
    4.150000   0.37259260 -1.1880167645469754e-04
    4.150000   0.43734549 -1.1663465995168614e-04
    4.150000   0.50210377 -1.1375595563078014e-04
    4.150000   0.56686560 -1.1022890046719297e-04
    4.150000   0.63162987 -1.0617756475530044e-04
    4.150000   0.69639591 -1.0176408040376589e-04
    4.150000   0.76116325 -9.7164682473643645e-05
    4.150000   0.82593158 -9.2549194016434928e-05
    4.150000   0.89070068 -8.8066502908723556e-05
    4.150000   0.95547037 -8.3836580075148724e-05
    4.150000   1.02024053 -7.9948206248520461e-05
    4.150000   1.08501108 -7.6460892181748534e-05
    4.150000   1.14978193 -7.3409358348324756e-05
    4.150000   1.21455301 -7.0809168493597431e-05
    4.150000   1.27932429 -6.8662487193717892e-05
    4.150000   1.34409571 -6.6963314665644753e-05
    4.150000   1.40886724 -6.5701866486223728e-05
    4.150000   1.47363885 -6.4867985224922533e-05
    4.150000   1.53841049 -6.4453599112325140e-05
    4.150000   1.60318216 -6.4454297652567243e-05
    4.150000   1.66795381 -6.4870097022480267e-05
    4.150000   1.73272541 -6.5705439078421146e-05
    4.150000   1.79749694 -6.6968423786572308e-05
    4.150000   1.86226837 -6.8669230905159796e-05
    4.150000   1.92703964 -7.0817657786172058e-05
    4.150000   1.99181073 -7.3419703223583663e-05
    4.150000   2.05658157 -7.6473182279716058e-05
    4.150000   2.12135212 -7.9962485480480433e-05
    4.150000   2.18612229 -8.3852815592167502e-05
    4.150000   2.25089198 -8.8084550182352279e-05
    4.150000   2.31566107 -9.2568761818582392e-05
    4.150000   2.38042940 -9.7185303896024731e-05
    4.150000   2.44519674 -1.0178509822845678e-04
    4.150000   2.50996278 -1.0619814062638445e-04
    4.150000   2.57472706 -1.1024805637620273e-04
    4.150000   2.63948889 -1.1377265232606783e-04
    4.150000   2.70424717 -1.1664790980304274e-04
    4.150000   2.76900006 -1.1881067902522144e-04
    4.150000   2.83374417 -1.2027378466244384e-04
    4.150000   2.89847256 -1.2112733098675018e-04
    4.150000   2.96316844 -1.2152243637558007e-04
    4.150000   3.02777863 -1.2163833547570942e-04
    4.150000   3.09200950 -1.2163948584022285e-04
    4.200000   0.04958315 -1.2671517906888058e-04
    4.200000   0.11381403 -1.2625455355670982e-04
    4.200000   0.17842421 -1.2536443710378068e-04
    4.200000   0.24312010 -1.2396012494033341e-04
    4.200000   0.30784849 -1.2195860736106777e-04
    4.200000   0.37259260 -1.1930626633147129e-04
    4.200000   0.43734549 -1.1599885448963717e-04
    4.200000   0.50210377 -1.1208919553897149e-04
    4.200000   0.56686560 -1.0768234747173875e-04
    4.200000   0.63162987 -1.0292137090454666e-04
    4.200000   0.69639591 -9.7968512321182895e-05
    4.200000   0.76116325 -9.2986510190608152e-05
    4.200000   0.82593158 -8.8123436785598436e-05
    4.200000   0.89070068 -8.3502765248432643e-05
    4.200000   0.95547037 -7.9218815669805380e-05
    4.200000   1.02024053 -7.5336706820243080e-05
    4.200000   1.08501108 -7.1895470682492021e-05
    4.200000   1.14978193 -6.8912956361898956e-05
    4.200000   1.21455301 -6.6391381601845685e-05
    4.200000   1.27932429 -6.4322724014243170e-05
    4.200000   1.34409571 -6.2693469970783540e-05
    4.200000   1.40886724 -6.1488498953010424e-05
    4.200000   1.47363885 -6.0694056946961136e-05
    4.200000   1.53841049 -6.0299869991369710e-05
    4.200000   1.60318216 -6.0300484715461476e-05
    4.200000   1.66795381 -6.0695915312417373e-05
    4.200000   1.73272541 -6.1491642711110526e-05
    4.200000   1.79749694 -6.2697965787064783e-05
    4.200000   1.86226837 -6.4328658546970697e-05
    4.200000   1.92703964 -6.6398853589008026e-05
    4.200000   1.99181073 -6.8922064856694154e-05
    4.200000   2.05658157 -7.1906298615837108e-05
    4.200000   2.12135212 -7.5349299396596287e-05
    4.200000   2.18612229 -7.9233153833624081e-05
    4.200000   2.25089198 -8.3518735679310706e-05
    4.200000   2.31566107 -8.8140801585496377e-05
    4.200000   2.38042940 -9.3004881435969412e-05
    4.200000   2.44519674 -9.7987338531491396e-05
    4.200000   2.50996278 -1.0293994351714935e-04
    4.200000   2.57472706 -1.0769983472895936e-04
    4.200000   2.63948889 -1.1210470801450363e-04
    4.200000   2.70424717 -1.1601154057446874e-04
    4.200000   2.76900006 -1.1931542810703016e-04
    4.200000   2.83374417 -1.2196381929091399e-04
    4.200000   2.89847256 -1.2396133237198482e-04
    4.200000   2.96316844 -1.2536201120166322e-04
    4.200000   3.02777863 -1.2624928518575106e-04
    4.200000   3.09200950 -1.2670820509511467e-04
    4.250000   0.04958315 -1.2843400812339941e-04
    4.250000   0.11381403 -1.2764993721998760e-04
    4.250000   0.17842421 -1.2621655204796961e-04
    4.250000   0.24312010 -1.2410781844879545e-04
    4.250000   0.30784849 -1.2131125479304088e-04
    4.250000   0.37259260 -1.1784428429147075e-04
    4.250000   0.43734549 -1.1376460877696617e-04
    4.250000   0.50210377 -1.0917160730126180e-04
    4.250000   0.56686560 -1.0419900228151348e-04
    4.250000   0.63162987 -9.9001446157461653e-05
    4.250000   0.69639591 -9.3738764266801541e-05
    4.250000   0.76116325 -8.8561354521476664e-05
    4.250000   0.82593158 -8.3599148634367262e-05
    4.250000   0.89070068 -7.8955171204995539e-05
    4.250000   0.95547037 -7.4703555914077080e-05
    4.250000   1.02024053 -7.0891125217003998e-05
    4.250000   1.08501108 -6.7541333693194830e-05
    4.250000   1.14978193 -6.4659410821932224e-05
    4.250000   1.21455301 -6.2237770614353464e-05
    4.250000   1.27932429 -6.0261054470661425e-05
    4.250000   1.34409571 -5.8710453083892235e-05
    4.250000   1.40886724 -5.7567169389504891e-05
    4.250000   1.47363885 -5.6815025843140078e-05
    4.250000   1.53841049 -5.6442292926184217e-05
    4.250000   1.60318216 -5.6442836953838272e-05
    4.250000   1.66795381 -5.6816670364410236e-05
    4.250000   1.73272541 -5.7569951029525074e-05
    4.250000   1.79749694 -5.8714430448131566e-05
    4.250000   1.86226837 -6.0266304023048722e-05
    4.250000   1.92703964 -6.2244380023216206e-05
    4.250000   1.99181073 -6.4667469027951022e-05
    4.250000   2.05658157 -6.7550916981006022e-05
    4.250000   2.12135212 -7.0902278844430869e-05
    4.250000   2.18612229 -7.4716271467233046e-05
    4.250000   2.25089198 -7.8969360878056166e-05
    4.250000   2.31566107 -8.3614619077843625e-05
    4.250000   2.38042940 -8.8577784614235415e-05
    4.250000   2.44519674 -9.3755692784015714e-05
    4.250000   2.50996278 -9.9018276235707099e-05
    4.250000   2.57472706 -1.0421502907946056e-04
    4.250000   2.63948889 -1.0918607265315181e-04
    4.250000   2.70424717 -1.1377678170405304e-04
    4.250000   2.76900006 -1.1785355954440491e-04
    4.250000   2.83374417 -1.2131725468251285e-04
    4.250000   2.89847256 -1.2411047832495636e-04
    4.250000   2.96316844 -1.2621616912069386e-04
    4.250000   3.02777863 -1.2764716716274924e-04
    4.250000   3.09200950 -1.2842980323020444e-04
    4.300000   0.04958315 -1.2765120438418549e-04
    4.300000   0.11381403 -1.2664730292283259e-04
    4.300000   0.17842421 -1.2484657265912486e-04
    4.300000   0.24312010 -1.2226560025636410e-04
    4.300000   0.30784849 -1.1894286102095611e-04
    4.300000   0.37259260 -1.1494665572689159e-04
    4.300000   0.43734549 -1.1037840132434242e-04
    4.300000   0.50210377 -1.0536945440882108e-04
    4.300000   0.56686560 -1.0007207462130810e-04
    4.300000   0.63162987 -9.4646795215322764e-05
    4.300000   0.69639591 -8.9249109817777985e-05
    4.300000   0.76116325 -8.4018052579946034e-05
    4.300000   0.82593158 -7.9068310204284523e-05
    4.300000   0.89070068 -7.4486411272249321e-05
    4.300000   0.95547037 -7.0330638296523139e-05
    4.300000   1.02024053 -6.6633765728901534e-05
    4.300000   1.08501108 -6.3407544861478606e-05
    4.300000   1.14978193 -6.0647940503906164e-05
    4.300000   1.21455301 -5.8340353043652771e-05
    4.300000   1.27932429 -5.6464328799065482e-05
    4.300000   1.34409571 -5.4997503148884456e-05
    4.300000   1.40886724 -5.3918702023494900e-05
    4.300000   1.47363885 -5.3210241306293388e-05
    4.300000   1.53841049 -5.2859518727028755e-05
    4.300000   1.60318216 -5.2860003042524964e-05
    4.300000   1.66795381 -5.3211705141839317e-05
    4.300000   1.73272541 -5.3921177472311750e-05
    4.300000   1.79749694 -5.5001041668418150e-05
    4.300000   1.86226837 -5.6468997761543792e-05
    4.300000   1.92703964 -5.8346230144955475e-05
    4.300000   1.99181073 -6.0655105385358393e-05
    4.300000   2.05658157 -6.3416067318439591e-05
    4.300000   2.12135212 -6.6643690106765873e-05
    4.300000   2.18612229 -7.0341964191347948e-05
    4.300000   2.25089198 -7.4499071523188718e-05
    4.300000   2.31566107 -7.9082148388523975e-05
    4.300000   2.38042940 -8.4032803675563285e-05
    4.300000   2.44519674 -8.9264389085512620e-05
    4.300000   2.50996278 -9.4662101170064889e-05
    4.300000   2.57472706 -1.0008681159118452e-04
    4.300000   2.63948889 -1.0538297804299975e-04
    4.300000   2.70424717 -1.1039008629041327e-04
    4.300000   2.76900006 -1.1495597917885916e-04
    4.300000   2.83374417 -1.1894948947989865e-04
    4.300000   2.89847256 -1.2226946321497898e-04
    4.300000   2.96316844 -1.2484790541924460e-04
    4.300000   3.02777863 -1.2664664502357953e-04
    4.300000   3.09200950 -1.2764934789295378e-04
    4.350000   0.04958315 -1.2503437806191031e-04
    4.350000   0.11381403 -1.2389015453106056e-04
    4.350000   0.17842421 -1.2185702263633447e-04
    4.350000   0.24312010 -1.1898179447422521e-04
    4.350000   0.30784849 -1.1533878612124827e-04
    4.350000   0.37259260 -1.1103160309873518e-04
    4.350000   0.43734549 -1.0619130144514155e-04
    4.350000   0.50210377 -1.0096997667523838e-04
    4.350000   0.56686560 -9.5530643733030330e-05
    4.350000   0.63162987 -9.0035367078537029e-05
    4.350000   0.69639591 -8.4633913435207790e-05
    4.350000   0.76116325 -7.9454801095665175e-05
    4.350000   0.82593158 -7.4599806570365234e-05
    4.350000   0.89070068 -7.0142110520601033e-05
    4.350000   0.95547037 -6.6127578436253877e-05
    4.350000   1.02024053 -6.2578290116851423e-05
    4.350000   1.08501108 -5.9497342581083154e-05
    4.350000   1.14978193 -5.6874069034458947e-05
    4.350000   1.21455301 -5.4689039821994705e-05
    4.350000   1.27932429 -5.2918455046678720e-05
    4.350000   1.34409571 -5.1537748907498331e-05
    4.350000   1.40886724 -5.0524378628054066e-05
    4.350000   1.47363885 -4.9859863182029263e-05
    4.350000   1.53841049 -4.9531177692013539e-05
    4.350000   1.60318216 -4.9531611474530167e-05
    4.350000   1.66795381 -4.9861174053825690e-05
    4.350000   1.73272541 -5.0526594684478599e-05
    4.350000   1.79749694 -5.1540915281236739e-05
    4.350000   1.86226837 -5.2922631021938071e-05
    4.350000   1.92703964 -5.4694294138039434e-05
    4.350000   1.99181073 -5.6880472820937965e-05
    4.350000   2.05658157 -5.9504959380911307e-05
    4.350000   2.12135212 -6.2587162641525331e-05
    4.350000   2.18612229 -6.6137712133275113e-05
    4.350000   2.25089198 -7.0153454767179607e-05
    4.350000   2.31566107 -7.4612235342877059e-05
    4.350000   2.38042940 -7.9468096198950937e-05
    4.350000   2.44519674 -8.4647754559008528e-05
    4.350000   2.50996278 -9.0049333664232926e-05
    4.350000   2.57472706 -9.5544233354602858e-05
    4.350000   2.63948889 -1.0098264287716619e-04
    4.350000   2.70424717 -1.0620251053638972e-04
    4.350000   2.76900006 -1.1104090462532446e-04
    4.350000   2.83374417 -1.1534588666787730e-04
    4.350000   2.89847256 -1.1898662066449093e-04
    4.350000   2.96316844 -1.2185975836599750e-04
    4.350000   3.02777863 -1.2389124060208014e-04
    4.350000   3.09200950 -1.2503446907953278e-04
    4.400000   0.04958315 -1.2110827330749390e-04
    4.400000   0.11381403 -1.1988417472832642e-04
    4.400000   0.17842421 -1.1772117128231523e-04
    4.400000   0.24312010 -1.1468678301971834e-04
    4.400000   0.30784849 -1.1087956397543526e-04
    4.400000   0.37259260 -1.0642647903725327e-04
    4.400000   0.43734549 -1.0147744073284207e-04
    4.400000   0.50210377 -9.6196697777727172e-05
    4.400000   0.56686560 -9.0752109248157966e-05
    4.400000   0.63162987 -8.5304013918677756e-05
    4.400000   0.69639591 -7.9995476948900116e-05
    4.400000   0.76116325 -7.4945254738308797e-05
    4.400000   0.82593158 -7.0244107563698969e-05
    4.400000   0.89070068 -6.5954377891642768e-05
    4.400000   0.95547037 -6.2112229946240276e-05
    4.400000   1.02024053 -5.8731686515811732e-05
    4.400000   1.08501108 -5.5809577979542726e-05
    4.400000   1.14978193 -5.3330659307173126e-05
    4.400000   1.21455301 -5.1272366636414343e-05
    4.400000   1.27932429 -4.9608906432195446e-05
    4.400000   1.34409571 -4.8314554668402698e-05
    4.400000   1.40886724 -4.7366173374668734e-05
    4.400000   1.47363885 -4.6745027100928097e-05
    4.400000   1.53841049 -4.6438011494164675e-05
    4.400000   1.60318216 -4.6438402400117905e-05
    4.400000   1.66795381 -4.6746208143292508e-05
    4.400000   1.73272541 -4.7368169129800515e-05
    4.400000   1.79749694 -4.8317404685684647e-05
    4.400000   1.86226837 -4.9612662819272137e-05
    4.400000   1.92703964 -5.1277090113697975e-05
    4.400000   1.99181073 -5.3336413250622367e-05
    4.400000   2.05658157 -5.5816419979723777e-05
    4.400000   2.12135212 -5.8739657139292310e-05
    4.400000   2.18612229 -6.2121338751576049e-05
    4.400000   2.25089198 -6.5964587372475644e-05
    4.400000   2.31566107 -7.0255316567162171e-05
    4.400000   2.38042940 -7.4957283953450672e-05
    4.400000   2.44519674 -8.0008060067450997e-05
    4.400000   2.50996278 -8.5316798690623086e-05
    4.400000   2.57472706 -9.0764672443231388e-05
    4.400000   2.63948889 -9.6208576607985355e-05
    4.400000   2.70424717 -1.0148818041236685e-04
    4.400000   2.76900006 -1.0643569213052060e-04
    4.400000   2.83374417 -1.1088699287323939e-04
    4.400000   2.89847256 -1.1469235361269166e-04
    4.400000   2.96316844 -1.1772502509316741e-04
    4.400000   3.02777863 -1.1988666932572807e-04
    4.400000   3.09200950 -1.2110994647244543e-04
    4.450000   0.04958315 -1.1628287156750265e-04
    4.450000   0.11381403 -1.1502432030998157e-04
    4.450000   0.17842421 -1.1280842088118600e-04
    4.450000   0.24312010 -1.0971614549151710e-04
    4.450000   0.30784849 -1.0586144782848654e-04
    4.450000   0.37259260 -1.0138556577632857e-04
    4.450000   0.43734549 -9.6449086913309880e-05
    4.450000   0.50210377 -9.1221928049711081e-05
    4.450000   0.56686560 -8.5872367282198070e-05
    4.450000   0.63162987 -8.0556632901097720e-05
    4.450000   0.69639591 -7.5410453292925613e-05
    4.450000   0.76116325 -7.0543506927998133e-05
    4.450000   0.82593158 -6.6037084295463504e-05
    4.450000   0.89070068 -6.1944692760859679e-05
    4.450000   0.95547037 -5.8294938911295657e-05
    4.450000   1.02024053 -5.5095854802790441e-05
    4.450000   1.08501108 -5.2339862869365594e-05
    4.450000   1.14978193 -5.0008728961372791e-05
    4.450000   1.21455301 -4.8078059825972121e-05
    4.450000   1.27932429 -4.6521102929007640e-05
    4.450000   1.34409571 -4.5311769189178294e-05
    4.450000   1.40886724 -4.4426910431229610e-05
    4.450000   1.47363885 -4.3847945006579827e-05
    4.450000   1.53841049 -4.3561946267499449e-05
    4.450000   1.60318216 -4.3562300671436730e-05
    4.450000   1.66795381 -4.3849015490545146e-05
    4.450000   1.73272541 -4.4428718480981858e-05
    4.450000   1.79749694 -4.5314349436927819e-05
    4.450000   1.86226837 -4.6524501131280675e-05
    4.450000   1.92703964 -4.8082329546938544e-05
    4.450000   1.99181073 -5.0013926547176918e-05
    4.450000   2.05658157 -5.2346040304918938e-05
    4.450000   2.12135212 -5.5103050174799392e-05
    4.450000   2.18612229 -5.8303164509998642e-05
    4.450000   2.25089198 -6.1953921376879708e-05
    4.450000   2.31566107 -6.6047235008668856e-05
    4.450000   2.38042940 -7.0554432571508224e-05
    4.450000   2.44519674 -7.5421932631624565e-05
    4.450000   2.50996278 -8.0568371097843866e-05
    4.450000   2.57472706 -8.5884008063162435e-05
    4.450000   2.63948889 -9.1233079773468361e-05
    4.450000   2.70424717 -9.6459362340196183e-05
    4.450000   2.76900006 -1.0139463194832146e-04
    4.450000   2.83374417 -1.0586907881551359e-04
    4.450000   2.89847256 -1.0972226795503792e-04
    4.450000   2.96316844 -1.1281314165528546e-04
    4.450000   3.02777863 -1.1502792730251956e-04
    4.450000   3.09200950 -1.1628580403892117e-04
    4.500000   0.04958315 -1.1087619210121532e-04
    4.500000   0.11381403 -1.0961681188280503e-04
    4.500000   0.17842421 -1.0740492161496528e-04
    4.500000   0.24312010 -1.0432946286498596e-04
    4.500000   0.30784849 -1.0051312012415257e-04
    4.500000   0.37259260 -9.6104564646787484e-05
    4.500000   0.43734549 -9.1268925213699065e-05
    4.500000   0.50210377 -8.6176958498338015e-05
    4.500000   0.56686560 -8.0994111405026335e-05
    4.500000   0.63162987 -7.5870808515620126e-05
    4.500000   0.69639591 -7.0935077012583848e-05
    4.500000   0.76116325 -6.6288147527515716e-05
    4.500000   0.82593158 -6.2003112409270053e-05
    4.500000   0.89070068 -5.8126244873229406e-05
    4.500000   0.95547037 -5.4680282369957824e-05
    4.500000   1.02024053 -5.1668877262418125e-05
    4.500000   1.08501108 -4.9081480792271962e-05
    4.500000   1.14978193 -4.6898088142630189e-05
    4.500000   1.21455301 -4.5093469104666499e-05
    4.500000   1.27932429 -4.3640692691818966e-05
    4.500000   1.34409571 -4.2513898278442235e-05
    4.500000   1.40886724 -4.1690361778076662e-05
    4.500000   1.47363885 -4.1151956255319842e-05
    4.500000   1.53841049 -4.0886121255451549e-05
    4.500000   1.60318216 -4.0886444455221421e-05
    4.500000   1.66795381 -4.1152932205717677e-05
    4.500000   1.73272541 -4.1692009256550414e-05
    4.500000   1.79749694 -4.2516247596913212e-05
    4.500000   1.86226837 -4.3643784001020167e-05
    4.500000   1.92703964 -4.5097349602869182e-05
    4.500000   1.99181073 -4.6902807832004638e-05
    4.500000   2.05658157 -4.9087086429858827e-05
    4.500000   2.12135212 -5.1675404263672176e-05
    4.500000   2.18612229 -5.4687744683289439e-05
    4.500000   2.25089198 -5.8134623286693107e-05
    4.500000   2.31566107 -6.2012342376670975e-05
    4.500000   2.38042940 -6.6298108351218684e-05
    4.500000   2.44519674 -7.0945584946639702e-05
    4.500000   2.50996278 -7.5881616810095906e-05
    4.500000   2.57472706 -8.1004920187116689e-05
    4.500000   2.63948889 -8.6187436383169258e-05
    4.500000   2.70424717 -9.1278742522729286e-05
    4.500000   2.76900006 -9.6113435265383082e-05
    4.500000   2.83374417 -1.0052084594178077e-04
    4.500000   2.89847256 -1.0433597234819386e-04
    4.500000   2.96316844 -1.0741029338625486e-04
    4.500000   3.02777863 -1.0962127590917733e-04
    4.500000   3.09200950 -1.1088010509310774e-04
    4.550000   0.04958315 -1.0513276749381357e-04
    4.550000   0.11381403 -1.0389695751910851e-04
    4.550000   0.17842421 -1.0173028915917029e-04
    4.550000   0.24312010 -9.8725576304742102e-05
    4.550000   0.30784849 -9.5009262497380275e-05
    4.550000   0.37259260 -9.0732372216725552e-05
    4.550000   0.43734549 -8.6060047172118167e-05
    4.550000   0.50210377 -8.1160356673238757e-05
    4.550000   0.56686560 -7.6193590041851933e-05
    4.550000   0.63162987 -7.1303219331384263e-05
    4.550000   0.69639591 -6.6609419206674852e-05
    4.550000   0.76116325 -6.2205559352026019e-05
    4.550000   0.82593158 -5.8157587496886147e-05
    4.550000   0.89070068 -5.4505824369599731e-05
    4.550000   0.95547037 -5.1268465180125659e-05
    4.550000   1.02024053 -4.8446031710955168e-05
    4.550000   1.08501108 -4.6026105146170324e-05
    4.550000   1.14978193 -4.3987833535578393e-05
    4.550000   1.21455301 -4.2305893579222175e-05
    4.550000   1.27932429 -4.0953754215736867e-05
    4.550000   1.34409571 -3.9906217964508991e-05
    4.550000   1.40886724 -3.9141299288868675e-05
    4.550000   1.47363885 -3.8641541573795363e-05
    4.550000   1.53841049 -3.8394884457942464e-05
    4.550000   1.60318216 -3.8395180849126941e-05
    4.550000   1.66795381 -3.8642436294020931e-05
    4.550000   1.73272541 -3.9142808747543611e-05
    4.550000   1.79749694 -3.9908368686647440e-05
    4.550000   1.86226837 -4.0956581417161573e-05
    4.550000   1.92703964 -4.2309438813438268e-05
    4.550000   1.99181073 -4.3992141105508356e-05
    4.550000   2.05658157 -4.6031216976181895e-05
    4.550000   2.12135212 -4.8451980467871491e-05
    4.550000   2.18612229 -5.1275265651889510e-05
    4.550000   2.25089198 -5.4513463484561363e-05
    4.550000   2.31566107 -5.8166013896117118e-05
    4.550000   2.38042940 -6.2214674061514245e-05
    4.550000   2.44519674 -6.6619069571582470e-05
    4.550000   2.50996278 -7.1313198764688736e-05
    4.550000   2.57472706 -7.6203646041399700e-05
    4.550000   2.63948889 -8.1170208726351196e-05
    4.550000   2.70424717 -8.6069414480039543e-05
    4.550000   2.76900006 -9.0741008780466294e-05
    4.550000   2.83374417 -9.5016994502350059e-05
    4.550000   2.89847256 -9.8732334708729390e-05
    4.550000   2.96316844 -1.0173612978939385e-04
    4.550000   3.02777863 -1.0390206241273955e-04
    4.550000   3.09200950 -1.0513742457199096e-04
    4.600000   0.04958315 -9.9238594121196197e-05
    4.600000   0.11381403 -9.8043579461084594e-05
    4.600000   0.17842421 -9.5951142079129417e-05
    4.600000   0.24312010 -9.3054950440551396e-05
    4.600000   0.30784849 -8.9481557963341850e-05
    4.600000   0.37259260 -8.5380634453154428e-05
    4.600000   0.43734549 -8.0914059491138922e-05
    4.600000   0.50210377 -7.6244703980335340e-05
    4.600000   0.56686560 -7.1526095028297710e-05
    4.600000   0.63162987 -6.6894028217064861e-05
    4.600000   0.69639591 -6.2460839482125506e-05
    4.600000   0.76116325 -5.8312588182160414e-05
    4.600000   0.82593158 -5.4508957030388030e-05
    4.600000   0.89070068 -5.1085342331270634e-05
    4.600000   0.95547037 -4.8056437044901546e-05
    4.600000   1.02024053 -4.5420594453543392e-05
    4.600000   1.08501108 -4.3164360739481874e-05
    4.600000   1.14978193 -4.1266726632833162e-05
    4.600000   1.21455301 -3.9702822718662423e-05
    4.600000   1.27932429 -3.8446936205073735e-05
    4.600000   1.34409571 -3.7474841817898952e-05
    4.600000   1.40886724 -3.6765512316571705e-05
    4.600000   1.47363885 -3.6302309639028358e-05
    4.600000   1.53841049 -3.6073764329655569e-05
    4.600000   1.60318216 -3.6074037553588894e-05
    4.600000   1.66795381 -3.6303134156470920e-05
    4.600000   1.73272541 -3.6766902470985007e-05
    4.600000   1.79749694 -3.7476820822707592e-05
    4.600000   1.86226837 -3.8449534943144432e-05
    4.600000   1.92703964 -3.9706077753938429e-05
    4.600000   1.99181073 -4.1270677170505918e-05
    4.600000   2.05658157 -4.3169044272295194e-05
    4.600000   2.12135212 -4.5426040910383149e-05
    4.600000   2.18612229 -4.8062661443799033e-05
    4.600000   2.25089198 -5.1092336255578047e-05
    4.600000   2.31566107 -5.4516679694669835e-05
    4.600000   2.38042940 -5.8320958390884141e-05
    4.600000   2.44519674 -6.2469730305007306e-05
    4.600000   2.50996278 -6.6903266536736861e-05
    4.600000   2.57472706 -7.1535468037835754e-05
    4.600000   2.63948889 -7.6253974011587114e-05
    4.600000   2.70424717 -8.0922987141911922e-05
    4.600000   2.76900006 -8.5389007974196693e-05
    4.600000   2.83374417 -8.9489224673534371e-05
    4.600000   2.89847256 -9.3061844218032255e-05
    4.600000   2.96316844 -9.5957300453880528e-05
    4.600000   3.02777863 -9.8049145016805539e-05
    4.600000   3.09200950 -9.9243797729063130e-05
    4.650000   0.04958315 -9.3333211715619776e-05
    4.650000   0.11381403 -9.2190673145768547e-05
    4.650000   0.17842421 -9.0192046350442832e-05
    4.650000   0.24312010 -8.7429673639555981e-05
    4.650000   0.30784849 -8.4027595205124567e-05
    4.650000   0.37259260 -8.0131483285450717e-05
    4.650000   0.43734549 -7.5897653145299884e-05
    4.650000   0.50210377 -7.1482054986770865e-05
    4.650000   0.56686560 -6.7030408679037619e-05
    4.650000   0.63162987 -6.2670437582116559e-05
    4.650000   0.69639591 -5.8506778132858006e-05
    4.650000   0.76116325 -5.4618698128423253e-05
    4.650000   0.82593158 -5.1060355481430827e-05
    4.650000   0.89070068 -4.7863048605872581e-05
    4.650000   0.95547037 -4.5038780910896513e-05
    4.650000   1.02024053 -4.2584472259358258e-05
    4.650000   1.08501108 -4.0486258734335001e-05
    4.650000   1.14978193 -3.8723479188180870e-05
    4.650000   1.21455301 -3.7272109943723347e-05
    4.650000   1.27932429 -3.6107548901751117e-05
    4.650000   1.34409571 -3.5206753339620253e-05
    4.650000   1.40886724 -3.4549799732146599e-05
    4.650000   1.47363885 -3.4120963993883340e-05
    4.650000   1.53841049 -3.3909424646677227e-05
    4.650000   1.60318216 -3.3909677715813790e-05
    4.650000   1.66795381 -3.4121727437307908e-05
    4.650000   1.73272541 -3.4551086094875324e-05
    4.650000   1.79749694 -3.5208582945880280e-05
    4.650000   1.86226837 -3.6109948839821555e-05
    4.650000   1.92703964 -3.7275112380794379e-05
    4.650000   1.99181073 -3.8727118788903007e-05
    4.650000   2.05658157 -4.0490568957310004e-05
    4.650000   2.12135212 -4.2589480372114111e-05
    4.650000   2.18612229 -4.5044501721329363e-05
    4.650000   2.25089198 -4.7869477176165896e-05
    4.650000   2.31566107 -5.1067459469304716e-05
    4.650000   2.38042940 -5.4626410854282401e-05
    4.650000   2.44519674 -5.8514993911810645e-05
    4.650000   2.50996278 -6.2679011141326211e-05
    4.650000   2.57472706 -6.7039160417925518e-05
    4.650000   2.63948889 -7.1490783255234890e-05
    4.650000   2.70424717 -7.5906153530976454e-05
    4.650000   2.76900006 -8.0139573216407120e-05
    4.650000   2.83374417 -8.4035140330586064e-05
    4.650000   2.89847256 -8.7436610998658170e-05
    4.650000   2.96316844 -9.0198398888475493e-05
    4.650000   3.02777863 -9.2196551117880549e-05
    4.650000   3.09200950 -9.3338798877801252e-05
    4.700000   0.04958315 -8.7519446707080885e-05
    4.700000   0.11381403 -8.6436813164918468e-05
    4.700000   0.17842421 -8.4544347759684638e-05
    4.700000   0.24312010 -8.1931531735906403e-05
    4.700000   0.30784849 -7.8718060682878035e-05
    4.700000   0.37259260 -7.5043788082133819e-05
    4.700000   0.43734549 -7.1057912994816841e-05
    4.700000   0.50210377 -6.6908350233395322e-05
    4.700000   0.56686560 -6.2732397305789486e-05
    4.700000   0.63162987 -5.8649559925542171e-05
    4.700000   0.69639591 -5.4757007215340119e-05
    4.700000   0.76116325 -5.1127705085167559e-05
    4.700000   0.82593158 -4.7810914492182560e-05
    4.700000   0.89070068 -4.4834502235710551e-05
    4.700000   0.95547037 -4.2208415111879793e-05
    4.700000   1.02024053 -3.9928695697146546e-05
    4.700000   1.08501108 -3.7981529620581645e-05
    4.700000   1.14978193 -3.6346964636016411e-05
    4.700000   1.21455301 -3.5002093204713636e-05
    4.700000   1.27932429 -3.3923617966611409e-05
    4.700000   1.34409571 -3.3089812136592874e-05
    4.700000   1.40886724 -3.2481943495943458e-05
    4.700000   1.47363885 -3.2085256346556282e-05
    4.700000   1.53841049 -3.1889608092578217e-05
    4.700000   1.60318216 -3.1889843496461506e-05
    4.700000   1.66795381 -3.2085966265196940e-05
    4.700000   1.73272541 -3.2483138912169135e-05
    4.700000   1.79749694 -3.3091510859742826e-05
    4.700000   1.86226837 -3.3925843770330039e-05
    4.700000   1.92703964 -3.5004874393567533e-05
    4.700000   1.99181073 -3.6350331846779130e-05
    4.700000   2.05658157 -3.7985512664234147e-05
    4.700000   2.12135212 -3.9933319303743512e-05
    4.700000   2.18612229 -4.2213693573868094e-05
    4.700000   2.25089198 -4.4840433172353189e-05
    4.700000   2.31566107 -4.7817472278420019e-05
    4.700000   2.38042940 -5.1134834871928638e-05
    4.700000   2.44519674 -5.4764620840570122e-05
    4.700000   2.50996278 -5.8657535253510091e-05
    4.700000   2.57472706 -6.2740582480818149e-05
    4.700000   2.63948889 -6.6916573846412345e-05
    4.700000   2.70424717 -7.1066000167970808e-05
    4.700000   2.76900006 -7.5051581062812202e-05
    4.700000   2.83374417 -7.8725440989211283e-05
    4.700000   2.89847256 -8.1938439672019523e-05
    4.700000   2.96316844 -8.4550794733365673e-05
    4.700000   3.02777863 -8.6442883055196196e-05
    4.700000   3.09200950 -8.7525284507086035e-05
    4.750000   0.04958315 -8.1871256151027475e-05
    4.750000   0.11381403 -8.0852726792703878e-05
    4.750000   0.17842421 -7.9073285486586811e-05
    4.750000   0.24312010 -7.6618512708491254e-05
    4.750000   0.30784849 -7.3602534954711975e-05
    4.750000   0.37259260 -7.0158195226021169e-05
    4.750000   0.43734549 -6.6426598545228752e-05
    4.750000   0.50210377 -6.2546973403895513e-05
    4.750000   0.56686560 -5.8647906345792467e-05
    4.750000   0.63162987 -5.4840727929923380e-05
    4.750000   0.69639591 -5.1215438716248284e-05
    4.750000   0.76116325 -4.7839165047001145e-05
    4.750000   0.82593158 -4.4756807584723897e-05
    4.750000   0.89070068 -4.1993340244895690e-05
    4.750000   0.95547037 -3.9557144247266598e-05
    4.750000   1.02024053 -3.7443800467698785e-05
    4.750000   1.08501108 -3.5639874437544152e-05
    4.750000   1.14978193 -3.4126370805316700e-05
    4.750000   1.21455301 -3.2881674192981999e-05
    4.750000   1.27932429 -3.1883909825405600e-05
    4.750000   1.34409571 -3.1112740816790450e-05
    4.750000   1.40886724 -3.0550669325208658e-05
    4.750000   1.47363885 -3.0183930957400842e-05
    4.750000   1.53841049 -3.0003072852415714e-05
    4.750000   1.60318216 -3.0003292647066181e-05
    4.750000   1.66795381 -3.0184593590215600e-05
    4.750000   1.73272541 -3.0551784424944535e-05
    4.750000   1.79749694 -3.1114324008671578e-05
    4.750000   1.86226837 -3.1885981994955976e-05
    4.750000   1.92703964 -3.2884260261457756e-05
    4.750000   1.99181073 -3.4129497850320266e-05
    4.750000   2.05658157 -3.5643568992438199e-05
    4.750000   2.12135212 -3.7448084881019332e-05
    4.750000   2.18612229 -3.9562032096606567e-05
    4.750000   2.25089198 -4.1998830992273643e-05
    4.750000   2.31566107 -4.4762880932034455e-05
    4.750000   2.38042940 -4.7845775774680186e-05
    4.750000   2.44519674 -5.1222513102819400e-05
    4.750000   2.50996278 -5.4848163051471712e-05
    4.750000   2.57472706 -5.8655573511833103e-05
    4.750000   2.63948889 -6.2554726576810393e-05
    4.750000   2.70424717 -6.6434287756826947e-05
    4.750000   2.76900006 -7.0165683817889930e-05
    4.750000   2.83374417 -7.3609718167905671e-05
    4.750000   2.89847256 -7.6625334118590873e-05
    4.750000   2.96316844 -7.9079747452173038e-05
    4.750000   3.02777863 -8.0858891763717914e-05
    4.750000   3.09200950 -8.1877237341181636e-05
    4.800000   0.04958315 -7.6440028916959003e-05
    4.800000   0.11381403 -7.5487378708120667e-05
    4.800000   0.17842421 -7.3823708430374653e-05
    4.800000   0.24312010 -7.1530034918845255e-05
    4.800000   0.30784849 -6.8714152531931103e-05
    4.800000   0.37259260 -6.5501180037243518e-05
    4.800000   0.43734549 -6.2023585477489080e-05
    4.800000   0.50210377 -5.8411610003184379e-05
    4.800000   0.56686560 -5.4785085046622642e-05
    4.800000   0.63162987 -5.1247346666590568e-05
    4.800000   0.69639591 -4.7881570944528456e-05
    4.800000   0.76116325 -4.4749480741979402e-05
    4.800000   0.82593158 -4.1892078564456872e-05
    4.800000   0.89070068 -3.9331882559077232e-05
    4.800000   0.95547037 -3.7076087628370606e-05
    4.800000   1.02024053 -3.5120118620090146e-05
    4.800000   1.08501108 -3.3451150786467814e-05
    4.800000   1.14978193 -3.2051306399138349e-05
    4.800000   1.21455301 -3.0900365588307198e-05
    4.800000   1.27932429 -2.9977935604321974e-05
    4.800000   1.34409571 -2.9265098080298720e-05
    4.800000   1.40886724 -2.8745598793751667e-05
    4.800000   1.47363885 -2.8406663733142201e-05
    4.800000   1.53841049 -2.8239525489452413e-05
    4.800000   1.60318216 -2.8239731372592980e-05
    4.800000   1.66795381 -2.8407284235510387e-05
    4.800000   1.73272541 -2.8746642372884702e-05
    4.800000   1.79749694 -2.9266578468793158e-05
    4.800000   1.86226837 -2.9979871177408528e-05
    4.800000   1.92703964 -3.0902778312347910e-05
    4.800000   1.99181073 -3.2054220218541971e-05
    4.800000   2.05658157 -3.3454589306495172e-05
    4.800000   2.12135212 -3.5124101983522367e-05
    4.800000   2.18612229 -3.7080628580299902e-05
    4.800000   2.25089198 -3.9336981857518762e-05
    4.800000   2.31566107 -4.1897720124648750e-05
    4.800000   2.38042940 -4.4755627176811551e-05
    4.800000   2.44519674 -4.7888160429281133e-05
    4.800000   2.50996278 -5.1254292226060367e-05
    4.800000   2.57472706 -5.4792277327001864e-05
    4.800000   2.63948889 -5.8418924246947566e-05
    4.800000   2.70424717 -6.2030892719172268e-05
    4.800000   2.76900006 -6.5508361541367777e-05
    4.800000   2.83374417 -6.8721115401835611e-05
    4.800000   2.89847256 -7.1536725940044013e-05
    4.800000   2.96316844 -7.3830122934432968e-05
    4.800000   3.02777863 -7.5493561808885143e-05
    4.800000   3.09200950 -7.6446067860643015e-05
    4.850000   0.04958315 -7.1259635215391832e-05
    4.850000   0.11381403 -7.0372847465974048e-05
    4.850000   0.17842421 -6.8824657022014367e-05
    4.850000   0.24312010 -6.6691138247646704e-05
    4.850000   0.30784849 -6.4073337647973906e-05
    4.850000   0.37259260 -6.1088294959160214e-05
    4.850000   0.43734549 -5.7859623694794130e-05
    4.850000   0.50210377 -5.4508536805201534e-05
    4.850000   0.56686560 -5.1146246079874096e-05
    4.850000   0.63162987 -4.7868372469983360e-05
    4.850000   0.69639591 -4.4751640081113579e-05
    4.850000   0.76116325 -4.1852778941846651e-05
    4.850000   0.82593158 -3.9209294163388191e-05
    4.850000   0.89070068 -3.6841604180583536e-05
    4.850000   0.95547037 -3.4756009000553528e-05
    4.850000   1.02024053 -3.2947997591861137e-05
    4.850000   1.08501108 -3.1405507132238684e-05
    4.850000   1.14978193 -3.0111871351812800e-05
    4.850000   1.21455301 -2.9048313901751238e-05
    4.850000   1.27932429 -2.8195939320306250e-05
    4.850000   1.34409571 -2.7537242300572416e-05
    4.850000   1.40886724 -2.7057196210263496e-05
    4.850000   1.47363885 -2.6743998779989579e-05
    4.850000   1.53841049 -2.6589552569251293e-05
    4.850000   1.60318216 -2.6589745943477142e-05
    4.850000   1.66795381 -2.6744581414138104e-05
    4.850000   1.73272541 -2.7058175550890323e-05
    4.850000   1.79749694 -2.7538630443801466e-05
    4.850000   1.86226837 -2.8197752464724791e-05
    4.850000   1.92703964 -2.9050571440279967e-05
    4.850000   1.99181073 -3.0114594480642315e-05
    4.850000   2.05658157 -3.1408716854941958e-05
    4.850000   2.12135212 -3.2951712031375616e-05
    4.850000   2.18612229 -3.4760240013711189e-05
    4.850000   2.25089198 -3.6846353408764207e-05
    4.850000   2.31566107 -3.9214548848080829e-05
    4.850000   2.38042940 -4.1858508066324219e-05
    4.850000   2.44519674 -4.4757791623899406e-05
    4.850000   2.50996278 -4.7874872698965477e-05
    4.850000   2.57472706 -5.1153001785565073e-05
    4.850000   2.63948889 -5.4515441081760582e-05
    4.850000   2.70424717 -5.7866565288436847e-05
    4.850000   2.76900006 -6.1095170366251580e-05
    4.850000   2.83374417 -6.4080064227805186e-05
    4.850000   2.89847256 -6.6697665888371002e-05
    4.850000   2.96316844 -6.8830975664094821e-05
    4.850000   3.02777863 -7.0378988260285099e-05
    4.850000   3.09200950 -7.1265664258556027e-05
    4.900000   0.04958315 -6.6350461863602661e-05
    4.900000   0.11381403 -6.5528222628859141e-05
    4.900000   0.17842421 -6.4093025056042213e-05
    4.900000   0.24312010 -6.2115833746525959e-05
    4.900000   0.30784849 -5.9690789729521394e-05
    4.900000   0.37259260 -5.6926764701446049e-05
    4.900000   0.43734549 -5.3938539673278076e-05
    4.900000   0.50210377 -5.0838448264765195e-05
    4.900000   0.56686560 -4.7729346753836734e-05
    4.900000   0.63162987 -4.4699488094352201e-05
    4.900000   0.69639591 -4.1819532019783040e-05
    4.900000   0.76116325 -3.9141601581713437e-05
    4.900000   0.82593158 -3.6700054305199420e-05
    4.900000   0.89070068 -3.4513500209260703e-05
    4.900000   0.95547037 -3.2587566990930692e-05
    4.900000   1.02024053 -3.0917961740092433e-05
    4.900000   1.08501108 -2.9493476375236628e-05
    4.900000   1.14978193 -2.8298699232976803e-05
    4.900000   1.21455301 -2.7316303963353755e-05
    4.900000   1.27932429 -2.6528874802627999e-05
    4.900000   1.34409571 -2.5920288934330623e-05
    4.900000   1.40886724 -2.5476712827324316e-05
    4.900000   1.47363885 -2.5187284474183289e-05
    4.900000   1.53841049 -2.5044552851849166e-05
    4.900000   1.60318216 -2.5044734877530024e-05
    4.900000   1.66795381 -2.5187832768748391e-05
    4.900000   1.73272541 -2.5477633966401799e-05
    4.900000   1.79749694 -2.5921593602052361e-05
    4.900000   1.86226837 -2.6530577314665205e-05
    4.900000   1.92703964 -2.7318421477545260e-05
    4.900000   1.99181073 -2.8301250543374173e-05
    4.900000   2.05658157 -2.9496480185532216e-05
    4.900000   2.12135212 -3.0921434341991326e-05
    4.900000   2.18612229 -3.2591519342997847e-05
    4.900000   2.25089198 -3.4517934529951425e-05
    4.900000   2.31566107 -3.6704960459476809e-05
    4.900000   2.38042940 -3.9146953737504927e-05
    4.900000   2.44519674 -4.1825286240149537e-05
    4.900000   2.50996278 -4.4705581651761504e-05
    4.900000   2.57472706 -4.7735699926797310e-05
    4.900000   2.63948889 -5.0844969132407256e-05
    4.900000   2.70424717 -5.3945131927556850e-05
    4.900000   2.76900006 -5.6933337792723818e-05
    4.900000   2.83374417 -5.9697269890875417e-05
    4.900000   2.89847256 -6.2122173832279869e-05
    4.900000   2.96316844 -6.4099210933146950e-05
    4.900000   3.02777863 -6.5534274255463838e-05
    4.900000   3.09200950 -6.6356428167172629e-05
    4.950000   0.04958315 -6.1722626783263234e-05
    4.950000   0.11381403 -6.0962709207657990e-05
    4.950000   0.17842421 -5.9636476583404153e-05
    4.950000   0.24312010 -5.7809771558404177e-05
    4.950000   0.30784849 -5.5569860653274901e-05
    4.950000   0.37259260 -5.3017551692887958e-05
    4.950000   0.43734549 -5.0258987849023392e-05
    4.950000   0.50210377 -4.7397907032752102e-05
    4.950000   0.56686560 -4.4529163016970745e-05
    4.950000   0.63162987 -4.1734031378104715e-05
    4.950000   0.69639591 -3.9077499839703941e-05
    4.950000   0.76116325 -3.6607446157056331e-05
    4.950000   0.82593158 -3.4355387422303967e-05
    4.950000   0.89070068 -3.2338364704753337e-05
    4.950000   0.95547037 -3.0561502198886183e-05
    4.950000   1.02024053 -2.9020828320718324e-05
    4.950000   1.08501108 -2.7706037596425520e-05
    4.950000   1.14978193 -2.6602978270811360e-05
    4.950000   1.21455301 -2.5695749869744139e-05
    4.950000   1.27932429 -2.4968374857063503e-05
    4.950000   1.34409571 -2.4406064328574568e-05
    4.950000   1.40886724 -2.3996130298301834e-05
    4.950000   1.47363885 -2.3728610558668128e-05
    4.950000   1.53841049 -2.3596671363838271e-05
    4.950000   1.60318216 -2.3596843003309180e-05
    4.950000   1.66795381 -2.3729127442038028e-05
    4.950000   1.73272541 -2.3996998252363352e-05
    4.950000   1.79749694 -2.4407292821649078e-05
    4.950000   1.86226837 -2.4969976579691566e-05
    4.950000   1.92703964 -2.5697740043709369e-05
    4.950000   1.99181073 -2.6605373597585346e-05
    4.950000   2.05658157 -2.7708854756406208e-05
    4.950000   2.12135212 -2.9024081960095732e-05
    4.950000   2.18612229 -3.0565202400760902e-05
    4.950000   2.25089198 -3.2342514041838660e-05
    4.950000   2.31566107 -3.4359977829324788e-05
    4.950000   2.38042940 -3.6612456027764170e-05
    4.950000   2.44519674 -3.9082891913640847e-05
    4.950000   2.50996278 -4.1739752083573317e-05
    4.950000   2.57472706 -4.4535143913913487e-05
    4.950000   2.63948889 -4.7404068792299923e-05
    4.950000   2.70424717 -5.0265246788410936e-05
    4.950000   2.76900006 -5.3023828292188693e-05
    4.950000   2.83374417 -5.5576088833116743e-05
    4.950000   2.89847256 -5.7815906985933143e-05
    4.950000   2.96316844 -5.9642502108646025e-05
    4.950000   3.02777863 -6.0968635864156789e-05
    4.950000   3.09200950 -6.1728489608280204e-05
    5.000000   0.04958315 -5.7378530321337780e-05
    5.000000   0.11381403 -5.6678091481509185e-05
    5.000000   0.17842421 -5.5455760569664503e-05
    5.000000   0.24312010 -5.3772357457891750e-05
    5.000000   0.30784849 -5.1708439840665016e-05
    5.000000   0.37259260 -4.9356992709960811e-05
    5.000000   0.43734549 -4.6815836779455363e-05
    5.000000   0.50210377 -4.4180489986702797e-05
    5.000000   0.56686560 -4.1538214647929335e-05
    5.000000   0.63162987 -3.8963724385183638e-05
    5.000000   0.69639591 -3.6516724133605374e-05
    5.000000   0.76116325 -3.4241184509066167e-05
    5.000000   0.82593158 -3.2166053318085464e-05
    5.000000   0.89070068 -3.0307000576775914e-05
    5.000000   0.95547037 -2.8668773921845586e-05
    5.000000   1.02024053 -2.7247787634873401e-05
    5.000000   1.08501108 -2.6034653167810581e-05
    5.000000   1.14978193 -2.5016456257890012e-05
    5.000000   1.21455301 -2.4178676200868423e-05
    5.000000   1.27932429 -2.3506715403357521e-05
    5.000000   1.34409571 -2.2987057875680453e-05
    5.000000   1.40886724 -2.2608104794803776e-05
    5.000000   1.47363885 -2.2360747341066327e-05
    5.000000   1.53841049 -2.2238736262978729e-05
    5.000000   1.60318216 -2.2238898317343153e-05
    5.000000   1.66795381 -2.2361235252493496e-05
    5.000000   1.73272541 -2.2608923747403237e-05
    5.000000   1.79749694 -2.2988216292934410e-05
    5.000000   1.86226837 -2.3508224576228632e-05
    5.000000   1.92703964 -2.4180549678402061e-05
    5.000000   1.99181073 -2.5018708924533497e-05
    5.000000   2.05658157 -2.6037299932129482e-05
    5.000000   2.12135212 -2.7250841676304924e-05
    5.000000   2.18612229 -2.8672244493383468e-05
    5.000000   2.25089198 -3.0310890447378114e-05
    5.000000   2.31566107 -3.2170356058363822e-05
    5.000000   2.38042940 -3.4245881965247405e-05
    5.000000   2.44519674 -3.6521784570151351e-05
    5.000000   2.50996278 -3.8969101861556291e-05
    5.000000   2.57472706 -4.1543850174962458e-05
    5.000000   2.63948889 -4.4186314832618350e-05
    5.000000   2.70424717 -4.6821777942669780e-05
    5.000000   2.76900006 -4.9362980077050921e-05
    5.000000   2.83374417 -5.1714414003695495e-05
    5.000000   2.89847256 -5.3778276735599184e-05
    5.000000   2.96316844 -5.5461605638726253e-05
    5.000000   3.02777863 -5.6683866302709682e-05
    5.000000   3.09200950 -5.7384258736001230e-05
    5.050000   0.04958315 -5.3314871641815811e-05
    5.050000   0.11381403 -5.2670679993938140e-05
    5.050000   0.17842421 -5.1546539557764689e-05
    5.050000   0.24312010 -4.9998424272643037e-05
    5.050000   0.30784849 -4.8100441883812192e-05
    5.050000   0.37259260 -4.5938089067682184e-05
    5.050000   0.43734549 -4.3601260181512367e-05
    5.050000   0.50210377 -4.1177688221375426e-05
    5.050000   0.56686560 -3.8747489460827053e-05
    5.050000   0.63162987 -3.6379241512309329e-05
    5.050000   0.69639591 -3.4127746697272888e-05
    5.050000   0.76116325 -3.2033383844749554e-05
    5.050000   0.82593158 -3.0122771978748285e-05
    5.050000   0.89070068 -2.8410374537188994e-05
    5.050000   0.95547037 -2.6900657091500779e-05
    5.050000   1.02024053 -2.5590455215383045e-05
    5.050000   1.08501108 -2.4471287014689884e-05
    5.050000   1.14978193 -2.3531433532839404e-05
    5.050000   1.21455301 -2.2757692497933802e-05
    5.050000   1.27932429 -2.2136776687500911e-05
    5.050000   1.34409571 -2.1656373974664876e-05
    5.050000   1.40886724 -2.1305912798837889e-05
    5.050000   1.47363885 -2.1077087728910638e-05
    5.050000   1.53841049 -2.0964199097335364e-05
    5.050000   1.60318216 -2.0964352237019738e-05
    5.050000   1.66795381 -2.1077548710806787e-05
    5.050000   1.73272541 -2.1306686256425342e-05
    5.050000   1.79749694 -2.1657467435168517e-05
    5.050000   1.86226837 -2.2138200239051428e-05
    5.050000   1.92703964 -2.2759458247884680e-05
    5.050000   1.99181073 -2.3533554792782081e-05
    5.050000   2.05658157 -2.4473777148308598e-05
    5.050000   2.12135212 -2.5593326104352632e-05
    5.050000   2.18612229 -2.6903917218612788e-05
    5.050000   2.25089198 -2.8414026759328083e-05
    5.050000   2.31566107 -3.0126811164299612e-05
    5.050000   2.38042940 -3.2037794670062303e-05
    5.050000   2.44519674 -3.4132502011228517e-05
    5.050000   2.50996278 -3.6384301749455544e-05
    5.050000   2.57472706 -3.8752803565736932e-05
    5.050000   2.63948889 -4.1183196397858529e-05
    5.050000   2.70424717 -4.3606898481963799e-05
    5.050000   2.76900006 -4.5943795417372271e-05
    5.050000   2.83374417 -4.8106162677082461e-05
    5.050000   2.89847256 -5.0004120317156416e-05
    5.050000   2.96316844 -5.1552190027314261e-05
    5.050000   3.02777863 -5.2676283284702081e-05
    5.050000   3.09200950 -5.3320442608129188e-05
    5.100000   0.04958315 -4.9524234462865229e-05
    5.100000   0.11381403 -4.8932842412101480e-05
    5.100000   0.17842421 -4.7900826926259603e-05
    5.100000   0.24312010 -4.6479544719324619e-05
    5.100000   0.30784849 -4.4736973882606144e-05
    5.100000   0.37259260 -4.2751517584327351e-05
    5.100000   0.43734549 -4.0605590089412102e-05
    5.100000   0.50210377 -3.8379608762160926e-05
    5.100000   0.56686560 -3.6147005637888388e-05
    5.100000   0.63162987 -3.3970648047086495e-05
    5.100000   0.69639591 -3.1900802532800959e-05
    5.100000   0.76116325 -2.9974549484574132e-05
    5.100000   0.82593158 -2.8216393358348653e-05
    5.100000   0.89070068 -2.6639728542927175e-05
    5.100000   0.95547037 -2.5248808001769197e-05
    5.100000   1.02024053 -2.4040902408063853e-05
    5.100000   1.08501108 -2.3008408664063649e-05
    5.100000   1.14978193 -2.2140747358535665e-05
    5.100000   1.21455301 -2.1425963333130357e-05
    5.100000   1.27932429 -2.0852003165634777e-05
    5.100000   1.34409571 -2.0407684865588004e-05
    5.100000   1.40886724 -2.0083399271312732e-05
    5.100000   1.47363885 -1.9871592574974946e-05
    5.100000   1.53841049 -1.9767078821657621e-05
    5.100000   1.60318216 -1.9767223611688325e-05
    5.100000   1.66795381 -1.9872028349319032e-05
    5.100000   1.73272541 -2.0084130192423624e-05
    5.100000   1.79749694 -2.0408717693200929e-05
    5.100000   1.86226837 -2.0853346956139785e-05
    5.100000   1.92703964 -2.1427628954206892e-05
    5.100000   1.99181073 -2.2142746764304083e-05
    5.100000   2.05658157 -2.3010753876790815e-05
    5.100000   2.12135212 -2.4043604169050523e-05
    5.100000   2.18612229 -2.5251874091904993e-05
    5.100000   2.25089198 -2.6643161836267778e-05
    5.100000   2.31566107 -2.8220189758995569e-05
    5.100000   2.38042940 -2.9978695999083670e-05
    5.100000   2.44519674 -3.1905275827106354e-05
    5.100000   2.50996278 -3.3975413896757605e-05
    5.100000   2.57472706 -3.6152019664595678e-05
    5.100000   2.63948889 -3.8384818722297190e-05
    5.100000   2.70424717 -4.0610939728214446e-05
    5.100000   2.76900006 -4.2756951713921059e-05
    5.100000   2.83374417 -4.4742443956857828e-05
    5.100000   2.89847256 -4.6485013875244418e-05
    5.100000   2.96316844 -4.7906273365100486e-05
    5.100000   3.02777863 -4.8938260190807123e-05
    5.100000   3.09200950 -4.9529631256308035e-05
    5.150000   0.04958315 -4.5996326838353024e-05
    5.150000   0.11381403 -4.5454200057298597e-05
    5.150000   0.17842421 -4.4508109635924621e-05
    5.150000   0.24312010 -4.3205056043759074e-05
    5.150000   0.30784849 -4.1607245322643740e-05
    5.150000   0.37259260 -3.9786417080372905e-05
    5.150000   0.43734549 -3.7817978808085840e-05
    5.150000   0.50210377 -3.5775516974683855e-05
    5.150000   0.56686560 -3.3726244119629441e-05
    5.150000   0.63162987 -3.1727734884937127e-05
    5.150000   0.69639591 -2.9826070534104167e-05
    5.150000   0.76116325 -2.8055305235684667e-05
    5.150000   0.82593158 -2.6438020369743164e-05
    5.150000   0.89070068 -2.4986657010643018e-05
    5.150000   0.95547037 -2.3705305768382650e-05
    5.150000   1.02024053 -2.2591670456056461e-05
    5.150000   1.08501108 -2.1638986771803275e-05
    5.150000   1.14978193 -2.0837750308470235e-05
    5.150000   1.21455301 -2.0177175768272177e-05
    5.150000   1.27932429 -1.9646363253437605e-05
    5.150000   1.34409571 -1.9235185095650027e-05
    5.150000   1.40886724 -1.8934928655528485e-05
    5.150000   1.47363885 -1.8738739603682608e-05
    5.150000   1.53841049 -1.8641909751670505e-05
    5.150000   1.60318216 -1.8642046672509159e-05
    5.150000   1.66795381 -1.8739151635034049e-05
    5.150000   1.73272541 -1.8935619557474193e-05
    5.150000   1.79749694 -1.9236160971705482e-05
    5.150000   1.86226837 -1.9647632276578848e-05
    5.150000   1.92703964 -2.0178747742521586e-05
    5.150000   1.99181073 -2.0839636019651078e-05
    5.150000   2.05658157 -2.1641197082025424e-05
    5.150000   2.12135212 -2.2594215110987990e-05
    5.150000   2.18612229 -2.3708191919057870e-05
    5.150000   2.25089198 -2.4989887505450415e-05
    5.150000   2.31566107 -2.6441591946458271e-05
    5.150000   2.38042940 -2.8059206830061003e-05
    5.150000   2.44519674 -2.9830282003377973e-05
    5.150000   2.50996278 -3.1732226494689324e-05
    5.150000   2.57472706 -3.3730977128033343e-05
    5.150000   2.63948889 -3.5780445539823201e-05
    5.150000   2.70424717 -3.7823053229771502e-05
    5.150000   2.76900006 -3.9791588087911097e-05
    5.150000   2.83374417 -4.1612468795031305e-05
    5.150000   2.89847256 -4.3210297293909273e-05
    5.150000   2.96316844 -4.4513346309893569e-05
    5.150000   3.02777863 -4.5459422866218983e-05
    5.150000   3.09200950 -4.6001537754140082e-05
    5.200000   0.04958315 -4.2718943706293903e-05
    5.200000   0.11381403 -4.2222556501032495e-05
    5.200000   0.17842421 -4.1356218897672288e-05
    5.200000   0.24312010 -4.0162853651921408e-05
    5.200000   0.30784849 -3.8699271574370586e-05
    5.200000   0.37259260 -3.7030994964231708e-05
    5.200000   0.43734549 -3.5226907663791239e-05
    5.200000   0.50210377 -3.3354251418792021e-05
    5.200000   0.56686560 -3.1474477072112152e-05
    5.200000   0.63162987 -2.9640270353980899e-05
    5.200000   0.69639591 -2.7893859444796545e-05
    5.200000   0.76116325 -2.6266524325160037e-05
    5.200000   0.82593158 -2.4779095014335004e-05
    5.200000   0.89070068 -2.3443157315713257e-05
    5.200000   0.95547037 -2.2262675111629128e-05
    5.200000   1.02024053 -2.1235772174755993e-05
    5.200000   1.08501108 -2.0356475053517899e-05
    5.200000   1.14978193 -1.9616284698563600e-05
    5.200000   1.21455301 -1.9005505571084324e-05
    5.200000   1.27932429 -1.8514309814920025e-05
    5.200000   1.34409571 -1.8133548134189849e-05
    5.200000   1.40886724 -1.7855338987330805e-05
    5.200000   1.47363885 -1.7673476036689920e-05
    5.200000   1.53841049 -1.7583693500537738e-05
    5.200000   1.60318216 -1.7583822965176208e-05
    5.200000   1.66795381 -1.7673865583939247e-05
    5.200000   1.73272541 -1.7855992033944410e-05
    5.200000   1.79749694 -1.8134470223334797e-05
    5.200000   1.86226837 -1.8515508364346046e-05
    5.200000   1.92703964 -1.9006989473980863e-05
    5.200000   1.99181073 -1.9618063737904217e-05
    5.200000   2.05658157 -2.0358559091772913e-05
    5.200000   2.12135212 -2.1238170093613232e-05
    5.200000   2.18612229 -2.2265393504633871e-05
    5.200000   2.25089198 -2.3446198983057101e-05
    5.200000   2.31566107 -2.4782457372467754e-05
    5.200000   2.38042940 -2.6270197917623700e-05
    5.200000   2.44519674 -2.7897826809915486e-05
    5.200000   2.50996278 -2.9644505546942358e-05
    5.200000   2.57472706 -3.1478946125826819e-05
    5.200000   2.63948889 -3.3358913935220480e-05
    5.200000   2.70424717 -3.5231719545361813e-05
    5.200000   2.76900006 -3.7035912041078308e-05
    5.200000   2.83374417 -3.8704253608863843e-05
    5.200000   2.89847256 -4.0167867987503877e-05
    5.200000   2.96316844 -4.1361242951735951e-05
    5.200000   3.02777863 -4.2227578442578186e-05
    5.200000   3.09200950 -4.2723961008517688e-05
    5.250000   0.04958315 -3.9678707895635382e-05
    5.250000   0.11381403 -3.9224612043812688e-05
    5.250000   0.17842421 -3.8431999388265406e-05
    5.250000   0.24312010 -3.7340000128692479e-05
    5.250000   0.30784849 -3.6000412481448331e-05
    5.250000   0.37259260 -3.4472990096160485e-05
    5.250000   0.43734549 -3.2820573439311566e-05
    5.250000   0.50210377 -3.1104536962634017e-05
    5.250000   0.56686560 -2.9381013592473171e-05
    5.250000   0.63162987 -2.7698186182073500e-05
    5.250000   0.69639591 -2.6094742568782022e-05
    5.250000   0.76116325 -2.4599421388620418e-05
    5.250000   0.82593158 -2.3231455691703130e-05
    5.250000   0.89070068 -2.2001659635674850e-05
    5.250000   0.95547037 -2.0913894948656017e-05
    5.250000   1.02024053 -1.9966684471238723e-05
    5.250000   1.08501108 -1.9154792920202865e-05
    5.250000   1.14978193 -1.8470654638246739e-05
    5.250000   1.21455301 -1.7905583215543993e-05
    5.250000   1.27932429 -1.7450742012221951e-05
    5.250000   1.34409571 -1.7097885466634462e-05
    5.250000   1.40886724 -1.6839899241481543e-05
    5.250000   1.47363885 -1.6671174921949477e-05
    5.250000   1.53841049 -1.6587854841595191e-05
    5.250000   1.60318216 -1.6587977209523400e-05
    5.250000   1.66795381 -1.6671543080626934e-05
    5.250000   1.73272541 -1.6840516314964275e-05
    5.250000   1.79749694 -1.7098756520099913e-05
    5.250000   1.86226837 -1.7451873818624469e-05
    5.250000   1.92703964 -1.7906983889462041e-05
    5.250000   1.99181073 -1.8472333103885067e-05
    5.250000   2.05658157 -1.9156758181736731e-05
    5.250000   2.12135212 -1.9968944664947923e-05
    5.250000   2.18612229 -2.0916456180827919e-05
    5.250000   2.25089198 -2.2004524650146161e-05
    5.250000   2.31566107 -2.3234622465206852e-05
    5.250000   2.38042940 -2.4602881814908250e-05
    5.250000   2.44519674 -2.6098481451087104e-05
    5.250000   2.50996278 -2.7702180788457996e-05
    5.250000   2.57472706 -2.9385234016586729e-05
    5.250000   2.63948889 -3.1108947452851005e-05
    5.250000   2.70424717 -3.2825134704228639e-05
    5.250000   2.76900006 -3.4477662379208702e-05
    5.250000   2.83374417 -3.6005158965621270e-05
    5.250000   2.89847256 -3.7344790051771001e-05
    5.250000   2.96316844 -3.8436810192775237e-05
    5.250000   3.02777863 -3.9229430005440021e-05
    5.250000   3.09200950 -3.9683526969640585e-05
    5.300000   0.04958315 -3.6861634660741738e-05
    5.300000   0.11381403 -3.6446507638381021e-05
    5.300000   0.17842421 -3.5721818007285747e-05
    5.300000   0.24312010 -3.4723187230440590e-05
    5.300000   0.30784849 -3.3497779649159707e-05
    5.300000   0.37259260 -3.2100021279614356e-05
    5.300000   0.43734549 -3.0587177552845558e-05
    5.300000   0.50210377 -2.9015217106962236e-05
    5.300000   0.56686560 -2.7435379825608168e-05
    5.300000   0.63162987 -2.5891711424206997e-05
    5.300000   0.69639591 -2.4419652158382579e-05
    5.300000   0.76116325 -2.3045614005352652e-05
    5.300000   0.82593158 -2.1787372176982345e-05
    5.300000   0.89070068 -2.0655041007411159e-05
    5.300000   0.95547037 -1.9652396378115387e-05
    5.300000   1.02024053 -1.8778334283079122e-05
    5.300000   1.08501108 -1.8028302614444456e-05
    5.300000   1.14978193 -1.7395596902168645e-05
    5.300000   1.21455301 -1.6872460420570061e-05
    5.300000   1.27932429 -1.6450968940444809e-05
    5.300000   1.34409571 -1.6123708353859650e-05
    5.300000   1.40886724 -1.5884269937545284e-05
    5.300000   1.47363885 -1.5727595087704771e-05
    5.300000   1.53841049 -1.5650201369883131e-05
    5.300000   1.60318216 -1.5650316958433384e-05
    5.300000   1.66795381 -1.5727942824383151e-05
    5.300000   1.73272541 -1.5884852696998018e-05
    5.300000   1.79749694 -1.6124530793806379e-05
    5.300000   1.86226837 -1.6452037283870863e-05
    5.300000   1.92703964 -1.6873782117427777e-05
    5.300000   1.99181073 -1.7397180142845414e-05
    5.300000   2.05658157 -1.8030155668591812e-05
    5.300000   2.12135212 -1.8780464647401972e-05
    5.300000   2.18612229 -1.9654809738054889e-05
    5.300000   2.25089198 -2.0657740052080468e-05
    5.300000   2.31566107 -2.1790355353272063e-05
    5.300000   2.38042940 -2.3048874350657868e-05
    5.300000   2.44519674 -2.4423176401025714e-05
    5.300000   2.50996278 -2.5895479569784338e-05
    5.300000   2.57472706 -2.7439365436439453e-05
    5.300000   2.63948889 -2.9019388413366331e-05
    5.300000   2.70424717 -3.0591499402757625e-05
    5.300000   2.76900006 -3.2104457750312843e-05
    5.300000   2.83374417 -3.3502296948771012e-05
    5.300000   2.89847256 -3.4727756364573283e-05
    5.300000   2.96316844 -3.5726416639326660e-05
    5.300000   3.02777863 -3.6451120673382569e-05
    5.300000   3.09200950 -3.6866253333763915e-05
    5.350000   0.04958315 -3.4253556160992238e-05
    5.350000   0.11381403 -3.3874233462836656e-05
    5.350000   0.17842421 -3.3211945315331890e-05
    5.350000   0.24312010 -3.2299081248748205e-05
    5.350000   0.30784849 -3.1178539626965825e-05
    5.350000   0.37259260 -2.9899845135914176e-05
    5.350000   0.43734549 -2.8515138270160875e-05
    5.350000   0.50210377 -2.7075422484248006e-05
    5.350000   0.56686560 -2.5627447395247416e-05
    5.350000   0.63162987 -2.4211465530466002e-05
    5.350000   0.69639591 -2.2859942308261374e-05
    5.350000   0.76116325 -2.1597160627415923e-05
    5.350000   0.82593158 -2.0439563481193585e-05
    5.350000   0.89070068 -1.9396627493491519e-05
    5.350000   0.95547037 -1.8472052903007149e-05
    5.350000   1.02024053 -1.7665079960071724e-05
    5.350000   1.08501108 -1.6971784235190480e-05
    5.350000   1.14978193 -1.6386251525993567e-05
    5.350000   1.21455301 -1.5901577766442537e-05
    5.350000   1.27932429 -1.5510675318287143e-05
    5.350000   1.34409571 -1.5206892334759113e-05
    5.350000   1.40886724 -1.4984466950730069e-05
    5.350000   1.47363885 -1.4838844584334620e-05
    5.350000   1.53841049 -1.4766886785797794e-05
    5.350000   1.60318216 -1.4766995879308630e-05
    5.350000   1.66795381 -1.4839172764442370e-05
    5.350000   1.73272541 -1.4985016879567730e-05
    5.350000   1.79749694 -1.5207668322799934e-05
    5.350000   1.86226837 -1.5511683119700771e-05
    5.350000   1.92703964 -1.5902824264462394e-05
    5.350000   1.99181073 -1.6387744285087410e-05
    5.350000   2.05658157 -1.6973530898285317e-05
    5.350000   2.12135212 -1.7667087477973628e-05
    5.350000   2.18612229 -1.8474326601810490e-05
    5.350000   2.25089198 -1.9399170015519917e-05
    5.350000   2.31566107 -2.0442373675007104e-05
    5.350000   2.38042940 -2.1600232508109191e-05
    5.350000   2.44519674 -2.2863264251316779e-05
    5.350000   2.50996278 -2.4215019886674353e-05
    5.350000   2.57472706 -2.5631210704020260e-05
    5.350000   2.63948889 -2.7079366403562282e-05
    5.350000   2.70424717 -2.8519231228386979e-05
    5.350000   2.76900006 -2.9904054555310201e-05
    5.350000   2.83374417 -3.1182834402458925e-05
    5.350000   2.89847256 -3.2303434037015868e-05
    5.350000   2.96316844 -3.3216334150118757e-05
    5.350000   3.02777863 -3.3878642298681252e-05
    5.350000   3.09200950 -3.4257974160765964e-05
    5.400000   0.04958315 -3.1840435261165991e-05
    5.400000   0.11381403 -3.1493930546100527e-05
    5.400000   0.17842421 -3.0888836396290795e-05
    5.400000   0.24312010 -3.0054576282736853e-05
    5.400000   0.30784849 -2.9030134944355869e-05
    5.400000   0.37259260 -2.7860542550523701e-05
    5.400000   0.43734549 -2.6593242341098138e-05
    5.400000   0.50210377 -2.5274689236714748e-05
    5.400000   0.56686560 -2.3947521376016734e-05
    5.400000   0.63162987 -2.2648519574297886e-05
    5.400000   0.69639591 -2.1407427466313682e-05
    5.400000   0.76116325 -2.0246580404667486e-05
    5.400000   0.82593158 -1.9181202769203326e-05
    5.400000   0.89070068 -1.8220187558452583e-05
    5.400000   0.95547037 -1.7367165138240422e-05
    5.400000   1.02024053 -1.6621689666119067e-05
    5.400000   1.08501108 -1.5980409711361978e-05
    5.400000   1.14978193 -1.5438132792728121e-05
    5.400000   1.21455301 -1.4988733759834149e-05
    5.400000   1.27932429 -1.4625889387603562e-05
    5.400000   1.34409571 -1.4343644468984277e-05
    5.400000   1.40886724 -1.4136828417701699e-05
    5.400000   1.47363885 -1.4001347437479574e-05
    5.400000   1.53841049 -1.3934377592355926e-05
    5.400000   1.60318216 -1.3934480449519664e-05
    5.400000   1.66795381 -1.4001656847633803e-05
    5.400000   1.73272541 -1.4137346861810875e-05
    5.400000   1.79749694 -1.4344375961508980e-05
    5.400000   1.86226837 -1.4626839283111683e-05
    5.400000   1.92703964 -1.4989908458617999e-05
    5.400000   1.99181073 -1.5439539326112218e-05
    5.400000   2.05658157 -1.5982055188925746e-05
    5.400000   2.12135212 -1.6623580575026233e-05
    5.400000   2.18612229 -1.7369306501200308e-05
    5.400000   2.25089198 -1.8222581982617937e-05
    5.400000   2.31566107 -1.9183849452719671e-05
    5.400000   2.38042940 -2.0249474206630146e-05
    5.400000   2.44519674 -2.1410558181506255e-05
    5.400000   2.50996278 -2.2651871574233975e-05
    5.400000   2.57472706 -2.3951073768360149e-05
    5.400000   2.63948889 -2.5278416644026938e-05
    5.400000   2.70424717 -2.6597116303068612e-05
    5.400000   2.76900006 -2.7864533421362931e-05
    5.400000   2.83374417 -2.9034214015978249e-05
    5.400000   2.89847256 -3.0058717755633265e-05
    5.400000   2.96316844 -3.0893018787371443e-05
    5.400000   3.02777863 -3.1498137196236308e-05
    5.400000   3.09200950 -3.1844653786736434e-05
    5.450000   0.04958315 -2.9608592302307442e-05
    5.450000   0.11381403 -2.9292108314645207e-05
    5.450000   0.17842421 -2.8739332680641231e-05
    5.450000   0.24312010 -2.7976975185627269e-05
    5.450000   0.30784849 -2.7040440692843592e-05
    5.450000   0.37259260 -2.5970649153722195e-05
    5.450000   0.43734549 -2.4810749269131387e-05
    5.450000   0.50210377 -2.3603038313853037e-05
    5.450000   0.56686560 -2.2386396845250602e-05
    5.450000   0.63162987 -2.1194432894509465e-05
    5.450000   0.69639591 -2.0054402269054345e-05
    5.450000   0.76116325 -1.8986859308519324e-05
    5.450000   0.82593158 -1.8005912661170052e-05
    5.450000   0.89070068 -1.7119919109158370e-05
    5.450000   0.95547037 -1.6332441763531299e-05
    5.450000   1.02024053 -1.5643318018690953e-05
    5.450000   1.08501108 -1.5049716522407299e-05
    5.450000   1.14978193 -1.4547101088596757e-05
    5.450000   1.21455301 -1.4130055587345862e-05
    5.450000   1.27932429 -1.3792953085936271e-05
    5.450000   1.34409571 -1.3530473258011648e-05
    5.450000   1.40886724 -1.3337984589480656e-05
    5.450000   1.47363885 -1.3211813511078208e-05
    5.450000   1.53841049 -1.3149422979076919e-05
    5.450000   1.60318216 -1.3149519838787482e-05
    5.450000   1.66795381 -1.3212104876875140e-05
    5.450000   1.73272541 -1.3338472787703620e-05
    5.450000   1.79749694 -1.3531162050550721e-05
    5.450000   1.86226837 -1.3793847486574465e-05
    5.450000   1.92703964 -1.4131161584846908e-05
    5.450000   1.99181073 -1.4548425260560985e-05
    5.450000   2.05658157 -1.5051265525516676e-05
    5.450000   2.12135212 -1.5645097948138275e-05
    5.450000   2.18612229 -1.6334457388779195e-05
    5.450000   2.25089198 -1.7122173015567767e-05
    5.450000   2.31566107 -1.8008404356694965e-05
    5.450000   2.38042940 -1.8989584388065205e-05
    5.450000   2.44519674 -2.0057351759294816e-05
    5.450000   2.50996278 -2.1197592918649681e-05
    5.450000   2.57472706 -2.2389748738445280e-05
    5.450000   2.63948889 -2.3606559275626713e-05
    5.450000   2.70424717 -2.4814413556033189e-05
    5.450000   2.76900006 -2.5974429702346888e-05
    5.450000   2.83374417 -2.7044310943407592e-05
    5.450000   2.89847256 -2.7980910784240659e-05
    5.450000   2.96316844 -2.8743312711141543e-05
    5.450000   3.02777863 -2.9296115773550515e-05
    5.450000   3.09200950 -2.9612613685377753e-05
    5.500000   0.04958315 -2.7544863841218557e-05
    5.500000   0.11381403 -2.7255796433115715e-05
    5.500000   0.17842421 -2.6750802034763327e-05
    5.500000   0.24312010 -2.6054114069764849e-05
    5.500000   0.30784849 -2.5197870874293926e-05
    5.500000   0.37259260 -2.4219242263701453e-05
    5.500000   0.43734549 -2.3157458828445929e-05
    5.500000   0.50210377 -2.2051024557358547e-05
    5.500000   0.56686560 -2.0935391268037384e-05
    5.500000   0.63162987 -1.9841270962862223e-05
    5.500000   0.69639591 -1.8793647263877364e-05
    5.500000   0.76116325 -1.7811446061351487e-05
    5.500000   0.82593158 -1.6907753552720991e-05
    5.500000   0.89070068 -1.6090432128662352e-05
    5.500000   0.95547037 -1.5362978089593150e-05
    5.500000   1.02024053 -1.4725481894280916e-05
    5.500000   1.08501108 -1.4175581755235731e-05
    5.500000   1.14978193 -1.3709335960297380e-05
    5.500000   1.21455301 -1.3321971696691837e-05
    5.500000   1.27932429 -1.3008494489739152e-05
    5.500000   1.34409571 -1.2764161141264112e-05
    5.500000   1.40886724 -1.2584830459262506e-05
    5.500000   1.47363885 -1.2467211265395216e-05
    5.500000   1.53841049 -1.2409027657115133e-05
    5.500000   1.60318216 -1.2409118743072510e-05
    5.500000   1.66795381 -1.2467485265455260e-05
    5.500000   1.73272541 -1.2585289567533980e-05
    5.500000   1.79749694 -1.2764808903771460e-05
    5.500000   1.86226837 -1.3009335629273861e-05
    5.500000   1.92703964 -1.3323011851115889e-05
    5.500000   1.99181073 -1.3710581321163538e-05
    5.500000   2.05658157 -1.4177038595255022e-05
    5.500000   2.12135212 -1.4727155978646352e-05
    5.500000   2.18612229 -1.5364873978810866e-05
    5.500000   2.25089198 -1.6092552400061573e-05
    5.500000   2.31566107 -1.6910097993402647e-05
    5.500000   2.38042940 -1.7814010913963414e-05
    5.500000   2.44519674 -1.8796424632204535e-05
    5.500000   2.50996278 -1.9844248498024334e-05
    5.500000   2.57472706 -2.0938552247905959e-05
    5.500000   2.63948889 -2.2054348433196693e-05
    5.500000   2.70424717 -2.3160922241249011e-05
    5.500000   2.76900006 -2.4222820435947945e-05
    5.500000   2.83374417 -2.5201539180658208e-05
    5.500000   2.89847256 -2.6057849512261004e-05
    5.500000   2.96316844 -2.6754584324988780e-05
    5.500000   3.02777863 -2.7259608437834852e-05
    5.500000   3.09200950 -2.7548691280031557e-05
    5.550000   0.04958315 -2.5636708582240995e-05
    5.550000   0.11381403 -2.5372645662059544e-05
    5.550000   0.17842421 -2.4911230984996147e-05
    5.550000   0.24312010 -2.4274443101021110e-05
    5.550000   0.30784849 -2.3491445912775419e-05
    5.550000   0.37259260 -2.2595994251474835e-05
    5.550000   0.43734549 -2.1623750331424905e-05
    5.550000   0.50210377 -2.0609762672178411e-05
    5.550000   0.56686560 -1.9586358514717146e-05
    5.550000   0.63162987 -1.8581609115031397e-05
    5.550000   0.69639591 -1.7618424148357590e-05
    5.550000   0.76116325 -1.6714240650065453e-05
    5.550000   0.82593158 -1.5881207028647775e-05
    5.550000   0.89070068 -1.5126728408575914e-05
    5.550000   0.95547037 -1.4454233289490281e-05
    5.550000   1.02024053 -1.3864036097257373e-05
    5.550000   1.08501108 -1.3354196921906264e-05
    5.550000   1.14978193 -1.2921310590889029e-05
    5.550000   1.21455301 -1.2561186268172121e-05
    5.550000   1.27932429 -1.2269402477747904e-05
    5.550000   1.34409571 -1.2041739436108962e-05
    5.550000   1.40886724 -1.1874500979133369e-05
    5.550000   1.47363885 -1.1764743190063367e-05
    5.550000   1.53841049 -1.1710427409421238e-05
    5.550000   1.60318216 -1.1710512933723009e-05
    5.550000   1.66795381 -1.1765000466994875e-05
    5.550000   1.73272541 -1.1874932089398284e-05
    5.550000   1.79749694 -1.2042347740757848e-05
    5.550000   1.86226837 -1.2270192450572125e-05
    5.550000   1.92703964 -1.2562163247381129e-05
    5.550000   1.99181073 -1.2922480439384098e-05
    5.550000   2.05658157 -1.3355565587146387e-05
    5.550000   2.12135212 -1.3865609067603037e-05
    5.550000   2.18612229 -1.4456014955093345e-05
    5.550000   2.25089198 -1.5128721351915568e-05
    5.550000   2.31566107 -1.5883411291969378e-05
    5.550000   2.38042940 -1.6716653051517659e-05
    5.550000   2.44519674 -1.7621037740360471e-05
    5.550000   2.50996278 -1.8584412889771079e-05
    5.550000   2.57472706 -1.9589337454039228e-05
    5.550000   2.63948889 -2.0612898205449676e-05
    5.550000   2.70424717 -2.1627021203228096e-05
    5.550000   2.76900006 -2.2599377718042687e-05
    5.550000   2.83374417 -2.3494919098881399e-05
    5.550000   2.89847256 -2.4277984282701180e-05
    5.550000   2.96316844 -2.4914820544378475e-05
    5.550000   3.02777863 -2.5376266506453850e-05
    5.550000   3.09200950 -2.5640345933179233e-05
    5.600000   0.04958315 -2.3872272665949099e-05
    5.600000   0.11381403 -2.3630989497719109e-05
    5.600000   0.17842421 -2.3209280158685321e-05
    5.600000   0.24312010 -2.2627073755227286e-05
    5.600000   0.30784849 -2.1910830435574502e-05
    5.600000   0.37259260 -2.1091200281973120e-05
    5.600000   0.43734549 -2.0200600433561625e-05
    5.600000   0.50210377 -1.9270935744137131e-05
    5.600000   0.56686560 -1.8331689127811077e-05
    5.600000   0.63162987 -1.7408525828390487e-05
    5.600000   0.69639591 -1.6522463399664949e-05
    5.600000   0.76116325 -1.5689577611521671e-05
    5.600000   0.82593158 -1.4921155991522411e-05
    5.600000   0.89070068 -1.4224179542819954e-05
    5.600000   0.95547037 -1.3602007093612481e-05
    5.600000   1.02024053 -1.3055149405804863e-05
    5.600000   1.08501108 -1.2582043832771432e-05
    5.600000   1.14978193 -1.2179767823223984e-05
    5.600000   1.21455301 -1.1844655581913575e-05
    5.600000   1.27932429 -1.1572803529891705e-05
    5.600000   1.34409571 -1.1360465573156606e-05
    5.600000   1.40886724 -1.1204348673720538e-05
    5.600000   1.47363885 -1.1101823693375332e-05
    5.600000   1.53841049 -1.1051067124404599e-05
    5.600000   1.60318216 -1.1051147290304232e-05
    5.600000   1.66795381 -1.1102064862222962e-05
    5.600000   1.73272541 -1.1204752828575815e-05
    5.600000   1.79749694 -1.1361035915995328e-05
    5.600000   1.86226837 -1.1573544320762804e-05
    5.600000   1.92703964 -1.1845571902505516e-05
    5.600000   1.99181073 -1.2180865256220197e-05
    5.600000   2.05658157 -1.2583328050101464e-05
    5.600000   2.12135212 -1.3056625664252258e-05
    5.600000   2.18612229 -1.3603679646169042e-05
    5.600000   2.25089198 -1.4226050989087712e-05
    5.600000   2.31566107 -1.4923226609669441e-05
    5.600000   2.38042940 -1.5691844735377381e-05
    5.600000   2.44519674 -1.6524920922996993e-05
    5.600000   2.50996278 -1.7411163927733533e-05
    5.600000   2.57472706 -1.8334494288091093e-05
    5.600000   2.63948889 -1.9273891141843701e-05
    5.600000   2.70424717 -2.0203686678847101e-05
    5.600000   2.76900006 -2.1094396449786687e-05
    5.600000   2.83374417 -2.1914115241371154e-05
    5.600000   2.89847256 -2.2630426674330889e-05
    5.600000   2.96316844 -2.3212682272341116e-05
    5.600000   3.02777863 -2.3634423888224222e-05
    5.600000   3.09200950 -2.3875724280767415e-05
    5.650000   0.04958315 -2.2240424003601246e-05
    5.650000   0.11381403 -2.2019875964153847e-05
    5.650000   0.17842421 -2.1634311768137944e-05
    5.650000   0.24312010 -2.1101800636887887e-05
    5.650000   0.30784849 -2.0446348571829370e-05
    5.650000   0.37259260 -1.9695786760001705e-05
    5.650000   0.43734549 -1.8879584871044218e-05
    5.650000   0.50210377 -1.8026790797817651e-05
    5.650000   0.56686560 -1.7164300496271560e-05
    5.650000   0.63162987 -1.6315588456310666e-05
    5.650000   0.69639591 -1.5499946553906506e-05
    5.650000   0.76116325 -1.4732205799945108e-05
    5.650000   0.82593158 -1.4022862761040430e-05
    5.650000   0.89070068 -1.3378504070947004e-05
    5.650000   0.95547037 -1.2802416544545015e-05
    5.650000   1.02024053 -1.2295281363445409e-05
    5.650000   1.08501108 -1.1855871718730073e-05
    5.650000   1.14978193 -1.1481697792568360e-05
    5.650000   1.21455301 -1.1169566244558526e-05
    5.650000   1.27932429 -1.0916040554166299e-05
    5.650000   1.34409571 -1.0717802468887675e-05
    5.650000   1.40886724 -1.0571923458743033e-05
    5.650000   1.47363885 -1.0476059234831762e-05
    5.650000   1.53841049 -1.0428581090104329e-05
    5.650000   1.60318216 -1.0428656094093167e-05
    5.650000   1.66795381 -1.0476284889474012e-05
    5.650000   1.73272541 -1.0572301662597272e-05
    5.650000   1.79749694 -1.0718336286470653e-05
    5.650000   1.86226837 -1.0916734061262169e-05
    5.650000   1.92703964 -1.1170424302458641e-05
    5.650000   1.99181073 -1.1482725744392635e-05
    5.650000   2.05658157 -1.1857075002716865e-05
    5.650000   2.12135212 -1.2296665042996574e-05
    5.650000   2.18612229 -1.2803984763651066e-05
    5.650000   2.25089198 -1.3380259456711262e-05
    5.650000   2.31566107 -1.4024805811696989e-05
    5.650000   2.38042940 -1.4734334314911990e-05
    5.650000   2.44519674 -1.5502255178081341e-05
    5.650000   2.50996278 -1.6318068418446590e-05
    5.650000   2.57472706 -1.7166939614612456e-05
    5.650000   2.63948889 -1.8029573800275411e-05
    5.650000   2.70424717 -1.8882494030929789e-05
    5.650000   2.76900006 -1.9698802786949994e-05
    5.650000   2.83374417 -2.0449451633652795e-05
    5.650000   2.89847256 -2.1104971339932807e-05
    5.650000   2.96316844 -2.1637531910228946e-05
    5.650000   3.02777863 -2.2023128908004716e-05
    5.650000   3.09200950 -2.2243694602518810e-05
    5.700000   0.04958315 -2.0730763345598279e-05
    5.700000   0.11381403 -2.0529076992594056e-05
    5.700000   0.17842421 -2.0176396139332503e-05
    5.700000   0.24312010 -1.9689104284503359e-05
    5.700000   0.30784849 -1.9088982514761709e-05
    5.700000   0.37259260 -1.8401305494049436e-05
    5.700000   0.43734549 -1.7652868399618365e-05
    5.700000   0.50210377 -1.6870124943808581e-05
    5.700000   0.56686560 -1.6077619818734178e-05
    5.700000   0.63162987 -1.5296833702854020e-05
    5.700000   0.69639591 -1.4545484899872546e-05
    5.700000   0.76116325 -1.3837265961385422e-05
    5.700000   0.82593158 -1.3181946106210040e-05
    5.700000   0.89070068 -1.2585744439635430e-05
    5.700000   0.95547037 -1.2051873247652715e-05
    5.700000   1.02024053 -1.1581160070652212e-05
    5.700000   1.08501108 -1.1172675718307189e-05
    5.700000   1.14978193 -1.0824317179655643e-05
    5.700000   1.21455301 -1.0533315209393015e-05
    5.700000   1.27932429 -1.0296653619536337e-05
    5.700000   1.34409571 -1.0111399874282897e-05
    5.700000   1.40886724 -9.9749544766553594e-06
    5.700000   1.47363885 -9.8852304968854208e-06
    5.700000   1.53841049 -9.8407753371024559e-06
    5.700000   1.60318216 -9.8408453704501412e-06
    5.700000   1.66795381 -9.8854412147840595e-06
    5.700000   1.73272541 -9.9753077040708755e-06
    5.700000   1.79749694 -1.0111898556233255e-05
    5.700000   1.86226837 -1.0297301672066327e-05
    5.700000   1.92703964 -1.0534117303499956e-05
    5.700000   1.99181073 -1.0825278452825067e-05
    5.700000   2.05658157 -1.1173801410051185e-05
    5.700000   2.12135212 -1.1582455082938264e-05
    5.700000   2.18612229 -1.2053341639009940e-05
    5.700000   2.25089198 -1.2587388873249779e-05
    5.700000   2.31566107 -1.3183767286837254e-05
    5.700000   2.38042940 -1.3839262111553364e-05
    5.700000   2.44519674 -1.4547651339147002e-05
    5.700000   2.50996278 -1.5299162600158710e-05
    5.700000   2.57472706 -1.6080100181490242e-05
    5.700000   2.63948889 -1.6872742884843885e-05
    5.700000   2.70424717 -1.7655607682600223e-05
    5.700000   2.76900006 -1.8404148305200635e-05
    5.700000   2.83374417 -1.9091910353757405e-05
    5.700000   2.89847256 -1.9692098826254713e-05
    5.700000   2.96316844 -2.0179439907007683e-05
    5.700000   3.02777863 -2.0532153711272185e-05
    5.700000   3.09200950 -2.0733857918398391e-05
    5.750000   0.04958315 -1.9333618158359545e-05
    5.750000   0.11381403 -1.9149081261481186e-05
    5.750000   0.17842421 -1.8826302815286212e-05
    5.750000   0.24312010 -1.8380140034001417e-05
    5.750000   0.30784849 -1.7830358880352147e-05
    5.750000   0.37259260 -1.7199917528417937e-05
    5.750000   0.43734549 -1.6513186293384798e-05
    5.750000   0.50210377 -1.5794264901623923e-05
    5.750000   0.56686560 -1.5065562110897912e-05
    5.750000   0.63162987 -1.4346744617059699e-05
    5.750000   0.69639591 -1.3654095952851831e-05
    5.750000   0.76116325 -1.3000267131151898e-05
    5.750000   0.82593158 -1.2394357937557710e-05
    5.750000   0.89070068 -1.1842244276290709e-05
    5.750000   0.95547037 -1.1347061426661712e-05
    5.750000   1.02024053 -1.0909761142357861e-05
    5.750000   1.08501108 -1.0529676785846339e-05
    5.750000   1.14978193 -1.0205050058355467e-05
    5.750000   1.21455301 -9.9334915036924258e-06
    5.750000   1.27932429 -9.7123624651233179e-06
    5.750000   1.34409571 -9.5390775392624182e-06
    5.750000   1.40886724 -9.4113337688097928e-06
    5.750000   1.47363885 -9.3272764028726483e-06
    5.750000   1.53841049 -9.2856118312814291e-06
    5.750000   1.60318216 -9.2856770811367341e-06
    5.750000   1.66795381 -9.3274727484926325e-06
    5.750000   1.73272541 -9.4116629705773963e-06
    5.750000   1.79749694 -9.5395424375486050e-06
    5.750000   1.86226837 -9.7129668365338302e-06
    5.750000   1.92703964 -9.9342398538766691e-06
    5.750000   1.99181073 -1.0205947347306797e-05
    5.750000   2.05658157 -1.0530728083354224e-05
    5.750000   2.12135212 -1.0910971215413250e-05
    5.750000   2.18612229 -1.1348434267694256e-05
    5.750000   2.25089198 -1.1843782591288517e-05
    5.750000   2.31566107 -1.2396062625795742e-05
    5.750000   2.38042940 -1.3002136801744256e-05
    5.750000   2.44519674 -1.3656126534669891e-05
    5.750000   2.50996278 -1.4348929123571616e-05
    5.750000   2.57472706 -1.5067890615668559e-05
    5.750000   2.63948889 -1.5796724760074376e-05
    5.750000   2.70424717 -1.6515762611371527e-05
    5.750000   2.76900006 -1.7202593832352560e-05
    5.750000   2.83374417 -1.7833117896352098e-05
    5.750000   2.89847256 -1.8382964448269106e-05
    5.750000   2.96316844 -1.8829175878307461e-05
    5.750000   3.02777863 -1.9151987123643934e-05
    5.750000   3.09200950 -1.9336541887245060e-05
    5.800000   0.04958315 -1.8040024084764267e-05
    5.800000   0.11381403 -1.7871075113460704e-05
    5.800000   0.17842421 -1.7575480578613404e-05
    5.800000   0.24312010 -1.7166716922167768e-05
    5.800000   0.30784849 -1.6662726417995737e-05
    5.800000   0.37259260 -1.6084369738036795e-05
    5.800000   0.43734549 -1.5453820029052280e-05
    5.800000   0.50210377 -1.4793042070223787e-05
    5.800000   0.56686560 -1.4122505007864057e-05
    5.800000   0.63162987 -1.3460225480350506e-05
    5.800000   0.69639591 -1.2821178754240754e-05
    5.800000   0.76116325 -1.2217062622867305e-05
    5.800000   0.82593158 -1.1656360199471512e-05
    5.800000   0.89070068 -1.1144626330572800e-05
    5.800000   0.95547037 -1.0684916994463010e-05
    5.800000   1.02024053 -1.0278287928788119e-05
    5.800000   1.08501108 -9.9243030325110175e-06
    5.800000   1.14978193 -9.6215102856819531e-06
    5.800000   1.21455301 -9.3678595642000522e-06
    5.800000   1.27932429 -9.1610506531217770e-06
    5.800000   1.34409571 -8.9988100370990080e-06
    5.800000   1.40886724 -8.8791016128438843e-06
    5.800000   1.47363885 -8.8002798004680397e-06
    5.800000   1.53841049 -8.7611943313348931e-06
    5.800000   1.60318216 -8.7612549814850190e-06
    5.800000   1.66795381 -8.8004623276465988e-06
    5.800000   1.73272541 -8.8794077202575185e-06
    5.800000   1.79749694 -8.9992424726850591e-06
    5.800000   1.86226837 -9.1616130707580198e-06
    5.800000   1.92703964 -9.3685563247387152e-06
    5.800000   1.99181073 -9.6223461948077660e-06
    5.800000   2.05658157 -9.9252830141528887e-06
    5.800000   2.12135212 -1.0279416636629649e-05
    5.800000   2.18612229 -1.0686198370462047e-05
    5.800000   2.25089198 -1.1146063128409221e-05
    5.800000   2.31566107 -1.1657953501922460e-05
    5.800000   2.38042940 -1.2218811393779926e-05
    5.800000   2.44519674 -1.2823079475404785e-05
    5.800000   2.50996278 -1.3462271927598151e-05
    5.800000   2.57472706 -1.4124688215287985e-05
    5.800000   2.63948889 -1.4795350513567369e-05
    5.800000   2.70424717 -1.5456240028715710e-05
    5.800000   2.76900006 -1.6086886042389078e-05
    5.800000   2.83374417 -1.6665322886924490e-05
    5.800000   2.89847256 -1.7169377200495073e-05
    5.800000   2.96316844 -1.7578188640830272e-05
    5.800000   3.02777863 -1.7873815582817014e-05
    5.800000   3.09200950 -1.8042782284021274e-05
    5.850000   0.04958315 -1.6841697719595292e-05
    5.850000   0.11381403 -1.6686915155577901e-05
    5.850000   0.17842421 -1.6416029785414230e-05
    5.850000   0.24312010 -1.6041269736362841e-05
    5.850000   0.30784849 -1.5578927843274789e-05
    5.850000   0.37259260 -1.5047966592375874e-05
    5.850000   0.43734549 -1.4468569192181380e-05
    5.850000   0.50210377 -1.3860764824724169e-05
    5.850000   0.56686560 -1.3243261707731903e-05
    5.850000   0.63162987 -1.2632575635651555e-05
    5.850000   0.69639591 -1.2042488787046436e-05
    5.850000   0.76116325 -1.1483826180932759e-05
    5.850000   0.82593158 -1.0964502354689745e-05
    5.850000   0.89070068 -1.0489771331168842e-05
    5.850000   0.95547037 -1.0062607772484900e-05
    5.850000   1.02024053 -9.6841530450276846e-06
    5.850000   1.08501108 -9.3541724789513286e-06
    5.850000   1.14978193 -9.0714853636584765e-06
    5.850000   1.21455301 -8.8343440744316394e-06
    5.850000   1.27932429 -8.6407512337130543e-06
    5.850000   1.34409571 -8.4887130995782464e-06
    5.850000   1.40886724 -8.3764333645605091e-06
    5.850000   1.47363885 -8.3024546429915310e-06
    5.850000   1.53841049 -8.2657557401232929e-06
    5.850000   1.60318216 -8.2658119714767102e-06
    5.850000   1.66795381 -8.3026238964795242e-06
    5.850000   1.73272541 -8.3767172922658254e-06
    5.850000   1.79749694 -8.4891143669922656e-06
    5.850000   1.86226837 -8.6412733856613321e-06
    5.850000   1.92703964 -8.8349913437860057e-06
    5.850000   1.99181073 -9.0722624207506660e-06
    5.850000   2.05658157 -9.3550841213013869e-06
    5.850000   2.12135212 -9.6852038305319576e-06
    5.850000   2.18612229 -1.0063801604960947e-05
    5.850000   2.25089198 -1.0491111015141366e-05
    5.850000   2.31566107 -1.0965989146024832e-05
    5.850000   2.38042940 -1.1485459370029179e-05
    5.850000   2.44519674 -1.2044265359502065e-05
    5.850000   2.50996278 -1.2634490058522906e-05
    5.850000   2.57472706 -1.3245305884418119e-05
    5.850000   2.63948889 -1.3862928245673806e-05
    5.850000   2.70424717 -1.4470839281807953e-05
    5.850000   2.76900006 -1.5050329218002997e-05
    5.850000   2.83374417 -1.5581367916676375e-05
    5.850000   2.89847256 -1.6043771812376782e-05
    5.850000   2.96316844 -1.6418578555122045e-05
    5.850000   3.02777863 -1.6689495750167611e-05
    5.850000   3.09200950 -1.6844295788181315e-05
    5.900000   0.04958315 -1.5731003595127978e-05
    5.900000   0.11381403 -1.5589095339602674e-05
    5.900000   0.17842421 -1.5340669639420844e-05
    5.900000   0.24312010 -1.4996826615132629e-05
    5.900000   0.30784849 -1.4572367933613171e-05
    5.900000   0.37259260 -1.4084538943679340e-05
    5.900000   0.43734549 -1.3551721170225804e-05
    5.900000   0.50210377 -1.2992189323093898e-05
    5.900000   0.56686560 -1.2423053079410910e-05
    5.900000   0.63162987 -1.1859463047632391e-05
    5.900000   0.69639591 -1.1314113094078970e-05
    5.900000   0.76116325 -1.0797028712325920e-05
    5.900000   0.82593158 -1.0315599736413620e-05
    5.900000   0.89070068 -9.8747979205779272e-06
    5.900000   0.95547037 -9.4775149329604166e-06
    5.900000   1.02024053 -9.1249612157027997e-06
    5.900000   1.08501108 -8.8170771749728693e-06
    5.900000   1.14978193 -8.5529216908053077e-06
    5.900000   1.21455301 -8.3310161945442869e-06
    5.900000   1.27932429 -8.1496337937634392e-06
    5.900000   1.34409571 -8.0070313217946704e-06
    5.900000   1.40886724 -7.9016276548045623e-06
    5.900000   1.47363885 -7.8321345140997902e-06
    5.900000   1.53841049 -7.7976467930753600e-06
    5.900000   1.60318216 -7.7976987839392158e-06
    5.900000   1.66795381 -7.8322910304626691e-06
    5.900000   1.73272541 -7.9018903025424664e-06
    5.900000   1.79749694 -8.0074026920712387e-06
    5.900000   1.86226837 -8.1501173334677182e-06
    5.900000   1.92703964 -8.3316160222321894e-06
    5.900000   1.99181073 -8.5536423568259364e-06
    5.900000   2.05658157 -8.8179233661242150e-06
    5.900000   2.12135212 -9.1259374080460942e-06
    5.900000   2.18612229 -9.4786250016234702e-06
    5.900000   2.25089198 -9.8760447224898444e-06
    5.900000   2.31566107 -1.0316984690459328e-05
    5.900000   2.38042940 -1.0798551410179324e-05
    5.900000   2.44519674 -1.1315770981963043e-05
    5.900000   2.50996278 -1.1861251221777590e-05
    5.900000   2.57472706 -1.2424964233227341e-05
    5.900000   2.63948889 -1.2994213869977822e-05
    5.900000   2.70424717 -1.3553847542370062e-05
    5.900000   2.76900006 -1.4086754037139099e-05
    5.900000   2.83374417 -1.4574657639302864e-05
    5.900000   2.89847256 -1.4999176352892677e-05
    5.900000   2.96316844 -1.5343064806326096e-05
    5.900000   3.02777863 -1.5591521599743669e-05
    5.900000   3.09200950 -1.5733446979156745e-05
    5.950000   0.04958315 -1.4700917603806506e-05
    5.950000   0.11381403 -1.4570710672780564e-05
    5.950000   0.17842421 -1.4342702425547631e-05
    5.950000   0.24312010 -1.4026974043742843e-05
    5.950000   0.30784849 -1.3636979524831749e-05
    5.950000   0.37259260 -1.3188411254611022e-05
    5.950000   0.43734549 -1.2698019820768419e-05
    5.950000   0.50210377 -1.2182489791922807e-05
    5.950000   0.56686560 -1.1657479700296506e-05
    5.950000   0.63162987 -1.1136898177727441e-05
    5.950000   0.69639591 -1.0632446024807965e-05
    5.950000   0.76116325 -1.0153415890999522e-05
    5.950000   0.82593158 -9.7067129525365261e-06
    5.950000   0.89070068 -9.2970437654146806e-06
    5.950000   0.95547037 -8.9272156936677516e-06
    5.950000   1.02024053 -8.5984934125424197e-06
    5.950000   1.08501108 -8.3109686253062860e-06
    5.950000   1.14978193 -8.0639111142046197e-06
    5.950000   1.21455301 -7.8560810747298584e-06
    5.950000   1.27932429 -7.6859927664474070e-06
    5.950000   1.34409571 -7.5521271044944954e-06
    5.950000   1.40886724 -7.4530958033561595e-06
    5.950000   1.47363885 -7.3877623544258351e-06
    5.950000   1.53841049 -7.3553259406227388e-06
    5.950000   1.60318216 -7.3553738668183471e-06
    5.950000   1.66795381 -7.3879066624546854e-06
    5.950000   1.73272541 -7.4533380568573170e-06
    5.950000   1.79749694 -7.5524698268574478e-06
    5.950000   1.86226837 -7.6864393155964630e-06
    5.950000   1.92703964 -7.8566354659184595e-06
    5.950000   1.99181073 -8.0645777901419144e-06
    5.950000   2.05658157 -8.3117521745660426e-06
    5.950000   2.12135212 -8.5993982402571623e-06
    5.950000   2.18612229 -8.9282456532362983e-06
    5.950000   2.25089198 -9.2982017662994025e-06
    5.950000   2.31566107 -9.7080005667521515e-06
    5.950000   2.38042940 -1.0154832988538057e-05
    5.950000   2.44519674 -1.0633990474184508e-05
    5.950000   2.50996278 -1.1138565649808999e-05
    5.950000   2.57472706 -1.1659263609119904e-05
    5.950000   2.63948889 -1.2184381393631358e-05
    5.950000   2.70424717 -1.2700008471067206e-05
    5.950000   2.76900006 -1.3190484798812329e-05
    5.950000   2.83374417 -1.3639124767988131e-05
    5.950000   2.89847256 -1.4029177228845209e-05
    5.950000   2.96316844 -1.4344949642617147e-05
    5.950000   3.02777863 -1.4572988135562056e-05
    5.950000   3.09200950 -1.4703211766590689e-05
    6.000000   0.04958315 -1.3744988552835139e-05
    6.000000   0.11381403 -1.3625419194339982e-05
    6.000000   0.17842421 -1.3415976236425025e-05
    6.000000   0.24312010 -1.3125820642336069e-05
    6.000000   0.30784849 -1.2767188646515638e-05
    6.000000   0.37259260 -1.2354368330324226e-05
    6.000000   0.43734549 -1.1902634004196443e-05
    6.000000   0.50210377 -1.1427229010593957e-05
    6.000000   0.56686560 -1.0942494385671620e-05
    6.000000   0.63162987 -1.0461208595109625e-05
    6.000000   0.69639591 -9.9941659104302692e-06
    6.000000   0.76116325 -9.5499868323277083e-06
    6.000000   0.82593158 -9.1351284560535349e-06
    6.000000   0.89070068 -8.7540478899615085e-06
    6.000000   0.95547037 -8.4094672613937452e-06
    6.000000   1.02024053 -8.1026922421010501e-06
    6.000000   1.08501108 -7.8339444500267262e-06
    6.000000   1.14978193 -7.6026786900367482e-06
    6.000000   1.21455301 -7.4078665456211800e-06
    6.000000   1.27932429 -7.2482368855395703e-06
    6.000000   1.34409571 -7.1224707113514756e-06
    6.000000   1.40886724 -7.0293523232884909e-06
    6.000000   1.47363885 -6.9678812613723755e-06
    6.000000   1.53841049 -6.9373502948516088e-06
    6.000000   1.60318216 -6.9373943297123504e-06
    6.000000   1.66795381 -6.9680138821311870e-06
    6.000000   1.73272541 -7.0295750545300833e-06
    6.000000   1.79749694 -7.1227860139447896e-06
    6.000000   1.86226837 -7.2486480356285342e-06
    6.000000   1.92703964 -7.4083774639531333e-06
    6.000000   1.99181073 -7.6032937214857362e-06
    6.000000   2.05658157 -7.8346680947513405e-06
    6.000000   2.12135212 -8.1035288426317653e-06
    6.000000   2.18612229 -8.4104206542345076e-06
    6.000000   2.25089198 -8.7551210359813847e-06
    6.000000   2.31566107 -9.1363230705962851e-06
    6.000000   2.38042940 -9.5513030426210557e-06
    6.000000   2.44519674 -9.9956019729473517e-06
    6.000000   2.50996278 -1.0462760707054251e-05
    6.000000   2.57472706 -1.0944156620583770e-05
    6.000000   2.63948889 -1.1428993396833211e-05
    6.000000   2.70424717 -1.1904490746752417e-05
    6.000000   2.76900006 -1.2356306153344616e-05
    6.000000   2.83374417 -1.2769195210771109e-05
    6.000000   2.89847256 -1.3127882974893271e-05
    6.000000   2.96316844 -1.3418081105323818e-05
    6.000000   3.02777863 -1.3627553373064391e-05
    6.000000   3.09200950 -1.3747138950691272e-05
    6.050000   0.04958315 -1.2857299123341443e-05
    6.050000   0.11381403 -1.2747403444607497e-05
    6.050000   0.17842421 -1.2554847340391648e-05
    6.050000   0.24312010 -1.2287960790563116e-05
    6.050000   0.30784849 -1.1957879717015382e-05
    6.050000   0.37259260 -1.1577622342735935e-05
    6.050000   0.43734549 -1.1161126633464252e-05
    6.050000   0.50210377 -1.0722329516000508e-05
    6.050000   0.56686560 -1.0274375611209062e-05
    6.050000   0.63162987 -9.8290146173453491e-06
    6.050000   0.69639591 -9.3962128680422572e-06
    6.050000   0.76116325 -8.9839739608617953e-06
    6.050000   0.82593158 -8.5983403418318397e-06
    6.050000   0.89070068 -8.2435342432695781e-06
    6.050000   0.95547037 -7.9221919960562247e-06
    6.050000   1.02024053 -7.6356485268700869e-06
    6.050000   1.08501108 -7.3842362019788862e-06
    6.050000   1.14978193 -7.1675715602557082e-06
    6.050000   1.21455301 -6.9848128833628882e-06
    6.050000   1.27932429 -6.8348796754756425e-06
    6.050000   1.34409571 -6.7166313281778324e-06
    6.050000   1.40886724 -6.6290064003611392e-06
    6.050000   1.47363885 -6.5711262453164082e-06
    6.050000   1.53841049 -6.5423675230658241e-06
    6.050000   1.60318216 -6.5424078373497498e-06
    6.050000   1.66795381 -6.5712476919270481e-06
    6.050000   1.73272541 -6.6292104673599822e-06
    6.050000   1.79749694 -6.7169204180922336e-06
    6.050000   1.86226837 -6.8352569883720599e-06
    6.050000   1.92703964 -6.9852822524384482e-06
    6.050000   1.99181073 -7.1681372402371485e-06
    6.050000   2.05658157 -7.3849026121728303e-06
    6.050000   2.12135212 -7.6364199533640634e-06
    6.050000   2.18612229 -7.9230722614937284e-06
    6.050000   2.25089198 -8.2445263577282088e-06
    6.050000   2.31566107 -8.5994461542283589e-06
    6.050000   2.38042940 -8.9851938361150542e-06
    6.050000   2.44519674 -9.3975454195720555e-06
    6.050000   2.50996278 -9.8304565255970014e-06
    6.050000   2.57472706 -1.0275921555021391e-05
    6.050000   2.63948889 -1.0723972233531386e-05
    6.050000   2.70424717 -1.1162857113207778e-05
    6.050000   2.76900006 -1.1579430124899553e-05
    6.050000   2.83374417 -1.1959753265270262e-05
    6.050000   2.89847256 -1.2289887879422684e-05
    6.050000   2.96316844 -1.2556815399553568e-05
    6.050000   3.02777863 -1.2749399811962576e-05
    6.050000   3.09200950 -1.2859311185789117e-05
    6.100000   0.04958315 -1.2032427173315590e-05
    6.100000   0.11381403 -1.1931332330944973e-05
    6.100000   0.17842421 -1.1754143035337118e-05
    6.100000   0.24312010 -1.1508438853248709e-05
    6.100000   0.30784849 -1.1204361468836681e-05
    6.100000   0.37259260 -1.0853780716397871e-05
    6.100000   0.43734549 -1.0469424707507211e-05
    6.100000   0.50210377 -1.0064045895215859e-05
    6.100000   0.56686560 -9.6497021044320750e-06
    6.100000   0.63162987 -9.2372061751966034e-06
    6.100000   0.69639591 -8.8357678584941085e-06
    6.100000   0.76116325 -8.4528241378194285e-06
    6.100000   0.82593158 -8.0940333892271834e-06
    6.100000   0.89070068 -7.7633964825183001e-06
    6.100000   0.95547037 -7.4634637502350379e-06
    6.100000   1.02024053 -7.1955890139348728e-06
    6.100000   1.08501108 -6.9601982607068125e-06
    6.100000   1.14978193 -6.7570488548559262e-06
    6.100000   1.21455301 -6.5854635522456868e-06
    6.100000   1.27932429 -6.4445308760168852e-06
    6.100000   1.34409571 -6.3332690205543880e-06
    6.100000   1.40886724 -6.2507542426854294e-06
    6.100000   1.47363885 -6.1962168368609105e-06
    6.100000   1.53841049 -6.1691085826590365e-06
    6.100000   1.60318216 -6.1691453444031912e-06
    6.100000   1.66795381 -6.1963276141020021e-06
    6.100000   1.73272541 -6.2509404889627555e-06
    6.100000   1.79749694 -6.3335330833493768e-06
    6.100000   1.86226837 -6.4448758838037392e-06
    6.100000   1.92703964 -6.5858932561064195e-06
    6.100000   1.99181073 -6.7575674253075172e-06
    6.100000   2.05658157 -6.9608100419006084e-06
    6.100000   2.12135212 -7.1962982398727024e-06
    6.100000   2.18612229 -7.4642742312360300e-06
    6.100000   2.25089198 -7.7643112747722462e-06
    6.100000   2.31566107 -8.0950544655000265e-06
    6.100000   2.38042940 -8.4539520824681385e-06
    6.100000   2.44519674 -8.8370016136581176e-06
    6.100000   2.50996278 -9.2385428658436953e-06
    6.100000   2.57472706 -9.6511369663115576e-06
    6.100000   2.63948889 -1.0065572320701418e-05
    6.100000   2.70424717 -1.0471034409949838e-05
    6.100000   2.76900006 -1.0855463995764940e-05
    6.100000   2.83374417 -1.1206107543664240e-05
    6.100000   2.89847256 -1.1510236211022376e-05
    6.100000   2.96316844 -1.1755979749973475e-05
    6.100000   3.02777863 -1.1933196305004867e-05
    6.100000   3.09200950 -1.2034306286648393e-05
    6.150000   0.04958315 -1.1265408061496759e-05
    6.150000   0.11381403 -1.1172324041267086e-05
    6.150000   0.17842421 -1.1009125593999133e-05
    6.150000   0.24312010 -1.0782714552474515e-05
    6.150000   0.30784849 -1.0502334079103656e-05
    6.150000   0.37259260 -1.0178815274374149e-05
    6.150000   0.43734549 -9.8237906494475317e-06
    6.150000   0.50210377 -9.4489384129573567e-06
    6.150000   0.56686560 -9.0653287835811325e-06
    6.150000   0.63162987 -8.6829210194804384e-06
    6.150000   0.69639591 -8.3102330641055684e-06
    6.150000   0.76116325 -7.9541810717718703e-06
    6.150000   0.82593158 -7.6200673398505662e-06
    6.150000   0.89070068 -7.3116839355131458e-06
    6.150000   0.95547037 -7.0314953272313383e-06
    6.150000   1.02024053 -6.7808651400790510e-06
    6.150000   1.08501108 -6.5602977220021020e-06
    6.150000   1.14978193 -6.3696725324657056e-06
    6.150000   1.21455301 -6.2084568337454749e-06
    6.150000   1.27932429 -6.0758887082140222e-06
    6.150000   1.34409571 -5.9711274955481944e-06
    6.150000   1.40886724 -5.8933722059614722e-06
    6.150000   1.47363885 -5.8419504503759138e-06
    6.150000   1.53841049 -5.8163812025670971e-06
    6.150000   1.60318216 -5.8164145769025715e-06
    6.150000   1.66795381 -5.8420510541672391e-06
    6.150000   1.73272541 -5.8935414597946136e-06
    6.150000   1.79749694 -5.9713676944334505e-06
    6.150000   1.86226837 -6.0762029125226591e-06
    6.150000   1.92703964 -6.2088487166364553e-06
    6.150000   1.99181073 -6.3701461847480182e-06
    6.150000   2.05658157 -6.5608574168345204e-06
    6.150000   2.12135212 -6.7815150622496003e-06
    6.150000   2.18612229 -7.0322392750385888e-06
    6.150000   2.25089198 -7.3125250074311402e-06
    6.150000   2.31566107 -7.6210076228225023e-06
    6.150000   2.38042940 -7.9552213524407553e-06
    6.150000   2.44519674 -8.3113725874664309e-06
    6.150000   2.50996278 -8.6841573200031450e-06
    6.150000   2.57472706 -9.0666576104582983e-06
    6.150000   2.63948889 -9.4503537629795266e-06
    6.150000   2.70424717 -9.8252849082165106e-06
    6.150000   2.76900006 -1.0180379450824588e-05
    6.150000   2.83374417 -1.0503958102695165e-05
    6.150000   2.89847256 -1.0784387591091924e-05
    6.150000   2.96316844 -1.1010836347543710e-05
    6.150000   3.02777863 -1.1174060973654775e-05
    6.150000   3.09200950 -1.1267159554944649e-05
    6.200000   0.04958315 -1.0551698464686958e-05
    6.200000   0.11381403 -1.0465910457961912e-05
    6.200000   0.17842421 -1.0315457719945405e-05
    6.200000   0.24312010 -1.0106629860549242e-05
    6.200000   0.30784849 -9.8478578271044796e-06
    6.200000   0.37259260 -9.5490329096210372e-06
    6.200000   0.43734549 -9.2207951580214260e-06
    6.200000   0.50210377 -8.8738481275584093e-06
    6.200000   0.56686560 -8.5183641474744461e-06
    6.200000   0.63162987 -8.1635243294666545e-06
    6.200000   0.69639591 -7.8172136083557739e-06
    6.200000   0.76116325 -7.4858690040704134e-06
    6.200000   0.82593158 -7.1744623779273011e-06
    6.200000   0.89070068 -6.8865886914566990e-06
    6.200000   0.95547037 -6.6246269934685846e-06
    6.200000   1.02024053 -6.3899427799089264e-06
    6.200000   1.08501108 -6.1831052036334846e-06
    6.200000   1.14978193 -6.0040990762451841e-06
    6.200000   1.21455301 -5.8525182571048812e-06
    6.200000   1.27932429 -5.7277328961175869e-06
    6.200000   1.34409571 -5.6290275819667007e-06
    6.200000   1.40886724 -5.5557106090296172e-06
    6.200000   1.47363885 -5.5071964189061041e-06
    6.200000   1.53841049 -5.4830640265818572e-06
    6.200000   1.60318216 -5.4830941755322838e-06
    6.200000   1.66795381 -5.5072873357274998e-06
    6.200000   1.73272541 -5.5558636825722400e-06
    6.200000   1.79749694 -5.6292450567665650e-06
    6.200000   1.86226837 -5.7280177671276951e-06
    6.200000   1.92703964 -5.8528741227452952e-06
    6.200000   1.99181073 -6.0045299509476167e-06
    6.200000   2.05658157 -6.1836152924798462e-06
    6.200000   2.12135212 -6.3905362201400736e-06
    6.200000   2.18612229 -6.6253075706675831e-06
    6.200000   2.25089198 -6.8873595419775556e-06
    6.200000   2.31566107 -7.1753256932996181e-06
    6.200000   2.38042940 -7.4868257570356849e-06
    6.200000   2.44519674 -7.8182633229275044e-06
    6.200000   2.50996278 -8.1646649177494781e-06
    6.200000   2.57472706 -8.5195918328244923e-06
    6.200000   2.63948889 -8.8751574662999333e-06
    6.200000   2.70424717 -9.2221791605440249e-06
    6.200000   2.76900006 -9.5504832477323271e-06
    6.200000   2.83374417 -9.8493651007685826e-06
    6.200000   2.89847256 -1.0108183887165407e-05
    6.200000   2.96316844 -1.0317047806588826e-05
    6.200000   3.02777863 -1.0467525623686200e-05
    6.200000   3.09200950 -1.0553327598616446e-05
    6.250000   0.04958315 -9.8871420023023953e-06
    6.250000   0.11381403 -9.8080033716409367e-06
    6.250000   0.17842421 -9.6691697891286153e-06
    6.250000   0.24312010 -9.4763776561244993e-06
    6.250000   0.30784849 -9.2373234829924845e-06
    6.250000   0.37259260 -8.9610479449557510e-06
    6.250000   0.43734549 -8.6572916940796895e-06
    6.250000   0.50210377 -8.3358735779889341e-06
    6.250000   0.56686560 -8.0061491631220998e-06
    6.250000   0.63162987 -7.6765897383623642e-06
    6.250000   0.69639591 -7.3545006069425727e-06
    6.250000   0.76116325 -7.0458776373682144e-06
    6.250000   0.82593158 -6.7553857653567945e-06
    6.250000   0.89070068 -6.4864337601330705e-06
    6.250000   0.95547037 -6.2413159770353074e-06
    6.250000   1.02024053 -6.0213929034171559e-06
    6.250000   1.08501108 -5.8272864905633692e-06
    6.250000   1.14978193 -5.6590719669640869e-06
    6.250000   1.21455301 -5.5164537530419060e-06
    6.250000   1.27932429 -5.3989183662157808e-06
    6.250000   1.34409571 -5.3058613518395117e-06
    6.250000   1.40886724 -5.2366881632097030e-06
    6.250000   1.47363885 -5.1908906245589575e-06
    6.250000   1.53841049 -5.1681013429892054e-06
    6.250000   1.60318216 -5.1681284252585812e-06
    6.250000   1.66795381 -5.1909723308387262e-06
    6.250000   1.73272541 -5.2368258515563773e-06
    6.250000   1.79749694 -5.3060572178469745e-06
    6.250000   1.86226837 -5.3991753414589421e-06
    6.250000   1.92703964 -5.5167753635750235e-06
    6.250000   1.99181073 -5.6594621532365153e-06
    6.250000   2.05658157 -5.8277493914922102e-06
    6.250000   2.12135212 -6.0219326093929580e-06
    6.250000   2.18612229 -6.2419362594427685e-06
    6.250000   2.25089198 -6.4871377883682429e-06
    6.250000   2.31566107 -6.7561758260598844e-06
    6.250000   2.38042940 -7.0467548740575123e-06
    6.250000   2.44519674 -7.3554648005723693e-06
    6.250000   2.50996278 -7.6776391495182059e-06
    6.250000   2.57472706 -8.0072804536262815e-06
    6.250000   2.63948889 -8.3370818230220246e-06
    6.250000   2.70424717 -8.6585704857527683e-06
    6.250000   2.76900006 -8.9623895758840270e-06
    6.250000   2.83374417 -9.2387191862675007e-06
    6.250000   2.89847256 -9.4778178692770497e-06
    6.250000   2.96316844 -9.6706444072027687e-06
    6.250000   3.02777863 -9.8095019602591931e-06
    6.250000   3.09200950 -9.8886539580259496e-06
    6.300000   0.04958315 -9.2679368599547313e-06
    6.300000   0.11381403 -9.1948626762780982e-06
    6.300000   0.17842421 -9.0666290411188721e-06
    6.300000   0.24312010 -8.8884722843841662e-06
    6.300000   0.30784849 -8.6674245415692529e-06
    6.300000   0.37259260 -8.4117562666698134e-06
    6.300000   0.43734549 -8.1303926583346343e-06
    6.300000   0.50210377 -7.8323490707727811e-06
    6.300000   0.56686560 -7.5262376553398160e-06
    6.300000   0.63162987 -7.2198817589684757e-06
    6.300000   0.69639591 -6.9200555158933052e-06
    6.300000   0.76116325 -6.6323482592668635e-06
    6.300000   0.82593158 -6.3611395733489465e-06
    6.300000   0.89070068 -6.1096622343060416e-06
    6.300000   0.95547037 -5.8801268826630800e-06
    6.300000   1.02024053 -5.6738830708174772e-06
    6.300000   1.08501108 -5.4915949465851475e-06
    6.300000   1.14978193 -5.3334148603643349e-06
    6.300000   1.21455301 -5.1991434585360675e-06
    6.300000   1.27932429 -5.0883695537477372e-06
    6.300000   1.34409571 -5.0005868135546104e-06
    6.300000   1.40886724 -4.9352869469787752e-06
    6.300000   1.47363885 -4.8920306567319849e-06
    6.300000   1.53841049 -4.8704983333265583e-06
    6.300000   1.60318216 -4.8705225040912268e-06
    6.300000   1.66795381 -4.8921036182426151e-06
    6.300000   1.73272541 -4.9354100272203186e-06
    6.300000   1.79749694 -5.0007621603473957e-06
    6.300000   1.86226837 -5.0886000368201663e-06
    6.300000   1.92703964 -5.1994325333092398e-06
    6.300000   1.99181073 -5.3337663949541838e-06
    6.300000   2.05658157 -5.4920130148592430e-06
    6.300000   2.12135212 -5.6743717162566363e-06
    6.300000   2.18612229 -5.8806898603602257e-06
    6.300000   2.25089198 -6.1103027415507089e-06
    6.300000   2.31566107 -6.3618599825782049e-06
    6.300000   2.38042940 -6.6331498702440521e-06
    6.300000   2.44519674 -6.9209383459827723e-06
    6.300000   2.50996278 -7.2208443904367766e-06
    6.300000   2.57472706 -7.5272771558684241e-06
    6.300000   2.63948889 -7.8334609973365206e-06
    6.300000   2.70424717 -8.1315711454819042e-06
    6.300000   2.76900006 -8.4129941892283624e-06
    6.300000   2.83374417 -8.6687137310237665e-06
    6.300000   2.89847256 -8.8898037703603726e-06
    6.300000   2.96316844 -9.0679932871747024e-06
    6.300000   3.02777863 -9.1962497841396303e-06
    6.300000   3.09200950 -9.2693367308571401e-06
    6.350000   0.04958315 -8.6906055111448152e-06
    6.350000   0.11381403 -8.6230666377703160e-06
    6.350000   0.17842421 -8.5045108000715606e-06
    6.350000   0.24312010 -8.3397220855297780e-06
    6.350000   0.30784849 -8.1351313469962990e-06
    6.350000   0.37259260 -7.8983112581401554e-06
    6.350000   0.43734549 -7.6374472674165407e-06
    6.350000   0.50210377 -7.3608245558497944e-06
    6.350000   0.56686560 -7.0763781714587973e-06
    6.350000   0.63162987 -6.7913395692066095e-06
    6.350000   0.69639591 -6.5119957257716734e-06
    6.350000   0.76116325 -6.2435610021738844e-06
    6.350000   0.82593158 -5.9901494462286358e-06
    6.350000   0.89070068 -5.7548273875674874e-06
    6.350000   0.95547037 -5.5397229537910545e-06
    6.350000   1.02024053 -5.3461696950673379e-06
    6.350000   1.08501108 -5.1748646235181041e-06
    6.350000   1.14978193 -5.0260254013047099e-06
    6.350000   1.21455301 -4.8995361068787261e-06
    6.350000   1.27932429 -4.7950752518291599e-06
    6.350000   1.34409571 -4.7122231142042164e-06
    6.350000   1.40886724 -4.6505478648873879e-06
    6.350000   1.47363885 -4.6096714380631845e-06
    6.350000   1.53841049 -4.5893167806353312e-06
    6.350000   1.60318216 -4.5893381913443506e-06
    6.350000   1.66795381 -4.6097361093415301e-06
    6.350000   1.73272541 -4.6506570952025452e-06
    6.350000   1.79749694 -4.7123790044878271e-06
    6.350000   1.86226837 -4.7952806110981132e-06
    6.350000   1.92703964 -4.8997943211538230e-06
    6.350000   1.99181073 -5.0263402674392070e-06
    6.350000   2.05658157 -5.1752401508294394e-06
    6.350000   2.12135212 -5.3466098794773511e-06
    6.350000   2.18612229 -5.5402315315564990e-06
    6.350000   2.25089198 -5.7554075785271054e-06
    6.350000   2.31566107 -5.9908036995026330e-06
    6.350000   2.38042940 -6.2442907599753065e-06
    6.350000   2.44519674 -6.5128012227237728e-06
    6.350000   2.50996278 -6.7922196845166450e-06
    6.350000   2.57472706 -7.0773303487458713e-06
    6.350000   2.63948889 -7.3618447999497738e-06
    6.350000   2.70424717 -7.6385302193000608e-06
    6.350000   2.76900006 -7.8994503392622582e-06
    6.350000   2.83374417 -8.1363189548073489e-06
    6.350000   2.89847256 -8.3409498149314446e-06
    6.350000   2.96316844 -8.5057696635466925e-06
    6.350000   3.02777863 -8.6243472611635730e-06
    6.350000   3.09200950 -8.6918982949055863e-06
    6.400000   0.04958315 -8.1519665665797145e-06
    6.400000   0.11381403 -8.0894842608556908e-06
    6.400000   0.17842421 -7.9797717426059077e-06
    6.400000   0.24312010 -7.8272038985459811e-06
    6.400000   0.30784849 -7.6376671037120891e-06
    6.400000   0.37259260 -7.4181015164549780e-06
    6.400000   0.43734549 -7.1760210993108365e-06
    6.400000   0.50210377 -6.9190470515677906e-06
    6.400000   0.56686560 -6.6544972720052108e-06
    6.400000   0.63162987 -6.3890621009279954e-06
    6.400000   0.69639591 -6.1285813398872698e-06
    6.400000   0.76116325 -5.8779231736305874e-06
    6.400000   0.82593158 -5.6409543297200751e-06
    6.400000   0.89070068 -5.4205836394142532e-06
    6.400000   0.95547037 -5.2188581140613095e-06
    6.400000   1.02024053 -5.0370910058132134e-06
    6.400000   1.08501108 -4.8760040036295689e-06
    6.400000   1.14978193 -4.7358696125502438e-06
    6.400000   1.21455301 -4.6166439431018538e-06
    6.400000   1.27932429 -4.5180839456486855e-06
    6.400000   1.34409571 -4.4398461952789426e-06
    6.400000   1.40886724 -4.3815665363490185e-06
    6.400000   1.47363885 -4.3429212647544180e-06
    6.400000   1.53841049 -4.3236711843949319e-06
    6.400000   1.60318216 -4.3236899825894291e-06
    6.400000   1.66795381 -4.3429780885670520e-06
    6.400000   1.73272541 -4.3816626551577036e-06
    6.400000   1.79749694 -4.4399836637959454e-06
    6.400000   1.86226837 -4.5182655130151934e-06
    6.400000   1.92703964 -4.6168729267901276e-06
    6.400000   1.99181073 -4.7361497387769554e-06
    6.400000   2.05658157 -4.8763392171933908e-06
    6.400000   2.12135212 -5.0374852539937410e-06
    6.400000   2.18612229 -5.2193151114134321e-06
    6.400000   2.25089198 -5.4211066228819122e-06
    6.400000   2.31566107 -5.6415458162342227e-06
    6.400000   2.38042940 -5.8785847347560123e-06
    6.400000   2.44519674 -6.1293134095962474e-06
    6.400000   2.50996278 -6.3898638324499724e-06
    6.400000   2.57472706 -6.6553664573262691e-06
    6.400000   2.63948889 -6.9199801121771320e-06
    6.400000   2.70424717 -7.1770131494321369e-06
    6.400000   2.76900006 -7.4191464912088775e-06
    6.400000   2.83374417 -7.6387579361190762e-06
    6.400000   2.89847256 -7.8283327230672446e-06
    6.400000   2.96316844 -7.9809301010269076e-06
    6.400000   3.02777863 -8.0906632899469223e-06
    6.400000   3.09200950 -8.1531571583406232e-06
    6.450000   0.04958315 -7.6491087294026693e-06
    6.450000   0.11381403 -7.5912497299793782e-06
    6.450000   0.17842421 -7.4896251836446292e-06
    6.450000   0.24312010 -7.3482395054015832e-06
    6.450000   0.30784849 -7.1724857320706060e-06
    6.450000   0.37259260 -6.9687303037805453e-06
    6.450000   0.43734549 -6.7438772535613180e-06
    6.450000   0.50210377 -6.5049435587215086e-06
    6.450000   0.56686560 -6.2586841829687350e-06
    6.450000   0.63162987 -6.0112943646647064e-06
    6.450000   0.69639591 -5.7682030675242392e-06
    6.450000   0.76116325 -5.5339585877493587e-06
    6.450000   0.82593158 -5.3121970950149788e-06
    6.450000   0.89070068 -5.1056783203850351e-06
    6.450000   0.95547037 -4.9163697232464116e-06
    6.450000   1.02024053 -4.7455606523267395e-06
    6.450000   1.08501108 -4.5939903156088999e-06
    6.450000   1.14978193 -4.4619768013171874e-06
    6.450000   1.21455301 -4.3495381105415725e-06
    6.450000   1.27932429 -4.2564995798620450e-06
    6.450000   1.34409571 -4.1825848518363355e-06
    6.450000   1.40886724 -4.1274895660034791e-06
    6.450000   1.47363885 -4.0909382140567351e-06
    6.450000   1.53841049 -4.0727252354705676e-06
    6.450000   1.60318216 -4.0727415646172689e-06
    6.450000   1.66795381 -4.0909876209200064e-06
    6.450000   1.73272541 -4.1275732912039552e-06
    6.450000   1.79749694 -4.1827049043790962e-06
    6.450000   1.86226837 -4.2566586496237115e-06
    6.450000   1.92703964 -4.3497394470160145e-06
    6.450000   1.99181073 -4.4622240603820168e-06
    6.450000   2.05658157 -4.5942873772317157e-06
    6.450000   2.12135212 -4.7459114137542917e-06
    6.450000   2.18612229 -4.9167778742564020e-06
    6.450000   2.25089198 -5.1061471095687350e-06
    6.450000   2.31566107 -5.3127290985176568e-06
    6.450000   2.38042940 -5.5345554940560245e-06
    6.450000   2.44519674 -5.7688654931774882e-06
    6.450000   2.50996278 -6.0120217156212490e-06
    6.450000   2.57472706 -6.2594745740845782e-06
    6.450000   2.63948889 -6.5057937993266943e-06
    6.450000   2.70424717 -6.7447829004537907e-06
    6.450000   2.76900006 -6.9696857750869260e-06
    6.450000   2.83374417 -7.1734844677852839e-06
    6.450000   2.89847256 -7.3492741548445699e-06
    6.450000   2.96316844 -7.4906877983277011e-06
    6.450000   3.02777863 -7.5923319434578413e-06
    6.450000   3.09200950 -7.6502019157702006e-06
    6.500000   0.04958315 -7.1793667977720121e-06
    6.500000   0.11381403 -7.1257388642558062e-06
    6.500000   0.17842421 -7.0315183182486814e-06
    6.500000   0.24312010 -6.9003739510684395e-06
    6.500000   0.30784849 -6.7372515012361943e-06
    6.500000   0.37259260 -6.5479966633712445e-06
    6.500000   0.43734549 -6.3389590539943491e-06
    6.500000   0.50210377 -6.1166053899825887e-06
    6.500000   0.56686560 -5.8871767354707768e-06
    6.500000   0.63162987 -5.6564149364956139e-06
    6.500000   0.69639591 -5.4293711596100689e-06
    6.500000   0.76116325 -5.2102978271538031e-06
    6.500000   0.82593158 -5.0026159906180333e-06
    6.500000   0.89070068 -4.8089441722748846e-06
    6.500000   0.95547037 -4.6311719859044170e-06
    6.500000   1.02024053 -4.4705618871063174e-06
    6.500000   1.08501108 -4.3278643690941032e-06
    6.500000   1.14978193 -4.2034349317241319e-06
    6.500000   1.21455301 -4.0973444595568252e-06
    6.500000   1.27932429 -4.0094777127027527e-06
    6.500000   1.34409571 -3.9396171507501537e-06
    6.500000   1.40886724 -3.8875111528436121e-06
    6.500000   1.47363885 -3.8529268771822942e-06
    6.500000   1.53841049 -3.8356886098761616e-06
    6.500000   1.60318216 -3.8357026092268193e-06
    6.500000   1.66795381 -3.8529692849445283e-06
    6.500000   1.73272541 -3.8875831811472725e-06
    6.500000   1.79749694 -3.9397207632939439e-06
    6.500000   1.86226837 -4.0096155405511539e-06
    6.500000   1.92703964 -4.0975196845930560e-06
    6.500000   1.99181073 -4.2036511395526170e-06
    6.500000   2.05658157 -4.3281253742991848e-06
    6.500000   2.12135212 -4.4708715353030333e-06
    6.500000   2.18612229 -4.6315339389093836e-06
    6.500000   2.25089198 -4.8093616849235289e-06
    6.500000   2.31566107 -5.0030916899811321e-06
    6.500000   2.38042940 -5.2108335068472832e-06
    6.500000   2.44519674 -5.4299676030093292e-06
    6.500000   2.50996278 -5.6570717824521537e-06
    6.500000   2.57472706 -5.8878923980564655e-06
    6.500000   2.63948889 -6.1173770396689675e-06
    6.500000   2.70424717 -6.3397826616746138e-06
    6.500000   2.76900006 -6.5488671015558417e-06
    6.500000   2.83374417 -6.7381626899010463e-06
    6.500000   2.89847256 -6.9013190306287078e-06
    6.500000   2.96316844 -7.0324898304819395e-06
    6.500000   3.02777863 -7.1267289246306247e-06
    6.500000   3.09200950 -7.1803672515772993e-06
    6.550000   0.04958315 -6.7402996306035857e-06
    6.550000   0.11381403 -6.6905475021071169e-06
    6.550000   0.17842421 -6.6031113347057633e-06
    6.550000   0.24312010 -6.4813556543618192e-06
    6.550000   0.30784849 -6.3298203543501379e-06
    6.550000   0.37259260 -6.1538781156297902e-06
    6.550000   0.43734549 -5.9593742103132162e-06
    6.550000   0.50210377 -5.7522738326405076e-06
    6.550000   0.56686560 -5.5383485129550091e-06
    6.550000   0.63162987 -5.3229245299580712e-06
    6.550000   0.69639591 -5.1107053130469207e-06
    6.550000   0.76116325 -4.9056693653469896e-06
    6.550000   0.82593158 -4.7110368558359129e-06
    6.550000   0.89070068 -4.5292925213559913e-06
    6.550000   0.95547037 -4.3622499547346843e-06
    6.550000   1.02024053 -4.2111422760247247e-06
    6.550000   1.08501108 -4.0767258573209539e-06
    6.550000   1.14978193 -3.9593864160803271e-06
    6.550000   1.21455301 -3.8592397343082867e-06
    6.550000   1.27932429 -3.7762220152789202e-06
    6.550000   1.34409571 -3.7101671685702827e-06
    6.550000   1.40886724 -3.6608700002237056e-06
    6.550000   1.47363885 -3.6281353808244723e-06
    6.550000   1.53841049 -3.6118140450819482e-06
    6.550000   1.60318216 -3.6118258495537011e-06
    6.550000   1.66795381 -3.6281711943159312e-06
    6.550000   1.73272541 -3.6609310065969748e-06
    6.550000   1.79749694 -3.7102552865432798e-06
    6.550000   1.86226837 -3.7763398174506280e-06
    6.550000   1.92703964 -3.8593903351828634e-06
    6.550000   1.99181073 -3.9595733309001917e-06
    6.550000   2.05658157 -4.0769528345821402e-06
    6.550000   2.12135212 -4.2114131079940671e-06
    6.550000   2.18612229 -4.3625682720488006e-06
    6.550000   2.25089198 -4.5296615798046166e-06
    6.550000   2.31566107 -4.7114593254626963e-06
    6.550000   2.38042940 -4.9061471337324829e-06
    6.550000   2.44519674 -5.1112393156269584e-06
    6.550000   2.50996278 -5.3235146199708367e-06
    6.550000   2.57472706 -5.5389933816877953e-06
    6.550000   2.63948889 -5.7529709868891180e-06
    6.550000   2.70424717 -5.9601200085385288e-06
    6.550000   2.76900006 -6.1546678579157200e-06
    6.550000   2.83374417 -6.3306484151085684e-06
    6.550000   2.89847256 -6.4822156422132975e-06
    6.550000   2.96316844 -6.6039962624070112e-06
    6.550000   3.02777863 -6.6914499516249194e-06
    6.550000   3.09200950 -6.7412119063649676e-06
    6.600000   0.04958315 -6.3296699753794011e-06
    6.600000   0.11381403 -6.2834717150184162e-06
    6.600000   0.17842421 -6.2022582993008385e-06
    6.600000   0.24312010 -6.0891182115274338e-06
    6.600000   0.30784849 -5.9482228299140949e-06
    6.600000   0.37259260 -5.7845148407781555e-06
    6.600000   0.43734549 -5.6033803483126872e-06
    6.600000   0.50210377 -5.4103270581104863e-06
    6.600000   0.56686560 -5.2106971235233230e-06
    6.600000   0.63162987 -5.0094355751407581e-06
    6.600000   0.69639591 -4.8109254706100385e-06
    6.600000   0.76116325 -4.6188914812780122e-06
    6.600000   0.82593158 -4.4363660325368021e-06
    6.600000   0.89070068 -4.2657070659634951e-06
    6.600000   0.95547037 -4.1086540745189146e-06
    6.600000   1.02024053 -3.9664088851355809e-06
    6.600000   1.08501108 -3.8397290818550084e-06
    6.600000   1.14978193 -3.7290242824201516e-06
    6.600000   1.21455301 -3.6344480980208828e-06
    6.600000   1.27932429 -3.5559810789956492e-06
    6.600000   1.34409571 -3.4935020139903019e-06
    6.600000   1.40886724 -3.4468464932820545e-06
    6.600000   1.47363885 -3.4158526648477055e-06
    6.600000   1.53841049 -3.4003946669274092e-06
    6.600000   1.60318216 -3.4004044070072676e-06
    6.600000   1.66795381 -3.4158822755983584e-06
    6.600000   1.73272541 -3.4468971304970859e-06
    6.600000   1.79749694 -3.4935755516880811e-06
    6.600000   1.86226837 -3.5560800315909980e-06
    6.600000   1.92703964 -3.6345755127898036e-06
    6.600000   1.99181073 -3.7291836040618898e-06
    6.600000   2.05658157 -3.8399239919882721e-06
    6.600000   2.12135212 -3.9666431209140815e-06
    6.600000   2.18612229 -4.1089312322127378e-06
    6.600000   2.25089198 -4.2660303971916907e-06
    6.600000   2.31566107 -4.4367382427149685e-06
    6.600000   2.38042940 -4.6193145413929438e-06
    6.600000   2.44519674 -4.8114004542873605e-06
    6.600000   2.50996278 -5.0099625327080216e-06
    6.600000   2.57472706 -5.2112750029726633e-06
    6.600000   2.63948889 -5.4109536794335612e-06
    6.600000   2.70424717 -5.6040524327574208e-06
    6.600000   2.76900006 -5.7852280908160732e-06
    6.600000   2.83374417 -5.9489720501578270e-06
    6.600000   2.89847256 -6.0898974567362283e-06
    6.600000   2.96316844 -6.2030610341491530e-06
    6.600000   3.02777863 -6.2842909721647648e-06
    6.600000   3.09200950 -6.3304985054249028e-06
    6.650000   0.04958315 -5.9454260466874203e-06
    6.650000   0.11381403 -5.9024897401410880e-06
    6.650000   0.17842421 -5.8269897044212161e-06
    6.650000   0.24312010 -5.7217637869481396e-06
    6.650000   0.30784849 -5.5906484772570092e-06
    6.650000   0.37259260 -5.4381952501696101e-06
    6.650000   0.43734549 -5.2693718154712170e-06
    6.650000   0.50210377 -5.0892681901575512e-06
    6.650000   0.56686560 -4.9028335148656534e-06
    6.650000   0.63162987 -4.7146627280935178e-06
    6.650000   0.69639591 -4.5288434452616702e-06
    6.650000   0.76116325 -4.3488649005822853e-06
    6.650000   0.82593158 -4.1775839150941086e-06
    6.650000   0.89070068 -4.0172382235142766e-06
    6.650000   0.95547037 -3.8694952164876686e-06
    6.650000   1.02024053 -3.7355238983459322e-06
    6.650000   1.08501108 -3.6160790575492320e-06
    6.650000   1.14978193 -3.5115886798827380e-06
    6.650000   1.21455301 -3.4222379612860752e-06
    6.650000   1.27932429 -3.3480454981335932e-06
    6.650000   1.34409571 -3.2889291039170108e-06
    6.650000   1.40886724 -3.2447601142494866e-06
    6.650000   1.47363885 -3.2154059875993156e-06
    6.650000   1.53841049 -3.2007615391003627e-06
    6.650000   1.60318216 -3.2007693407719906e-06
    6.650000   1.66795381 -3.2154297736284841e-06
    6.650000   1.73272541 -3.2448010125466820e-06
    6.650000   1.79749694 -3.2889889440613827e-06
    6.650000   1.86226837 -3.3481267366086158e-06
    6.650000   1.92703964 -3.4223435782504055e-06
    6.650000   1.99181073 -3.5117220492712242e-06
    6.650000   2.05658157 -3.6162437932860038e-06
    6.650000   2.12135212 -3.7357236807197591e-06
    6.650000   2.18612229 -3.8697336042953425e-06
    6.650000   2.25089198 -4.0175184592795584e-06
    6.650000   2.31566107 -4.1779087323786900e-06
    6.650000   2.38042940 -4.3492363438088657e-06
    6.650000   2.44519674 -4.5292627132220765e-06
    6.650000   2.50996278 -4.7151300520212166e-06
    6.650000   2.57472706 -4.9033480803028592e-06
    6.650000   2.63948889 -5.0898281086857967e-06
    6.650000   2.70424717 -5.2699741479170994e-06
    6.650000   2.76900006 -5.4388360776768257e-06
    6.650000   2.83374417 -5.5913230116014915e-06
    6.650000   2.89847256 -5.7224665077415490e-06
    6.650000   2.96316844 -5.8277145094603973e-06
    6.650000   3.02777863 -5.9032300967146878e-06
    6.650000   3.09200950 -5.9461751379036646e-06
    6.700000   0.04958315 -5.5856847389996658e-06
    6.700000   0.11381403 -5.5457455167051639e-06
    6.700000   0.17842421 -5.4754965675001826e-06
    6.700000   0.24312010 -5.3775479820423597e-06
    6.700000   0.30784849 -5.2554316616094267e-06
    6.700000   0.37259260 -5.1133428469543135e-06
    6.700000   0.43734549 -4.9558676684076027e-06
    6.700000   0.50210377 -4.7877144444826947e-06
    6.700000   0.56686560 -4.6134722508154893e-06
    6.700000   0.63162987 -4.4374142359973103e-06
    6.700000   0.69639591 -4.2633553006327791e-06
    6.700000   0.76116325 -4.0945661013333442e-06
    6.700000   0.82593158 -3.9337390820913858e-06
    6.700000   0.89070068 -3.7829979858590107e-06
    6.700000   0.95547037 -3.6439401569078393e-06
    6.700000   1.02024053 -3.5177006241476623e-06
    6.700000   1.08501108 -3.4050279597935249e-06
    6.700000   1.14978193 -3.3063636873779617e-06
    6.700000   1.21455301 -3.2219190817153766e-06
    6.700000   1.27932429 -3.1517451982722750e-06
    6.700000   1.34409571 -3.0957936657141829e-06
    6.700000   1.40886724 -3.0539670696187861e-06
    6.700000   1.47363885 -3.0261586337560566e-06
    6.700000   1.53841049 -3.0122814105366446e-06
    6.700000   1.60318216 -3.0122873952313468e-06
    6.700000   1.66795381 -3.0261769594249673e-06
    6.700000   1.73272541 -3.0539988364753108e-06
    6.700000   1.79749694 -3.0958406591579842e-06
    6.700000   1.86226837 -3.1518098171031063e-06
    6.700000   1.92703964 -3.2220042390802484e-06
    6.700000   1.99181073 -3.3064726862272838e-06
    6.700000   2.05658157 -3.4051643455563208e-06
    6.700000   2.12135212 -3.5178680185489718e-06
    6.700000   2.18612229 -3.6441420782912624e-06
    6.700000   2.25089198 -3.7832376629605054e-06
    6.700000   2.31566107 -3.9340192697734794e-06
    6.700000   2.38042940 -4.0948889080613340e-06
    6.700000   2.44519674 -4.2637220381380647e-06
    6.700000   2.50996278 -4.4378253012678347e-06
    6.700000   2.57472706 -4.6139270490270629e-06
    6.700000   2.63948889 -4.7882113585844215e-06
    6.700000   2.70424717 -4.9564040770239879e-06
    6.700000   2.76900006 -5.1139151875218972e-06
    6.700000   2.83374417 -5.2560355311326068e-06
    6.700000   2.89847256 -5.3781782644444928e-06
    6.700000   2.96316844 -5.4761475752125437e-06
    6.700000   3.02777863 -5.5464111354373674e-06
    6.700000   3.09200950 -5.5863585701779462e-06
    6.750000   0.04958315 -5.2487163558371205e-06
    6.750000   0.11381403 -5.2115337100633942e-06
    6.750000   0.17842421 -5.1461159675792636e-06
    6.750000   0.24312010 -5.0548660732257662e-06
    6.750000   0.30784849 -4.9410386547239350e-06
    6.750000   0.37259260 -4.8085042778935901e-06
    6.750000   0.43734549 -4.6615007503980205e-06
    6.750000   0.50210377 -4.5043872546109710e-06
    6.750000   0.56686560 -4.3414226713324666e-06
    6.750000   0.63162987 -4.1765840867238524e-06
    6.750000   0.69639591 -4.0134344229204014e-06
    6.750000   0.76116325 -3.8550412258262606e-06
    6.750000   0.82593158 -3.7039429571687850e-06
    6.750000   0.89070068 -3.5621552357390730e-06
    6.750000   0.95547037 -3.4312074575066470e-06
    6.750000   1.02024053 -3.3121998533380767e-06
    6.750000   1.08501108 -3.2058718797882601e-06
    6.750000   1.14978193 -3.1126743945275066e-06
    6.750000   1.21455301 -3.0328399066880086e-06
    6.750000   1.27932429 -2.9664469845508707e-06
    6.750000   1.34409571 -2.9134764413959914e-06
    6.750000   1.40886724 -2.8738581062703331e-06
    6.750000   1.47363885 -2.8475078026623840e-06
    6.750000   1.53841049 -2.8343546391525475e-06
    6.750000   1.60318216 -2.8343589237212957e-06
    6.750000   1.66795381 -2.8475210185938650e-06
    6.750000   1.73272541 -2.8738813262762648e-06
    6.750000   1.79749694 -2.9135114069673347e-06
    6.750000   1.86226837 -2.9664960370675104e-06
    6.750000   1.92703964 -3.0329058924141720e-06
    6.750000   1.99181073 -3.1127605452385351e-06
    6.750000   2.05658157 -3.2059816716703427e-06
    6.750000   2.12135212 -3.3123368479463255e-06
    6.750000   2.18612229 -3.4313751299070001e-06
    6.750000   2.25089198 -3.5623567964407095e-06
    6.750000   2.31566107 -3.7041811758787904e-06
    6.750000   2.38042940 -3.8553182662192030e-06
    6.750000   2.44519674 -4.0137516981971430e-06
    6.750000   2.50996278 -4.1769421454331833e-06
    6.750000   2.57472706 -4.3418211215065616e-06
    6.750000   2.63948889 -4.5048247316111602e-06
    6.750000   2.70424717 -4.6619749301659345e-06
    6.750000   2.76900006 -4.8090119330040370e-06
    6.750000   2.83374417 -4.9415757465013352e-06
    6.750000   2.89847256 -5.0554278700770592e-06
    6.750000   2.96316844 -5.1466971784215360e-06
    6.750000   3.02777863 -5.2121286227737615e-06
    6.750000   3.09200950 -5.2493189755945390e-06
    6.800000   0.04958315 -4.9329307389023384e-06
    6.800000   0.11381403 -4.8982861087780559e-06
    6.800000   0.17842421 -4.8373179080727826e-06
    6.800000   0.24312010 -4.7522405119156478e-06
    6.800000   0.30784849 -4.6460559094388083e-06
    6.800000   0.37259260 -4.5223384809015130e-06
    6.800000   0.43734549 -4.3850077702658967e-06
    6.800000   0.50210377 -4.2381033024247900e-06
    6.800000   0.56686560 -4.0855808613639144e-06
    6.800000   0.63162987 -3.9311448752117995e-06
    6.800000   0.69639591 -3.7781252233255791e-06
    6.800000   0.76116325 -3.6294005438312818e-06
    6.800000   0.82593158 -3.4873649502784663e-06
    6.800000   0.89070068 -3.3539314808968745e-06
    6.800000   0.95547037 -3.2305637090296436e-06
    6.800000   1.02024053 -3.1183265332146503e-06
    6.800000   1.08501108 -3.0179478569499643e-06
    6.800000   1.14978193 -2.9298842271033174e-06
    6.800000   1.21455301 -2.8543851340142808e-06
    6.800000   1.27932429 -2.7915522867133394e-06
    6.800000   1.34409571 -2.7413915723843307e-06
    6.800000   1.40886724 -2.7038564964015163e-06
    6.800000   1.47363885 -2.6788826578276164e-06
    6.800000   1.53841049 -2.6664132729672725e-06
    6.800000   1.60318216 -2.6664159696733397e-06
    6.800000   1.66795381 -2.6788911008865900e-06
    6.800000   1.73272541 -2.7038717312319304e-06
    6.800000   1.79749694 -2.7414152968647941e-06
    6.800000   1.86226837 -2.7915867850981613e-06
    6.800000   1.92703964 -2.8544331858542892e-06
    6.800000   1.99181073 -2.9299489928637732e-06
    6.800000   2.05658157 -3.0180327429071368e-06
    6.800000   2.12135212 -3.1184350392634588e-06
    6.800000   2.18612229 -3.2306992643140948e-06
    6.800000   2.25089198 -3.3540972735309698e-06
    6.800000   2.31566107 -3.4875637587505753e-06
    6.800000   2.38042940 -3.6296345787353980e-06
    6.800000   2.44519674 -3.7783959885787483e-06
    6.800000   2.50996278 -3.9314530576242919e-06
    6.800000   2.57472706 -4.0859262561011506e-06
    6.800000   2.63948889 -4.2384847794663197e-06
    6.800000   2.70424717 -4.3854232835878420e-06
    6.800000   2.76900006 -4.5227851181908168e-06
    6.800000   2.83374417 -4.6465299763874403e-06
    6.800000   2.89847256 -4.7527376422797184e-06
    6.800000   2.96316844 -4.8378331894723281e-06
    6.800000   3.02777863 -4.8988142150393472e-06
    6.800000   3.09200950 -4.9334660641477895e-06
    6.850000   0.04958315 -4.6368646842032530e-06
    6.850000   0.11381403 -4.6045592836438879e-06
    6.850000   0.17842421 -4.5476933979204717e-06
    6.850000   0.24312010 -4.4683095832864621e-06
    6.850000   0.30784849 -4.3691794204258305e-06
    6.850000   0.37259260 -4.2536068368815758e-06
    6.850000   0.43734549 -4.1252202980419430e-06
    6.850000   0.50210377 -3.9877663758238859e-06
    6.850000   0.56686560 -3.8449223581928502e-06
    6.850000   0.63162987 -3.7001413232277985e-06
    6.850000   0.69639591 -3.5565374142374180e-06
    6.850000   0.76116325 -3.4168134167123653e-06
    6.850000   0.82593158 -3.2832280344232243e-06
    6.850000   0.89070068 -3.1575969660557833e-06
    6.850000   0.95547037 -3.0413201027048829e-06
    6.850000   1.02024053 -2.9354267270154172e-06
    6.850000   1.08501108 -2.8406311606800179e-06
    6.850000   1.14978193 -2.7573924921214505e-06
    6.850000   1.21455301 -2.6859734681216370e-06
    6.850000   1.27932429 -2.6264950805324488e-06
    6.850000   1.34409571 -2.5789846459761927e-06
    6.850000   1.40886724 -2.5434161735410361e-06
    6.850000   1.47363885 -2.5197425206151025e-06
    6.850000   1.53841049 -2.5079192720216732e-06
    6.850000   1.60318216 -2.5079204885526394e-06
    6.850000   1.66795381 -2.5197465139445098e-06
    6.850000   1.73272541 -2.5434239620230558e-06
    6.850000   1.79749694 -2.5789978842010502e-06
    6.850000   1.86226837 -2.6265159959702278e-06
    6.850000   1.92703964 -2.6860047738329096e-06
    6.850000   1.99181073 -2.7574372772006690e-06
    6.850000   2.05658157 -2.8406927609225563e-06
    6.850000   2.12135212 -2.9355085793063879e-06
    6.850000   2.18612229 -3.0414255878180487e-06
    6.850000   2.25089198 -3.1577292458221568e-06
    6.850000   2.31566107 -3.2833898904396619e-06
    6.850000   2.38042940 -3.4170070987290927e-06
    6.850000   2.44519674 -3.5567645068163117e-06
    6.850000   2.50996278 -3.7004026389807763e-06
    6.850000   2.57472706 -3.8452178646728267e-06
    6.850000   2.63948889 -3.9880951609104514e-06
    6.850000   2.70424717 -4.1255805755659911e-06
    6.850000   2.76900006 -4.2539959906647501e-06
    6.850000   2.83374417 -4.3695940814732556e-06
    6.850000   2.89847256 -4.4687457322415403e-06
    6.850000   2.96316844 -4.5481464837143705e-06
    6.850000   3.02777863 -4.6050243499405285e-06
    6.850000   3.09200950 -4.6373364991246536e-06
    6.900000   0.04958315 -4.3591705370082373e-06
    6.900000   0.11381403 -4.3290234023828872e-06
    6.900000   0.17842421 -4.2759436481427199e-06
    6.900000   0.24312010 -4.2018171253057005e-06
    6.900000   0.30784849 -4.1092050781843910e-06
    6.900000   0.37259260 -4.0011642391963832e-06
    6.900000   0.43734549 -3.8810565974969983e-06
    6.900000   0.50210377 -3.7523599806181667e-06
    6.900000   0.56686560 -3.6184955313568208e-06
    6.900000   0.63162987 -3.4826843933889484e-06
    6.900000   0.69639591 -3.3478408064869253e-06
    6.900000   0.76116325 -3.2165037157365634e-06
    6.900000   0.82593158 -3.0908047166776254e-06
    6.900000   0.89070068 -2.9724671264694666e-06
    6.900000   0.95547037 -2.8628292976600180e-06
    6.900000   1.02024053 -2.7628848304298973e-06
    6.900000   1.08501108 -2.6733327965678338e-06
    6.900000   1.14978193 -2.5946321204188698e-06
    6.900000   1.21455301 -2.5270555518620819e-06
    6.900000   1.27932429 -2.4707399675502497e-06
    6.900000   1.34409571 -2.4257308868892795e-06
    6.900000   1.40886724 -2.3920200040886999e-06
    6.900000   1.47363885 -2.3695751932481174e-06
    6.900000   1.53841049 -2.3583628565690004e-06
    6.900000   1.60318216 -2.3583626960651156e-06
    6.900000   1.66795381 -2.3695750463573984e-06
    6.900000   1.73272541 -2.3920208623511504e-06
    6.900000   1.79749694 -2.4257343619692576e-06
    6.900000   1.86226837 -2.4707482305211634e-06
    6.900000   1.92703964 -2.5270712495856484e-06
    6.900000   1.99181073 -2.5946582706430178e-06
    6.900000   2.05658157 -2.6733726641492282e-06
    6.900000   2.12135212 -2.7629417880446291e-06
    6.900000   2.18612229 -2.8629066754726926e-06
    6.900000   2.25089198 -2.9725680564259880e-06
    6.900000   2.31566107 -3.0909319781984667e-06
    6.900000   2.38042940 -3.2166595904753356e-06
    6.900000   2.44519674 -3.3480269502263663e-06
    6.900000   2.50996278 -3.4829017328696454e-06
    6.900000   2.57472706 -3.6187441926862030e-06
    6.900000   2.63948889 -3.7526392538546362e-06
    6.900000   2.70424717 -3.8813649391711868e-06
    6.900000   2.76900006 -4.0014993112650132e-06
    6.900000   2.83374417 -4.1095638187626043e-06
    6.900000   2.89847256 -4.2021958441141029e-06
    6.900000   2.96316844 -4.2763381384468430e-06
    6.900000   3.02777863 -4.3294290617393961e-06
    6.900000   3.09200950 -4.3595824925559282e-06
    6.950000   0.04958315 -4.0986058632151208e-06
    6.950000   0.11381403 -4.0704520994333880e-06
    6.950000   0.17842421 -4.0208702864457840e-06
    6.950000   0.24312010 -3.9516032151200448e-06
    6.950000   0.30784849 -3.8650199287515195e-06
    6.950000   0.37259260 -3.7639509993525937e-06
    6.950000   0.43734549 -3.6515142207067681e-06
    6.950000   0.50210377 -3.5309406385829685e-06
    6.950000   0.56686560 -3.4054155738372820e-06
    6.950000   0.63162987 -3.2779459426903844e-06
    6.950000   0.69639591 -3.1512605790971543e-06
    6.950000   0.76116325 -3.0277456517136104e-06
    6.950000   0.82593158 -2.9094133658274031e-06
    6.950000   0.89070068 -2.7978993500269207e-06
    6.950000   0.95547037 -2.6944825553627903e-06
    6.950000   1.02024053 -2.6001210198069361e-06
    6.950000   1.08501108 -2.5154972146956950e-06
    6.950000   1.14978193 -2.4410675869279337e-06
    6.950000   1.21455301 -2.3771120562751360e-06
    6.950000   1.27932429 -2.3237803971735418e-06
    6.950000   1.34409571 -2.2811334792589097e-06
    6.950000   1.40886724 -2.2491781806974419e-06
    6.950000   1.47363885 -2.2278953980923845e-06
    6.950000   1.53841049 -2.2172609687996095e-06
    6.950000   1.60318216 -2.2172595298992398e-06
    6.950000   1.66795381 -2.2278914069939371e-06
    6.950000   1.73272541 -2.2491726023999041e-06
    6.950000   1.79749694 -2.2811278829028382e-06
    6.950000   1.86226837 -2.3237768978792537e-06
    6.950000   1.92703964 -2.3771132350688734e-06
    6.950000   1.99181073 -2.4410763903281193e-06
    6.950000   2.05658157 -2.5155168362854916e-06
    6.950000   2.12135212 -2.6001547670140714e-06
    6.950000   2.18612229 -2.6945337057176961e-06
    6.950000   2.25089198 -2.7979710022764112e-06
    6.950000   2.31566107 -2.9095082923108897e-06
    6.950000   2.38042940 -3.0278661592267262e-06
    6.950000   2.44519674 -3.1514083858365626e-06
    6.950000   2.50996278 -3.2781220785949067e-06
    6.950000   2.57472706 -3.4056203105870987e-06
    6.950000   2.63948889 -3.5311734536265548e-06
    6.950000   2.70424717 -3.6517737970752877e-06
    6.950000   2.76900006 -3.7642352600513424e-06
    6.950000   2.83374417 -3.8653261016121513e-06
    6.950000   2.89847256 -3.9519279217677720e-06
    6.950000   2.96316844 -4.0212096479350690e-06
    6.950000   3.02777863 -4.0708018514893522e-06
    6.950000   3.09200950 -4.0989614770508050e-06
    7.000000   0.04958315 -3.8540241009856266e-06
    7.000000   0.11381403 -3.8277133064773560e-06
    7.000000   0.17842421 -3.7813664986244286e-06
    7.000000   0.24312010 -3.7165957357988270e-06
    7.000000   0.30784849 -3.6355942573178569e-06
    7.000000   0.37259260 -3.5409855129776141e-06
    7.000000   0.43734549 -3.4356632950261716e-06
    7.000000   0.50210377 -3.3226318085387222e-06
    7.000000   0.56686560 -3.2048590478114743e-06
    7.000000   0.63162987 -3.0851538650522119e-06
    7.000000   0.69639591 -2.9660729769108620e-06
    7.000000   0.76116325 -2.8498599767671007e-06
    7.000000   0.82593158 -2.7384148623289844e-06
    7.000000   0.89070068 -2.6332900179820868e-06
    7.000000   0.95547037 -2.5357071149847532e-06
    7.000000   1.02024053 -2.4465889092650132e-06
    7.000000   1.08501108 -2.3666002000632766e-06
    7.000000   1.14978193 -2.2961929910333716e-06
    7.000000   1.21455301 -2.2356519126339361e-06
    7.000000   1.27932429 -2.1851370170105303e-06
    7.000000   1.34409571 -2.1447220061688107e-06
    7.000000   1.40886724 -2.1144267254848996e-06
    7.000000   1.47363885 -2.0942433217751928e-06
    7.000000   1.53841049 -2.0841558369552132e-06
    7.000000   1.60318216 -2.0841532138545799e-06
    7.000000   1.66795381 -2.0942357691626772e-06
    7.000000   1.73272541 -2.1144151821167561e-06
    7.000000   1.79749694 -2.1447079991039274e-06
    7.000000   1.86226837 -2.1851226059179404e-06
    7.000000   1.92703964 -2.2356396131432407e-06
    7.000000   1.99181073 -2.2961856786502330e-06
    7.000000   2.05658157 -2.3666009968867556e-06
    7.000000   2.12135212 -2.4466010566019567e-06
    7.000000   2.18612229 -2.5357338359244549e-06
    7.000000   2.25089198 -2.6333343750425775e-06
    7.000000   2.31566107 -2.7384796162340402e-06
    7.000000   2.38042940 -2.8499474531693643e-06
    7.000000   2.44519674 -2.9661849481991003e-06
    7.000000   2.50996278 -3.0852914541321622e-06
    7.000000   2.57472706 -3.2050226597562225e-06
    7.000000   2.63948889 -3.3228210942642165e-06
    7.000000   2.70424717 -3.4358771487611194e-06
    7.000000   2.76900006 -3.5412221025545431e-06
    7.000000   2.83374417 -3.6358510836581119e-06
    7.000000   2.89847256 -3.7168697158856774e-06
    7.000000   2.96316844 -3.7816540652037723e-06
    7.000000   3.02777863 -3.8280105179815201e-06
    7.000000   3.09200950 -3.8543267578700952e-06
    7.100000   0.04958315 -3.4086524866487564e-06
    7.100000   0.11381403 -3.3856274750941673e-06
    7.100000   0.17842421 -3.3450508409703117e-06
    7.100000   0.24312010 -3.2883055535096539e-06
    7.100000   0.30784849 -3.2172763521907534e-06
    7.100000   0.37259260 -3.1342225640834858e-06
    7.100000   0.43734549 -3.0416432413831201e-06
    7.100000   0.50210377 -2.9421416311523000e-06
    7.100000   0.56686560 -2.8383001283177111e-06
    7.100000   0.63162987 -2.7325745011635867e-06
    7.100000   0.69639591 -2.6272128147502409e-06
    7.100000   0.76116325 -2.5242010421390575e-06
    7.100000   0.82593158 -2.4252343873195470e-06
    7.100000   0.89070068 -2.3317111596146024e-06
    7.100000   0.95547037 -2.2447447379506173e-06
    7.100000   1.02024053 -2.1651886770831989e-06
    7.100000   1.08501108 -2.0936701634890343e-06
    7.100000   1.14978193 -2.0306276108016744e-06
    7.100000   1.21455301 -1.9763489860721232e-06
    7.100000   1.27932429 -1.9310083101793428e-06
    7.100000   1.34409571 -1.8946985611146478e-06
    7.100000   1.40886724 -1.8674598602700047e-06
    7.100000   1.47363885 -1.8493023130200722e-06
    7.100000   1.53841049 -1.8402232086711663e-06
    7.100000   1.60318216 -1.8402184823626124e-06
    7.100000   1.66795381 -1.8492884333032781e-06
    7.100000   1.73272541 -1.8674377144090628e-06
    7.100000   1.79749694 -1.8946695934946801e-06
    7.100000   1.86226837 -1.9309744713047536e-06
    7.100000   1.92703964 -1.9763126624047729e-06
    7.100000   1.99181073 -2.0305915368666497e-06
    7.100000   2.05658157 -2.0936373183047428e-06
    7.100000   2.12135212 -2.1651621677572946e-06
    7.100000   2.18612229 -2.2447276741283641e-06
    7.100000   2.25089198 -2.3317065233855720e-06
    7.100000   2.31566107 -2.4252449040085046e-06
    7.100000   2.38042940 -2.5242290580493262e-06
    7.100000   2.44519674 -2.6272601881959583e-06
    7.100000   2.50996278 -2.7326425128993016e-06
    7.100000   2.57472706 -2.8383894166201623e-06
    7.100000   2.63948889 -2.9422521553295966e-06
    7.100000   2.70424717 -3.0417742754593678e-06
    7.100000   2.76900006 -3.1343727200967732e-06
    7.100000   2.83374417 -3.2174436302799600e-06
    7.100000   2.89847256 -3.2884874141726654e-06
    7.100000   2.96316844 -3.3452442938856757e-06
    7.100000   3.02777863 -3.3858291789690392e-06
    7.100000   3.09200950 -3.4088588566551155e-06
    7.200000   0.04958315 -3.0154988377839316e-06
    7.200000   0.11381403 -2.9952992262735466e-06
    7.200000   0.17842421 -2.9596871945976674e-06
    7.200000   0.24312010 -2.9098532488704044e-06
    7.200000   0.30784849 -2.8474224616099333e-06
    7.200000   0.37259260 -2.7743469173224592e-06
    7.200000   0.43734549 -2.6927915178946098e-06
    7.200000   0.50210377 -2.6050187145164241e-06
    7.200000   0.56686560 -2.5132815016930151e-06
    7.200000   0.63162987 -2.4197321350914691e-06
    7.200000   0.69639591 -2.3263512935874899e-06
    7.200000   0.76116325 -2.2348995711372670e-06
    7.200000   0.82593158 -2.1468907039834950e-06
    7.200000   0.89070068 -2.0635840779876004e-06
    7.200000   0.95547037 -1.9859929142707982e-06
    7.200000   1.02024053 -1.9149040555601781e-06
    7.200000   1.08501108 -1.8509053384558511e-06
    7.200000   1.14978193 -1.7944169676350720e-06
    7.200000   1.21455301 -1.7457239385900269e-06
    7.200000   1.27932429 -1.7050072461422323e-06
    7.200000   1.34409571 -1.6723722667975472e-06
    7.200000   1.40886724 -1.6478732542810090e-06
    7.200000   1.47363885 -1.6315333133497200e-06
    7.200000   1.53841049 -1.6233595160668526e-06
    7.200000   1.60318216 -1.6233530120366181e-06
    7.200000   1.66795381 -1.6315140835033029e-06
    7.200000   1.73272541 -1.6478421358663506e-06
    7.200000   1.79749694 -1.6723306237726074e-06
    7.200000   1.86226837 -1.7049569225352039e-06
    7.200000   1.92703964 -1.7456671943634594e-06
    7.200000   1.99181073 -1.7943563983756267e-06
    7.200000   2.05658157 -1.8508437807862824e-06
    7.200000   2.12135212 -1.9148444808577787e-06
    7.200000   2.18612229 -1.9859383140426885e-06
    7.200000   2.25089198 -2.0635373450458072e-06
    7.200000   2.31566107 -2.1468545142834216e-06
    7.200000   2.38042940 -2.2348762716904492e-06
    7.200000   2.44519674 -2.3263428020880831e-06
    7.200000   2.50996278 -2.4197398566900401e-06
    7.200000   2.57472706 -2.5133062676170640e-06
    7.200000   2.63948889 -2.6050607459732316e-06
    7.200000   2.70424717 -2.6928504169721772e-06
    7.200000   2.76900006 -2.7744216846280529e-06
    7.200000   2.83374417 -2.8475115384633499e-06
    7.200000   2.89847256 -2.9099545802946977e-06
    7.200000   2.96316844 -2.9597983084345535e-06
    7.200000   3.02777863 -2.9954173236749324e-06
    7.200000   3.09200950 -3.0156208919469105e-06
    7.300000   0.04958315 -2.6680764817825882e-06
    7.300000   0.11381403 -2.6503156090994671e-06
    7.300000   0.17842421 -2.6189911858041578e-06
    7.300000   0.24312010 -2.5751313655659225e-06
    7.300000   0.30784849 -2.5201417682661417e-06
    7.300000   0.37259260 -2.4557141834264336e-06
    7.300000   0.43734549 -2.3837295224805801e-06
    7.300000   0.50210377 -2.3061594405467567e-06
    7.300000   0.56686560 -2.2249744714314368e-06
    7.300000   0.63162987 -2.1420650306302164e-06
    7.300000   0.69639591 -2.0591793995801130e-06
    7.300000   0.76116325 -1.9778804574396528e-06
    7.300000   0.82593158 -1.8995208461476359e-06
    7.300000   0.89070068 -1.8252346654153244e-06
    7.300000   0.95547037 -1.7559427842997207e-06
    7.300000   1.02024053 -1.6923683996172381e-06
    7.300000   1.08501108 -1.6350594680984029e-06
    7.300000   1.14978193 -1.5844149535508742e-06
    7.300000   1.21455301 -1.5407123257272676e-06
    7.300000   1.27932429 -1.5041343080738912e-06
    7.300000   1.34409571 -1.4747934119131595e-06
    7.300000   1.40886724 -1.4527532620581361e-06
    7.300000   1.47363885 -1.4380460883441462e-06
    7.300000   1.53841049 -1.4306860251131284e-06
    7.300000   1.60318216 -1.4306780365590935e-06
    7.300000   1.66795381 -1.4380223885273559e-06
    7.300000   1.73272541 -1.4527146398545190e-06
    7.300000   1.79749694 -1.4747411533810343e-06
    7.300000   1.86226837 -1.5040701538603349e-06
    7.300000   1.92703964 -1.5406384125127149e-06
    7.300000   1.99181073 -1.5843337407526938e-06
    7.300000   2.05658157 -1.6349736515679242e-06
    7.300000   2.12135212 -1.6922808146851253e-06
    7.300000   2.18612229 -1.7558563012027161e-06
    7.300000   2.25089198 -1.8251520808292829e-06
    7.300000   2.31566107 -1.8994447751933239e-06
    7.300000   2.38042940 -1.9778132309871147e-06
    7.300000   2.44519674 -2.0591229718813199e-06
    7.300000   2.50996278 -2.1420209021280153e-06
    7.300000   2.57472706 -2.2249436309580245e-06
    7.300000   2.63948889 -2.3061423300408442e-06
    7.300000   2.70424717 -2.3837260258892249e-06
    7.300000   2.76900006 -2.4557236397621195e-06
    7.300000   2.83374417 -2.5201630071365364e-06
    7.300000   2.89847256 -2.5751627621110364e-06
    7.300000   2.96316844 -2.6190307311250602e-06
    7.300000   3.02777863 -2.6503609920832964e-06
    7.300000   3.09200950 -2.6681251794504567e-06
    7.400000   0.04958315 -2.3607954924309090e-06
    7.400000   0.11381403 -2.3451471617650419e-06
    7.400000   0.17842421 -2.3175388593075220e-06
    7.400000   0.24312010 -2.2788612318589604e-06
    7.400000   0.30784849 -2.2303336874424159e-06
    7.400000   0.37259260 -2.1734266176558052e-06
    7.400000   0.43734549 -2.1097786304795417e-06
    7.400000   0.50210377 -2.0411123047228240e-06
    7.400000   0.56686560 -1.9691550797948874e-06
    7.400000   0.63162987 -1.8955707094456978e-06
    7.400000   0.69639591 -1.8219048690842837e-06
    7.400000   0.76116325 -1.7495465564522352e-06
    7.400000   0.82593158 -1.6797051745198357e-06
    7.400000   0.89070068 -1.6134018250018584e-06
    7.400000   0.95547037 -1.5514724513060893e-06
    7.400000   1.02024053 -1.4945800382498396e-06
    7.400000   1.08501108 -1.4432330264391533e-06
    7.400000   1.14978193 -1.3978073243284915e-06
    7.400000   1.21455301 -1.3585696895503987e-06
    7.400000   1.27932429 -1.3257007064622277e-06
    7.400000   1.34409571 -1.2993160364633763e-06
    7.400000   1.40886724 -1.2794850147888194e-06
    7.400000   1.47363885 -1.2662459884729997e-06
    7.400000   1.53841049 -1.2596180292455816e-06
    7.400000   1.60318216 -1.2596088188915570e-06
    7.400000   1.66795381 -1.2662186074726360e-06
    7.400000   1.73272541 -1.2794402054240368e-06
    7.400000   1.79749694 -1.2992550096546292e-06
    7.400000   1.86226837 -1.3256251029167273e-06
    7.400000   1.92703964 -1.3584815263612493e-06
    7.400000   1.99181073 -1.3977089281491902e-06
    7.400000   2.05658157 -1.4431269548134294e-06
    7.400000   2.12135212 -1.4944689912396315e-06
    7.400000   2.18612229 -1.5513591761554666e-06
    7.400000   2.25089198 -1.6132890171954467e-06
    7.400000   2.31566107 -1.6795953791398253e-06
    7.400000   2.38042940 -1.7494420741582989e-06
    7.400000   2.44519674 -1.8218076712020835e-06
    7.400000   2.50996278 -1.8954823664965435e-06
    7.400000   2.57472706 -1.9690767072536095e-06
    7.400000   2.63948889 -2.0410445288578857e-06
    7.400000   2.70424717 -2.1097215758765532e-06
    7.400000   2.76900006 -2.1733799165615276e-06
    7.400000   2.83374417 -2.2302965096496645e-06
    7.400000   2.89847256 -2.2788323326165253e-06
    7.400000   2.96316844 -2.3175166419594384e-06
    7.400000   3.02777863 -2.3451297515706180e-06
    7.400000   3.09200950 -2.3607808189144686e-06
    7.500000   0.04958315 -2.0888205410260718e-06
    7.500000   0.11381403 -2.0750083272121367e-06
    7.500000   0.17842421 -2.0506315515282475e-06
    7.500000   0.24312010 -2.0164639349488356e-06
    7.500000   0.30784849 -1.9735662584828179e-06
    7.500000   0.37259260 -1.9232198715851433e-06
    7.500000   0.43734549 -1.8668558646716961e-06
    7.500000   0.50210377 -1.8059826946328319e-06
    7.500000   0.56686560 -1.7421178592887801e-06
    7.500000   0.63162987 -1.6767282719982122e-06
    7.500000   0.69639591 -1.6111824736378041e-06
    7.500000   0.76116325 -1.5467161936392271e-06
    7.500000   0.82593158 -1.4844112935754281e-06
    7.500000   0.89070068 -1.4251869593145372e-06
    7.500000   0.95547037 -1.3698012241023303e-06
    7.500000   1.02024053 -1.3188605015669286e-06
    7.500000   1.08501108 -1.2728347271038892e-06
    7.500000   1.14978193 -1.2320758632157476e-06
    7.500000   1.21455301 -1.1968378284146757e-06
    7.500000   1.27932429 -1.1672962797228560e-06
    7.500000   1.34409571 -1.1435670536633456e-06
    7.500000   1.40886724 -1.1257224087113995e-06
    7.500000   1.47363885 -1.1138044913778590e-06
    7.500000   1.53841049 -1.1078356614535761e-06
    7.500000   1.60318216 -1.1078254634987162e-06
    7.500000   1.66795381 -1.1137741324387970e-06
    7.500000   1.73272541 -1.1256725863599369e-06
    7.500000   1.79749694 -1.1434989066291911e-06
    7.500000   1.86226837 -1.1672113524909775e-06
    7.500000   1.92703964 -1.1967380225778537e-06
    7.500000   1.99181073 -1.2319633766041547e-06
    7.500000   2.05658157 -1.2727119821380568e-06
    7.500000   2.12135212 -1.3187300647706250e-06
    7.500000   2.18612229 -1.3696657192534164e-06
    7.500000   2.25089198 -1.4250489772475126e-06
    7.500000   2.31566107 -1.4842733021456217e-06
    7.500000   2.38042940 -1.5465804517084874e-06
    7.500000   2.44519674 -1.6110509530988799e-06
    7.500000   2.50996278 -1.6766025917076227e-06
    7.500000   2.57472706 -1.7419992343260414e-06
    7.500000   2.63948889 -1.8058719034777626e-06
    7.500000   2.70424717 -1.8667532358339755e-06
    7.500000   2.76900006 -1.9231252899501634e-06
    7.500000   2.83374417 -1.9734791903913948e-06
    7.500000   2.89847256 -2.0163834699613048e-06
    7.500000   2.96316844 -2.0505564580699147e-06
    7.500000   3.02777863 -2.0749371190198768e-06
    7.500000   3.09200950 -2.0887515519393942e-06
    7.600000   0.04958315 -1.8479541278807640e-06
    7.600000   0.11381403 -1.8357427395789697e-06
    7.600000   0.17842421 -1.8141847493801208e-06
    7.600000   0.24312010 -1.7839540700445034e-06
    7.600000   0.30784849 -1.7459758404122307e-06
    7.600000   0.37259260 -1.7013693933092263e-06
    7.600000   0.43734549 -1.6513874495988723e-06
    7.600000   0.50210377 -1.5973537532069452e-06
    7.600000   0.56686560 -1.5406038979418714e-06
    7.600000   0.63162987 -1.4824333425351736e-06
    7.600000   0.69639591 -1.4240553595870976e-06
    7.600000   0.76116325 -1.3665703042474315e-06
    7.600000   0.82593158 -1.3109463366488173e-06
    7.600000   0.89070068 -1.2580107278721993e-06
    7.600000   0.95547037 -1.2084501888109367e-06
    7.600000   1.02024053 -1.1628182873664799e-06
    7.600000   1.08501108 -1.1215479190487474e-06
    7.600000   1.14978193 -1.0849669015574100e-06
    7.600000   1.21455301 -1.0533150011689446e-06
    7.600000   1.27932429 -1.0267610004453698e-06
    7.600000   1.34409571 -1.0054187299773176e-06
    7.600000   1.40886724 -9.8936127522705950e-07
    7.600000   1.47363885 -9.7863281265277002e-07
    7.600000   1.53841049 -9.7325771957256897e-07
    7.600000   1.60318216 -9.7324674170790619e-07
    7.600000   1.66795381 -9.7860009951859918e-07
    7.600000   1.73272541 -9.8930748164380807e-07
    7.600000   1.79749694 -1.0053449255630230e-06
    7.600000   1.86226837 -1.0266686373890133e-06
    7.600000   1.92703964 -1.0532058699526596e-06
    7.600000   1.99181073 -1.0848430755609976e-06
    7.600000   2.05658157 -1.1214116893495090e-06
    7.600000   2.12135212 -1.1626720894907154e-06
    7.600000   2.18612229 -1.2082965236681986e-06
    7.600000   2.25089198 -1.2578520795872007e-06
    7.600000   2.31566107 -1.3107850904341901e-06
    7.600000   2.38042940 -1.3664086677760073e-06
    7.600000   2.44519674 -1.4238952914545014e-06
    7.600000   2.50996278 -1.4822764912856413e-06
    7.600000   2.57472706 -1.5404515547253134e-06
    7.600000   2.63948889 -1.5972068204472970e-06
    7.600000   2.70424717 -1.6512464271067591e-06
    7.600000   2.76900006 -1.7012343822050863e-06
    7.600000   2.83374417 -1.7458465641140551e-06
    7.600000   2.89847256 -1.7838299106371927e-06
    7.600000   2.96316844 -1.8140647969838683e-06
    7.600000   3.02777863 -1.8356258520219454e-06
    7.600000   3.09200950 -1.8478389983990842e-06
    7.700000   0.04958315 -1.6345403720170695e-06
    7.700000   0.11381403 -1.6237286590635197e-06
    7.700000   0.17842421 -1.6046363855242895e-06
    7.700000   0.24312010 -1.5778519521651585e-06
    7.700000   0.30784849 -1.5441840875944712e-06
    7.700000   0.37259260 -1.5046127760556112e-06
    7.700000   0.43734549 -1.4602368955360633e-06
    7.700000   0.50210377 -1.4122203244491793e-06
    7.700000   0.56686560 -1.3617405633546450e-06
    7.700000   0.63162987 -1.3099433148405783e-06
    7.700000   0.69639591 -1.2579054277751329e-06
    7.700000   0.76116325 -1.2066074706970406e-06
    7.700000   0.82593158 -1.1569161357580833e-06
    7.700000   0.89070068 -1.1095758089024673e-06
    7.700000   0.95547037 -1.0652080335071523e-06
    7.700000   1.02024053 -1.0243172504081212e-06
    7.700000   1.08501108 -9.8730108532596207e-07
    7.700000   1.14978193 -9.5446352133638309e-07
    7.700000   1.21455301 -9.2602947851863542e-07
    7.700000   1.27932429 -9.0215956895071909e-07
    7.700000   1.34409571 -8.8296405739918472e-07
    7.700000   1.40886724 -8.6851530451822964e-07
    7.700000   1.47363885 -8.5885818127051116e-07
    7.700000   1.53841049 -8.5401811285962838e-07
    7.700000   1.60318216 -8.5400653830248298e-07
    7.700000   1.66795381 -8.5882366427833112e-07
    7.700000   1.73272541 -8.6845845916379680e-07
    7.700000   1.79749694 -8.8288588735391641e-07
    7.700000   1.86226837 -9.0206143817454458e-07
    7.700000   1.92703964 -9.2591307099351711e-07
    7.700000   1.99181073 -9.5433079069240603e-07
    7.700000   2.05658157 -9.8715419555414549e-07
    7.700000   2.12135212 -1.0241585092435023e-06
    7.700000   2.18612229 -1.0650398204987836e-06
    7.700000   2.25089198 -1.1094005006053694e-06
    7.700000   2.31566107 -1.1567360308699133e-06
    7.700000   2.38042940 -1.2064247182367790e-06
    7.700000   2.44519674 -1.2577219615148764e-06
    7.700000   2.50996278 -1.3097607971096322e-06
    7.700000   2.57472706 -1.3615603409780475e-06
    7.700000   2.63948889 -1.4120433989883262e-06
    7.700000   2.70424717 -1.4600639091866971e-06
    7.700000   2.76900006 -1.5044440136171720e-06
    7.700000   2.83374417 -1.5440194939662499e-06
    7.700000   2.89847256 -1.5776911639750158e-06
    7.700000   2.96316844 -1.6044787748592119e-06
    7.700000   3.02777863 -1.6235733869375160e-06
    7.700000   3.09200950 -1.6343864494632047e-06
    7.800000   0.04958315 -1.4453854474340364e-06
    7.800000   0.11381403 -1.4358007250003649e-06
    7.800000   0.17842421 -1.4188708813258345e-06
    7.800000   0.24312010 -1.3951107952797062e-06
    7.800000   0.30784849 -1.3652289448438560e-06
    7.800000   0.37259260 -1.3300850589307903e-06
    7.800000   0.43734549 -1.2906448974186207e-06
    7.800000   0.50210377 -1.2479335542339248e-06
    7.800000   0.56686560 -1.2029907408235736e-06
    7.800000   0.63162987 -1.1568310240140408e-06
    7.800000   0.69639591 -1.1104111296472247e-06
    7.800000   0.76116325 -1.0646054620511232e-06
    7.800000   0.82593158 -1.0201900835005739e-06
    7.800000   0.89070068 -9.7783464987766038e-07
    7.800000   0.95547037 -9.3810126232037051e-07
    7.800000   1.02024053 -9.0144887935775815e-07
    7.800000   1.08501108 -8.6824181658895129e-07
    7.800000   1.14978193 -8.3876089858277185e-07
    7.800000   1.21455301 -8.1321597052764744e-07
    7.800000   1.27932429 -7.9175867803307464e-07
    7.800000   1.34409571 -7.7449464342880090e-07
    7.800000   1.40886724 -7.6149437796114953e-07
    7.800000   1.47363885 -7.5280245417101312e-07
    7.800000   1.53841049 -7.4844461380223544e-07
    7.800000   1.60318216 -7.4843260331036442e-07
    7.800000   1.66795381 -7.5276661628500884e-07
    7.800000   1.73272541 -7.6143528802713007e-07
    7.800000   1.79749694 -7.7441324237792219e-07
    7.800000   1.86226837 -7.9165624574409978e-07
    7.800000   1.92703964 -8.1309408923537039e-07
    7.800000   1.99181073 -8.3862140710369499e-07
    7.800000   2.05658157 -8.6808675644712002e-07
    7.800000   2.12135212 -9.0128043423802613e-07
    7.800000   2.18612229 -9.3792169266902301e-07
    7.800000   2.25089198 -9.7764622483756474e-07
    7.800000   2.31566107 -1.0199950127129287e-06
    7.800000   2.38042940 -1.0644058300946537e-06
    7.800000   2.44519674 -1.1102088359985504e-06
    7.800000   2.50996278 -1.1566277313200997e-06
    7.800000   2.57472706 -1.2027878339820091e-06
    7.800000   2.63948889 -1.2477321122516232e-06
    7.800000   2.70424717 -1.2904456793211832e-06
    7.800000   2.76900006 -1.3298885041671715e-06
    7.800000   2.83374417 -1.3650351877970467e-06
    7.800000   2.89847256 -1.3949196927233558e-06
    7.800000   2.96316844 -1.4186820510977019e-06
    7.800000   3.02777863 -1.4356135938012457e-06
    7.800000   3.09200950 -1.4451993057937214e-06
    7.900000   0.04958315 -1.2776915075025716e-06
    7.900000   0.11381403 -1.2691849346504591e-06
    7.900000   0.17842421 -1.2541559595476991e-06
    7.900000   0.24312010 -1.2330560374520655e-06
    7.900000   0.30784849 -1.2065070308130228e-06
    7.900000   0.37259260 -1.1752645626566015e-06
    7.900000   0.43734549 -1.1401788595410016e-06
    7.900000   0.50210377 -1.1021541894766553e-06
    7.900000   0.56686560 -1.0621098576135979e-06
    7.900000   0.63162987 -1.0209453346607934e-06
    7.900000   0.69639591 -9.7951137295575689e-07
    7.900000   0.76116325 -9.3858815280865654e-07
    7.900000   0.82593158 -8.9887072779399227e-07
    7.900000   0.89070068 -8.6096139015689466e-07
    7.900000   0.95547037 -8.2536810440567806e-07
    7.900000   1.02024053 -7.9250786967749178e-07
    7.900000   1.08501108 -7.6271375287065017e-07
    7.900000   1.14978193 -7.3624435070493860e-07
    7.900000   1.21455301 -7.1329454892105551e-07
    7.900000   1.27932429 -6.9400661100134508e-07
    7.900000   1.34409571 -6.7848081371118062e-07
    7.900000   1.40886724 -6.6678502778065036e-07
    7.900000   1.47363885 -6.5896280357999588e-07
    7.900000   1.53841049 -6.5503965611445368e-07
    7.900000   1.60318216 -6.5502734994596563e-07
    7.900000   1.66795381 -6.5892606626260558e-07
    7.900000   1.73272541 -6.6672439795249627e-07
    7.900000   1.79749694 -6.7839717277226540e-07
    7.900000   1.86226837 -6.9390115892439258e-07
    7.900000   1.92703964 -7.1316877102014669e-07
    7.900000   1.99181073 -7.3609997606957248e-07
    7.900000   2.05658157 -7.6255270543673895e-07
    7.900000   2.12135212 -7.9233221323278444e-07
    7.900000   2.18612229 -8.2517998316043945e-07
    7.900000   2.25089198 -8.6076296684980624e-07
    7.900000   2.31566107 -8.9866412159863021e-07
    7.900000   2.38042940 -9.3837537953273685e-07
    7.900000   2.44519674 -9.7929429010419980e-07
    7.900000   2.50996278 -1.0207255938812131e-06
    7.900000   2.57472706 -1.0618888667623375e-06
    7.900000   2.63948889 -1.1019330861076449e-06
    7.900000   2.70424717 -1.1399584969974858e-06
    7.900000   2.76900006 -1.1750455092323850e-06
    7.900000   2.83374417 -1.2062895817052581e-06
    7.900000   2.89847256 -1.2328402385506389e-06
    7.900000   2.96316844 -1.2539416415672479e-06
    7.900000   3.02777863 -1.2689717557678929e-06
    7.900000   3.09200950 -1.2774790026724733e-06
    8.000000   0.04958315 -1.1290015554919450e-06
    8.000000   0.11381403 -1.1214443588067150e-06
    8.000000   0.17842421 -1.1080898301296735e-06
    8.000000   0.24312010 -1.0893345414429706e-06
    8.000000   0.30784849 -1.0657252922460445e-06
    8.000000   0.37259260 -1.0379273152222029e-06
    8.000000   0.43734549 -1.0066902845053694e-06
    8.000000   0.50210377 -9.7281300131005966e-07
    8.000000   0.56686560 -9.3710930309233661e-07
    8.000000   0.63162987 -9.0037743076273471e-07
    8.000000   0.69639591 -8.6337448536058304e-07
    8.000000   0.76116325 -8.2679691710320472e-07
    8.000000   0.82593158 -7.9126732668768287e-07
    8.000000   0.89070068 -7.5732729709773580e-07
    8.000000   0.95547037 -7.2543555671971033e-07
    8.000000   1.02024053 -6.9597051340505101e-07
    8.000000   1.08501108 -6.6923608239968986e-07
    8.000000   1.14978193 -6.4546973162836366e-07
    8.000000   1.21455301 -6.2485175205728350e-07
    8.000000   1.27932429 -6.0751489515458768e-07
    8.000000   1.34409571 -5.9355367527265896e-07
    8.000000   1.40886724 -5.8303279030486220e-07
    8.000000   1.47363885 -5.7599425523626448e-07
    8.000000   1.53841049 -5.7246296289149818e-07
    8.000000   1.60318216 -5.7245048269019090e-07
    8.000000   1.66795381 -5.7595698409641966e-07
    8.000000   1.73272541 -5.8297123215006809e-07
    8.000000   1.79749694 -5.9346865515400247e-07
    8.000000   1.86226837 -6.0740753729414439e-07
    8.000000   1.92703964 -6.2472344969106227e-07
    8.000000   1.99181073 -6.4532210927874704e-07
    8.000000   2.05658157 -6.6907095146431557e-07
    8.000000   2.12135212 -6.9578982223172842e-07
    8.000000   2.18612229 -7.2524133662853315e-07
    8.000000   2.25089198 -7.5712160612759370e-07
    8.000000   2.31566107 -7.9105219309227105e-07
    8.000000   2.38042940 -8.2657428483474848e-07
    8.000000   2.44519674 -8.6314616384419623e-07
    8.000000   2.50996278 -9.0014505121922961e-07
    8.000000   2.57472706 -9.3687428343343838e-07
    8.000000   2.63948889 -9.7257652124000729e-07
    8.000000   2.70424717 -1.0064532719248446e-06
    8.000000   2.76900006 -1.0376904444067438e-06
    8.000000   2.83374417 -1.0654889936114004e-06
    8.000000   2.89847256 -1.0890990221032598e-06
    8.000000   2.96316844 -1.1078551039625190e-06
    8.000000   3.02777863 -1.1212102843987975e-06
    8.000000   3.09200950 -1.1287678802661547e-06
    8.100000   0.04958315 -9.9715321965772784e-07
    8.100000   0.11381403 -9.9043359521699743e-07
    8.100000   0.17842421 -9.7855682399035009e-07
    8.100000   0.24312010 -9.6187184682192689e-07
    8.100000   0.30784849 -9.4086022789474324e-07
    8.100000   0.37259260 -9.1610850441102003e-07
    8.100000   0.43734549 -8.8827861051049982e-07
    8.100000   0.50210377 -8.5807706635114430e-07
    8.100000   0.56686560 -8.2622512630519625e-07
    8.100000   0.63162987 -7.9343182943386081e-07
    8.100000   0.69639591 -7.6037138859246400e-07
    8.100000   0.76116325 -7.2766576914908135e-07
    8.100000   0.82593158 -6.9587273884265154e-07
    8.100000   0.89070068 -6.6547918225999634e-07
    8.100000   0.95547037 -6.3689910490771473e-07
    8.100000   1.02024053 -6.1047551529188378e-07
    8.100000   1.08501108 -5.8648526065713781e-07
    8.100000   1.14978193 -5.6514588151789637e-07
    8.100000   1.21455301 -5.4662361399708143e-07
    8.100000   1.27932429 -5.3104177902581875e-07
    8.100000   1.34409571 -5.1848892892123722e-07
    8.100000   1.40886724 -5.0902625577494300e-07
    8.100000   1.47363885 -5.0269388971496054e-07
    8.100000   1.53841049 -4.9951582160494569e-07
    8.100000   1.60318216 -4.9950327218990008e-07
    8.100000   1.66795381 -5.0265639987516968e-07
    8.100000   1.73272541 -5.0896429667379406e-07
    8.100000   1.79749694 -5.1840327238481553e-07
    8.100000   1.86226837 -5.3093347762712177e-07
    8.100000   1.92703964 -5.4649397369772669e-07
    8.100000   1.99181073 -5.6499642744566294e-07
    8.100000   2.05658157 -5.8631769681570187e-07
    8.100000   2.12135212 -6.1029167925349811e-07
    8.100000   2.18612229 -6.3670091881529264e-07
    8.100000   2.25089198 -6.6526860171872814e-07
    8.100000   2.31566107 -6.9565170153171836e-07
    8.100000   2.38042940 -7.2743614514703100e-07
    8.100000   2.44519674 -7.6013493449127701e-07
    8.100000   2.50996278 -7.9319014826100466e-07
    8.100000   2.57472706 -8.2597963508307163e-07
    8.100000   2.63948889 -8.5782897277373096e-07
    8.100000   2.70424717 -8.8802889975599778e-07
    8.100000   2.76900006 -9.1585793655283138e-07
    8.100000   2.83374417 -9.4060934579409356e-07
    8.100000   2.89847256 -9.6162099384264813e-07
    8.100000   2.96316844 -9.7830617042295823e-07
    8.100000   3.02777863 -9.9018317197221394e-07
    8.100000   3.09200950 -9.9690295764567751e-07
    8.200000   0.04958315 -8.8023979501432227e-07
    8.200000   0.11381403 -8.7426035593230228e-07
    8.200000   0.17842421 -8.6368993002313372e-07
    8.200000   0.24312010 -8.4883600951190129e-07
    8.200000   0.30784849 -8.3012331609102543e-07
    8.200000   0.37259260 -8.0806970156437735e-07
    8.200000   0.43734549 -7.8326035886258899e-07
    8.200000   0.50210377 -7.5632088775424591e-07
    8.200000   0.56686560 -7.2789111045970807e-07
    8.200000   0.63162987 -6.9860133026329281e-07
    8.200000   0.69639591 -6.6905229897042812e-07
    8.200000   0.76116325 -6.3979965993654710e-07
    8.200000   0.82593158 -6.1134314308267263e-07
    8.200000   0.89070068 -5.8412036349617815e-07
    8.200000   0.95547037 -5.5850474975229549e-07
    8.200000   1.02024053 -5.3480691434500979e-07
    8.200000   1.08501108 -5.1327867118811410e-07
    8.200000   1.14978193 -4.9411888692368367e-07
    8.200000   1.21455301 -4.7748040073360246e-07
    8.200000   1.27932429 -4.6347733755100964e-07
    8.200000   1.34409571 -4.5219225074971758e-07
    8.200000   1.40886724 -4.4368264586021942e-07
    8.200000   1.47363885 -4.3798654515953255e-07
    8.200000   1.53841049 -4.3512684774857426e-07
    8.200000   1.60318216 -4.3511431880202329e-07
    8.200000   1.66795381 -4.3794910631374663e-07
    8.200000   1.73272541 -4.4362073741946435e-07
    8.200000   1.79749694 -4.5210659436305984e-07
    8.200000   1.86226837 -4.6336891815319914e-07
    8.200000   1.92703964 -4.7735044174082823e-07
    8.200000   1.99181073 -4.9396881920026360e-07
    8.200000   2.05658157 -5.1311009651059982e-07
    8.200000   2.12135212 -5.3462156430615414e-07
    8.200000   2.18612229 -5.5830444129535809e-07
    8.200000   2.25089198 -5.8390695250574490e-07
    8.200000   2.31566107 -6.1111847766460806e-07
    8.200000   2.38042940 -6.3956553518114478e-07
    8.200000   2.44519674 -6.6881041505351876e-07
    8.200000   2.50996278 -6.9835325570167426e-07
    8.200000   2.57472706 -7.2763825217072593e-07
    8.200000   2.63948889 -7.5606446925692078e-07
    8.200000   2.70424717 -7.8300140756552830e-07
    8.200000   2.76900006 -8.0780904558636587e-07
    8.200000   2.83374417 -8.2986159055182015e-07
    8.200000   2.89847256 -8.4857367174637474e-07
    8.200000   2.96316844 -8.6342728274880787e-07
    8.200000   3.02777863 -8.7399757709939552e-07
    8.200000   3.09200950 -8.7997697285458430e-07
    8.300000   0.04958315 -7.7657723795018676e-07
    8.300000   0.11381403 -7.7125290183332188e-07
    8.300000   0.17842421 -7.6183899557708720e-07
    8.300000   0.24312010 -7.4860685339404925e-07
    8.300000   0.30784849 -7.3193154870864049e-07
    8.300000   0.37259260 -7.1227084723147120e-07
    8.300000   0.43734549 -6.9014267598817879e-07
    8.300000   0.50210377 -6.6610153575239652e-07
    8.300000   0.56686560 -6.4071549783318783e-07
    8.300000   0.63162987 -6.1454526311925470e-07
    8.300000   0.69639591 -5.8812639996710492e-07
    8.300000   0.76116325 -5.6195545076246025e-07
    8.300000   0.82593158 -5.3648017385677355e-07
    8.300000   0.89070068 -5.1209381717546410e-07
    8.300000   0.95547037 -4.8913303224856920e-07
    8.300000   1.02024053 -4.6787884463794267e-07
    8.300000   1.08501108 -4.4855999550040872e-07
    8.300000   1.14978193 -4.3135794568736922e-07
    8.300000   1.21455301 -4.1641286925720228e-07
    8.300000   1.27932429 -4.0383003730449475e-07
    8.300000   1.34409571 -3.9368608719865418e-07
    8.300000   1.40886724 -3.8603477204452224e-07
    8.300000   1.47363885 -3.8091188014990120e-07
    8.300000   1.53841049 -3.7833909857104076e-07
    8.300000   1.60318216 -3.7832666621580663e-07
    8.300000   1.66795381 -3.8087472129018689e-07
    8.300000   1.73272541 -3.8597329796496948e-07
    8.300000   1.79749694 -3.9360097232370974e-07
    8.300000   1.86226837 -4.0372220283043032e-07
    8.300000   1.92703964 -4.1628346067033353e-07
    8.300000   1.99181073 -4.3120830463609151e-07
    8.300000   2.05658157 -4.4839162667327994e-07
    8.300000   2.12135212 -4.6769337850036174e-07
    8.300000   2.18612229 -4.8893218470733874e-07
    8.300000   2.25089198 -5.1187934744816827e-07
    8.300000   2.31566107 -5.3625384201379871e-07
    8.300000   2.38042940 -5.6171897654701257e-07
    8.300000   2.44519674 -5.8788142455964067e-07
    8.300000   2.50996278 -6.1429331547310113e-07
    8.300000   2.57472706 -6.4045796706827429e-07
    8.300000   2.63948889 -6.6583965082296492e-07
    8.300000   2.70424717 -6.8987749348971934e-07
    8.300000   2.76900006 -7.1200324777536956e-07
    8.300000   2.83374417 -7.3166224184871595e-07
    8.300000   2.89847256 -7.4833639063661024e-07
    8.300000   2.96316844 -7.6156779064562915e-07
    8.300000   3.02777863 -7.7098125704735379e-07
    8.300000   3.09200950 -7.7630537534276141e-07
    8.400000   0.04958315 -6.8467605901269910e-07
    8.400000   0.11381403 -6.7993229116822908e-07
    8.400000   0.17842421 -6.7154359465095044e-07
    8.400000   0.24312010 -6.5974968932814030e-07
    8.400000   0.30784849 -6.4488218897818640e-07
    8.400000   0.37259260 -6.2734618606625296e-07
    8.400000   0.43734549 -6.0760053174621393e-07
    8.400000   0.50210377 -5.8613714535475429e-07
    8.400000   0.56686560 -5.6346077730990321e-07
    8.400000   0.63162987 -5.4007051762693113e-07
    8.400000   0.69639591 -5.1644403581139532e-07
    8.400000   0.76116325 -4.9302517203770210e-07
    8.400000   0.82593158 -4.7021513357240328e-07
    8.400000   0.89070068 -4.4836722696377514e-07
    8.400000   0.95547037 -4.2778480233679093e-07
    8.400000   1.02024053 -4.0872191257914038e-07
    8.400000   1.08501108 -3.9138609560061050e-07
    8.400000   1.14978193 -3.7594266133326727e-07
    8.400000   1.21455301 -3.6251989089249661e-07
    8.400000   1.27932429 -3.5121461610295097e-07
    8.400000   1.34409571 -3.4209772754326246e-07
    8.400000   1.40886724 -3.3521924550878190e-07
    8.400000   1.47363885 -3.3061267163707473e-07
    8.400000   1.53841049 -3.2829841391548640e-07
    8.400000   1.60318216 -3.2828614217757735e-07
    8.400000   1.66795381 -3.3057598544019914e-07
    8.400000   1.73272541 -3.3515852888718321e-07
    8.400000   1.79749694 -3.4201361054237203e-07
    8.400000   1.86226837 -3.5110795994836861e-07
    8.400000   1.92703964 -3.6239176762012453e-07
    8.400000   1.99181073 -3.7579432830222123e-07
    8.400000   2.05658157 -3.9121896547609481e-07
    8.400000   2.12135212 -4.0853751955541388e-07
    8.400000   2.18612229 -4.2758476555673898e-07
    8.400000   2.25089198 -4.4815321228500134e-07
    8.400000   2.31566107 -4.6998881499521726e-07
    8.400000   2.38042940 -4.9278819423338904e-07
    8.400000   2.44519674 -5.1619797924217223e-07
    8.400000   2.50996278 -5.3981686772353077e-07
    8.400000   2.57472706 -5.6320089904192479e-07
    8.400000   2.63948889 -5.8587226429645131e-07
    8.400000   2.70424717 -6.0733172242905784e-07
    8.400000   2.76900006 -6.2707436803045928e-07
    8.400000   2.83374417 -6.4460813053102951e-07
    8.400000   2.89847256 -6.5947401862273130e-07
    8.400000   2.96316844 -6.7126681735971991e-07
    8.400000   3.02777863 -6.7965481373881487e-07
    8.400000   3.09200950 -6.8439821622235361e-07
    8.500000   0.04958315 -6.0321726589379864e-07
    8.500000   0.11381403 -5.9898861122322694e-07
    8.500000   0.17842421 -5.9150976259003735e-07
    8.500000   0.24312010 -5.8099274097030880e-07
    8.500000   0.30784849 -5.6773104181728476e-07
    8.500000   0.37259260 -5.5208349512409523e-07
    8.500000   0.43734549 -5.3445697726912971e-07
    8.500000   0.50210377 -5.1528823464901428e-07
    8.500000   0.56686560 -4.9502605718334473e-07
    8.500000   0.63162987 -4.7411493328920680e-07
    8.500000   0.69639591 -4.5298105726711628e-07
    8.500000   0.76116325 -4.3202124561362269e-07
    8.500000   0.82593158 -4.1159500164347264e-07
    8.500000   0.89070068 -3.9201968496310823e-07
    8.500000   0.95547037 -3.7356851756687632e-07
    8.500000   1.02024053 -3.5647100228738134e-07
    8.500000   1.08501108 -3.4091524152349998e-07
    8.500000   1.14978193 -3.2705161592888496e-07
    8.500000   1.21455301 -3.1499730095148307e-07
    8.500000   1.27932429 -3.0484114903751181e-07
    8.500000   1.34409571 -2.9664853331496086e-07
    8.500000   1.40886724 -2.9046582325426740e-07
    8.500000   1.47363885 -2.8632423601388552e-07
    8.500000   1.53841049 -2.8424287385410605e-07
    8.500000   1.60318216 -2.8423081601020753e-07
    8.500000   1.66795381 -2.8628818288665813e-07
    8.500000   1.73272541 -2.9040613332180811e-07
    8.500000   1.79749694 -2.9656579497100824e-07
    8.500000   1.86226837 -3.0473616715976538e-07
    8.500000   1.92703964 -3.1487107844776407e-07
    8.500000   1.99181073 -3.2690533064980700e-07
    8.500000   2.05658157 -3.4075021906570549e-07
    8.500000   2.12135212 -3.5628868538428076e-07
    8.500000   2.18612229 -3.7337043292037985e-07
    8.500000   2.25089198 -3.9180740855818347e-07
    8.500000   2.31566107 -4.1137012371188909e-07
    8.500000   2.38042940 -4.3178533654797357e-07
    8.500000   2.44519674 -4.5273563581559777e-07
    8.500000   2.50996278 -4.7386143834889770e-07
    8.500000   2.57472706 -4.9476582439271329e-07
    8.500000   2.63948889 -5.1502247877956101e-07
    8.500000   2.70424717 -5.3418678114000514e-07
    8.500000   2.76900006 -5.5180980542598912e-07
    8.500000   2.83374417 -5.6745467187847806e-07
    8.500000   2.89847256 -5.8071438013959979e-07
    8.500000   2.96316844 -5.9122999160335057e-07
    8.500000   3.02777863 -5.9870792265528621e-07
    8.500000   3.09200950 -6.0293608849262729e-07
    8.600000   0.04958315 -5.3103167323754763e-07
    8.600000   0.11381403 -5.2726052328208586e-07
    8.600000   0.17842421 -5.2058995097142949e-07
    8.600000   0.24312010 -5.1120766324954970e-07
    8.600000   0.30784849 -4.9937366162603188e-07
    8.600000   0.37259260 -4.8540607449769300e-07
    8.600000   0.43734549 -4.6966597814317193e-07
    8.600000   0.50210377 -4.5254140728114831e-07
    8.600000   0.56686560 -4.3443163371441083e-07
    8.600000   0.63162987 -4.1573270541482268e-07
    8.600000   0.69639591 -3.9682501609660094e-07
    8.600000   0.76116325 -3.7806340447074338e-07
    8.600000   0.82593158 -3.5977000700731897e-07
    8.600000   0.89070068 -3.4222984038296691e-07
    8.600000   0.95547037 -3.2568889092846431e-07
    8.600000   1.02024053 -3.1035434827963487e-07
    8.600000   1.08501108 -2.9639653935852297e-07
    8.600000   1.14978193 -2.8395208994607662e-07
    8.600000   1.21455301 -2.7312785344459103e-07
    8.600000   1.27932429 -2.6400518749309367e-07
    8.600000   1.34409571 -2.5664421698948472e-07
    8.600000   1.40886724 -2.5108778686478101e-07
    8.600000   1.47363885 -2.4736487229441007e-07
    8.600000   1.53841049 -2.4549327333288328e-07
    8.600000   1.60318216 -2.4548147315096493e-07
    8.600000   1.66795381 -2.4732958408642002e-07
    8.600000   1.73272541 -2.5102934516796192e-07
    8.600000   1.79749694 -2.5656317115259159e-07
    8.600000   1.86226837 -2.6390228951248486e-07
    8.600000   1.92703964 -2.7300404125151724e-07
    8.600000   1.99181073 -2.8380846649575752e-07
    8.600000   2.05658157 -2.9623434799678201e-07
    8.600000   2.12135212 -3.1017494500488036e-07
    8.600000   2.18612229 -3.2549371432909095e-07
    8.600000   2.25089198 -3.4202038017052773e-07
    8.600000   2.31566107 -3.5954777220543728e-07
    8.600000   2.38042940 -3.7782989241150768e-07
    8.600000   2.44519674 -3.9658168343040543e-07
    8.600000   2.50996278 -4.1548094230694027e-07
    8.600000   2.57472706 -4.3417274231496245e-07
    8.600000   2.63948889 -4.5227658536673014e-07
    8.600000   2.70424717 -4.6939630859680444e-07
    8.600000   2.76900006 -4.8513252098653900e-07
    8.600000   2.83374417 -4.9909707052440315e-07
    8.600000   2.89847256 -5.1092877153560183e-07
    8.600000   2.96316844 -5.2030939954504179e-07
    8.600000   3.02777863 -5.2697887490073464e-07
    8.600000   3.09200950 -5.3074943395187299e-07
    8.700000   0.04958315 -4.6708202682014898e-07
    8.700000   0.11381403 -4.6371757915268376e-07
    8.700000   0.17842421 -4.5776567959921583e-07
    8.700000   0.24312010 -4.4939265592242595e-07
    8.700000   0.30784849 -4.3882903094751980e-07
    8.700000   0.37259260 -4.2635706858036698e-07
    8.700000   0.43734549 -4.1229742835651849e-07
    8.700000   0.50210377 -3.9699508239921147e-07
    8.700000   0.56686560 -3.8080543593396748e-07
    8.700000   0.63162987 -3.6408152274435458e-07
    8.700000   0.69639591 -3.4716295686535720e-07
    8.700000   0.76116325 -3.3036708796599431e-07
    8.700000   0.82593158 -3.1398256835810839e-07
    8.700000   0.89070068 -2.9826532246468419e-07
    8.700000   0.95547037 -2.8343673356389382e-07
    8.700000   1.02024053 -2.6968373693708818e-07
    8.700000   1.08501108 -2.5716043404669120e-07
    8.700000   1.14978193 -2.4599081361396498e-07
    8.700000   1.21455301 -2.3627217333674428e-07
    8.700000   1.27932429 -2.2807886973770692e-07
    8.700000   1.34409571 -2.2146607302688443e-07
    8.700000   1.40886724 -2.1647326013147074e-07
    8.700000   1.47363885 -2.1312723562063320e-07
    8.700000   1.53841049 -2.1144452301597709e-07
    8.700000   1.60318216 -2.1143301588187987e-07
    8.700000   1.66795381 -2.1309281900999432e-07
    8.700000   1.73272541 -2.1641624617641567e-07
    8.700000   1.79749694 -2.2138697451083364e-07
    8.700000   1.86226837 -2.2797838908117920e-07
    8.700000   1.92703964 -2.3615118746500444e-07
    8.700000   1.99181073 -2.4585035501970803e-07
    8.700000   2.05658157 -2.5700166848047616e-07
    8.700000   2.12135212 -2.6950793827873675e-07
    8.700000   2.18612229 -2.8324525657366444e-07
    8.700000   2.25089198 -2.9805957424573776e-07
    8.700000   2.31566107 -3.1376397947270527e-07
    8.700000   2.38042940 -3.3013708424624389e-07
    8.700000   2.44519674 -3.4692293299223746e-07
    8.700000   2.50996278 -3.6383281865221733e-07
    8.700000   2.57472706 -3.8054931701507191e-07
    8.700000   2.63948889 -3.9673272432484880e-07
    8.700000   2.70424717 -4.1202990711603324e-07
    8.700000   2.76900006 -4.2608535607712120e-07
    8.700000   2.83374417 -4.3855399620998377e-07
    8.700000   2.89847256 -4.4911507170053976e-07
    8.700000   2.96316844 -4.5748623386364998e-07
    8.700000   3.02777863 -4.6343689078029805e-07
    8.700000   3.09200950 -4.6680066442319767e-07
    8.800000   0.04958315 -4.1044749379416833e-07
    8.800000   0.11381403 -4.0744486945392298e-07
    8.800000   0.17842421 -4.0213246056776533e-07
    8.800000   0.24312010 -3.9465776738012463e-07
    8.800000   0.30784849 -3.8522532971192596e-07
    8.800000   0.37259260 -3.7408576531228953e-07
    8.800000   0.43734549 -3.6152402182554229e-07
    8.800000   0.50210377 -3.4784695889753370e-07
    8.800000   0.56686560 -3.3337108301798594e-07
    8.800000   0.63162987 -3.1841120117303048e-07
    8.800000   0.69639591 -3.0327059644898054e-07
    8.800000   0.76116325 -2.8823312642316500e-07
    8.800000   0.82593158 -2.7355743650498324e-07
    8.800000   0.89070068 -2.5947328984069460e-07
    8.800000   0.95547037 -2.4617985954324830e-07
    8.800000   1.02024053 -2.3384571635453463e-07
    8.800000   1.08501108 -2.2261017663408636e-07
    8.800000   1.14978193 -2.1258564749361177e-07
    8.800000   1.21455301 -2.0386061033539851e-07
    8.800000   1.27932429 -1.9650291182428364e-07
    8.800000   1.34409571 -1.9056307350936828e-07
    8.800000   1.40886724 -1.8607738024313536e-07
    8.800000   1.47363885 -1.8307055733442567e-07
    8.800000   1.53841049 -1.8155789330568810e-07
    8.800000   1.60318216 -1.8154670725106597e-07
    8.800000   1.66795381 -1.8303709690744726e-07
    8.800000   1.73272541 -1.8602193662516138e-07
    8.800000   1.79749694 -1.9048612527096497e-07
    8.800000   1.86226837 -1.9640511495193875e-07
    8.800000   1.92703964 -2.0374278453224965e-07
    8.800000   1.99181073 -2.1244875903138522e-07
    8.800000   2.05658157 -2.2245531815046328e-07
    8.800000   2.12135212 -2.3367408408900817e-07
    8.800000   2.18612229 -2.4599272864424827e-07
    8.800000   2.25089198 -2.5927198848394611e-07
    8.800000   2.31566107 -2.7334331967335345e-07
    8.800000   2.38042940 -2.8800755027787144e-07
    8.800000   2.44519674 -3.0303489425480392e-07
    8.800000   2.50996278 -3.1816666172724413e-07
    8.800000   2.57472706 -3.3311893245836844e-07
    8.800000   2.63948889 -3.4758834662803590e-07
    8.800000   2.70424717 -3.6126001110292692e-07
    8.800000   2.76900006 -3.7381732881628294e-07
    8.800000   2.83374417 -3.8495335015355706e-07
    8.800000   2.89847256 -3.9438304296499064e-07
    8.800000   2.96316844 -4.0185571488166377e-07
    8.800000   3.02777863 -4.0716676514170975e-07
    8.800000   3.09200950 -4.1016864904998214e-07
    8.900000   0.04958315 -3.6031015357269428e-07
    8.900000   0.11381403 -3.5762964497470425e-07
    8.900000   0.17842421 -3.5288664741551132e-07
    8.900000   0.24312010 -3.4621205774453775e-07
    8.900000   0.30784849 -3.3778748357026423e-07
    8.900000   0.37259260 -3.2783558384779096e-07
    8.900000   0.43734549 -3.1660971529203292e-07
    8.900000   0.50210377 -3.0438297156046858e-07
    8.900000   0.56686560 -2.9143733523593848e-07
    8.900000   0.63162987 -2.7805361683517535e-07
    8.900000   0.69639591 -2.6450271510436427e-07
    8.900000   0.76116325 -2.5103855749556405e-07
    8.900000   0.82593158 -2.3789289763562276e-07
    8.900000   0.89070068 -2.2527197918716221e-07
    8.900000   0.95547037 -2.1335493744587219e-07
    8.900000   1.02024053 -2.0229370912520574e-07
    8.900000   1.08501108 -1.9221415850005955e-07
    8.900000   1.14978193 -1.8321810109895676e-07
    8.900000   1.21455301 -1.7538590795491902e-07
    8.900000   1.27932429 -1.6877939628988338e-07
    8.900000   1.34409571 -1.6344474859639693e-07
    8.900000   1.40886724 -1.5941524466163669e-07
    8.900000   1.47363885 -1.5671363494579109e-07
    8.900000   1.53841049 -1.5535402545660646e-07
    8.900000   1.60318216 -1.5534318208528580e-07
    8.900000   1.66795381 -1.5668119598001989e-07
    8.900000   1.73272541 -1.5936148170724939e-07
    8.900000   1.79749694 -1.6337010823513752e-07
    8.900000   1.86226837 -1.6868449105207274e-07
    8.900000   1.92703964 -1.7527150391567881e-07
    8.900000   1.99181073 -1.8308510235485421e-07
    8.900000   2.05658157 -1.9206358887128004e-07
    8.900000   2.12135212 -2.0212669153820898e-07
    8.900000   2.18612229 -2.1317267155549479e-07
    8.900000   2.25089198 -2.2507571790595121e-07
    8.900000   2.31566107 -2.3768392333364197e-07
    8.900000   2.38042940 -2.5081815870021663e-07
    8.900000   2.44519674 -2.6427216456684550e-07
    8.900000   2.50996278 -2.7781415181282387e-07
    8.900000   2.57472706 -2.9119014078052798e-07
    8.900000   2.63948889 -3.0412916747438526e-07
    8.900000   2.70424717 -3.1635034725100825e-07
    8.900000   2.76900006 -3.2757161898412545e-07
    8.900000   2.83374417 -3.3751981057817719e-07
    8.900000   2.89847256 -3.4594149135330781e-07
    8.900000   2.96316844 -3.5261393685204814e-07
    8.900000   3.02777863 -3.5735548585110135e-07
    8.900000   3.09200950 -3.6003520228501065e-07
    9.000000   0.04958315 -3.1594318999687248e-07
    9.000000   0.11381403 -3.1354961709064998e-07
    9.000000   0.17842421 -3.0931392464733900e-07
    9.000000   0.24312010 -3.0335234923740171e-07
    9.000000   0.30784849 -2.9582623475334805e-07
    9.000000   0.37259260 -2.8693351147306527e-07
    9.000000   0.43734549 -2.7689956196473214e-07
    9.000000   0.50210377 -2.6596753739571474e-07
    9.000000   0.56686560 -2.5438875534289045e-07
    9.000000   0.63162987 -2.4241377311046102e-07
    9.000000   0.69639591 -2.3028461003328288e-07
    9.000000   0.76116325 -2.1822843997736727e-07
    9.000000   0.82593158 -2.0645291613658561e-07
    9.000000   0.89070068 -1.9514314299225206e-07
    9.000000   0.95547037 -1.8446018797920393e-07
    9.000000   1.02024053 -1.7454093507741410e-07
    9.000000   1.08501108 -1.6549902586286730e-07
    9.000000   1.14978193 -1.5742660787419510e-07
    9.000000   1.21455301 -1.5039661004530693e-07
    9.000000   1.27932429 -1.4446528376899041e-07
    9.000000   1.34409571 -1.3967477906719298e-07
    9.000000   1.40886724 -1.3605556244874446e-07
    9.000000   1.47363885 -1.3362852169428916e-07
    9.000000   1.53841049 -1.3240663992698266e-07
    9.000000   1.60318216 -1.3239615525309267e-07
    9.000000   1.66795381 -1.3359715266947814e-07
    9.000000   1.73272541 -1.3600356239913458e-07
    9.000000   1.79749694 -1.3960256468613715e-07
    9.000000   1.86226837 -1.4437342694449537e-07
    9.000000   1.92703964 -1.5028582663189262e-07
    9.000000   1.99181073 -1.5729774363740288e-07
    9.000000   2.05658157 -1.6535303991037171e-07
    9.000000   2.12135212 -1.7437888118399884e-07
    9.000000   2.18612229 -1.8428319430856682e-07
    9.000000   2.25089198 -1.9495239081210181e-07
    9.000000   2.31566107 -2.0624961821501614e-07
    9.000000   2.38042940 -2.1801381940057349e-07
    9.000000   2.44519674 -2.3005988022426640e-07
    9.000000   2.50996278 -2.4218011980831165e-07
    9.000000   2.57472706 -2.5414732125260439e-07
    9.000000   2.63948889 -2.6571941010722935e-07
    9.000000   2.70424717 -2.7664576559284045e-07
    9.000000   2.76900006 -2.8667500228642260e-07
    9.000000   2.83374417 -2.9556390086426651e-07
    9.000000   2.89847256 -3.0308701421055631e-07
    9.000000   2.96316844 -3.0904635470760607e-07
    9.000000   3.02777863 -3.1328053141745021e-07
    9.000000   3.09200950 -3.1567327325605640e-07
    9.100000   0.04958315 -2.7670053820320022e-07
    9.100000   0.11381403 -2.7456269489856555e-07
    9.100000   0.17842421 -2.7077920265040490e-07
    9.100000   0.24312010 -2.6545333895592737e-07
    9.100000   0.30784849 -2.5872852285164967e-07
    9.100000   0.37259260 -2.5078079100559337e-07
    9.100000   0.43734549 -2.4181073188744380e-07
    9.100000   0.50210377 -2.3203492317058604e-07
    9.100000   0.56686560 -2.2167742621419514e-07
    9.100000   0.63162987 -2.1096186142686949e-07
    9.100000   0.69639591 -2.0010448432803996e-07
    9.100000   0.76116325 -1.8930854969273202e-07
    9.100000   0.82593158 -1.7876011193666949e-07
    9.100000   0.89070068 -1.6862528030369501e-07
    9.100000   0.95547037 -1.5904883898445579e-07
    9.100000   1.02024053 -1.5015406148719442e-07
    9.100000   1.08501108 -1.4204349709338951e-07
    9.100000   1.14978193 -1.3480048301205698e-07
    9.100000   1.21455301 -1.2849113433959257e-07
    9.100000   1.27932429 -1.2316657939538922e-07
    9.100000   1.34409571 -1.1886523451979183e-07
    9.100000   1.40886724 -1.1561494479048651e-07
    9.100000   1.47363885 -1.1343485119557919e-07
    9.100000   1.53841049 -1.1233687781762821e-07
    9.100000   1.60318216 -1.1232676301586854e-07
    9.100000   1.66795381 -1.1340458604725390e-07
    9.100000   1.73272541 -1.1556476556180535e-07
    9.100000   1.79749694 -1.1879552999260844e-07
    9.100000   1.86226837 -1.2307788347015647e-07
    9.100000   1.92703964 -1.2838411586986296e-07
    9.100000   1.99181073 -1.3467593307883077e-07
    9.100000   2.05658157 -1.4190231400167148e-07
    9.100000   2.12135212 -1.4999723384973460e-07
    9.100000   2.18612229 -1.5887742734318915e-07
    9.100000   2.25089198 -1.6844039783039058e-07
    9.100000   2.31566107 -1.7856290481984997e-07
    9.100000   2.38042940 -1.8910017788275113e-07
    9.100000   2.44519674 -1.9988610333168733e-07
    9.100000   2.50996278 -2.1073460583906526e-07
    9.100000   2.57472706 -2.2144239562153272e-07
    9.100000   2.63948889 -2.3179317096576113e-07
    9.100000   2.70424717 -2.4156325740639271e-07
    9.100000   2.76900006 -2.5052853523019173e-07
    9.100000   2.83374417 -2.5847236775259229e-07
    9.100000   2.89847256 -2.6519411035614118e-07
    9.100000   2.96316844 -2.7051767632490670e-07
    9.100000   3.02777863 -2.7429960545415991e-07
    9.100000   3.09200950 -2.7643658994886565e-07
    9.200000   0.04958315 -2.4200778186930322e-07
    9.200000   0.11381403 -2.4009795812460192e-07
    9.200000   0.17842421 -2.3671772294002860e-07
    9.200000   0.24312010 -2.3195888700973948e-07
    9.200000   0.30784849 -2.2594899825263689e-07
    9.200000   0.37259260 -2.1884469242558312e-07
    9.200000   0.43734549 -2.1082456451364845e-07
    9.200000   0.50210377 -2.0208159162303463e-07
    9.200000   0.56686560 -1.9281559398446106e-07
    9.200000   0.63162987 -1.8322619634794851e-07
    9.200000   0.69639591 -1.7350666218102882e-07
    9.200000   0.76116325 -1.6383885770937927e-07
    9.200000   0.82593158 -1.5438948086312532e-07
    9.200000   0.89070068 -1.4530757603560716e-07
    9.200000   0.95547037 -1.3672325940088840e-07
    9.200000   1.02024053 -1.2874750727472896e-07
    9.200000   1.08501108 -1.2147281332453236e-07
    9.200000   1.14978193 -1.1497449775919408e-07
    9.200000   1.21455301 -1.0931244911223549e-07
    9.200000   1.27932429 -1.0453309193706323e-07
    9.200000   1.34409571 -1.0067139651858440e-07
    9.200000   1.40886724 -9.7752774946305092e-08
    9.200000   1.47363885 -9.5794737977791863e-08
    9.200000   1.53841049 -9.4808216488181113e-08
    9.200000   1.60318216 -9.4798478565598217e-08
    9.200000   1.66795381 -9.5765598114324655e-08
    9.200000   1.73272541 -9.7704453492226822e-08
    9.200000   1.79749694 -1.0060425620429078e-07
    9.200000   1.86226837 -1.0444763117341983e-07
    9.200000   1.92703964 -1.0920929278980037e-07
    9.200000   1.99181073 -1.1485438572527060e-07
    9.200000   2.05658157 -1.2133658679473555e-07
    9.200000   2.12135212 -1.2859609351031998e-07
    9.200000   2.18612229 -1.3655765505252029e-07
    9.200000   2.25089198 -1.4512882963910175e-07
    9.200000   2.31566107 -1.5419867503578042e-07
    9.200000   2.38042940 -1.6363709164276101e-07
    9.200000   2.44519674 -1.7329503505562361e-07
    9.200000   2.50996278 -1.8300579228224565e-07
    9.200000   2.57472706 -1.9258746909066872e-07
    9.200000   2.63948889 -2.0184676365361359e-07
    9.200000   2.70424717 -2.1058400547287009e-07
    9.200000   2.76900006 -2.1859932436942492e-07
    9.200000   2.83374417 -2.2569969234551311e-07
    9.200000   2.89847256 -2.3170646574327974e-07
    9.200000   2.96316844 -2.3646296525930855e-07
    9.200000   3.02777863 -2.3984160705541407e-07
    9.200000   3.09200950 -2.4175055390942608e-07
    9.300000   0.04958315 -2.1135413051819371e-07
    9.300000   0.11381403 -2.0964769817224803e-07
    9.300000   0.17842421 -2.0662721076935268e-07
    9.300000   0.24312010 -2.0237432347394875e-07
    9.300000   0.30784849 -1.9700251947454903e-07
    9.300000   0.37259260 -1.9065122875752286e-07
    9.300000   0.43734549 -1.8347952289738994e-07
    9.300000   0.50210377 -1.7565940532900622e-07
    9.300000   0.56686560 -1.6736912508628089e-07
    9.300000   0.63162987 -1.5878692231330471e-07
    9.300000   0.69639591 -1.5008553604211500e-07
    9.300000   0.76116325 -1.4142770407111006e-07
    9.300000   0.82593158 -1.3296277781419606e-07
    9.300000   0.89070068 -1.2482447433101926e-07
    9.300000   0.95547037 -1.1712970246630127e-07
    9.300000   1.02024053 -1.0997833541546294e-07
    9.300000   1.08501108 -1.0345375979692851e-07
    9.300000   1.14978193 -9.7624010188517014e-08
    9.300000   1.21455301 -9.2543294887527784e-08
    9.300000   1.27932429 -8.8253729079964649e-08
    9.300000   1.34409571 -8.4787111189119451e-08
    9.300000   1.40886724 -8.2166602867404125e-08
    9.300000   1.47363885 -8.0408199634462321e-08
    9.300000   1.53841049 -7.9521905292699039e-08
    9.300000   1.60318216 -7.9512547688171286e-08
    9.300000   1.66795381 -8.0380195734722217e-08
    9.300000   1.73272541 -8.2120158181582874e-08
    9.300000   1.79749694 -8.4722564139373809e-08
    9.300000   1.86226837 -8.8171544937233688e-08
    9.300000   1.92703964 -9.2444057439258553e-08
    9.300000   1.99181073 -9.7508411305614382e-08
    9.300000   2.05658157 -1.0332258712716784e-07
    9.300000   2.12135212 -1.0983245850015548e-07
    9.300000   2.18612229 -1.1697005764461956e-07
    9.300000   2.25089198 -1.2465204886339615e-07
    9.300000   2.31566107 -1.3277859371547241e-07
    9.300000   2.38042940 -1.4123280219554627e-07
    9.300000   2.44519674 -1.4988096096856495e-07
    9.300000   2.50996278 -1.5857370859113855e-07
    9.300000   2.57472706 -1.6714828534772705e-07
    9.300000   2.63948889 -1.7543192070951731e-07
    9.300000   2.70424717 -1.8324633609742520e-07
    9.300000   2.76900006 -1.9041323995565740e-07
    9.300000   2.83374417 -1.9676058515380027e-07
    9.300000   2.89847256 -2.0212925808338090e-07
    9.300000   2.96316844 -2.0637979099523090e-07
    9.300000   3.02777863 -2.0939866946132633e-07
    9.300000   3.09200950 -2.1110421515338202e-07
    9.400000   0.04958315 -1.8428533398851940e-07
    9.400000   0.11381403 -1.8276038656987344e-07
    9.400000   0.17842421 -1.8006093810491742e-07
    9.400000   0.24312010 -1.7625964227211983e-07
    9.400000   0.30784849 -1.7145750874614443e-07
    9.400000   0.37259260 -1.6577869759730432e-07
    9.400000   0.43734549 -1.5936493839658589e-07
    9.400000   0.50210377 -1.5236958478757720e-07
    9.400000   0.56686560 -1.4495168131156656e-07
    9.400000   0.63162987 -1.3727040336914854e-07
    9.400000   0.69639591 -1.2948016373480876e-07
    9.400000   0.76116325 -1.2172659108387983e-07
    9.400000   0.82593158 -1.1414349210076565e-07
    9.400000   0.89070068 -1.0685081991594902e-07
    9.400000   0.95547037 -9.9953595959972929e-08
    9.400000   1.02024053 -9.3541674570395984e-08
    9.400000   1.08501108 -8.7690201517981467e-08
    9.400000   1.14978193 -8.2460598052049060e-08
    9.400000   1.21455301 -7.7901898408710992e-08
    9.400000   1.27932429 -7.4052277271121951e-08
    9.400000   1.34409571 -7.0940620543572499e-08
    9.400000   1.40886724 -6.8588014380351373e-08
    9.400000   1.47363885 -6.7009050853249081e-08
    9.400000   1.53841049 -6.6212871892157351e-08
    9.400000   1.60318216 -6.6203895008825876e-08
    9.400000   1.66795381 -6.6982184467164548e-08
    9.400000   1.73272541 -6.8543450164135343e-08
    9.400000   1.79749694 -7.0878674246654688e-08
    9.400000   1.86226837 -7.3973383227441697e-08
    9.400000   1.92703964 -7.7806601993303002e-08
    9.400000   1.99181073 -8.2349546230292986e-08
    9.400000   2.05658157 -8.7564131699748464e-08
    9.400000   2.12135212 -9.3401402030281222e-08
    9.400000   2.18612229 -9.9800000152361488e-08
    9.400000   2.25089198 -1.0668483007256102e-07
    9.400000   2.31566107 -1.1396607255090930e-07
    9.400000   2.38042940 -1.2153872678085352e-07
    9.400000   2.44519674 -1.2928284648105410e-07
    9.400000   2.50996278 -1.3706461924578044e-07
    9.400000   2.57472706 -1.4473839975981553e-07
    9.400000   2.63948889 -1.5214974974709824e-07
    9.400000   2.70424717 -1.5913946179441318e-07
    9.400000   2.76900006 -1.6554845538671695e-07
    9.400000   2.83374417 -1.7122333954772206e-07
    9.400000   2.89847256 -1.7602234855706837e-07
    9.400000   2.96316844 -1.7982128972055176e-07
    9.400000   3.02777863 -1.8251912628234253e-07
    9.400000   3.09200950 -1.8404318439955871e-07
    9.500000   0.04958315 -1.6039741345299057e-07
    9.500000   0.11381403 -1.5903445192247003e-07
    9.500000   0.17842421 -1.5662158107265642e-07
    9.500000   0.24312010 -1.5322347019957505e-07
    9.500000   0.30784849 -1.4893005904329972e-07
    9.500000   0.37259260 -1.4385194712770295e-07
    9.500000   0.43734549 -1.3811545076017319e-07
    9.500000   0.50210377 -1.3185733177334762e-07
    9.500000   0.56686560 -1.2521953002089238e-07
    9.500000   0.63162987 -1.1834421880971143e-07
    9.500000   0.69639591 -1.1136944384508011e-07
    9.500000   0.76116325 -1.0442552934200972e-07
    9.500000   0.82593158 -9.7632352439124568e-08
    9.500000   0.89070068 -9.1097508635341800e-08
    9.500000   0.95547037 -8.4915323816866779e-08
    9.500000   1.02024053 -7.9166616852111102e-08
    9.500000   1.08501108 -7.3919082261253106e-08
    9.500000   1.14978193 -6.9228144424695050e-08
    9.500000   1.21455301 -6.5138130857233427e-08
    9.500000   1.27932429 -6.1683619091797837e-08
    9.500000   1.34409571 -5.8890826229993776e-08
    9.500000   1.40886724 -5.6778929119974371e-08
    9.500000   1.47363885 -5.5361223834887928e-08
    9.500000   1.53841049 -5.4646053792157619e-08
    9.500000   1.60318216 -5.4637455470337309e-08
    9.500000   1.66795381 -5.5335488798690000e-08
    9.500000   1.73272541 -5.6736236147208941e-08
    9.500000   1.79749694 -5.8831469927163323e-08
    9.500000   1.86226837 -6.1608004923099397e-08
    9.500000   1.92703964 -6.5046768308746850e-08
    9.500000   1.99181073 -6.9121638447874427e-08
    9.500000   2.05658157 -7.3798123173916437e-08
    9.500000   2.12135212 -7.9031968936638213e-08
    9.500000   2.18612229 -8.4767812915486062e-08
    9.500000   2.25089198 -9.0938009080047839e-08
    9.500000   2.31566107 -9.7461773720326347e-08
    9.500000   2.38042940 -1.0424480294198141e-07
    9.500000   2.44519674 -1.1117951068615234e-07
    9.500000   2.50996278 -1.1814601775786817e-07
    9.500000   2.57472706 -1.2501398786183936e-07
    9.500000   2.63948889 -1.3164535501045975e-07
    9.500000   2.70424717 -1.3789791951255462e-07
    9.500000   2.76900006 -1.4362971129958450e-07
    9.500000   2.83374417 -1.4870393682133808e-07
    9.500000   2.89847256 -1.5299424882832686e-07
    9.500000   2.96316844 -1.5639001972547504e-07
    9.500000   3.02777863 -1.5880128638530856e-07
    9.500000   3.09200950 -1.6016336201390499e-07
    9.600000   0.04958315 -1.3933110653259032e-07
    9.600000   0.11381403 -1.3811276429661445e-07
    9.600000   0.17842421 -1.3595577320753175e-07
    9.600000   0.24312010 -1.3291771573202821e-07
    9.600000   0.30784849 -1.2907870124927858e-07
    9.600000   0.37259260 -1.2453727984628894e-07
    9.600000   0.43734549 -1.1940606169100444e-07
    9.600000   0.50210377 -1.1380704101404445e-07
    9.600000   0.56686560 -1.0786691747539396e-07
    9.600000   0.63162987 -1.0171269740936607e-07
    9.600000   0.69639591 -9.5467806422145315e-08
    9.600000   0.76116325 -8.9248877488576000e-08
    9.600000   0.82593158 -8.3163306092055713e-08
    9.600000   0.89070068 -7.7307594691097731e-08
    9.600000   0.95547037 -7.1766449180584311e-08
    9.600000   1.02024053 -6.6612543919005799e-08
    9.600000   1.08501108 -6.1906840820074630e-08
    9.600000   1.14978193 -5.7699331408181712e-08
    9.600000   1.21455301 -5.4030066677756367e-08
    9.600000   1.27932429 -5.0930345327218960e-08
    9.600000   1.34409571 -4.8423943455815722e-08
    9.600000   1.40886724 -4.6528285382746647e-08
    9.600000   1.47363885 -4.5255473519437316e-08
    9.600000   1.53841049 -4.4613113663016585e-08
    9.600000   1.60318216 -4.4604889595313465e-08
    9.600000   1.66795381 -4.5230857208705206e-08
    9.600000   1.73272541 -4.6487443590104386e-08
    9.600000   1.79749694 -4.8367151077150716e-08
    9.600000   1.86226837 -5.0857980888392400e-08
    9.600000   1.92703964 -5.3942606146592169e-08
    9.600000   1.99181073 -5.7597340438609825e-08
    9.600000   2.05658157 -6.1790965603486496e-08
    9.600000   2.12135212 -6.6483500849500832e-08
    9.600000   2.18612229 -7.1625013603889812e-08
    9.600000   2.25089198 -7.7154589044703709e-08
    9.600000   2.31566107 -8.2999587794300090e-08
    9.600000   2.38042940 -8.9075326960087890e-08
    9.600000   2.44519674 -9.5285315641678558e-08
    9.600000   2.50996278 -1.0152215940294777e-07
    9.600000   2.57472706 -1.0766921710848008e-07
    9.600000   2.63948889 -1.1360304740154337e-07
    9.600000   2.70424717 -1.1919662248114618e-07
    9.600000   2.76900006 -1.2432321752582107e-07
    9.600000   2.83374417 -1.2886081153513348e-07
    9.600000   2.89847256 -1.3269676799337786e-07
    9.600000   2.96316844 -1.3573251277141810e-07
    9.600000   3.02777863 -1.3788791637447214e-07
    9.600000   3.09200950 -1.3910538120544536e-07
    9.700000   0.04958315 -1.2076693896597294e-07
    9.700000   0.11381403 -1.1967774062143899e-07
    9.700000   0.17842421 -1.1774927003435332e-07
    9.700000   0.24312010 -1.1503281580727593e-07
    9.700000   0.30784849 -1.1159975288269751e-07
    9.700000   0.37259260 -1.0753791911993233e-07
    9.700000   0.43734549 -1.0294773093870019e-07
    9.700000   0.50210377 -9.7938033294943252e-08
    9.700000   0.56686560 -9.2621942374964209e-08
    9.700000   0.63162987 -8.7112931141653232e-08
    9.700000   0.69639591 -8.1521363449486582e-08
    9.700000   0.76116325 -7.5951623395420602e-08
    9.700000   0.82593158 -7.0499922692064575e-08
    9.700000   0.89070068 -6.5252807597523428e-08
    9.700000   0.95547037 -6.0286334027179258e-08
    9.700000   1.02024053 -5.5665838277940585e-08
    9.700000   1.08501108 -5.1446202816347228e-08
    9.700000   1.14978193 -4.7672501352041738e-08
    9.700000   1.21455301 -4.4380903341500971e-08
    9.700000   1.27932429 -4.1599722736585952e-08
    9.700000   1.34409571 -3.9350506604970228e-08
    9.700000   1.40886724 -3.7649073758853835e-08
    9.700000   1.47363885 -3.6506429706777345e-08
    9.700000   1.53841049 -3.5929500621059318e-08
    9.700000   1.60318216 -3.5921644720598604e-08
    9.700000   1.66795381 -3.6482914136996921e-08
    9.700000   1.73272541 -3.7610054085436370e-08
    9.700000   1.79749694 -3.9296239349722331e-08
    9.700000   1.86226837 -4.1530561297843862e-08
    9.700000   1.92703964 -4.4297292385644946e-08
    9.700000   1.99181073 -4.7574969788129496e-08
    9.700000   2.05658157 -5.1335355502566558e-08
    9.700000   2.12135212 -5.5542346653141818e-08
    9.700000   2.18612229 -6.0150925904109746e-08
    9.700000   2.25089198 -6.5106256397980471e-08
    9.700000   2.31566107 -7.0343036441151271e-08
    9.700000   2.38042940 -7.5785233822307815e-08
    9.700000   2.44519674 -8.1346315550192194e-08
    9.700000   2.50996278 -8.6930073567573046e-08
    9.700000   2.57472706 -9.2432118969059658e-08
    9.700000   2.63948889 -9.7742076073316128e-08
    9.700000   2.70424717 -1.0274645473324278e-07
    9.700000   2.76900006 -1.0733211802845184e-07
    9.700000   2.83374417 -1.1139019857755283e-07
    9.700000   2.89847256 -1.1482025766289877e-07
    9.700000   2.96316844 -1.1753443693927639e-07
    9.700000   3.02777863 -1.1946134424231214e-07
    9.700000   3.09200950 -1.2054967793629169e-07
    9.800000   0.04958315 -1.0442084761812470e-07
    9.800000   0.11381403 -1.0344699678822538e-07
    9.800000   0.17842421 -1.0172265224608238e-07
    9.800000   0.24312010 -9.9293510011379237e-08
    9.800000   0.30784849 -9.6223180462057590e-08
    9.800000   0.37259260 -9.2589973631744904e-08
    9.800000   0.43734549 -8.8483453177984506e-08
    9.800000   0.50210377 -8.4000751528306277e-08
    9.800000   0.56686560 -7.9242874402914405e-08
    9.800000   0.63162987 -7.4311216316324149e-08
    9.800000   0.69639591 -6.9304469920544002e-08
    9.800000   0.76116325 -6.4316060244316818e-08
    9.800000   0.82593158 -5.9432178596796084e-08
    9.800000   0.89070068 -5.4730436748815468e-08
    9.800000   0.95547037 -5.0279114987978640e-08
    9.800000   1.02024053 -4.6136940877946598e-08
    9.800000   1.08501108 -4.2353310347332923e-08
    9.800000   1.14978193 -3.8968848814293398e-08
    9.800000   1.21455301 -3.6016206025380537e-08
    9.800000   1.27932429 -3.3520982088558162e-08
    9.800000   1.34409571 -3.1502691514126313e-08
    9.800000   1.40886724 -2.9975684817393466e-08
    9.800000   1.47363885 -2.8949961525495877e-08
    9.800000   1.53841049 -2.8431823028964122e-08
    9.800000   1.60318216 -2.8424327750799911e-08
    9.800000   1.66795381 -2.8927524320798608e-08
    9.800000   1.73272541 -2.9938450820791097e-08
    9.800000   1.79749694 -3.1450900122254611e-08
    9.800000   1.86226837 -3.3454963262359299e-08
    9.800000   1.92703964 -3.5936375208007292e-08
    9.800000   1.99181073 -3.8875700562719927e-08
    9.800000   2.05658157 -4.2247410814758033e-08
    9.800000   2.12135212 -4.6018919317757138e-08
    9.800000   2.18612229 -5.0149654491931005e-08
    9.800000   2.25089198 -5.4590264474359678e-08
    9.800000   2.31566107 -5.9282055762588840e-08
    9.800000   2.38042940 -6.4156772208412738e-08
    9.800000   2.44519674 -6.9136816661992207e-08
    9.800000   2.50996278 -7.4136003638550551e-08
    9.800000   2.57472706 -7.9060906158195948e-08
    9.800000   2.63948889 -8.3812823122675283e-08
    9.800000   2.70424717 -8.8290346554054431e-08
    9.800000   2.76900006 -9.2392453862998645e-08
    9.800000   2.83374417 -9.6021994006061251e-08
    9.800000   2.89847256 -9.9089384588390773e-08
    9.800000   2.96316844 -1.0151629822379061e-07
    9.800000   3.02777863 -1.0323910986566959e-07
    9.800000   3.09200950 -1.0421211231651180e-07
    9.900000   0.04958315 -9.0040289846898580e-08
    9.900000   0.11381403 -8.9169482209176001e-08
    9.900000   0.17842421 -8.7627504515469851e-08
    9.900000   0.24312010 -8.5455080973865324e-08
    9.900000   0.30784849 -8.2708916464315327e-08
    9.900000   0.37259260 -7.9458843112280037e-08
    9.900000   0.43734549 -7.5784761702281349e-08
    9.900000   0.50210377 -7.1773368503140961e-08
    9.900000   0.56686560 -6.7514869159100191e-08
    9.900000   0.63162987 -6.3099876074438410e-08
    9.900000   0.69639591 -5.8616651875544241e-08
    9.900000   0.76116325 -5.4148816056653876e-08
    9.900000   0.82593158 -4.9773582264838118e-08
    9.900000   0.89070068 -4.5560545788257342e-08
    9.900000   0.95547037 -4.1570999022481285e-08
    9.900000   1.02024053 -3.7857719868386013e-08
    9.900000   1.08501108 -3.4465155339234992e-08
    9.900000   1.14978193 -3.1429909948343936e-08
    9.900000   1.21455301 -2.8781444533823226e-08
    9.900000   1.27932429 -2.6542894258601234e-08
    9.900000   1.34409571 -2.4731922593818500e-08
    9.900000   1.40886724 -2.3361539273793715e-08
    9.900000   1.47363885 -2.2440822852557113e-08
    9.900000   1.53841049 -2.1975501483848888e-08
    9.900000   1.60318216 -2.1968358107293885e-08
    9.900000   1.66795381 -2.2419438090059747e-08
    9.900000   1.73272541 -2.3326048543274940e-08
    9.900000   1.79749694 -2.4682549331285159e-08
    9.900000   1.86226837 -2.6479946567240838e-08
    9.900000   1.92703964 -2.8705310575702073e-08
    9.900000   1.99181073 -3.1341052172366678e-08
    9.900000   2.05658157 -3.4364103662894574e-08
    9.900000   2.12135212 -3.7745063971284556e-08
    9.900000   2.18612229 -4.1447379941848021e-08
    9.900000   2.25089198 -4.5426647040355300e-08
    9.900000   2.31566107 -4.9630120750572438e-08
    9.900000   2.38042940 -5.3996533026855428e-08
    9.900000   2.44519674 -5.8456304244205192e-08
    9.900000   2.50996278 -6.2932228369614530e-08
    9.900000   2.57472706 -6.7340686376565536e-08
    9.900000   2.63948889 -7.1593410091669164e-08
    9.900000   2.70424717 -7.5599776870528592e-08
    9.900000   2.76900006 -7.9269567565162563e-08
    9.900000   2.83374417 -8.2516070622589318e-08
    9.900000   2.89847256 -8.5259369643280573e-08
    9.900000   2.96316844 -8.7429617905247678e-08
    9.900000   3.02777863 -8.8970098109019778e-08
    9.900000   3.09200950 -8.9840076505184598e-08
   10.000000   0.04958315 -7.7400782837383306e-08
   10.000000   0.11381403 -7.6622041045840708e-08
   10.000000   0.17842421 -7.5243015206019505e-08
   10.000000   0.24312010 -7.3300007671618314e-08
   10.000000   0.30784849 -7.0843579345334344e-08
   10.000000   0.37259260 -6.7936015823570792e-08
   10.000000   0.43734549 -6.4648611537554588e-08
   10.000000   0.50210377 -6.1058761150484175e-08
   10.000000   0.56686560 -5.7247036520011348e-08
   10.000000   0.63162987 -5.3294423407397642e-08
   10.000000   0.69639591 -4.9279862539407479e-08
   10.000000   0.76116325 -4.5278199638435292e-08
   10.000000   0.82593158 -4.1358605254304791e-08
   10.000000   0.89070068 -3.7583482814490406e-08
   10.000000   0.95547037 -3.4007846197738677e-08
   10.000000   1.02024053 -3.0679118806508070e-08
   10.000000   1.08501108 -2.7637285748995216e-08
   10.000000   1.14978193 -2.4915319146507941e-08
   10.000000   1.21455301 -2.2539792835314291e-08
   10.000000   1.27932429 -2.0531605204882356e-08
   10.000000   1.34409571 -1.8906735908915153e-08
   10.000000   1.40886724 -1.7676971990308571e-08
   10.000000   1.47363885 -1.6850550164282267e-08
   10.000000   1.53841049 -1.6432673555127636e-08
   10.000000   1.60318216 -1.6425872428138524e-08
   10.000000   1.66795381 -1.6830189111403480e-08
   10.000000   1.73272541 -1.7643177379008249e-08
   10.000000   1.79749694 -1.8859716300541008e-08
   10.000000   1.86226837 -2.0471648318182060e-08
   10.000000   1.92703964 -2.2467261367772424e-08
   10.000000   1.99181073 -2.4830645539312533e-08
   10.000000   2.05658157 -2.7540966003379612e-08
   10.000000   2.12135212 -3.0571705490920172e-08
   10.000000   2.18612229 -3.3889940815457295e-08
   10.000000   2.25089198 -3.7455727739813218e-08
   10.000000   2.31566107 -4.1221675459074244e-08
   10.000000   2.38042940 -4.5132794462935758e-08
   10.000000   2.44519674 -4.9126697763424562e-08
   10.000000   2.50996278 -5.3134223881180220e-08
   10.000000   2.57472706 -5.7080529592449769e-08
   10.000000   2.63948889 -6.0886671102926433e-08
   10.000000   2.70424717 -6.4471655189411326e-08
   10.000000   2.76900006 -6.7754899414432936e-08
   10.000000   2.83374417 -7.0658996735759178e-08
   10.000000   2.89847256 -7.3112639840302346e-08
   10.000000   2.96316844 -7.5053530952626213e-08
   10.000000   3.02777863 -7.6431098726963939e-08
   10.000000   3.09200950 -7.7209032711592455e-08
   10.100000   0.04958315 -6.6302823734054000e-08
   10.100000   0.11381403 -6.5606351431169140e-08
   10.100000   0.17842421 -6.4372949167012891e-08
   10.100000   0.24312010 -6.2634985025440783e-08
   10.100000   0.30784849 -6.0437551453635788e-08
   10.100000   0.37259260 -5.7836214284604729e-08
   10.100000   0.43734549 -5.4894600249662592e-08
   10.100000   0.50210377 -5.1681811421831793e-08
   10.100000   0.56686560 -4.8269824348781862e-08
   10.100000   0.63162987 -4.4731028394537989e-08
   10.100000   0.69639591 -4.1136031929721725e-08
   10.100000   0.76116325 -3.7551829828885828e-08
   10.100000   0.82593158 -3.4040387099305349e-08
   10.100000   0.89070068 -3.0657655879688749e-08
   10.100000   0.95547037 -2.7453010073395472e-08
   10.100000   1.02024053 -2.4469055698664707e-08
   10.100000   1.08501108 -2.1741756727404001e-08
   10.100000   1.14978193 -1.9300805647010364e-08
   10.100000   1.21455301 -1.7170164402941481e-08
   10.100000   1.27932429 -1.5368703370487511e-08
   10.100000   1.34409571 -1.3910872054521221e-08
   10.100000   1.40886724 -1.2807343832979771e-08
   10.100000   1.47363885 -1.2065586980704539e-08
   10.100000   1.53841049 -1.1690324485216122e-08
   10.100000   1.60318216 -1.1683855237776342e-08
   10.100000   1.66795381 -1.2046218736460102e-08
   10.100000   1.73272541 -1.2775194528027233e-08
   10.100000   1.79749694 -1.3866136388123060e-08
   10.100000   1.86226837 -1.5311650052422339e-08
   10.100000   1.92703964 -1.7101132362377372e-08
   10.100000   1.99181073 -1.9220199284523777e-08
   10.100000   2.05658157 -2.1650040304219921e-08
   10.100000   2.12135212 -2.4366746987150353e-08
   10.100000   2.18612229 -2.7340673428849527e-08
   10.100000   2.25089198 -3.0535894908665158e-08
   10.100000   2.31566107 -3.3909837132872022e-08
   10.100000   2.38042940 -3.7413150423196104e-08
   10.100000   2.44519674 -4.0989899627492982e-08
   10.100000   2.50996278 -4.4578129975017384e-08
   10.100000   2.57472706 -4.8110850781801066e-08
   10.100000   2.63948889 -5.1517452716800959e-08
   10.100000   2.70424717 -5.4725541342057294e-08
   10.100000   2.76900006 -5.7663132058361742e-08
   10.100000   2.83374417 -6.0261112942004500e-08
   10.100000   2.89847256 -6.2455846766295617e-08
   10.100000   2.96316844 -6.4191757634398245e-08
   10.100000   3.02777863 -6.5423744389996827e-08
   10.100000   3.09200950 -6.6119432119460077e-08
   10.200000   0.04958315 -5.6569147541125072e-08
   10.200000   0.11381403 -5.5946200069219004e-08
   10.200000   0.17842421 -5.4842951713515836e-08
   10.200000   0.24312010 -5.3288268860132444e-08
   10.200000   0.30784849 -5.1322375116959797e-08
   10.200000   0.37259260 -4.8994850884783004e-08
   10.200000   0.43734549 -4.6362489570062645e-08
   10.200000   0.50210377 -4.3486998434806229e-08
   10.200000   0.56686560 -4.0432683742873210e-08
   10.200000   0.63162987 -3.7264257317111945e-08
   10.200000   0.69639591 -3.4044878983080103e-08
   10.200000   0.76116325 -3.0834518390457899e-08
   10.200000   0.82593158 -2.7688685570199333e-08
   10.200000   0.89070068 -2.4657546313306663e-08
   10.200000   0.95547037 -2.1785409111051708e-08
   10.200000   1.02024053 -1.9110547044203003e-08
   10.200000   1.08501108 -1.6665301549752144e-08
   10.200000   1.14978193 -1.4476405433931002e-08
   10.200000   1.21455301 -1.2565459103046473e-08
   10.200000   1.27932429 -1.0949495583571386e-08
   10.200000   1.34409571 -9.6415751423825986e-09
   10.200000   1.40886724 -8.6513578862959259e-09
   10.200000   1.47363885 -7.9856115106719085e-09
   10.200000   1.53841049 -7.6486205224823349e-09
   10.200000   1.60318216 -7.6424722507410586e-09
   10.200000   1.66795381 -7.9672035589206009e-09
   10.200000   1.73272541 -8.6208003346424588e-09
   10.200000   1.79749694 -9.5990497728258378e-09
   10.200000   1.86226837 -1.0895253378626936e-08
   10.200000   1.92703964 -1.2499816808460381e-08
   10.200000   1.99181073 -1.4399741249601672e-08
   10.200000   2.05658157 -1.6578050035997713e-08
   10.200000   2.12135212 -1.9013193357805548e-08
   10.200000   2.18612229 -2.1678482709976619e-08
   10.200000   2.25089198 -2.4541614290576795e-08
   10.200000   2.31566107 -2.7564345802797286e-08
   10.200000   2.38042940 -3.0702392704016952e-08
   10.200000   2.44519674 -3.3905606538240640e-08
   10.200000   2.50996278 -3.7118488424472951e-08
   10.200000   2.57472706 -4.0281074301824228e-08
   10.200000   2.63948889 -4.3330205161863438e-08
   10.200000   2.70424717 -4.6201166149978001e-08
   10.200000   2.76900006 -4.8829645133085377e-08
   10.200000   2.83374417 -5.1153927189597581e-08
   10.200000   2.89847256 -5.3117210495609399e-08
   10.200000   2.96316844 -5.4669906433317236e-08
   10.200000   3.02777863 -5.5771784202840775e-08
   10.200000   3.09200950 -5.6393971701403416e-08
   10.300000   0.04958315 -4.8042285003458259e-08
   10.300000   0.11381403 -4.7485054759200953e-08
   10.300000   0.17842421 -4.6498146928052348e-08
   10.300000   0.24312010 -4.5107310195789741e-08
   10.300000   0.30784849 -4.3348431868951838e-08
   10.300000   0.37259260 -4.1265759492228309e-08
   10.300000   0.43734549 -3.8909995177731935e-08
   10.300000   0.50210377 -3.6336250513977034e-08
   10.300000   0.56686560 -3.3601985722433802e-08
   10.300000   0.63162987 -3.0765054802488830e-08
   10.300000   0.69639591 -2.7881958541584430e-08
   10.300000   0.76116325 -2.5006379975750497e-08
   10.300000   0.82593158 -2.2188046729993757e-08
   10.300000   0.89070068 -1.9471935164495280e-08
   10.300000   0.95547037 -1.6897805170690246e-08
   10.300000   1.02024053 -1.4500033606550728e-08
   10.300000   1.08501108 -1.2307699584351786e-08
   10.300000   1.14978193 -1.0344866151810570e-08
   10.300000   1.21455301 -8.6309997189477693e-09
   10.300000   1.27932429 -7.1814698378883867e-09
   10.300000   1.34409571 -6.0080765039468339e-09
   10.300000   1.40886724 -5.1195587808629570e-09
   10.300000   1.47363885 -4.5220463594732502e-09
   10.300000   1.53841049 -4.2194237945353387e-09
   10.300000   1.60318216 -4.2135852200180304e-09
   10.300000   1.66795381 -4.5045650447790502e-09
   10.300000   1.73272541 -5.0905374886028513e-09
   10.300000   1.79749694 -5.9676849758361325e-09
   10.300000   1.86226837 -7.1299425254944161e-09
   10.300000   1.92703964 -8.5686326636157833e-09
   10.300000   1.99181073 -1.0272013072830414e-08
   10.300000   2.05658157 -1.2224767253636911e-08
   10.300000   2.12135212 -1.4407476613665612e-08
   10.300000   2.18612229 -1.6796120199881259e-08
   10.300000   2.25089198 -1.9361654932394208e-08
   10.300000   2.31566107 -2.2069733747322455e-08
   10.300000   2.38042940 -2.4880620312130798e-08
   10.300000   2.44519674 -2.7749355782841770e-08
   10.300000   2.50996278 -3.0626224380633476e-08
   10.300000   2.57472706 -3.3457549797387274e-08
   10.300000   2.63948889 -3.6186833552922238e-08
   10.300000   2.70424717 -3.8756220353410624e-08
   10.300000   2.76900006 -4.1108245981783252e-08
   10.300000   2.83374417 -4.3187793085869903e-08
   10.300000   2.89847256 -4.4944152938628824e-08
   10.300000   2.96316844 -4.6333071387417248e-08
   10.300000   3.02777863 -4.7318655257763072e-08
   10.300000   3.09200950 -4.7875151122125623e-08
   10.400000   0.04958315 -4.0582387181078611e-08
   10.400000   0.11381403 -4.0083901843409150e-08
   10.400000   0.17842421 -3.9200997780421982e-08
   10.400000   0.24312010 -3.7956647039415656e-08
   10.400000   0.30784849 -3.6382873831129637e-08
   10.400000   0.37259260 -3.4519173035811149e-08
   10.400000   0.43734549 -3.2410815663153763e-08
   10.400000   0.50210377 -3.0107029215803685e-08
   10.400000   0.56686560 -2.7659162535396273e-08
   10.400000   0.63162987 -2.5118943238405102e-08
   10.400000   0.69639591 -2.2536918430317168e-08
   10.400000   0.76116325 -1.9961145337362727e-08
   10.400000   0.82593158 -1.7436171814844292e-08
   10.400000   0.89070068 -1.5002320543455307e-08
   10.400000   0.95547037 -1.2695267534055161e-08
   10.400000   1.02024053 -1.0545886921567988e-08
   10.400000   1.08501108 -8.5803207962561783e-09
   10.400000   1.14978193 -6.8202249369718737e-09
   10.400000   1.21455301 -5.2831383438614632e-09
   10.400000   1.27932429 -3.9829254418904935e-09
   10.400000   1.34409571 -2.9302437903408387e-09
   10.400000   1.40886724 -2.1329959683650945e-09
   10.400000   1.47363885 -1.5967312192981997e-09
   10.400000   1.53841049 -1.3249696901760713e-09
   10.400000   1.60318216 -1.3194292952613143e-09
   10.400000   1.66795381 -1.5801421560363488e-09
   10.400000   1.73272541 -2.1054541823004443e-09
   10.400000   1.79749694 -2.8919078013595990e-09
   10.400000   1.86226837 -3.9340142852861802e-09
   10.400000   1.92703964 -5.2239287361273173e-09
   10.400000   1.99181073 -6.7510477248045491e-09
   10.400000   2.05658157 -8.5015567544909265e-09
   10.400000   2.12135212 -1.0457961996141271e-08
   10.400000   2.18612229 -1.2598647638130584e-08
   10.400000   2.25089198 -1.4897506041427971e-08
   10.400000   2.31566107 -1.7323691838284034e-08
   10.400000   2.38042940 -1.9841552098398566e-08
   10.400000   2.44519674 -2.2410781693756943e-08
   10.400000   2.50996278 -2.4986845124981380e-08
   10.400000   2.57472706 -2.7521692806926276e-08
   10.400000   2.63948889 -2.9964781179179586e-08
   10.400000   2.70424717 -3.2264382801952503e-08
   10.400000   2.76900006 -3.4369146440295689e-08
   10.400000   2.83374417 -3.6229840458282653e-08
   10.400000   2.89847256 -3.7801188793038133e-08
   10.400000   2.96316844 -3.9043691353261377e-08
   10.400000   3.02777863 -3.9925319212589356e-08
   10.400000   3.09200950 -4.0423096433549044e-08
   10.500000   0.04958315 -3.4065287319375027e-08
   10.500000   0.11381403 -3.3619319421399438e-08
   10.500000   0.17842421 -3.2829399328117086e-08
   10.500000   0.24312010 -3.1716025519088686e-08
   10.500000   0.30784849 -3.0307779789122729e-08
   10.500000   0.37259260 -2.8639920411413016e-08
   10.500000   0.43734549 -2.6752874889252210e-08
   10.500000   0.50210377 -2.4690620483363852e-08
   10.500000   0.56686560 -2.2499049648696680e-08
   10.500000   0.63162987 -2.0224416414182250e-08
   10.500000   0.69639591 -1.7911944460275408e-08
   10.500000   0.76116325 -1.5604656412129958e-08
   10.500000   0.82593158 -1.3342460295469347e-08
   10.500000   0.89070068 -1.1161505884866508e-08
   10.500000   0.95547037 -9.0938030608366545e-09
   10.500000   1.02024053 -7.1670776461652061e-09
   10.500000   1.08501108 -5.4048283156951641e-09
   10.500000   1.14978193 -3.8265410501794860e-09
   10.500000   1.21455301 -2.4480148171736968e-09
   10.500000   1.27932429 -1.2817529450164001e-09
   10.500000   1.34409571 -3.3737806405405671e-10
   10.500000   1.40886724  3.7796634493651838e-10
   10.500000   1.47363885  8.5925865038675344e-10
   10.500000   1.53841049  1.1033104045828303e-09
   10.500000   1.60318216  1.1085642611344169e-09
   10.500000   1.66795381  8.7499022889681846e-10
   10.500000   1.73272541  4.0408605214737522e-10
   10.500000   1.79749694 -3.0101828800626414e-10
   10.500000   1.86226837 -1.2353577568903298e-09
   10.500000   1.92703964 -2.3918428976125499e-09
   10.500000   1.99181073 -3.7609018752834627e-09
   10.500000   2.05658157 -5.3300783402019403e-09
   10.500000   2.12135212 -7.0836159783083613e-09
   10.500000   2.18612229 -9.0020667291456459e-09
   10.500000   2.25089198 -1.1061964816096702e-08
   10.500000   2.31566107 -1.3235612134230657e-08
   10.500000   2.38042940 -1.5491021330520795e-08
   10.500000   2.44519674 -1.7792060100822577e-08
   10.500000   2.50996278 -2.0098833122910827e-08
   10.500000   2.57472706 -2.2368326130273810e-08
   10.500000   2.63948889 -2.4555320006555360e-08
   10.500000   2.70424717 -2.6613562134235474e-08
   10.500000   2.76900006 -2.8497159028186935e-08
   10.500000   2.83374417 -3.0162130694107433e-08
   10.500000   2.89847256 -3.1568045921333009e-08
   10.500000   2.96316844 -3.2679642434235534e-08
   10.500000   3.02777863 -3.3468334724108898e-08
   10.500000   3.09200950 -3.3913621162414852e-08
   10.600000   0.04958315 -2.8380774001226711e-08
   10.600000   0.11381403 -2.7981760515397855e-08
   10.600000   0.17842421 -2.7274979525844715e-08
   10.600000   0.24312010 -2.6278725380722938e-08
   10.600000   0.30784849 -2.5018511591865711e-08
   10.600000   0.37259260 -2.3525819015922562e-08
   10.600000   0.43734549 -2.1836754815824342e-08
   10.600000   0.50210377 -1.9990610767810526e-08
   10.600000   0.56686560 -1.8028407041717013e-08
   10.600000   0.63162987 -1.5991506795309777e-08
   10.600000   0.69639591 -1.3920373490459826e-08
   10.600000   0.76116325 -1.1853524111795632e-08
   10.600000   0.82593158 -9.8267105932382829e-09
   10.600000   0.89070068 -7.8723411698053819e-09
   10.600000   0.95547037 -6.0191350238642475e-09
   10.600000   1.02024053 -4.2919887421080702e-09
   10.600000   1.08501108 -2.7120224460553778e-09
   10.600000   1.14978193 -1.2967670030779766e-09
   10.600000   1.21455301 -6.0451157612780113e-11
   10.600000   1.27932429  9.8565199380893653e-10
   10.600000   1.34409571  1.8328567948800728e-09
   10.600000   1.40886724  2.4747081520490433e-09
   10.600000   1.47363885  2.9066636366048720e-09
   10.600000   1.53841049  3.1258364587184276e-09
   10.600000   1.60318216  3.1308154432952106e-09
   10.600000   1.66795381  2.9215725838376145e-09
   10.600000   1.73272541  2.4994633882973690e-09
   10.600000   1.79749694  1.8673200115101807e-09
   10.600000   1.86226837  1.0296319437872417e-09
   10.600000   1.92703964 -7.1963184009097566e-12
   10.600000   1.99181073 -1.2345267845145560e-09
   10.600000   2.05658157 -2.6411305531760043e-09
   10.600000   2.12135212 -4.2128191398802671e-09
   10.600000   2.18612229 -5.9320976319849049e-09
   10.600000   2.25089198 -7.7778772870237456e-09
   10.600000   2.31566107 -9.7252881747949649e-09
   10.600000   2.38042940 -1.1745633028895181e-08
   10.600000   2.44519674 -1.3806520902210490e-08
   10.600000   2.50996278 -1.5872212774066548e-08
   10.600000   2.57472706 -1.7904200567862766e-08
   10.600000   2.63948889 -1.9862026211260576e-08
   10.600000   2.70424717 -2.1704328988032261e-08
   10.600000   2.76900006 -2.3390088851297683e-08
   10.600000   2.83374417 -2.4880012485214088e-08
   10.600000   2.89847256 -2.6137990175186599e-08
   10.600000   2.96316844 -2.7132538106448702e-08
   10.600000   3.02777863 -2.7838139919217282e-08
   10.600000   3.09200950 -2.8236498760851159e-08
   10.700000   0.04958315 -2.3431052509864905e-08
   10.700000   0.11381403 -2.3074023284288119e-08
   10.700000   0.17842421 -2.2441585052556224e-08
   10.700000   0.24312010 -2.1550067656681830e-08
   10.700000   0.30784849 -2.0422249192199739e-08
   10.700000   0.37259260 -1.9086241827458764e-08
   10.700000   0.43734549 -1.7574298329341890e-08
   10.700000   0.50210377 -1.5921528327389080e-08
   10.700000   0.56686560 -1.4164600704033462e-08
   10.700000   0.63162987 -1.2340507983129810e-08
   10.700000   0.69639591 -1.0485456749899703e-08
   10.700000   0.76116325 -8.6339316239186680e-09
   10.700000   0.82593158 -6.8179618081729105e-09
   10.700000   0.89070068 -5.0666009788666754e-09
   10.700000   0.95547037 -3.4056149367550274e-09
   10.700000   1.02024053 -1.8573581999362226e-09
   10.700000   1.08501108 -4.4081114878225717e-10
   10.700000   1.14978193  8.2825649449253544e-10
   10.700000   1.21455301  1.9370324426433433e-09
   10.700000   1.27932429  2.8753550424949059e-09
   10.700000   1.34409571  3.6353864667245343e-09
   10.700000   1.40886724  4.2112954866066624e-09
   10.700000   1.47363885  4.5989745948333138e-09
   10.700000   1.53841049  4.7958111203193366e-09
   10.700000   1.60318216  4.8005268419341337e-09
   10.700000   1.66795381  4.6130956026135511e-09
   10.700000   1.73272541  4.2347436242260800e-09
   10.700000   1.79749694  3.6680325150780419e-09
   10.700000   1.86226837  2.9170202649594319e-09
   10.700000   1.92703964  1.9874907106737421e-09
   10.700000   1.99181073  8.8723695279499416e-10
   10.700000   2.05658157 -3.7362092304879434e-10
   10.700000   2.12135212 -1.7823086196154329e-09
   10.700000   2.18612229 -3.3230904822470527e-09
   10.700000   2.25089198 -4.9770160312179401e-09
   10.700000   2.31566107 -6.7217563390296402e-09
   10.700000   2.38042940 -8.5315668644766202e-09
   10.700000   2.44519674 -1.0377410955097469e-08
   10.700000   2.50996278 -1.2227272411380141e-08
   10.700000   2.57472706 -1.4046675926163305e-08
   10.700000   2.63948889 -1.5799420963682810e-08
   10.700000   2.70424717 -1.7448518290911178e-08
   10.700000   2.76900006 -1.8957300115456300e-08
   10.700000   2.83374417 -2.0290656284762798e-08
   10.700000   2.89847256 -2.1416332468234107e-08
   10.700000   2.96316844 -2.2306214435824604e-08
   10.700000   3.02777863 -2.2937521991103652e-08
   10.700000   3.09200950 -2.3293923346837729e-08
   10.800000   0.04958315 -1.9129373915798187e-08
   10.800000   0.11381403 -1.8809887952845022e-08
   10.800000   0.17842421 -1.8243932066348308e-08
   10.800000   0.24312010 -1.7446084783459501e-08
   10.800000   0.30784849 -1.6436685035585736e-08
   10.800000   0.37259260 -1.5240840229940927e-08
   10.800000   0.43734549 -1.3887363837329729e-08
   10.800000   0.50210377 -1.2407632042572931e-08
   10.800000   0.56686560 -1.0834427245361879e-08
   10.800000   0.63162987 -9.2008358604732652e-09
   10.800000   0.69639591 -7.5392574738258547e-09
   10.800000   0.76116325 -5.8805678006269990e-09
   10.800000   0.82593158 -4.2534615241874485e-09
   10.800000   0.89070068 -2.6839848778563179e-09
   10.800000   0.95547037 -1.1952532843146460e-09
   10.800000   1.02024053  1.9266244267850447e-10
   10.800000   1.08501108  1.4627064309484011e-09
   10.800000   1.14978193  2.6006949503182341e-09
   10.800000   1.21455301  3.5950930335390901e-09
   10.800000   1.27932429  4.4367427344670190e-09
   10.800000   1.34409571  5.1185730140467715e-09
   10.800000   1.40886724  5.6353177101167258e-09
   10.800000   1.47363885  5.9832637845094882e-09
   10.800000   1.53841049  6.1600474833755479e-09
   10.800000   1.60318216  6.1645114247476432e-09
   10.800000   1.66795381  5.9966311758222160e-09
   10.800000   1.73272541  5.6575155369219184e-09
   10.800000   1.79749694  5.1494805340280139e-09
   10.800000   1.86226837  4.4761928802767966e-09
   10.800000   1.92703964  3.6428743472087990e-09
   10.800000   1.99181073  2.6565540083493029e-09
   10.800000   2.05658157  1.5263507168980947e-09
   10.800000   2.12135212  2.6376360660329322e-10
   10.800000   2.18612229 -1.1170558556468580e-09
   10.800000   2.25089198 -2.5990802604934418e-09
   10.800000   2.31566107 -4.1622633242956204e-09
   10.800000   2.38042940 -5.7835101937480474e-09
   10.800000   2.44519674 -7.4367913256655461e-09
   10.800000   2.50996278 -9.0934250331659297e-09
   10.800000   2.57472706 -1.0722545192335804e-08
   10.800000   2.63948889 -1.2291758782037003e-08
   10.800000   2.70424717 -1.3767983369457207e-08
   10.800000   2.76900006 -1.5118438453639123e-08
   10.800000   2.83374417 -1.6311748181696925e-08
   10.800000   2.89847256 -1.7319098360761767e-08
   10.800000   2.96316844 -1.8115380290357629e-08
   10.800000   3.02777863 -1.8680253578732204e-08
   10.800000   3.09200950 -1.8999138236726423e-08
   10.900000   0.04958315 -1.5398813676386160e-08
   10.900000   0.11381403 -1.5112902360879568e-08
   10.900000   0.17842421 -1.4606404017667135e-08
   10.900000   0.24312010 -1.3892335595025025e-08
   10.900000   0.30784849 -1.2988860606691875e-08
   10.900000   0.37259260 -1.1918405828911559e-08
   10.900000   0.43734549 -1.0706715333371622e-08
   10.900000   0.50210377 -9.3818319510423016e-09
   10.900000   0.56686560 -7.9730663391472730e-09
   10.900000   0.63162987 -6.5100136396665532e-09
   10.900000   0.69639591 -5.0216685613656267e-09
   10.900000   0.76116325 -3.5356768112148624e-09
   10.900000   0.82593158 -2.0777462999706494e-09
   10.900000   0.89070068 -6.7122713736163211e-10
   10.900000   0.95547037  6.6314350206018805e-10
   10.900000   1.02024053  1.9073461284126180e-09
   10.900000   1.08501108  3.0460554704907270e-09
   10.900000   1.14978193  4.0665157109931158e-09
   10.900000   1.21455301  4.9583433776053562e-09
   10.900000   1.27932429  5.7132866005418744e-09
   10.900000   1.34409571  6.3249675234444889e-09
   10.900000   1.40886724  6.7886315236342967e-09
   10.900000   1.47363885  7.1009231345836617e-09
   10.900000   1.53841049  7.2597044844526079e-09
   10.900000   1.60318216  7.2639279458064449e-09
   10.900000   1.66795381  7.1135706917726901e-09
   10.900000   1.73272541  6.8096349565805143e-09
   10.900000   1.79749694  6.3542139935307261e-09
   10.900000   1.86226837  5.7506199284008428e-09
   10.900000   1.92703964  5.0035658017019243e-09
   10.900000   1.99181073  4.1193900969368011e-09
   10.900000   2.05658157  3.1063079234381659e-09
   10.900000   2.12135212  1.9746689624183102e-09
   10.900000   2.18612229  7.3719849466617990e-10
   10.900000   2.25089198 -5.9080527900368599e-10
   10.900000   2.31566107 -1.9913463477328115e-09
   10.900000   2.38042940 -3.4437073954892835e-09
   10.900000   2.44519674 -4.9245546117908365e-09
   10.900000   2.50996278 -6.4081929933147524e-09
   10.900000   2.57472706 -7.8669865952486738e-09
   10.900000   2.63948889 -9.2719476636751642e-09
   10.900000   2.70424717 -1.0593485595769767e-08
   10.900000   2.76900006 -1.1802292297685915e-08
   10.900000   2.83374417 -1.2870325987711326e-08
   10.900000   2.89847256 -1.3771842585889401e-08
   10.900000   2.96316844 -1.4484414674379246e-08
   10.900000   3.02777863 -1.4989877829881190e-08
   10.900000   3.09200950 -1.5275214056130446e-08
   11.000000   0.04958315 -1.2171183530706550e-08
   11.000000   0.11381403 -1.1915300030374534e-08
   11.000000   0.17842421 -1.1461980605308646e-08
   11.000000   0.24312010 -1.0822849538530192e-08
   11.000000   0.30784849 -1.0014129800559417e-08
   11.000000   0.37259260 -9.0558562988648442e-09
   11.000000   0.43734549 -7.9710334001292699e-09
   11.000000   0.50210377 -6.7847273949804389e-09
   11.000000   0.56686560 -5.5231473332130526e-09
   11.000000   0.63162987 -4.2127675886170483e-09
   11.000000   0.69639591 -2.8795374531107068e-09
   11.000000   0.76116325 -1.5482116541469776e-09
   11.000000   0.82593158 -2.4182281720376272e-10
   11.000000   0.89070068  1.0186958842027908e-09
   11.000000   0.95547037  2.2147411734101189e-09
   11.000000   1.02024053  3.3301359262173689e-09
   11.000000   1.08501108  4.3511108406845220e-09
   11.000000   1.14978193  5.2661954064129891e-09
   11.000000   1.21455301  6.0660439265670927e-09
   11.000000   1.27932429  6.7432221965349248e-09
   11.000000   1.34409571  7.2919787462310722e-09
   11.000000   1.40886724  7.7080218168305783e-09
   11.000000   1.47363885  7.9883198913801985e-09
   11.000000   1.53841049  8.1309399561214658e-09
   11.000000   1.60318216  8.1349340075773551e-09
   11.000000   1.66795381  8.0002807169654055e-09
   11.000000   1.73272541  7.7278856659040516e-09
   11.000000   1.79749694  7.3196401515732700e-09
   11.000000   1.86226837  6.7785351383074717e-09
   11.000000   1.92703964  6.1088234325083406e-09
   11.000000   1.99181073  5.3162195621308749e-09
   11.000000   2.05658157  4.4081231718631124e-09
   11.000000   2.12135212  3.3938481016848280e-09
   11.000000   2.18612229  2.2848359735970158e-09
   11.000000   2.25089198  1.0948303650325623e-09
   11.000000   2.31566107 -1.6001404487289383e-10
   11.000000   2.38042940 -1.4611131092437583e-09
   11.000000   2.44519674 -2.7875495221194285e-09
   11.000000   2.50996278 -4.1163034049609059e-09
   11.000000   2.57472706 -5.4226298748242745e-09
   11.000000   2.63948889 -6.6805868751433932e-09
   11.000000   2.70424717 -7.8637050096721439e-09
   11.000000   2.76900006 -8.9457783354382389e-09
   11.000000   2.83374417 -9.9017422072057064e-09
   11.000000   2.89847256 -1.0708592847522068e-08
   11.000000   2.96316844 -1.1346295261975309e-08
   11.000000   3.02777863 -1.1798626038042827e-08
   11.000000   3.09200950 -1.2053960200480958e-08
   11.250000   0.04958315 -5.9227118411868003e-09
   11.250000   0.11381403 -5.7287543818542637e-09
   11.250000   0.17842421 -5.3851134650460171e-09
   11.250000   0.24312010 -4.9005543335360880e-09
   11.250000   0.30784849 -4.2873147358197272e-09
   11.250000   0.37259260 -3.5605153204554285e-09
   11.250000   0.43734549 -2.7375284379806199e-09
   11.250000   0.50210377 -1.8372974524929574e-09
   11.250000   0.56686560 -8.7964629717054126e-10
   11.250000   0.63162987  1.1538086023893792e-10
   11.250000   0.69639591  1.1281158552610998e-09
   11.250000   0.76116325  2.1397730919674345e-09
   11.250000   0.82593158  3.1328503803982722e-09
   11.250000   0.89070068  4.0914175138243469e-09
   11.250000   0.95547037  5.0012946790107230e-09
   11.250000   1.02024053  5.8501298889715346e-09
   11.250000   1.08501108  6.6273898804731598e-09
   11.250000   1.14978193  7.3242822040499720e-09
   11.250000   1.21455301  7.9336277556084613e-09
   11.250000   1.27932429  8.4497029556886286e-09
   11.250000   1.34409571  8.8680696083224191e-09
   11.250000   1.40886724  9.1854084551928707e-09
   11.250000   1.47363885  9.3993699523394504e-09
   11.250000   1.53841049  9.5084530821987460e-09
   11.250000   1.60318216  9.5119202201156516e-09
   11.250000   1.66795381  9.4097533535622991e-09
   11.250000   1.73272541  9.2026542683971664e-09
   11.250000   1.79749694  8.8920887023543955e-09
   11.250000   1.86226837  8.4803718404622890e-09
   11.250000   1.92703964  7.9707898508871635e-09
   11.250000   1.99181073  7.3677494331445478e-09
   11.250000   2.05658157  6.6769445587944574e-09
   11.250000   2.12135212  5.9055268734196394e-09
   11.250000   2.18612229  5.0622637277664106e-09
   11.250000   2.25089198  4.1576658105122034e-09
   11.250000   2.31566107  3.2040651561964106e-09
   11.250000   2.38042940  2.2156242888226223e-09
   11.250000   2.44519674  1.2082587579443999e-09
   11.250000   2.50996278  1.9945863426650565e-10
   11.250000   2.57472706 -7.9200022363390783e-10
   11.250000   2.63948889 -1.7464572181342619e-09
   11.250000   2.70424717 -2.6438738368718457e-09
   11.250000   2.76900006 -3.4644301727056523e-09
   11.250000   2.83374417 -4.1891855643596287e-09
   11.250000   2.89847256 -4.8007693384313261e-09
   11.250000   2.96316844 -5.2840617842857184e-09
   11.250000   3.02777863 -5.6268255844875845e-09
   11.250000   3.09200950 -5.8202954794078731e-09
   11.500000   0.04958315 -1.6883104018853982e-09
   11.500000   0.11381403 -1.5412260219315076e-09
   11.500000   0.17842421 -1.2806114471369788e-09
   11.500000   0.24312010 -9.1308130501331940e-10
   11.500000   0.30784849 -4.4787413682700467e-10
   11.500000   0.37259260  1.0359001077737076e-10
   11.500000   0.43734549  7.2818305987935193e-10
   11.500000   0.50210377  1.4115800225961788e-09
   11.500000   0.56686560  2.1387781558523059e-09
   11.500000   0.63162987  2.8945943326322637e-09
   11.500000   0.69639591  3.6641151061946150e-09
   11.500000   0.76116325  4.4330801581106314e-09
   11.500000   0.82593158  5.1881868829906163e-09
   11.500000   0.89070068  5.9173109642779075e-09
   11.500000   0.95547037  6.6096442516354974e-09
   11.500000   1.02024053  7.2557566099395693e-09
   11.500000   1.08501108  7.8475923851168611e-09
   11.500000   1.14978193  8.3784146807662017e-09
   11.500000   1.21455301  8.8427118289502917e-09
   11.500000   1.27932429  9.2360804914927236e-09
   11.500000   1.34409571  9.5550989825508122e-09
   11.500000   1.40886724  9.7972029366510231e-09
   11.500000   1.47363885  9.9605735935423751e-09
   11.500000   1.53841049  1.0044046927182899e-08
   11.500000   1.60318216  1.0047049750619144e-08
   11.500000   1.66795381  9.9695668374438940e-09
   11.500000   1.73272541  9.8121410704122565e-09
   11.500000   1.79749694  9.5759066151410887e-09
   11.500000   1.86226837  9.2626531027186914e-09
   11.500000   1.92703964  8.8749167788827176e-09
   11.500000   1.99181073  8.4160924755730856e-09
   11.500000   2.05658157  7.8905581821937403e-09
   11.500000   2.12135212  7.3038019290467592e-09
   11.500000   2.18612229  6.6625388606650920e-09
   11.500000   2.25089198  5.9748048966853165e-09
   11.500000   2.31566107  5.2500125444194001e-09
   11.500000   2.38042940  4.4989544703906455e-09
   11.500000   2.44519674  3.7337416412293354e-09
   11.500000   2.50996278  2.9676653813366379e-09
   11.500000   2.57472706  2.2149766889227777e-09
   11.500000   2.63948889  1.4905814987587060e-09
   11.500000   2.70424717  8.0965704854739047e-10
   11.500000   2.76900006  1.8720160259832731e-10
   11.500000   2.83374417 -3.6246314052277824e-10
   11.500000   2.89847256 -8.2621142497793974e-10
   11.500000   2.96316844 -1.1926247699308687e-09
   11.500000   3.02777863 -1.4524656173545500e-09
   11.500000   3.09200950 -1.5991197581968506e-09
   11.750000   0.04958315  1.0994294031448452e-09
   11.750000   0.11381403  1.2110190726645696e-09
   11.750000   0.17842421  1.4087559736406089e-09
   11.750000   0.24312010  1.6876447099187184e-09
   11.750000   0.30784849  2.0407058979550842e-09
   11.750000   0.37259260  2.4593084929550369e-09
   11.750000   0.43734549  2.9335253492410722e-09
   11.750000   0.50210377  3.4525174087627498e-09
   11.750000   0.56686560  4.0049244235145842e-09
   11.750000   0.63162987  4.5792398793952564e-09
   11.750000   0.69639591  5.1641509381528505e-09
   11.750000   0.76116325  5.7488288155508077e-09
   11.750000   0.82593158  6.3231602528113110e-09
   11.750000   0.89070068  6.8779160547643065e-09
   11.750000   0.95547037  7.4048574971456041e-09
   11.750000   1.02024053  7.8967854459693918e-09
   11.750000   1.08501108  8.3475400663361449e-09
   11.750000   1.14978193  8.7519609308809042e-09
   11.750000   1.21455301  9.1058183104427091e-09
   11.750000   1.27932429  9.4057264847635404e-09
   11.750000   1.34409571  9.6490493362769389e-09
   11.750000   1.40886724  9.8338073970203039e-09
   11.750000   1.47363885  9.9585941507926910e-09
   11.750000   1.53841049  1.0022507851055918e-08
   11.750000   1.60318216  1.0025103535202662e-08
   11.750000   1.66795381  9.9663683202418388e-09
   11.750000   1.73272541  9.8467215226520658e-09
   11.750000   1.79749694  9.6670395946663982e-09
   11.750000   1.86226837  9.4287043426164209e-09
   11.750000   1.92703964  9.1336713287398481e-09
   11.750000   1.99181073  8.7845537752292583e-09
   11.750000   2.05658157  8.3847157085260623e-09
   11.750000   2.12135212  7.9383665335244663e-09
   11.750000   2.18612229  7.4506478622119712e-09
   11.750000   2.25089198  6.9277023365663613e-09
   11.750000   2.31566107  6.3767135914063556e-09
   11.750000   2.38042940  5.8059065885973566e-09
   11.750000   2.44519674  5.2244984924728436e-09
   11.750000   2.50996278  4.6425922249095512e-09
   11.750000   2.57472706  4.0710078531734351e-09
   11.750000   2.63948889  3.5210510077592290e-09
   11.750000   2.70424717  3.0042223699812046e-09
   11.750000   2.76900006  2.5318775782745816e-09
   11.750000   2.83374417  2.1148521392534910e-09
   11.750000   2.89847256  1.7630705421222180e-09
   11.750000   2.96316844  1.4851619152664202e-09
   11.750000   3.02777863  1.2881043383194449e-09
   11.750000   3.09200950  1.1768925201038884e-09
   12.000000   0.04958315  2.8570208199480837e-09
   12.000000   0.11381403  2.9417203277157330e-09
   12.000000   0.17842421  3.0918181331393212e-09
   12.000000   0.24312010  3.3035390244011378e-09
   12.000000   0.30784849  3.5716067187036588e-09
   12.000000   0.37259260  3.8894937564312610e-09
   12.000000   0.43734549  4.2496887860577459e-09
   12.000000   0.50210377  4.6439856194356024e-09
   12.000000   0.56686560  5.0637775509301556e-09
   12.000000   0.63162987  5.5003401921673074e-09
   12.000000   0.69639591  5.9450883968920654e-09
   12.000000   0.76116325  6.3897962508715796e-09
   12.000000   0.82593158  6.8267730173582496e-09
   12.000000   0.89070068  7.2489918814002699e-09
   12.000000   0.95547037  7.6501719770255160e-09
   12.000000   1.02024053  8.0248172278907654e-09
   12.000000   1.08501108  8.3682178185472282e-09
   12.000000   1.14978193  8.6764216299615536e-09
   12.000000   1.21455301  8.9461836964355846e-09
   12.000000   1.27932429  9.1749018556475215e-09
   12.000000   1.34409571  9.3605463239838913e-09
   12.000000   1.40886724  9.5015901492706969e-09
   12.000000   1.47363885  9.5969464553569988e-09
   12.000000   1.53841049  9.6459172537933180e-09
   12.000000   1.60318216  9.6481573808893158e-09
   12.000000   1.66795381  9.6036559271705793e-09
   12.000000   1.73272541  9.5127363330232942e-09
   12.000000   1.79749694  9.3760751458159590e-09
   12.000000   1.86226837  9.1947382665424582e-09
   12.000000   1.92703964  8.9702323165813977e-09
   12.000000   1.99181073  8.7045675578473180e-09
   12.000000   2.05658157  8.4003275934457461e-09
   12.000000   2.12135212  8.0607399284240434e-09
   12.000000   2.18612229  7.6897404368725152e-09
   12.000000   2.25089198  7.2920239930525425e-09
   12.000000   2.31566107  6.8730731038972613e-09
   12.000000   2.38042940  6.4391564734359773e-09
   12.000000   2.44519674  5.9972901680329201e-09
   12.000000   2.50996278  5.5551555672619002e-09
   12.000000   2.57472706  5.1209705669379819e-09
   12.000000   2.63948889  4.7033135591744172e-09
   12.000000   2.70424717  4.3109033459608369e-09
   12.000000   2.76900006  3.9523421016903141e-09
   12.000000   2.83374417  3.6358324204076399e-09
   12.000000   2.89847256  3.3688828757514640e-09
   12.000000   2.96316844  3.1580188526755528e-09
   12.000000   3.02777863  3.0085151684131285e-09
   12.000000   3.09200950  2.9241461993602425e-09
   12.250000   0.04958315  3.8890667560143383e-09
   12.250000   0.11381403  3.9533857748276909e-09
   12.250000   0.17842421  4.0673742628437578e-09
   12.250000   0.24312010  4.2281772153580458e-09
   12.250000   0.30784849  4.4318032368021378e-09
   12.250000   0.37259260  4.6733126311872505e-09
   12.250000   0.43734549  4.9470185186630232e-09
   12.250000   0.50210377  5.2467045117477033e-09
   12.250000   0.56686560  5.5658465984557455e-09
   12.250000   0.63162987  5.8978266620882416e-09
   12.250000   0.69639591  6.2361267783531816e-09
   12.250000   0.76116325  6.5744959570736664e-09
   12.250000   0.82593158  6.9070839073605688e-09
   12.250000   0.89070068  7.2285393727221172e-09
   12.250000   0.95547037  7.5340733096168300e-09
   12.250000   1.02024053  7.8194894851432416e-09
   12.250000   1.08501108  8.0811868067661551e-09
   12.250000   1.14978193  8.3161388596191297e-09
   12.250000   1.21455301  8.5218566852907476e-09
   12.250000   1.27932429  8.6963409698723153e-09
   12.250000   1.34409571  8.8380294593064748e-09
   12.250000   1.40886724  8.9457448835177042e-09
   12.250000   1.47363885  9.0186478728968679e-09
   12.250000   1.53841049  9.0561984990956043e-09
   12.250000   1.60318216  9.0581291598525547e-09
   12.250000   1.66795381  9.0244306084033430e-09
   12.250000   1.73272541  8.9553520328103898e-09
   12.250000   1.79749694  8.8514151725486806e-09
   12.250000   1.86226837  8.7134415824955978e-09
   12.250000   1.92703964  8.5425912355168404e-09
   12.250000   1.99181073  8.3404097369433540e-09
   12.250000   2.05658157  8.1088805293526612e-09
   12.250000   2.12135212  7.8504775813871582e-09
   12.250000   2.18612229  7.5682133013175305e-09
   12.250000   2.25089198  7.2656758275717178e-09
   12.250000   2.31566107  6.9470495534027731e-09
   12.250000   2.38042940  6.6171128270757831e-09
   12.250000   2.44519674  6.2812073678748056e-09
   12.250000   2.50996278  5.9451750749767873e-09
   12.250000   2.57472706  5.6152596574556529e-09
   12.250000   2.63948889  5.2979728198333419e-09
   12.250000   2.70424717  4.9999274483217681e-09
   12.250000   2.76900006  4.7276432376866744e-09
   12.250000   2.83374417  4.4873330808805318e-09
   12.250000   2.89847256  4.2846810998955875e-09
   12.250000   2.96316844  4.1246248885965692e-09
   12.250000   3.02777863  4.0111543242551953e-09
   12.250000   3.09200950  3.9471235095620460e-09
   12.500000   0.04958315  4.4173377385199491e-09
   12.500000   0.11381403  4.4662031487134119e-09
   12.500000   0.17842421  4.5528095262754169e-09
   12.500000   0.24312010  4.6749963644147597e-09
   12.500000   0.30784849  4.8297423380408525e-09
   12.500000   0.37259260  5.0133070029333407e-09
   12.500000   0.43734549  5.2213822635613419e-09
   12.500000   0.50210377  5.4492564337542625e-09
   12.500000   0.56686560  5.6919816429857050e-09
   12.500000   0.63162987  5.9445351410802761e-09
   12.500000   0.69639591  6.2019663211543161e-09
   12.500000   0.76116325  6.4595231575078856e-09
   12.500000   0.82593158  6.7127539301378595e-09
   12.500000   0.89070068  6.9575823288924247e-09
   12.500000   0.95547037  7.1903560804000997e-09
   12.500000   1.02024053  7.4078709796456687e-09
   12.500000   1.08501108  7.6073735325100094e-09
   12.500000   1.14978193  7.7865462877716101e-09
   12.500000   1.21455301  7.9434804080225912e-09
   12.500000   1.27932429  8.0766401015608348e-09
   12.500000   1.34409571  8.1848233327321474e-09
   12.500000   1.40886724  8.2671227959887828e-09
   12.500000   1.47363885  8.3228905642695920e-09
   12.500000   1.53841049  8.3517091769120202e-09
   12.500000   1.60318216  8.3533712396906682e-09
   12.500000   1.66795381  8.3278689106471096e-09
   12.500000   1.73272541  8.2753939607526717e-09
   12.500000   1.79749694  8.1963484105537770e-09
   12.500000   1.86226837  8.0913650468583259e-09
   12.500000   1.92703964  7.9613364537451047e-09
   12.500000   1.99181073  7.8074504683165106e-09
   12.500000   2.05658157  7.6312293087181918e-09
   12.500000   2.12135212  7.4345689543888085e-09
   12.500000   2.18612229  7.2197747913542897e-09
   12.500000   2.25089198  6.9895891073118959e-09
   12.500000   2.31566107  6.7472058032108234e-09
   12.500000   2.38042940  6.4962677869082489e-09
   12.500000   2.44519674  6.2408429522768318e-09
   12.500000   2.50996278  5.9853755496706457e-09
   12.500000   2.57472706  5.7346110596031465e-09
   12.500000   2.63948889  5.4934944340994210e-09
   12.500000   2.70424717  5.2670436110484984e-09
   12.500000   2.76900006  5.0602024335344731e-09
   12.500000   2.83374417  4.8776792822699331e-09
   12.500000   2.89847256  4.7237796071589354e-09
   12.500000   2.96316844  4.6022418053779542e-09
   12.500000   3.02777863  4.5160857047952791e-09
   12.500000   3.09200950  4.4674708991537140e-09
   12.750000   0.04958315  4.6024320495527302e-09
   12.750000   0.11381403  4.6395743627402611e-09
   12.750000   0.17842421  4.7054072381428322e-09
   12.750000   0.24312010  4.7982946927552253e-09
   12.750000   0.30784849  4.9159482957919155e-09
   12.750000   0.37259260  5.0555340100471246e-09
   12.750000   0.43734549  5.2137863629461245e-09
   12.750000   0.50210377  5.3871322006824791e-09
   12.750000   0.56686560  5.5718170857270579e-09
   12.750000   0.63162987  5.7640272376079906e-09
   12.750000   0.69639591  5.9600008490024470e-09
   12.750000   0.76116325  6.1561240062582604e-09
   12.750000   0.82593158  6.3490080682128176e-09
   12.750000   0.89070068  6.5355470280094581e-09
   12.750000   0.95547037  6.7129549224770805e-09
   12.750000   1.02024053  6.8787846565256915e-09
   12.750000   1.08501108  7.0309306403689050e-09
   12.750000   1.14978193  7.1676182769038136e-09
   12.750000   1.21455301  7.2873837256581443e-09
   12.750000   1.27932429  7.3890474237322587e-09
   12.750000   1.34409571  7.4716847021359253e-09
   12.750000   1.40886724  7.5345965174108149e-09
   12.750000   1.47363885  7.5772828932654228e-09
   12.750000   1.53841049  7.5994211715861997e-09
   12.750000   1.60318216  7.6008506526708182e-09
   12.750000   1.66795381  7.5815646808012752e-09
   12.750000   1.73272541  7.5417106907703760e-09
   12.750000   1.79749694  7.4815982250521969e-09
   12.750000   1.86226837  7.4017143870767057e-09
   12.750000   1.92703964  7.3027456837326306e-09
   12.750000   1.99181073  7.1856046735451745e-09
   12.750000   2.05658157  7.0514593138575622e-09
   12.750000   2.12135212  6.9017624201579811e-09
   12.750000   2.18612229  6.7382782078613730e-09
   12.750000   2.25089198  6.5631025861897459e-09
   12.750000   2.31566107  6.3786737052908753e-09
   12.750000   2.38042940  6.1877693547865268e-09
   12.750000   2.44519674  5.9934881477580101e-09
   12.750000   2.50996278  5.7992121160151548e-09
   12.750000   2.57472706  5.6085493369117754e-09
   12.750000   2.63948889  5.4252565289326566e-09
   12.750000   2.70424717  5.2531431006060447e-09
   12.750000   2.76900006  5.0959597921835578e-09
   12.750000   2.83374417  4.9572766929335712e-09
   12.750000   2.89847256  4.8403567941882433e-09
   12.750000   2.96316844  4.7480321956387391e-09
   12.750000   3.02777863  4.6825898972171647e-09
   12.750000   3.09200950  4.6456649938051830e-09
   13.000000   0.04958315  4.5598878888603064e-09
   13.000000   0.11381403  4.5881329743990592e-09
   13.000000   0.17842421  4.6381987886312640e-09
   13.000000   0.24312010  4.7088457709333041e-09
   13.000000   0.30784849  4.7983395655615281e-09
   13.000000   0.37259260  4.9045316448414084e-09
   13.000000   0.43734549  5.0249454399197069e-09
   13.000000   0.50210377  5.1568697608859642e-09
   13.000000   0.56686560  5.2974543013173334e-09
   13.000000   0.63162987  5.4438018808546983e-09
   13.000000   0.69639591  5.5930527744511515e-09
   13.000000   0.76116325  5.7424575135331319e-09
   13.000000   0.82593158  5.8894357661704353e-09
   13.000000   0.89070068  6.0316201503361227e-09
   13.000000   0.95547037  6.1668849961863868e-09
   13.000000   1.02024053  6.2933610685133491e-09
   13.000000   1.08501108  6.4094380201388307e-09
   13.000000   1.14978193  6.5137568612502303e-09
   13.000000   1.21455301  6.6051950167657710e-09
   13.000000   1.27932429  6.6828465948820020e-09
   13.000000   1.34409571  6.7460003943105250e-09
   13.000000   1.40886724  6.7941179413607899e-09
   13.000000   1.47363885  6.8268135207870461e-09
   13.000000   1.53841049  6.8438378043471993e-09
   13.000000   1.60318216  6.8450662844887256e-09
   13.000000   1.66795381  6.8304933062108177e-09
   13.000000   1.73272541  6.8002321100773206e-09
   13.000000   1.79749694  6.7545208744447697e-09
   13.000000   1.86226837  6.6937343633105850e-09
   13.000000   1.92703964  6.6184003731298761e-09
   13.000000   1.99181073  6.5292197712759074e-09
   13.000000   2.05658157  6.4270885274274863e-09
   13.000000   2.12135212  6.3131197675468873e-09
   13.000000   2.18612229  6.1886635566183973e-09
   13.000000   2.25089198  6.0553218894410092e-09
   13.000000   2.31566107  5.9149562530187225e-09
   13.000000   2.38042940  5.7696852013860183e-09
   13.000000   2.44519674  5.6218696474004456e-09
   13.000000   2.50996278  5.4740841051011925e-09
   13.000000   2.57472706  5.3290728695590828e-09
   13.000000   2.63948889  5.1896911239292511e-09
   13.000000   2.70424717  5.0588321155229345e-09
   13.000000   2.76900006  4.9393427997515783e-09
   13.000000   2.83374417  4.8339315642080613e-09
   13.000000   2.89847256  4.7450726925691401e-09
   13.000000   2.96316844  4.6749129131141984e-09
   13.000000   3.02777863  4.6251852447161758e-09
   13.000000   3.09200950  4.5971284078097457e-09
   13.250000   0.04958315  4.3721507054179464e-09
   13.250000   0.11381403  4.3936401066675321e-09
   13.250000   0.17842421  4.4317332072885958e-09
   13.250000   0.24312010  4.4854902510643805e-09
   13.250000   0.30784849  4.5535960375415665e-09
   13.250000   0.37259260  4.6344208096073186e-09
   13.250000   0.43734549  4.7260852802553033e-09
   13.250000   0.50210377  4.8265312055780563e-09
   13.250000   0.56686560  4.9335935973253074e-09
   13.250000   0.63162987  5.0450705461617604e-09
   13.250000   0.69639591  5.1587871401862242e-09
   13.250000   0.76116325  5.2726507454763699e-09
   13.250000   0.82593158  5.3846958227540915e-09
   13.250000   0.89070068  5.4931173975932437e-09
   13.250000   0.95547037  5.5962931661738287e-09
   13.250000   1.02024053  5.6927949888508305e-09
   13.250000   1.08501108  5.7813910809653106e-09
   13.250000   1.14978193  5.8610406206612115e-09
   13.250000   1.21455301  5.9308827042228548e-09
   13.250000   1.27932429  5.9902216313740711e-09
   13.250000   1.34409571  6.0385104331623786e-09
   13.250000   1.40886724  6.0753343756714755e-09
   13.250000   1.47363885  6.1003959384445794e-09
   13.250000   1.53841049  6.1135024841159919e-09
   13.250000   1.60318216  6.1145575388321900e-09
   13.250000   1.66795381  6.1035562967413514e-09
   13.250000   1.73272541  6.0805856519641522e-09
   13.250000   1.79749694  6.0458287595989074e-09
   13.250000   1.86226837  5.9995738183001201e-09
   13.250000   1.92703964  5.9422264638015050e-09
   13.250000   1.99181073  5.8743248463927765e-09
   13.250000   2.05658157  5.7965561838702069e-09
   13.250000   2.12135212  5.7097732837581970e-09
   13.250000   2.18612229  5.6150093002746155e-09
   13.250000   2.25089198  5.5134888201574020e-09
   13.250000   2.31566107  5.4066332829250274e-09
   13.250000   2.38042940  5.2960588123683855e-09
   13.250000   2.44519674  5.1835647403915119e-09
   13.250000   2.50996278  5.0711115042431143e-09
   13.250000   2.57472706  4.9607871775361020e-09
   13.250000   2.63948889  4.8547626441911960e-09
   13.250000   2.70424717  4.7552363043345938e-09
   13.250000   2.76900006  4.6643701356563632e-09
   13.250000   2.83374417  4.5842198493639499e-09
   13.250000   2.89847256  4.5166626546762439e-09
   13.250000   2.96316844  4.4633266625197788e-09
   13.250000   3.02777863  4.4255258446163666e-09
   13.250000   3.09200950  4.4041991775819842e-09
   13.500000   0.04958315  4.0974474311340961e-09
   13.500000   0.11381403  4.1138048147787565e-09
   13.500000   0.17842421  4.1428021910825811e-09
   13.500000   0.24312010  4.1837266840705530e-09
   13.500000   0.30784849  4.2355803813931562e-09
   13.500000   0.37259260  4.2971263518183846e-09
   13.500000   0.43734549  4.3669377749748967e-09
   13.500000   0.50210377  4.4434512951380445e-09
   13.500000   0.56686560  4.5250216556934894e-09
   13.500000   0.63162987  4.6099745863294042e-09
   13.500000   0.69639591  4.6966552768013152e-09
   13.500000   0.76116325  4.7834703733925767e-09
   13.500000   0.82593158  4.8689221021954685e-09
   13.500000   0.89070068  4.9516338389652991e-09
   13.500000   0.95547037  5.0303670983813645e-09
   13.500000   1.02024053  5.1040304916112259e-09
   13.500000   1.08501108  5.1716816276656025e-09
   13.500000   1.14978193  5.2325232565590466e-09
   13.500000   1.21455301  5.2858950986125789e-09
   13.500000   1.27932429  5.3312628619501047e-09
   13.500000   1.34409571  5.3682058940141372e-09
   13.500000   1.40886724  5.3964047867957150e-09
   13.500000   1.47363885  5.4156300662953388e-09
   13.500000   1.53841049  5.4257329016689379e-09
   13.500000   1.60318216  5.4266385292130820e-09
   13.500000   1.66795381  5.4183428613308286e-09
   13.500000   1.73272541  5.4009125125598584e-09
   13.500000   1.79749694  5.3744882450796096e-09
   13.500000   1.86226837  5.3392915937669411e-09
   13.500000   1.92703964  5.2956342117009296e-09
   13.500000   1.99181073  5.2439292236268652e-09
   13.500000   2.05658157  5.1847036698842775e-09
   13.500000   2.12135212  5.1186108947412127e-09
   13.500000   2.18612229  5.0464415657396228e-09
   13.500000   2.25089198  4.9691318750080228e-09
   13.500000   2.31566107  4.8877674260311166e-09
   13.500000   2.38042940  4.8035813489435184e-09
   13.500000   2.44519674  4.7179453567454143e-09
   13.500000   2.50996278  4.6323527668050126e-09
   13.500000   2.57472706  4.5483929287338374e-09
   13.500000   2.63948889  4.4677170998452691e-09
   13.500000   2.70424717  4.3919964390952633e-09
   13.500000   2.76900006  4.3228735191566686e-09
   13.500000   2.83374417  4.2619094267054546e-09
   13.500000   2.89847256  4.2105291120315861e-09
   13.500000   2.96316844  4.1699680176146920e-09
   13.500000   3.02777863  4.1412229396829687e-09
   13.500000   3.09200950  4.1250060408927241e-09
   13.750000   0.04958315  3.7763551092728122e-09
   13.750000   0.11381403  3.7888120643924171e-09
   13.750000   0.17842421  3.8108961265857728e-09
   13.750000   0.24312010  3.8420662213461701e-09
   13.750000   0.30784849  3.8815647602752109e-09
   13.750000   0.37259260  3.9284524457457944e-09
   13.750000   0.43734549  3.9816454173156273e-09
   13.750000   0.50210377  4.0399556118130317e-09
   13.750000   0.56686560  4.1021321319613010e-09
   13.750000   0.63162987  4.1669013216865673e-09
   13.750000   0.69639591  4.2330035527298218e-09
   13.750000   0.76116325  4.2992251398837845e-09
   13.750000   0.82593158  4.3644243329475135e-09
   13.750000   0.89070068  4.4275508540734459e-09
   13.750000   0.95547037  4.4876589518016679e-09
   13.750000   1.02024053  4.5439143720622288e-09
   13.750000   1.08501108  4.5955959795637607e-09
   13.750000   1.14978193  4.6420929976511439e-09
   13.750000   1.21455301  4.6828989593965374e-09
   13.750000   1.27932429  4.7176035051798958e-09
   13.750000   1.34409571  4.7458831212265918e-09
   13.750000   1.40886724  4.7674918153439342e-09
   13.750000   1.47363885  4.7822525987978804e-09
   13.750000   1.53841049  4.7900504807925657e-09
   13.750000   1.60318216  4.7908275057389197e-09
   13.750000   1.66795381  4.7845801947762731e-09
   13.750000   1.73272541  4.7713595679024175e-09
   13.750000   1.79749694  4.7512737449312409e-09
   13.750000   1.86226837  4.7244929520310673e-09
   13.750000   1.92703964  4.6912565663536216e-09
   13.750000   1.99181073  4.6518816770503541e-09
   13.750000   2.05658157  4.6067724433923313e-09
   13.750000   2.12135212  4.5564293914344091e-09
   13.750000   2.18612229  4.5014576491351797e-09
   13.750000   2.25089198  4.4425730199675180e-09
   13.750000   2.31566107  4.3806047671817476e-09
   13.750000   2.38042940  4.3164940080185382e-09
   13.750000   2.44519674  4.2512867579887994e-09
   13.750000   2.50996278  4.1861208835184402e-09
   13.750000   2.57472706  4.1222065673714547e-09
   13.750000   2.63948889  4.0608003176333408e-09
   13.750000   2.70424717  4.0031730443633457e-09
   13.750000   2.76900006  3.9505732690939422e-09
   13.750000   2.83374417  3.9041870353488668e-09
   13.750000   2.89847256  3.8650965336129668e-09
   13.750000   2.96316844  3.8342397275244689e-09
   13.750000   3.02777863  3.8123732010803636e-09
   13.750000   3.09200950  3.8000373845472517e-09
   14.000000   0.04958315  3.4366529181538713e-09
   14.000000   0.11381403  3.4461440669985470e-09
   14.000000   0.17842421  3.4629710984737823e-09
   14.000000   0.24312010  3.4867231099336747e-09
   14.000000   0.30784849  3.5168246510061292e-09
   14.000000   0.37259260  3.5525620630452398e-09
   14.000000   0.43734549  3.5931115861666354e-09
   14.000000   0.50210377  3.6375699105818712e-09
   14.000000   0.56686560  3.6849855176783294e-09
   14.000000   0.63162987  3.7343890686642548e-09
   14.000000   0.69639591  3.7848213320315218e-09
   14.000000   0.76116325  3.8353574515766574e-09
   14.000000   0.82593158  3.8851267503240319e-09
   14.000000   0.89070068  3.9333276608770286e-09
   14.000000   0.95547037  3.9792377550116922e-09
   14.000000   1.02024053  4.0222191624864972e-09
   14.000000   1.08501108  4.0617199321794511e-09
   14.000000   1.14978193  4.0972720584192338e-09
   14.000000   1.21455301  4.1284870024731132e-09
   14.000000   1.27932429  4.1550495577556139e-09
   14.000000   1.34409571  4.1767108996681050e-09
   14.000000   1.40886724  4.1932815686600220e-09
   14.000000   1.47363885  4.2046250499060462e-09
   14.000000   1.53841049  4.2106524874092247e-09
   14.000000   1.60318216  4.2113189379709836e-09
   14.000000   1.66795381  4.2066214393591562e-09
   14.000000   1.73272541  4.1965990282585195e-09
   14.000000   1.79749694  4.1813347077678028e-09
   14.000000   1.86226837  4.1609592277837306e-09
   14.000000   1.92703964  4.1356564055507809e-09
   14.000000   1.99181073  4.1056695792613308e-09
   14.000000   2.05658157  4.0713086534778086e-09
   14.000000   2.12135212  4.0329570811618698e-09
   14.000000   2.18612229  3.9910780210801644e-09
   14.000000   2.25089198  3.9462188409070919e-09
   14.000000   2.31566107  3.8990131087939382e-09
   14.000000   2.38042940  3.8501792510480624e-09
   14.000000   2.44519674  3.8005151401880834e-09
   14.000000   2.50996278  3.7508880778687958e-09
   14.000000   2.57472706  3.7022198659530798e-09
   14.000000   2.63948889  3.6554670046817706e-09
   14.000000   2.70424717  3.6115964209792147e-09
   14.000000   2.76900006  3.5715575396286226e-09
   14.000000   2.83374417  3.5362518839192299e-09
   14.000000   2.89847256  3.5065017319434765e-09
   14.000000   2.96316844  3.4830195545700609e-09
   14.000000   3.02777863  3.4663799068104871e-09
   14.000000   3.09200950  3.4569931131633584e-09
   14.250000   0.04958315  3.0968976881976241e-09
   14.250000   0.11381403  3.1041326255864162e-09
   14.250000   0.17842421  3.1169602051717177e-09
   14.250000   0.24312010  3.1350682132537150e-09
   14.250000   0.30784849  3.1580193174460212e-09
   14.250000   0.37259260  3.1852710161544035e-09
   14.250000   0.43734549  3.2161969168226492e-09
   14.250000   0.50210377  3.2501098800662348e-09
   14.250000   0.56686560  3.2862857754214214e-09
   14.250000   0.63162987  3.3239865401170850e-09
   14.250000   0.69639591  3.3624813902494346e-09
   14.250000   0.76116325  3.4010652817809378e-09
   14.250000   0.82593158  3.4390740057456501e-09
   14.250000   0.89070068  3.4758956002990090e-09
   14.250000   0.95547037  3.5109780549663060e-09
   14.250000   1.02024053  3.5438335200411085e-09
   14.250000   1.08501108  3.5740394339915989e-09
   14.250000   1.14978193  3.6012371172251596e-09
   14.250000   1.21455301  3.6251284481876926e-09
   14.250000   1.27932429  3.6454712779566796e-09
   14.250000   1.34409571  3.6620742069989795e-09
   14.250000   1.40886724  3.6747913025171742e-09
   14.250000   1.47363885  3.6835172560041762e-09
   14.250000   1.53841049  3.6881833938582752e-09
   14.250000   1.60318216  3.6887548465853897e-09
   14.250000   1.66795381  3.6852290908501741e-09
   14.250000   1.73272541  3.6776359625634219e-09
   14.250000   1.79749694  3.6660391476531157e-09
   14.250000   1.86226837  3.6505390385361595e-09
   14.250000   1.92703964  3.6312767536012959e-09
   14.250000   1.99181073  3.6084390055357980e-09
   14.250000   2.05658157  3.5822634107732039e-09
   14.250000   2.12135212  3.5530437343241187e-09
   14.250000   2.18612229  3.5211345003358283e-09
   14.250000   2.25089198  3.4869543314755631e-09
   14.250000   2.31566107  3.4509873741577435e-09
   14.250000   2.38042940  3.4137821839289677e-09
   14.250000   2.44519674  3.3759475275761388e-09
   14.250000   2.50996278  3.3381446853631082e-09
   14.250000   2.57472706  3.3010760437057175e-09
   14.250000   2.63948889  3.2654700028169329e-09
   14.250000   2.70424717  3.2320625162113024e-09
   14.250000   2.76900006  3.2015758750275777e-09
   14.250000   2.83374417  3.1746956465579870e-09
   14.250000   2.89847256  3.1520469147282179e-09
   14.250000   2.96316844  3.1341711305786699e-09
   14.250000   3.02777863  3.1215048320884361e-09
   14.250000   3.09200950  3.1143597190784070e-09
   14.500000   0.04958315  2.7690514342327324e-09
   14.500000   0.11381403  2.7745691613664476e-09
   14.500000   0.17842421  2.7843525895052277e-09
   14.500000   0.24312010  2.7981643676768757e-09
   14.500000   0.30784849  2.8156719601679265e-09
   14.500000   0.37259260  2.8364627664501450e-09
   14.500000   0.43734549  2.8600602395695976e-09
   14.500000   0.50210377  2.8859414291847759e-09
   14.500000   0.56686560  2.9135550011272520e-09
   14.500000   0.63162987  2.9423387379171122e-09
   14.500000   0.69639591  2.9717356638191409e-09
   14.500000   0.76116325  3.0012080909470939e-09
   14.500000   0.82593158  3.0302491288132109e-09
   14.500000   0.89070068  3.0583914097585556e-09
   14.500000   0.95547037  3.0852130070025728e-09
   14.500000   1.02024053  3.1103407004268252e-09
   14.500000   1.08501108  3.1334509059380013e-09
   14.500000   1.14978193  3.1542686685716661e-09
   14.500000   1.21455301  3.1725652003674142e-09
   14.500000   1.27932429  3.1881544455708583e-09
   14.500000   1.34409571  3.2008891565230684e-09
   14.500000   1.40886724  3.2106569111490062e-09
   14.500000   1.47363885  3.2173764605921127e-09
   14.500000   1.53841049  3.2209947157714337e-09
   14.500000   1.60318216  3.2214846066039868e-09
   14.500000   1.66795381  3.2188439827013191e-09
   14.500000   1.73272541  3.2130956226766261e-09
   14.500000   1.79749694  3.2042883626020170e-09
   14.500000   1.86226837  3.1924992575774935e-09
   14.500000   1.92703964  3.1778366195618549e-09
   14.500000   1.99181073  3.1604436933996817e-09
   14.500000   2.05658157  3.1405026573831702e-09
   14.500000   2.12135212  3.1182385710575047e-09
   14.500000   2.18612229  3.0939228241832920e-09
   14.500000   2.25089198  3.0678756197021557e-09
   14.500000   2.31566107  3.0404669908316486e-09
   14.500000   2.38042940  3.0121158859915794e-09
   14.500000   2.44519674  2.9832869115502846e-09
   14.500000   2.50996278  2.9544844222531752e-09
   14.500000   2.57472706  2.9262437989967924e-09
   14.500000   2.63948889  2.8991199433282641e-09
   14.500000   2.70424717  2.8736732305292246e-09
   14.500000   2.76900006  2.8504533864768746e-09
   14.500000   2.83374417  2.8299819828783130e-09
   14.500000   2.89847256  2.8127344166006780e-09
   14.500000   2.96316844  2.7991223630246003e-09
   14.500000   3.02777863  2.7894776565754132e-09
   14.500000   3.09200950  2.7840371938109554e-09
   14.750000   0.04958315  2.4604058979383604e-09
   14.750000   0.11381403  2.4646160298932482e-09
   14.750000   0.17842421  2.4720813285592490e-09
   14.750000   0.24312010  2.4826212632724176e-09
   14.750000   0.30784849  2.4959828578927481e-09
   14.750000   0.37259260  2.5118521527868410e-09
   14.750000   0.43734549  2.5298664274087245e-09
   14.750000   0.50210377  2.5496275024860537e-09
   14.750000   0.56686560  2.5707154157806549e-09
   14.750000   0.63162987  2.5927017153095333e-09
   14.750000   0.69639591  2.6151617183054110e-09
   14.750000   0.76116325  2.6376852059058797e-09
   14.750000   0.82593158  2.6598852014589809e-09
   14.750000   0.89070068  2.6814046434265864e-09
   14.750000   0.95547037  2.7019209298392349e-09
   14.750000   1.02024053  2.7211484533139438e-09
   14.750000   1.08501108  2.7388393557880435e-09
   14.750000   1.14978193  2.7547828145137602e-09
   14.750000   1.21455301  2.7688032124820144e-09
   14.750000   1.27932429  2.7807575667289047e-09
   14.750000   1.34409571  2.7905325755310626e-09
   14.750000   1.40886724  2.7980416175155285e-09
   14.750000   1.47363885  2.8032219926491722e-09
   14.750000   1.53841049  2.8060326459618528e-09
   14.750000   1.60318216  2.8064525486781314e-09
   14.750000   1.66795381  2.8044798668206538e-09
   14.750000   1.73272541  2.8001319690135997e-09
   14.750000   1.79749694  2.7934462827841622e-09
   14.750000   1.86226837  2.7844819285697936e-09
   14.750000   1.92703964  2.7733220187087347e-09
   14.750000   1.99181073  2.7600764338055675e-09
   14.750000   2.05658157  2.7448848412041274e-09
   14.750000   2.12135212  2.7279196646955031e-09
   14.750000   2.18612229  2.7093886717237104e-09
   14.750000   2.25089198  2.6895368168952794e-09
   14.750000   2.31566107  2.6686469670709036e-09
   14.750000   2.38042940  2.6470391591030070e-09
   14.750000   2.44519674  2.6250680718800084e-09
   14.750000   2.50996278  2.6031184885571229e-09
   14.750000   2.57472706  2.5815986282956520e-09
   14.750000   2.63948889  2.5609313725842730e-09
   14.750000   2.70424717  2.5415435700895074e-09
   14.750000   2.76900006  2.5238537803704144e-09
   14.750000   2.83374417  2.5082589770502952e-09
   14.750000   2.89847256  2.4951208742144239e-09
   14.750000   2.96316844  2.4847526186721805e-09
   14.750000   3.02777863  2.4774065715037352e-09
   14.750000   3.09200950  2.4732628628209267e-09
   15.000000   0.04958315  2.1749866362772419e-09
   15.000000   0.11381403  2.1782006080242851e-09
   15.000000   0.17842421  2.1838998092105484e-09
   15.000000   0.24312010  2.1919468610144979e-09
   15.000000   0.30784849  2.2021492160293082e-09
   15.000000   0.37259260  2.2142678607330673e-09
   15.000000   0.43734549  2.2280265827139286e-09
   15.000000   0.50210377  2.2431220658698528e-09
   15.000000   0.56686560  2.2592342747513011e-09
   15.000000   0.63162987  2.2760365573806469e-09
   15.000000   0.69639591  2.2932049690652217e-09
   15.000000   0.76116325  2.3104264191748435e-09
   15.000000   0.82593158  2.3274053675909421e-09
   15.000000   0.89070068  2.3438689302721355e-09
   15.000000   0.95547037  2.3595703678024526e-09
   15.000000   1.02024053  2.3742910527936478e-09
   15.000000   1.08501108  2.3878410795379623e-09
   15.000000   1.14978193  2.4000587577631170e-09
   15.000000   1.21455301  2.4108092531667733e-09
   15.000000   1.27932429  2.4199826602460217e-09
   15.000000   1.34409571  2.4274917791864814e-09
   15.000000   1.40886724  2.4332698531078038e-09
   15.000000   1.47363885  2.4372684840027510e-09
   15.000000   1.53841049  2.4394559097595580e-09
   15.000000   1.60318216  2.4398157822515759e-09
   15.000000   1.66795381  2.4383465360349509e-09
   15.000000   1.73272541  2.4350613976643870e-09
   15.000000   1.79749694  2.4299890322827693e-09
   15.000000   1.86226837  2.4231747827054789e-09
   15.000000   1.92703964  2.4146824084548990e-09
   15.000000   1.99181073  2.4045961849073955e-09
   15.000000   2.05658157  2.3930231816484495e-09
   15.000000   2.12135212  2.3800954989161112e-09
   15.000000   2.18612229  2.3659722082716462e-09
   15.000000   2.25089198  2.3508407224769051e-09
   15.000000   2.31566107  2.3349173155179108e-09
   15.000000   2.38042940  2.3184465168330445e-09
   15.000000   2.44519674  2.3016991572583789e-09
   15.000000   2.50996278  2.2849688812274196e-09
   15.000000   2.57472706  2.2685670499421661e-09
   15.000000   2.63948889  2.2528160459612783e-09
   15.000000   2.70424717  2.2380411289304316e-09
   15.000000   2.76900006  2.2245611133873532e-09
   15.000000   2.83374417  2.2126782640835197e-09
   15.000000   2.89847256  2.2026679142609018e-09
   15.000000   2.96316844  2.1947683687744875e-09
   15.000000   3.02777863  2.1891716343206801e-09
   15.000000   3.09200950  2.1860147391907183e-09
   15.250000   0.04958315  1.9145725156493795e-09
   15.250000   0.11381403  1.9170272267861268e-09
   15.250000   0.17842421  1.9213802690690095e-09
   15.250000   0.24312010  1.9275270483804306e-09
   15.250000   0.30784849  1.9353209441740943e-09
   15.250000   0.37259260  1.9445799117234417e-09
   15.250000   0.43734549  1.9550935186971484e-09
   15.250000   0.50210377  1.9666306083355396e-09
   15.250000   0.56686560  1.9789471897844853e-09
   15.250000   0.63162987  1.9917941184502092e-09
   15.250000   0.69639591  2.0049241916169503e-09
   15.250000   0.76116325  2.0180983573149991e-09
   15.250000   0.82593158  2.0310908240308091e-09
   15.250000   0.89070068  2.0436929674422961e-09
   15.250000   0.95547037  2.0557160094555160e-09
   15.250000   1.02024053  2.0669925432530406e-09
   15.250000   1.08501108  2.0773770236852762e-09
   15.250000   1.14978193  2.0867454092165682e-09
   15.250000   1.21455301  2.0949941515947717e-09
   15.250000   1.27932429  2.1020387506269759e-09
   15.250000   1.34409571  2.1078120792114460e-09
   15.250000   1.40886724  2.1122626759634610e-09
   15.250000   1.47363885  2.1153531700839927e-09
   15.250000   1.53841049  2.1170589782479853e-09
   15.250000   1.60318216  2.1173673795758019e-09
   15.250000   1.66795381  2.1162770376981376e-09
   15.250000   1.73272541  2.1137980091436364e-09
   15.250000   1.79749694  2.1099522332539879e-09
   15.250000   1.86226837  2.1047744714941089e-09
   15.250000   1.92703964  2.0983136242278454e-09
   15.250000   1.99181073  2.0906343186872992e-09
   15.250000   2.05658157  2.0818186285442982e-09
   15.250000   2.12135212  2.0719677611598050e-09
   15.250000   2.18612229  2.0612035136832616e-09
   15.250000   2.25089198  2.0496692921065738e-09
   15.250000   2.31566107  2.0375304811338518e-09
   15.250000   2.38042940  2.0249739581763254e-09
   15.250000   2.44519674  2.0122065779704566e-09
   15.250000   2.50996278  1.9994524970271813e-09
   15.250000   2.57472706  1.9869492725694715e-09
   15.250000   2.63948889  1.9749427543771340e-09
   15.250000   2.70424717  1.9636808800022369e-09
   15.250000   2.76900006  1.9534065799466020e-09
   15.250000   2.83374417  1.9443500968786822e-09
   15.250000   2.89847256  1.9367210976284801e-09
   15.250000   2.96316844  1.9307010079142845e-09
   15.250000   3.02777863  1.9264359771278082e-09
   15.250000   3.09200950  1.9240302924014595e-09
   15.500000   0.04958315  1.6794316352166591e-09
   15.500000   0.11381403  1.6813073749499860e-09
   15.500000   0.17842421  1.6846338604009578e-09
   15.500000   0.24312010  1.6893314214831027e-09
   15.500000   0.30784849  1.6952883573034964e-09
   15.500000   0.37259260  1.7023659515029803e-09
   15.500000   0.43734549  1.7104038130609203e-09
   15.500000   0.50210377  1.7192257015524194e-09
   15.500000   0.56686560  1.7286455217946028e-09
   15.500000   0.63162987  1.7384731667260865e-09
   15.500000   0.69639591  1.7485199215626781e-09
   15.500000   0.76116325  1.7586031936686408e-09
   15.500000   0.82593158  1.7685504161673410e-09
   15.500000   0.89070068  1.7782020366641135e-09
   15.500000   0.95547037  1.7874135756563170e-09
   15.500000   1.02024053  1.7960568051854473e-09
   15.500000   1.08501108  1.8040201464047517e-09
   15.500000   1.14978193  1.8112084137361297e-09
   15.500000   1.21455301  1.8175420636766162e-09
   15.500000   1.27932429  1.8229561116143384e-09
   15.500000   1.34409571  1.8273988685826426e-09
   15.500000   1.40886724  1.8308306524544988e-09
   15.500000   1.47363885  1.8332225966493718e-09
   15.500000   1.53841049  1.8345556636140874e-09
   15.500000   1.60318216  1.8348199445185103e-09
   15.500000   1.66795381  1.8340142993396744e-09
   15.500000   1.73272541  1.8321463606351238e-09
   15.500000   1.79749694  1.8292329074954711e-09
   15.500000   1.86226837  1.8253005776502009e-09
   15.500000   1.92703964  1.8203868644558425e-09
   15.500000   1.99181073  1.8145413190541104e-09
   15.500000   2.05658157  1.8078268501186516e-09
   15.500000   2.12135212  1.8003209960563405e-09
   15.500000   2.18612229  1.7921170190092028e-09
   15.500000   2.25089198  1.7833246634431493e-09
   15.500000   2.31566107  1.7740704198950364e-09
   15.500000   2.38042940  1.7644971334571551e-09
   15.500000   2.44519674  1.7547628337083043e-09
   15.500000   2.50996278  1.7450386775620701e-09
   15.500000   2.57472706  1.7355059661798338e-09
   15.500000   2.63948889  1.7263522464958597e-09
   15.500000   2.70424717  1.7177665793337236e-09
   15.500000   2.76900006  1.7099341406903080e-09
   15.500000   2.83374417  1.7030303782332546e-09
   15.500000   2.89847256  1.6972150163615096e-09
   15.500000   2.96316844  1.6926262333871403e-09
   15.500000   3.02777863  1.6893753208171569e-09
   15.500000   3.09200950  1.6875416794609357e-09
   15.750000   0.04958315  1.4688487056181470e-09
   15.750000   0.11381403  1.4702827444027848e-09
   15.750000   0.17842421  1.4728260266770696e-09
   15.750000   0.24312010  1.4764178401722755e-09
   15.750000   0.30784849  1.4809730489598403e-09
   15.750000   0.37259260  1.4863859037156693e-09
   15.750000   0.43734549  1.4925341031962469e-09
   15.750000   0.50210377  1.4992832175178248e-09
   15.750000   0.56686560  1.5064912500936168e-09
   15.750000   0.63162987  1.5140130836836546e-09
   15.750000   0.69639591  1.5217045955378933e-09
   15.750000   0.76116325  1.5294262651350835e-09
   15.750000   0.82593158  1.5370461567554494e-09
   15.750000   0.89070068  1.5444422035149718e-09
   15.750000   0.95547037  1.5515037921686692e-09
   15.750000   1.02024053  1.5581326743227648e-09
   15.750000   1.08501108  1.5642432838181175e-09
   15.750000   1.14978193  1.5697625564824138e-09
   15.750000   1.21455301  1.5746293720193580e-09
   15.750000   1.27932429  1.5787937393415258e-09
   15.750000   1.34409571  1.5822158449923609e-09
   15.750000   1.40886724  1.5848650797702784e-09
   15.750000   1.47363885  1.5867191362143473e-09
   15.750000   1.53841049  1.5877632629467711e-09
   15.750000   1.60318216  1.5879897335615833e-09
   15.750000   1.66795381  1.5873975737582937e-09
   15.750000   1.73272541  1.5859925659199923e-09
   15.750000   1.79749694  1.5837875322100388e-09
   15.750000   1.86226837  1.5808028745449523e-09
   15.750000   1.92703964  1.5770673315925093e-09
   15.750000   1.99181073  1.5726188878070382e-09
   15.750000   2.05658157  1.5675057577220031e-09
   15.750000   2.12135212  1.5617873453153633e-09
   15.750000   2.18612229  1.5555350654673455e-09
   15.750000   2.25089198  1.5488329112354900e-09
   15.750000   2.31566107  1.5417776387885117e-09
   15.750000   2.38042940  1.5344784577535063e-09
   15.750000   2.44519674  1.5270561225972667e-09
   15.750000   2.50996278  1.5196413562896367e-09
   15.750000   2.57472706  1.5123725648140295e-09
   15.750000   2.63948889  1.5053928615696917e-09
   15.750000   2.70424717  1.4988464602087026e-09
   15.750000   2.76900006  1.4928745610911082e-09
   15.750000   2.83374417  1.4876109062702853e-09
   15.750000   2.89847256  1.4831772204699191e-09
   15.750000   2.96316844  1.4796787838988275e-09
   15.750000   3.02777863  1.4772003773874806e-09
   15.750000   3.09200950  1.4758024795920334e-09
   16.000000   0.04958315  1.2814995293683268e-09
   16.000000   0.11381403  1.2825964323081889e-09
   16.000000   0.17842421  1.2845418949231982e-09
   16.000000   0.24312010  1.2872896306811301e-09
   16.000000   0.30784849  1.2907747214606031e-09
   16.000000   0.37259260  1.2949165167931565e-09
   16.000000   0.43734549  1.2996217172403116e-09
   16.000000   0.50210377  1.3047877431014011e-09
   16.000000   0.56686560  1.3103062016484206e-09
   16.000000   0.63162987  1.3160662731986263e-09
   16.000000   0.69639591  1.3219578482333397e-09
   16.000000   0.76116325  1.3278742777155353e-09
   16.000000   0.82593158  1.3337146525451698e-09
   16.000000   0.89070068  1.3393855533693419e-09
   16.000000   0.95547037  1.3448022656803319e-09
   16.000000   1.02024053  1.3498894868789981e-09
   16.000000   1.08501108  1.3545815783411616e-09
   16.000000   1.14978193  1.3588224393249478e-09
   16.000000   1.21455301  1.3625650907762737e-09
   16.000000   1.27932429  1.3657710643788304e-09
   16.000000   1.34409571  1.3684096834560572e-09
   16.000000   1.40886724  1.3704573276182965e-09
   16.000000   1.47363885  1.3718967509657503e-09
   16.000000   1.53841049  1.3727165148224913e-09
   16.000000   1.60318216  1.3729105874124255e-09
   16.000000   1.66795381  1.3724781363402010e-09
   16.000000   1.73272541  1.3714235317614704e-09
   16.000000   1.79749694  1.3697565635151783e-09
   16.000000   1.86226837  1.3674928488606138e-09
   16.000000   1.92703964  1.3646544084318788e-09
   16.000000   1.99181073  1.3612703538849045e-09
   16.000000   2.05658157  1.3573776337734752e-09
   16.000000   2.12135212  1.3530217561117413e-09
   16.000000   2.18612229  1.3482574089970976e-09
   16.000000   2.25089198  1.3431488813714680e-09
   16.000000   2.31566107  1.3377701953480114e-09
   16.000000   2.38042940  1.3322048582658741e-09
   16.000000   2.44519674  1.3265451622481043e-09
   16.000000   2.50996278  1.3208909711770891e-09
   16.000000   2.57472706  1.3153479736652099e-09
   16.000000   2.63948889  1.3100254087078435e-09
   16.000000   2.70424717  1.3050333147670037e-09
   16.000000   2.76900006  1.3004793964493966e-09
   16.000000   2.83374417  1.2964656390856304e-09
   16.000000   2.89847256  1.2930848406772410e-09
   16.000000   2.96316844  1.2904172467970902e-09
   16.000000   3.02777863  1.2885274665943429e-09
   16.000000   3.09200950  1.2874615840514223e-09
   16.250000   0.04958315  1.1157138016789453e-09
   16.250000   0.11381403  1.1165532587189494e-09
   16.250000   0.17842421  1.1180421893576717e-09
   16.250000   0.24312010  1.1201452899349873e-09
   16.250000   0.30784849  1.1228130379913655e-09
   16.250000   0.37259260  1.1259838973031384e-09
   16.250000   0.43734549  1.1295866644899461e-09
   16.250000   0.50210377  1.1335430306902062e-09
   16.250000   0.56686560  1.1377702210063407e-09
   16.250000   0.63162987  1.1421835744160837e-09
   16.250000   0.69639591  1.1466989345697613e-09
   16.250000   0.76116325  1.1512347490906543e-09
   16.250000   0.82593158  1.1557138114538826e-09
   16.250000   0.89070068  1.1600646008337131e-09
   16.250000   0.95547037  1.1642222156898128e-09
   16.250000   1.02024053  1.1681289212796965e-09
   16.250000   1.08501108  1.1717343489174063e-09
   16.250000   1.14978193  1.1749954092138256e-09
   16.250000   1.21455301  1.1778759810081087e-09
   16.250000   1.27932429  1.1803464521119990e-09
   16.250000   1.34409571  1.1823831779293410e-09
   16.250000   1.40886724  1.1839679237121312e-09
   16.250000   1.47363885  1.1850873484005994e-09
   16.250000   1.53841049  1.1857325761225614e-09
   16.250000   1.60318216  1.1858988914507731e-09
   16.250000   1.66795381  1.1855855829674964e-09
   16.250000   1.73272541  1.1847959457582321e-09
   16.250000   1.79749694  1.1835374459713112e-09
   16.250000   1.86226837  1.1818220316145882e-09
   16.250000   1.92703964  1.1796665687465986e-09
   16.250000   1.99181073  1.1770933639206580e-09
   16.250000   2.05658157  1.1741307271879001e-09
   16.250000   2.12135212  1.1708135202081199e-09
   16.250000   2.18612229  1.1671836212873411e-09
   16.250000   2.25089198  1.1632902423152519e-09
   16.250000   2.31566107  1.1591900181015813e-09
   16.250000   2.38042940  1.1549468143553633e-09
   16.250000   2.44519674  1.1506311818043736e-09
   16.250000   2.50996278  1.1463194275886920e-09
   16.250000   2.57472706  1.1420922770049429e-09
   16.250000   2.63948889  1.1380331359808843e-09
   16.250000   2.70424717  1.1342259914052236e-09
   16.250000   2.76900006  1.1307530236889415e-09
   16.250000   2.83374417  1.1276920275792402e-09
   16.250000   2.89847256  1.1251137730697093e-09
   16.250000   2.96316844  1.1230794456498278e-09
   16.250000   3.02777863  1.1216383002908790e-09
   16.250000   3.09200950  1.1208254648463422e-09
   16.500000   0.04958315  9.6965670763464867e-10
   16.500000   0.11381403  9.7029947838129709e-10
   16.500000   0.17842421  9.7143960755261827e-10
   16.500000   0.24312010  9.7305015689670388e-10
   16.500000   0.30784849  9.7509333175371362e-10
   16.500000   0.37259260  9.7752216165859149e-10
   16.500000   0.43734549  9.8028228278049967e-10
   16.500000   0.50210377  9.8331389083389106e-10
   16.500000   0.56686560  9.8655374854937463e-10
   16.500000   0.63162987  9.8993715396369080e-10
   16.500000   0.69639591  9.9339976174620461e-10
   16.500000   0.76116325  9.9687918791396804e-10
   16.500000   0.82593158  1.0003163393030155e-09
   16.500000   0.89070068  1.0036564404057340e-09
   16.500000   0.95547037  1.0068497527694789e-09
   16.500000   1.02024053  1.0098519947634500e-09
   16.500000   1.08501108  1.0126245035885005e-09
   16.500000   1.14978193  1.0151341710848132e-09
   16.500000   1.21455301  1.0173532157643132e-09
   16.500000   1.27932429  1.0192588342278171e-09
   16.500000   1.34409571  1.0208327940975485e-09
   16.500000   1.40886724  1.0220610123884404e-09
   16.500000   1.47363885  1.0229331621703221e-09
   16.500000   1.53841049  1.0234423512361073e-09
   16.500000   1.60318216  1.0235848875547716e-09
   16.500000   1.66795381  1.0233601622054407e-09
   16.500000   1.73272541  1.0227706531247173e-09
   16.500000   1.79749694  1.0218220473428907e-09
   16.500000   1.86226837  1.0205234794750630e-09
   16.500000   1.92703964  1.0188878622113668e-09
   16.500000   1.99181073  1.0169322820300015e-09
   16.500000   2.05658157  1.0146784273325757e-09
   16.500000   2.12135212  1.0121530020397107e-09
   16.500000   2.18612229  1.0093880748901603e-09
   16.500000   2.25089198  1.0064213169878228e-09
   16.500000   2.31566107  1.0032960659862028e-09
   16.500000   2.38042940  1.0000611708598139e-09
   16.500000   2.44519674  9.9677057338823634e-10
   16.500000   2.50996278  9.9348259269801617e-10
   16.500000   2.57472706  9.9025890134266418e-10
   16.500000   2.63948889  9.8716319737859962e-10
   16.500000   2.70424717  9.8425960237741546e-10
   16.500000   2.76900006  9.8161083978515152e-10
   16.500000   2.83374417  9.7927627005436054e-10
   16.500000   2.89847256  9.7730988255416281e-10
   16.500000   2.96316844  9.7575834444674637e-10
   16.500000   3.02777863  9.7465921925907516e-10
   16.500000   3.09200950  9.7403929211321053e-10
   16.750000   0.04958315  8.4145179179079561e-10
   16.750000   0.11381403  8.4194422456771137e-10
   16.750000   0.17842421  8.4281773395153372e-10
   16.750000   0.24312010  8.4405175611423034e-10
   16.750000   0.30784849  8.4561743510399022e-10
   16.750000   0.37259260  8.4747890319074811e-10
   16.750000   0.43734549  8.4959463739267630e-10
   16.750000   0.50210377  8.5191894634370212e-10
   16.750000   0.56686560  8.5440350082179964e-10
   16.750000   0.63162987  8.5699883294431764e-10
   16.750000   0.69639591  8.5965572618644406e-10
   16.750000   0.76116325  8.6232644156512418e-10
   16.750000   0.82593158  8.6496573357971113e-10
   16.750000   0.89070068  8.6753163727651576e-10
   16.750000   0.95547037  8.6998601946757834e-10
   16.750000   1.02024053  8.7229490720597202e-10
   16.750000   1.08501108  8.7442861044262172e-10
   16.750000   1.14978193  8.7636168359684879e-10
   16.750000   1.21455301  8.7807274970962258e-10
   16.750000   1.27932429  8.7954424258505213e-10
   16.750000   1.34409571  8.8076209722453195e-10
   16.750000   1.40886724  8.8171543066321629e-10
   16.750000   1.47363885  8.8239624526676037e-10
   16.750000   1.53841049  8.8279918281722265e-10
   16.750000   1.60318216  8.8292134826644523e-10
   16.750000   1.66795381  8.8276222125480282e-10
   16.750000   1.73272541  8.8232365789840008e-10
   16.750000   1.79749694  8.8160998460794333e-10
   16.750000   1.86226837  8.8062818002873682e-10
   16.750000   1.92703964  8.7938812511989530e-10
   16.750000   1.99181073  8.7790290381647882e-10
   16.750000   2.05658157  8.7618912782557471e-10
   16.750000   2.12135212  8.7426724987374729e-10
   16.750000   2.18612229  8.7216182599827897e-10
   16.750000   2.25089198  8.6990169486518845e-10
   16.750000   2.31566107  8.6752001954217187e-10
   16.750000   2.38042940  8.6505416955986101e-10
   16.750000   2.44519674  8.6254539312373935e-10
   16.750000   2.50996278  8.6003827065826506e-10
   16.750000   2.57472706  8.5757992885121575e-10
   16.750000   2.63948889  8.5521902700782167e-10
   16.750000   2.70424717  8.5300453212076450e-10
   16.750000   2.76900006  8.5098433080237393e-10
   16.750000   2.83374417  8.4920373150392891e-10
   16.750000   2.89847256  8.4770393382879521e-10
   16.750000   2.96316844  8.4652054375828706e-10
   16.750000   3.02777863  8.4568221664817005e-10
   16.750000   3.09200950  8.4520938458772891e-10
   17.000000   0.04958315  7.2926166372003364e-10
   17.000000   0.11381403  7.2963912989397377e-10
   17.000000   0.17842421  7.3030873955058192e-10
   17.000000   0.24312010  7.3125478910493740e-10
   17.000000   0.30784849  7.3245523832080812e-10
   17.000000   0.37259260  7.3388268639106511e-10
   17.000000   0.43734549  7.3550540575043333e-10
   17.000000   0.50210377  7.3728847355798625e-10
   17.000000   0.56686560  7.3919493987082002e-10
   17.000000   0.63162987  7.4118696917771934e-10
   17.000000   0.69639591  7.4322690350614841e-10
   17.000000   0.76116325  7.4527819640648958e-10
   17.000000   0.82593158  7.4730619308005267e-10
   17.000000   0.89070068  7.4927873052972879e-10
   17.000000   0.95547037  7.5116656411721000e-10
   17.000000   1.02024053  7.5294361868252326e-10
   17.000000   1.08501108  7.5458708811925871e-10
   17.000000   1.14978193  7.5607740706771512e-10
   17.000000   1.21455301  7.5739812133326438e-10
   17.000000   1.27932429  7.5853569307652590e-10
   17.000000   1.34409571  7.5947926687059521e-10
   17.000000   1.40886724  7.6022042808270385e-10
   17.000000   1.47363885  7.6075297811547166e-10
   17.000000   1.53841049  7.6107274748962015e-10
   17.000000   1.60318216  7.6117746252946311e-10
   17.000000   1.66795381  7.6106667779299510e-10
   17.000000   1.73272541  7.6074177829120664e-10
   17.000000   1.79749694  7.6020605030612299e-10
   17.000000   1.86226837  7.5946482058671171e-10
   17.000000   1.92703964  7.5852564571416924e-10
   17.000000   1.99181073  7.5739854118608973e-10
   17.000000   2.05658157  7.5609622789082723e-10
   17.000000   2.12135212  7.5463436719398244e-10
   17.000000   2.18612229  7.5303176248373864e-10
   17.000000   2.25089198  7.5131048951883470e-10
   17.000000   2.31566107  7.4949592857120949e-10
   17.000000   2.38042940  7.4761666870413172e-10
   17.000000   2.44519674  7.4570425661220236e-10
   17.000000   2.50996278  7.4379277650630347e-10
   17.000000   2.57472706  7.4191824673336038e-10
   17.000000   2.63948889  7.4011784652906656e-10
   17.000000   2.70424717  7.3842897975585641e-10
   17.000000   2.76900006  7.3688821514485818e-10
   17.000000   2.83374417  7.3553014532463062e-10
   17.000000   2.89847256  7.3438621838635767e-10
   17.000000   2.96316844  7.3348360973789809e-10
   17.000000   3.02777863  7.3284418613430197e-10
   17.000000   3.09200950  7.3248353772191470e-10
   17.250000   0.04958315  6.3133867340727552e-10
   17.250000   0.11381403  6.3162817911590841e-10
   17.250000   0.17842421  6.3214177903052594e-10
   17.250000   0.24312010  6.3286747586966123e-10
   17.250000   0.30784849  6.3378842880355642e-10
   17.250000   0.37259260  6.3488369686612060e-10
   17.250000   0.43734549  6.3612902730578824e-10
   17.250000   0.50210377  6.3749771849733129e-10
   17.250000   0.56686560  6.3896150833634503e-10
   17.250000   0.63162987  6.4049144851895677e-10
   17.250000   0.69639591  6.4205871305358407e-10
   17.250000   0.76116325  6.4363531484774322e-10
   17.250000   0.82593158  6.4519469964056559e-10
   17.250000   0.89070068  6.4671220935136297e-10
   17.250000   0.95547037  6.4816540661831192e-10
   17.250000   1.02024053  6.4953427188234484e-10
   17.250000   1.08501108  6.5080127936209670e-10
   17.250000   1.14978193  6.5195137965782894e-10
   17.250000   1.21455301  6.5297190244988094e-10
   17.250000   1.27932429  6.5385240955599411e-10
   17.250000   1.34409571  6.5458451852275882e-10
   17.250000   1.40886724  6.5516171895764670e-10
   17.250000   1.47363885  6.5557920291714288e-10
   17.250000   1.53841049  6.5583372194290315e-10
   17.250000   1.60318216  6.5592348766231054e-10
   17.250000   1.66795381  6.5584811890470602e-10
   17.250000   1.73272541  6.5560864350517951e-10
   17.250000   1.79749694  6.5520755386391129e-10
   17.250000   1.86226837  6.5464891165384032e-10
   17.250000   1.92703964  6.5393849218729303e-10
   17.250000   1.99181073  6.5308395885838637e-10
   17.250000   2.05658157  6.5209504961844684e-10
   17.250000   2.12135212  6.5098375593739223e-10
   17.250000   2.18612229  6.4976447344464973e-10
   17.250000   2.25089198  6.4845410157708822e-10
   17.250000   2.31566107  6.4707206418999198e-10
   17.250000   2.38042940  6.4564023543648487e-10
   17.250000   2.44519674  6.4418274438217101e-10
   17.250000   2.50996278  6.4272565396307926e-10
   17.250000   2.57472706  6.4129649837629354e-10
   17.250000   2.63948889  6.3992369084518120e-10
   17.250000   2.70424717  6.3863580862017043e-10
   17.250000   2.76900006  6.3746078474957518e-10
   17.250000   2.83374417  6.3642503667662609e-10
   17.250000   2.89847256  6.3555257645220184e-10
   17.250000   2.96316844  6.3486415017774302e-10
   17.250000   3.02777863  6.3437644963331956e-10
   17.250000   3.09200950  6.3410137335469820e-10
   17.500000   0.04958315  5.4605444974310413e-10
   17.500000   0.11381403  5.4627662381013260e-10
   17.500000   0.17842421  5.4667079644517351e-10
   17.500000   0.24312010  5.4722779852253714e-10
   17.500000   0.30784849  5.4793475694079875e-10
   17.500000   0.37259260  5.4877566093104569e-10
   17.500000   0.43734549  5.4973196517523861e-10
   17.500000   0.50210377  5.5078324474800802e-10
   17.500000   0.56686560  5.5190787539980529e-10
   17.500000   0.63162987  5.5308369996027316e-10
   17.500000   0.69639591  5.5428864476033416e-10
   17.500000   0.76116325  5.5550126883411061e-10
   17.500000   0.82593158  5.5670121886831415e-10
   17.500000   0.89070068  5.5786958209588516e-10
   17.500000   0.95547037  5.5898913847468892e-10
   17.500000   1.02024053  5.6004451092894036e-10
   17.500000   1.08501108  5.6102222668311597e-10
   17.500000   1.14978193  5.6191070536699658e-10
   17.500000   1.21455301  5.6270018572243011e-10
   17.500000   1.27932429  5.6338261560460020e-10
   17.500000   1.34409571  5.6395151832327372e-10
   17.500000   1.40886724  5.6440185412419112e-10
   17.500000   1.47363885  5.6472988980916385e-10
   17.500000   1.53841049  5.6493309225682183e-10
   17.500000   1.60318216  5.6501005117096506e-10
   17.500000   1.66795381  5.6496044000113776e-10
   17.500000   1.73272541  5.6478501827397455e-10
   17.500000   1.79749694  5.6448567152134565e-10
   17.500000   1.86226837  5.6406549391823107e-10
   17.500000   1.92703964  5.6352889575973567e-10
   17.500000   1.99181073  5.6288173796014999e-10
   17.500000   2.05658157  5.6213147261592863e-10
   17.500000   2.12135212  5.6128727874223250e-10
   17.500000   2.18612229  5.6036017683211703e-10
   17.500000   2.25089198  5.5936310229060216e-10
   17.500000   2.31566107  5.5831092059721838e-10
   17.500000   2.38042940  5.5722036859670170e-10
   17.500000   2.44519674  5.5610990444095479e-10
   17.500000   2.50996278  5.5499945993449466e-10
   17.500000   2.57472706  5.5391008623153118e-10
   17.500000   2.63948889  5.5286350165761067e-10
   17.500000   2.70424717  5.5188154442433856e-10
   17.500000   2.76900006  5.5098555588424835e-10
   17.500000   2.83374417  5.5019571522651841e-10
   17.500000   2.89847256  5.4953036178046534e-10
   17.500000   2.96316844  5.4900533684806868e-10
   17.500000   3.02777863  5.4863338510148770e-10
   17.500000   3.09200950  5.4842359154053241e-10
   17.750000   0.04958315  4.7191476393049570e-10
   17.750000   0.11381403  4.7208537139614007e-10
   17.750000   0.17842421  4.7238807511846619e-10
   17.750000   0.24312010  4.7281586457777301e-10
   17.750000   0.30784849  4.7335889529552552e-10
   17.750000   0.37259260  4.7400492220330528e-10
   17.750000   0.43734549  4.7473975768397858e-10
   17.750000   0.50210377  4.7554777319752225e-10
   17.750000   0.56686560  4.7641241677358361e-10
   17.750000   0.63162987  4.7731672224834673e-10
   17.750000   0.69639591  4.7824378077484012e-10
   17.750000   0.76116325  4.7917716038534990e-10
   17.750000   0.82593158  4.8010125375267588e-10
   17.750000   0.89070068  4.8100155036752169e-10
   17.750000   0.95547037  4.8186482889490442e-10
   17.750000   1.02024053  4.8267927330657166e-10
   17.750000   1.08501108  4.8343452310366926e-10
   17.750000   1.14978193  4.8412166225876424e-10
   17.750000   1.21455301  4.8473316782179170e-10
   17.750000   1.27932429  4.8526282507438981e-10
   17.750000   1.34409571  4.8570562664261870e-10
   17.750000   1.40886724  4.8605766789374022e-10
   17.750000   1.47363885  4.8631604782601189e-10
   17.750000   1.53841049  4.8647878791780705e-10
   17.750000   1.60318216  4.8654477480882391e-10
   17.750000   1.66795381  4.8651372828213206e-10
   17.750000   1.73272541  4.8638620457202612e-10
   17.750000   1.79749694  4.8616362872991488e-10
   17.750000   1.86226837  4.8584835349879628e-10
   17.750000   1.92703964  4.8544374456328779e-10
   17.750000   1.99181073  4.8495428159271963e-10
   17.750000   2.05658157  4.8438566490713827e-10
   17.750000   2.12135212  4.8374491890693565e-10
   17.750000   2.18612229  4.8304047891657092e-10
   17.750000   2.25089198  4.8228224475801512e-10
   17.750000   2.31566107  4.8148159374670768e-10
   17.750000   2.38042940  4.8065133179095710e-10
   17.750000   2.44519674  4.7980557999865167e-10
   17.750000   2.50996278  4.7895958266261256e-10
   17.750000   2.57472706  4.7812943684641772e-10
   17.750000   2.63948889  4.7733174622696400e-10
   17.750000   2.70424717  4.7658320200086874e-10
   17.750000   2.76900006  4.7590011280825652e-10
   17.750000   2.83374417  4.7529789611965806e-10
   17.750000   2.89847256  4.7479056106666117e-10
   17.750000   2.96316844  4.7439020795224063e-10
   17.750000   3.02777863  4.7410657029000813e-10
   17.750000   3.09200950  4.7394658543654228e-10
   18.000000   0.04958315  4.0756441012754064e-10
   18.000000   0.11381403  4.0769550434022553e-10
   18.000000   0.17842421  4.0792811581591936e-10
   18.000000   0.24312010  4.0825688206686462e-10
   18.000000   0.30784849  4.0867427277764716e-10
   18.000000   0.37259260  4.0917091832048784e-10
   18.000000   0.43734549  4.0973596174862530e-10
   18.000000   0.50210377  4.1035743879300606e-10
   18.000000   0.56686560  4.1102267580343843e-10
   18.000000   0.63162987  4.1171867616950847e-10
   18.000000   0.69639591  4.1243248264307121e-10
   18.000000   0.76116325  4.1315149804378835e-10
   18.000000   0.82593158  4.1386374887802831e-10
   18.000000   0.89070068  4.1455809822787207e-10
   18.000000   0.95547037  4.1522439091420731e-10
   18.000000   1.02024053  4.1585354391726218e-10
   18.000000   1.08501108  4.1643758560290461e-10
   18.000000   1.14978193  4.1696964919784041e-10
   18.000000   1.21455301  4.1744393340020122e-10
   18.000000   1.27932429  4.1785563860163428e-10
   18.000000   1.34409571  4.1820089148347300e-10
   18.000000   1.40886724  4.1847666403249519e-10
   18.000000   1.47363885  4.1868069978148790e-10
   18.000000   1.53841049  4.1881145126753060e-10
   18.000000   1.60318216  4.1886803663146218e-10
   18.000000   1.66795381  4.1885021679068186e-10
   18.000000   1.73272541  4.1875839535334415e-10
   18.000000   1.79749694  4.1859364583009146e-10
   18.000000   1.86226837  4.1835775455684483e-10
   18.000000   1.92703964  4.1805328792811522e-10
   18.000000   1.99181073  4.1768366782536555e-10
   18.000000   2.05658157  4.1725325210214923e-10
   18.000000   2.12135212  4.1676741482636606e-10
   18.000000   2.18612229  4.1623261064086021e-10
   18.000000   2.25089198  4.1565641607864998e-10
   18.000000   2.31566107  4.1504753740112785e-10
   18.000000   2.38042940  4.1441577328824376e-10
   18.000000   2.44519674  4.1377192674892141e-10
   18.000000   2.50996278  4.1312765822143194e-10
   18.000000   2.57472706  4.1249527814481937e-10
   18.000000   2.63948889  4.1188748131462021e-10
   18.000000   2.70424717  4.1131702744665055e-10
   18.000000   2.76900006  4.1079638124344966e-10
   18.000000   2.83374417  4.1033732465244159e-10
   18.000000   2.89847256  4.0995056188886081e-10
   18.000000   2.96316844  4.0964533682398886e-10
   18.000000   3.02777863  4.0942908507030250e-10
   18.000000   3.09200950  4.0930710620421619e-10
   18.250000   0.04958315  3.5178547086481823e-10
   18.250000   0.11381403  3.5188627138199742e-10
   18.250000   0.17842421  3.5206514276085847e-10
   18.250000   0.24312010  3.5231798189782517e-10
   18.250000   0.30784849  3.5263902529413760e-10
   18.250000   0.37259260  3.5302110172105388e-10
   18.250000   0.43734549  3.5345589885026162e-10
   18.250000   0.50210377  3.5393425538768360e-10
   18.250000   0.56686560  3.5444646258267459e-10
   18.250000   0.63162987  3.5498256127933457e-10
   18.250000   0.69639591  3.5553261916399466e-10
   18.250000   0.76116325  3.5608697319300883e-10
   18.250000   0.82593158  3.5663643654825873e-10
   18.250000   0.89070068  3.5717245643718226e-10
   18.250000   0.95547037  3.5768723011686118e-10
   18.250000   1.02024053  3.5817377236953947e-10
   18.250000   1.08501108  3.5862594707158612e-10
   18.250000   1.14978193  3.5903846309952826e-10
   18.250000   1.21455301  3.5940684387815326e-10
   18.250000   1.27932429  3.5972738145069837e-10
   18.250000   1.34409571  3.5999707621087506e-10
   18.250000   1.40886724  3.6021357876330198e-10
   18.250000   1.47363885  3.6037513137595231e-10
   18.250000   1.53841049  3.6048052296453613e-10
   18.250000   1.60318216  3.6052905267245926e-10
   18.250000   1.66795381  3.6052051608756449e-10
   18.250000   1.73272541  3.6045520325262299e-10
   18.250000   1.79749694  3.6033391974985823e-10
   18.250000   1.86226837  3.6015802079774595e-10
   18.250000   1.92703964  3.5992946032015807e-10
   18.250000   1.99181073  3.5965084947495781e-10
   18.250000   2.05658157  3.5932551944157920e-10
   18.250000   2.12135212  3.5895757898534525e-10
   18.250000   2.18612229  3.5855196649627851e-10
   18.250000   2.25089198  3.5811447909077110e-10
   18.250000   2.31566107  3.5765177870926315e-10
   18.250000   2.38042940  3.5717136180988346e-10
   18.250000   2.44519674  3.5668149431471705e-10
   18.250000   2.50996278  3.5619109494529379e-10
   18.250000   2.57472706  3.5570957922907128e-10
   18.250000   2.63948889  3.5524665435518431e-10
   18.250000   2.70424717  3.5481207663599965e-10
   18.250000   2.76900006  3.5441537350653541e-10
   18.250000   2.83374417  3.5406555068506046e-10
   18.250000   2.89847256  3.5377078800946628e-10
   18.250000   2.96316844  3.5353814994280783e-10
   18.250000   3.02777863  3.5337331661226432e-10
   18.250000   3.09200950  3.5328033787438132e-10
   18.500000   0.04958315  3.0349137719899894e-10
   18.500000   0.11381403  3.0356894015989732e-10
   18.500000   0.17842421  3.0370658618440669e-10
   18.500000   0.24312010  3.0390117417900553e-10
   18.500000   0.30784849  3.0414829211041626e-10
   18.500000   0.37259260  3.0444244923184683e-10
   18.500000   0.43734549  3.0477727869245207e-10
   18.500000   0.50210377  3.0514576251255879e-10
   18.500000   0.56686560  3.0554046100489922e-10
   18.500000   0.63162987  3.0595373943920709e-10
   18.500000   0.69639591  3.0637798059358628e-10
   18.500000   0.76116325  3.0680577045884316e-10
   18.500000   0.82593158  3.0723005623440842e-10
   18.500000   0.89070068  3.0764426852013173e-10
   18.500000   0.95547037  3.0804240839951086e-10
   18.500000   1.02024053  3.0841910175144362e-10
   18.500000   1.08501108  3.0876962334930597e-10
   18.500000   1.14978193  3.0908989329684645e-10
   18.500000   1.21455301  3.0937645617738314e-10
   18.500000   1.27932429  3.0962644430383955e-10
   18.500000   1.34409571  3.0983753430564693e-10
   18.500000   1.40886724  3.1000790058902632e-10
   18.500000   1.47363885  3.1013617305415878e-10
   18.500000   1.53841049  3.1022140111042646e-10
   18.500000   1.60318216  3.1026302733253244e-10
   18.500000   1.66795381  3.1026087661536782e-10
   18.500000   1.73272541  3.1021515465064225e-10
   18.500000   1.79749694  3.1012646381941274e-10
   18.500000   1.86226837  3.0999582935283979e-10
   18.500000   1.92703964  3.0982473790290927e-10
   18.500000   1.99181073  3.0961518047646751e-10
   18.500000   2.05658157  3.0936970038950528e-10
   18.500000   2.12135212  3.0909143899769385e-10
   18.500000   2.18612229  3.0878417303095469e-10
   18.500000   2.25089198  3.0845233665125311e-10
   18.500000   2.31566107  3.0810102669624600e-10
   18.500000   2.38042940  3.0773597912816745e-10
   18.500000   2.44519674  3.0736351689100876e-10
   18.500000   2.50996278  3.0699046261599614e-10
   18.500000   2.57472706  3.0662401808768471e-10
   18.500000   2.63948889  3.0627160691538730e-10
   18.500000   2.70424717  3.0594068850264727e-10
   18.500000   2.76900006  3.0563854754558260e-10
   18.500000   2.83374417  3.0537206791003690e-10
   18.500000   2.89847256  3.0514750250690439e-10
   18.500000   2.96316844  3.0497024967822463e-10
   18.500000   3.02777863  3.0484465087265718e-10
   18.500000   3.09200950  3.0477380030239758e-10
   18.750000   0.04958315  2.6171846356721346e-10
   18.750000   0.11381403  2.6177819115141101e-10
   18.750000   0.17842421  2.6188419363866436e-10
   18.750000   0.24312010  2.6203406642521414e-10
   18.750000   0.30784849  2.6222443018529615e-10
   18.750000   0.37259260  2.6245107876331986e-10
   18.750000   0.43734549  2.6270913444239123e-10
   18.750000   0.50210377  2.6299321856069349e-10
   18.750000   0.56686560  2.6329762766638225e-10
   18.750000   0.63162987  2.6361650756566250e-10
   18.750000   0.69639591  2.6394401376731572e-10
   18.750000   0.76116325  2.6427445553245358e-10
   18.750000   0.82593158  2.6460241633514732e-10
   18.750000   0.89070068  2.6492284727439912e-10
   18.750000   0.95547037  2.6523113510950079e-10
   18.750000   1.02024053  2.6552314298120319e-10
   18.750000   1.08501108  2.6579523016771676e-10
   18.750000   1.14978193  2.6604424960756324e-10
   18.750000   1.21455301  2.6626753154307934e-10
   18.750000   1.27932429  2.6646285724539230e-10
   18.750000   1.34409571  2.6662842482821393e-10
   18.750000   1.40886724  2.6676281520275039e-10
   18.750000   1.47363885  2.6686495795001262e-10
   18.750000   1.53841049  2.6693410645256003e-10
   18.750000   1.60318216  2.6696981604754154e-10
   18.750000   1.66795381  2.6697193673653696e-10
   18.750000   1.73272541  2.6694061128187682e-10
   18.750000   1.79749694  2.6687628858701657e-10
   18.750000   1.86226837  2.6677974236378581e-10
   18.750000   1.92703964  2.6665210185184455e-10
   18.750000   1.99181073  2.6649488379716366e-10
   18.750000   2.05658157  2.6631002896549718e-10
   18.750000   2.12135212  2.6609993764649567e-10
   18.750000   2.18612229  2.6586749637589877e-10
   18.750000   2.25089198  2.6561609639533689e-10
   18.750000   2.31566107  2.6534963648869054e-10
   18.750000   2.38042940  2.6507250477963432e-10
   18.750000   2.44519674  2.6478953765058077e-10
   18.750000   2.50996278  2.6450595431986886e-10
   18.750000   2.57472706  2.6422726361617434e-10
   18.750000   2.63948889  2.6395914210941011e-10
   18.750000   2.70424717  2.6370729501472827e-10
   18.750000   2.76900006  2.6347729209178129e-10
   18.750000   2.83374417  2.6327439630258742e-10
   18.750000   2.89847256  2.6310338739697057e-10
   18.750000   2.96316844  2.6296839217782214e-10
   18.750000   3.02777863  2.6287272845844326e-10
   18.750000   3.09200950  2.6281876169052829e-10
   19.000000   0.04958315  2.2561620238739987e-10
   19.000000   0.11381403  2.2566223247950277e-10
   19.000000   0.17842421  2.2574393265035301e-10
   19.000000   0.24312010  2.2585945990014550e-10
   19.000000   0.30784849  2.2600622529254562e-10
   19.000000   0.37259260  2.2618100596452896e-10
   19.000000   0.43734549  2.2638006349397896e-10
   19.000000   0.50210377  2.2659927357949659e-10
   19.000000   0.56686560  2.2683426295903483e-10
   19.000000   0.63162987  2.2708053985591220e-10
   19.000000   0.69639591  2.2733361899121643e-10
   19.000000   0.76116325  2.2758913003699833e-10
   19.000000   0.82593158  2.2784291181506238e-10
   19.000000   0.89070068  2.2809108215049897e-10
   19.000000   0.95547037  2.2833009135695414e-10
   19.000000   1.02024053  2.2855675370803224e-10
   19.000000   1.08501108  2.2876826252834646e-10
   19.000000   1.14978193  2.2896218869940980e-10
   19.000000   1.21455301  2.2913646855894052e-10
   19.000000   1.27932429  2.2928938388016867e-10
   19.000000   1.34409571  2.2941953609104390e-10
   19.000000   1.40886724  2.2952581983866488e-10
   19.000000   1.47363885  2.2960739939389108e-10
   19.000000   1.53841049  2.2966368564870054e-10
   19.000000   1.60318216  2.2969432400089005e-10
   19.000000   1.66795381  2.2969918500625132e-10
   19.000000   1.73272541  2.2967836584934123e-10
   19.000000   1.79749694  2.2963219912783678e-10
   19.000000   1.86226837  2.2956126759490317e-10
   19.000000   1.92703964  2.2946642703864952e-10
   19.000000   1.99181073  2.2934883156802523e-10
   19.000000   2.05658157  2.2920996131644580e-10
   19.000000   2.12135212  2.2905164813765471e-10
   19.000000   2.18612229  2.2887609810003565e-10
   19.000000   2.25089198  2.2868590410506055e-10
   19.000000   2.31566107  2.2848404722645689e-10
   19.000000   2.38042940  2.2827388379332579e-10
   19.000000   2.44519674  2.2805911375231305e-10
   19.000000   2.50996278  2.2784372840733534e-10
   19.000000   2.57472706  2.2763194167057826e-10
   19.000000   2.63948889  2.2742809544043589e-10
   19.000000   2.70424717  2.2723655233838882e-10
   19.000000   2.76900006  2.2706157147182385e-10
   19.000000   2.83374417  2.2690717707701753e-10
   19.000000   2.89847256  2.2677702338596773e-10
   19.000000   2.96316844  2.2667426554493664e-10
   19.000000   3.02777863  2.2660143973243657e-10
   19.000000   3.09200950  2.2656035426366514e-10
   19.250000   0.04958315  1.9443692886629906e-10
   19.250000   0.11381403  1.9447243329242068e-10
   19.250000   0.17842421  1.9453545657034385e-10
   19.250000   0.24312010  1.9462458675187974e-10
   19.250000   0.30784849  1.9473783924537624e-10
   19.250000   0.37259260  1.9487274349269595e-10
   19.250000   0.43734549  1.9502643262092174e-10
   19.250000   0.50210377  1.9519574420249928e-10
   19.250000   0.56686560  1.9537732259376370e-10
   19.250000   0.63162987  1.9556772042213333e-10
   19.250000   0.69639591  1.9576349358834640e-10
   19.250000   0.76116325  1.9596128516023791e-10
   19.250000   0.82593158  1.9615789600760541e-10
   19.250000   0.89070068  1.9635034009869786e-10
   19.250000   0.95547037  1.9653588538138534e-10
   19.250000   1.02024053  1.9671207678203888e-10
   19.250000   1.08501108  1.9687674930313965e-10
   19.250000   1.14978193  1.9702802670837380e-10
   19.250000   1.21455301  1.9716431288995799e-10
   19.250000   1.27932429  1.9728427589257333e-10
   19.250000   1.34409571  1.9738682922430212e-10
   19.250000   1.40886724  1.9747111121995145e-10
   19.250000   1.47363885  1.9753646718727716e-10
   19.250000   1.53841049  1.9758243291584945e-10
   19.250000   1.60318216  1.9760872331712871e-10
   19.250000   1.66795381  1.9761522809418444e-10
   19.250000   1.73272541  1.9760201076960786e-10
   19.250000   1.79749694  1.9756931569315414e-10
   19.250000   1.86226837  1.9751758090711405e-10
   19.250000   1.92703964  1.9744745308561024e-10
   19.250000   1.99181073  1.9735980997466983e-10
   19.250000   2.05658157  1.9725577859250852e-10
   19.250000   2.12135212  1.9713675719659507e-10
   19.250000   2.18612229  1.9700442936187907e-10
   19.250000   2.25089198  1.9686077742619531e-10
   19.250000   2.31566107  1.9670808015829896e-10
   19.250000   2.38042940  1.9654890416347542e-10
   19.250000   2.44519674  1.9638607883774798e-10
   19.250000   2.50996278  1.9622265751028831e-10
   19.250000   2.57472706  1.9606186285119625e-10
   19.250000   2.63948889  1.9590701485101357e-10
   19.250000   2.70424717  1.9576145071442925e-10
   19.250000   2.76900006  1.9562842737794878e-10
   19.250000   2.83374417  1.9551102216471980e-10
   19.250000   2.89847256  1.9541202871241877e-10
   19.250000   2.96316844  1.9533385952825341e-10
   19.250000   3.02777863  1.9527845366444242e-10
   19.250000   3.09200950  1.9524719378940040e-10
   19.500000   0.04958315  1.6752559841983135e-10
   19.500000   0.11381403  1.6755300921418545e-10
   19.500000   0.17842421  1.6760167011470109e-10
   19.500000   0.24312010  1.6767049851938709e-10
   19.500000   0.30784849  1.6775797317816634e-10
   19.500000   0.37259260  1.6786219917738530e-10
   19.500000   0.43734549  1.6798097749662961e-10
   19.500000   0.50210377  1.6811188166949522e-10
   19.500000   0.56686560  1.6825233600006257e-10
   19.500000   0.63162987  1.6839969348124562e-10
   19.500000   0.69639591  1.6855130904324552e-10
   19.500000   0.76116325  1.6870460243996414e-10
   19.500000   0.82593158  1.6885711333134822e-10
   19.500000   0.89070068  1.6900654400767956e-10
   19.500000   0.95547037  1.6915078973015922e-10
   19.500000   1.02024053  1.6928795837326695e-10
   19.500000   1.08501108  1.6941637854061889e-10
   19.500000   1.14978193  1.6953460025935773e-10
   19.500000   1.21455301  1.6964138767472776e-10
   19.500000   1.27932429  1.6973570739759892e-10
   19.500000   1.34409571  1.6981671425580849e-10
   19.500000   1.40886724  1.6988373662187511e-10
   19.500000   1.47363885  1.6993626002353719e-10
   19.500000   1.53841049  1.6997391760121991e-10
   19.500000   1.60318216  1.6999648075811935e-10
   19.500000   1.66795381  1.7000385425651424e-10
   19.500000   1.73272541  1.6999607713297216e-10
   19.500000   1.79749694  1.6997332831714114e-10
   19.500000   1.86226837  1.6993593485631880e-10
   19.500000   1.92703964  1.6988438602967815e-10
   19.500000   1.99181073  1.6981934657125790e-10
   19.500000   2.05658157  1.6974167496121959e-10
   19.500000   2.12135212  1.6965243590015885e-10
   19.500000   2.18612229  1.6955291520306039e-10
   19.500000   2.25089198  1.6944462682491707e-10
   19.500000   2.31566107  1.6932931191091863e-10
   19.500000   2.38042940  1.6920893287539455e-10
   19.500000   2.44519674  1.6908565310923313e-10
   19.500000   2.50996278  1.6896180767227909e-10
   19.500000   2.57472706  1.6883986052111257e-10
   19.500000   2.63948889  1.6872235234988217e-10
   19.500000   2.70424717  1.6861183346528880e-10
   19.500000   2.76900006  1.6851079565990613e-10
   19.500000   2.83374417  1.6842159167756581e-10
   19.500000   2.89847256  1.6834635819814788e-10
   19.500000   2.96316844  1.6828693903525417e-10
   19.500000   3.02777863  1.6824481772852939e-10
   19.500000   3.09200950  1.6822105078360628e-10
   19.750000   0.04958315  1.4430992464237944e-10
   19.750000   0.11381403  1.4433110735702837e-10
   19.750000   0.17842421  1.4436871569428591e-10
   19.750000   0.24312010  1.4442191977756157e-10
   19.750000   0.30784849  1.4448955219704948e-10
   19.750000   0.37259260  1.4457015947865317e-10
   19.750000   0.43734549  1.4466205398306591e-10
   19.750000   0.50210377  1.4476337299357105e-10
   19.750000   0.56686560  1.4487213946760252e-10
   19.750000   0.63162987  1.4498631971683731e-10
   19.750000   0.69639591  1.4510388095790843e-10
   19.750000   0.76116325  1.4522283939791785e-10
   19.750000   0.82593158  1.4534130154651824e-10
   19.750000   0.89070068  1.4545749907912980e-10
   19.750000   0.95547037  1.4556980941548220e-10
   19.750000   1.02024053  1.4567677309134806e-10
   19.750000   1.08501108  1.4577709926089711e-10
   19.750000   1.14978193  1.4586966642292797e-10
   19.750000   1.21455301  1.4595351703954567e-10
   19.750000   1.27932429  1.4602784810620718e-10
   19.750000   1.34409571  1.4609200245786103e-10
   19.750000   1.40886724  1.4614545404513413e-10
   19.750000   1.47363885  1.4618779967978304e-10
   19.750000   1.53841049  1.4621874834242461e-10
   19.750000   1.60318216  1.4623811483816220e-10
   19.750000   1.66795381  1.4624581841845730e-10
   19.750000   1.73272541  1.4624188042344981e-10
   19.750000   1.79749694  1.4622643046597906e-10
   19.750000   1.86226837  1.4619971195797766e-10
   19.750000   1.92703964  1.4616209354733784e-10
   19.750000   1.99181073  1.4611407836524753e-10
   19.750000   2.05658157  1.4605631825994564e-10
   19.750000   2.12135212  1.4598962477441214e-10
   19.750000   2.18612229  1.4591497827978987e-10
   19.750000   2.25089198  1.4583353426522413e-10
   19.750000   2.31566107  1.4574662314118485e-10
   19.750000   2.38042940  1.4565574420885133e-10
   19.750000   2.44519674  1.4556255177940821e-10
   19.750000   2.50996278  1.4546883030452827e-10
   19.750000   2.57472706  1.4537646522796605e-10
   19.750000   2.63948889  1.4528739804036029e-10
   19.750000   2.70424717  1.4520358012577932e-10
   19.750000   2.76900006  1.4512691629891753e-10
   19.750000   2.83374417  1.4505920635536075e-10
   19.750000   2.89847256  1.4500208317089713e-10
   19.750000   2.96316844  1.4495695804690178e-10
   19.750000   3.02777863  1.4492496439745199e-10
   19.750000   3.09200950  1.4490690969765792e-10
   20.000000   0.04958315  1.2429110701583794e-10
   20.000000   0.11381403  1.2430749402881090e-10
   20.000000   0.17842421  1.2433659100836798e-10
   20.000000   0.24312010  1.2437776148126863e-10
   20.000000   0.30784849  1.2443010903851628e-10
   20.000000   0.37259260  1.2449251886978111e-10
   20.000000   0.43734549  1.2456369501439088e-10
   20.000000   0.50210377  1.2464220709806046e-10
   20.000000   0.56686560  1.2472653601628931e-10
   20.000000   0.63162987  1.2481512003550341e-10
   20.000000   0.69639591  1.2490639526840140e-10
   20.000000   0.76116325  1.2499883586087596e-10
   20.000000   0.82593158  1.2509098448030191e-10
   20.000000   0.89070068  1.2518147827653084e-10
   20.000000   0.95547037  1.2526906682090140e-10
   20.000000   1.02024053  1.2535262313321763e-10
   20.000000   1.08501108  1.2543114959000470e-10
   20.000000   1.14978193  1.2550377804188494e-10
   20.000000   1.21455301  1.2556976586554869e-10
   20.000000   1.27932429  1.2562848886738261e-10
   20.000000   1.34409571  1.2567943489822260e-10
   20.000000   1.40886724  1.2572219156549537e-10
   20.000000   1.47363885  1.2575644180597671e-10
   20.000000   1.53841049  1.2578195428689739e-10
   20.000000   1.60318216  1.2579857978038009e-10
   20.000000   1.66795381  1.2580624826590117e-10
   20.000000   1.73272541  1.2580496964224465e-10
   20.000000   1.79749694  1.2579483560461086e-10
   20.000000   1.86226837  1.2577602772282619e-10
   20.000000   1.92703964  1.2574882142095872e-10
   20.000000   1.99181073  1.2571359748305339e-10
   20.000000   2.05658157  1.2567085115160432e-10
   20.000000   2.12135212  1.2562119825725563e-10
   20.000000   2.18612229  1.2556538716811114e-10
   20.000000   2.25089198  1.2550429837474179e-10
   20.000000   2.31566107  1.2543894788433678e-10
   20.000000   2.38042940  1.2537048125334701e-10
   20.000000   2.44519674  1.2530016234496440e-10
   20.000000   2.50996278  1.2522935574451692e-10
   20.000000   2.57472706  1.2515950246871954e-10
   20.000000   2.63948889  1.2509208701734851e-10
   20.000000   2.70424717  1.2502860212320939e-10
   20.000000   2.76900006  1.2497050364793724e-10
   20.000000   2.83374417  1.2491916781793835e-10
   20.000000   2.89847256  1.2487584398052901e-10
   20.000000   2.96316844  1.2484161048970451e-10
   20.000000   3.02777863  1.2481733451810761e-10
   20.000000   3.09200950  1.2480363371025746e-10
   20.500000   0.04958315  9.2165651392880916e-11
   20.500000   0.11381403  9.2175492156384848e-11
   20.500000   0.17842421  9.2192969881184516e-11
   20.500000   0.24312010  9.2217709202781991e-11
   20.500000   0.30784849  9.2249182208533897e-11
   20.500000   0.37259260  9.2286730616560910e-11
   20.500000   0.43734549  9.2329589997159399e-11
   20.500000   0.50210377  9.2376915851750673e-11
   20.500000   0.56686560  9.2427810804343293e-11
   20.500000   0.63162987  9.2481350579347792e-11
   20.500000   0.69639591  9.2536609867070310e-11
   20.500000   0.76116325  9.2592683926043215e-11
   20.500000   0.82593158  9.2648708395122260e-11
   20.500000   0.89070068  9.2703872441163131e-11
   20.500000   0.95547037  9.2757431458921389e-11
   20.500000   1.02024053  9.2808712739626459e-11
   20.500000   1.08501108  9.2857118084749132e-11
   20.500000   1.14978193  9.2902127273382123e-11
   20.500000   1.21455301  9.2943290495281452e-11
   20.500000   1.27932429  9.2980230948931377e-11
   20.500000   1.34409571  9.3012634988327745e-11
   20.500000   1.40886724  9.3040248678162122e-11
   20.500000   1.47363885  9.3062874459880979e-11
   20.500000   1.53841049  9.3080365177243816e-11
   20.500000   1.60318216  9.3092622595571114e-11
   20.500000   1.66795381  9.3099594765323599e-11
   20.500000   1.73272541  9.3101277404507179e-11
   20.500000   1.79749694  9.3097715518617648e-11
   20.500000   1.86226837  9.3089006073855267e-11
   20.500000   1.92703964  9.3075303006304964e-11
   20.500000   1.99181073  9.3056821480559269e-11
   20.500000   2.05658157  9.3033845012518917e-11
   20.500000   2.12135212  9.3006728977448371e-11
   20.500000   2.18612229  9.2975905468918472e-11
   20.500000   2.25089198  9.2941886325727422e-11
   20.500000   2.31566107  9.2905262389538399e-11
   20.500000   2.38042940  9.2866701552019667e-11
   20.500000   2.44519674  9.2826940351079901e-11
   20.500000   2.50996278  9.2786775526302250e-11
   20.500000   2.57472706  9.2747048841201794e-11
   20.500000   2.63948889  9.2708627265363817e-11
   20.500000   2.70424717  9.2672383735575362e-11
   20.500000   2.76900006  9.2639169343340449e-11
   20.500000   2.83374417  9.2609788226289678e-11
   20.500000   2.89847256  9.2584970899055039e-11
   20.500000   2.96316844  9.2565347756053128e-11
   20.500000   3.02777863  9.2551425588294427e-11
   20.500000   3.09200950  9.2543566288405763e-11
   21.000000   0.04958315  6.8322101036347616e-11
   21.000000   0.11381403  6.8328041276936539e-11
   21.000000   0.17842421  6.8338594575594957e-11
   21.000000   0.24312010  6.8353539350043793e-11
   21.000000   0.30784849  6.8372563569832567e-11
   21.000000   0.37259260  6.8395278603929120e-11
   21.000000   0.43734549  6.8421232117198434e-11
   21.000000   0.50210377  6.8449924857723961e-11
   21.000000   0.56686560  6.8480825497776468e-11
   21.000000   0.63162987  6.8513385947129259e-11
   21.000000   0.69639591  6.8547057722551596e-11
   21.000000   0.76116325  6.8581303273111832e-11
   21.000000   0.82593158  6.8615608199350724e-11
   21.000000   0.89070068  6.8649489708403693e-11
   21.000000   0.95547037  6.8682501967215006e-11
   21.000000   1.02024053  6.8714242864846509e-11
   21.000000   1.08501108  6.8744352717255694e-11
   21.000000   1.14978193  6.8772517440333260e-11
   21.000000   1.21455301  6.8798464989382526e-11
   21.000000   1.27932429  6.8821965147704296e-11
   21.000000   1.34409571  6.8842824961314056e-11
   21.000000   1.40886724  6.8860887749691454e-11
   21.000000   1.47363885  6.8876027951484054e-11
   21.000000   1.53841049  6.8888152020619868e-11
   21.000000   1.60318216  6.8897193897707018e-11
   21.000000   1.66795381  6.8903115730767230e-11
   21.000000   1.73272541  6.8905906673568196e-11
   21.000000   1.79749694  6.8905586617249665e-11
   21.000000   1.86226837  6.8902205573435194e-11
   21.000000   1.92703964  6.8895847448912769e-11
   21.000000   1.99181073  6.8886632579685680e-11
   21.000000   2.05658157  6.8874721505600768e-11
   21.000000   2.12135212  6.8860317353471237e-11
   21.000000   2.18612229  6.8843668786941238e-11
   21.000000   2.25089198  6.8825072004761324e-11
   21.000000   2.31566107  6.8804869130131612e-11
   21.000000   2.38042940  6.8783448463557438e-11
   21.000000   2.44519674  6.8761238382071023e-11
   21.000000   2.50996278  6.8738703471576269e-11
   21.000000   2.57472706  6.8716334456016736e-11
   21.000000   2.63948889  6.8694637564970296e-11
   21.000000   2.70424717  6.8674122082419897e-11
   21.000000   2.76900006  6.8655285241520063e-11
   21.000000   2.83374417  6.8638596896242528e-11
   21.000000   2.89847256  6.8624483927296842e-11
   21.000000   2.96316844  6.8613314299768596e-11
   21.000000   3.02777863  6.8605384892859070e-11
   21.000000   3.09200950  6.8600906576478164e-11
   21.500000   0.04958315  5.0639229381078405e-11
   21.500000   0.11381403  5.0642836905707474e-11
   21.500000   0.17842421  5.0649247291854025e-11
   21.500000   0.24312010  5.0658330659250361e-11
   21.500000   0.30784849  5.0669901260113793e-11
   21.500000   0.37259260  5.0683729554186971e-11
   21.500000   0.43734549  5.0699547485343559e-11
   21.500000   0.50210377  5.0717059492381401e-11
   21.500000   0.56686560  5.0735949557177065e-11
   21.500000   0.63162987  5.0755892835821407e-11
   21.500000   0.69639591  5.0776562665168530e-11
   21.500000   0.76116325  5.0797639549023324e-11
   21.500000   0.82593158  5.0818815875380737e-11
   21.500000   0.89070068  5.0839803303377639e-11
   21.500000   0.95547037  5.0860334850023624e-11
   21.500000   1.02024053  5.0880168423976318e-11
   21.500000   1.08501108  5.0899087005143742e-11
   21.500000   1.14978193  5.0916900396837415e-11
   21.500000   1.21455301  5.0933443137825230e-11
   21.500000   1.27932429  5.0948573191198765e-11
   21.500000   1.34409571  5.0962171449163406e-11
   21.500000   1.40886724  5.0974140151346327e-11
   21.500000   1.47363885  5.0984399251207884e-11
   21.500000   1.53841049  5.0992888008244512e-11
   21.500000   1.60318216  5.0999561369946238e-11
   21.500000   1.66795381  5.1004391824027122e-11
   21.500000   1.73272541  5.1007367617514463e-11
   21.500000   1.79749694  5.1008494403090990e-11
   21.500000   1.86226837  5.1007796788134858e-11
   21.500000   1.92703964  5.1005319237615107e-11
   21.500000   1.99181073  5.1001127164393936e-11
   21.500000   2.05658157  5.0995310444623847e-11
   21.500000   2.12135212  5.0987984260383069e-11
   21.500000   2.18612229  5.0979290918584140e-11
   21.500000   2.25089198  5.0969400107576178e-11
   21.500000   2.31566107  5.0958509629534390e-11
   21.500000   2.38042940  5.0946843781249033e-11
   21.500000   2.44519674  5.0934651519012202e-11
   21.500000   2.50996278  5.0922202365243527e-11
   21.500000   2.57472706  5.0909782729785561e-11
   21.500000   2.63948889  5.0897686696246680e-11
   21.500000   2.70424717  5.0886211812228233e-11
   21.500000   2.76900006  5.0875647538928529e-11
   21.500000   2.83374417  5.0866268142105583e-11
   21.500000   2.89847256  5.0858323103095508e-11
   21.500000   2.96316844  5.0852027069447879e-11
   21.500000   3.02777863  5.0847553492970009e-11
   21.500000   3.09200950  5.0845025793620365e-11
   22.000000   0.04958315  3.7531886878160415e-11
   22.000000   0.11381403  3.7534092695682898e-11
   22.000000   0.17842421  3.7538013743987088e-11
   22.000000   0.24312010  3.7543572801446268e-11
   22.000000   0.30784849  3.7550660374618379e-11
   22.000000   0.37259260  3.7559139951760971e-11
   22.000000   0.43734549  3.7568852337282012e-11
   22.000000   0.50210377  3.7579621486186813e-11
   22.000000   0.56686560  3.7591259932445484e-11
   22.000000   0.63162987  3.7603574381927403e-11
   22.000000   0.69639591  3.7616369978199442e-11
   22.000000   0.76116325  3.7629455495769562e-11
   22.000000   0.82593158  3.7642647294286533e-11
   22.000000   0.89070068  3.7655772205686193e-11
   22.000000   0.95547037  3.7668669488543796e-11
   22.000000   1.02024053  3.7681193056722854e-11
   22.000000   1.08501108  3.7693211657643871e-11
   22.000000   1.14978193  3.7704608796655154e-11
   22.000000   1.21455301  3.7715283067057998e-11
   22.000000   1.27932429  3.7725147339165156e-11
   22.000000   1.34409571  3.7734126587967417e-11
   22.000000   1.40886724  3.7742159266667374e-11
   22.000000   1.47363885  3.7749194068247098e-11
   22.000000   1.53841049  3.7755190820753661e-11
   22.000000   1.60318216  3.7760119203225609e-11
   22.000000   1.66795381  3.7763958026682518e-11
   22.000000   1.73272541  3.7766696643641250e-11
   22.000000   1.79749694  3.7768334884285922e-11
   22.000000   1.86226837  3.7768882596947080e-11
   22.000000   1.92703964  3.7768361772083792e-11
   22.000000   1.99181073  3.7766808168548585e-11
   22.000000   2.05658157  3.7764270569203397e-11
   22.000000   2.12135212  3.7760813256336019e-11
   22.000000   2.18612229  3.7756517067916892e-11
   22.000000   2.25089198  3.7751478031864231e-11
   22.000000   2.31566107  3.7745809887901766e-11
   22.000000   2.38042940  3.7739641997355721e-11
   22.000000   2.44519674  3.7733118186499080e-11
   22.000000   2.50996278  3.7726394407888971e-11
   22.000000   2.57472706  3.7719636585413733e-11
   22.000000   2.63948889  3.7713016033473616e-11
   22.000000   2.70424717  3.7706705503226863e-11
   22.000000   2.76900006  3.7700873599447918e-11
   22.000000   2.83374417  3.7695680061706669e-11
   22.000000   2.89847256  3.7691270733939855e-11
   22.000000   2.96316844  3.7687770462984001e-11
   22.000000   3.02777863  3.7685279641859698e-11
   22.000000   3.09200950  3.7683871269379759e-11
   22.500000   0.04958315  2.7819014815218004e-11
   22.500000   0.11381403  2.7820374062556109e-11
   22.500000   0.17842421  2.7822791487311954e-11
   22.500000   0.24312010  2.7826220986604442e-11
   22.500000   0.30784849  2.7830597806023731e-11
   22.500000   0.37259260  2.7835840267447202e-11
   22.500000   0.43734549  2.7841853730481727e-11
   22.500000   0.50210377  2.7848533539212083e-11
   22.500000   0.56686560  2.7855767962072739e-11
   22.500000   0.63162987  2.7863441296528094e-11
   22.500000   0.69639591  2.7871437295777510e-11
   22.500000   0.76116325  2.7879640883637583e-11
   22.500000   0.82593158  2.7887942150823794e-11
   22.500000   0.89070068  2.7896236716213558e-11
   22.500000   0.95547037  2.7904427427842210e-11
   22.500000   1.02024053  2.7912425752852219e-11
   22.500000   1.08501108  2.7920151267819558e-11
   22.500000   1.14978193  2.7927532979953357e-11
   22.500000   1.21455301  2.7934508127822842e-11
   22.500000   1.27932429  2.7941022013690506e-11
   22.500000   1.34409571  2.7947027857655249e-11
   22.500000   1.40886724  2.7952486169899458e-11
   22.500000   1.47363885  2.7957363834094149e-11
   22.500000   1.53841049  2.7961633713473366e-11
   22.500000   1.60318216  2.7965274838241239e-11
   22.500000   1.66795381  2.7968272100754252e-11
   22.500000   1.73272541  2.7970615947779627e-11
   22.500000   1.79749694  2.7972302916916745e-11
   22.500000   1.86226837  2.7973336108946260e-11
   22.500000   1.92703964  2.7973725984306662e-11
   22.500000   1.99181073  2.7973489796658807e-11
   22.500000   2.05658157  2.7972654337058023e-11
   22.500000   2.12135212  2.7971254438146819e-11
   22.500000   2.18612229  2.7969335399255944e-11
   22.500000   2.25089198  2.7966951417575901e-11
   22.500000   2.31566107  2.7964166569991219e-11
   22.500000   2.38042940  2.7961055223380387e-11
   22.500000   2.44519674  2.7957700130911135e-11
   22.500000   2.50996278  2.7954190859689618e-11
   22.500000   2.57472706  2.7950623571883300e-11
   22.500000   2.63948889  2.7947097152586149e-11
   22.500000   2.70424717  2.7943711717542429e-11
   22.500000   2.76900006  2.7940565746931539e-11
   22.500000   2.83374417  2.7937751875916007e-11
   22.500000   2.89847256  2.7935353890959613e-11
   22.500000   2.96316844  2.7933445760967056e-11
   22.500000   3.02777863  2.7932085574384840e-11
   22.500000   3.09200950  2.7931315483922408e-11
   23.000000   0.04958315  2.0622515619485438e-11
   23.000000   0.11381403  2.0623360734977326e-11
   23.000000   0.17842421  2.0624864398219687e-11
   23.000000   0.24312010  2.0626999426045226e-11
   23.000000   0.30784849  2.0629726546171636e-11
   23.000000   0.37259260  2.0632997510606704e-11
   23.000000   0.43734549  2.0636756504072586e-11
   23.000000   0.50210377  2.0640939816680600e-11
   23.000000   0.56686560  2.0645481274454960e-11
   23.000000   0.63162987  2.0650311312397085e-11
   23.000000   0.69639591  2.0655359975804398e-11
   23.000000   0.76116325  2.0660558710388651e-11
   23.000000   0.82593158  2.0665840573709959e-11
   23.000000   0.89070068  2.0671142570894731e-11
   23.000000   0.95547037  2.0676405646597255e-11
   23.000000   1.02024053  2.0681575840387030e-11
   23.000000   1.08501108  2.0686603696911346e-11
   23.000000   1.14978193  2.0691445527344471e-11
   23.000000   1.21455301  2.0696062152219129e-11
   23.000000   1.27932429  2.0700419341358947e-11
   23.000000   1.34409571  2.0704486994122706e-11
   23.000000   1.40886724  2.0708239972520082e-11
   23.000000   1.47363885  2.0711656178497645e-11
   23.000000   1.53841049  2.0714717350595806e-11
   23.000000   1.60318216  2.0717409024624276e-11
   23.000000   1.66795381  2.0719719762689279e-11
   23.000000   1.73272541  2.0721642184287377e-11
   23.000000   1.79749694  2.0723171426113658e-11
   23.000000   1.86226837  2.0724307110309193e-11
   23.000000   1.92703964  2.0725053393307996e-11
   23.000000   1.99181073  2.0725418698028138e-11
   23.000000   2.05658157  2.0725416241073976e-11
   23.000000   2.12135212  2.0725064575169699e-11
   23.000000   2.18612229  2.0724388256067165e-11
   23.000000   2.25089198  2.0723417882233782e-11
   23.000000   2.31566107  2.0722189255534461e-11
   23.000000   2.38042940  2.0720744343336994e-11
   23.000000   2.44519674  2.0719130097172282e-11
   23.000000   2.50996278  2.0717398342914148e-11
   23.000000   2.57472706  2.0715603767970813e-11
   23.000000   2.63948889  2.0713803627354195e-11
   23.000000   2.70424717  2.0712056136241426e-11
   23.000000   2.76900006  2.0710417285456249e-11
   23.000000   2.83374417  2.0708941608505525e-11
   23.000000   2.89847256  2.0707677340814040e-11
   23.000000   2.96316844  2.0706667249290391e-11
   23.000000   3.02777863  2.0705945260223031e-11
   23.000000   3.09200950  2.0705535619186868e-11
   23.500000   0.04958315  1.5290538872198347e-11
   23.500000   0.11381403  1.5291069515379116e-11
   23.500000   0.17842421  1.5292013977515753e-11
   23.500000   0.24312010  1.5293356484689994e-11
   23.500000   0.30784849  1.5295073077348936e-11
   23.500000   0.37259260  1.5297135236340050e-11
   23.500000   0.43734549  1.5299509098717821e-11
   23.500000   0.50210377  1.5302157156790133e-11
   23.500000   0.56686560  1.5305038875546223e-11
   23.500000   0.63162987  1.5308113095080879e-11
   23.500000   0.69639591  1.5311337169270172e-11
   23.500000   0.76116325  1.5314669901469003e-11
   23.500000   0.82593158  1.5318070476186381e-11
   23.500000   0.89070068  1.5321500977539551e-11
   23.500000   0.95547037  1.5324924873993537e-11
   23.500000   1.02024053  1.5328309480970100e-11
   23.500000   1.08501108  1.5331623530481884e-11
   23.500000   1.14978193  1.5334840650410448e-11
   23.500000   1.21455301  1.5337935493811157e-11
   23.500000   1.27932429  1.5340886684275329e-11
   23.500000   1.34409571  1.5343674776892390e-11
   23.500000   1.40886724  1.5346283530600617e-11
   23.500000   1.47363885  1.5348697734618021e-11
   23.500000   1.53841049  1.5350905343902986e-11
   23.500000   1.60318216  1.5352896316549375e-11
   23.500000   1.66795381  1.5354661865236614e-11
   23.500000   1.73272541  1.5356195648072413e-11
   23.500000   1.79749694  1.5357493854772682e-11
   23.500000   1.86226837  1.5358554257410769e-11
   23.500000   1.92703964  1.5359377448771734e-11
   23.500000   1.99181073  1.5359967225852489e-11
   23.500000   2.05658157  1.5360329781634376e-11
   23.500000   2.12135212  1.5360473859752340e-11
   23.500000   2.18612229  1.5360413544002207e-11
   23.500000   2.25089198  1.5360164419514267e-11
   23.500000   2.31566107  1.5359746612418493e-11
   23.500000   2.38042940  1.5359183794607231e-11
   23.500000   2.44519674  1.5358502530504706e-11
   23.500000   2.50996278  1.5357731797490471e-11
   23.500000   2.57472706  1.5356902781454425e-11
   23.500000   2.63948889  1.5356048908561626e-11
   23.500000   2.70424717  1.5355202271187834e-11
   23.500000   2.76900006  1.5354396740183073e-11
   23.500000   2.83374417  1.5353662221221621e-11
   23.500000   2.89847256  1.5353027785638659e-11
   23.500000   2.96316844  1.5352517494674569e-11
   23.500000   3.02777863  1.5352150983921665e-11
   23.500000   3.09200950  1.5351942801310439e-11
   24.000000   0.04958315  1.1339707512551600e-11
   24.000000   0.11381403  1.1340044437281028e-11
   24.000000   0.17842421  1.1340644220586042e-11
   24.000000   0.24312010  1.1341497302913939e-11
   24.000000   0.30784849  1.1342589913473640e-11
   24.000000   0.37259260  1.1343904562504631e-11
   24.000000   0.43734549  1.1345421187545495e-11
   24.000000   0.50210377  1.1347116394915083e-11
   24.000000   0.56686560  1.1348966485735296e-11
   24.000000   0.63162987  1.1350946171120152e-11
   24.000000   0.69639591  1.1353030314728488e-11
   24.000000   0.76116325  1.1355193108895331e-11
   24.000000   0.82593158  1.1357410017588917e-11
   24.000000   0.89070068  1.1359657487965638e-11
   24.000000   0.95547037  1.1361913667520423e-11
   24.000000   1.02024053  1.1364157832277341e-11
   24.000000   1.08501108  1.1366370800414024e-11
   24.000000   1.14978193  1.1368535310791731e-11
   24.000000   1.21455301  1.1370636372750851e-11
   24.000000   1.27932429  1.1372659117628071e-11
   24.000000   1.34409571  1.1374591798105811e-11
   24.000000   1.40886724  1.1376423086980165e-11
   24.000000   1.47363885  1.1378142817247901e-11
   24.000000   1.53841049  1.1379743027099633e-11
   24.000000   1.60318216  1.1381216261120252e-11
   24.000000   1.66795381  1.1382555963305220e-11
   24.000000   1.73272541  1.1383757613977575e-11
   24.000000   1.79749694  1.1384817211047872e-11
   24.000000   1.86226837  1.1385732536219889e-11
   24.000000   1.92703964  1.1386502587145958e-11
   24.000000   1.99181073  1.1387128231331718e-11
   24.000000   2.05658157  1.1387612215515023e-11
   24.000000   2.12135212  1.1387958488367013e-11
   24.000000   2.18612229  1.1388173909955443e-11
   24.000000   2.25089198  1.1388267029615784e-11
   24.000000   2.31566107  1.1388248830394819e-11
   24.000000   2.38042940  1.1388131977047762e-11
   24.000000   2.44519674  1.1387931128082549e-11
   24.000000   2.50996278  1.1387662623547264e-11
   24.000000   2.57472706  1.1387344415933582e-11
   24.000000   2.63948889  1.1386994528520309e-11
   24.000000   2.70424717  1.1386632517058886e-11
   24.000000   2.76900006  1.1386276813061909e-11
   24.000000   2.83374417  1.1385944591684772e-11
   24.000000   2.89847256  1.1385652695637496e-11
   24.000000   2.96316844  1.1385415166241486e-11
   24.000000   3.02777863  1.1385243172958720e-11
   24.000000   3.09200950  1.1385144876488022e-11
   24.500000   0.04958315  8.4118359089302499e-12
   24.500000   0.11381403  8.4120522954877770e-12
   24.500000   0.17842421  8.4124378220572315e-12
   24.500000   0.24312010  8.4129867825675340e-12
   24.500000   0.30784849  8.4136902059041559e-12
   24.500000   0.37259260  8.4145384290390810e-12
   24.500000   0.43734549  8.4155186181468107e-12
   24.500000   0.50210377  8.4166176612904184e-12
   24.500000   0.56686560  8.4178200386694611e-12
   24.500000   0.63162987  8.4191111603311376e-12
   24.500000   0.69639591  8.4204750159944835e-12
   24.500000   0.76116325  8.4218965525383341e-12
   24.500000   0.82593158  8.4233602659413193e-12
   24.500000   0.89070068  8.4248521267768958e-12
   24.500000   0.95547037  8.4263578956055477e-12
   24.500000   1.02024053  8.4278647390280117e-12
   24.500000   1.08501108  8.4293611322553100e-12
   24.500000   1.14978193  8.4308357738984382e-12
   24.500000   1.21455301  8.4322787172875358e-12
   24.500000   1.27932429  8.4336811006352318e-12
   24.500000   1.34409571  8.4350342671663192e-12
   24.500000   1.40886724  8.4363310647396417e-12
   24.500000   1.47363885  8.4375650322384583e-12
   24.500000   1.53841049  8.4387298854888536e-12
   24.500000   1.60318216  8.4398202905103433e-12
   24.500000   1.66795381  8.4408320552074793e-12
   24.500000   1.73272541  8.4417611129361960e-12
   24.500000   1.79749694  8.4426041791728455e-12
   24.500000   1.86226837  8.4433590923394617e-12
   24.500000   1.92703964  8.4440246010371298e-12
   24.500000   1.99181073  8.4445999862424239e-12
   24.500000   2.05658157  8.4450859239617978e-12
   24.500000   2.12135212  8.4454842539102408e-12
   24.500000   2.18612229  8.4457983495814192e-12
   24.500000   2.25089198  8.4460319160298563e-12
   24.500000   2.31566107  8.4461904721504220e-12
   24.500000   2.38042940  8.4462815874377449e-12
   24.500000   2.44519674  8.4463123831519477e-12
   24.500000   2.50996278  8.4462924051489062e-12
   24.500000   2.57472706  8.4462314995851702e-12
   24.500000   2.63948889  8.4461397361281553e-12
   24.500000   2.70424717  8.4460281451419136e-12
   24.500000   2.76900006  8.4459068377714850e-12
   24.500000   2.83374417  8.4457862711935349e-12
   24.500000   2.89847256  8.4456753628649884e-12
   24.500000   2.96316844  8.4455824358671651e-12
   24.500000   3.02777863  8.4455135945199596e-12
   24.500000   3.09200950  8.4454740240761356e-12
   25.000000   0.04958315  6.2416289949151440e-12
   25.000000   0.11381403  6.2417693714140448e-12
   25.000000   0.17842421  6.2420204797992873e-12
   25.000000   0.24312010  6.2423779128596716e-12
   25.000000   0.30784849  6.2428366617548942e-12
   25.000000   0.37259260  6.2433907080663448e-12
   25.000000   0.43734549  6.2440324479399533e-12
   25.000000   0.50210377  6.2447537985734400e-12
   25.000000   0.56686560  6.2455454962073882e-12
   25.000000   0.63162987  6.2463978611242957e-12
   25.000000   0.69639591  6.2473022508021135e-12
   25.000000   0.76116325  6.2482486447953899e-12
   25.000000   0.82593158  6.2492275290444425e-12
   25.000000   0.89070068  6.2502305294915746e-12
   25.000000   0.95547037  6.2512482512018177e-12
   25.000000   1.02024053  6.2522727542943974e-12
   25.000000   1.08501108  6.2532970179002784e-12
   25.000000   1.14978193  6.2543132225540379e-12
   25.000000   1.21455301  6.2553154428023306e-12
   25.000000   1.27932429  6.2562973862633997e-12
   25.000000   1.34409571  6.2572536124644348e-12
   25.000000   1.40886724  6.2581794326581508e-12
   25.000000   1.47363885  6.2590698325487669e-12
   25.000000   1.53841049  6.2599208704814120e-12
   25.000000   1.60318216  6.2607283877596705e-12
   25.000000   1.66795381  6.2614895504422815e-12
   25.000000   1.73272541  6.2622009766932632e-12
   25.000000   1.79749694  6.2628602611662423e-12
   25.000000   1.86226837  6.2634654131319922e-12
   25.000000   1.92703964  6.2640147620003619e-12
   25.000000   1.99181073  6.2645075089004744e-12
   25.000000   2.05658157  6.2649432393306965e-12
   25.000000   2.12135212  6.2653226457585734e-12
   25.000000   2.18612229  6.2656466800438345e-12
   25.000000   2.25089198  6.2659168202745100e-12
   25.000000   2.31566107  6.2661368288050518e-12
   25.000000   2.38042940  6.2663092427641731e-12
   25.000000   2.44519674  6.2664384836380254e-12
   25.000000   2.50996278  6.2665298085631642e-12
   25.000000   2.57472706  6.2665880817611170e-12
   25.000000   2.63948889  6.2666192623662441e-12
   25.000000   2.70424717  6.2666290383913866e-12
   25.000000   2.76900006  6.2666236803913572e-12
   25.000000   2.83374417  6.2666083441691570e-12
   25.000000   2.89847256  6.2665884682623172e-12
   25.000000   2.96316844  6.2665688249234242e-12
   25.000000   3.02777863  6.2665525886228424e-12
   25.000000   3.09200950  6.2665426745314531e-12
