# R_ang  theta_rad  Veff_hartree
    1.500000   0.04958315  9.1366562314746238e+02
    1.500000   0.11381403  5.1448911783667586e+02
    1.500000   0.17842421  2.1152942262635497e+02
    1.500000   0.24312010  7.2984777095810145e+01
    1.500000   0.30784849  2.3474492578658722e+01
    1.500000   0.37259260  7.7372101842627989e+00
    1.500000   0.43734549  2.9542721757834012e+00
    1.500000   0.50210377  1.4693609877606768e+00
    1.500000   0.56686560  9.4369392323666523e-01
    1.500000   0.63162987  6.9913676633146893e-01
    1.500000   0.69639591  5.4635618382566509e-01
    1.500000   0.76116325  4.3352697538219631e-01
    1.500000   0.82593158  3.4550761144186520e-01
    1.500000   0.89070068  2.7630585660670104e-01
    1.500000   0.95547037  2.2215331277476527e-01
    1.500000   1.02024053  1.8001884502644655e-01
    1.500000   1.08501108  1.4738120793547405e-01
    1.500000   1.14978193  1.2220522766777922e-01
    1.500000   1.21455301  1.0290651793025618e-01
    1.500000   1.27932429  8.8289728494121658e-02
    1.500000   1.34409571  7.7478100267288727e-02
    1.500000   1.40886724  6.9848390908580318e-02
    1.500000   1.47363885  6.4977846081818197e-02
    1.500000   1.53841049  6.2605104161469041e-02
    1.500000   1.60318216  6.2604717481684710e-02
    1.500000   1.66795381  6.4974363228718288e-02
    1.500000   1.73272541  6.9834005159084112e-02
    1.500000   1.79749694  7.7436735078858954e-02
    1.500000   1.86226837  8.8191387115834921e-02
    1.500000   1.92703964  1.0269684672103523e-01
    1.500000   1.99181073  1.2178657976593596e-01
    1.500000   2.05658157  1.4657809250405124e-01
    1.500000   2.12135212  1.7851394847770333e-01
    1.500000   2.18612229  2.1936669082642063e-01
    1.500000   2.25089198  2.7116152752219519e-01
    1.500000   2.31566107  3.3597071952250174e-01
    1.500000   2.38042940  4.1565888714764171e-01
    1.500000   2.44519674  5.1232200591144972e-01
    1.500000   2.50996278  6.3285144354787759e-01
    1.500000   2.57472706  8.1093200349018413e-01
    1.500000   2.63948889  1.1943439584576514e+00
    1.500000   2.70424717  2.3618778577567729e+00
    1.500000   2.76900006  6.4048659758372626e+00
    1.500000   2.83374417  2.0344542972076180e+01
    1.500000   2.89847256  6.5378689620354180e+01
    1.500000   2.96316844  1.9306061665910073e+02
    1.500000   3.02777863  4.7341851483872887e+02
    1.500000   3.09200950  8.4242477601010330e+02
    1.550000   0.04958315  3.4308424642823650e+02
    1.550000   0.11381403  2.1257505889497000e+02
    1.550000   0.17842421  9.9240185922580224e+01
    1.550000   0.24312010  3.8972408692239092e+01
    1.550000   0.30784849  1.4235795794337692e+01
    1.550000   0.37259260  5.3617108229678907e+00
    1.550000   0.43734549  2.3413822443469416e+00
    1.550000   0.50210377  1.2825008571467145e+00
    1.550000   0.56686560  8.5450997276167895e-01
    1.550000   0.63162987  6.3381323212353069e-01
    1.550000   0.69639591  4.9080332993711845e-01
    1.550000   0.76116325  3.8571684624947988e-01
    1.550000   0.82593158  3.0494116523866605e-01
    1.550000   0.89070068  2.4225175599118931e-01
    1.550000   0.95547037  1.9365528367108897e-01
    1.550000   1.02024053  1.5609428706204778e-01
    1.550000   1.08501108  1.2713928970368493e-01
    1.550000   1.14978193  1.0488632057629144e-01
    1.550000   1.21455301  8.7878981776079390e-02
    1.550000   1.27932429  7.5029588471569458e-02
    1.550000   1.34409571  6.5544866719045261e-02
    1.550000   1.40886724  5.8862609691619737e-02
    1.550000   1.47363885  5.4602026410831457e-02
    1.550000   1.53841049  5.2527880240856417e-02
    1.550000   1.60318216  5.2527387020895482e-02
    1.550000   1.66795381  5.4598716449372968e-02
    1.550000   1.73272541  5.8850323908609919e-02
    1.550000   1.79749694  6.5510896661214568e-02
    1.550000   1.86226837  7.4950172997010872e-02
    1.550000   1.92703964  8.7710992595012374e-02
    1.550000   1.99181073  1.0455219089338492e-01
    1.550000   2.05658157  1.2649956319596500e-01
    1.550000   2.12135212  1.5489692864159138e-01
    1.550000   2.18612229  1.9144037046995241e-01
    1.550000   2.25089198  2.3816846060531674e-01
    1.550000   2.31566107  2.9738795627926740e-01
    1.550000   2.38042940  3.7161565378152006e-01
    1.550000   2.44519674  4.6409384963010625e-01
    1.550000   2.50996278  5.8223549090914661e-01
    1.550000   2.57472706  7.5251598953689158e-01
    1.550000   2.63948889  1.0751679600358406e+00
    1.550000   2.70424717  1.9069768343569797e+00
    1.550000   2.76900006  4.4234686586413643e+00
    1.550000   2.83374417  1.2157821100904100e+01
    1.550000   2.89847256  3.4331251574337479e+01
    1.550000   2.96316844  8.9189984345140573e+01
    1.550000   3.02777863  1.9304662891834056e+02
    1.550000   3.09200950  3.1283136748839121e+02
    1.600000   0.04958315  1.4101336489194327e+02
    1.600000   0.11381403  9.3887749001559612e+01
    1.600000   0.17842421  4.8591952698678774e+01
    1.600000   0.24312010  2.1409291017623861e+01
    1.600000   0.30784849  8.8373444430835590e+00
    1.600000   0.37259260  3.7902411516985248e+00
    1.600000   0.43734549  1.8687183813472499e+00
    1.600000   0.50210377  1.1083929328272462e+00
    1.600000   0.56686560  7.6133899263048455e-01
    1.600000   0.63162987  5.6644304987071781e-01
    1.600000   0.69639591  4.3611316212166362e-01
    1.600000   0.76116325  3.4033650337158478e-01
    1.600000   0.82593158  2.6736255644207391e-01
    1.600000   0.89070068  2.1122227686080131e-01
    1.600000   0.95547037  1.6799798378753683e-01
    1.600000   1.02024053  1.3475726051509065e-01
    1.600000   1.08501108  1.0923046824274504e-01
    1.600000   1.14978193  8.9672058845085514e-02
    1.600000   1.21455301  7.4762430630438290e-02
    1.600000   1.27932429  6.3522810913672789e-02
    1.600000   1.34409571  5.5242026096343474e-02
    1.600000   1.40886724  4.9416979546350215e-02
    1.600000   1.47363885  4.5707176307031763e-02
    1.600000   1.53841049  4.3902342452678919e-02
    1.600000   1.60318216  4.3901738074411847e-02
    1.600000   1.66795381  4.5703926794851787e-02
    1.600000   1.73272541  4.9406246359467366e-02
    1.600000   1.79749694  5.5213809448736544e-02
    1.600000   1.86226837  6.3458384135845439e-02
    1.600000   1.92703964  7.4627763212669215e-02
    1.600000   1.99181073  8.9405913999158593e-02
    1.600000   2.05658157  1.0872277895756428e-01
    1.600000   2.12135212  1.3380935022654264e-01
    1.600000   2.18612229  1.6624816977739304e-01
    1.600000   2.25089198  2.0800406497288962e-01
    1.600000   2.31566107  2.6142866116855989e-01
    1.600000   2.38042940  3.2930963583605594e-01
    1.600000   2.44519674  4.1536735896279620e-01
    1.600000   2.50996278  5.2677111466422999e-01
    1.600000   2.57472706  6.8398027848342968e-01
    1.600000   2.63948889  9.5424245902652638e-01
    1.600000   2.70424717  1.5547116023388383e+00
    1.600000   2.76900006  3.1383093338458985e+00
    1.600000   2.83374417  7.4703341746512253e+00
    1.600000   2.89847256  1.8572656601832406e+01
    1.600000   2.96316844  4.2992172604080380e+01
    1.600000   3.02777863  8.4044041220950248e+01
    1.600000   3.09200950  1.2690666733777989e+02
    1.650000   0.04958315  6.2692454448196798e+01
    1.650000   0.11381403  4.4205950259486158e+01
    1.650000   0.17842421  2.4971051475830549e+01
    1.650000   0.24312010  1.2220089305778837e+01
    1.650000   0.30784849  5.6706995999368601e+00
    1.650000   0.37259260  2.7479351481602050e+00
    1.650000   0.43734549  1.5050540892954649e+00
    1.650000   0.50210377  9.5183573882264261e-01
    1.650000   0.56686560  6.7030799367930749e-01
    1.650000   0.63162987  5.0067081423057347e-01
    1.650000   0.69639591  3.8412306338945129e-01
    1.650000   0.76116325  2.9822651612612466e-01
    1.650000   0.82593158  2.3310048547591780e-01
    1.650000   0.89070068  1.8328816403154169e-01
    1.650000   0.95547037  1.4512262549625432e-01
    1.650000   1.02024053  1.1588425314945126e-01
    1.650000   1.08501108  9.3499507598964096e-02
    1.650000   1.14978193  7.6392448947148056e-02
    1.650000   1.21455301  6.3380839619790214e-02
    1.650000   1.27932429  5.3591721372069148e-02
    1.650000   1.34409571  4.6392277853585517e-02
    1.650000   1.40886724  4.1335282428704420e-02
    1.650000   1.47363885  3.8118128213462173e-02
    1.650000   1.53841049  3.6553942374198699e-02
    1.650000   1.60318216  3.6553240743738134e-02
    1.650000   1.66795381  3.8114900261847717e-02
    1.650000   1.73272541  4.1325741793732620e-02
    1.650000   1.79749694  4.6368589193783304e-02
    1.650000   1.86226837  5.3539193893811600e-02
    1.650000   1.92703964  6.3272757711657260e-02
    1.650000   1.99181073  7.6180737616398084e-02
    1.650000   2.05658157  9.3097828348597034e-02
    1.650000   2.12135212  1.1513704829764317e-01
    1.650000   2.18612229  1.4374758428681661e-01
    1.650000   2.25089198  1.8076747915951652e-01
    1.650000   2.31566107  2.2847158343654880e-01
    1.650000   2.38042940  2.8967175758247610e-01
    1.650000   2.44519674  3.6815029597312726e-01
    1.650000   2.50996278  4.7044857472525059e-01
    1.650000   2.57472706  6.1223708966112511e-01
    1.650000   2.63948889  8.3844476623015607e-01
    1.650000   2.70424717  1.2803986684377164e+00
    1.650000   2.76900006  2.2986917878492013e+00
    1.650000   2.83374417  4.7744117680004212e+00
    1.650000   2.89847256  1.0474593397128935e+01
    1.650000   2.96316844  2.1774171067478910e+01
    1.650000   3.02777863  3.8997476765852142e+01
    1.650000   3.09200950  5.5634071028063921e+01
    1.700000   0.04958315  2.9970270987293567e+01
    1.700000   0.11381403  2.2180282503454194e+01
    1.700000   0.17842421  1.3536984242730728e+01
    1.700000   0.24312010  7.3023693276775656e+00
    1.700000   0.30784849  3.7832195841061202e+00
    1.700000   0.37259260  2.0462548566026579e+00
    1.700000   0.43734549  1.2232584457644022e+00
    1.700000   0.50210377  8.1388236073611031e-01
    1.700000   0.56686560  5.8488038654488039e-01
    1.700000   0.63162987  4.3868754962629641e-01
    1.700000   0.69639591  3.3589619916626212e-01
    1.700000   0.76116325  2.5980385137428663e-01
    1.700000   0.82593158  2.0224395110410523e-01
    1.700000   0.89070068  1.5838107112327607e-01
    1.700000   0.95547037  1.2488895774900319e-01
    1.700000   1.02024053  9.9304745239111647e-02
    1.700000   1.08501108  7.9765576361424131e-02
    1.700000   1.14978193  6.4865666331183430e-02
    1.700000   1.21455301  5.3555450595038086e-02
    1.700000   1.27932429  4.5062038580635864e-02
    1.700000   1.34409571  3.8825855334000299e-02
    1.700000   1.40886724  3.4451568996825721e-02
    1.700000   1.47363885  3.1671651013408297e-02
    1.700000   1.53841049  3.0320855949157240e-02
    1.700000   1.60318216  3.0320079978174628e-02
    1.700000   1.66795381  3.1668448011905347e-02
    1.700000   1.73272541  3.4442986592188529e-02
    1.700000   1.79749694  3.8805777929140972e-02
    1.700000   1.86226837  4.5018990336717135e-02
    1.700000   1.92703964  5.3468555879481974e-02
    1.700000   1.99181073  6.4697374748914835e-02
    1.700000   2.05658157  7.9448538058437976e-02
    1.700000   2.12135212  9.8717900461130895e-02
    1.700000   2.18612229  1.2381340524226965e-01
    1.700000   2.25089198  1.5641742136218173e-01
    1.700000   2.31566107  1.9865519200047072e-01
    1.700000   2.38042940  2.5321210269675998e-01
    1.700000   2.44519674  3.2368944553600271e-01
    1.700000   2.50996278  4.1584642219350787e-01
    1.700000   2.57472706  5.4164615911391167e-01
    1.700000   2.63948889  7.3114633839254195e-01
    1.700000   2.70424717  1.0636696662939047e+00
    1.700000   2.76900006  1.7381155855000854e+00
    1.700000   2.83374417  3.1953300334440433e+00
    1.700000   2.89847256  6.2182157499146236e+00
    1.700000   2.96316844  1.1669215166867835e+01
    1.700000   3.02777863  1.9311246424923596e+01
    1.700000   3.09200950  2.6240256063266436e+01
    1.750000   0.04958315  1.5374905734867829e+01
    1.750000   0.11381403  1.1874194866234310e+01
    1.750000   0.17842421  7.7741212823288981e+00
    1.750000   0.24312010  4.5893275724984512e+00
    1.750000   0.30784849  2.6284837085744934e+00
    1.750000   0.37259260  1.5625433547084808e+00
    1.750000   0.43734549  1.0022144267886697e+00
    1.750000   0.50210377  6.9374231583301904e-01
    1.750000   0.56686560  5.0677840996965162e-01
    1.750000   0.63162987  3.8167300970215834e-01
    1.750000   0.69639591  2.9195387066069722e-01
    1.750000   0.76116325  2.2519520825216621e-01
    1.750000   0.82593158  1.7472361794232696e-01
    1.750000   0.89070068  1.3634525710525269e-01
    1.750000   0.95547037  1.0710905278337884e-01
    1.750000   1.02024053  8.4823767933286220e-02
    1.750000   1.08501108  6.7837550831366611e-02
    1.750000   1.14978193  5.4908541654564970e-02
    1.750000   1.21455301  4.5111982799298296e-02
    1.750000   1.27932429  3.7767820107294001e-02
    1.750000   1.34409571  3.2383901934780343e-02
    1.750000   1.40886724  2.8612474891551019e-02
    1.750000   1.47363885  2.6218108449930170e-02
    1.750000   1.53841049  2.5055327484890415e-02
    1.750000   1.60318216  2.5054502950465560e-02
    1.750000   1.66795381  2.6214955140117919e-02
    1.750000   1.73272541  2.8604698386255137e-02
    1.750000   1.79749694  3.2366746078093096e-02
    1.750000   1.86226837  3.7732355602384353e-02
    1.750000   1.92703964  4.5041967131694574e-02
    1.750000   1.99181073  5.4774781245044479e-02
    1.750000   2.05658157  6.7587772687213360e-02
    1.750000   2.12135212  8.4364272384156225e-02
    1.750000   2.18612229  1.0627110309141360e-01
    1.750000   2.25089198  1.3482275072590261e-01
    1.750000   2.31566107  1.7195608208826094e-01
    1.750000   2.38042940  2.2014568647252308e-01
    1.750000   2.44519674  2.8268352658049151e-01
    1.750000   2.50996278  3.6452272896804105e-01
    1.750000   2.57472706  4.7479938222376772e-01
    1.750000   2.63948889  6.3373646959021335e-01
    1.750000   2.70424717  8.8937956670884077e-01
    1.750000   2.76900006  1.3516167879844074e+00
    1.750000   2.83374417  2.2418148540935134e+00
    1.750000   2.89847256  3.9088859143235850e+00
    1.750000   2.96316844  6.6594795668589075e+00
    1.750000   3.02777863  1.0239845787938444e+01
    1.750000   3.09200950  1.3316426639683826e+01
    1.800000   0.04958315  8.4620749268351769e+00
    1.800000   0.11381403  6.7912211930202231e+00
    1.800000   0.17842421  4.7395890463685433e+00
    1.800000   0.24312010  3.0356558906355526e+00
    1.800000   0.30784849  1.8976196413462778e+00
    1.800000   0.37259260  1.2192882161721441e+00
    1.800000   0.43734549  8.2637794317994151e-01
    1.800000   0.50210377  5.8984572131887325e-01
    1.800000   0.56686560  4.3663704028732792e-01
    1.800000   0.63162987  3.3013228123797639e-01
    1.800000   0.69639591  2.5245306886408714e-01
    1.800000   0.76116325  1.9433685333128753e-01
    1.800000   0.82593158  1.5037140706016747e-01
    1.800000   0.89070068  1.1697482165854538e-01
    1.800000   0.95547037  9.1571355255604892e-02
    1.800000   1.02024053  7.2237796029082188e-02
    1.800000   1.08501108  5.7524664023991347e-02
    1.800000   1.14978193  4.6343727230037525e-02
    1.800000   1.21455301  3.7885425005388440e-02
    1.800000   1.27932429  3.1554608332797537e-02
    1.800000   1.34409571  2.6920474619898660e-02
    1.800000   1.40886724  2.3678452452777901e-02
    1.800000   1.47363885  2.1622211973328833e-02
    1.800000   1.53841049  2.0624193720743127e-02
    1.800000   1.60318216  2.0623345550670233e-02
    1.800000   1.66795381  2.1619141080015447e-02
    1.800000   1.73272541  2.3671381283128595e-02
    1.800000   1.79749694  2.6905716674940346e-02
    1.800000   1.86226837  3.1525241117030187e-02
    1.800000   1.92703964  3.7828860875974826e-02
    1.800000   1.99181073  4.6237366576251618e-02
    1.800000   2.05658157  5.7328121796279864e-02
    1.800000   2.12135212  7.1878905308059932e-02
    1.800000   2.18612229  9.0920729269891892e-02
    1.800000   2.25089198  1.1579916088245254e-01
    1.800000   2.31566107  1.4824699300059493e-01
    1.800000   2.38042940  1.9048807870462267e-01
    1.800000   2.44519674  2.4544980183727391e-01
    1.800000   2.50996278  3.1732359481985406e-01
    1.800000   2.57472706  4.1310366464189396e-01
    1.800000   2.63948889  5.4651585905830447e-01
    1.800000   2.70424717  7.4682995995774359e-01
    1.800000   2.76900006  1.0749352239906544e+00
    1.800000   2.83374417  1.6422360287187250e+00
    1.800000   2.89847256  2.6040171291274841e+00
    1.800000   2.96316844  4.0615376044043563e+00
    1.800000   3.02777863  5.8335278441050491e+00
    1.800000   3.09200950  7.2854460945169928e+00
    1.850000   0.04958315  4.9926619816405662e+00
    1.850000   0.11381403  4.1471590966920413e+00
    1.850000   0.17842421  3.0637740357213050e+00
    1.850000   0.24312010  2.1066500328188029e+00
    1.850000   0.30784849  1.4165494503350526e+00
    1.850000   0.37259260  9.6813696661710935e-01
    1.850000   0.43734549  6.8460418806364598e-01
    1.850000   0.50210377  5.0039309589488457e-01
    1.850000   0.56686560  3.7444277535786546e-01
    1.850000   0.63162987  2.8413860959316145e-01
    1.850000   0.69639591  2.1731627745845331e-01
    1.850000   0.76116325  1.6704672157702830e-01
    1.850000   0.82593158  1.2896271009978402e-01
    1.850000   0.89070068  1.0003960256085385e-01
    1.850000   0.95547037  7.8057134023412994e-02
    1.850000   1.02024053  6.1345432962252505e-02
    1.850000   1.08501108  4.8643506663204689e-02
    1.850000   1.14978193  3.9004255064592368e-02
    1.850000   1.21455301  3.1722926624525770e-02
    1.850000   1.27932429  2.6281164458421834e-02
    1.850000   1.34409571  2.2303474468423172e-02
    1.850000   1.40886724  1.9524158673029271e-02
    1.850000   1.47363885  1.7763072300166247e-02
    1.850000   1.53841049  1.6908774772306817e-02
    1.850000   1.60318216  1.6907925008932231e-02
    1.850000   1.66795381  1.7760116499044905e-02
    1.850000   1.73272541  1.9517723733437169e-02
    1.850000   1.79749694  2.2290711978759030e-02
    1.850000   1.86226837  2.6256726036155618e-02
    1.850000   1.92703964  3.1677093046943328e-02
    1.850000   1.99181073  3.8919600423321536e-02
    1.850000   2.05658157  4.8488961510450582e-02
    1.850000   2.12135212  6.1065662238575708e-02
    1.850000   2.18612229  7.7553389466272674e-02
    1.850000   2.25089198  9.9134944020166066e-02
    1.850000   2.31566107  1.2733843172028692e-01
    1.850000   2.38042940  1.6412569755389164e-01
    1.850000   2.44519674  2.1204902719112129e-01
    1.850000   2.50996278  2.7461397231227486e-01
    1.850000   2.57472706  3.5719305699639603e-01
    1.850000   2.63948889  4.6920180440601528e-01
    1.850000   2.70424717  6.2860945198174434e-01
    1.850000   2.76900006  8.6924256389721533e-01
    1.850000   2.83374417  1.2470373617807391e+00
    1.850000   2.89847256  1.8299724686291765e+00
    1.850000   2.96316844  2.6441754935941648e+00
    1.850000   3.02777863  3.5723439914057900e+00
    1.850000   3.09200950  4.3003337829300454e+00
    1.900000   0.04958315  3.1472097888060153e+00
    1.900000   0.11381403  2.6938036632155664e+00
    1.900000   0.17842421  2.0896231486123762e+00
    1.900000   0.24312010  1.5243035111845404e+00
    1.900000   0.30784849  1.0866157171675663e+00
    1.900000   0.37259260  7.7895177692460871e-01
    1.900000   0.43734549  5.6895801390478451e-01
    1.900000   0.50210377  4.2361494703786562e-01
    1.900000   0.56686560  3.1981636724916623e-01
    1.900000   0.63162987  2.4350169831918478e-01
    1.900000   0.69639591  1.8632309763873869e-01
    1.900000   0.76116325  1.4307492040516698e-01
    1.900000   0.82593158  1.1024540177425382e-01
    1.900000   0.89070068  8.5302574030830081e-02
    1.900000   0.95547037  6.6351262656636323e-02
    1.900000   1.02024053  5.1954205457708139e-02
    1.900000   1.08501108  4.1022297624715279e-02
    1.900000   1.14978193  3.2736140908246628e-02
    1.900000   1.21455301  2.6485267101880650e-02
    1.900000   1.27932429  2.1820151418390298e-02
    1.900000   1.34409571  1.8414784402579338e-02
    1.900000   1.40886724  1.6038225509993117e-02
    1.900000   1.47363885  1.4533742394515463e-02
    1.900000   1.53841049  1.3804308713578189e-02
    1.900000   1.60318216  1.3803475593861662e-02
    1.900000   1.66795381  1.4530929920999964e-02
    1.900000   1.73272541  1.6032375927952796e-02
    1.900000   1.79749694  1.8403703392833197e-02
    1.900000   1.86226837  2.1799720057940810e-02
    1.900000   1.92703964  2.6448006874953758e-02
    1.900000   1.99181073  3.2668664608986729e-02
    1.900000   2.05658157  4.0900795291975225e-02
    1.900000   2.12135212  5.1736420345741690e-02
    1.900000   2.18612229  6.5962147576799621e-02
    1.900000   2.25089198  8.4608515055683162e-02
    1.900000   2.31566107  1.0900773444507990e-01
    1.900000   2.38042940  1.4086608472554479e-01
    1.900000   2.44519674  1.8237617576403972e-01
    1.900000   2.50996278  2.3644406080327504e-01
    1.900000   2.57472706  3.0721090533167844e-01
    1.900000   2.63948889  4.0120898035385616e-01
    1.900000   2.70424717  5.2956421812138332e-01
    1.900000   2.76900006  7.1107393333949764e-01
    1.900000   2.83374417  9.7349931280499125e-01
    1.900000   2.89847256  1.3451871990095066e+00
    1.900000   2.96316844  1.8259612343633052e+00
    1.900000   3.02777863  2.3416342693067937e+00
    1.900000   3.09200950  2.7298509924320791e+00
    1.950000   0.04958315  2.1055936709616869e+00
    1.950000   0.11381403  1.8480187039811862e+00
    1.950000   0.17842421  1.4921741901175103e+00
    1.950000   0.24312010  1.1411402702614717e+00
    1.950000   0.30784849  8.5119783477010391e-01
    1.950000   0.37259260  6.3277284555954638e-01
    1.950000   0.43734549  4.7375044329930899e-01
    1.950000   0.50210377  3.5787907463392810e-01
    1.950000   0.56686560  2.7218938092920991e-01
    1.950000   0.63162987  2.0788077092432439e-01
    1.950000   0.69639591  1.5917307326338886e-01
    1.950000   0.76116325  1.2213814388787397e-01
    1.950000   0.82593158  9.3959183715665653e-02
    1.950000   0.89070068  7.2531089677317542e-02
    1.950000   0.95547037  5.6248911452764914e-02
    1.950000   1.02024053  4.3884556170797943e-02
    1.950000   1.08501108  3.4503188405308041e-02
    1.950000   1.14978193  2.7399584453576070e-02
    1.950000   1.21455301  2.2047309407594359e-02
    1.950000   1.27932429  1.8058072864441582e-02
    1.950000   1.34409571  1.5149853541675494e-02
    1.950000   1.40886724  1.3122606523774437e-02
    1.950000   1.47363885  1.1840417679492251e-02
    1.950000   1.53841049  1.1219082163967546e-02
    1.950000   1.60318216  1.1218279906807307e-02
    1.950000   1.66795381  1.1837770328211232e-02
    1.950000   1.73272541  1.3117301367506690e-02
    1.950000   1.79749694  1.5140204906055237e-02
    1.950000   1.86226837  1.8040918319468031e-02
    1.950000   1.92703964  2.2016913322459589e-02
    1.950000   1.99181073  2.7345697750819947e-02
    1.950000   2.05658157  3.4407630151075737e-02
    1.950000   2.12135212  4.3715177181812996e-02
    1.950000   2.18612229  5.5948894611405876e-02
    1.950000   2.25089198  7.1999927341309597e-02
    1.950000   2.31566107  9.3018835032603137e-02
    1.950000   2.38042940  1.2047302460160096e-01
    1.950000   2.44519674  1.5622466030248144e-01
    1.950000   2.50996278  2.0266605807750707e-01
    1.950000   2.57472706  2.6299899797514054e-01
    1.950000   2.63948889  3.4180562475554022e-01
    1.950000   2.70424717  4.4603124469048083e-01
    1.950000   2.76900006  5.8607232647413732e-01
    1.950000   2.83374417  7.7530289403257957e-01
    1.950000   2.89847256  1.0241006020182832e+00
    1.950000   2.96316844  1.3242234237391481e+00
    1.950000   3.02777863  1.6283985423211869e+00
    1.950000   3.09200950  1.8487778836326332e+00
    2.000000   0.04958315  1.4814225301277899e+00
    2.000000   0.11381403  1.3266334055384204e+00
    2.000000   0.17842421  1.1056593492526110e+00
    2.000000   0.24312010  8.7705756464344942e-01
    2.000000   0.30784849  6.7717944182835155e-01
    2.000000   0.37259260  5.1745460953261979e-01
    2.000000   0.43734549  3.9483391633602738e-01
    2.000000   0.50210377  3.0172363195131768e-01
    2.000000   0.56686560  2.3091160816213396e-01
    2.000000   0.63162987  1.7685858552214015e-01
    2.000000   0.69639591  1.3552767130300081e-01
    2.000000   0.76116325  1.0394249039743071e-01
    2.000000   0.82593158  7.9848046534549841e-02
    2.000000   0.89070068  6.1503790352287431e-02
    2.000000   0.95547037  4.7559378320040341e-02
    2.000000   1.02024053  3.6971883206811315e-02
    2.000000   1.08501108  2.8943203076462604e-02
    2.000000   1.14978193  2.2869202047511562e-02
    2.000000   1.21455301  1.8297761651162443e-02
    2.000000   1.27932429  1.4894714663816026e-02
    2.000000   1.34409571  1.2416920920462041e-02
    2.000000   1.40886724  1.0691656323711564e-02
    2.000000   1.47363885  9.6014274567332407e-03
    2.000000   1.53841049  9.0733801000930838e-03
    2.000000   1.60318216  9.0726191129843429e-03
    2.000000   1.66795381  9.5989600772701539e-03
    2.000000   1.73272541  1.0686859653344889e-02
    2.000000   1.79749694  1.2408503484977162e-02
    2.000000   1.86226837  1.4880255443362803e-02
    2.000000   1.92703964  1.8272875337581349e-02
    2.000000   1.99181073  2.2826067628607529e-02
    2.000000   2.05658157  2.8867984714389699e-02
    2.000000   2.12135212  3.6840206028618511e-02
    2.000000   2.18612229  4.7328376693672382e-02
    2.000000   2.25089198  6.1098121233374436e-02
    2.000000   2.31566107  7.9135338753268378e-02
    2.000000   2.38042940  1.0269054052953805e-01
    2.000000   2.44519674  1.3333084814820031e-01
    2.000000   2.50996278  1.7301443052124946e-01
    2.000000   2.57472706  2.2422264955138713e-01
    2.000000   2.63948889  2.9020186096099293e-01
    2.000000   2.70424717  3.7531649324714117e-01
    2.000000   2.76900006  4.8523768083016527e-01
    2.000000   2.83374417  6.2598413073405457e-01
    2.000000   2.89847256  7.9991845785161464e-01
    2.000000   2.96316844  9.9736739053141332e-01
    2.000000   3.02777863  1.1875492639271632e+00
    2.000000   3.09200950  1.3205945566790367e+00
    2.050000   0.04958315  1.0849628619499789e+00
    2.050000   0.11381403  9.8688907505193058e-01
    2.050000   0.17842421  8.4275709069369320e-01
    2.050000   0.24312010  6.8733875035270220e-01
    2.050000   0.30784849  5.4469934669960762e-01
    2.050000   0.37259260  4.2501412060606769e-01
    2.050000   0.43734549  3.2911456844876563e-01
    2.050000   0.50210377  2.5385713173979063e-01
    2.050000   0.56686560  1.9531479229086601e-01
    2.050000   0.63162987  1.4998874327411507e-01
    2.050000   0.69639591  1.1503762057094249e-01
    2.050000   0.76116325  8.8198129921357019e-02
    2.050000   0.82593158  6.7667944693335841e-02
    2.050000   0.89070068  5.2014531466540823e-02
    2.050000   0.95547037  4.0107971901002924e-02
    2.050000   1.02024053  3.1067261967087201e-02
    2.050000   1.08501108  2.4214267514951867e-02
    2.050000   1.14978193  1.9033623573123631e-02
    2.050000   1.21455301  1.5138494471721345e-02
    2.050000   1.27932429  1.2242277920110419e-02
    2.050000   1.34409571  1.0136026639664016e-02
    2.050000   1.40886724  8.6710630886687023e-03
    2.050000   1.47363885  7.7461204744411908e-03
    2.050000   1.53841049  7.2983495371255723e-03
    2.050000   1.60318216  7.2976368461386736e-03
    2.050000   1.66795381  7.7438413427456578e-03
    2.050000   1.73272541  8.6667412069722245e-03
    2.050000   1.79749694  1.0128675063794515e-02
    2.050000   1.86226837  1.2230048353960552e-02
    2.050000   1.92703964  1.5118043955262483e-02
    2.050000   1.99181073  1.8999002451385430e-02
    2.050000   2.05658157  2.4154980199235662e-02
    2.050000   2.12135212  3.0964887554673796e-02
    2.050000   2.18612229  3.9930274230870137e-02
    2.050000   2.25089198  5.1705208096223178e-02
    2.050000   2.31566107  6.7128870709060887e-02
    2.050000   2.38042940  8.7258910781178214e-02
    2.050000   2.44519674  1.1340432479249966e-01
    2.050000   2.50996278  1.4716018711246454e-01
    2.050000   2.57472706  1.9045262330093882e-01
    2.050000   2.63948889  2.4560095882361491e-01
    2.050000   2.70424717  3.1535836159784375e-01
    2.050000   2.76900006  4.0272578350517774e-01
    2.050000   2.83374417  5.0998606316515949e-01
    2.050000   2.89847256  6.3609242647816511e-01
    2.050000   2.96316844  7.7217068621387241e-01
    2.050000   3.02777863  8.9761585951553879e-01
    2.050000   3.09200950  9.8270828019934509e-01
    2.100000   0.04958315  8.1922120769889162e-01
    2.100000   0.11381403  7.5405391367771379e-01
    2.100000   0.17842421  6.5586780777478271e-01
    2.100000   0.24312010  5.4622059842545312e-01
    2.100000   0.30784849  4.4147171573589244e-01
    2.100000   0.37259260  3.5003622638119852e-01
    2.100000   0.43734549  2.7422505214324477e-01
    2.100000   0.50210377  2.1314570659949025e-01
    2.100000   0.56686560  1.6474930106880178e-01
    2.100000   0.63162987  1.2682514339927597e-01
    2.100000   0.69639591  9.7360186527767470e-02
    2.100000   0.76116325  7.4628352705397749e-02
    2.100000   0.82593158  5.7191204289791291e-02
    2.100000   0.89070068  4.3874306208691725e-02
    2.100000   0.95547037  3.3736605750592522e-02
    2.100000   1.02024053  2.6037310074745714e-02
    2.100000   1.08501108  2.0202659143465557e-02
    2.100000   1.14978193  1.5794696990225770e-02
    2.100000   1.21455301  1.2483596698484860e-02
    2.100000   1.27932429  1.0024342981063352e-02
    2.100000   1.34409571  8.2379196101892323e-03
    2.100000   1.40886724  6.9967226160814909e-03
    2.100000   1.47363885  6.2137201477279304e-03
    2.100000   1.53841049  5.8348463674411889e-03
    2.100000   1.60318216  5.8341861420650419e-03
    2.100000   1.66795381  6.2116317963650854e-03
    2.100000   1.73272541  6.9928427150703970e-03
    2.100000   1.79749694  8.2314957599644717e-03
    2.100000   1.86226837  1.0013967872666058e-02
    2.100000   1.92703964  1.2466729226932307e-02
    2.100000   1.99181073  1.5766824584481493e-02
    2.100000   2.05658157  2.0155844323262010e-02
    2.100000   2.12135212  2.5957674035933923e-02
    2.100000   2.18612229  3.3599978555519709e-02
    2.100000   2.25089198  4.3638734591035490e-02
    2.100000   2.31566107  5.6784142167490739e-02
    2.100000   2.38042940  7.3925051472818387e-02
    2.100000   2.44519674  9.6148045171316324e-02
    2.100000   2.50996278  1.2474698726293788e-01
    2.100000   2.57472706  1.6121828853236717e-01
    2.100000   2.63948889  2.0722981160589335e-01
    2.100000   2.70424717  2.6451771766180499e-01
    2.100000   2.76900006  3.3457248037906973e-01
    2.100000   2.83374417  4.1781819158709926e-01
    2.100000   2.89847256  5.1192750649246088e-01
    2.100000   2.96316844  6.0941077699025570e-01
    2.100000   3.02777863  6.9607278729850319e-01
    2.100000   3.09200950  7.5334619026465210e-01
    2.150000   0.04958315  6.3255550420819506e-01
    2.150000   0.11381403  5.8744859401014338e-01
    2.150000   0.17842421  5.1806348716891526e-01
    2.150000   0.24312010  4.3831678650186701e-01
    2.150000   0.30784849  3.5961864525056236e-01
    2.150000   0.37259260  2.8871711413890971e-01
    2.150000   0.43734549  2.2830842331627671e-01
    2.150000   0.50210377  1.7859687281723144e-01
    2.150000   0.56686560  1.3860425757063691e-01
    2.150000   0.63162987  1.0693968537603597e-01
    2.150000   0.69639591  8.2169636258833820e-02
    2.150000   0.76116325  6.2974802931953233e-02
    2.150000   0.82593158  4.8208738830289567e-02
    2.150000   0.89070068  3.6911851663802363e-02
    2.150000   0.95547037  2.8303567117855678e-02
    2.150000   1.02024053  2.1763520760715839e-02
    2.150000   1.08501108  1.6808112162667723e-02
    2.150000   1.14978193  1.3066473841708471e-02
    2.150000   1.21455301  1.0258299285978377e-02
    2.150000   1.27932429  8.1747635832894461e-03
    2.150000   1.34409571  6.6629391326350875e-03
    2.150000   1.40886724  5.6136160813610725e-03
    2.150000   1.47363885  4.9522021565901325e-03
    2.150000   1.53841049  4.6323135333123898e-03
    2.150000   1.60318216  4.6317076259314747e-03
    2.150000   1.66795381  4.9503023943082008e-03
    2.150000   1.73272541  5.6101457339907254e-03
    2.150000   1.79749694  6.6573259206314786e-03
    2.150000   1.86226837  8.1659387069350931e-03
    2.150000   1.92703964  1.0244336492329330e-02
    2.150000   1.99181073  1.3043960421342217e-02
    2.150000   2.05658157  1.6771062914540964e-02
    2.150000   2.12135212  2.1701509574330539e-02
    2.150000   2.18612229  2.8198523214799744e-02
    2.150000   2.25089198  3.6732597154527584e-02
    2.150000   2.31566107  4.7901767586919310e-02
    2.150000   2.38042940  6.2448970003865172e-02
    2.150000   2.44519674  8.1271399264660565e-02
    2.150000   2.50996278  1.0541470091597782e-01
    2.150000   2.57472706  1.3604166373656418e-01
    2.150000   2.63948889  1.7435716979506344e-01
    2.150000   2.70424717  2.2144920173997396e-01
    2.150000   2.76900006  2.7795812423294231e-01
    2.150000   2.83374417  3.4342674818025076e-01
    2.150000   2.89847256  4.1521599227012879e-01
    2.150000   2.96316844  4.8722184654796569e-01
    2.150000   3.02777863  5.4939801851502479e-01
    2.150000   3.09200950  5.8962651816966660e-01
    2.200000   0.04958315  4.9628248058606816e-01
    2.200000   0.11381403  4.6399408326597802e-01
    2.200000   0.17842421  4.1348242855536216e-01
    2.200000   0.24312010  3.5406477529106350e-01
    2.200000   0.30784849  2.9388663566868650e-01
    2.200000   0.37259260  2.3828883699742032e-01
    2.200000   0.43734549  1.8987586223727773e-01
    2.200000   0.50210377  1.4934355596719467e-01
    2.200000   0.56686560  1.1631762523399947e-01
    2.200000   0.63162987  8.9932313371222150e-02
    2.200000   0.69639591  6.9163149118990602e-02
    2.200000   0.76116325  5.3000155435921674e-02
    2.200000   0.82593158  4.0530819269664176e-02
    2.200000   0.89070068  3.0973412228078444e-02
    2.200000   0.95547037  2.3682779848796080e-02
    2.200000   1.02024053  1.8141289179879755e-02
    2.200000   1.08501108  1.3942740575401302e-02
    2.200000   1.14978193  1.0774095366429853e-02
    2.200000   1.21455301  8.3978569520389550e-03
    2.200000   1.27932429  6.6365588435509711e-03
    2.200000   1.34409571  5.3599224869847759e-03
    2.200000   1.40886724  4.4747329468918630e-03
    2.200000   1.47363885  3.9172290964544958e-03
    2.200000   1.53841049  3.6477219480981083e-03
    2.200000   1.60318216  3.6471704012985802e-03
    2.200000   1.66795381  3.9155120511634584e-03
    2.200000   1.73272541  4.4716400764244118e-03
    2.200000   1.79749694  5.3550194515938438e-03
    2.200000   1.86226837  6.6290359249218372e-03
    2.200000   1.92703964  8.3862579051626369e-03
    2.200000   1.99181073  1.0755846568582779e-02
    2.200000   2.05658157  1.3913341898029315e-02
    2.200000   2.12135212  1.8092930473678798e-02
    2.200000   2.18612229  2.3601987116154841e-02
    2.200000   2.25089198  3.0837073700271850e-02
    2.200000   2.31566107  4.0299559450274886e-02
    2.200000   2.38042940  5.2607502338598094e-02
    2.200000   2.44519674  6.8498354117299126e-02
    2.200000   2.50996278  8.8814357085100257e-02
    2.200000   2.57472706  1.1445873136557880e-01
    2.200000   2.63948889  1.4630419995483329e-01
    2.200000   2.70424717  1.8502254081166400e-01
    2.200000   2.76900006  2.3078301897804082e-01
    2.200000   2.83374417  2.8275505368598369e-01
    2.200000   2.89847256  3.3840961681992832e-01
    2.200000   2.96316844  3.9284876601992935e-01
    2.200000   3.02777863  4.3879325620885107e-01
    2.200000   3.09200950  4.6802351530114289e-01
    2.250000   0.04958315  3.9374603548613191e-01
    2.250000   0.11381403  3.7000823868748850e-01
    2.250000   0.17842421  3.3236806560903026e-01
    2.250000   0.24312010  2.8726404603859834e-01
    2.250000   0.30784849  2.4062929708989672e-01
    2.250000   0.37259260  1.9666993445360739e-01
    2.250000   0.43734549  1.5771230159211833e-01
    2.250000   0.50210377  1.2462960759026601e-01
    2.250000   0.56686560  9.7380215902718989e-02
    2.250000   0.63162987  7.5436108684137415e-02
    2.250000   0.69639591  5.8063711784996169e-02
    2.250000   0.76116325  4.4489100836874601e-02
    2.250000   0.82593158  3.3986909724038540e-02
    2.250000   0.89070068  2.5921983212513214e-02
    2.250000   0.95547037  1.9762777740052778e-02
    2.250000   1.02024053  1.5078783075495532e-02
    2.250000   1.08501108  1.1529888046360797e-02
    2.250000   1.14978193  8.8526590823922568e-03
    2.250000   1.21455301  6.8464465827961143e-03
    2.250000   1.27932429  5.3608471061482284e-03
    2.250000   1.34409571  4.2851717115670301e-03
    2.250000   1.40886724  3.5400646838102201e-03
    2.250000   1.47363885  3.0711630961324527e-03
    2.250000   1.53841049  2.8445927881682962e-03
    2.250000   1.60318216  2.8440942855235407e-03
    2.250000   1.66795381  3.0696201862722879e-03
    2.250000   1.73272541  3.5373177733792087e-03
    2.250000   1.79749694  4.2808918147006604e-03
    2.250000   1.86226837  5.3544222331417517e-03
    2.250000   1.92703964  6.8367787117839859e-03
    2.250000   1.99181073  8.8378127860000242e-03
    2.250000   2.05658157  1.1506489395874502e-02
    2.250000   2.12135212  1.5040997856268799e-02
    2.250000   2.18612229  1.9700586071043157e-02
    2.250000   2.25089198  2.5818294195598675e-02
    2.250000   2.31566107  3.3812807668888625e-02
    2.250000   2.38042940  4.4196188878149759e-02
    2.250000   2.44519674  5.7572196492898568e-02
    2.250000   2.50996278  7.4617204208283550e-02
    2.250000   2.57472706  9.6032241512836361e-02
    2.250000   2.63948889  1.2244994161060269e-01
    2.250000   2.70424717  1.5427368991456666e-01
    2.250000   2.76900006  1.9142034780256176e-01
    2.250000   2.83374417  2.3294644510639262e-01
    2.250000   2.89847256  2.7659695350766417e-01
    2.250000   2.96316844  3.1846837763125119e-01
    2.250000   3.02777863  3.5318213119834202e-01
    2.250000   3.09200950  3.7497851515901570e-01
    2.300000   0.04958315  3.1481496467860243e-01
    2.300000   0.11381403  2.9699916102947738e-01
    2.300000   0.17842421  2.6844388487061704e-01
    2.300000   0.24312010  2.3371837013577931e-01
    2.300000   0.30784849  1.9721753638964148e-01
    2.300000   0.37259260  1.6225011545566526e-01
    2.300000   0.43734549  1.3081271834909952e-01
    2.300000   0.50210377  1.0379699455043803e-01
    2.300000   0.56686560  8.1336040284608557e-02
    2.300000   0.63162987  6.3119205046560170e-02
    2.300000   0.69639591  4.8621038758424578e-02
    2.300000   0.76116325  3.7248229853322025e-02
    2.300000   0.82593158  2.8424916473202517e-02
    2.300000   0.89070068  2.1636251940861759e-02
    2.300000   0.95547037  1.6445532371730690e-02
    2.300000   1.02024053  1.2495757532942778e-02
    2.300000   1.08501108  9.5029755571841932e-03
    2.300000   1.14978193  7.2461169793867899e-03
    2.300000   1.21455301  5.5561193720212766e-03
    2.300000   1.27932429  4.3058483161723931e-03
    2.300000   1.34409571  3.4014988076951809e-03
    2.300000   1.40886724  2.7756833723384107e-03
    2.300000   1.47363885  2.3821671974686952e-03
    2.300000   1.53841049  2.1921103686407353e-03
    2.300000   1.60318216  2.1916626191651406e-03
    2.300000   1.66795381  2.3807879837412340e-03
    2.300000   1.73272541  2.7732517672589218e-03
    2.300000   1.79749694  3.3977660821429370e-03
    2.300000   1.86226837  4.3003529704170353e-03
    2.300000   1.92703964  5.5480356275836133e-03
    2.300000   1.99181073  7.2339933891993153e-03
    2.300000   2.05658157  9.4842897340241070e-03
    2.300000   2.12135212  1.2466163444804826e-02
    2.300000   2.18612229  1.6397598408227507e-02
    2.300000   2.25089198  2.1557369732025111e-02
    2.300000   2.31566107  2.8293894916865941e-02
    2.300000   2.38042940  3.7029888198274817e-02
    2.300000   2.44519674  4.8257944537228065e-02
    2.300000   2.50996278  6.2519758830438588e-02
    2.300000   2.57472706  8.0358806666951721e-02
    2.300000   2.63948889  1.0223323479446475e-01
    2.300000   2.70424717  1.2837334852585422e-01
    2.300000   2.76900006  1.5856993265418501e-01
    2.300000   2.83374417  1.9189595910695884e-01
    2.300000   2.89847256  2.2641449053232551e-01
    2.300000   2.96316844  2.5902294589360819e-01
    2.300000   3.02777863  2.8568407730661610e-01
    2.300000   3.09200950  3.0225352028154784e-01
    2.350000   0.04958315  2.5303045285945297e-01
    2.350000   0.11381403  2.3944755458469572e-01
    2.350000   0.17842421  2.1748944473351814e-01
    2.350000   0.24312010  1.9047028322257120e-01
    2.350000   0.30784849  1.6169056177464328e-01
    2.350000   0.37259260  1.3375469639407930e-01
    2.350000   0.43734549  1.0833795885865262e-01
    2.350000   0.50210377  8.6274484990647604e-02
    2.350000   0.56686560  6.7780484908294095e-02
    2.350000   0.63162987  5.2684690366817354e-02
    2.350000   0.69639591  4.0611220931408940e-02
    2.350000   0.76116325  3.1105218967552927e-02
    2.350000   0.82593158  2.3710085467929191e-02
    2.350000   0.89070068  1.8009381214237695e-02
    2.350000   0.95547037  1.3645229640126889e-02
    2.350000   1.02024053  1.0322377688679774e-02
    2.350000   1.08501108  7.8043911502919802e-03
    2.350000   1.14978193  5.9062361968459237e-03
    2.350000   1.21455301  4.4858279934051077e-03
    2.350000   1.27932429  3.4359692602852570e-03
    2.350000   1.34409571  2.6773586901047077e-03
    2.350000   1.40886724  2.1529110086278835e-03
    2.350000   1.47363885  1.8233991158178857e-03
    2.350000   1.53841049  1.6643281543861192e-03
    2.350000   1.60318216  1.6639282098192413e-03
    2.350000   1.66795381  1.8221720152619759e-03
    2.350000   1.73272541  2.1507652248850557e-03
    2.350000   1.79749694  2.6741064780100511e-03
    2.350000   1.86226837  3.4312633500458893e-03
    2.350000   1.92703964  4.4790489288677677e-03
    2.350000   1.99181073  5.8962985161596509e-03
    2.350000   2.05658157  7.7894145054132257e-03
    2.350000   2.12135212  1.0299133775853510e-02
    2.350000   2.18612229  1.3608221216012887e-02
    2.350000   2.25089198  1.7949329084628821e-02
    2.350000   2.31566107  2.3611491131495313e-02
    2.350000   2.38042940  3.0942548713651551e-02
    2.350000   2.44519674  4.0343177063682255e-02
    2.350000   2.50996278  5.2246137863025524e-02
    2.350000   2.57472706  6.7072171011497747e-02
    2.350000   2.63948889  8.5152172449394145e-02
    2.350000   2.70424717  1.0660544231115161e-01
    2.350000   2.76900006  1.3116924191026511e-01
    2.350000   2.83374417  1.5799266209329721e-01
    2.350000   2.89847256  1.8544740159506909e-01
    2.350000   2.96316844  2.1106933887400006e-01
    2.350000   3.02777863  2.3179034674723772e-01
    2.350000   3.09200950  2.4456509442400007e-01
    2.400000   0.04958315  2.0408300980535266e-01
    2.400000   0.11381403  1.9360419708057830e-01
    2.400000   0.17842421  1.7654725298542573e-01
    2.400000   0.24312010  1.5535855522635419e-01
    2.400000   0.30784849  1.3254416631091176e-01
    2.400000   0.37259260  1.1015684154919382e-01
    2.400000   0.43734549  8.9583055091387670e-02
    2.400000   0.50210377  7.1567588030714752e-02
    2.400000   0.56686560  5.6357237887027199e-02
    2.400000   0.63162987  4.3869261112918861e-02
    2.400000   0.69639591  3.3835577217283357e-02
    2.400000   0.76116325  2.5907591337426705e-02
    2.400000   0.82593158  1.9723707112013725e-02
    2.400000   0.89070068  1.4947730827577195e-02
    2.400000   0.95547037  1.1287055332827286e-02
    2.400000   1.02024053  8.4980887476252473e-03
    2.400000   1.08501108  6.3844477385566877e-03
    2.400000   1.14978193  4.7916390894823160e-03
    2.400000   1.21455301  3.6005392829042658e-03
    2.400000   1.27932429  2.7209775130413965e-03
    2.400000   1.34409571  2.0860723889294303e-03
    2.400000   1.40886724  1.6475797156610510e-03
    2.400000   1.47363885  1.3722961232531946e-03
    2.400000   1.53841049  1.2394659455396261e-03
    2.400000   1.60318216  1.2391104547874326e-03
    2.400000   1.66795381  1.3712089858604070e-03
    2.400000   1.73272541  1.6456917080950378e-03
    2.400000   1.79749694  2.0832419918117191e-03
    2.400000   1.86226837  2.7169439354659017e-03
    2.400000   1.92703964  3.5948390024210992e-03
    2.400000   1.99181073  4.7834626270147730e-03
    2.400000   2.05658157  6.3723974810275183e-03
    2.400000   2.12135212  8.4797736261306590e-03
    2.400000   2.18612229  1.1258420119669489e-02
    2.400000   2.25089198  1.4901963260774346e-02
    2.400000   2.31566107  1.9649495637268140e-02
    2.400000   2.38042940  2.5786433426000809e-02
    2.400000   2.44519674  3.3637806540996566e-02
    2.400000   2.50996278  4.3548573075106178e-02
    2.400000   2.57472706  5.5843937847587698e-02
    2.400000   2.63948889  7.0761840392708747e-02
    2.400000   2.70424717  8.8351299763074542e-02
    2.400000   2.76900006  1.0833703427730636e-01
    2.400000   2.83374417  1.2996718803849261e-01
    2.400000   2.89847256  1.5189096884139042e-01
    2.400000   2.96316844  1.7215112310050912e-01
    2.400000   3.02777863  1.8839357059618647e-01
    2.400000   3.09200950  1.9834371708576148e-01
    2.450000   0.04958315  1.6497413744543318e-01
    2.450000   0.11381403  1.5681823097744144e-01
    2.450000   0.17842421  1.4346812361248576e-01
    2.450000   0.24312010  1.2675498114243064e-01
    2.450000   0.30784849  1.0859840181430565e-01
    2.450000   0.37259260  9.0618805481077189e-02
    2.450000   0.43734549  7.3953635233212564e-02
    2.450000   0.50210377  5.9249539939912652e-02
    2.450000   0.56686560  4.6754546396736971e-02
    2.450000   0.63162987  3.6441137348938953e-02
    2.450000   0.69639591  2.8119031543245580e-02
    2.450000   0.76116325  2.1521239790965742e-02
    2.450000   0.82593158  1.6361735226371407e-02
    2.450000   0.89070068  1.2369579589456963e-02
    2.450000   0.95547037  9.3060272566575942e-03
    2.450000   1.02024053  6.9705561473515859e-03
    2.450000   1.08501108  5.2004226151104640e-03
    2.450000   1.14978193  3.8669301780955368e-03
    2.450000   1.21455301  2.8704356522817865e-03
    2.450000   1.27932429  2.1352642649999768e-03
    2.450000   1.34409571  1.6051385177809456e-03
    2.450000   1.40886724  1.2393793895890046e-03
    2.450000   1.47363885  1.0099466569990982e-03
    2.450000   1.53841049  8.9929339323415142e-04
    2.450000   1.60318216  8.9897880092768066e-04
    2.450000   1.66795381  1.0089872153132614e-03
    2.450000   1.73272541  1.2377227588188878e-03
    2.450000   1.79749694  1.6026781344406528e-03
    2.450000   1.86226837  2.1318046387844170e-03
    2.450000   1.92703964  2.8656307908756827e-03
    2.450000   1.99181073  3.8601781371628212e-03
    2.450000   2.05658157  5.1906877391181289e-03
    2.450000   2.12135212  6.9560728363252796e-03
    2.450000   2.18612229  9.2838126112999922e-03
    2.450000   2.25089198  1.2334645322818007e-02
    2.450000   2.31566107  1.6305843607250885e-02
    2.450000   2.38042940  2.1431005774730658e-02
    2.450000   2.44519674  2.7973166930208168e-02
    2.450000   2.50996278  3.6206735137262074e-02
    2.450000   2.57472706  4.6382641372909171e-02
    2.450000   2.63948889  5.8670922105955085e-02
    2.450000   2.70424717  7.3077138198199429e-02
    2.450000   2.76900006  8.9335807506637444e-02
    2.450000   2.83374417  1.0679807612344334e-01
    2.450000   2.89847256  1.2435300624883261e-01
    2.450000   2.96316844  1.4044525461322724e-01
    2.450000   3.02777863  1.5325525707103310e-01
    2.450000   3.09200950  1.6106260295673255e-01
    2.500000   0.04958315  1.3353979540939906e-01
    2.500000   0.11381403  1.2714980543480647e-01
    2.500000   0.17842421  1.1664215780422597e-01
    2.500000   0.24312010  1.0340268070883729e-01
    2.500000   0.30784849  8.8911979515272091e-02
    2.500000   0.37259260  7.4451085333909289e-02
    2.500000   0.43734549  6.0947703840429232e-02
    2.500000   0.50210377  4.8953186220061791e-02
    2.500000   0.56686560  3.8701180237480697e-02
    2.500000   0.63162987  3.0197577464533720e-02
    2.500000   0.69639591  2.3308234553212126e-02
    2.500000   0.76116325  1.7828839382135041e-02
    2.500000   0.82593158  1.3533391801592347e-02
    2.500000   0.89070068  1.0203887852999975e-02
    2.500000   0.95547037  7.6458961408648650e-03
    2.500000   1.02024053  5.6946877301051095e-03
    2.500000   1.08501108  4.2156841516014570e-03
    2.500000   1.14978193  3.1019113299630666e-03
    2.500000   1.21455301  2.2702037651723167e-03
    2.500000   1.27932429  1.6571926096141231e-03
    2.500000   1.34409571  1.2156282274585616e-03
    2.500000   1.40886724  9.1128708650443056e-04
    2.500000   1.47363885  7.2054239311346161e-04
    2.500000   1.53841049  6.2859331586177997e-04
    2.500000   1.60318216  6.2831601300604868e-04
    2.500000   1.66795381  7.1969860027681183e-04
    2.500000   1.73272541  9.0983721919798554e-04
    2.500000   1.79749694  1.2134920952674073e-03
    2.500000   1.86226837  1.6542239055795252e-03
    2.500000   1.92703964  2.2661448408923552e-03
    2.500000   1.99181073  3.0963158683113890e-03
    2.500000   2.05658157  4.2077871437154850e-03
    2.500000   2.12135212  5.6831896016457948e-03
    2.500000   2.18612229  7.6286094506977896e-03
    2.500000   2.25089198  1.0177169972063726e-02
    2.500000   2.31566107  1.3491257553988844e-02
    2.500000   2.38042940  1.7761623395124753e-02
    2.500000   2.44519674  2.3200678928438325e-02
    2.500000   2.50996278  3.0026307228471119e-02
    2.500000   2.57472706  3.8431780597933243e-02
    2.500000   2.63948889  4.8537611890746603e-02
    2.500000   2.70424717  6.0323569312736469e-02
    2.500000   2.76900006  7.3545302839803664e-02
    2.500000   2.83374417  8.7651547459394213e-02
    2.500000   2.89847256  1.0173399322037488e-01
    2.500000   2.96316844  1.1455601721783965e-01
    2.500000   3.02777863  1.2470323872454571e-01
    2.500000   3.09200950  1.3086181545803935e-01
    2.550000   0.04958315  1.0817000646163559e-01
    2.550000   0.11381403  1.0313884371078086e-01
    2.550000   0.17842421  9.4833911597009629e-02
    2.550000   0.24312010  8.4313129055782268e-02
    2.550000   0.30784849  7.2724771947504957e-02
    2.550000   0.37259260  6.1082902562654723e-02
    2.550000   0.43734549  5.0141105202454184e-02
    2.550000   0.50210377  4.0363657060824593e-02
    2.550000   0.56686560  3.1962344279545113e-02
    2.550000   0.63162987  2.4962219523926923e-02
    2.550000   0.69639591  1.9269579233106397e-02
    2.550000   0.76116325  1.4728236123372740e-02
    2.550000   0.82593158  1.1159804926050737e-02
    2.550000   0.89070068  8.3891253611346420e-03
    2.550000   0.95547037  6.2581273496858285e-03
    2.550000   1.02024053  4.6317425922981874e-03
    2.550000   1.08501108  3.3989059315686237e-03
    2.550000   1.14978193  2.4708826353189344e-03
    2.550000   1.21455301  1.7784061275097937e-03
    2.550000   1.27932429  1.2685257300852216e-03
    2.550000   1.34409571  9.0165727755851159e-04
    2.550000   1.40886724  6.4907125536334200e-04
    2.550000   1.47363885  4.9090357448311256e-04
    2.550000   1.53841049  4.1469745609556253e-04
    2.550000   1.60318216  4.1445389080332229e-04
    2.550000   1.66795381  4.9016384790834006e-04
    2.550000   1.73272541  6.4780540135156569e-04
    2.550000   1.79749694  8.9980495978156112e-04
    2.550000   1.86226837  1.2659775928901779e-03
    2.550000   1.92703964  1.7749707469340700e-03
    2.550000   1.99181073  2.4662300666025800e-03
    2.550000   2.05658157  3.3924729666874533e-03
    2.550000   2.12135212  4.6225759467280556e-03
    2.550000   2.18612229  6.2446281870315711e-03
    2.550000   2.25089198  8.3686416480983003e-03
    2.550000   2.31566107  1.1127999216007796e-02
    2.550000   2.38042940  1.4678143120671800e-02
    2.550000   2.44519674  1.9190278258710235e-02
    2.550000   2.50996278  2.4837117260014974e-02
    2.550000   2.57472706  3.1767247788623415e-02
    2.550000   2.63948889  4.0065174810881829e-02
    2.550000   2.70424717  4.9696450519789617e-02
    2.550000   2.76900006  6.0442726856300651e-02
    2.550000   2.83374417  7.1840760055263492e-02
    2.550000   2.89847256  8.3151011115744758e-02
    2.550000   2.96316844  9.3389771208997913e-02
    2.550000   3.02777863  1.0145283888286531e-01
    2.550000   3.09200950  1.0632942347468921e-01
    2.600000   0.04958315  8.7637662858019091e-02
    2.600000   0.11381403  8.3661792514927086e-02
    2.600000   0.17842421  7.7077538387442482e-02
    2.600000   0.24312010  6.8698028449829696e-02
    2.600000   0.30784849  5.9417663576499240e-02
    2.600000   0.37259260  5.0040074773858884e-02
    2.600000   0.43734549  4.1175619808055480e-02
    2.600000   0.50210377  3.3211765943634598e-02
    2.600000   0.56686560  2.6335696860062405e-02
    2.600000   0.63162987  2.0582400461548866e-02
    2.600000   0.69639591  1.5887211224653804e-02
    2.600000   0.76116325  1.2130870020249483e-02
    2.600000   0.82593158  9.1727104810536246e-03
    2.600000   0.89070068  6.8721788547159331e-03
    2.600000   0.95547037  5.1009686796905165e-03
    2.600000   1.02024053  3.7485266542942211e-03
    2.600000   1.08501108  2.7233653077048088e-03
    2.600000   1.14978193  1.9520241336351536e-03
    2.600000   1.21455301  1.3769296162894516e-03
    2.600000   1.27932429  9.5392830597262413e-04
    2.600000   1.34409571  6.4992810847205374e-04
    2.600000   1.40886724  4.4086343483001683e-04
    2.600000   1.47363885  3.1007006143343876e-04
    2.600000   1.53841049  2.4708707944721514e-04
    2.600000   1.60318216  2.4687383520995891e-04
    2.600000   1.66795381  3.0942344901744255e-04
    2.600000   1.73272541  4.3976072911915826e-04
    2.600000   1.79749694  6.4832388888846123e-04
    2.600000   1.86226837  9.5174091002032143e-04
    2.600000   1.92703964  1.3740171268515951e-03
    2.600000   1.99181073  1.9481433732786374e-03
    2.600000   2.05658157  2.7181030996990944e-03
    2.600000   2.12135212  3.7411863144683191e-03
    2.600000   2.18612229  5.0903857939313445e-03
    2.600000   2.25089198  6.8564289603171066e-03
    2.600000   2.31566107  9.1486591907529013e-03
    2.600000   2.38042940  1.2093509317326676e-02
    2.600000   2.44519674  1.5828737503418552e-02
    2.600000   2.50996278  2.0491044957489220e-02
    2.600000   2.57472706  2.6194453144464523e-02
    2.600000   2.63948889  3.2997405983555897e-02
    2.600000   2.70424717  4.0858741363772835e-02
    2.600000   2.76900006  4.9587253994851199e-02
    2.600000   2.83374417  5.8796784059801308e-02
    2.600000   2.89847256  6.7887067442073540e-02
    2.600000   2.96316844  7.6075254265200717e-02
    2.600000   3.02777863  8.2496416635506831e-02
    2.600000   3.09200950  8.6368481889270682e-02
    2.650000   0.04958315  7.0989876855782855e-02
    2.650000   0.11381403  6.7839365157213297e-02
    2.650000   0.17842421  6.2607437429951396e-02
    2.650000   0.24312010  5.5922451013108575e-02
    2.650000   0.30784849  4.8483450211645338e-02
    2.650000   0.37259260  4.0927887368177374e-02
    2.650000   0.43734549  3.3749029568228617e-02
    2.650000   0.50210377  2.7268079505024235e-02
    2.650000   0.56686560  2.1647573480214403e-02
    2.650000   0.63162987  1.6926552304796665e-02
    2.650000   0.69639591  1.3061100644419477e-02
    2.650000   0.76116325  9.9602704076027643e-03
    2.650000   0.82593158  7.5132364168201222e-03
    2.650000   0.89070068  5.6073468024989553e-03
    2.650000   0.95547037  4.1386050633016071e-03
    2.650000   1.02024053  3.0166720923717788e-03
    2.650000   1.08501108  2.1663214526020306e-03
    2.650000   1.14978193  1.5268522891181658e-03
    2.650000   1.21455301  1.0505041894688502e-03
    2.650000   1.27932429  7.0053402276684489e-04
    2.650000   1.34409571  4.4933460950343667e-04
    2.650000   1.40886724  2.7679001950461994e-04
    2.650000   1.47363885  1.6895067162121989e-04
    2.650000   1.53841049  1.1705096717813184e-04
    2.650000   1.60318216  1.1686481530298644e-04
    2.650000   1.66795381  1.6838695605455982e-04
    2.650000   1.73272541  2.7583145906028282e-04
    2.650000   1.79749694  4.4794696822804663e-04
    2.650000   1.86226837  6.9865634306330007e-04
    2.650000   1.92703964  1.0480314609390036e-03
    2.650000   1.99181073  1.5236058352823100e-03
    2.650000   2.05658157  2.1619993023200431e-03
    2.650000   2.12135212  3.0107671468516000e-03
    2.650000   2.18612229  4.1302726700525785e-03
    2.650000   2.25089198  5.5951956123216559e-03
    2.650000   2.31566107  7.4950087083262241e-03
    2.650000   2.38042940  9.9323749173651499e-03
    2.650000   2.44519674  1.3017972012260098e-02
    2.650000   2.50996278  1.6859853458879547e-02
    2.650000   2.57472706  2.1545353795258754e-02
    2.650000   2.63948889  2.7114171336466021e-02
    2.650000   2.70424717  3.3523195449686599e-02
    2.650000   2.76900006  4.0607427035140697e-02
    2.650000   2.83374417  4.8046930240608812e-02
    2.650000   2.89847256  5.5355649963986633e-02
    2.650000   2.96316844  6.1910383414277348e-02
    2.650000   3.02777863  6.7031878955131588e-02
    2.650000   3.09200950  7.0112361679300961e-02
    2.700000   0.04958315  5.7476265921570922e-02
    2.700000   0.11381403  5.4974761465122896e-02
    2.700000   0.17842421  5.0810587554040790e-02
    2.700000   0.24312010  4.5471396612239194e-02
    2.700000   0.30784849  3.9505028417765466e-02
    2.700000   0.37259260  3.3417486306393400e-02
    2.700000   0.43734549  2.7606719658834253e-02
    2.700000   0.50210377  2.2337615263150284e-02
    2.700000   0.56686560  1.7749475248217517e-02
    2.700000   0.63162987  1.3881738261766098e-02
    2.700000   0.69639591  1.0705218143044168e-02
    2.700000   0.76116325  8.1506472147377211e-03
    2.700000   0.82593158  6.1307800913232508e-03
    2.700000   0.89070068  4.5554237452964377e-03
    2.700000   0.95547037  3.3403981006157051e-03
    2.700000   1.02024053  2.4119960302577937e-03
    2.700000   1.08501108  1.7084669460222994e-03
    2.700000   1.14978193  1.1797445628116219e-03
    2.700000   1.21455301  7.8628479676583663e-04
    2.700000   1.27932429  4.9757207848401958e-04
    2.700000   1.34409571  2.9062245585388197e-04
    2.700000   1.40886724  1.4865699218810538e-04
    2.700000   1.47363885  6.0023738706883563e-05
    2.700000   1.53841049  1.7393753744929814e-05
    2.700000   1.60318216  1.7231685657553041e-05
    2.700000   1.66795381  5.9533493549631334e-05
    2.700000   1.73272541  1.4782537755008403e-04
    2.700000   1.79749694  2.8942360874167049e-04
    2.700000   1.86226837  4.9596048567759953e-04
    2.700000   1.92703964  7.8418288419581663e-04
    2.700000   1.99181073  1.1770214543166337e-03
    2.700000   2.05658157  1.7049028356051019e-03
    2.700000   2.12135212  2.4072234572939436e-03
    2.700000   2.18612229  3.3338070989428086e-03
    2.700000   2.25089198  4.5460125988324527e-03
    2.700000   2.31566107  6.1169285475658241e-03
    2.700000   2.38042940  8.1297878649003539e-03
    2.700000   2.44519674  1.0673391214720721e-02
    2.700000   2.50996278  1.3833046901890297e-02
    2.700000   2.57472706  1.7675527425608326e-02
    2.700000   2.63948889  2.2227154935245935e-02
    2.700000   2.70424717  2.7445799969058101e-02
    2.700000   2.76900006  3.3190653674308165e-02
    2.700000   2.83374417  3.9197927797367929e-02
    2.700000   2.89847256  4.5074802246418515e-02
    2.700000   2.96316844  5.0325057686293008e-02
    2.700000   3.02777863  5.4414195550206684e-02
    2.700000   3.09200950  5.6868274183478042e-02
    2.750000   0.04958315  4.6499782699245477e-02
    2.750000   0.11381403  4.4510720312444629e-02
    2.750000   0.17842421  4.1192584666384202e-02
    2.750000   0.24312010  3.6925118254831066e-02
    2.750000   0.30784849  3.2138581488571655e-02
    2.750000   0.37259260  2.7234852967259394e-02
    2.750000   0.43734549  2.2534524259862441e-02
    2.750000   0.50210377  1.8255126437564072e-02
    2.750000   0.56686560  1.4514853468035934e-02
    2.750000   0.63162987  1.1351365878994471e-02
    2.750000   0.69639591  8.7458407286886992e-03
    2.750000   0.76116325  6.6455914625619412e-03
    2.750000   0.82593158  4.9819832380741547e-03
    2.750000   0.89070068  3.6828734172679564e-03
    2.750000   0.95547037  2.6802064987224419e-03
    2.750000   1.02024053  1.9139329156413591e-03
    2.750000   1.08501108  1.3334465023996972e-03
    2.750000   1.14978193  8.9752533173917664e-04
    2.750000   1.21455301  5.7348964369411943e-04
    2.750000   1.27932429  3.3604587168269010e-04
    2.750000   1.34409571  1.6609828623032291e-04
    2.750000   1.40886724  4.9680990627300214e-05
    2.750000   1.47363885 -2.2917664117595374e-05
    2.750000   1.53841049 -5.7811903086854138e-05
    2.750000   1.60318216 -5.7952658896757017e-05
    2.750000   1.66795381 -2.3343054969964144e-05
    2.750000   1.73272541  4.8960841681603590e-05
    2.750000   1.79749694  1.6506377587298529e-04
    2.750000   1.86226837  3.3466298200508885e-04
    2.750000   1.92703964  5.7170113901696404e-04
    2.750000   1.99181073  8.9523564540389263e-04
    2.750000   2.05658157  1.3304963314355830e-03
    2.750000   2.12135212  1.9100573065062129e-03
    2.750000   2.18612229  2.6749671940762766e-03
    2.750000   2.25089198  3.6755526784638197e-03
    2.750000   2.31566107  4.9714232668484452e-03
    2.750000   2.38042940  6.6299634322796175e-03
    2.750000   2.44519674  8.7223352552206045e-03
    2.750000   2.50996278  1.1315820461288947e-02
    2.750000   2.57472706  1.4461381590347971e-02
    2.750000   2.63948889  1.8175892879206648e-02
    2.750000   2.70424717  2.2419909290643636e-02
    2.750000   2.76900006  2.7074315876726578e-02
    2.750000   2.83374417  3.1922477556864733e-02
    2.750000   2.89847256  3.6647436554720185e-02
    2.750000   2.96316844  4.0854039242035005e-02
    2.750000   3.02777863  4.4121046290308191e-02
    2.750000   3.09200950  4.6077888733040737e-02
    2.800000   0.04958315  3.7581799348530724e-02
    2.800000   0.11381403  3.5998630394234413e-02
    2.800000   0.17842421  3.3352658609299791e-02
    2.800000   0.24312010  2.9940395189660490e-02
    2.800000   0.30784849  2.6100323840717962e-02
    2.800000   0.37259260  2.2151744442764788e-02
    2.800000   0.43734549  1.8352607543441833e-02
    2.800000   0.50210377  1.4880932851225184e-02
    2.800000   0.56686560  1.1836201993653664e-02
    2.800000   0.63162987  9.2530963493041608e-03
    2.800000   0.69639591  7.1200005665453710e-03
    2.800000   0.76116325  5.3968908838601644e-03
    2.800000   0.82593158  4.0298049449678979e-03
    2.800000   0.89070068  2.9610875605592351e-03
    2.800000   0.95547037  2.1357823792077096e-03
    2.800000   1.02024053  1.5050345495581875e-03
    2.800000   1.08501108  1.0274363826638208e-03
    2.800000   1.14978193  6.6910659404056840e-04
    2.800000   1.21455301  4.0308830944100490e-04
    2.800000   1.27932429  2.0845750848270467e-04
    2.800000   1.34409571  6.9381515073984961e-05
    2.800000   1.40886724 -2.5739356198627697e-05
    2.800000   1.47363885 -8.4981796606508207e-05
    2.800000   1.53841049 -1.1343522587964822e-04
    2.800000   1.60318216 -1.1355719835215698e-04
    2.800000   1.66795381 -8.5350146439564482e-05
    2.800000   1.73272541 -2.6361902143264552e-05
    2.800000   1.79749694  6.8489845087873921e-05
    2.800000   1.86226837  2.0727123552930204e-04
    2.800000   1.92703964  4.0156523180434866e-04
    2.800000   1.99181073  6.6717713954038589e-04
    2.800000   2.05658157  1.0249856385858209e-03
    2.800000   2.12135212  1.5018725391472813e-03
    2.800000   2.18612229  2.1315960462712832e-03
    2.800000   2.25089198  2.9553655023261895e-03
    2.800000   2.31566107  4.0217239759284219e-03
    2.800000   2.38042940  5.3851538734744500e-03
    2.800000   2.44519674  7.1026211943409651e-03
    2.800000   2.50996278  9.2271438893982410e-03
    2.800000   2.57472706  1.1797554105796339e-02
    2.800000   2.63948889  1.4824139041812243e-02
    2.800000   2.70424717  1.8271030150040366e-02
    2.800000   2.76900006  2.2038183064928905e-02
    2.800000   2.83374417  2.5948280712614999e-02
    2.800000   2.89847256  2.9745937729679626e-02
    2.800000   2.96316844  3.3116479800799209e-02
    2.800000   3.02777863  3.5727538938814279e-02
    2.800000   3.09200950  3.7288764615962595e-02
    2.850000   0.04958315  3.0336538518263258e-02
    2.850000   0.11381403  2.9075649195054197e-02
    2.850000   0.17842421  2.6964794335389109e-02
    2.850000   0.24312010  2.4235992475634578e-02
    2.850000   0.30784849  2.1155872362422092e-02
    2.850000   0.37259260  1.7978177899537203e-02
    2.850000   0.43734549  1.4910222756237570e-02
    2.850000   0.50210377  1.2097255755592621e-02
    2.850000   0.56686560  9.6224551655653134e-03
    2.850000   0.63162987  7.5169563172139088e-03
    2.850000   0.69639591  5.7740812213393188e-03
    2.850000   0.76116325  4.3634612871499860e-03
    2.850000   0.82593158  3.2426901100530195e-03
    2.850000   0.89070068  2.3657258788702959e-03
    2.850000   0.95547037  1.6882377974091047e-03
    2.850000   1.02024053  1.1705316198488509e-03
    2.850000   1.08501108  7.7877821442272354e-04
    2.850000   1.14978193  4.8517725802550699e-04
    2.850000   1.21455301  2.6753368794686216e-04
    2.850000   1.27932429  1.0857230274606135e-04
    2.850000   1.34409571 -4.8068483489343442e-06
    2.850000   1.40886724 -8.2217283983933024e-05
    2.850000   1.47363885 -1.3036096362554231e-04
    2.850000   1.53841049 -1.5346457785648667e-04
    2.850000   1.60318216 -1.5357005614037046e-04
    2.850000   1.66795381 -1.3067930960626988e-04
    2.850000   1.73272541 -8.2754585005163765e-05
    2.850000   1.79749694 -5.5745416527149632e-06
    2.850000   1.86226837  1.0755507028019728e-04
    2.850000   1.92703964  2.6623579627983680e-04
    2.850000   1.99181073  4.8354820381624913e-04
    2.850000   2.05658157  7.7673552564583445e-04
    2.850000   2.12135212  1.1679399415166513e-03
    2.850000   2.18612229  1.6848750162351785e-03
    2.850000   2.25089198  2.3612299973364025e-03
    2.850000   2.31566107  3.2364793368997616e-03
    2.850000   2.38042940  4.3546203395897261e-03
    2.850000   2.44519674  5.7612116318596571e-03
    2.850000   2.50996278  7.4980013074517939e-03
    2.850000   2.57472706  9.5945342994147500e-03
    2.850000   2.63948889  1.2056582026981866e-02
    2.850000   2.70424717  1.4852216806837664e-02
    2.850000   2.76900006  1.7897916237389261e-02
    2.850000   2.83374417  2.1048967297557088e-02
    2.850000   2.89847256  2.4099860864880123e-02
    2.850000   2.96316844  2.6800035380783856e-02
    2.850000   3.02777863  2.8887016437169000e-02
    2.850000   3.09200950  3.0132935429527337e-02
    2.900000   0.04958315  2.4451858369828130e-02
    2.900000   0.11381403  2.3447335225838580e-02
    2.900000   0.17842421  2.1763153053495885e-02
    2.900000   0.24312010  1.9581170389921781e-02
    2.900000   0.30784849  1.7111619018950138e-02
    2.900000   0.37259260  1.4556158370104950e-02
    2.900000   0.43734549  1.2081224777161940e-02
    2.900000   0.50210377  9.8050134847049771e-03
    2.900000   0.56686560  7.7966797700681663e-03
    2.900000   0.63162987  6.0836497398631803e-03
    2.900000   0.69639591  4.6625597038323528e-03
    2.900000   0.76116325  3.5103906119576408e-03
    2.900000   0.82593158  2.5938288665925068e-03
    2.900000   0.89070068  1.8761316691720137e-03
    2.900000   0.95547037  1.3215755491909507e-03
    2.900000   1.02024053  8.9795069669202493e-04
    2.900000   1.08501108  5.7766126979593715e-04
    2.900000   1.14978193  3.3793526538988979e-04
    2.900000   1.21455301  1.6053224720631744e-04
    2.900000   1.27932429  3.1218010751510825e-05
    2.900000   1.34409571 -6.0823411914951947e-05
    2.900000   1.40886724 -1.2354180138342955e-04
    2.900000   1.47363885 -1.6248560357405770e-04
    2.900000   1.53841049 -1.8115675355131940e-04
    2.900000   1.60318216 -1.8124779557116466e-04
    2.900000   1.66795381 -1.6276024644442917e-04
    2.900000   1.73272541 -1.2400482915263475e-04
    2.900000   1.79749694 -6.1483654853927738e-05
    2.900000   1.86226837  3.0346094976390136e-05
    2.900000   1.92703964  1.5942568450067447e-04
    2.900000   1.99181073  3.3655748848694249e-04
    2.900000   2.05658157  5.7595341311847111e-04
    2.900000   2.12135212  8.9581702189993622e-04
    2.900000   2.18612229  1.3188597190354927e-03
    2.900000   2.25089198  1.8725794451765149e-03
    2.900000   2.31566107  2.5890320097704854e-03
    2.900000   2.38042940  3.5037073047061657e-03
    2.900000   2.44519674  4.6530104525536612e-03
    2.900000   2.50996278  6.0697969877071354e-03
    2.900000   2.57472706  7.7765168338746549e-03
    2.900000   2.63948889  9.7759140750303848e-03
    2.900000   2.70424717  1.2040031945348964e-02
    2.900000   2.76900006  1.4499504069266334e-02
    2.900000   2.83374417  1.7036535003854117e-02
    2.900000   2.89847256  1.9485953272411875e-02
    2.900000   2.96316844  2.1648288259934017e-02
    2.900000   3.02777863  2.3316133999374100e-02
    2.900000   3.09200950  2.4310433977500143e-02
    2.950000   0.04958315  1.9674507611905964e-02
    2.950000   0.11381403  1.8874205958173594e-02
    2.950000   0.17842421  1.7530622437529890e-02
    2.950000   0.24312010  1.5786483719075567e-02
    2.950000   0.30784849  1.3807667883286728e-02
    2.950000   0.37259260  1.1754426135715073e-02
    2.950000   0.43734549  9.7602331377276020e-03
    2.950000   0.50210377  7.9210346517628143e-03
    2.950000   0.56686560  6.2940433992912668e-03
    2.950000   0.63162987  4.9030614847078826e-03
    2.950000   0.69639591  3.7468885466398426e-03
    2.950000   0.76116325  2.8080901544134079e-03
    2.950000   0.82593158  2.0605012039047552e-03
    2.950000   0.89070068  1.4748171780717518e-03
    2.950000   0.95547037  1.0222783168000477e-03
    2.950000   1.02024053  6.7678089858493984e-04
    2.950000   1.08501108  4.1584765758572291e-04
    2.950000   1.14978193  2.2085729352807837e-04
    2.950000   1.21455301  7.6847642856587385e-05
    2.950000   1.27932429 -2.7885894584821854e-05
    2.950000   1.34409571 -1.0225410840037508e-04
    2.950000   1.40886724 -1.5281593495395247e-04
    2.950000   1.47363885 -1.8415391375269663e-04
    2.950000   1.53841049 -1.9916239800214981e-04
    2.950000   1.60318216 -1.9924084287034415e-04
    2.950000   1.66795381 -1.8439046569700609e-04
    2.950000   1.73272541 -1.5321439406824490e-04
    2.950000   1.79749694 -1.0282135563786800e-04
    2.950000   1.86226837 -2.8632917828325433e-05
    2.950000   1.92703964  7.5903841802702721e-05
    2.950000   1.99181073  2.1969029227133241e-04
    2.950000   2.05658157  4.1441568785882096e-04
    2.950000   2.12135212  6.7501681286048266e-04
    2.950000   2.18612229  1.0200731200450627e-03
    2.950000   2.25089198  1.4719940039278699e-03
    2.950000   2.31566107  2.0567760969393348e-03
    2.950000   2.38042940  2.8030164968310760e-03
    2.950000   2.44519674  3.7397846881396025e-03
    2.950000   2.50996278  4.8929278227039883e-03
    2.950000   2.57472706  6.2794873936974256e-03
    2.950000   2.63948889  7.9002398362400424e-03
    2.950000   2.70424717  9.7310263379318911e-03
    2.950000   2.76900006  1.1714503806046309e-02
    2.950000   2.83374417  1.3755019397484318e-02
    2.950000   2.89847256  1.5719981475574622e-02
    2.950000   2.96316844  1.7450642939670843e-02
    2.950000   3.02777863  1.8783049115389586e-02
    2.950000   3.09200950  1.9576368296062980e-02
    3.000000   0.04958315  1.5798623819097111e-02
    3.000000   0.11381403  1.5161176228023446e-02
    3.000000   0.17842421  1.4089709021008177e-02
    3.000000   0.24312010  1.2696344017373927e-02
    3.000000   0.30784849  1.1112019806125526e-02
    3.000000   0.37259260  9.4640505504133970e-03
    3.000000   0.43734549  7.8593578199155929e-03
    3.000000   0.50210377  6.3756463064699245e-03
    3.000000   0.56686560  5.0600380033747261e-03
    3.000000   0.63162987  3.9329406250399410e-03
    3.000000   0.69639591  2.9945094727639745e-03
    3.000000   0.76116325  2.2315458811386743e-03
    3.000000   0.82593158  1.6235002765408689e-03
    3.000000   0.89070068  1.1470125399120150e-03
    3.000000   0.95547037  7.7895034966404960e-04
    3.000000   1.02024053  4.9818477616386629e-04
    3.000000   1.08501108  2.8643533389061343e-04
    3.000000   1.14978193  1.2850128582113127e-04
    3.000000   1.21455301  1.2133252255466224e-05
    3.000000   1.27932429 -7.2273065616294249e-05
    3.000000   1.34409571 -1.3204232414869727e-04
    3.000000   1.40886724 -1.7257305870283131e-04
    3.000000   1.47363885 -1.9764064073843609e-04
    3.000000   1.53841049 -2.0963112230801948e-04
    3.000000   1.60318216 -2.0969860509432607e-04
    3.000000   1.66795381 -1.9784407774707166e-04
    3.000000   1.73272541 -1.7291550392898588e-04
    3.000000   1.79749694 -1.3252919758585208e-04
    3.000000   1.86226837 -7.2912787939134765e-05
    3.000000   1.92703964  1.1328047495715954e-05
    3.000000   1.99181073  1.2751153088722572e-04
    3.000000   2.05658157  2.8523157929336582e-04
    3.000000   2.12135212  4.9672039175848847e-04
    3.000000   2.18612229  7.7715022419417256e-04
    3.000000   2.25089198  1.1447550707785331e-03
    3.000000   2.31566107  1.6205900970375174e-03
    3.000000   2.38042940  2.2276751608068450e-03
    3.000000   2.44519674  2.9892076306402651e-03
    3.000000   2.50996278  3.9255170952998165e-03
    3.000000   2.57472706  5.0495312930399269e-03
    3.000000   2.63948889  6.3608046481242490e-03
    3.000000   2.70424717  7.8386887056810465e-03
    3.000000   2.76900006  9.4359799567380939e-03
    3.000000   2.83374417  1.1075184780416985e-02
    3.000000   2.89847256  1.2649995218834502e-02
    3.000000   2.96316844  1.4034128992778490e-02
    3.000000   3.02777863  1.5097956531901529e-02
    3.000000   3.09200950  1.5730638591870141e-02
    3.050000   0.04958315  1.2656648517343763e-02
    3.050000   0.11381403  1.2149164852021050e-02
    3.050000   0.17842421  1.1295225245126769e-02
    3.050000   0.24312010  1.0182966417159012e-02
    3.050000   0.30784849  8.9157668701078975e-03
    3.050000   0.37259260  7.5947321155091048e-03
    3.050000   0.43734549  6.3054118342808253e-03
    3.050000   0.50210377  5.1105960149897709e-03
    3.050000   0.56686560  4.0489356685481630e-03
    3.050000   0.63162987  3.1377492619288553e-03
    3.050000   0.69639591  2.3779886552837831e-03
    3.050000   0.76116325  1.7596618696479288e-03
    3.050000   0.82593158  1.2666275577492784e-03
    3.050000   0.89070068  8.8027218464545732e-04
    3.050000   0.95547037  5.8200613436543462e-04
    3.050000   1.02024053  3.5474835083916300e-04
    3.050000   1.08501108  1.8365429478376812e-04
    3.050000   1.14978193  5.6337551012778183e-05
    3.050000   1.21455301 -3.7210301414410545e-05
    3.050000   1.27932429 -1.0485289090893143e-04
    3.050000   1.34409571 -1.5259687692126337e-04
    3.050000   1.40886724 -1.8487456657753873e-04
    3.050000   1.47363885 -2.0478818021775491e-04
    3.050000   1.53841049 -2.1429940305626096e-04
    3.050000   1.60318216 -2.1435737079798475e-04
    3.050000   1.66795381 -2.0496289620282990e-04
    3.050000   1.73272541 -1.8516851568940590e-04
    3.050000   1.79749694 -1.5301438014774451e-04
    3.050000   1.86226837 -1.0540046790227732e-04
    3.050000   1.92703964 -3.7897397058367881e-05
    3.050000   1.99181073  5.5497178029666158e-05
    3.050000   2.05658157  1.8264001964725553e-04
    3.050000   2.12135212  3.5352817209131194e-04
    3.050000   2.18612229  5.8052903400077191e-04
    3.050000   2.25089198  8.7845579025006373e-04
    3.050000   2.31566107  1.2643393010676783e-03
    3.050000   2.38042940  1.7566921341612982e-03
    3.050000   2.44519674  2.3740158630302707e-03
    3.050000   2.50996278  3.1323002766002182e-03
    3.050000   2.57472706  4.0413509286548605e-03
    3.050000   2.63948889  5.1000171040006112e-03
    3.050000   2.70424717  6.2908171446081325e-03
    3.050000   2.76900006  7.5750480406083440e-03
    3.050000   2.83374417  8.8900694284722668e-03
    3.050000   2.89847256  1.0150755677060785e-02
    3.050000   2.96316844  1.1256707391436048e-02
    3.050000   3.02777863  1.2105436058972092e-02
    3.050000   3.09200950  1.2609672995087438e-02
    3.100000   0.04958315  1.0112083341915172e-02
    3.100000   0.11381403  9.7083677333904134e-03
    3.100000   0.17842421  9.0283774363941610e-03
    3.100000   0.24312010  8.1414203833782301e-03
    3.100000   0.30784849  7.1291126708071034e-03
    3.100000   0.37259260  6.0716998941717747e-03
    3.100000   0.43734549  5.0375440922617630e-03
    3.100000   0.50210377  4.0772690457382453e-03
    3.100000   0.56686560  3.2224532199477494e-03
    3.100000   0.63162987  2.4876617226342432e-03
    3.100000   0.69639591  1.8742628084528581e-03
    3.100000   0.76116325  1.3746875382474755e-03
    3.100000   0.82593158  9.7625294896136949e-04
    3.100000   0.89070068  6.6413279136446051e-04
    3.100000   0.95547037  4.2340084034348240e-04
    3.100000   1.02024053  2.4026565877122301e-04
    3.100000   1.08501108  1.0269176803116784e-04
    3.100000   1.14978193  6.0464053816770838e-07
    3.100000   1.21455301 -7.4156097832675364e-05
    3.100000   1.27932429 -1.2801406792721696e-04
    3.100000   1.34409571 -1.6588282109852303e-04
    3.100000   1.40886724 -1.9139170583341297e-04
    3.100000   1.47363885 -2.0708269771407557e-04
    3.100000   1.53841049 -2.1456392402558860e-04
    3.100000   1.60318216 -2.1461365215705752e-04
    3.100000   1.66795381 -2.0723255838126048e-04
    3.100000   1.73272541 -1.9164374645686623e-04
    3.100000   1.79749694 -1.6624053152316642e-04
    3.100000   1.86226837 -1.2848255717176968e-04
    3.100000   1.92703964 -7.4742486443623863e-05
    3.100000   1.99181073 -1.0959054859256440e-07
    3.100000   2.05658157  1.0183535060221191e-04
    3.100000   2.12135212  2.3924540563862240e-04
    3.100000   2.18612229  4.2218273343178346e-04
    3.100000   2.25089198  6.6266210290855164e-04
    3.100000   2.31566107  9.7444133351238821e-04
    3.100000   2.38042940  1.3723944858822603e-03
    3.100000   2.44519674  1.8712714343710633e-03
    3.100000   2.50996278  2.4836513028721218e-03
    3.100000   2.57472706  3.2169751162354622e-03
    3.100000   2.63948889  4.0697383765251234e-03
    3.100000   2.70424717  5.0272648133453330e-03
    3.100000   2.76900006  6.0579418028235445e-03
    3.100000   2.83374417  7.1112498063843343e-03
    3.100000   2.89847256  8.1191178618134578e-03
    3.100000   2.96316844  9.0017818064654555e-03
    3.100000   3.02777863  9.6782294090967461e-03
    3.100000   3.09200950  1.0079739595725532e-02
    3.150000   0.04958315  8.0536737185443498e-03
    3.150000   0.11381403  7.7328331237510838e-03
    3.150000   0.17842421  7.1919631322918121e-03
    3.150000   0.24312010  6.4855705342445648e-03
    3.150000   0.30784849  5.6780727480123241e-03
    3.150000   0.37259260  4.8331104925647562e-03
    3.150000   0.43734549  4.0052342108860542e-03
    3.150000   0.50210377  3.2351645483001258e-03
    3.150000   0.56686560  2.5486027403083915e-03
    3.150000   0.63162987  1.9576988280628942e-03
    3.150000   0.69639591  1.4639851742433963e-03
    3.150000   0.76116325  1.0617203192008692e-03
    3.150000   0.82593158  7.4093312273866660e-04
    3.150000   0.89070068  4.8981715892728163e-04
    3.150000   0.95547037  2.9639770426834183e-04
    3.150000   1.02024053  1.4955356964383015e-04
    3.150000   1.08501108  3.9542656308293243e-05
    3.150000   1.14978193 -4.1813351305250882e-05
    3.150000   1.21455301 -1.0115337610300735e-04
    3.150000   1.27932429 -1.4371191462391004e-04
    3.150000   1.34409571 -1.7349765562541913e-04
    3.150000   1.40886724 -1.9347399759233778e-04
    3.150000   1.47363885 -2.0571759812758442e-04
    3.150000   1.53841049 -2.1154263926689872e-04
    3.150000   1.60318216 -2.1158524788031320e-04
    3.150000   1.66795381 -2.0584599320013487e-04
    3.150000   1.73272541 -1.9368988705635695e-04
    3.150000   1.79749694 -1.7380389622405389e-04
    3.150000   1.86226837 -1.4411256482969265e-04
    3.150000   1.92703964 -1.0165386310617400e-04
    3.150000   1.99181073 -4.2420888088637125e-05
    3.150000   2.05658157  3.8818163992656348e-05
    3.150000   2.12135212  1.4869773386726895e-04
    3.150000   2.18612229  2.9538839150352290e-04
    3.150000   2.25089198  4.8861894971525687e-04
    3.150000   2.31566107  7.3948856392299647e-04
    3.150000   2.38042940  1.0599371886906828e-03
    3.150000   2.44519674  1.4617197205670353e-03
    3.150000   2.50996278  1.9547366680055874e-03
    3.150000   2.57472706  2.5446420643009584e-03
    3.150000   2.63948889  3.2298102311756624e-03
    3.150000   2.70424717  3.9980149948825750e-03
    3.150000   2.76900006  4.8235317917144933e-03
    3.150000   2.83374417  5.6657111771577810e-03
    3.150000   2.89847256  6.4702008300508030e-03
    3.150000   2.96316844  7.1736866258542082e-03
    3.150000   3.02777863  7.7121595355295778e-03
    3.150000   3.09200950  8.0315086505387077e-03
    3.200000   0.04958315  6.3907147639017808e-03
    3.200000   0.11381403  6.1360673433168639e-03
    3.200000   0.17842421  5.7064563334825406e-03
    3.200000   0.24312010  5.1447408217014700e-03
    3.200000   0.30784849  4.5017377305992517e-03
    3.200000   0.37259260  3.8278699047747137e-03
    3.200000   0.43734549  3.1665980394652280e-03
    3.200000   0.50210377  2.5505976100415871e-03
    3.200000   0.56686560  2.0007062088235922e-03
    3.200000   0.63162987  1.5269823305328468e-03
    3.200000   0.69639591  1.1309607001495853e-03
    3.200000   0.76116325  8.0827567727080954e-04
    3.200000   0.82593158  5.5108168743278727e-04
    3.200000   0.89070068  3.4997873030145205e-04
    3.200000   0.95547037  1.9536791419241239e-04
    3.200000   1.02024053  7.8293061083752806e-05
    3.200000   1.08501108 -9.1181052057004422e-06
    3.200000   1.14978193 -7.3491018731812059e-05
    3.200000   1.21455301 -1.2021414763350236e-04
    3.200000   1.27932429 -1.5354182577276108e-04
    3.200000   1.34409571 -1.7673515311180215e-04
    3.200000   1.40886724 -1.9220632577700696e-04
    3.200000   1.47363885 -2.0164633525295933e-04
    3.200000   1.53841049 -2.0612550420988886e-04
    3.200000   1.60318216 -2.0616197374086291e-04
    3.200000   1.66795381 -2.0175622810425078e-04
    3.200000   1.73272541 -1.9239108342521762e-04
    3.200000   1.79749694 -1.7699714558943306e-04
    3.200000   1.86226837 -1.5388432484689127e-04
    3.200000   1.92703964 -1.2064134602601981e-04
    3.200000   1.99181073 -7.4008184346184449e-05
    3.200000   2.05658157 -9.7320334594113528e-06
    3.200000   2.12135212  7.7573022518987283e-05
    3.200000   2.18612229  1.9452784703440386e-04
    3.200000   2.25089198  3.4899655425726234e-04
    3.200000   2.31566107  5.4992131609987846e-04
    3.200000   2.38042940  8.0687833934298613e-04
    3.200000   2.44519674  1.1292333628255991e-03
    3.200000   2.50996278  1.5247843723581562e-03
    3.200000   2.57472706  1.9978375666146911e-03
    3.200000   2.63948889  2.5467943615395589e-03
    3.200000   2.70424717  3.1615438071050613e-03
    3.200000   2.76900006  3.8212316296679424e-03
    3.200000   2.83374417  4.4932298223219983e-03
    3.200000   2.89847256  5.1342110968591254e-03
    3.200000   2.96316844  5.6939726604933443e-03
    3.200000   3.02777863  6.1219724592425648e-03
    3.200000   3.09200950  6.3756174941483152e-03
    3.250000   0.04958315  5.0492487208761800e-03
    3.250000   0.11381403  4.8474637792558003e-03
    3.250000   0.17842421  4.5068090665538246e-03
    3.250000   0.24312010  4.0609698508960301e-03
    3.250000   0.30784849  3.5500033060256544e-03
    3.250000   0.37259260  3.0138117608652275e-03
    3.250000   0.43734549  2.4869590888280122e-03
    3.250000   0.50210377  1.9955972013454702e-03
    3.250000   0.56686560  1.5565539647241196e-03
    3.250000   0.63162987  1.1780954042096032e-03
    3.250000   0.69639591  8.6166021002873875e-04
    3.250000   0.76116325  6.0391679724769529e-04
    3.250000   0.82593158  3.9868516710664603e-04
    3.250000   0.89070068  2.3848191263941730e-04
    3.250000   0.95547037  1.1561895797118983e-04
    3.250000   1.02024053  2.2893524621114121e-05
    3.250000   1.08501108 -4.6044232711785749e-05
    3.250000   1.14978193 -9.6549997492437648e-05
    3.250000   1.21455301 -1.3298626748582673e-04
    3.250000   1.27932429 -1.5880095079722297e-04
    3.250000   1.34409571 -1.7663871450968564e-04
    3.250000   1.40886724 -1.8845647365199356e-04
    3.250000   1.47363885 -1.9562625881973825e-04
    3.250000   1.53841049 -1.9901653205793281e-04
    3.250000   1.60318216 -1.9904771812822054e-04
    3.250000   1.66795381 -1.9572023292305343e-04
    3.250000   1.73272541 -1.8861446541505766e-04
    3.250000   1.79749694 -1.7686271555684049e-04
    3.250000   1.86226837 -1.5909363919404341e-04
    3.250000   1.92703964 -1.3335093395098547e-04
    3.250000   1.99181073 -9.6990529607320053e-05
    3.250000   2.05658157 -4.6565266338917147e-05
    3.250000   2.12135212  2.2286096005460837e-05
    3.250000   2.18612229  1.1491681567846227e-04
    3.250000   2.25089198  2.3767206590223381e-04
    3.250000   2.31566107  3.9774612411096595e-04
    3.250000   2.38042940  6.0281270890232127e-04
    3.250000   2.44519674  8.6033289815969733e-04
    3.250000   2.50996278  1.1764550322678840e-03
    3.250000   2.57472706  1.5544705633551898e-03
    3.250000   2.63948889  1.9928971663502695e-03
    3.250000   2.70424717  2.4834324339120164e-03
    3.250000   2.76900006  3.0092359829812995e-03
    3.250000   2.83374417  3.5441865558273815e-03
    3.250000   2.89847256  4.0538088539022743e-03
    3.250000   2.96316844  4.4983474625046376e-03
    3.250000   3.02777863  4.8379289664854030e-03
    3.250000   3.09200950  5.0390459910279149e-03
    3.300000   0.04958315  3.9689762808374617e-03
    3.300000   0.11381403  3.8093943108732670e-03
    3.300000   0.17842421  3.5398340907786636e-03
    3.300000   0.24312010  3.1867510938589486e-03
    3.300000   0.30784849  2.7816880330107869e-03
    3.300000   0.37259260  2.3561756832124088e-03
    3.300000   0.43734549  1.9376467834508789e-03
    3.300000   0.50210377  1.5469731445749686e-03
    3.300000   0.56686560  1.1976884126308313e-03
    3.300000   0.63162987  8.9653607866991755e-04
    3.300000   0.69639591  6.4480404820043422e-04
    3.300000   0.76116325  4.3993679384032386e-04
    3.300000   0.82593158  2.7705925100154102e-04
    3.300000   0.89070068  1.5021375832267853e-04
    3.300000   0.95547037  5.3247796977422215e-05
    3.300000   1.02024053 -1.9622948005229435e-05
    3.300000   1.08501108 -7.3510424838922294e-05
    3.300000   1.14978193 -1.1273370138004529e-04
    3.300000   1.21455301 -1.4081495846718505e-04
    3.300000   1.27932429 -1.6053988012869810e-04
    3.300000   1.34409571 -1.7404587932730837e-04
    3.300000   1.40886724 -1.8291462459060540e-04
    3.300000   1.47363885 -1.8825494206456717e-04
    3.300000   1.53841049 -1.9076858227274243e-04
    3.300000   1.60318216 -1.9079522952769189e-04
    3.300000   1.66795381 -1.8833524393407412e-04
    3.300000   1.73272541 -1.8304963987574100e-04
    3.300000   1.79749694 -1.7423730154414899e-04
    3.300000   1.86226837 -1.6078993470362122e-04
    3.300000   1.92703964 -1.4112627409620582e-04
    3.300000   1.99181073 -1.1310918924758259e-04
    3.300000   2.05658157 -7.3953237286819481e-05
    3.300000   2.12135212 -2.0136648390897134e-05
    3.300000   2.18612229  5.2658638688741553e-05
    3.300000   2.25089198  1.4954223603690602e-04
    3.300000   2.31566107  2.7629368200917043e-04
    3.300000   2.38042940  4.3905681882641380e-04
    3.300000   2.44519674  6.4377516378116807e-04
    3.300000   2.50996278  8.9530308266029806e-04
    3.300000   2.57472706  1.1961692599987462e-03
    3.300000   2.63948889  1.5450560445526501e-03
    3.300000   2.70424717  1.9351945274021156e-03
    3.300000   2.76900006  2.3530412435643221e-03
    3.300000   2.83374417  2.7777432964023862e-03
    3.300000   2.89847256  3.1819256520379808e-03
    3.300000   2.96316844  3.5341544132295728e-03
    3.300000   3.02777863  3.8030085770338578e-03
    3.300000   3.09200950  3.9621507002474453e-03
    3.350000   0.04958315  3.1007429063038606e-03
    3.350000   0.11381403  2.9748365064114911e-03
    3.350000   0.17842421  2.7620609802177128e-03
    3.350000   0.24312010  2.4831718160542166e-03
    3.350000   0.30784849  2.1629735728110728e-03
    3.350000   0.37259260  1.8263380197707589e-03
    3.350000   0.43734549  1.4949876061432234e-03
    3.350000   0.50210377  1.1855282659363204e-03
    3.350000   0.56686560  9.0879618388623959e-04
    3.350000   0.63162987  6.7025163385566052e-04
    3.350000   0.69639591  4.7100645182621072e-04
    3.350000   0.76116325  3.0908688623889252e-04
    3.350000   0.82593158  1.8064025341339317e-04
    3.350000   0.89070068  8.0922996545941791e-05
    3.350000   0.95547037  5.0156072333979058e-06
    3.350000   1.02024053 -5.1720002164639256e-05
    3.350000   1.08501108 -9.3390627926581403e-05
    3.350000   1.14978193 -1.2347041033765999e-04
    3.350000   1.21455301 -1.4479451018138575e-04
    3.350000   1.27932429 -1.5960587346403607e-04
    3.350000   1.34409571 -1.6962538266520959e-04
    3.350000   1.40886724 -1.7612611642080448e-04
    3.350000   1.47363885 -1.8000021326004538e-04
    3.350000   1.53841049 -1.8181207221653606e-04
    3.350000   1.60318216 -1.8183482707286201e-04
    3.350000   1.66795381 -1.8006879175249665e-04
    3.350000   1.73272541 -1.7624143755732647e-04
    3.350000   1.79749694 -1.6978890162524149e-04
    3.350000   1.86226837 -1.5981946615565884e-04
    3.350000   1.92703964 -1.4506031590506236e-04
    3.350000   1.99181073 -1.2379065095149136e-04
    3.350000   2.05658157 -9.3767449040328492e-05
    3.350000   2.12135212 -5.2155426627901936e-05
    3.350000   2.18612229  4.5194599927716828e-06
    3.350000   2.25089198  8.0363197875790802e-05
    3.350000   2.31566107  1.8001157290646220e-04
    3.350000   2.38042940  3.0837924074244362e-04
    3.350000   2.44519674  4.7020117547074439e-04
    3.350000   2.50996278  6.6931685433632704e-04
    3.350000   2.57472706  9.0768230239394619e-04
    3.350000   2.63948889  1.1841654753144315e-03
    3.350000   2.70424717  1.4932882013624638e-03
    3.350000   2.76900006  1.8242063083986266e-03
    3.350000   2.83374417  2.1603247176252703e-03
    3.350000   2.89847256  2.4799575904939793e-03
    3.350000   2.96316844  2.7582959624354317e-03
    3.350000   3.02777863  2.9706148583324263e-03
    3.350000   3.09200950  3.0962362751744167e-03
    3.400000   0.04958315  2.4044902917157254e-03
    3.400000   0.11381403  2.3054357813557689e-03
    3.400000   0.17842421  2.1379788724723340e-03
    3.400000   0.24312010  1.9183803444547424e-03
    3.400000   0.30784849  1.6661129579155489e-03
    3.400000   0.37259260  1.4007544973372330e-03
    3.400000   0.43734549  1.1394598043259854e-03
    3.400000   0.50210377  8.9539474543655828e-04
    3.400000   0.56686560  6.7719375963778950e-04
    3.400000   0.63162987  4.8924314485969454e-04
    3.400000   0.69639591  3.3247272197011981e-04
    3.400000   0.76116325  2.0534459140984646e-04
    3.400000   0.82593158  1.0480721535129824e-04
    3.400000   0.89070068  2.7082818337862686e-05
    3.400000   0.95547037 -3.1758810063269538e-05
    3.400000   1.02024053 -7.5430565566141935e-05
    3.400000   1.08501108 -1.0722423499089904e-04
    3.400000   1.14978193 -1.2992641711115195e-04
    3.400000   1.21455301 -1.4581163608379287e-04
    3.400000   1.27932429 -1.5667894222482628e-04
    3.400000   1.34409571 -1.6390794370841778e-04
    3.400000   1.40886724 -1.6851854285312220e-04
    3.400000   1.47363885 -1.7122492597241605e-04
    3.400000   1.53841049 -1.7247861795679790e-04
    3.400000   1.60318216 -1.7249804023307429e-04
    3.400000   1.66795381 -1.7128346795984361e-04
    3.400000   1.73272541 -1.6861700745752169e-04
    3.400000   1.79749694 -1.6404759253384939e-04
    3.400000   1.86226837 -1.5686137717413424e-04
    3.400000   1.92703964 -1.4603863087436485e-04
    3.400000   1.99181073 -1.3019970689959569e-04
    3.400000   2.05658157 -1.0754529174991547e-04
    3.400000   2.12135212 -7.5800420410079782e-05
    3.400000   2.18612229 -3.2178032671135961e-05
    3.400000   2.25089198  2.6613813870301235e-05
    3.400000   2.31566107  1.0428731748756705e-04
    3.400000   2.38042940  2.0477036445221315e-04
    3.400000   2.44519674  3.3183587932811108e-04
    3.400000   2.50996278  4.8852727347700623e-04
    3.400000   2.57472706  6.7637094507300610e-04
    3.400000   2.63948889  8.9442341044833860e-04
    3.400000   2.70424717  1.1382856631099890e-03
    3.400000   2.76900006  1.3993165930291747e-03
    3.400000   2.83374417  1.6643557689033713e-03
    3.400000   2.89847256  1.9162706843277454e-03
    3.400000   2.96316844  2.1355233020967429e-03
    3.400000   3.02777863  2.3026919733590656e-03
    3.400000   3.09200950  2.4015660380760986e-03
    3.450000   0.04958315  1.8475852800108740e-03
    3.450000   0.11381403  1.7699216273060214e-03
    3.450000   0.17842421  1.6385956571186016e-03
    3.450000   0.24312010  1.4663239557639891e-03
    3.450000   0.30784849  1.2683616118077119e-03
    3.450000   0.37259260  1.0600805430646904e-03
    3.450000   0.43734549  8.5498641098429257e-04
    3.450000   0.50210377  6.6347632533621595e-04
    3.450000   0.56686560  4.9239328624640867e-04
    3.450000   0.63162987  3.4523052343116525e-04
    3.450000   0.69639591  2.2274207989872046e-04
    3.450000   0.76116325  1.2371659855295785e-04
    3.450000   0.82593158  4.5730558071961714e-05
    3.450000   0.89070068 -1.4225788209706487e-05
    3.450000   0.95547037 -5.9289511704378442e-05
    3.450000   1.02024053 -9.2427594203759155e-05
    3.450000   1.08501108 -1.1627195995221726e-04
    3.450000   1.14978193 -1.3305070836088995e-04
    3.450000   1.21455301 -1.4458176225866739e-04
    3.450000   1.27932429 -1.5230190663023880e-04
    3.450000   1.34409571 -1.5731179205523909e-04
    3.450000   1.40886724 -1.6042412732651722e-04
    3.450000   1.47363885 -1.6220734131906564e-04
    3.450000   1.53841049 -1.6302045204734611e-04
    3.450000   1.60318216 -1.6303702548988829e-04
    3.450000   1.66795381 -1.6225730384098510e-04
    3.450000   1.73272541 -1.6050818402991391e-04
    3.450000   1.79749694 -1.5743104477701356e-04
    3.450000   1.86226837 -1.5245773876913291e-04
    3.450000   1.92703964 -1.4477567056622604e-04
    3.450000   1.99181073 -1.3328408325806473e-04
    3.450000   2.05658157 -1.1654582989494587e-04
    3.450000   2.12135212 -9.2742375005321271e-05
    3.450000   2.18612229 -5.9644840020110247e-05
    3.450000   2.25089198 -1.4620566388300797e-05
    3.450000   2.31566107  4.5297733569006765e-05
    3.450000   2.38042940  1.2324643843386303e-04
    3.450000   2.44519674  2.2223290652065221e-04
    3.450000   2.50996278  3.4467593971379188e-04
    3.450000   2.57472706  4.9177961899755181e-04
    3.450000   2.63948889  6.6278072591485825e-04
    3.450000   2.70424717  8.5417692765195406e-04
    3.450000   2.76900006  1.0591195569078153e-03
    3.450000   2.83374417  1.2672133896354022e-03
    3.450000   2.89847256  1.4649655597560015e-03
    3.450000   2.96316844  1.6370284239215376e-03
    3.450000   3.02777863  1.7681788820891335e-03
    3.450000   3.09200950  1.8457320893796262e-03
    3.500000   0.04958315  1.4034557843104441e-03
    3.500000   0.11381403  1.3428126141858249e-03
    3.500000   0.17842421  1.2402564565815516e-03
    3.500000   0.24312010  1.1057098990957107e-03
    3.500000   0.30784849  9.5109337720536283e-04
    3.500000   0.37259260  7.8844032272036210e-04
    3.500000   0.43734549  6.2834493663942593e-04
    3.500000   0.50210377  4.7898044902444675e-04
    3.500000   0.56686560  3.4573693257773799e-04
    3.500000   0.63162987  2.3136951349764654e-04
    3.500000   0.69639591  1.3646988475120441e-04
    3.500000   0.76116325  6.0071573968965402e-05
    3.500000   0.82593158  2.4365471444493395e-07
    3.500000   0.89070068 -4.5412986828081516e-05
    3.500000   0.95547037 -7.9400044364254409e-05
    3.500000   1.02024053 -1.0408384822307531e-04
    3.500000   1.08501108 -1.2156289889591117e-04
    3.500000   1.14978193 -1.3361245274638584e-04
    3.500000   1.21455301 -1.4167933914912659e-04
    3.500000   1.27932429 -1.4690538181193121e-04
    3.500000   1.34409571 -1.5016378500786866e-04
    3.500000   1.40886724 -1.5209815066866126e-04
    3.500000   1.47363885 -1.5315785766983970e-04
    3.500000   1.53841049 -1.5362633129614722e-04
    3.500000   1.60318216 -1.5364047304055600e-04
    3.500000   1.66795381 -1.5320049673887682e-04
    3.500000   1.73272541 -1.5216990869422223e-04
    3.500000   1.79749694 -1.5026562988577734e-04
    3.500000   1.86226837 -1.4703851948485051e-04
    3.500000   1.92703964 -1.4184505278503194e-04
    3.500000   1.99181073 -1.3381188671850194e-04
    3.500000   2.05658157 -1.2179679500808121e-04
    3.500000   2.12135212 -1.0435226100142798e-04
    3.500000   2.18612229 -7.9702092521567004e-05
    3.500000   2.25089198 -4.5746737344801371e-05
    3.500000   2.31566107 -1.1896602352488666e-07
    3.500000   2.38042940  5.9683237604877489e-05
    3.500000   2.44519674  1.3605818663273728e-04
    3.500000   2.50996278  2.3093433991829216e-04
    3.500000   2.57472706  3.4527373869002538e-04
    3.500000   2.63948889  4.7847858546572116e-04
    3.500000   2.70424717  6.2778717492577036e-04
    3.500000   2.76900006  7.8780457417895267e-04
    3.500000   2.83374417  9.5035719834923752e-04
    3.500000   2.89847256  1.1048573727051106e-03
    3.500000   2.96316844  1.2392856729887803e-03
    3.500000   3.02777863  1.3417409179374545e-03
    3.500000   3.09200950  1.4023200066007448e-03
    3.550000   0.04958315  1.0504768266515912e-03
    3.550000   0.11381403  1.0033572252626569e-03
    3.550000   0.17842421  9.2367474172127823e-04
    3.550000   0.24312010  8.1915041578348603e-04
    3.550000   0.30784849  6.9907009472725684e-04
    3.550000   0.37259260  5.7282006949309588e-04
    3.550000   0.43734549  4.4867524756703658e-04
    3.550000   0.50210377  3.3302657231648841e-04
    3.550000   0.56686560  2.3008962937027253e-04
    3.550000   0.63162987  1.4201313750315445e-04
    3.550000   0.69639591  6.9243633844683487e-05
    3.550000   0.76116325  1.0998698893279416e-05
    3.550000   0.82593158 -3.4265887149423332e-05
    3.550000   0.89070068 -6.8463819709979715e-05
    3.550000   0.95547037 -9.3588199817597526e-05
    3.550000   1.02024053 -1.1152229029193333e-04
    3.550000   1.08501108 -1.2393408644746854e-04
    3.550000   1.14978193 -1.3223239017520484e-04
    3.550000   1.21455301 -1.3756310893697803e-04
    3.550000   1.27932429 -1.4082850427393445e-04
    3.550000   1.34409571 -1.4271683757131564e-04
    3.550000   1.40886724 -1.4373409111100862e-04
    3.550000   1.47363885 -1.4423270593869118e-04
    3.550000   1.53841049 -1.4443453297366369e-04
    3.550000   1.60318216 -1.4444660200026803e-04
    3.550000   1.66795381 -1.4426910221428216e-04
    3.550000   1.73272541 -1.4379536420771065e-04
    3.550000   1.79749694 -1.4280384145371009e-04
    3.550000   1.86226837 -1.4094229807231162e-04
    3.550000   1.92703964 -1.3770480763115815e-04
    3.550000   1.99181073 -1.3240296013797680e-04
    3.550000   2.05658157 -1.2413408802636915e-04
    3.550000   2.12135212 -1.1175158453303811e-04
    3.550000   2.18612229 -9.3845660620837405e-05
    3.550000   2.25089198 -6.8747125216354427e-05
    3.550000   2.31566107 -3.4571498769543670e-05
    3.550000   2.38042940  1.0675239335265992e-05
    3.550000   2.44519674  6.8906973335667172e-05
    3.550000   2.50996278  1.4166691409067821e-04
    3.550000   2.57472706  2.2973494505635036e-04
    3.550000   2.63948889  3.3266052071671267e-04
    3.550000   2.70424717  4.4829012465271643e-04
    3.550000   2.76900006  5.7240398626951352e-04
    3.550000   2.83374417  6.9860946969077184e-04
    3.550000   2.89847256  8.1863416803202487e-04
    3.550000   2.96316844  9.2309908881614924e-04
    3.550000   3.02777863  1.0027292580801629e-03
    3.550000   3.09200950  1.0498150305747597e-03
    3.600000   0.04958315  7.7106058843113190e-04
    3.600000   0.11381403  7.3466746695608365e-04
    3.600000   0.17842421  6.7313790188036117e-04
    3.600000   0.24312010  5.9245946528820525e-04
    3.600000   0.30784849  4.9983852193313241e-04
    3.600000   0.37259260  4.0256513501954130e-04
    3.600000   0.43734549  3.0706989807587575e-04
    3.600000   0.50210377  2.1831882087287608e-04
    3.600000   0.56686560  1.3958138265819683e-04
    3.600000   0.63162987  7.2511046020657456e-05
    3.600000   0.69639591  1.7427856886136311e-05
    3.600000   0.76116325 -2.6311744563482039e-05
    3.600000   0.82593158 -5.9948046176859709e-05
    3.600000   0.89070068 -8.5008894570230334e-05
    3.600000   0.95547037 -1.0308061500279420e-04
    3.600000   1.02024053 -1.1565848801964600e-04
    3.600000   1.08501108 -1.2406367568044738e-04
    3.600000   1.14978193 -1.2940906066936884e-04
    3.600000   1.21455301 -1.3259712398711320e-04
    3.600000   1.27932429 -1.3433608693282157e-04
    3.600000   1.34409571 -1.3516427457740775e-04
    3.600000   1.40886724 -1.3547603060357579e-04
    3.600000   1.47363885 -1.3554512903504588e-04
    3.600000   1.53841049 -1.3554344080593403e-04
    3.600000   1.60318216 -1.3555374545812045e-04
    3.600000   1.66795381 -1.3557621060212584e-04
    3.600000   1.73272541 -1.3552837584256521e-04
    3.600000   1.79749694 -1.3523863928716491e-04
    3.600000   1.86226837 -1.3443340660444894e-04
    3.600000   1.92703964 -1.3271837806638407e-04
    3.600000   1.99181073 -1.2955508407215427e-04
    3.600000   2.05658157 -1.2423491641905783e-04
    3.600000   2.12135212 -1.1585472139637975e-04
    3.600000   2.18612229 -1.0330064431207855e-04
    3.600000   2.25089198 -8.5250295295243470e-05
    3.600000   2.31566107 -6.0207040948325000e-05
    3.600000   2.38042940 -2.6583318890931642e-05
    3.600000   2.44519674  1.7149491361423430e-05
    3.600000   2.50996278  7.2231586592576386e-05
    3.600000   2.57472706  1.3930523458606070e-04
    3.600000   2.63948889  2.1804780649114451e-04
    3.600000   2.70424717  3.0680231063112527e-04
    3.600000   2.76900006  4.0229566279064159e-04
    3.600000   2.83374417  4.9955943482568003e-04
    3.600000   2.89847256  5.9216303352112277e-04
    3.600000   2.96316844  6.7281940252591522e-04
    3.600000   3.02777863  7.3432762343503917e-04
    3.600000   3.09200950  7.7070624712558000e-04
    3.650000   0.04958315  5.5091300556871160e-04
    3.650000   0.11381403  5.2301015387119830e-04
    3.650000   0.17842421  4.7585597874465072e-04
    3.650000   0.24312010  4.1407450094486952e-04
    3.650000   0.30784849  3.4323276963360854e-04
    3.650000   0.37259260  2.6896347628677032e-04
    3.650000   0.43734549  1.9623356980474555e-04
    3.650000   0.50210377  1.2887287126713706e-04
    3.650000   0.56686560  6.9391564150227998e-05
    3.650000   0.63162987  1.9041089175769270e-05
    3.650000   0.69639591 -2.1966355169701235e-05
    3.650000   0.76116325 -5.4168956033014853e-05
    3.650000   0.82593158 -7.8567767509026015e-05
    3.650000   0.89070068 -9.6383933767770817e-05
    3.650000   0.95547037 -1.0887871182035027e-04
    3.650000   1.02024053 -1.1723621484592717e-04
    3.650000   1.08501108 -1.2249871221430139e-04
    3.650000   1.14978193 -1.2554067576876727e-04
    3.650000   1.21455301 -1.2706819323941984e-04
    3.650000   1.27932429 -1.2763278542687621e-04
    3.650000   1.34409571 -1.2765161853908706e-04
    3.650000   1.40886724 -1.2742879253136645e-04
    3.650000   1.47363885 -1.2717447970324737e-04
    3.650000   1.53841049 -1.2702013996366768e-04
    3.650000   1.60318216 -1.2702894460355819e-04
    3.650000   1.66795381 -1.2720104220161364e-04
    3.650000   1.73272541 -1.2747354445759602e-04
    3.650000   1.79749694 -1.2771523018312441e-04
    3.650000   1.86226837 -1.2771608645755278e-04
    3.650000   1.92703964 -1.2717205125434316e-04
    3.650000   1.99181073 -1.2566582583075693e-04
    3.650000   2.05658157 -1.2264553424124310e-04
    3.650000   2.12135212 -1.1740446481215990e-04
    3.650000   2.18612229 -1.0906722854665207e-04
    3.650000   2.25089198 -9.6590365685311657e-05
    3.650000   2.31566107 -7.8788390199479097e-05
    3.650000   2.38042940 -5.4398673590560266e-05
    3.650000   2.44519674 -2.2198982430965325e-05
    3.650000   2.50996278  1.8812198988215129e-05
    3.650000   2.57472706  6.9172565846498368e-05
    3.650000   2.63948889  1.2866830112372182e-04
    3.650000   2.70424717  1.9604534676698679e-04
    3.650000   2.76900006  2.6879041982736307e-04
    3.650000   2.83374417  3.4307096038410493e-04
    3.650000   2.89847256  4.1391854503888749e-04
    3.650000   2.96316844  4.7570082760586585e-04
    3.650000   3.02777863  5.2285277099531910e-04
    3.650000   3.09200950  5.5075310805122299e-04
    3.700000   0.04958315  3.7842640158725462e-04
    3.700000   0.11381403  3.5722721118283299e-04
    3.700000   0.17842421  3.2142789454901635e-04
    3.700000   0.24312010  2.7458128745532531e-04
    3.700000   0.30784849  2.2096410004849502e-04
    3.700000   0.37259260  1.6490107751640103e-04
    3.700000   0.43734549  1.1020032721014908e-04
    3.700000   0.50210377  5.9788424379816388e-05
    3.700000   0.56686560  1.5568655303367963e-05
    3.700000   0.63162987 -2.1531795765773965e-05
    3.700000   0.69639591 -5.1390878564055160e-05
    3.700000   0.76116325 -7.4466162013480433e-05
    3.700000   0.82593158 -9.1570036716453383e-05
    3.700000   0.89070068 -1.0367983530701165e-04
    3.700000   0.95547037 -1.1179726998000099e-04
    3.700000   1.02024053 -1.1685727877638266e-04
    3.700000   1.08501108 -1.1967833519665680e-04
    3.700000   1.14978193 -1.2094331782694626e-04
    3.700000   1.21455301 -1.2120033136911884e-04
    3.700000   1.27932429 -1.2087476808072280e-04
    3.700000   1.34409571 -1.2028624529928607e-04
    3.700000   1.40886724 -1.1966620063314392e-04
    3.700000   1.47363885 -1.1917359969262973e-04
    3.700000   1.53841049 -1.1890737093841602e-04
    3.700000   1.60318216 -1.1891490181598755e-04
    3.700000   1.66795381 -1.1919632404185905e-04
    3.700000   1.73272541 -1.1970450124224293e-04
    3.700000   1.79749694 -1.2034071731413771e-04
    3.700000   1.86226837 -1.2094614932316500e-04
    3.700000   1.92703964 -1.2128939500171387e-04
    3.700000   1.99181073 -1.2105072040512741e-04
    3.700000   2.05658157 -1.1980441588184412e-04
    3.700000   2.12135212 -1.1700181266797106e-04
    3.700000   2.18612229 -1.1195919145198858e-04
    3.700000   2.25089198 -1.0385696620284262e-04
    3.700000   2.31566107 -9.1758877223273511e-05
    3.700000   2.38042940 -7.4661823049726228e-05
    3.700000   2.44519674 -5.1587242741036919e-05
    3.700000   2.50996278 -2.1721974964752463e-05
    3.700000   2.57472706  1.5391556688706108e-05
    3.700000   2.63948889  5.9630331249420278e-05
    3.700000   2.70424717  1.1006520875846727e-04
    3.700000   2.76900006  1.6479024670272983e-04
    3.700000   2.83374417  2.2087607108560800e-04
    3.700000   2.89847256  2.7451230443752844e-04
    3.700000   2.96316844  3.2137297319110599e-04
    3.700000   3.02777863  3.5718127862812235e-04
    3.700000   3.09200950  3.7838504359396781e-04
    3.750000   0.04958315  2.4418328377415161e-04
    3.750000   0.11381403  2.2826156982448672e-04
    3.750000   0.17842421  2.0140410390804368e-04
    3.750000   0.24312010  1.6632359140083928e-04
    3.750000   0.30784849  1.2628299639887733e-04
    3.750000   0.37259260  8.4577164351364007e-05
    3.750000   0.43734549  4.4099162894010325e-05
    3.750000   0.50210377  7.0599361026765361e-06
    3.750000   0.56686560 -2.5120133916378529e-05
    3.750000   0.63162987 -5.1773597991943317e-05
    3.750000   0.69639591 -7.2852328242557727e-05
    3.750000   0.76116325 -8.8751539476818487e-05
    3.750000   0.82593158 -1.0013449372211759e-04
    3.750000   0.89070068 -1.0778467156045320e-04
    3.750000   0.95547037 -1.1249674799978417e-04
    3.750000   1.02024053 -1.1500646346845089e-04
    3.750000   1.08501108 -1.1595311767448465e-04
    3.750000   1.14978193 -1.1586605088966052e-04
    3.750000   1.21455301 -1.1516669788086304e-04
    3.750000   1.27932429 -1.1417930482648294e-04
    3.750000   1.34409571 -1.1314527028805740e-04
    3.750000   1.40886724 -1.1223778522759554e-04
    3.750000   1.47363885 -1.1157478306879229e-04
    3.750000   1.53841049 -1.1122913380587702e-04
    3.750000   1.60318216 -1.1123558421655423e-04
    3.750000   1.66795381 -1.1159425102607253e-04
    3.750000   1.73272541 -1.1227061020943827e-04
    3.750000   1.79749694 -1.1319198095407056e-04
    3.750000   1.86226837 -1.1424055836349318e-04
    3.750000   1.92703964 -1.1524318606754457e-04
    3.750000   1.99181073 -1.1595836617217826e-04
    3.750000   2.05658157 -1.1606157452887844e-04
    3.750000   2.12135212 -1.1513087604621946e-04
    3.750000   2.18612229 -1.1263617567740625e-04
    3.750000   2.25089198 -1.0793715996775503e-04
    3.750000   2.31566107 -1.0029685872410305e-04
    3.750000   2.38042940 -8.8919260951033562e-05
    3.750000   2.44519674 -7.3019630907829547e-05
    3.750000   2.50996278 -5.1933786431682612e-05
    3.750000   2.57472706 -2.5266207463650702e-05
    3.750000   2.63948889  6.9344383186093974e-06
    3.750000   2.70424717  4.3999230809239136e-05
    3.750000   2.76900006  8.4505520528264092e-05
    3.750000   2.83374417  1.2623966497589726e-04
    3.750000   2.89847256  1.6630597159068817e-04
    3.750000   2.96316844  2.0140750897841336e-04
    3.750000   3.02777863  2.2828000683766604e-04
    3.750000   3.09200950  2.4421016950834456e-04
    3.800000   0.04958315  1.4055099912039067e-04
    3.800000   0.11381403  1.2876949292112675e-04
    3.800000   0.17842421  1.0892836772855550e-04
    3.800000   0.24312010  8.3082749451783485e-05
    3.800000   0.30784849  5.3700972870247975e-05
    3.800000   0.37259260  2.3269059331892047e-05
    3.800000   0.43734549 -6.0401857234592530e-06
    3.800000   0.50210377 -3.2580609253480026e-05
    3.800000   0.56686560 -5.5314126217708187e-05
    3.800000   0.63162987 -7.3779759527463709e-05
    3.800000   0.69639591 -8.7988810352165089e-05
    3.800000   0.76116325 -9.8287598742745043e-05
    3.800000   0.82593158 -1.0522117789240830e-04
    3.800000   0.89070068 -1.0941885363890539e-04
    3.800000   0.95547037 -1.1151031075954037e-04
    3.800000   1.02024053 -1.1207233956213188e-04
    3.800000   1.08501108 -1.1160115452054876e-04
    3.800000   1.14978193 -1.1050343918347792e-04
    3.800000   1.21455301 -1.0909943820181010e-04
    3.800000   1.27932429 -1.0763262472035500e-04
    3.800000   1.34409571 -1.0628196950503537e-04
    3.800000   1.40886724 -1.0517420907612625e-04
    3.800000   1.47363885 -1.0439457584833969e-04
    3.800000   1.53841049 -1.0399518528357023e-04
    3.800000   1.60318216 -1.0400072008642589e-04
    3.800000   1.66795381 -1.0441128362470920e-04
    3.800000   1.73272541 -1.0520239073465767e-04
    3.800000   1.79749694 -1.0632209458712308e-04
    3.800000   1.86226837 -1.0768527898922145e-04
    3.800000   1.92703964 -1.0916524208429452e-04
    3.800000   1.99181073 -1.1058293078506962e-04
    3.800000   2.05658157 -1.1169463237697055e-04
    3.800000   2.12135212 -1.1217966487796820e-04
    3.800000   2.18612229 -1.1163067765634108e-04
    3.800000   2.25089198 -1.0955054937781454e-04
    3.800000   2.31566107 -1.0536137221992334e-04
    3.800000   2.38042940 -9.8432219036591269e-05
    3.800000   2.44519674 -8.8132570506298103e-05
    3.800000   2.50996278 -7.3916406165002214e-05
    3.800000   2.57472706 -5.5436936608390335e-05
    3.800000   2.63948889 -3.2683117766021339e-05
    3.800000   2.70424717 -6.1170390944515192e-06
    3.800000   2.76900006  2.3221287217727493e-05
    3.800000   2.83374417  5.3683201802025930e-05
    3.800000   2.89847256  8.3093197501901117e-05
    3.800000   2.96316844  1.0896277195946027e-04
    3.800000   3.02777863  1.2882164266935628e-04
    3.800000   3.09200950  1.4061339935217830e-04
    3.850000   0.04958315  6.1350666046306826e-05
    3.850000   0.11381403  5.2803651059925789e-05
    3.850000   0.17842421  3.8444440598591323e-05
    3.850000   0.24312010  1.9814742470079128e-05
    3.850000   0.30784849 -1.2382711002841974e-06
    3.850000   0.37259260 -2.2861794178911318e-05
    3.850000   0.43734549 -4.3447883115307010e-05
    3.850000   0.50210377 -6.1794133942961389e-05
    3.850000   0.56686560 -7.7163357431226455e-05
    3.850000   0.63162987 -8.9257296600071858e-05
    3.850000   0.69639591 -9.8134000277620828e-05
    3.850000   0.76116325 -1.0410081124353267e-04
    3.850000   0.82593158 -1.0760877086177296e-04
    3.850000   0.89070068 -1.0916451545616129e-04
    3.850000   0.95547037 -1.0926638489619401e-04
    3.850000   1.02024053 -1.0836459394693322e-04
    3.850000   1.08501108 -1.0684141580301385e-04
    3.850000   1.14978193 -1.0500589385740361e-04
    3.850000   1.21455301 -1.0309777464422816e-04
    3.850000   1.27932429 -1.0129633587589569e-04
    3.850000   1.34409571 -9.9730989687557434e-05
    3.850000   1.40886724 -9.8491639893120224e-05
    3.850000   1.47363885 -9.7637621589700854e-05
    3.850000   1.53841049 -9.7204629789097541e-05
    3.850000   1.60318216 -9.7209389353758216e-05
    3.850000   1.66795381 -9.7651991735560852e-05
    3.850000   1.73272541 -9.8515887118682442e-05
    3.850000   1.79749694 -9.9765530791362772e-05
    3.850000   1.86226837 -1.0134169294428057e-04
    3.850000   1.92703964 -1.0315450469956698e-04
    3.850000   1.99181073 -1.0507448740749638e-04
    3.850000   2.05658157 -1.0692215958332629e-04
    3.850000   2.12135212 -1.0845739684890825e-04
    3.850000   2.18612229 -1.0937057334525790e-04
    3.850000   2.25089198 -1.0927861584219205e-04
    3.850000   2.31566107 -1.0773031141595869e-04
    3.850000   2.38042940 -1.0422619139957017e-04
    3.850000   2.44519674 -9.8258486814892969e-05
    3.850000   2.50996278 -8.9375205136353790e-05
    3.850000   2.57472706 -7.7268457213160188e-05
    3.850000   2.63948889 -6.1880269485474948e-05
    3.850000   2.70424717 -4.3509743679055078e-05
    3.850000   2.76900006 -2.2895699842698255e-05
    3.850000   2.83374417 -1.2428102057053322e-06
    3.850000   2.89847256  1.9838371037964661e-05
    3.850000   2.96316844  3.8492452611136806e-05
    3.850000   3.02777863  5.2870041274544269e-05
    3.850000   3.09200950  6.1427808367154309e-05
    3.900000   0.04958315  1.5868289581719183e-06
    3.900000   0.11381403 -4.4458927661834583e-06
    3.900000   0.17842421 -1.4543997051700359e-05
    3.900000   0.24312010 -2.7565427560584124e-05
    3.900000   0.30784849 -4.2146969150381555e-05
    3.900000   0.37259260 -5.6929701532100752e-05
    3.900000   0.43734549 -7.0746751135282327e-05
    3.900000   0.50210377 -8.2742536319013385e-05
    3.900000   0.56686560 -9.2415098148296472e-05
    3.900000   0.63162987 -9.9593138214343447e-05
    3.900000   0.69639591 -1.0437054738085049e-04
    3.900000   0.76116325 -1.0702300948939004e-04
    3.900000   0.82593158 -1.0792650700102974e-04
    3.900000   0.89070068 -1.0749001955729796e-04
    3.900000   0.95547037 -1.0610744388205121e-04
    3.900000   1.02024053 -1.0412842909059016e-04
    3.900000   1.08501108 -1.0184480561330199e-04
    3.900000   1.14978193 -9.9488203961986969e-05
    3.900000   1.21455301 -9.7234640356420339e-05
    3.900000   1.27932429 -9.5212654279616606e-05
    3.900000   1.34409571 -9.3512560192590105e-05
    3.900000   1.40886724 -9.2195258391395094e-05
    3.900000   1.47363885 -9.1299726875090697e-05
    3.900000   1.53841049 -9.0848771187886345e-05
    3.900000   1.60318216 -9.0852874833466144e-05
    3.900000   1.66795381 -9.1312118629818082e-05
    3.900000   1.73272541 -9.2216174028323896e-05
    3.900000   1.79749694 -9.3542369361266893e-05
    3.900000   1.86226837 -9.5251822045627153e-05
    3.900000   1.92703964 -9.7283666843304408e-05
    3.900000   1.99181073 -9.9547536891192678e-05
    3.900000   2.05658157 -1.0191472130457344e-04
    3.900000   2.12135212 -1.0420888048883988e-04
    3.900000   2.18612229 -1.0619788022160462e-04
    3.900000   2.25089198 -1.0758919184568695e-04
    3.900000   2.31566107 -1.0803228619928756e-04
    3.900000   2.38042940 -1.0713225807627968e-04
    3.900000   2.44519674 -1.0447909573086989e-04
    3.900000   2.50996278 -9.9695918665428939e-05
    3.900000   2.57472706 -9.2506475042252007e-05
    3.900000   2.63948889 -8.2816835704270300e-05
    3.900000   2.70424717 -7.0798942387341837e-05
    3.900000   2.76900006 -5.6956128129792815e-05
    3.900000   2.83374417 -4.2145988688648391e-05
    3.900000   2.89847256 -2.7537822450697496e-05
    3.900000   2.96316844 -1.4493063909620988e-05
    3.900000   3.02777863 -4.3771940614187262e-06
    3.900000   3.09200950  1.6659983191397595e-06
    3.950000   0.04958315 -4.2773244187912660e-05
    3.950000   0.11381403 -4.6863301998950866e-05
    3.950000   0.17842421 -5.3669744095766330e-05
    3.950000   0.24312010 -6.2360468536492772e-05
    3.950000   0.30784849 -7.1947814984458711e-05
    3.950000   0.37259260 -8.1456357881616094e-05
    3.950000   0.43734549 -9.0061857074366899e-05
    3.950000   0.50210377 -9.7178117515114281e-05
    3.950000   0.56686560 -1.0248560806526647e-04
    3.950000   0.63162987 -1.0591090657841021e-04
    3.950000   0.69639591 -1.0757450947129220e-04
    3.950000   0.76116325 -1.0772586169046185e-04
    3.950000   0.82593158 -1.0668075014616239e-04
    3.950000   0.89070068 -1.0477035455849900e-04
    3.950000   0.95547037 -1.0230562099322301e-04
    3.950000   1.02024053 -9.9556501967156528e-05
    3.950000   1.08501108 -9.6743299390190203e-05
    3.950000   1.14978193 -9.4036552327670083e-05
    3.950000   1.21455301 -9.1562102781864036e-05
    3.950000   1.27932429 -8.9408647854376206e-05
    3.950000   1.34409571 -8.7635883774350343e-05
    3.950000   1.40886724 -8.6282058735538905e-05
    3.950000   1.47363885 -8.5370290721316396e-05
    3.950000   1.53841049 -8.4913363051169983e-05
    3.950000   1.60318216 -8.4916912035467830e-05
    3.950000   1.66795381 -8.5381009005167937e-05
    3.950000   1.73272541 -8.6300154655114558e-05
    3.950000   1.79749694 -8.7661684793050851e-05
    3.950000   1.86226837 -8.9442567842244500e-05
    3.950000   1.92703964 -9.1604590464215946e-05
    3.950000   1.99181073 -9.4088016252258624e-05
    3.950000   2.05658157 -9.6804005322037126e-05
    3.950000   2.12135212 -9.9626441069650121e-05
    3.950000   2.18612229 -1.0238435219283288e-04
    3.950000   2.25089198 -1.0485683257240341e-04
    3.950000   2.31566107 -1.0677316151894061e-04
    3.950000   2.38042940 -1.0782150327226639e-04
    3.950000   2.44519674 -1.0766975370748393e-04
    3.950000   2.50996278 -1.0600130064292512e-04
    3.950000   2.57472706 -1.0256614350860551e-04
    3.950000   2.63948889 -9.7243679892025021e-05
    3.950000   2.70424717 -9.0107822537149554e-05
    3.950000   2.76900006 -8.1479255545723454e-05
    3.950000   2.83374417 -7.1945936654639798e-05
    3.950000   2.89847256 -6.2334298652963759e-05
    3.950000   2.96316844 -5.3622111071569466e-05
    3.950000   3.02777863 -4.6799209564178148e-05
    3.950000   3.09200950 -4.2699403747974248e-05
    4.000000   0.04958315 -7.4979681450157941e-05
    4.000000   0.11381403 -7.7579799020427551e-05
    4.000000   0.17842421 -8.1862688658163694e-05
    4.000000   0.24312010 -8.7235567295055130e-05
    4.000000   0.30784849 -9.3000802785673343e-05
    4.000000   0.37259260 -9.8479147507411047e-05
    4.000000   0.43734549 -1.0311088047758308e-04
    4.000000   0.50210377 -1.0651748988293864e-04
    4.000000   0.56686560 -1.0851956070159466e-04
    4.000000   0.63162987 -1.0911802192594769e-04
    4.000000   0.69639591 -1.0845226241642431e-04
    4.000000   0.76116325 -1.0674952869343524e-04
    4.000000   0.82593158 -1.0427708668033736e-04
    4.000000   0.89070068 -1.0130407949241962e-04
    4.000000   0.95547037 -9.8075658792517160e-05
    4.000000   1.02024053 -9.4798800978044493e-05
    4.000000   1.08501108 -9.1637475329640398e-05
    4.000000   1.14978193 -8.8714269779967644e-05
    4.000000   1.21455301 -8.6115783567755844e-05
    4.000000   1.27932429 -8.3899668242791469e-05
    4.000000   1.34409571 -8.2101853696972833e-05
    4.000000   1.40886724 -8.0743071436188747e-05
    4.000000   1.47363885 -7.9834216960004360e-05
    4.000000   1.53841049 -7.9380371142614609e-05
    4.000000   1.60318216 -7.9383451254630649e-05
    4.000000   1.66795381 -7.9843520169993451e-05
    4.000000   1.73272541 -8.0758781593833926e-05
    4.000000   1.79749694 -8.2124260519243902e-05
    4.000000   1.86226837 -8.3929139577932480e-05
    4.000000   1.92703964 -8.6152721530772492e-05
    4.000000   1.99181073 -8.8759046638976882e-05
    4.000000   2.05658157 -9.1690345431286681e-05
    4.000000   2.12135212 -9.4859787006499501e-05
    4.000000   2.18612229 -9.8144414865364949e-05
    4.000000   2.25089198 -1.0137974042209037e-04
    4.000000   2.31566107 -1.0435812201019777e-04
    4.000000   2.38042940 -1.0683363062099496e-04
    4.000000   2.44519674 -1.0853630571242942e-04
    4.000000   2.50996278 -1.0919813720977130e-04
    4.000000   2.57472706 -1.0859135504789633e-04
    4.000000   2.63948889 -1.0657642715493233e-04
    4.000000   2.70424717 -1.0315279857747457e-04
    4.000000   2.76900006 -9.8500847874033917e-05
    4.000000   2.83374417 -9.3000612038920112e-05
    4.000000   2.89847256 -8.7213756798545401e-05
    4.000000   2.96316844 -8.1821654185556679e-05
    4.000000   3.02777863 -7.7523946897831055e-05
    4.000000   3.09200950 -7.4915022996232980e-05
    4.050000   0.04958315 -9.7646953309294467e-05
    4.050000   0.11381403 -9.9114762494472889e-05
    4.050000   0.17842421 -1.0148108141804273e-04
    4.050000   0.24312010 -1.0433690426327197e-04
    4.050000   0.30784849 -1.0720726311319747e-04
    4.050000   0.37259260 -1.0964015922313853e-04
    4.050000   0.43734549 -1.1127855038367853e-04
    4.050000   0.50210377 -1.1190258508151099e-04
    4.050000   0.56686560 -1.1143918922054819e-04
    4.050000   0.63162987 -1.0994472107845545e-04
    4.050000   0.69639591 -1.0757110862754056e-04
    4.050000   0.76116325 -1.0452644284414273e-04
    4.050000   0.82593158 -1.0103865680535625e-04
    4.050000   0.89070068 -9.7327371481644882e-05
    4.050000   0.95547037 -9.3585626577702842e-05
    4.050000   1.02024053 -8.9970798156359575e-05
    4.050000   1.08501108 -8.6602706321615449e-05
    4.050000   1.14978193 -8.3566540908582227e-05
    4.050000   1.21455301 -8.0918448314774139e-05
    4.050000   1.27932429 -7.8692114187897796e-05
    4.050000   1.34409571 -7.6905219637526235e-05
    4.050000   1.40886724 -7.5565116255661238e-05
    4.050000   1.47363885 -7.4673407763397329e-05
    4.050000   1.53841049 -7.4229341763023708e-05
    4.050000   1.60318216 -7.4232025566769381e-05
    4.050000   1.66795381 -7.4681514518821400e-05
    4.050000   1.73272541 -7.5578807981923962e-05
    4.050000   1.79749694 -7.6924752299961527e-05
    4.050000   1.86226837 -7.8717814259133601e-05
    4.050000   1.92703964 -8.0950675567175649e-05
    4.050000   1.99181073 -8.3605633811210204e-05
    4.050000   2.05658157 -8.6648906713298886e-05
    4.050000   2.12135212 -9.0024153516060247e-05
    4.050000   2.18612229 -9.3645871734867385e-05
    4.050000   2.25089198 -9.7393797373489008e-05
    4.050000   2.31566107 -1.0110998179738421e-04
    4.050000   2.38042940 -1.0460071120612884e-04
    4.050000   2.44519674 -1.0764564877336838e-04
    4.050000   2.50996278 -1.1001619962029981e-04
    4.050000   2.57472706 -1.1150379159909819e-04
    4.050000   2.63948889 -1.1195633628392930e-04
    4.050000   2.70424717 -1.1131776000921037e-04
    4.050000   2.76900006 -1.0966193902307094e-04
    4.050000   2.83374417 -1.0721003249595243e-04
    4.050000   2.89847256 -1.0432078272693084e-04
    4.050000   2.96316844 -1.0144807563414690e-04
    4.050000   3.02777863 -9.9068690133768649e-05
    4.050000   3.09200950 -9.7593094379821326e-05
    4.100000   0.04958315 -1.1287370636911503e-04
    4.100000   0.11381403 -1.1349086405507598e-04
    4.100000   0.17842421 -1.1441877310401324e-04
    4.100000   0.24312010 -1.1538861217975860e-04
    4.100000   0.30784849 -1.1609512778273932e-04
    4.100000   0.37259260 -1.1625928389447625e-04
    4.100000   0.43734549 -1.1567789490597467e-04
    4.100000   0.50210377 -1.1425095150224945e-04
    4.100000   0.56686560 -1.1198487523174658e-04
    4.100000   0.63162987 -1.0897632869680058e-04
    4.100000   0.69639591 -1.0538461812365033e-04
    4.100000   0.76116325 -1.0140100396727487e-04
    4.100000   0.82593158 -9.7221335491734867e-05
    4.100000   0.89070068 -9.3025648121279598e-05
    4.100000   0.95547037 -8.8965770971893585e-05
    4.100000   1.02024053 -8.5160161612068283e-05
    4.100000   1.08501108 -8.1694236911179877e-05
    4.100000   1.14978193 -7.8624240425919365e-05
    4.100000   1.21455301 -7.5982911176395517e-05
    4.100000   1.27932429 -7.3785646306407074e-05
    4.100000   1.34409571 -7.2036303883829666e-05
    4.100000   1.40886724 -7.0732173927746784e-05
    4.100000   1.47363885 -6.9867919106589353e-05
    4.100000   1.53841049 -6.9438452867624770e-05
    4.100000   1.60318216 -6.9440801640285497e-05
    4.100000   1.66795381 -6.9875014074732378e-05
    4.100000   1.73272541 -7.0744157675347970e-05
    4.100000   1.79749694 -7.2053402232276318e-05
    4.100000   1.86226837 -7.3808148557181607e-05
    4.100000   1.92703964 -7.6011138630997471e-05
    4.100000   1.99181073 -7.8658500007462698e-05
    4.100000   2.05658157 -8.1734756929680325e-05
    4.100000   2.12135212 -8.5207008076174237e-05
    4.100000   2.18612229 -8.9018745800489610e-05
    4.100000   2.25089198 -9.3084175476131081e-05
    4.100000   2.31566107 -9.7284349181316659e-05
    4.100000   2.38042940 -1.0146685667799393e-04
    4.100000   2.44519674 -1.0545104029258900e-04
    4.100000   2.50996278 -1.0904046822779065e-04
    4.100000   2.57472706 -1.1204344544842630e-04
    4.100000   2.63948889 -1.1430050084679110e-04
    4.100000   2.70424717 -1.1571518754010896e-04
    4.100000   2.76900006 -1.1628174933993851e-04
    4.100000   2.83374417 -1.1610130835422164e-04
    4.100000   2.89847256 -1.1537851989500741e-04
    4.100000   2.96316844 -1.1439407169092636e-04
    4.100000   3.02777863 -1.1345481867616118e-04
    4.100000   3.09200950 -1.1283088600951658e-04
    4.150000   0.04958315 -1.2234044138356023e-04
    4.150000   0.11381403 -1.2232797304452002e-04
    4.150000   0.17842421 -1.2219276584092613e-04
    4.150000   0.24312010 -1.2177204500383242e-04
    4.150000   0.30784849 -1.2088875380441242e-04
    4.150000   0.37259260 -1.1939418346418337e-04
    4.150000   0.43734549 -1.1720058423686349e-04
    4.150000   0.50210377 -1.1429716972452525e-04
    4.150000   0.56686560 -1.1074862376791398e-04
    4.150000   0.63162987 -1.0667990700238101e-04
    4.150000   0.69639591 -1.0225357351500309e-04
    4.150000   0.76116325 -9.7645863961726926e-05
    4.150000   0.82593158 -9.3026279975580277e-05
    4.150000   0.89070068 -8.8543163037340514e-05
    4.150000   0.95547037 -8.4315808084217279e-05
    4.150000   1.02024053 -8.0432268471692230e-05
    4.150000   1.08501108 -7.6951334069128252e-05
    4.150000   1.14978193 -7.3907050161723119e-05
    4.150000   1.21455301 -7.1314375348668828e-05
    4.150000   1.27932429 -6.9174952804951242e-05
    4.150000   1.34409571 -6.7482351793083463e-05
    4.150000   1.40886724 -6.6226449841063690e-05
    4.150000   1.47363885 -6.5396844496007055e-05
    4.150000   1.53841049 -6.4985310987132437e-05
    4.150000   1.60318216 -6.4987376390094215e-05
    4.150000   1.66795381 -6.5403083414339628e-05
    4.150000   1.73272541 -6.6236987585260431e-05
    4.150000   1.79749694 -6.7497387304987677e-05
    4.150000   1.86226837 -6.9194742037885769e-05
    4.150000   1.92703964 -7.1339204687930507e-05
    4.150000   1.99181073 -7.3937197116578709e-05
    4.150000   2.05658157 -7.6987012625619124e-05
    4.150000   2.12135212 -8.0473557621415636e-05
    4.150000   2.18612229 -8.4362564519434606e-05
    4.150000   2.25089198 -8.8594923113207157e-05
    4.150000   2.31566107 -9.3082161756350706e-05
    4.150000   2.38042940 -9.7704486856108866e-05
    4.150000   2.44519674 -1.0231301916319164e-04
    4.150000   2.50996278 -1.0673774826855705e-04
    4.150000   2.57472706 -1.1080204593243315e-04
    4.150000   2.63948889 -1.1434319672482755e-04
    4.150000   2.70424717 -1.1723640250449810e-04
    4.150000   2.76900006 -1.1941752939707023e-04
    4.150000   2.83374417 -1.2089830489122593e-04
    4.150000   2.89847256 -1.2176773811374438e-04
    4.150000   2.96316844 -1.2217596716863316e-04
    4.150000   3.02777863 -1.2230144560685245e-04
    4.150000   3.09200950 -1.2230809248235062e-04
    4.200000   0.04958315 -1.2738909009125376e-04
    4.200000   0.11381403 -1.2691970123824019e-04
    4.200000   0.17842421 -1.2601464665767446e-04
    4.200000   0.24312010 -1.2459053682725032e-04
    4.200000   0.30784849 -1.2256605386253455e-04
    4.200000   0.37259260 -1.1988944089689442e-04
    4.200000   0.43734549 -1.1655826253256150e-04
    4.200000   0.50210377 -1.1262691103748334e-04
    4.200000   0.56686560 -1.0820163205376760e-04
    4.200000   0.63162987 -1.0342622878639423e-04
    4.200000   0.69639591 -9.8463251946544217e-05
    4.200000   0.76116325 -9.3475365897648669e-05
    4.200000   0.82593158 -8.8610279781610145e-05
    4.200000   0.89070068 -8.3990910753242598e-05
    4.200000   0.95547037 -7.9710917208919717e-05
    4.200000   1.02024053 -7.5834720473937162e-05
    4.200000   1.08501108 -7.2400670219161458e-05
    4.200000   1.14978193 -6.9425982205408756e-05
    4.200000   1.21455301 -6.6912310290449312e-05
    4.200000   1.27932429 -6.4851148700240550e-05
    4.200000   1.34409571 -6.3228585820715978e-05
    4.200000   1.40886724 -6.2029189802067643e-05
    4.200000   1.47363885 -6.1238981286483547e-05
    4.200000   1.53841049 -6.0847545473328326e-05
    4.200000   1.60318216 -6.0849370990272343e-05
    4.200000   1.66795381 -6.1244495284639092e-05
    4.200000   1.73272541 -6.2038502268733011e-05
    4.200000   1.79749694 -6.3241871773704006e-05
    4.200000   1.86226837 -6.4868634229389537e-05
    4.200000   1.92703964 -6.6934250151401309e-05
    4.200000   1.99181073 -6.9452626559420692e-05
    4.200000   2.05658157 -7.2432218227349128e-05
    4.200000   2.12135212 -7.5871259388219040e-05
    4.200000   2.18612229 -7.9752347680443970e-05
    4.200000   2.25089198 -8.4036862549741504e-05
    4.200000   2.31566107 -8.8660026954648320e-05
    4.200000   2.38042940 -9.3527756153571561e-05
    4.200000   2.44519674 -9.8516670307983222e-05
    4.200000   2.50996278 -1.0347861855194129e-04
    4.200000   2.57472706 -1.0825059404886944e-04
    4.200000   2.63948889 -1.1266989299317569e-04
    4.200000   2.70424717 -1.1659283348604563e-04
    4.200000   2.76900006 -1.1991362294099297e-04
    4.200000   2.83374417 -1.2257866080946802e-04
    4.200000   2.89847256 -1.2459145402374713e-04
    4.200000   2.96316844 -1.2600498542866915e-04
    4.200000   3.02777863 -1.2690177854464806e-04
    4.200000   3.09200950 -1.2736621529943514e-04
    4.250000   0.04958315 -1.2908780697453565e-04
    4.250000   0.11381403 -1.2829575758160051e-04
    4.250000   0.17842421 -1.2684882973892372e-04
    4.250000   0.24312010 -1.2472226501727469e-04
    4.250000   0.30784849 -1.2190519870768506e-04
    4.250000   0.37259260 -1.1841680140414258e-04
    4.250000   0.43734549 -1.1431644195948455e-04
    4.250000   0.50210377 -1.0970490913431516e-04
    4.250000   0.56686560 -1.0471696101102491e-04
    4.250000   0.63162987 -9.9507865297823053e-05
    4.250000   0.69639591 -9.4237659557081259e-05
    4.250000   0.76116325 -8.9056613579673231e-05
    4.250000   0.82593158 -8.4094276295656464e-05
    4.250000   0.89070068 -7.9453123851035506e-05
    4.250000   0.95547037 -7.5206654753765933e-05
    4.250000   1.02024053 -7.1401031999963812e-05
    4.250000   1.08501108 -6.8059071251025581e-05
    4.250000   1.14978193 -6.5185412982812207e-05
    4.250000   1.21455301 -6.2771949519217050e-05
    4.250000   1.27932429 -6.0802876871819165e-05
    4.250000   1.34409571 -5.9259020202168100e-05
    4.250000   1.40886724 -5.8121297161377307e-05
    4.250000   1.47363885 -5.7373323957488183e-05
    4.250000   1.53841049 -5.7003242064372740e-05
    4.250000   1.60318216 -5.7004864236736522e-05
    4.250000   1.66795381 -5.7378223270304871e-05
    4.250000   1.73272541 -5.8129570036552702e-05
    4.250000   1.79749694 -5.9270820408127989e-05
    4.250000   1.86226837 -6.0818403813408513e-05
    4.250000   1.92703964 -6.2791429370915141e-05
    4.250000   1.99181073 -6.5209070579785321e-05
    4.250000   2.05658157 -6.8087090735269247e-05
    4.250000   2.12135212 -7.1433504995211330e-05
    4.250000   2.18612229 -7.5243516589805923e-05
    4.250000   2.25089198 -7.9494081288538395e-05
    4.250000   2.31566107 -8.4138734312661702e-05
    4.250000   2.38042940 -8.9103613648153413e-05
    4.250000   2.44519674 -9.4285846430875337e-05
    4.250000   2.50996278 -9.9555501952884075e-05
    4.250000   2.57472706 -1.0476200989582088e-04
    4.250000   2.63948889 -1.0974519039737021e-04
    4.250000   2.70424717 -1.1434986517061415e-04
    4.250000   2.76900006 -1.1844164813504800e-04
    4.250000   2.83374417 -1.2192041361577296e-04
    4.250000   2.89847256 -1.2472769921590324e-04
    4.250000   2.96316844 -1.2684537853029115e-04
    4.250000   3.02777863 -1.2828534839793437e-04
    4.250000   3.09200950 -1.2907322008640223e-04
    4.300000   0.04958315 -1.2828368796160278e-04
    4.300000   0.11381403 -1.2727270792754243e-04
    4.300000   0.17842421 -1.2546000705993573e-04
    4.300000   0.24312010 -1.2286336592679756e-04
    4.300000   0.30784849 -1.1952275817058069e-04
    4.300000   0.37259260 -1.1550808390925966e-04
    4.300000   0.43734549 -1.1092226341037896e-04
    4.300000   0.50210377 -1.0589790144763386e-04
    4.300000   0.56686560 -1.0058815123933836e-04
    4.300000   0.63162987 -9.5154051157698904e-05
    4.300000   0.69639591 -8.9751234457514657e-05
    4.300000   0.76116325 -8.4518571176156793e-05
    4.300000   0.82593158 -7.9570360277953520e-05
    4.300000   0.89070068 -7.4992600216247082e-05
    4.300000   0.95547037 -7.0842972013557436e-05
    4.300000   1.02024053 -6.7153632849592458e-05
    4.300000   1.08501108 -6.3935740493146811e-05
    4.300000   1.14978193 -6.1184715581531044e-05
    4.300000   1.21455301 -5.8885478555908635e-05
    4.300000   1.27932429 -5.7017167374802602e-05
    4.300000   1.34409571 -5.5557083188762882e-05
    4.300000   1.40886724 -5.4483791600403974e-05
    4.300000   1.47363885 -5.3779420486410469e-05
    4.300000   1.53841049 -5.3431249897448028e-05
    4.300000   1.60318216 -5.3432699383975246e-05
    4.300000   1.66795381 -5.3783797638506145e-05
    4.300000   1.73272541 -5.4491180856484137e-05
    4.300000   1.79749694 -5.5567619485376054e-05
    4.300000   1.86226837 -5.7031026329188738e-05
    4.300000   1.92703964 -5.8902860590383101e-05
    4.300000   1.99181073 -6.1205822186260407e-05
    4.300000   2.05658157 -6.3960740883147263e-05
    4.300000   2.12135212 -6.7182619918729016e-05
    4.300000   2.18612229 -7.0875907957920344e-05
    4.300000   2.25089198 -7.5029254673621401e-05
    4.300000   2.31566107 -7.9610247310651848e-05
    4.300000   2.38042940 -8.4560895562797007e-05
    4.300000   2.44519674 -8.9794861696826050e-05
    4.300000   2.50996278 -9.5197517902687712e-05
    4.300000   2.57472706 -1.0062973177784064e-04
    4.300000   2.63948889 -1.0593573969179619e-04
    4.300000   2.70424717 -1.1095456803206176e-04
    4.300000   2.76900006 -1.1553336804885401e-04
    4.300000   2.83374417 -1.1954008818421537e-04
    4.300000   2.89847256 -1.2287257133745740e-04
    4.300000   2.96316844 -1.2546180172397651e-04
    4.300000   3.02777863 -1.2726868357816932e-04
    4.300000   3.09200950 -1.2827616398737989e-04
    4.350000   0.04958315 -1.2564563381649784e-04
    4.350000   0.11381403 -1.2449526369048646e-04
    4.350000   0.17842421 -1.2245177444376306e-04
    4.350000   0.24312010 -1.1956306790495181e-04
    4.350000   0.30784849 -1.1590481808999174e-04
    4.350000   0.37259260 -1.1158206677370431e-04
    4.350000   0.43734549 -1.0672720447345815e-04
    4.350000   0.50210377 -1.0149341785272321e-04
    4.350000   0.56686560 -9.6044484761089374e-05
    4.350000   0.63162987 -9.0542879329180232e-05
    4.350000   0.69639591 -8.5138450066473521e-05
    4.350000   0.76116325 -7.9959527816549390e-05
    4.350000   0.82593158 -7.5107505974130294e-05
    4.350000   0.89070068 -7.0655059806988321e-05
    4.350000   0.95547037 -6.6647490666758675e-05
    4.350000   1.02024053 -6.3106304826090424e-05
    4.350000   1.08501108 -6.0034051250910222e-05
    4.350000   1.14978193 -5.7419562936119018e-05
    4.350000   1.21455301 -5.5242970629158947e-05
    4.350000   1.27932429 -5.3480101505678845e-05
    4.350000   1.34409571 -5.2106085275798269e-05
    4.350000   1.40886724 -5.1098142433875334e-05
    4.350000   1.47363885 -5.0437621159955800e-05
    4.350000   1.53841049 -5.0111389611263840e-05
    4.350000   1.60318216 -5.0112692095147086e-05
    4.350000   1.66795381 -5.0441553692522862e-05
    4.350000   1.73272541 -5.1104778890947037e-05
    4.350000   1.79749694 -5.2115543943265048e-05
    4.350000   1.86226837 -5.3492536850131714e-05
    4.350000   1.92703964 -5.5258559942253051e-05
    4.350000   1.99181073 -5.7438486295954766e-05
    4.350000   2.05658157 -6.0056463285908391e-05
    4.350000   2.12135212 -6.3132297306937957e-05
    4.350000   2.18612229 -6.6677046189318401e-05
    4.350000   2.25089198 -7.0687998918537333e-05
    4.350000   2.31566107 -7.5143433040877349e-05
    4.350000   2.38042940 -7.9997784443167514e-05
    4.350000   2.44519674 -8.5178088241831759e-05
    4.350000   2.50996278 -9.0582668496078773e-05
    4.350000   2.57472706 -9.6082966179881834e-05
    4.350000   2.63948889 -1.0152901455559121e-04
    4.350000   2.70424717 -1.0675838521850606e-04
    4.350000   2.76900006 -1.1160754871754833e-04
    4.350000   2.83374417 -1.1592377839233733e-04
    4.350000   2.89847256 -1.1957532371377975e-04
    4.350000   2.96316844 -1.2245788841756561e-04
    4.350000   3.02777863 -1.2449654129052082e-04
    4.350000   3.09200950 -1.2564399782207761e-04
    4.400000   0.04958315 -1.2169917153848936e-04
    4.400000   0.11381403 -1.2046983745147502e-04
    4.400000   0.17842421 -1.1829804501009198e-04
    4.400000   0.24312010 -1.1525229062795336e-04
    4.400000   0.30784849 -1.1143233842765526e-04
    4.400000   0.37259260 -1.0696642392526022e-04
    4.400000   0.43734549 -1.0200562890555782e-04
    4.400000   0.50210377 -9.6715145142773409e-05
    4.400000   0.56686560 -9.1263476043539125e-05
    4.400000   0.63162987 -8.5811287367625717e-05
    4.400000   0.69639591 -8.0501679635289826e-05
    4.400000   0.76116325 -7.5453207365838704e-05
    4.400000   0.82593158 -7.0756258387552536e-05
    4.400000   0.89070068 -6.6472697922855166e-05
    4.400000   0.95547037 -6.2638164714452885e-05
    4.400000   1.02024053 -5.9266151554502622e-05
    4.400000   1.08501108 -5.6352985039954334e-05
    4.400000   1.14978193 -5.3882962135258993e-05
    4.400000   1.21455301 -5.1833117739708625e-05
    4.400000   1.27932429 -5.0177318836980571e-05
    4.400000   1.34409571 -4.8889564839749801e-05
    4.400000   1.40886724 -4.7946503134287784e-05
    4.400000   1.47363885 -4.7329243564698182e-05
    4.400000   1.53841049 -4.7024584846807020e-05
    4.400000   1.60318216 -4.7025761811040823e-05
    4.400000   1.66795381 -4.7332796366465136e-05
    4.400000   1.73272541 -4.7952496360317693e-05
    4.400000   1.79749694 -4.8898102089015049e-05
    4.400000   1.86226837 -5.0188535819988322e-05
    4.400000   1.92703964 -5.1847171040047394e-05
    4.400000   1.99181073 -5.3900012291722289e-05
    4.400000   2.05658157 -5.6373172637339507e-05
    4.400000   2.12135212 -5.9289565462979318e-05
    4.400000   2.18612229 -6.2664802659995634e-05
    4.400000   2.25089198 -6.6502421336059610e-05
    4.400000   2.31566107 -7.0788745969926198e-05
    4.400000   2.38042940 -7.5487914790580598e-05
    4.400000   2.44519674 -8.0537815664348243e-05
    4.400000   2.50996278 -8.5847818420628245e-05
    4.400000   2.57472706 -9.1299170625045174e-05
    4.400000   2.63948889 -9.6748665338668657e-05
    4.400000   2.70424717 -1.0203566788847846e-04
    4.400000   2.76900006 -1.0699187686587363e-04
    4.400000   2.83374417 -1.1145248186141159e-04
    4.400000   2.89847256 -1.1526693600174468e-04
    4.400000   2.96316844 -1.1830762988631631e-04
    4.400000   3.02777863 -1.2047542526901103e-04
    4.400000   3.09200950 -1.2170234706287794e-04
    4.450000   0.04958315 -1.1685471618826142e-04
    4.450000   0.11381403 -1.1559178748104584e-04
    4.450000   0.17842421 -1.1336857061345997e-04
    4.450000   0.24312010 -1.1026690003497255e-04
    4.450000   0.30784849 -1.0640179336141461e-04
    4.450000   0.37259260 -1.0191559881542735e-04
    4.450000   0.43734549 -9.6969916984566173e-05
    4.450000   0.50210377 -9.1735471106486018e-05
    4.450000   0.56686560 -8.6381077211915774e-05
    4.450000   0.63162987 -8.1063219074298951e-05
    4.450000   0.69639591 -7.5917623005864791e-05
    4.450000   0.76116325 -7.1053757444040783e-05
    4.450000   0.82593158 -6.6552554725028576e-05
    4.450000   0.89070068 -6.2467074521858326e-05
    4.450000   0.95547037 -5.8825436339384404e-05
    4.450000   1.02024053 -5.5635184403662789e-05
    4.450000   1.08501108 -5.2888279627838055e-05
    4.450000   1.14978193 -5.0566069759984488e-05
    4.450000   1.21455301 -4.8643796325886750e-05
    4.450000   1.27932429 -4.7094398552901382e-05
    4.450000   1.34409571 -4.5891536787574525e-05
    4.450000   1.40886724 -4.5011868712718778e-05
    4.450000   1.47363885 -4.4436672894147750e-05
    4.450000   1.53841049 -4.4152935077284863e-05
    4.450000   1.60318216 -4.4154004466236034e-05
    4.450000   1.66795381 -4.4439900190653470e-05
    4.450000   1.73272541 -4.5017310353114525e-05
    4.450000   1.79749694 -4.5899283447540696e-05
    4.450000   1.86226837 -4.7104569355465187e-05
    4.450000   1.92703964 -4.8656529377437017e-05
    4.450000   1.99181073 -5.0581507859478344e-05
    4.450000   2.05658157 -5.2906550015161540e-05
    4.450000   2.12135212 -5.5656371791852849e-05
    4.450000   2.18612229 -5.8849549354662562e-05
    4.450000   2.25089198 -6.2494007166491130e-05
    4.450000   2.31566107 -6.6582046585327047e-05
    4.450000   2.38042940 -7.1085358887821047e-05
    4.450000   2.44519674 -7.5950674048119135e-05
    4.450000   2.50996278 -8.1096852099674604e-05
    4.450000   2.57472706 -8.6414253258561559e-05
    4.450000   2.63948889 -9.1767055936116135e-05
    4.450000   2.70424717 -9.6998796241930593e-05
    4.450000   2.76900006 -1.0194082186126939e-04
    4.450000   2.83374417 -1.0642272489043180e-04
    4.450000   2.89847256 -1.1028335057572970e-04
    4.450000   2.96316844 -1.1338087490722431e-04
    4.450000   3.02777863 -1.1560080582938151e-04
    4.450000   3.09200950 -1.1686174754004696e-04
    4.500000   0.04958315 -1.1143048481590637e-04
    4.500000   0.11381403 -1.1016751428563181e-04
    4.500000   0.17842421 -1.0794965282144644e-04
    4.500000   0.24312010 -1.0486659455508467e-04
    4.500000   0.30784849 -1.0104194900541586e-04
    4.500000   0.37259260 -9.6625347482926063e-05
    4.500000   0.43734549 -9.1782787521448250e-05
    4.500000   0.50210377 -8.6685708244337622e-05
    4.500000   0.56686560 -8.1499999942704105e-05
    4.500000   0.63162987 -7.6376281034450298e-05
    4.500000   0.69639591 -7.1442546393473907e-05
    4.500000   0.76116325 -6.6799812906835902e-05
    4.500000   0.82593158 -6.2520831060172507e-05
    4.500000   0.89070068 -5.8651456008132172e-05
    4.500000   0.95547037 -5.5213975263694064e-05
    4.500000   1.02024053 -5.2211593452726528e-05
    4.500000   1.08501108 -4.9633340071163501e-05
    4.500000   1.14978193 -4.7458829498371458e-05
    4.500000   1.21455301 -4.5662499802043710e-05
    4.500000   1.27932429 -4.4217140704017929e-05
    4.500000   1.34409571 -4.3096665016882215e-05
    4.500000   1.40886724 -4.2278173417064763e-05
    4.500000   1.47363885 -4.1743412933731022e-05
    4.500000   1.53841049 -4.1479744114427879e-05
    4.500000   1.60318216 -4.1480720897357755e-05
    4.500000   1.66795381 -4.1746359982125390e-05
    4.500000   1.73272541 -4.2283140032495617e-05
    4.500000   1.79749694 -4.3103730531468499e-05
    4.500000   1.86226837 -4.4226409611421922e-05
    4.500000   1.92703964 -4.5674093777549626e-05
    4.500000   1.99181073 -4.7472875315182737e-05
    4.500000   2.05658157 -4.9649952434474054e-05
    4.500000   2.12135212 -5.2230852091219313e-05
    4.500000   2.18612229 -5.5235896360323208e-05
    4.500000   2.25089198 -5.8675959312290388e-05
    4.500000   2.31566107 -6.2547705805290159e-05
    4.500000   2.38042940 -6.6828687791810354e-05
    4.500000   2.44519674 -7.1472870951243739e-05
    4.500000   2.50996278 -7.6407327004079429e-05
    4.500000   2.57472706 -8.1530890883939604e-05
    4.500000   2.63948889 -8.6715482740390982e-05
    4.500000   2.70424717 -9.1810495520547341e-05
    4.500000   2.76900006 -9.6650171154390375e-05
    4.500000   2.83374417 -1.0106333062859241e-04
    4.500000   2.89847256 -1.0488434711303543e-04
    4.500000   2.96316844 -1.0796402706833814e-04
    4.500000   3.02777863 -1.1017920107540825e-04
    4.500000   3.09200950 -1.1144054299094064e-04
    4.550000   0.04958315 -1.0567105265768497e-04
    4.550000   0.11381403 -1.0443236029925880e-04
    4.550000   0.17842421 -1.0226092890781944e-04
    4.550000   0.24312010 -9.9250222719727359e-05
    4.550000   0.30784849 -9.5527481794446971e-05
    4.550000   0.37259260 -9.1244552892963545e-05
    4.550000   0.43734549 -8.6567315643246972e-05
    4.550000   0.50210377 -8.1664410782399140e-05
    4.550000   0.56686560 -7.6696487719769640e-05
    4.550000   0.63162987 -7.1807159406995645e-05
    4.550000   0.69639591 -6.7116543822675042e-05
    4.550000   0.76116325 -6.2717796348249648e-05
    4.550000   0.82593158 -5.8676540044835659e-05
    4.550000   0.89070068 -5.5032706451508706e-05
    4.550000   0.95547037 -5.1804076129687434e-05
    4.550000   1.02024053 -4.8990760744711702e-05
    4.550000   1.08501108 -4.6579956780177556e-05
    4.550000   1.14978193 -4.4550466045665247e-05
    4.550000   1.21455301 -4.2876664443142224e-05
    4.550000   1.27932429 -4.1531768265796764e-05
    4.550000   1.34409571 -4.0490375524111529e-05
    4.550000   1.40886724 -3.9730342782357370e-05
    4.550000   1.47363885 -3.9234099995860737e-05
    4.550000   1.53841049 -3.8989515712024743e-05
    4.550000   1.60318216 -3.8990412362257443e-05
    4.550000   1.66795381 -3.9236804526353979e-05
    4.550000   1.73272541 -3.9734898263451234e-05
    4.550000   1.79749694 -4.0496851355479421e-05
    4.550000   1.86226837 -4.1540256074210819e-05
    4.550000   1.92703964 -4.2887271341409476e-05
    4.550000   1.99181073 -4.4563304400015929e-05
    4.550000   2.05658157 -4.6595129643337166e-05
    4.550000   2.12135212 -4.9008342379594954e-05
    4.550000   2.18612229 -5.1824087675824389e-05
    4.550000   2.25089198 -5.5055087851971968e-05
    4.550000   2.31566107 -5.8701120858341184e-05
    4.550000   2.38042940 -6.2744269876425197e-05
    4.550000   2.44519674 -6.7144450731547293e-05
    4.550000   2.50996278 -7.1835888124399658e-05
    4.550000   2.57472706 -7.6725298592069874e-05
    4.550000   2.63948889 -8.1692488562769373e-05
    4.550000   2.70424717 -8.6593850029227185e-05
    4.550000   2.76900006 -9.1268839960347364e-05
    4.550000   2.83374417 -9.5549031699707749e-05
    4.550000   2.89847256 -9.9268853222101640e-05
    4.550000   2.96316844 -1.0227682257410121e-04
    4.550000   3.02777863 -1.0444606740038036e-04
    4.550000   3.09200950 -1.0568343143963826e-04
    4.600000   0.04958315 -9.9762360553657742e-05
    4.600000   0.11381403 -9.8565090268229946e-05
    4.600000   0.17842421 -9.6468957543789484e-05
    4.600000   0.24312010 -9.3568187960777675e-05
    4.600000   0.30784849 -8.9990014840235293e-05
    4.600000   0.37259260 -8.5884806051586784e-05
    4.600000   0.43734549 -8.1415062058592090e-05
    4.600000   0.50210377 -7.6744126839705618e-05
    4.600000   0.56686560 -7.2025814772079641e-05
    4.600000   0.63162987 -6.7396017100332939e-05
    4.600000   0.69639591 -6.2966993523152806e-05
    4.600000   0.76116325 -5.8824590786121844e-05
    4.600000   0.82593158 -5.5028184322643000e-05
    4.600000   0.89070068 -5.1612808851413927e-05
    4.600000   0.95547037 -4.8592775789437815e-05
    4.600000   1.02024053 -4.5966063262767116e-05
    4.600000   1.08501108 -4.3718866986027354e-05
    4.600000   1.14978193 -4.1829863265549033e-05
    4.600000   1.21455301 -4.0273910273181639e-05
    4.600000   1.27932429 -3.9025066972411849e-05
    4.600000   1.34409571 -3.8058923738540379e-05
    4.600000   1.40886724 -3.7354311261731377e-05
    4.600000   1.47363885 -3.6894489556509978e-05
    4.600000   1.53841049 -3.6667925304814466e-05
    4.600000   1.60318216 -3.6668752206439377e-05
    4.600000   1.66795381 -3.6896982996159352e-05
    4.600000   1.73272541 -3.7358508880201063e-05
    4.600000   1.79749694 -3.8064886260009533e-05
    4.600000   1.86226837 -3.9032874737971302e-05
    4.600000   1.92703964 -4.0283657532264619e-05
    4.600000   1.99181073 -4.1841649493610378e-05
    4.600000   2.05658157 -4.3732784503717956e-05
    4.600000   2.12135212 -4.5982180657661344e-05
    4.600000   2.18612229 -4.8611117171908338e-05
    4.600000   2.25089198 -5.1633329877902492e-05
    4.600000   2.31566107 -5.5050747194099965e-05
    4.600000   2.38042940 -5.8848941955973267e-05
    4.600000   2.44519674 -6.2992749328961195e-05
    4.600000   2.50996278 -6.7422663470459812e-05
    4.600000   2.57472706 -7.2052726919478706e-05
    4.600000   2.63948889 -7.6770612841204960e-05
    4.600000   2.70424717 -8.1440430149246415e-05
    4.600000   2.76900006 -8.5908449691894458e-05
    4.600000   2.83374417 -9.0011503316591004e-05
    4.600000   2.89847256 -9.3587345348309124e-05
    4.600000   2.96316844 -9.6485911386070517e-05
    4.600000   3.02777863 -9.8580274762442583e-05
    4.600000   3.09200950 -9.9776467151827802e-05
    4.650000   0.04958315 -9.3843834300151591e-05
    4.650000   0.11381403 -9.2699587772654930e-05
    4.650000   0.17842421 -9.0698197044000479e-05
    4.650000   0.24312010 -8.7932477861989221e-05
    4.650000   0.30784849 -8.4527046039044090e-05
    4.650000   0.37259260 -8.0628161322971083e-05
    4.650000   0.43734549 -7.6392656321964329e-05
    4.650000   0.50210377 -7.1976867981102903e-05
    4.650000   0.56686560 -6.7526740246775515e-05
    4.650000   0.63162987 -6.3170053712050033e-05
    4.650000   0.69639591 -5.9011353048237510e-05
    4.650000   0.76116325 -5.5129696737766684e-05
    4.650000   0.82593158 -5.1578952543314055e-05
    4.650000   0.89070068 -4.8390083348067091e-05
    4.650000   0.95547037 -4.5574741797497927e-05
    4.650000   1.02024053 -4.3129504858673909e-05
    4.650000   1.08501108 -4.1040189593626497e-05
    4.650000   1.14978193 -3.9285849567808960e-05
    4.650000   1.21455301 -3.7842214624014139e-05
    4.650000   1.27932429 -3.6684476669227740e-05
    4.650000   1.34409571 -3.5789426984657340e-05
    4.650000   1.40886724 -3.5137014374492027e-05
    4.650000   1.47363885 -3.4711423293912671e-05
    4.650000   1.53841049 -3.4501774986571282e-05
    4.650000   1.60318216 -3.4502540779000508e-05
    4.650000   1.66795381 -3.4713731803717848e-05
    4.650000   1.73272541 -3.5140898522356527e-05
    4.650000   1.79749694 -3.5794939935682953e-05
    4.650000   1.86226837 -3.6691688892725923e-05
    4.650000   1.92703964 -3.7851209044246588e-05
    4.650000   1.99181073 -3.9296714178500651e-05
    4.650000   2.05658157 -4.1053006913969656e-05
    4.650000   2.12135212 -4.3144337799415161e-05
    4.650000   2.18612229 -4.5591615955095276e-05
    4.650000   2.25089198 -4.8408966508292190e-05
    4.650000   2.31566107 -5.1599733253988430e-05
    4.650000   2.38042940 -5.5152165101015768e-05
    4.650000   2.44519674 -5.9035188133643233e-05
    4.650000   2.50996278 -6.3194822786277565e-05
    4.650000   2.57472706 -6.7551914820771427e-05
    4.650000   2.63948889 -7.2001859990604599e-05
    4.650000   2.70424717 -7.6416874344618159e-05
    4.650000   2.76900006 -8.0651081888045631e-05
    4.650000   2.83374417 -8.4548289786789635e-05
    4.650000   2.89847256 -8.7951876144161384e-05
    4.650000   2.96316844 -9.0715833283414778e-05
    4.650000   3.02777863 -9.2715800750710811e-05
    4.650000   3.09200950 -9.3859177356870398e-05
    4.700000   0.04958315 -8.8018155401675831e-05
    4.700000   0.11381403 -8.6934287007696355e-05
    4.700000   0.17842421 -8.5039860971194821e-05
    4.700000   0.24312010 -8.2424757796937758e-05
    4.700000   0.30784849 -7.9209156505252964e-05
    4.700000   0.37259260 -7.5533400710566233e-05
    4.700000   0.43734549 -7.1547116057831312e-05
    4.700000   0.50210377 -6.7398528926468902e-05
    4.700000   0.56686560 -6.3225106445778832e-05
    4.700000   0.63162987 -5.9146379135654484e-05
    4.700000   0.69639591 -5.5259412202993046e-05
    4.700000   0.76116325 -5.1636966694982396e-05
    4.700000   0.82593158 -4.8328030014104505e-05
    4.700000   0.89070068 -4.5360157807044287e-05
    4.700000   0.95547037 -4.2742974540435863e-05
    4.700000   1.02024053 -4.0472209508431079e-05
    4.700000   1.08501108 -3.8533758076535151e-05
    4.700000   1.14978193 -3.6907409287824706e-05
    4.700000   1.21455301 -3.5570032730069597e-05
    4.700000   1.27932429 -3.4498145270394557e-05
    4.700000   1.34409571 -3.3669870785206317e-05
    4.700000   1.40886724 -3.3066362440940160e-05
    4.700000   1.47363885 -3.2672782566716047e-05
    4.700000   1.53841049 -3.2478937266357364e-05
    4.700000   1.60318216 -3.2479649135666652e-05
    4.700000   1.66795381 -3.2674927918824392e-05
    4.700000   1.73272541 -3.3069970102532489e-05
    4.700000   1.79749694 -3.3674987351044358e-05
    4.700000   1.86226837 -3.4504832598099129e-05
    4.700000   1.92703964 -3.5578363805232471e-05
    4.700000   1.99181073 -3.6917461922340234e-05
    4.700000   2.05658157 -3.8545605906656782e-05
    4.700000   2.12135212 -4.0485909920901535e-05
    4.700000   2.18612229 -4.2758553536117550e-05
    4.700000   2.25089198 -4.5377592458343496e-05
    4.700000   2.31566107 -4.8347230085219022e-05
    4.700000   2.38042940 -5.1657758085227185e-05
    4.700000   2.44519674 -5.5281525930371819e-05
    4.700000   2.50996278 -5.9169450249389634e-05
    4.700000   2.57472706 -6.3248687096052920e-05
    4.700000   2.63948889 -6.7422118406381331e-05
    4.700000   2.70424717 -7.1570207768461230e-05
    4.700000   2.76900006 -7.5555541929308412e-05
    4.700000   2.83374417 -7.9230012382790606e-05
    4.700000   2.89847256 -8.2444167496990343e-05
    4.700000   2.96316844 -8.5057872776682830e-05
    4.700000   3.02777863 -8.6951161589077027e-05
    4.700000   3.09200950 -8.8034332160893061e-05
    4.750000   0.04958315 -8.2359123525523186e-05
    4.750000   0.11381403 -8.1339763748130089e-05
    4.750000   0.17842421 -7.9559047360001095e-05
    4.750000   0.24312010 -7.7102888988186960e-05
    4.750000   0.30784849 -7.4085817816741959e-05
    4.750000   0.37259260 -7.0641081945406559e-05
    4.750000   0.43734549 -6.6910134048775181e-05
    4.750000   0.50210377 -6.3032449197024712e-05
    4.750000   0.56686560 -5.9136736952187958e-05
    4.750000   0.63162987 -5.5334325533114681e-05
    4.750000   0.69639591 -5.1715102287894140e-05
    4.750000   0.76116325 -4.8345993974426487e-05
    4.750000   0.82593158 -4.5271643603664430e-05
    4.750000   0.89070068 -4.2516736611508427e-05
    4.750000   0.95547037 -4.0089358037163755e-05
    4.750000   1.02024053 -3.7984802554315432e-05
    4.750000   1.08501108 -3.6189371639970319e-05
    4.750000   1.14978193 -3.4683835397034284e-05
    4.750000   1.21455301 -3.3446377000045973e-05
    4.750000   1.27932429 -3.2454954226391349e-05
    4.750000   1.34409571 -3.1689095928974258e-05
    4.750000   1.40886724 -3.1131201457869210e-05
    4.750000   1.47363885 -3.0767433024686365e-05
    4.750000   1.53841049 -3.0588291880496273e-05
    4.750000   1.60318216 -3.0588955805285267e-05
    4.750000   1.66795381 -3.0769433342891589e-05
    4.750000   1.73272541 -3.1134563453267378e-05
    4.750000   1.79749694 -3.1693860499109945e-05
    4.750000   1.86226837 -3.2461175736493255e-05
    4.750000   1.92703964 -3.3454119741493375e-05
    4.750000   1.99181073 -3.4693168190845889e-05
    4.750000   2.05658157 -3.6200360128725085e-05
    4.750000   2.12135212 -3.7997498863430310e-05
    4.750000   2.18612229 -4.0103787810145277e-05
    4.750000   2.25089198 -4.2532883972417365e-05
    4.750000   2.31566107 -4.5289435372970673e-05
    4.750000   2.38042940 -4.8365285387233060e-05
    4.750000   2.44519674 -5.1735667356003831e-05
    4.750000   2.50996278 -5.5355855759162915e-05
    4.750000   2.57472706 -5.9158851969835187e-05
    4.750000   2.63948889 -6.3054721723775615e-05
    4.750000   2.70424717 -6.6932129132128034e-05
    4.750000   2.76900006 -7.0662407063979131e-05
    4.750000   2.83374417 -7.4106176654928246e-05
    4.750000   2.89847256 -7.7122128748000770e-05
    4.750000   2.96316844 -7.9577188546295751e-05
    4.750000   3.02777863 -8.1357003340979132e-05
    4.750000   3.09200950 -8.2375807250013820e-05
    4.800000   0.04958315 -7.6917969877860365e-05
    4.800000   0.11381403 -7.5964831522250638e-05
    4.800000   0.17842421 -7.4300465283199884e-05
    4.800000   0.24312010 -7.2006165461213105e-05
    4.800000   0.30784849 -6.9190058931986115e-05
    4.800000   0.37259260 -6.5977595851288186e-05
    4.800000   0.43734549 -6.2501523745530767e-05
    4.800000   0.50210377 -5.8892274541393977e-05
    4.800000   0.56686560 -5.5269763086463879e-05
    4.800000   0.63162987 -5.1737300582445737e-05
    4.800000   0.69639591 -4.8377943021947011e-05
    4.800000   0.76116325 -4.5253219549034499e-05
    4.800000   0.82593158 -4.2403890149230056e-05
    4.800000   0.89070068 -3.9852205493147154e-05
    4.800000   0.95547037 -3.7605088274943931e-05
    4.800000   1.02024053 -3.5657701835841032e-05
    4.800000   1.08501108 -3.3996981200193108e-05
    4.800000   1.14978193 -3.2604836014351437e-05
    4.800000   1.21455301 -3.1460864363228176e-05
    4.800000   1.27932429 -3.0544522619627795e-05
    4.800000   1.34409571 -2.9836771771579601e-05
    4.800000   1.40886724 -2.9321265442169387e-05
    4.800000   1.47363885 -2.8985163962883412e-05
    4.800000   1.53841049 -2.8819658925382763e-05
    4.800000   1.60318216 -2.8820279883786840e-05
    4.800000   1.66795381 -2.8987034346393309e-05
    4.800000   1.73272541 -2.9324407475390671e-05
    4.800000   1.79749694 -2.9841221423640529e-05
    4.800000   1.86226837 -3.0550327754321164e-05
    4.800000   1.92703964 -3.1468081690022007e-05
    4.800000   1.99181073 -3.2613526447529878e-05
    4.800000   2.05658157 -3.4007203236010129e-05
    4.800000   2.12135212 -3.5669502674820517e-05
    4.800000   2.18612229 -3.7618492691789356e-05
    4.800000   2.25089198 -3.9867202922506634e-05
    4.800000   2.31566107 -4.2420421110585520e-05
    4.800000   2.38042940 -4.5271163314469425e-05
    4.800000   2.44519674 -4.8397109184112839e-05
    4.800000   2.50996278 -5.1757427657423098e-05
    4.800000   2.57472706 -5.5290527172524798e-05
    4.800000   2.63948889 -5.8913310054985277e-05
    4.800000   2.70424717 -6.2522456232947385e-05
    4.800000   2.76900006 -6.5998084001928813e-05
    4.800000   2.83374417 -6.9209839774776079e-05
    4.800000   2.89847256 -7.2025094241995788e-05
    4.800000   2.96316844 -7.4318540736231428e-05
    4.800000   3.02777863 -7.5982198900674338e-05
    4.800000   3.09200950 -7.6934898132669221e-05
    4.850000   0.04958315 -7.1728414429064703e-05
    4.850000   0.11381403 -7.0841425295142902e-05
    4.850000   0.17842421 -6.9293023077067291e-05
    4.850000   0.24312010 -6.7159510590834436e-05
    4.850000   0.30784849 -6.4542206283525004e-05
    4.850000   0.37259260 -6.1558417797464847e-05
    4.850000   0.43734549 -5.8331979632300946e-05
    4.850000   0.50210377 -5.4984247910888027e-05
    4.850000   0.56686560 -5.1626484430566119e-05
    4.850000   0.63162987 -4.8354266812846731e-05
    4.850000   0.69639591 -4.5244194250142700e-05
    4.850000   0.76116325 -4.2352809332657360e-05
    4.850000   0.82593158 -3.9717388983021906e-05
    4.850000   0.89070068 -3.7358103566079775e-05
    4.850000   0.95547037 -3.5281002811624390e-05
    4.850000   1.02024053 -3.3481336659885631e-05
    4.850000   1.08501108 -3.1946823681231113e-05
    4.850000   1.14978193 -3.0660604828463214e-05
    4.850000   1.21455301 -2.9603739245007288e-05
    4.850000   1.27932429 -2.8757195546937329e-05
    4.850000   1.34409571 -2.8103360056346566e-05
    4.850000   1.40886724 -2.7627123581311564e-05
    4.850000   1.47363885 -2.7316625162696286e-05
    4.850000   1.53841049 -2.7163730767187154e-05
    4.850000   1.60318216 -2.7164312910817015e-05
    4.850000   1.66795381 -2.7318378210408519e-05
    4.850000   1.73272541 -2.7630067122017544e-05
    4.850000   1.79749694 -2.8107525805730282e-05
    4.850000   1.86226837 -2.8762625741813871e-05
    4.850000   1.92703964 -2.9610484003074086e-05
    4.850000   1.99181073 -3.0668718138192554e-05
    4.850000   2.05658157 -3.1956357689199871e-05
    4.850000   2.12135212 -3.3492334023156889e-05
    4.850000   2.18612229 -3.5293487117374007e-05
    4.850000   2.25089198 -3.7372068216575605e-05
    4.850000   2.31566107 -3.9732785499541637e-05
    4.850000   2.38042940 -4.2369536692349844e-05
    4.850000   2.44519674 -4.5262091505934572e-05
    4.850000   2.50996278 -4.8373111648048255e-05
    4.850000   2.57472706 -5.1646000202311136e-05
    4.850000   2.63948889 -5.5004120893185989e-05
    4.850000   2.70424717 -5.8351886466986910e-05
    4.850000   2.76900006 -6.1578060746577730e-05
    4.850000   2.83374417 -6.4561351235529411e-05
    4.850000   2.89847256 -6.7178020686876677e-05
    4.850000   2.96316844 -6.9310880162336635e-05
    4.850000   3.02777863 -7.0858732782606490e-05
    4.850000   3.09200950 -7.1745378541151223e-05
    4.900000   0.04958315 -6.6810705731244486e-05
    4.900000   0.11381403 -6.5988502841619166e-05
    4.900000   0.17842421 -6.4553493904339035e-05
    4.900000   0.24312010 -6.2576829846841924e-05
    4.900000   0.30784849 -6.0152871657546390e-05
    4.900000   0.37259260 -5.7390704588299249e-05
    4.900000   0.43734549 -5.4405280738307681e-05
    4.900000   0.50210377 -5.1309036552984814e-05
    4.900000   0.56686560 -4.8204850359292734e-05
    4.900000   0.63162987 -4.5180916827915763e-05
    4.900000   0.69639591 -4.2307767694929586e-05
    4.900000   0.76116325 -3.9637345132178025e-05
    4.900000   0.82593158 -3.7203792010482483e-05
    4.900000   0.89070068 -3.5025488183415673e-05
    4.900000   0.95547037 -3.3107831108981800e-05
    4.900000   1.02024053 -3.1446309283010596e-05
    4.900000   1.08501108 -3.0029515610153423e-05
    4.900000   1.14978193 -2.8841863597083768e-05
    4.900000   1.21455301 -2.7865878216024874e-05
    4.900000   1.27932429 -2.7084021259425440e-05
    4.900000   1.34409571 -2.6480072587168641e-05
    4.900000   1.40886724 -2.6040124735937831e-05
    4.900000   1.47363885 -2.5753263271146805e-05
    4.900000   1.53841049 -2.5612004541692788e-05
    4.900000   1.60318216 -2.5612551341410777e-05
    4.900000   1.66795381 -2.5754909521267218e-05
    4.900000   1.73272541 -2.6042887759377430e-05
    4.900000   1.79749694 -2.6483980437042669e-05
    4.900000   1.86226837 -2.7089111314711847e-05
    4.900000   1.92703964 -2.7872194880539552e-05
    4.900000   1.99181073 -2.8849454815938943e-05
    4.900000   2.05658157 -3.0038427920611668e-05
    4.900000   2.12135212 -3.1456581202643357e-05
    4.900000   2.18612229 -3.3119484864394991e-05
    4.900000   2.25089198 -3.5038520119700028e-05
    4.900000   2.31566107 -3.7218162492977395e-05
    4.900000   2.38042940 -3.9652969311272123e-05
    4.900000   2.44519674 -4.2324509041502489e-05
    4.900000   2.50996278 -4.5198585684351796e-05
    4.900000   2.57472706 -4.8223209666342606e-05
    4.900000   2.63948889 -5.1327816199879627e-05
    4.900000   2.70424717 -5.4424200548913223e-05
    4.900000   2.76900006 -5.7409503925001579e-05
    4.900000   2.83374417 -6.0171341405567015e-05
    4.900000   2.89847256 -6.2594840790270608e-05
    4.900000   2.96316844 -6.4571014949942721e-05
    4.900000   3.02777863 -6.6005603705198980e-05
    4.900000   3.09200950 -6.6827541538896099e-05
    4.950000   0.04958315 -6.2174837791997172e-05
    4.950000   0.11381403 -6.1415151373875342e-05
    4.950000   0.17842421 -6.0089434525718480e-05
    4.950000   0.24312010 -5.8263680210348443e-05
    4.950000   0.30784849 -5.6025330540070771e-05
    4.950000   0.37259260 -5.3475360619603446e-05
    4.950000   0.43734549 -5.0720042395677222e-05
    4.950000   0.50210377 -4.7863182635825306e-05
    4.950000   0.56686560 -4.4999633967425737e-05
    4.950000   0.63162987 -4.2210601779175195e-05
    4.950000   0.69639591 -3.9560944184170004e-05
    4.950000   0.76116325 -3.7098364794221641e-05
    4.950000   0.82593158 -3.4854178806714608e-05
    4.950000   0.89070068 -3.2845213632548400e-05
    4.950000   0.95547037 -3.1076381524239331e-05
    4.950000   1.02024053 -2.9543510866386607e-05
    4.950000   1.08501108 -2.8236114912926846e-05
    4.950000   1.14978193 -2.7139883292032014e-05
    4.950000   1.21455301 -2.6238781125175195e-05
    4.950000   1.27932429 -2.5516720565530835e-05
    4.950000   1.34409571 -2.4958825316034200e-05
    4.950000   1.40886724 -2.4552341205734078e-05
    4.950000   1.47363885 -2.4287259220970220e-05
    4.950000   1.53841049 -2.4156716549565170e-05
    4.950000   1.60318216 -2.4157230917360289e-05
    4.950000   1.66795381 -2.4288807518697528e-05
    4.950000   1.73272541 -2.4554938812183686e-05
    4.950000   1.79749694 -2.4962497137502523e-05
    4.950000   1.86226837 -2.5521499797468764e-05
    4.950000   1.92703964 -2.6244707232821841e-05
    4.950000   1.99181073 -2.7146998966719012e-05
    4.950000   2.05658157 -2.8244461763686698e-05
    4.950000   2.12135212 -2.9553123680644254e-05
    4.950000   2.18612229 -3.1087281102681689e-05
    4.950000   2.25089198 -3.2857398490392831e-05
    4.950000   2.31566107 -3.4867616434103140e-05
    4.950000   2.38042940 -3.7112983642037125e-05
    4.950000   2.44519674 -3.9576627994784608e-05
    4.950000   2.50996278 -4.2227188164626581e-05
    4.950000   2.57472706 -4.5016919063251939e-05
    4.950000   2.63948889 -4.7880933054922478e-05
    4.950000   2.70424717 -5.0738014496159184e-05
    4.950000   2.76900006 -5.3493325390831566e-05
    4.950000   2.83374417 -5.6043100546046598e-05
    4.950000   2.89847256 -5.8281133559502230e-05
    4.950000   2.96316844 -6.0106530371157132e-05
    4.950000   3.02777863 -6.1431932421158705e-05
    4.950000   3.09200950 -6.2191417676866036e-05
    5.000000   0.04958315 -5.7823102295033099e-05
    5.000000   0.11381403 -5.7123052156005455e-05
    5.000000   0.17842421 -5.5901500582538609e-05
    5.000000   0.24312010 -5.4219387131133313e-05
    5.000000   0.30784849 -5.2157407413729274e-05
    5.000000   0.37259260 -4.9808674513317164e-05
    5.000000   0.43734549 -4.7271102248300588e-05
    5.000000   0.50210377 -4.4640249014289081e-05
    5.000000   0.56686560 -4.2003356931163951e-05
    5.000000   0.63162987 -3.9435060158327177e-05
    5.000000   0.69639591 -3.6994933645642493e-05
    5.000000   0.76116325 -3.4726780699585707e-05
    5.000000   0.82593158 -3.2659359249449111e-05
    5.000000   0.89070068 -3.0808140869280908e-05
    5.000000   0.95547037 -2.9177677958085357e-05
    5.000000   1.02024053 -2.7764201623072110e-05
    5.000000   1.08501108 -2.6558158100951360e-05
    5.000000   1.14978193 -2.5546489149828206e-05
    5.000000   1.21455301 -2.4714552521079542e-05
    5.000000   1.27932429 -2.4047651223014975e-05
    5.000000   1.34409571 -2.3532190791041881e-05
    5.000000   1.40886724 -2.3156513166046901e-05
    5.000000   1.47363885 -2.2911467761283810e-05
    5.000000   1.53841049 -2.2790779454113656e-05
    5.000000   1.60318216 -2.2791263844707363e-05
    5.000000   1.66795381 -2.2912925565509567e-05
    5.000000   1.73272541 -2.3158958098004370e-05
    5.000000   1.79749694 -2.3535645059058148e-05
    5.000000   1.86226837 -2.4052144428270178e-05
    5.000000   1.92703964 -2.4720119872325289e-05
    5.000000   1.99181073 -2.5553168787399599e-05
    5.000000   2.05658157 -2.6565987326565717e-05
    5.000000   2.12135212 -2.7773211895973600e-05
    5.000000   2.18612229 -2.9187888665040345e-05
    5.000000   2.25089198 -3.0819552120883935e-05
    5.000000   2.31566107 -3.2671944295851900e-05
    5.000000   2.38042940 -3.4740478960085808e-05
    5.000000   2.44519674 -3.7009645729222145e-05
    5.000000   2.50996278 -3.9450646489302315e-05
    5.000000   2.57472706 -4.2019641528341157e-05
    5.000000   2.63948889 -4.4657029459366041e-05
    5.000000   2.70424717 -4.7288165856648265e-05
    5.000000   2.76900006 -4.9825819279591812e-05
    5.000000   2.83374417 -5.2174464736410344e-05
    5.000000   2.89847256 -5.4236242086005112e-05
    5.000000   2.96316844 -5.5918105126481158e-05
    5.000000   3.02777863 -5.7139427461028382e-05
    5.000000   3.09200950 -5.7839328419680130e-05
    5.050000   0.04958315 -5.3752104916001969e-05
    5.050000   0.11381403 -5.3108427375722865e-05
    5.050000   0.17842421 -5.1985275058678767e-05
    5.050000   0.24312010 -5.0438715659109035e-05
    5.050000   0.30784849 -4.8542963008581851e-05
    5.050000   0.37259260 -4.6383608865503466e-05
    5.050000   0.43734549 -4.4050610805813019e-05
    5.050000   0.50210377 -4.1631718724851812e-05
    5.050000   0.56686560 -3.9207013234913558e-05
    5.050000   0.63162987 -3.6844985467806582e-05
    5.050000   0.69639591 -3.4600308420565597e-05
    5.050000   0.76116325 -3.2513200481106995e-05
    5.050000   0.82593158 -3.0610102109950730e-05
    5.050000   0.89070068 -2.8905292333102988e-05
    5.050000   0.95547037 -2.7403056737326166e-05
    5.050000   1.02024053 -2.6100063030235258e-05
    5.050000   1.08501108 -2.4987678632113219e-05
    5.050000   1.14978193 -2.4054053817279416e-05
    5.050000   1.21455301 -2.3285876349899832e-05
    5.050000   1.27932429 -2.2669769416945595e-05
    5.050000   1.34409571 -2.2193350418517373e-05
    5.050000   1.40886724 -2.1845994784898413e-05
    5.050000   1.47363885 -2.1619359830250537e-05
    5.050000   1.53841049 -2.1507722878777703e-05
    5.050000   1.60318216 -2.1508179374078695e-05
    5.050000   1.66795381 -2.1620733468619933e-05
    5.050000   1.73272541 -2.1848297857669408e-05
    5.050000   1.79749694 -2.2196602825502131e-05
    5.050000   1.86226837 -2.2673997678307428e-05
    5.050000   1.92703964 -2.3291112015689379e-05
    5.050000   1.99181073 -2.4060331099269997e-05
    5.050000   2.05658157 -2.4995031086105875e-05
    5.050000   2.12135212 -2.6108519172723799e-05
    5.050000   2.18612229 -2.7412634606595566e-05
    5.050000   2.25089198 -2.8915993214270133e-05
    5.050000   2.31566107 -3.0621903933418003e-05
    5.050000   2.38042940 -3.2526051744338638e-05
    5.050000   2.44519674 -3.4614123806129707e-05
    5.050000   2.50996278 -3.6859644529030882e-05
    5.050000   2.57472706 -3.9222363461762442e-05
    5.050000   2.63948889 -4.1647583866392716e-05
    5.050000   2.70424717 -4.4066804460411061e-05
    5.050000   2.76900006 -4.6399952134677552e-05
    5.050000   2.83374417 -4.8559303690568333e-05
    5.050000   2.89847256 -5.0454945422022321e-05
    5.050000   2.96316844 -5.2001340708800249e-05
    5.050000   3.02777863 -5.3124333026375819e-05
    5.050000   3.09200950 -5.3767903553317495e-05
    5.100000   0.04958315 -4.9954350364063042e-05
    5.100000   0.11381403 -4.9363570297068232e-05
    5.100000   0.17842421 -4.8332704817799729e-05
    5.100000   0.24312010 -4.6913182548543735e-05
    5.100000   0.30784849 -4.5173060907681198e-05
    5.100000   0.37259260 -4.3190810496162621e-05
    5.100000   0.43734549 -4.1048883921934532e-05
    5.100000   0.50210377 -3.8827696073467562e-05
    5.100000   0.56686560 -3.6600630947988045e-05
    5.100000   0.63162987 -3.4430464304260547e-05
    5.100000   0.69639591 -3.2367334880959826e-05
    5.100000   0.76116325 -3.0448169477527075e-05
    5.100000   0.82593158 -2.8697304636289220e-05
    5.100000   0.89070068 -2.7127963277524918e-05
    5.100000   0.95547037 -2.5744232314365539e-05
    5.100000   1.02024053 -2.4543228459440455e-05
    5.100000   1.08501108 -2.3517211077791901e-05
    5.100000   1.14978193 -2.2655481909177513e-05
    5.100000   1.21455301 -2.1945986256146674e-05
    5.100000   1.27932429 -2.1376589916580706e-05
    5.100000   1.34409571 -2.0936047602326382e-05
    5.100000   1.40886724 -2.0614702718216475e-05
    5.100000   1.47363885 -2.0404968238702769e-05
    5.100000   1.53841049 -2.0301637763031436e-05
    5.100000   1.60318216 -2.0302068142109342e-05
    5.100000   1.66795381 -2.0406263119072534e-05
    5.100000   1.73272541 -2.0616873177268263e-05
    5.100000   1.79749694 -2.0939111568279352e-05
    5.100000   1.86226837 -2.1380571274160649e-05
    5.100000   1.92703964 -2.1950913418627781e-05
    5.100000   1.99181073 -2.2661385708348150e-05
    5.100000   2.05658157 -2.3524121827318094e-05
    5.100000   2.12135212 -2.4551172095689173e-05
    5.100000   2.18612229 -2.5753225627428876e-05
    5.100000   2.25089198 -2.7138008424516364e-05
    5.100000   2.31566107 -2.8708383376126171e-05
    5.100000   2.38042940 -3.0460237855358639e-05
    5.100000   2.44519674 -3.2380319363254393e-05
    5.100000   2.50996278 -3.4444260531300253e-05
    5.100000   2.57472706 -3.6615106217697751e-05
    5.100000   2.63948889 -3.8842696298402364e-05
    5.100000   2.70424717 -4.1064245068025665e-05
    5.100000   2.76900006 -4.3206373485539573e-05
    5.100000   2.83374417 -4.5188687856201816e-05
    5.100000   2.89847256 -4.6928771338196327e-05
    5.100000   2.96316844 -4.8348198733902543e-05
    5.100000   3.02777863 -4.9378960042640723e-05
    5.100000   3.09200950 -4.9969667190021230e-05
    5.150000   0.04958315 -4.6419481098774206e-05
    5.150000   0.11381403 -4.5878040739407904e-05
    5.150000   0.17842421 -4.4933222323656323e-05
    5.150000   0.24312010 -4.3632079911151567e-05
    5.150000   0.30784849 -4.2036876492564612e-05
    5.150000   0.37259260 -4.0219396085656463e-05
    5.150000   0.43734549 -3.8255063969013896e-05
    5.150000   0.50210377 -3.6217448360623614e-05
    5.150000   0.56686560 -3.4173704031630913e-05
    5.150000   0.63162987 -3.2181310596945071e-05
    5.150000   0.69639591 -3.0286223741084123e-05
    5.150000   0.76116325 -2.8522350834140106e-05
    5.150000   0.82593158 -2.6912115368181865e-05
    5.150000   0.89070068 -2.5467798898502171e-05
    5.150000   0.95547037 -2.4193338722882113e-05
    5.150000   1.02024053 -2.3086297331079295e-05
    5.150000   1.08501108 -2.2139784785408868e-05
    5.150000   1.14978193 -2.1344188586333237e-05
    5.150000   1.21455301 -2.0688633280157683e-05
    5.150000   1.27932429 -2.0162146101589351e-05
    5.150000   1.34409571 -1.9754542515640472e-05
    5.150000   1.40886724 -1.9457067438681531e-05
    5.150000   1.47363885 -1.9262836932493110e-05
    5.150000   1.53841049 -1.9167124654054665e-05
    5.150000   1.60318216 -1.9167530450912346e-05
    5.150000   1.66795381 -1.9264057717610805e-05
    5.150000   1.73272541 -1.9459113255243760e-05
    5.150000   1.79749694 -1.9757429610828273e-05
    5.150000   1.86226837 -2.0165896110241865e-05
    5.150000   1.92703964 -2.0693271932732347e-05
    5.150000   1.99181073 -2.1349743815837131e-05
    5.150000   2.05658157 -2.2146284112258240e-05
    5.150000   2.12135212 -2.3093764447358625e-05
    5.150000   2.18612229 -2.4201789291384307e-05
    5.150000   2.25089198 -2.5477235735692733e-05
    5.150000   2.31566107 -2.6922523391182913e-05
    5.150000   2.38042940 -2.8533692397275971e-05
    5.150000   2.44519674 -3.0298435218022534e-05
    5.150000   2.50996278 -3.2194301202745177e-05
    5.150000   2.57472706 -3.4187357831169639e-05
    5.150000   2.63948889 -3.6231630091709866e-05
    5.150000   2.70424717 -3.8269628686063735e-05
    5.150000   2.76900006 -4.0234201761963285e-05
    5.150000   2.83374417 -4.2051797781894258e-05
    5.150000   2.89847256 -4.3647020537698587e-05
    5.150000   2.96316844 -4.4948123344417048e-05
    5.150000   3.02777863 -4.5892882415701029e-05
    5.150000   3.09200950 -4.6434277318428187e-05
    5.200000   0.04958315 -4.3135238618992674e-05
    5.200000   0.11381403 -4.2639592441764208e-05
    5.200000   0.17842421 -4.1774615125646739e-05
    5.200000   0.24312010 -4.0583267734226310e-05
    5.200000   0.30784849 -3.9122399416753756e-05
    5.200000   0.37259260 -3.7457557836329061e-05
    5.200000   0.43734549 -3.5657627776177682e-05
    5.200000   0.50210377 -3.3789820040183352e-05
    5.200000   0.56686560 -3.1915520229843730e-05
    5.200000   0.63162987 -3.0087316972704603e-05
    5.200000   0.69639591 -2.8347315666948969e-05
    5.200000   0.76116325 -2.6726656192316990e-05
    5.200000   0.82593158 -2.5246020119513449e-05
    5.200000   0.89070068 -2.3916844773955313e-05
    5.200000   0.95547037 -2.2742952379744150e-05
    5.200000   1.02024053 -2.1722336877996503e-05
    5.200000   1.08501108 -2.0848909958447288e-05
    5.200000   1.14978193 -2.0114074188073546e-05
    5.200000   1.21455301 -1.9508052317863739e-05
    5.200000   1.27932429 -1.9020950728579736e-05
    5.200000   1.34409571 -1.8643569019561854e-05
    5.200000   1.40886724 -1.8367987667203277e-05
    5.200000   1.47363885 -1.8187973948990983e-05
    5.200000   1.53841049 -1.8099245975658242e-05
    5.200000   1.60318216 -1.8099628526733620e-05
    5.200000   1.66795381 -1.8189124700252320e-05
    5.200000   1.73272541 -1.8369915781852972e-05
    5.200000   1.79749694 -1.8646289313525533e-05
    5.200000   1.86226837 -1.9024482919288644e-05
    5.200000   1.92703964 -1.9512419846292530e-05
    5.200000   1.99181073 -2.0119302508583658e-05
    5.200000   2.05658157 -2.0855024195498821e-05
    5.200000   2.12135212 -2.1729358786282647e-05
    5.200000   2.18612229 -2.2750896625551601e-05
    5.200000   2.25089198 -2.3925714687728861e-05
    5.200000   2.31566107 -2.5255803249868487e-05
    5.200000   2.38042940 -2.6737320200437123e-05
    5.200000   2.44519674 -2.8358805295044168e-05
    5.200000   2.50996278 -3.0099552935430448e-05
    5.200000   2.57472706 -3.1928400833953496e-05
    5.200000   2.63948889 -3.3803226065002582e-05
    5.200000   2.70424717 -3.5671430618103165e-05
    5.200000   2.76900006 -3.7471630185695410e-05
    5.200000   2.83374417 -3.9136626944188736e-05
    5.200000   2.89847256 -4.0597559648118658e-05
    5.200000   2.96316844 -4.1788911275182362e-05
    5.200000   3.02777863 -4.2653865057476084e-05
    5.200000   3.09200950 -4.3149487802078254e-05
    5.250000   0.04958315 -4.0088203134103681e-05
    5.250000   0.11381403 -3.9634886242122014e-05
    5.250000   0.17842421 -3.8843693837828338e-05
    5.250000   0.24312010 -3.7753781748816061e-05
    5.250000   0.30784849 -3.6416971148370094e-05
    5.250000   0.37259260 -3.4893025408792806e-05
    5.250000   0.43734549 -3.3244772262694706e-05
    5.250000   0.50210377 -3.1533545159795885e-05
    5.250000   0.56686560 -2.9815406227309510e-05
    5.250000   0.63162987 -2.8138440295932052e-05
    5.250000   0.69639591 -2.6541215672500352e-05
    5.250000   0.76116325 -2.5052337467150260e-05
    5.250000   0.82593158 -2.3690899170614731e-05
    5.250000   0.89070068 -2.2467576673508279e-05
    5.250000   0.95547037 -2.1386100717496468e-05
    5.250000   1.02024053 -2.0444874769552960e-05
    5.250000   1.08501108 -1.9638558452154922e-05
    5.250000   1.14978193 -1.8959496490183556e-05
    5.250000   1.21455301 -1.8398928366561549e-05
    5.250000   1.27932429 -1.7947958057022705e-05
    5.250000   1.34409571 -1.7598294056330866e-05
    5.250000   1.40886724 -1.7342788034361043e-05
    5.250000   1.47363885 -1.7175808069868266e-05
    5.250000   1.53841049 -1.7093482216328609e-05
    5.250000   1.60318216 -1.7093842699406509e-05
    5.250000   1.66795381 -1.7176892365125366e-05
    5.250000   1.73272541 -1.7344604556932126e-05
    5.250000   1.79749694 -1.7600856404927935e-05
    5.250000   1.86226837 -1.7951284317377972e-05
    5.250000   1.92703964 -1.8403040029663879e-05
    5.250000   1.99181073 -1.8964416896844385e-05
    5.250000   2.05658157 -1.9644310680269983e-05
    5.250000   2.12135212 -2.0451478913540899e-05
    5.250000   2.18612229 -2.1393570579958847e-05
    5.250000   2.25089198 -2.2475916002981756e-05
    5.250000   2.31566107 -2.3700097733524876e-05
    5.250000   2.38042940 -2.5062367419723130e-05
    5.250000   2.44519674 -2.6552028862957898e-05
    5.250000   2.50996278 -2.8149967223102776e-05
    5.250000   2.57472706 -2.9827557341884701e-05
    5.250000   2.63948889 -3.1546214960060439e-05
    5.250000   2.70424717 -3.3257846185537889e-05
    5.250000   2.76900006 -3.4906388893514215e-05
    5.250000   2.83374417 -3.6430519582111685e-05
    5.250000   2.89847256 -3.7767429484169020e-05
    5.250000   2.96316844 -3.8857380317557792e-05
    5.250000   3.02777863 -3.9648577620373465e-05
    5.250000   3.09200950 -4.0101888647286732e-05
    5.300000   0.04958315 -3.7264356766114651e-05
    5.300000   0.11381403 -3.6850032708175240e-05
    5.300000   0.17842421 -3.6126799672372902e-05
    5.300000   0.24312010 -3.5130294292304397e-05
    5.300000   0.30784849 -3.3907691240778998e-05
    5.300000   0.37259260 -3.2513413520039058e-05
    5.300000   0.43734549 -3.1004702854105723e-05
    5.300000   0.50210377 -2.9437479053240998e-05
    5.300000   0.56686560 -2.7862907260745526e-05
    5.300000   0.63162987 -2.6324935209855789e-05
    5.300000   0.69639591 -2.4858887231457636e-05
    5.300000   0.76116325 -2.3491048205729203e-05
    5.300000   0.82593158 -2.2239062157597596e-05
    5.300000   0.89070068 -2.1112914606017739e-05
    5.300000   0.95547037 -2.0116260227802369e-05
    5.300000   1.02024053 -1.9247885168349738e-05
    5.300000   1.08501108 -1.8503141078023374e-05
    5.300000   1.14978193 -1.7875241787087690e-05
    5.300000   1.21455301 -1.7356363308636662e-05
    5.300000   1.27932429 -1.6938527756493908e-05
    5.300000   1.34409571 -1.6614279701667901e-05
    5.300000   1.40886724 -1.6377179993325609e-05
    5.300000   1.47363885 -1.6222149089903073e-05
    5.300000   1.53841049 -1.6145691907151160e-05
    5.300000   1.60318216 -1.6146031373056694e-05
    5.300000   1.66795381 -1.6223170119543293e-05
    5.300000   1.73272541 -1.6378890366233685e-05
    5.300000   1.79749694 -1.6616691982127203e-05
    5.300000   1.86226837 -1.6941658643189114e-05
    5.300000   1.92703964 -1.7360232634429989e-05
    5.300000   1.99181073 -1.7879871095035903e-05
    5.300000   2.05658157 -1.8508551704792023e-05
    5.300000   2.12135212 -1.9254095795630352e-05
    5.300000   2.18612229 -2.0123283923753750e-05
    5.300000   2.25089198 -2.1120755476990324e-05
    5.300000   2.31566107 -2.2247711862604954e-05
    5.300000   2.38042940 -2.3500482737455094e-05
    5.300000   2.44519674 -2.4869064506722543e-05
    5.300000   2.50996278 -2.6335794091981252e-05
    5.300000   2.57472706 -2.7874368599564809e-05
    5.300000   2.63948889 -2.9449449126528342e-05
    5.300000   2.70424717 -3.1017079209106882e-05
    5.300000   2.76900006 -3.2526092684295033e-05
    5.300000   2.83374417 -3.3920577205533004e-05
    5.300000   2.89847256 -3.5143306234870435e-05
    5.300000   2.96316844 -3.6139877254526258e-05
    5.300000   3.02777863 -3.6863137589075064e-05
    5.300000   3.09200950 -3.7277469701625293e-05
    5.350000   0.04958315 -3.4649506750863507e-05
    5.350000   0.11381403 -3.4270999472909142e-05
    5.350000   0.17842421 -3.3610184710523547e-05
    5.350000   0.24312010 -3.2699458599656852e-05
    5.350000   0.30784849 -3.1581719555546015e-05
    5.350000   0.37259260 -3.0306478982696937e-05
    5.350000   0.43734549 -2.8925844987897190e-05
    5.350000   0.50210377 -2.7490766261091995e-05
    5.350000   0.56686560 -2.6047915094265967e-05
    5.350000   0.63162987 -2.4637446863242100e-05
    5.350000   0.69639591 -2.3291714934400145e-05
    5.350000   0.76116325 -2.2034881373052635e-05
    5.350000   0.82593158 -2.0883265872333758e-05
    5.350000   0.89070068 -1.9846224998031609e-05
    5.350000   0.95547037 -1.8927346759146706e-05
    5.350000   1.02024053 -1.8125770240531438e-05
    5.350000   1.08501108 -1.7437482802584427e-05
    5.350000   1.14978193 -1.6856495699498930e-05
    5.350000   1.21455301 -1.6375843770637319e-05
    5.350000   1.27932429 -1.5988390864256007e-05
    5.350000   1.34409571 -1.5687447952492419e-05
    5.350000   1.40886724 -1.5467225928307319e-05
    5.350000   1.47363885 -1.5323151563352565e-05
    5.350000   1.53841049 -1.5252075211532004e-05
    5.350000   1.60318216 -1.5252394609829524e-05
    5.350000   1.66795381 -1.5324112208254421e-05
    5.350000   1.73272541 -1.5468835059303330e-05
    5.350000   1.79749694 -1.5689717254982938e-05
    5.350000   1.86226837 -1.5991335858589065e-05
    5.350000   1.92703964 -1.6379482881443419e-05
    5.350000   1.99181073 -1.6860848943922889e-05
    5.350000   2.05658157 -1.7442570041255186e-05
    5.350000   2.12135212 -1.8131608961341253e-05
    5.350000   2.18612229 -1.8933949417622319e-05
    5.350000   2.25089198 -1.9853596022975076e-05
    5.350000   2.31566107 -2.0891398558955181e-05
    5.350000   2.38042940 -2.2043755014827340e-05
    5.350000   2.44519674 -2.3301292662584270e-05
    5.350000   2.50996278 -2.4647674728775405e-05
    5.350000   2.57472706 -2.6058722893002379e-05
    5.350000   2.63948889 -2.7502070428709900e-05
    5.350000   2.70424717 -2.8937553561427139e-05
    5.350000   2.76900006 -3.0318498174977738e-05
    5.350000   2.83374417 -3.1593961009284785e-05
    5.350000   2.89847256 -3.2711846019039762e-05
    5.350000   2.96316844 -3.3622658460818311e-05
    5.350000   3.02777863 -3.4283517995405247e-05
    5.350000   3.09200950 -3.4662044264252177e-05
    5.400000   0.04958315 -3.2229598044762732e-05
    5.400000   0.11381403 -3.1883911706352808e-05
    5.400000   0.17842421 -3.1280291679699842e-05
    5.400000   0.24312010 -3.0448161082635783e-05
    5.400000   0.30784849 -2.9426496414376079e-05
    5.400000   0.37259260 -2.8260306386916306e-05
    5.400000   0.43734549 -2.6996995109021623e-05
    5.400000   0.50210377 -2.5682958389596822e-05
    5.400000   0.56686560 -2.4360755588378158e-05
    5.400000   0.63162987 -2.3067071843159735e-05
    5.400000   0.69639591 -2.1831542801640256e-05
    5.400000   0.76116325 -2.0676389065876721e-05
    5.400000   0.82593158 -1.9616719145542100e-05
    5.400000   0.89070068 -1.8661314101467292e-05
    5.400000   0.95547037 -1.7813700312764102e-05
    5.400000   1.02024053 -1.7073338694516698e-05
    5.400000   1.08501108 -1.6436796898597308e-05
    5.400000   1.14978193 -1.5898814372029917e-05
    5.400000   1.21455301 -1.5453210426910389e-05
    5.400000   1.27932429 -1.5093617944882665e-05
    5.400000   1.34409571 -1.4814048245774501e-05
    5.400000   1.40886724 -1.4609306347460961e-05
    5.400000   1.47363885 -1.4475281850324471e-05
    5.400000   1.53841049 -1.4409140917170802e-05
    5.400000   1.60318216 -1.4409441116863049e-05
    5.400000   1.66795381 -1.4476184744727966e-05
    5.400000   1.73272541 -1.4610818716915317e-05
    5.400000   1.79749694 -1.4816181028684564e-05
    5.400000   1.86226837 -1.5096385660620798e-05
    5.400000   1.92703964 -1.5456630304928025e-05
    5.400000   1.99181073 -1.5902905136439108e-05
    5.400000   2.05658157 -1.6441577162880942e-05
    5.400000   2.12135212 -1.7078824944542861e-05
    5.400000   2.18612229 -1.7819904503340086e-05
    5.400000   2.25089198 -1.8668240965249688e-05
    5.400000   2.31566107 -1.9624363410766656e-05
    5.400000   2.38042940 -2.0684732889526506e-05
    5.400000   2.44519674 -2.1840553824202279e-05
    5.400000   2.50996278 -2.3076702325487136e-05
    5.400000   2.57472706 -2.4370943059915270e-05
    5.400000   2.63948889 -2.5693628085924585e-05
    5.400000   2.70424717 -2.7008064194244175e-05
    5.400000   2.76900006 -2.8271689572228546e-05
    5.400000   2.83374417 -2.9438112176967082e-05
    5.400000   2.89847256 -3.0459937377473278e-05
    5.400000   2.96316844 -3.1292169947383794e-05
    5.400000   3.02777863 -3.1895848199523868e-05
    5.400000   3.09200950 -3.2241562027170597e-05
    5.450000   0.04958315 -2.9990939003534009e-05
    5.450000   0.11381403 -2.9675268608006405e-05
    5.450000   0.17842421 -2.9123954787371580e-05
    5.450000   0.24312010 -2.8363701373893943e-05
    5.450000   0.30784849 -2.7429898381524694e-05
    5.450000   0.37259260 -2.6363437893721397e-05
    5.450000   0.43734549 -2.5207424367653612e-05
    5.450000   0.50210377 -2.4004092950003325e-05
    5.450000   0.56686560 -2.2792244901444479e-05
    5.450000   0.63162987 -2.1605394566117315e-05
    5.450000   0.69639591 -2.0470693957509128e-05
    5.450000   0.76116325 -1.9408588554930972e-05
    5.450000   0.82593158 -1.8433078136224919e-05
    5.450000   0.89070068 -1.7552415082040033e-05
    5.450000   0.95547037 -1.6770066094956142e-05
    5.450000   1.02024053 -1.6085782563309072e-05
    5.450000   1.08501108 -1.5496658844759059e-05
    5.450000   1.14978193 -1.4998096538124884e-05
    5.450000   1.21455301 -1.4584628986307977e-05
    5.450000   1.27932429 -1.4250589514840148e-05
    5.450000   1.34409571 -1.3990627645743272e-05
    5.450000   1.40886724 -1.3800090011554823e-05
    5.450000   1.47363885 -1.3675288261023862e-05
    5.450000   1.53841049 -1.3613676602533916e-05
    5.450000   1.60318216 -1.3613958408625967e-05
    5.450000   1.66795381 -1.3676135842889362e-05
    5.450000   1.73272541 -1.3801509758612075e-05
    5.450000   1.79749694 -1.3992629860783876e-05
    5.450000   1.86226837 -1.4253187866371039e-05
    5.450000   1.92703964 -1.4587839689446528e-05
    5.450000   1.99181073 -1.5001937222437524e-05
    5.450000   2.05658157 -1.5501147072902549e-05
    5.450000   2.12135212 -1.6090933985546543e-05
    5.450000   2.18612229 -1.6775892265966846e-05
    5.450000   2.25089198 -1.7558921030374618e-05
    5.450000   2.31566107 -1.8440259860883052e-05
    5.450000   2.38042940 -1.9416430717687497e-05
    5.450000   2.44519674 -2.0479168123840003e-05
    5.450000   2.50996278 -2.1614458392332884e-05
    5.450000   2.57472706 -2.2801842636671302e-05
    5.450000   2.63948889 -2.4014157490161406e-05
    5.450000   2.70424717 -2.5217880855878797e-05
    5.450000   2.76900006 -2.6374208533508446e-05
    5.450000   2.83374417 -2.7440907782605147e-05
    5.450000   2.89847256 -2.8374881487142468e-05
    5.450000   2.96316844 -2.9135248410725697e-05
    5.450000   3.02777863 -2.9686630632909713e-05
    5.450000   3.09200950 -3.0002335025466206e-05
    5.500000   0.04958315 -2.7920359138154173e-05
    5.500000   0.11381403 -2.7632094299029732e-05
    5.500000   0.17842421 -2.7128538922078847e-05
    5.500000   0.24312010 -2.6433916024223402e-05
    5.500000   0.30784849 -2.5580343899449502e-05
    5.500000   0.37259260 -2.4604959569020082e-05
    5.500000   0.43734549 -2.3546945633561189e-05
    5.500000   0.50210377 -2.2444742045170312e-05
    5.500000   0.56686560 -2.1333721575203188e-05
    5.500000   0.63162987 -2.0244504937025322e-05
    5.500000   0.69639591 -1.9201976225723091e-05
    5.500000   0.76116325 -1.8224958159627297e-05
    5.500000   0.82593158 -1.7326434659976736e-05
    5.500000   0.89070068 -1.6514170715288990e-05
    5.500000   0.95547037 -1.5791573191425156e-05
    5.500000   1.02024053 -1.5158653156800741e-05
    5.500000   1.08501108 -1.4612980561682715e-05
    5.500000   1.14978193 -1.4150556782742306e-05
    5.500000   1.21455301 -1.3766562999995402e-05
    5.500000   1.27932429 -1.3455968728876620e-05
    5.500000   1.34409571 -1.3214003595481656e-05
    5.500000   1.40886724 -1.3036506825701069e-05
    5.500000   1.47363885 -1.2920174082472346e-05
    5.500000   1.53841049 -1.2862721741955719e-05
    5.500000   1.60318216 -1.2862985908593651e-05
    5.500000   1.66795381 -1.2920968633504523e-05
    5.500000   1.73272541 -1.3037837816936522e-05
    5.500000   1.79749694 -1.3215880787782034e-05
    5.500000   1.86226837 -1.3458405066376431e-05
    5.500000   1.92703964 -1.3769573836276646e-05
    5.500000   1.99181073 -1.4154158821104768e-05
    5.500000   2.05658157 -1.4617190481238898e-05
    5.500000   2.12135212 -1.5163485915273481e-05
    5.500000   2.18612229 -1.5797040032002457e-05
    5.500000   2.25089198 -1.6520276960584056e-05
    5.500000   2.31566107 -1.7333177448716750e-05
    5.500000   2.38042940 -1.8232324362308173e-05
    5.500000   2.44519674 -1.9209940846721791e-05
    5.500000   2.50996278 -2.0253030347407554e-05
    5.500000   2.57472706 -2.1342757893550215e-05
    5.500000   2.63948889 -2.2454228869156017e-05
    5.500000   2.70424717 -2.3556815115970122e-05
    5.500000   2.76900006 -2.4615140550997348e-05
    5.500000   2.83374417 -2.5590766518809784e-05
    5.500000   2.89847256 -2.6444515993075669e-05
    5.500000   2.96316844 -2.7139260606194762e-05
    5.500000   3.02777863 -2.7642891892023083e-05
    5.500000   3.09200950 -2.7931195612161334e-05
    5.550000   0.04958315 -2.6005314172312134e-05
    5.550000   0.11381403 -2.5742037837697533e-05
    5.550000   0.17842421 -2.5282031090115216e-05
    5.550000   0.24312010 -2.4647258583037764e-05
    5.550000   0.30784849 -2.3866860173426456e-05
    5.550000   0.37259260 -2.2974554215599226e-05
    5.550000   0.43734549 -2.2005952327400478e-05
    5.550000   0.50210377 -2.0996037999200869e-05
    5.550000   0.56686560 -1.9977060300428095e-05
    5.550000   0.63162987 -1.8977001910558745e-05
    5.550000   0.69639591 -1.8018677272862189e-05
    5.550000   0.76116325 -1.7119425730759290e-05
    5.550000   0.82593158 -1.6291299628195956e-05
    5.550000   0.89070068 -1.5541613192763136e-05
    5.550000   0.95547037 -1.4873711913371822e-05
    5.550000   1.02024053 -1.4287836879673048e-05
    5.550000   1.08501108 -1.3781985407039516e-05
    5.550000   1.14978193 -1.3352700218879155e-05
    5.550000   1.21455301 -1.2995748552119732e-05
    5.550000   1.27932429 -1.2706676277012473e-05
    5.550000   1.34409571 -1.2481239101271944e-05
    5.550000   1.40886724 -1.2315723307751284e-05
    5.550000   1.47363885 -1.2207173267417211e-05
    5.550000   1.53841049 -1.2153543512844452e-05
    5.550000   1.60318216 -1.2153790753652555e-05
    5.550000   1.66795381 -1.2207916944590086e-05
    5.550000   1.73272541 -1.2316969191424263e-05
    5.550000   1.79749694 -1.2482996488823369e-05
    5.550000   1.86226837 -1.2708957494319606e-05
    5.550000   1.92703964 -1.2998568219682871e-05
    5.550000   1.99181073 -1.3356074255606679e-05
    5.550000   2.05658157 -1.3785929750062004e-05
    5.550000   2.12135212 -1.4292365915973504e-05
    5.550000   2.18612229 -1.4878836651281750e-05
    5.550000   2.25089198 -1.5547339249990898e-05
    5.550000   2.31566107 -1.6297625175848326e-05
    5.550000   2.38042940 -1.7126339601857993e-05
    5.550000   2.44519674 -1.8026157504218726e-05
    5.550000   2.50996278 -1.8985015016872184e-05
    5.550000   2.57472706 -1.9985561554461778e-05
    5.550000   2.63948889 -2.1004972891727965e-05
    5.550000   2.70424717 -2.2015259200135902e-05
    5.550000   2.76900006 -2.2984167819396518e-05
    5.550000   2.83374417 -2.3876715652268657e-05
    5.550000   2.89847256 -2.4657295194503483e-05
    5.550000   2.96316844 -2.5292194921484794e-05
    5.550000   3.02777863 -2.5752282914739650e-05
    5.550000   3.09200950 -2.6015601691080997e-05
    5.600000   0.04958315 -2.4233950562379111e-05
    5.600000   0.11381403 -2.3993434119405434e-05
    5.600000   0.17842421 -2.3573095166321332e-05
    5.600000   0.24312010 -2.2992846230796922e-05
    5.600000   0.30784849 -2.2279120406705766e-05
    5.600000   0.37259260 -2.1462528653339236e-05
    5.600000   0.43734549 -2.0575435851850239e-05
    5.600000   0.50210377 -1.9649681586567687e-05
    5.600000   0.56686560 -1.8714671975857171e-05
    5.600000   0.63162987 -1.7795986634746174e-05
    5.600000   0.69639591 -1.6914552169688940e-05
    5.600000   0.76116325 -1.6086351925926082e-05
    5.600000   0.82593158 -1.5322583216944984e-05
    5.600000   0.89070068 -1.4630142198944770e-05
    5.600000   0.95547037 -1.4012310611885236e-05
    5.600000   1.02024053 -1.3469531427007793e-05
    5.600000   1.08501108 -1.3000184223334213e-05
    5.600000   1.14978193 -1.2601298705925422e-05
    5.600000   1.21455301 -1.2269170838139542e-05
    5.600000   1.27932429 -1.1999867407082122e-05
    5.600000   1.34409571 -1.1789620200814764e-05
    5.600000   1.40886724 -1.1635120441233739e-05
    5.600000   1.47363885 -1.1533728566559548e-05
    5.600000   1.53841049 -1.1483615073347162e-05
    5.600000   1.60318216 -1.1483846069461231e-05
    5.600000   1.66795381 -1.1534423426677362e-05
    5.600000   1.73272541 -1.1636284689722526e-05
    5.600000   1.79749694 -1.1791262736956497e-05
    5.600000   1.86226837 -1.2002000027065748e-05
    5.600000   1.92703964 -1.2271807536809115e-05
    5.600000   1.99181073 -1.2604454736691111e-05
    5.600000   2.05658157 -1.3003874900268319e-05
    5.600000   2.12135212 -1.3473770669004632e-05
    5.600000   2.18612229 -1.4017109257396653e-05
    5.600000   2.25089198 -1.4635506162399200e-05
    5.600000   2.31566107 -1.5328511612331021e-05
    5.600000   2.38042940 -1.6092835342284606e-05
    5.600000   2.44519674 -1.6921571334387365e-05
    5.600000   2.50996278 -1.7803511724791687e-05
    5.600000   2.57472706 -1.8722662814214360e-05
    5.600000   2.63948889 -1.9658088872690024e-05
    5.600000   2.70424717 -2.0584203419393307e-05
    5.600000   2.76900006 -2.1471596540953457e-05
    5.600000   2.83374417 -2.2288428312487003e-05
    5.600000   2.89847256 -2.3002336759477832e-05
    5.600000   2.96316844 -2.3582716235294020e-05
    5.600000   3.02777863 -2.4003140008180604e-05
    5.600000   3.09200950 -2.4243701376589773e-05
    5.650000   0.04958315 -2.2595139162532551e-05
    5.650000   0.11381403 -2.2375335025330278e-05
    5.650000   0.17842421 -2.1991098778863642e-05
    5.650000   0.24312010 -2.1460481057760722e-05
    5.650000   0.30784849 -2.0807458629032764e-05
    5.650000   0.37259260 -2.0059821771006798e-05
    5.650000   0.43734549 -1.9246987012844209e-05
    5.650000   0.50210377 -1.8397937349783492e-05
    5.650000   0.56686560 -1.7539493714069985e-05
    5.650000   0.63162987 -1.6695048082698835e-05
    5.650000   0.69639591 -1.5883805626770881e-05
    5.650000   0.76116325 -1.5120509984848027e-05
    5.650000   0.82593158 -1.4415573018768445e-05
    5.650000   0.89070068 -1.3775502145000910e-05
    5.650000   0.95547037 -1.3203512555184863e-05
    5.650000   1.02024053 -1.2700222724757285e-05
    5.650000   1.08501108 -1.2264352630933610e-05
    5.650000   1.14978193 -1.1893368670728680e-05
    5.650000   1.21455301 -1.1584042594000128e-05
    5.650000   1.27932429 -1.1332910964939292e-05
    5.650000   1.34409571 -1.1136635557222188e-05
    5.650000   1.40886724 -1.0992273720759848e-05
    5.650000   1.47363885 -1.0897471891122814e-05
    5.650000   1.53841049 -1.0850596087505759e-05
    5.650000   1.60318216 -1.0850811493733750e-05
    5.650000   1.66795381 -1.0898119909703535e-05
    5.650000   1.73272541 -1.0993359663354337e-05
    5.650000   1.79749694 -1.1138167979233521e-05
    5.650000   1.86226837 -1.1334901206408749e-05
    5.650000   1.92703964 -1.1586504113432605e-05
    5.650000   1.99181073 -1.1896316155027670e-05
    5.650000   2.05658157 -1.2267800870230193e-05
    5.650000   2.12135212 -1.2704185255408523e-05
    5.650000   2.18612229 -1.3208000099735036e-05
    5.650000   2.25089198 -1.3780520915281888e-05
    5.650000   2.31566107 -1.4421122995523845e-05
    5.650000   2.38042940 -1.5126583338209628e-05
    5.650000   2.44519674 -1.5890385485215724e-05
    5.650000   2.50996278 -1.6702107877837645e-05
    5.650000   2.57472706 -1.7546997306923152e-05
    5.650000   2.63948889 -1.8405840067054210e-05
    5.650000   2.70424717 -1.9255237586146945e-05
    5.650000   2.76900006 -2.0068364993622916e-05
    5.650000   2.83374417 -2.0816238360228702e-05
    5.650000   2.89847256 -2.1469443067044205e-05
    5.650000   2.96316844 -2.2000192886623838e-05
    5.650000   3.02777863 -2.2384516098321771e-05
    5.650000   3.09200950 -2.2604366769489494e-05
    5.700000   0.04958315 -2.1078485715606824e-05
    5.700000   0.11381403 -2.0877518247135642e-05
    5.700000   0.17842421 -2.0526119322589156e-05
    5.700000   0.24312010 -2.0040652406519207e-05
    5.700000   0.30784849 -1.9442867858080594e-05
    5.700000   0.37259260 -1.8757998356664239e-05
    5.700000   0.43734549 -1.8012785694092777e-05
    5.700000   0.50210377 -1.7233619549882076e-05
    5.700000   0.56686560 -1.6444971671704578e-05
    5.700000   0.63162987 -1.5668243452609465e-05
    5.700000   0.69639591 -1.4921070665650147e-05
    5.700000   0.76116325 -1.4217063326889044e-05
    5.700000   0.82593158 -1.3565911137270724e-05
    5.700000   0.89070068 -1.2973759226082142e-05
    5.700000   0.95547037 -1.2443753303038948e-05
    5.700000   1.02024053 -1.1976662868420215e-05
    5.700000   1.08501108 -1.1571509681227199e-05
    5.700000   1.14978193 -1.1226150542068819e-05
    5.700000   1.21455301 -1.0937784309815718e-05
    5.700000   1.27932429 -1.0703370330263121e-05
    5.700000   1.34409571 -1.0519958017441995e-05
    5.700000   1.40886724 -1.0384935202182270e-05
    5.700000   1.47363885 -1.0296206701844667e-05
    5.700000   1.53841049 -1.0252315286274879e-05
    5.700000   1.60318216 -1.0252515735750248e-05
    5.700000   1.66795381 -1.0296809787423970e-05
    5.700000   1.73272541 -1.0385946050060734e-05
    5.700000   1.79749694 -1.0521384883850261e-05
    5.700000   1.86226837 -1.0705224159803851e-05
    5.700000   1.92703964 -1.0940078098458339e-05
    5.700000   1.99181073 -1.1228898492043829e-05
    5.700000   2.05658157 -1.1574726140607817e-05
    5.700000   2.12135212 -1.1980361061458205e-05
    5.700000   2.18612229 -1.2447943880156798e-05
    5.700000   2.25089198 -1.2978448695296867e-05
    5.700000   2.31566107 -1.3571100279927714e-05
    5.700000   2.38042940 -1.4222745744431423e-05
    5.700000   2.44519674 -1.4927231640822336e-05
    5.700000   2.50996278 -1.5674859324356189e-05
    5.700000   2.57472706 -1.6452009902795443e-05
    5.700000   2.63948889 -1.7241039598277195e-05
    5.700000   2.70424717 -1.8020540681192489e-05
    5.700000   2.76900006 -1.8766037371523461e-05
    5.700000   2.83374417 -1.9451138578205142e-05
    5.700000   2.89847256 -2.0049103598237035e-05
    5.700000   2.96316844 -2.0534702753915119e-05
    5.700000   3.02777863 -2.0886189633967041e-05
    5.700000   3.09200950 -2.1087204535229292e-05
    5.750000   0.04958315 -1.9674324235709159e-05
    5.750000   0.11381403 -1.9490479652991067e-05
    5.750000   0.17842421 -1.9168934623046453e-05
    5.750000   0.24312010 -1.8724525342442005e-05
    5.750000   0.30784849 -1.8176986119849847e-05
    5.750000   0.37259260 -1.7549232651019192e-05
    5.750000   0.43734549 -1.6865582138068756e-05
    5.750000   0.50210377 -1.6150071531180335e-05
    5.750000   0.56686560 -1.5425038954925734e-05
    5.750000   0.63162987 -1.4710075111582879e-05
    5.750000   0.69639591 -1.4021385088144749e-05
    5.750000   0.76116325 -1.3371541984163927e-05
    5.750000   0.82593158 -1.2769570949545435e-05
    5.750000   0.89070068 -1.2221278794422348e-05
    5.750000   0.95547037 -1.1729738886335047e-05
    5.750000   1.02024053 -1.1295849224776927e-05
    5.750000   1.08501108 -1.0918897925539716e-05
    5.750000   1.14978193 -1.0597089772292287e-05
    5.750000   1.21455301 -1.0328006141624618e-05
    5.750000   1.27932429 -1.0108986118166813e-05
    5.750000   1.34409571 -9.9374279750279227e-06
    5.750000   1.40886724 -9.8110173771254968e-06
    5.750000   1.47363885 -9.7278922316176682e-06
    5.750000   1.53841049 -9.6867548657568674e-06
    5.750000   1.60318216 -9.6869409733700541e-06
    5.750000   1.66795381 -9.7284522363520879e-06
    5.750000   1.73272541 -9.8119562420198254e-06
    5.750000   1.79749694 -9.9387536937918870e-06
    5.750000   1.86226837 -1.0110709289757968e-05
    5.750000   1.92703964 -1.0330139360035487e-05
    5.750000   1.99181073 -1.0599646822197779e-05
    5.750000   2.05658157 -1.0921892779939006e-05
    5.750000   2.12135212 -1.1299294852991367e-05
    5.750000   2.18612229 -1.1733645901190871e-05
    5.750000   2.25089198 -1.2225653996464882e-05
    5.750000   2.31566107 -1.2774415861984290e-05
    5.750000   2.38042940 -1.3376851510040288e-05
    5.750000   2.44519674 -1.4027146452318524e-05
    5.750000   2.50996278 -1.4716267262744910e-05
    5.750000   2.57472706 -1.5431632583995225e-05
    5.750000   2.63948889 -1.6157029802336937e-05
    5.750000   2.70424717 -1.6872862125863426e-05
    5.750000   2.76900006 -1.7556787343686128e-05
    5.750000   2.83374417 -1.8184766712522736e-05
    5.750000   2.89847256 -1.8732483443277824e-05
    5.750000   2.96316844 -1.9177023969979680e-05
    5.750000   3.02777863 -1.9498657014739829e-05
    5.750000   3.09200950 -1.9682549355107854e-05
    5.800000   0.04958315 -1.8373698049227398e-05
    5.800000   0.11381403 -1.8205413802904261e-05
    5.800000   0.17842421 -1.7911002587809566e-05
    5.800000   0.24312010 -1.7503919226591931e-05
    5.800000   0.30784849 -1.7002073876851381e-05
    5.800000   0.37259260 -1.6426284712029741e-05
    5.800000   0.43734549 -1.5798672453614104e-05
    5.800000   0.50210377 -1.5141140667571486e-05
    5.800000   0.56686560 -1.4474090346958892e-05
    5.800000   0.63162987 -1.3815465453447402e-05
    5.800000   0.69639591 -1.3180166786679044e-05
    5.800000   0.76116325 -1.2579818636531367e-05
    5.800000   0.82593158 -1.2022834074690553e-05
    5.800000   0.89070068 -1.1514703402596301e-05
    5.800000   0.95547037 -1.1058425000930707e-05
    5.800000   1.02024053 -1.0655004793307919e-05
    5.800000   1.08501108 -1.0303964910968461e-05
    5.800000   1.14978193 -1.0003819393560075e-05
    5.800000   1.21455301 -9.7524914220547952e-06
    5.800000   1.27932429 -9.5476605141490217e-06
    5.800000   1.34409571 -9.3870383816056178e-06
    5.800000   1.40886724 -9.2685787008516161e-06
    5.800000   1.47363885 -9.1906293614276447e-06
    5.800000   1.53841049 -9.1520365378625757e-06
    5.800000   1.60318216 -9.1522089027340291e-06
    5.800000   1.66795381 -9.1911480887589685e-06
    5.800000   1.73272541 -9.2694486086871791e-06
    5.800000   1.79749694 -9.3882672309737291e-06
    5.800000   1.86226837 -9.5492585989199618e-06
    5.800000   1.92703964 -9.7544709835584537e-06
    5.800000   1.99181073 -1.0006193853470039e-05
    5.800000   2.05658157 -1.0306747921390335e-05
    5.800000   2.12135212 -1.0658209114273056e-05
    5.800000   2.18612229 -1.1062061233911122e-05
    5.800000   2.25089198 -1.1518778634346215e-05
    5.800000   2.31566107 -1.2027350517056708e-05
    5.800000   2.38042940 -1.2584772380518363e-05
    5.800000   2.44519674 -1.3185546815428829e-05
    5.800000   2.50996278 -1.3821253068725273e-05
    5.800000   2.57472706 -1.4480259146177269e-05
    5.800000   2.63948889 -1.5147657155093208e-05
    5.800000   2.70424717 -1.5805497280218697e-05
    5.800000   2.76900006 -1.6433374420746374e-05
    5.800000   2.83374417 -1.7009382915661021e-05
    5.800000   2.89847256 -1.7511401902073825e-05
    5.800000   2.96316844 -1.7918614612480996e-05
    5.800000   3.02777863 -1.8213113154618288e-05
    5.800000   3.09200950 -1.8381445020915367e-05
    5.850000   0.04958315 -1.7168332217344935e-05
    5.850000   0.11381403 -1.7014186211522659e-05
    5.850000   0.17842421 -1.6744433229568299e-05
    5.850000   0.24312010 -1.6371279490235320e-05
    5.850000   0.30784849 -1.5910985627690618e-05
    5.850000   0.37259260 -1.5382471991353149e-05
    5.850000   0.43734549 -1.4805870381602511e-05
    5.850000   0.50210377 -1.4201150564539030e-05
    5.850000   0.56686560 -1.3586955200253778e-05
    5.850000   0.63162987 -1.2979730715990509e-05
    5.850000   0.69639591 -1.2393188683154907e-05
    5.850000   0.76116325 -1.1838084818183339e-05
    5.850000   0.82593158 -1.1322267938767574e-05
    5.850000   0.89070068 -1.0850931762986853e-05
    5.850000   0.95547037 -1.0426997348193663e-05
    5.850000   1.02024053 -1.0051559872086100e-05
    5.850000   1.08501108 -9.7243460816311844e-06
    5.850000   1.14978193 -9.4441440380534603e-06
    5.850000   1.21455301 -9.2091816635986379e-06
    5.850000   1.27932429 -9.0174431107833193e-06
    5.850000   1.34409571 -8.8669212580659182e-06
    5.850000   1.40886724 -8.7558106130764476e-06
    5.850000   1.47363885 -8.6826479822887377e-06
    5.850000   1.53841049 -8.6464090628851070e-06
    5.850000   1.60318216 -8.6465682700644175e-06
    5.850000   1.66795381 -8.6831271922860239e-06
    5.850000   1.73272541 -8.7566145136147077e-06
    5.850000   1.79749694 -8.8680574016098838e-06
    5.850000   1.86226837 -9.0189215188983111e-06
    5.850000   1.92703964 -9.2110142647558453e-06
    5.850000   1.99181073 -9.4463439348176451e-06
    5.850000   2.05658157 -9.7269266484622692e-06
    5.850000   2.12135212 -1.0054533695417770e-05
    5.850000   2.18612229 -1.0430375037081441e-05
    5.850000   2.25089198 -1.0854720681401957e-05
    5.850000   2.31566107 -1.1326470938096701e-05
    5.850000   2.38042940 -1.1842699076699243e-05
    5.850000   2.44519674 -1.2398204781646168e-05
    5.850000   2.50996278 -1.2985132086423169e-05
    5.850000   2.57472706 -1.3592718067982030e-05
    5.850000   2.63948889 -1.4207244457220666e-05
    5.850000   2.70424717 -1.4812259199235481e-05
    5.850000   2.76900006 -1.5389115531217000e-05
    5.850000   2.83374417 -1.5917841356186025e-05
    5.850000   2.89847256 -1.6378304279264448e-05
    5.850000   2.96316844 -1.6751584757003950e-05
    5.850000   3.02777863 -1.7021423782084815e-05
    5.850000   3.09200950 -1.7175616899242885e-05
    5.900000   0.04958315 -1.6050600227307056e-05
    5.900000   0.11381403 -1.5909300147649671e-05
    5.900000   0.17842421 -1.5661955682639906e-05
    5.900000   0.24312010 -1.5319645008827846e-05
    5.900000   0.30784849 -1.4897137812722659e-05
    5.900000   0.37259260 -1.4411637972444788e-05
    5.900000   0.43734549 -1.3881476878725392e-05
    5.900000   0.50210377 -1.3324871796619793e-05
    5.900000   0.56686560 -1.2758869512791896e-05
    5.900000   0.63162987 -1.2198554544178248e-05
    5.900000   0.69639591 -1.1656553880833517e-05
    5.900000   0.76116325 -1.1142827709888469e-05
    5.900000   0.82593158 -1.0664704210243929e-05
    5.900000   0.89070068 -1.0227098785147596e-05
    5.900000   0.95547037 -9.8328531957992078e-06
    5.900000   1.02024053 -9.4831350340191875e-06
    5.900000   1.08501108 -9.1778490403925274e-06
    5.900000   1.14978193 -8.9160253398345235e-06
    5.900000   1.21455301 -8.6961629453275184e-06
    5.900000   1.27932429 -8.5165181181684380e-06
    5.900000   1.34409571 -8.3753355646840383e-06
    5.900000   1.40886724 -8.2710259026045285e-06
    5.900000   1.47363885 -8.2022956891279326e-06
    5.900000   1.53841049 -8.1682371075962087e-06
    5.900000   1.60318216 -8.1683837291790392e-06
    5.900000   1.66795381 -8.2027371020176695e-06
    5.900000   1.73272541 -8.2717666759694594e-06
    5.900000   1.79749694 -8.3763830617597134e-06
    5.900000   1.86226837 -8.5178821144725516e-06
    5.900000   1.92703964 -8.6978550882900511e-06
    5.900000   1.99181073 -8.9180584478087690e-06
    5.900000   2.05658157 -9.1802362441595263e-06
    5.900000   2.12135212 -9.4858887736006056e-06
    5.900000   2.18612229 -9.8359841004211819e-06
    5.900000   2.25089198 -1.0230614484490699e-05
    5.900000   2.31566107 -1.0668608149260368e-05
    5.900000   2.38042940 -1.1147118063918531e-05
    5.900000   2.44519674 -1.1661222686768696e-05
    5.900000   2.50996278 -1.2203587169312995e-05
    5.900000   2.57472706 -1.2764244567735335e-05
    5.900000   2.63948889 -1.3330561556468011e-05
    5.900000   2.70424717 -1.3887448207475940e-05
    5.900000   2.76900006 -1.4417853657937886e-05
    5.900000   2.83374417 -1.4903558131105182e-05
    5.900000   2.89847256 -1.5326229273373631e-05
    5.900000   2.96316844 -1.5668663516401236e-05
    5.900000   3.02777863 -1.5916092268527316e-05
    5.900000   3.09200950 -1.6057438655236116e-05
    5.950000   0.04958315 -1.5013487172032751e-05
    5.950000   0.11381403 -1.4883860113677268e-05
    5.950000   0.17842421 -1.4656882225305720e-05
    5.950000   0.24312010 -1.4342612913274913e-05
    5.950000   0.30784849 -1.3954474658139340e-05
    5.950000   0.37259260 -1.3508119280375611e-05
    5.950000   0.43734549 -1.3020248703446652e-05
    5.950000   0.50210377 -1.2507492145686157e-05
    5.950000   0.56686560 -1.1985447951076522e-05
    5.950000   0.63162987 -1.1467961880462139e-05
    5.950000   0.69639591 -1.0966671453138812e-05
    5.950000   0.76116325 -1.0490807808537035e-05
    5.950000   0.82593158 -1.0047218289165195e-05
    5.950000   0.89070068 -9.6405567876535796e-06
    5.950000   0.95547037 -9.2735841877334890e-06
    5.950000   1.02024053 -8.9475253908338958e-06
    5.950000   1.08501108 -8.6624391100000136e-06
    5.950000   1.14978193 -8.4175686293411426e-06
    5.950000   1.21455301 -8.2116535741627870e-06
    5.950000   1.27932429 -8.0431928255441442e-06
    5.950000   1.34409571 -7.9106562984454995e-06
    5.950000   1.40886724 -7.8126482782325118e-06
    5.950000   1.47363885 -7.7480276656224914e-06
    5.950000   1.53841049 -7.7159912863189869e-06
    5.950000   1.60318216 -7.7161258821010419e-06
    5.950000   1.66795381 -7.7484329639267189e-06
    5.950000   1.73272541 -7.8133287390212796e-06
    5.950000   1.79749694 -7.9116191110861561e-06
    5.950000   1.86226837 -8.0444475403287569e-06
    5.950000   1.92703964 -8.2132115826205112e-06
    5.950000   1.99181073 -8.4194424929624156e-06
    5.950000   2.05658157 -8.6646417420487129e-06
    5.950000   2.12135212 -8.9500691048973677e-06
    5.950000   2.18612229 -9.2764796403471970e-06
    5.950000   2.25089198 -9.6438118604219877e-06
    5.950000   2.31566107 -1.0050836977066264e-05
    5.950000   2.38042940 -1.0494789202362464e-05
    5.950000   2.44519674 -1.0971008920135884e-05
    5.950000   2.50996278 -1.1472642551673357e-05
    5.950000   2.57472706 -1.1990452609619678e-05
    5.950000   2.63948889 -1.2512795572563706e-05
    5.950000   2.70424717 -1.3025820476509033e-05
    5.950000   2.76900006 -1.3513924945392192e-05
    5.950000   2.83374417 -1.3960477114189164e-05
    5.950000   2.89847256 -1.4348773799153978e-05
    5.950000   2.96316844 -1.4663163080488339e-05
    5.950000   3.02777863 -1.4890223129917120e-05
    5.950000   3.09200950 -1.5019895457419221e-05
    6.000000   0.04958315 -1.4050551106168290e-05
    6.000000   0.11381403 -1.3931533633711217e-05
    6.000000   0.17842421 -1.3723070835384381e-05
    6.000000   0.24312010 -1.3434302230444033e-05
    6.000000   0.30784849 -1.3077433191264688e-05
    6.000000   0.37259260 -1.2666712323856266e-05
    6.000000   0.43734549 -1.2217366889431437e-05
    6.000000   0.50210377 -1.1744587056036070e-05
    6.000000   0.56686560 -1.1262656378883568e-05
    6.000000   0.63162987 -1.0784293601053091e-05
    6.000000   0.69639591 -1.0320233167102701e-05
    6.000000   0.76116325 -9.8790376700101892e-06
    6.000000   0.82593158 -9.4671099630522740e-06
    6.000000   0.89070068 -9.0888579314187107e-06
    6.000000   0.95547037 -8.7469603992680905e-06
    6.000000   1.02024053 -8.4426861018241613e-06
    6.000000   1.08501108 -8.1762261221119789e-06
    6.000000   1.14978193 -7.9470108284637584e-06
    6.000000   1.21455301 -7.7539929144050657e-06
    6.000000   1.27932429 -7.5958871981304091e-06
    6.000000   1.34409571 -7.4713646953447218e-06
    6.000000   1.40886724 -7.3792030198059007e-06
    6.000000   1.47363885 -7.3183976316821898e-06
    6.000000   1.53841049 -7.2882392556306869e-06
    6.000000   1.60318216 -7.2883623734246220e-06
    6.000000   1.66795381 -7.3187684613048014e-06
    6.000000   1.73272541 -7.3798259193752658e-06
    6.000000   1.79749694 -7.4722466924323593e-06
    6.000000   1.86226837 -7.5970376341318477e-06
    6.000000   1.92703964 -7.7554229445414104e-06
    6.000000   1.99181073 -7.9487327784347743e-06
    6.000000   2.05658157 -8.1782527072888566e-06
    6.000000   2.12135212 -8.4450295232927372e-06
    6.000000   2.18612229 -8.7496313434157152e-06
    6.000000   2.25089198 -9.0918645160123004e-06
    6.000000   2.31566107 -9.4704566915109353e-06
    6.000000   2.38042940 -9.8827244740692702e-06
    6.000000   2.44519674 -1.0324254631780108e-05
    6.000000   2.50996278 -1.0788638469026969e-05
    6.000000   2.57472706 -1.1267307418101435e-05
    6.000000   2.63948889 -1.1749521340692068e-05
    6.000000   2.70424717 -1.2222556490584097e-05
    6.000000   2.76900006 -1.2672125338787395e-05
    6.000000   2.83374417 -1.3083034973787685e-05
    6.000000   2.89847256 -1.3440056636193230e-05
    6.000000   2.96316844 -1.3728941284772433e-05
    6.000000   3.02777863 -1.3937483832098926e-05
    6.000000   3.09200950 -1.4056545353315626e-05
    6.050000   0.04958315 -1.3155883845150221e-05
    6.050000   0.11381403 -1.3046512571365601e-05
    6.050000   0.17842421 -1.2854887421942599e-05
    6.050000   0.24312010 -1.2589317391668031e-05
    6.050000   0.30784849 -1.2260908343234808e-05
    6.050000   0.37259260 -1.1882640253138729e-05
    6.050000   0.43734549 -1.1468405755568799e-05
    6.050000   0.50210377 -1.1032090825446074e-05
    6.050000   0.56686560 -1.0586785290669407e-05
    6.050000   0.63162987 -1.0144182189904320e-05
    6.050000   0.69639591 -9.7141913407665026e-06
    6.050000   0.76116325 -9.3047618474232899e-06
    6.050000   0.82593158 -8.9218852888201601e-06
    6.050000   0.89070068 -8.5697378841649352e-06
    6.050000   0.95547037 -8.2509156084594857e-06
    6.050000   1.02024053 -7.9667190704062051e-06
    6.050000   1.08501108 -7.7174523565633021e-06
    6.050000   1.14978193 -7.5027094540529565e-06
    6.050000   1.21455301 -7.3216312834271888e-06
    6.050000   1.27932429 -7.1731245006427154e-06
    6.050000   1.34409571 -7.0560394250728906e-06
    6.050000   1.40886724 -6.9693085944570479e-06
    6.050000   1.47363885 -6.9120497373063231e-06
    6.050000   1.53841049 -6.8836377458925674e-06
    6.050000   1.60318216 -6.8837499215930103e-06
    6.050000   1.66795381 -6.9123877078570039e-06
    6.050000   1.73272541 -6.9698766218551269e-06
    6.050000   1.79749694 -7.0568443844758614e-06
    6.050000   1.86226837 -7.1741755371784490e-06
    6.050000   1.92703964 -7.3229393310405554e-06
    6.050000   1.99181073 -7.5042866185287593e-06
    6.050000   2.05658157 -7.7193111696096241e-06
    6.050000   2.12135212 -7.9688716295117455e-06
    6.050000   2.18612229 -8.2533726285761229e-06
    6.050000   2.25089198 -8.5725077018309838e-06
    6.050000   2.31566107 -8.9249728759565730e-06
    6.050000   2.38042940 -9.3081679081632336e-06
    6.050000   2.44519674 -9.7179115763595598e-06
    6.050000   2.50996278 -1.0148206818900871e-05
    6.050000   2.57472706 -1.0591098899261846e-05
    6.050000   2.63948889 -1.1036672592570327e-05
    6.050000   2.70424717 -1.1473230049737305e-05
    6.050000   2.76900006 -1.1887677538923144e-05
    6.050000   2.83374417 -1.2266126276863112e-05
    6.050000   2.89847256 -1.2594681943278492e-05
    6.050000   2.96316844 -1.2860363852159148e-05
    6.050000   3.02777863 -1.3052066121832801e-05
    6.050000   3.09200950 -1.3161480083715798e-05
    6.100000   0.04958315 -1.2324072141027448e-05
    6.100000   0.11381403 -1.2223474876140634e-05
    6.100000   0.17842421 -1.2047168572534998e-05
    6.100000   0.24312010 -1.1802712369175814e-05
    6.100000   0.30784849 -1.1500218805687770e-05
    6.100000   0.37259260 -1.1151520799558412e-05
    6.100000   0.43734549 -1.0769302916022559e-05
    6.100000   0.50210377 -1.0366268896957064e-05
    6.100000   0.56686560 -9.9544244233205580e-06
    6.100000   0.63162987 -9.5445286431030328e-06
    6.100000   0.69639591 -9.1457379577410470e-06
    6.100000   0.76116325 -8.7654380901292689e-06
    6.100000   0.82593158 -8.4092397194534706e-06
    6.100000   0.89070068 -8.0811006982556619e-06
    6.100000   0.95547037 -7.7835337386529246e-06
    6.100000   1.02024053 -7.5178607625536506e-06
    6.100000   1.08501108 -7.2844815504288101e-06
    6.100000   1.14978193 -7.0831326394518865e-06
    6.100000   1.21455301 -6.9131208167146934e-06
    6.100000   1.27932429 -6.7735228466689397e-06
    6.100000   1.34409571 -6.6633486750168922e-06
    6.100000   1.40886724 -6.5816691337442554e-06
    6.100000   1.47363885 -6.5277112979573276e-06
    6.100000   1.53841049 -6.5009254244951769e-06
    6.100000   1.60318216 -6.5010271819709745e-06
    6.100000   1.66795381 -6.5280179825143737e-06
    6.100000   1.73272541 -6.5821849156660092e-06
    6.100000   1.79749694 -6.6640802842382876e-06
    6.100000   1.86226837 -6.7744792416671211e-06
    6.100000   1.92703964 -6.9143127214559357e-06
    6.100000   1.99181073 -7.0845719514374242e-06
    6.100000   2.05658157 -7.2861806274915907e-06
    6.100000   2.12135212 -7.5198316033801433e-06
    6.100000   2.18612229 -7.7857870823529379e-06
    6.100000   2.25089198 -8.0836450814507506e-06
    6.100000   2.31566107 -8.4120805440759713e-06
    6.100000   2.38042940 -8.7685767692472727e-06
    6.100000   2.44519674 -9.1491712166468649e-06
    6.100000   2.50996278 -9.5482480542866778e-06
    6.100000   2.57472706 -9.9584162424469688e-06
    6.100000   2.63948889 -1.0370514239772642e-05
    6.100000   2.70424717 -1.0773778273817180e-05
    6.100000   2.76900006 -1.1156198838813185e-05
    6.100000   2.83374417 -1.1505069346311275e-05
    6.100000   2.89847256 -1.1807703399102938e-05
    6.100000   2.96316844 -1.2052267147826388e-05
    6.100000   3.02777863 -1.2228647783441649e-05
    6.100000   3.09200950 -1.2329286270377702e-05
    6.150000   0.04958315 -1.1550159907368188e-05
    6.150000   0.11381403 -1.1457547404460164e-05
    6.150000   0.17842421 -1.1295185417165026e-05
    6.150000   0.24312010 -1.1069955981770339e-05
    6.150000   0.30784849 -1.0791074112478680e-05
    6.150000   0.37259260 -1.0469335391908982e-05
    6.150000   0.43734549 -1.0116330608679872e-05
    6.150000   0.50210377 -9.7436914959156796e-06
    6.150000   0.56686560 -9.3624387227905502e-06
    6.150000   0.63162987 -8.9824807200740717e-06
    6.150000   0.69639591 -8.6122851039330648e-06
    6.150000   0.76116325 -8.2587198260825848e-06
    6.150000   0.82593158 -7.9270424641338011e-06
    6.150000   0.89070068 -7.6210048643964591e-06
    6.150000   0.95547037 -7.3430364149099141e-06
    6.150000   1.02024053 -7.0944710759815534e-06
    6.150000   1.08501108 -6.8757888961084522e-06
    6.150000   1.14978193 -6.6868500870435216e-06
    6.150000   1.21455301 -6.5271072114088575e-06
    6.150000   1.27932429 -6.3957875810098548e-06
    6.150000   1.34409571 -6.2920430296602124e-06
    6.150000   1.40886724 -6.2150676774439998e-06
    6.150000   1.47363885 -6.1641862771801007e-06
    6.150000   1.53841049 -6.1389164965999978e-06
    6.150000   1.60318216 -6.1390083474590562e-06
    6.150000   1.66795381 -6.1644632116960752e-06
    6.150000   1.73272541 -6.2155337775314328e-06
    6.150000   1.79749694 -6.2927048854527532e-06
    6.150000   1.86226837 -6.3966539715205823e-06
    6.150000   1.92703964 -6.5281886589046216e-06
    6.150000   1.99181073 -6.6881582889312205e-06
    6.150000   2.05658157 -6.8773360425467575e-06
    6.150000   2.12135212 -7.0962690683195179e-06
    6.150000   2.18612229 -7.3450960095158147e-06
    6.150000   2.25089198 -7.6233347783258350e-06
    6.150000   2.31566107 -7.9296484921917458e-06
    6.150000   2.38042940 -8.2616040312045514e-06
    6.150000   2.44519674 -8.6154451512612552e-06
    6.150000   2.50996278 -8.9859094258676180e-06
    6.150000   2.57472706 -9.3661238785540362e-06
    6.150000   2.63948889 -9.7476160036933687e-06
    6.150000   2.70424717 -1.0120472925771401e-05
    6.150000   2.76900006 -1.0473670237388975e-05
    6.150000   2.83374417 -1.0795573342865703e-05
    6.150000   2.89847256 -1.1074589511093516e-05
    6.150000   2.96316844 -1.1299922049050214e-05
    6.150000   3.02777863 -1.1462355467877221e-05
    6.150000   3.09200950 -1.1555007650243812e-05
    6.200000   0.04958315 -1.0829611961442484e-05
    6.200000   0.11381403 -1.0744270264033471e-05
    6.200000   0.17842421 -1.0594609024275068e-05
    6.200000   0.24312010 -1.0386898740620987e-05
    6.200000   0.30784849 -1.0129543265201706e-05
    6.200000   0.37259260 -9.8323998123137408e-06
    6.200000   0.43734549 -9.5060685480211481e-06
    6.200000   0.50210377 -9.1612087639614800e-06
    6.200000   0.56686560 -8.8079457675729056e-06
    6.200000   0.63162987 -8.4554125997703469e-06
    6.200000   0.69639591 -8.1114467475547391e-06
    6.200000   0.76116325 -7.7824399183688358e-06
    6.200000   0.82593158 -7.4733220487758631e-06
    6.200000   0.89070068 -7.1876504900460917e-06
    6.200000   0.95547037 -6.9277715700699522e-06
    6.200000   1.02024053 -6.6950231866755311e-06
    6.200000   1.08501108 -6.4899519491385346e-06
    6.200000   1.14978193 -6.3125248690146118e-06
    6.200000   1.21455301 -6.1623222638205854e-06
    6.200000   1.27932429 -6.0387044098021441e-06
    6.200000   1.34409571 -5.9409490602879148e-06
    6.200000   1.40886724 -5.8683600992368615e-06
    6.200000   1.47363885 -5.8203494320334482e-06
    6.200000   1.53841049 -5.7964949591416522e-06
    6.200000   1.60318216 -5.7965774024390516e-06
    6.200000   1.66795381 -5.8205981145182499e-06
    6.200000   1.73272541 -5.8687790169455545e-06
    6.200000   1.79749694 -5.9415446675778629e-06
    6.200000   1.86226837 -6.0394853114690192e-06
    6.200000   1.92703964 -6.1632987863042716e-06
    6.200000   1.99181073 -6.3137085150573474e-06
    6.200000   2.05658157 -6.4913547445578351e-06
    6.200000   2.12135212 -6.6966569343098155e-06
    6.200000   2.18612229 -6.9296470347072054e-06
    6.200000   2.25089198 -7.1897765488830719e-06
    6.200000   2.31566107 -7.4757048536528718e-06
    6.200000   2.38042940 -7.7850821268880208e-06
    6.200000   2.44519674 -8.1143468874253366e-06
    6.200000   2.50996278 -8.4585646309285595e-06
    6.200000   2.57472706 -8.8113388966664103e-06
    6.200000   2.63948889 -9.1648275436807972e-06
    6.200000   2.70424717 -9.5098932601968334e-06
    6.200000   2.76900006 -9.8364070930411605e-06
    6.200000   2.83374417 -1.0133706890599474e-05
    6.200000   2.89847256 -1.0391190463585249e-05
    6.200000   2.96316844 -1.0598999345789302e-05
    6.200000   3.02777863 -1.0748729043424413e-05
    6.200000   3.09200950 -1.0834108825039303e-05
    6.250000   0.04958315 -1.0158279593749869e-05
    6.250000   0.11381403 -1.0079562977361740e-05
    6.250000   0.17842421 -9.9414776002343195e-06
    6.250000   0.24312010 -9.7497414742872470e-06
    6.250000   0.30784849 -9.5120251037725218e-06
    6.250000   0.37259260 -9.2373365522172810e-06
    6.250000   0.43734549 -8.9353784221455346e-06
    6.250000   0.50210377 -8.6159274707607312e-06
    6.250000   0.56686560 -8.2882946943496293e-06
    6.250000   0.63162987 -7.9609059562868353e-06
    6.250000   0.69639591 -7.6410218509801692e-06
    6.250000   0.76116325 -7.3345956636717286e-06
    6.250000   0.82593158 -7.0462530286944646e-06
    6.250000   0.89070068 -6.7793675424757564e-06
    6.250000   0.95547037 -6.5362030321829161e-06
    6.250000   1.02024053 -6.3180942992779067e-06
    6.250000   1.08501108 -6.1256423692346986e-06
    6.250000   1.14978193 -5.9589059984990699e-06
    6.250000   1.21455301 -5.8175771228387598e-06
    6.250000   1.27932429 -5.7011332008141101e-06
    6.250000   1.34409571 -5.6089635481116960e-06
    6.250000   1.40886724 -5.5404696382006197e-06
    6.250000   1.47363885 -5.4951410459421224e-06
    6.250000   1.53841049 -5.4726094330556320e-06
    6.250000   1.60318216 -5.4726829549579281e-06
    6.250000   1.66795381 -5.4953629355178148e-06
    6.250000   1.73272541 -5.5408438074452206e-06
    6.250000   1.79749694 -5.6094963185279580e-06
    6.250000   1.86226837 -5.7018330067013033e-06
    6.250000   1.92703964 -5.8184540987768304e-06
    6.250000   1.99181073 -5.9599714558350991e-06
    6.250000   2.05658157 -6.1269081705232236e-06
    6.250000   2.12135212 -6.3195721456197567e-06
    6.250000   2.18612229 -6.5379036865014144e-06
    6.250000   2.25089198 -6.7813000214655477e-06
    6.250000   2.31566107 -7.0484238066786846e-06
    6.250000   2.38042940 -7.3370079411858807e-06
    6.250000   2.44519674 -7.6436749470384206e-06
    6.250000   2.50996278 -7.9637948831261495e-06
    6.250000   2.57472706 -8.2914099641772544e-06
    6.250000   2.63948889 -8.6192551640174923e-06
    6.250000   2.70424717 -8.9389005168239647e-06
    6.250000   2.76900006 -9.2410314776783741e-06
    6.250000   2.83374417 -9.5158684474412925e-06
    6.250000   2.89847256 -9.7537067447086915e-06
    6.250000   2.96316844 -9.9455369438360873e-06
    6.250000   3.02777863 -1.0083687764290181e-05
    6.250000   3.09200950 -1.0162440836740364e-05
    6.300000   0.04958315 -9.5323681533960281e-06
    6.300000   0.11381403 -9.4596926427465050e-06
    6.300000   0.17842421 -9.3321656534462890e-06
    6.300000   0.24312010 -9.1550058711580837e-06
    6.300000   0.30784849 -8.9352205335538463e-06
    6.300000   0.37259260 -8.6810489514168205e-06
    6.300000   0.43734549 -8.4013800883201652e-06
    6.300000   0.50210377 -8.1051893308215177e-06
    6.300000   0.56686560 -7.8010466288526230e-06
    6.300000   0.63162987 -7.4967324360554740e-06
    6.300000   0.69639591 -7.1989787794290089e-06
    6.300000   0.76116325 -6.9133349842205193e-06
    6.300000   0.82593158 -6.6441437949760207e-06
    6.300000   0.89070068 -6.3946050911394238e-06
    6.300000   0.95547037 -6.1669010236075676e-06
    6.300000   1.02024053 -5.9623572292545610e-06
    6.300000   1.08501108 -5.7816184216871695e-06
    6.300000   1.14978193 -5.6248216984857824e-06
    6.300000   1.21455301 -5.4917561875277660e-06
    6.300000   1.27932429 -5.3820023834499754e-06
    6.300000   1.34409571 -5.2950482716874126e-06
    6.300000   1.40886724 -5.2303819681375172e-06
    6.300000   1.47363885 -5.1875621817797294e-06
    6.300000   1.53841049 -5.1662685069911894e-06
    6.300000   1.60318216 -5.1663335804390547e-06
    6.300000   1.66795381 -5.1877586977212986e-06
    6.300000   1.73272541 -5.2307137558522343e-06
    6.300000   1.79749694 -5.2955215218970867e-06
    6.300000   1.86226837 -5.3826253625037519e-06
    6.300000   1.92703964 -5.4925388406484984e-06
    6.300000   1.99181073 -5.6257751472133457e-06
    6.300000   2.05658157 -5.7827543646573983e-06
    6.300000   2.12135212 -5.9636872610706311e-06
    6.300000   2.18612229 -6.1684358940157430e-06
    6.300000   2.25089198 -6.3963539355915769e-06
    6.300000   2.31566107 -6.6461133770359815e-06
    6.300000   2.38042940 -6.9155289987641580e-06
    6.300000   2.44519674 -7.2013972708262669e-06
    6.300000   2.50996278 -7.4993713850569778e-06
    6.300000   2.57472706 -7.8038977532628053e-06
    6.300000   2.63948889 -8.1082401269341577e-06
    6.300000   2.70424717 -8.4046141132321055e-06
    6.300000   2.76900006 -8.6844463142040734e-06
    6.300000   2.83374417 -8.9387585322485955e-06
    6.300000   2.89847256 -9.1586596903667333e-06
    6.300000   2.96316844 -9.3359090319236548e-06
    6.300000   3.02777863 -9.4634984357842852e-06
    6.300000   3.09200950 -9.5362087578225484e-06
    6.350000   0.04958315 -8.9484067455691121e-06
    6.350000   0.11381403 -8.8812441821184238e-06
    6.350000   0.17842421 -8.7633552005447184e-06
    6.350000   0.24312010 -8.5995070011647469e-06
    6.350000   0.30784849 -8.3961066527402932e-06
    6.350000   0.37259260 -8.1606971446412025e-06
    6.350000   0.43734549 -7.9014294725517662e-06
    6.350000   0.50210377 -7.6265509131568011e-06
    6.350000   0.56686560 -7.3439565940139000e-06
    6.350000   0.63162987 -7.0608374955235930e-06
    6.350000   0.69639591 -6.7834409549579598e-06
    6.350000   0.76116325 -6.5169437539315431e-06
    6.350000   0.82593158 -6.2654254099472458e-06
    6.350000   0.89070068 -6.0319214815163997e-06
    6.350000   0.95547037 -5.8185335024786787e-06
    6.350000   1.02024053 -5.6265727474201088e-06
    6.350000   1.08501108 -5.4567181704853383e-06
    6.350000   1.14978193 -5.3091733012800803e-06
    6.350000   1.21455301 -5.1838115834612404e-06
    6.350000   1.27932429 -5.0803038847956634e-06
    6.350000   1.34409571 -4.9982252965860360e-06
    6.350000   1.40886724 -4.9371407440723588e-06
    6.350000   1.47363885 -4.8966703955481433e-06
    6.350000   1.53841049 -4.8765365333542344e-06
    6.350000   1.60318216 -4.8765936177346868e-06
    6.350000   1.66795381 -4.8968429163479134e-06
    6.350000   1.73272541 -4.9374324488002118e-06
    6.350000   1.79749694 -4.9986422466183654e-06
    6.350000   1.86226837 -5.0808541801868844e-06
    6.350000   1.92703964 -5.1845049814688999e-06
    6.350000   1.99181073 -5.3100207339687996e-06
    6.350000   2.05658157 -5.4577311706357555e-06
    6.350000   2.12135212 -5.6277627972505466e-06
    6.350000   2.18612229 -5.8199113265883090e-06
    6.350000   2.25089198 -6.0334963135120810e-06
    6.350000   2.31566107 -6.2672042707185952e-06
    6.350000   2.38042940 -6.5189307869960125e-06
    6.350000   2.44519674 -6.7856368688326150e-06
    6.350000   2.50996278 -7.0632391623430432e-06
    6.350000   2.57472706 -7.3465568455987618e-06
    6.350000   2.63948889 -7.6293385593094759e-06
    6.350000   2.70424717 -7.9043895422144565e-06
    6.350000   2.76900006 -8.1638113219344598e-06
    6.350000   2.83374417 -8.3993538522558280e-06
    6.350000   2.89847256 -8.6028640072825454e-06
    6.350000   2.96316844 -8.7667972904490619e-06
    6.350000   3.02777863 -8.8847456656152591e-06
    6.350000   3.09200950 -8.9519413927915684e-06
    6.400000   0.04958315 -8.4032200681632324e-06
    6.400000   0.11381403 -8.3410926982169430e-06
    6.400000   0.17842421 -8.2320090296149194e-06
    6.400000   0.24312010 -8.0803278216876192e-06
    6.400000   0.30784849 -7.8919127734599222e-06
    6.400000   0.37259260 -7.6736757971105438e-06
    6.400000   0.43734549 -7.4330981429072564e-06
    6.400000   0.50210377 -7.1777651028916809e-06
    6.400000   0.56686560 -6.9149568454156187e-06
    6.400000   0.63162987 -6.6513255420854545e-06
    6.400000   0.69639591 -6.3926736932106511e-06
    6.400000   0.76116325 -6.1438341926982066e-06
    6.400000   0.82593158 -5.9086414038844100e-06
    6.400000   0.89070068 -5.6899753721826362e-06
    6.400000   0.95547037 -5.4898582789627023e-06
    6.400000   1.02024053 -5.3095826207182814e-06
    6.400000   1.08501108 -5.1498532990832173e-06
    6.400000   1.14978193 -5.0109297166782459e-06
    6.400000   1.21455301 -4.8927581582338014e-06
    6.400000   1.27932429 -4.7950885443467863e-06
    6.400000   1.34409571 -4.7175727118904190e-06
    6.400000   1.40886724 -4.6598435719852599e-06
    6.400000   1.47363885 -4.6215758577235532e-06
    6.400000   1.53841049 -4.6025298243069268e-06
    6.400000   1.60318216 -4.6025793651654740e-06
    6.400000   1.66795381 -4.6217257202466571e-06
    6.400000   1.73272541 -4.6600974225827509e-06
    6.400000   1.79749694 -4.7179364835621610e-06
    6.400000   1.86226837 -4.7955701718666009e-06
    6.400000   1.92703964 -4.8933672114730833e-06
    6.400000   1.99181073 -5.0116769376399549e-06
    6.400000   2.05658157 -5.1507500518338693e-06
    6.400000   2.12135212 -5.3106402684589822e-06
    6.400000   2.18612229 -5.4910875088149844e-06
    6.400000   2.25089198 -5.6913854956470890e-06
    6.400000   2.31566107 -5.9102396686192566e-06
    6.400000   2.38042940 -6.1456251478588312e-06
    6.400000   2.44519674 -6.3946586545119070e-06
    6.400000   2.50996278 -6.6535022018153858e-06
    6.400000   2.57472706 -6.9173190651911701e-06
    6.400000   2.63948889 -7.1803029120140795e-06
    6.400000   2.70424717 -7.4357979434645941e-06
    6.400000   2.76900006 -7.6765207513508907e-06
    6.400000   2.83374417 -7.8948833243655172e-06
    6.400000   2.89847256 -8.0834022801462726e-06
    6.400000   2.96316844 -8.2351641569049966e-06
    6.400000   3.02777863 -8.3443042240627643e-06
    6.400000   3.09200950 -8.4064631182578548e-06
    6.450000   0.04958315 -7.8939023637219001e-06
    6.450000   0.11381403 -7.8363779146880273e-06
    6.450000   0.17842421 -7.7353459895735084e-06
    6.450000   0.24312010 -7.5947956310755041e-06
    6.450000   0.30784849 -7.4200982935510068e-06
    6.450000   0.37259260 -7.2175935794533683e-06
    6.450000   0.43734549 -6.9941545008545838e-06
    6.450000   0.50210377 -6.7567640538080332e-06
    6.450000   0.56686560 -6.5121415689407088e-06
    6.450000   0.63162987 -6.2664463103932896e-06
    6.450000   0.69639591 -6.0250721535644460e-06
    6.450000   0.76116325 -5.7925342592620710e-06
    6.450000   0.82593158 -5.5724384641922375e-06
    6.450000   0.89070068 -5.3675175679587326e-06
    6.450000   0.95547037 -5.1797158414045335e-06
    6.450000   1.02024053 -5.0103032870086354e-06
    6.450000   1.08501108 -4.8600034993681359e-06
    6.450000   1.14978193 -4.7291224122817661e-06
    6.450000   1.21455301 -4.6176689422700231e-06
    6.450000   1.27932429 -4.5254619559249687e-06
    6.450000   1.34409571 -4.4522207640195248e-06
    6.450000   1.40886724 -4.3976383539034578e-06
    6.450000   1.47363885 -4.3614378354970317e-06
    6.450000   1.53841049 -4.3434132014955504e-06
    6.450000   1.60318216 -4.3434556302748124e-06
    6.450000   1.66795381 -4.3615663342495028e-06
    6.450000   1.73272541 -4.3978565084163828e-06
    6.450000   1.79749694 -4.4525343795649519e-06
    6.450000   1.86226837 -4.5258788025526256e-06
    6.450000   1.92703964 -4.6181984024878156e-06
    6.450000   1.99181073 -4.7297750368079547e-06
    6.450000   2.05658157 -4.8607904800905380e-06
    6.450000   2.12135212 -5.0112358610274548e-06
    6.450000   2.18612229 -5.1808046459331070e-06
    6.450000   2.25089198 -5.3687719726384101e-06
    6.450000   2.31566107 -5.5738659142780283e-06
    6.450000   2.38042940 -5.7941396690770418e-06
    6.450000   2.44519674 -6.0268573929406676e-06
    6.450000   2.50996278 -6.2684098258017670e-06
    6.450000   2.57472706 -6.5142781740776952e-06
    6.450000   2.63948889 -6.7590649108082297e-06
    6.450000   2.70424717 -6.9966072937537621e-06
    6.450000   2.76900006 -7.2201828585368810e-06
    6.450000   2.83374417 -7.4228059472419482e-06
    6.450000   2.89847256 -7.5976014263052340e-06
    6.450000   2.96316844 -7.7382281172374539e-06
    6.450000   3.02777863 -7.8393134866843709e-06
    6.450000   3.09200950 -7.8968678378793335e-06
    6.500000   0.04958315 -7.4177934263338564e-06
    6.500000   0.11381403 -7.3644806374968360e-06
    6.500000   0.17842421 -7.2708182421048955e-06
    6.500000   0.24312010 -7.1404604036545465e-06
    6.500000   0.30784849 -6.9783323502110124e-06
    6.500000   0.37259260 -6.7902543107422665e-06
    6.500000   0.43734549 -6.5825465174077466e-06
    6.500000   0.50210377 -6.3616435574074776e-06
    6.500000   0.56686560 -6.1337528658462724e-06
    6.500000   0.63162987 -5.9045823997881010e-06
    6.500000   0.69639591 -5.6791503298292464e-06
    6.500000   0.76116325 -5.4616779718989429e-06
    6.500000   0.82593158 -5.2555579489914644e-06
    6.500000   0.89070068 -5.0633835842028486e-06
    6.500000   0.95547037 -4.8870228308122970e-06
    6.500000   1.02024053 -4.7277201057433977e-06
    6.500000   1.08501108 -4.5862113741031536e-06
    6.500000   1.14978193 -4.4628408543822533e-06
    6.500000   1.21455301 -4.3576710262786928e-06
    6.500000   1.27932429 -4.2705806906506952e-06
    6.500000   1.34409571 -4.2013483438906954e-06
    6.500000   1.40886724 -4.1497199659318029e-06
    6.500000   1.47363885 -4.1154614945793910e-06
    6.500000   1.53841049 -4.0983968586981803e-06
    6.500000   1.60318216 -4.0984325925393576e-06
    6.500000   1.66795381 -4.1155698811155501e-06
    6.500000   1.73272541 -4.1499045106835068e-06
    6.500000   1.79749694 -4.2016147248484282e-06
    6.500000   1.86226837 -4.2709365134036127e-06
    6.500000   1.92703964 -4.3581254856285813e-06
    6.500000   1.99181073 -4.4634043081500412e-06
    6.500000   2.05658157 -4.5868948381677652e-06
    6.500000   2.12135212 -4.7285346838129046e-06
    6.500000   2.18612229 -4.8879790978884803e-06
    6.500000   2.25089198 -5.0644909489577852e-06
    6.500000   2.31566107 -5.2568240265167391e-06
    6.500000   2.38042940 -5.4631080036071733e-06
    6.500000   2.44519674 -5.6807466901334825e-06
    6.500000   2.50996278 -5.9063442281103358e-06
    6.500000   2.57472706 -6.1356758560277311e-06
    6.500000   2.63948889 -6.3637199242429202e-06
    6.500000   2.70424717 -6.5847651423236106e-06
    6.500000   2.76900006 -6.7926010480216251e-06
    6.500000   2.83374417 -6.9807904554374247e-06
    6.500000   2.89847256 -7.1430110319433939e-06
    6.500000   2.96316844 -7.2734409595949455e-06
    6.500000   3.02777863 -7.3671538980596199e-06
    6.500000   3.09200950 -7.4204949919126421e-06
    6.550000   0.04958315 -6.9724565777470527e-06
    6.550000   0.11381403 -6.9230011517290795e-06
    6.550000   0.17842421 -6.8360903900024900e-06
    6.550000   0.24312010 -6.7150749199472357e-06
    6.550000   0.30784849 -6.5644751694171913e-06
    6.550000   0.37259260 -6.3896396840879129e-06
    6.550000   0.43734549 -6.1963859296323243e-06
    6.550000   0.50210377 -5.9906487457707424e-06
    6.550000   0.56686560 -5.7781679448911386e-06
    6.550000   0.63162987 -5.5642378954475662e-06
    6.550000   0.69639591 -5.3535310074862410e-06
    6.550000   0.76116325 -5.1499965867408014e-06
    6.550000   0.82593158 -4.9568281589880889e-06
    6.550000   0.89070068 -4.7764868802572056e-06
    6.550000   0.95547037 -4.6107661057833676e-06
    6.550000   1.02024053 -4.4608821306098689e-06
    6.550000   1.08501108 -4.3275778026584280e-06
    6.550000   1.14978193 -4.2112283626661294e-06
    6.550000   1.21455301 -4.1119418115792034e-06
    6.550000   1.27932429 -4.0296488598167750e-06
    6.550000   1.34409571 -3.9641797883057866e-06
    6.550000   1.40886724 -3.9153272317256877e-06
    6.550000   1.47363885 -3.8828949841360599e-06
    6.550000   1.53841049 -3.8667335015435470e-06
    6.550000   1.60318216 -3.8667629431301482e-06
    6.550000   1.66795381 -3.8829844666201087e-06
    6.550000   1.73272541 -3.9154801806501958e-06
    6.550000   1.79749694 -3.9644017547068049e-06
    6.550000   1.86226837 -4.0299472849298763e-06
    6.550000   1.92703964 -4.1123257019543753e-06
    6.550000   1.99181073 -4.2117078814069874e-06
    6.550000   2.05658157 -4.3281637856577538e-06
    6.550000   2.12135212 -4.4615855408910018e-06
    6.550000   2.18612229 -4.6115974441206688e-06
    6.550000   2.25089198 -4.7774555760027226e-06
    6.550000   2.31566107 -4.9579419707392370e-06
    6.550000   2.38042940 -5.1512610471984352e-06
    6.550000   2.44519674 -5.3549489493772615e-06
    6.550000   2.50996278 -5.5658090941959072e-06
    6.550000   2.57472706 -5.7798889077436662e-06
    6.550000   2.63948889 -5.9925126657930019e-06
    6.550000   2.70424717 -6.1983828069862635e-06
    6.550000   2.76900006 -6.3917565984090778e-06
    6.550000   2.83374417 -6.5666966693917619e-06
    6.550000   2.89847256 -6.7173834834626491e-06
    6.550000   2.96316844 -6.8384669043757837e-06
    6.550000   3.02777863 -6.9254253707452240e-06
    6.550000   3.09200950 -6.9749075357260528e-06
    6.600000   0.04958315 -6.5556585102883159e-06
    6.600000   0.11381403 -6.5097394519861299e-06
    6.600000   0.17842421 -6.4290203811732241e-06
    6.600000   0.24312010 -6.3165765929691654e-06
    6.600000   0.30784849 -6.1765610141080370e-06
    6.600000   0.37259260 -6.0138934805364795e-06
    6.600000   0.43734549 -5.8339338065945241e-06
    6.600000   0.50210377 -5.6421610411444060e-06
    6.600000   0.56686560 -5.4438874387673721e-06
    6.600000   0.63162987 -5.2440279951123523e-06
    6.600000   0.69639591 -5.0469366142405260e-06
    6.600000   0.76116325 -4.8563105654543566e-06
    6.600000   0.82593158 -4.6751573042696265e-06
    6.600000   0.89070068 -4.5058127035107449e-06
    6.600000   0.95547037 -4.3499973439365915e-06
    6.600000   1.02024053 -4.2088973544803735e-06
    6.600000   1.08501108 -4.0832577242562214e-06
    6.600000   1.14978193 -3.9734783364116016e-06
    6.600000   1.21455301 -3.8797055940454358e-06
    6.600000   1.27932429 -3.8019149809194239e-06
    6.600000   1.34409571 -3.7399819609184577e-06
    6.600000   1.40886724 -3.6937401583047397e-06
    6.600000   1.47363885 -3.6630267727905981e-06
    6.600000   1.53841049 -3.6477157326992834e-06
    6.600000   1.60318216 -3.6477392701620215e-06
    6.600000   1.66795381 -3.6630985157137226e-06
    6.600000   1.73272541 -3.6938634525242993e-06
    6.600000   1.79749694 -3.7401622308051194e-06
    6.600000   1.86226837 -3.8021595033981677e-06
    6.600000   1.92703964 -3.8800231868052625e-06
    6.600000   1.99181073 -3.9738789659596418e-06
    6.600000   2.05658157 -4.0837520425333488e-06
    6.600000   2.12135212 -4.2094961766952088e-06
    6.600000   2.18612229 -4.3507110850505568e-06
    6.600000   2.25089198 -4.5066507960613694e-06
    6.600000   2.31566107 -4.6761276254544846e-06
    6.600000   2.38042940 -4.8574189056448535e-06
    6.600000   2.44519674 -5.0481862212372371e-06
    6.600000   2.50996278 -5.2454192273011585e-06
    6.600000   2.57472706 -5.4454175547387486e-06
    6.600000   2.63948889 -5.6438241430433165e-06
    6.600000   2.70424717 -5.8357209399494474e-06
    6.600000   2.76900006 -6.0157928765344745e-06
    6.600000   2.83374417 -6.1785584443115862e-06
    6.600000   2.89847256 -6.3186557949482065e-06
    6.600000   2.96316844 -6.4311635098488388e-06
    6.600000   3.02777863 -6.5119275176210361e-06
    6.600000   3.09200950 -6.5578717849071406e-06
    6.650000   0.04958315 -6.1653508841550769e-06
    6.650000   0.11381403 -6.1226771950075320e-06
    6.650000   0.17842421 -6.0476420789445619e-06
    6.650000   0.24312010 -5.9430708840552509e-06
    6.650000   0.30784849 -5.8127826281977853e-06
    6.650000   0.37259260 -5.6613071726412163e-06
    6.650000   0.43734549 -5.4935873909676365e-06
    6.650000   0.50210377 -5.3146862637931125e-06
    6.650000   0.56686560 -5.1295247619562224e-06
    6.650000   0.63162987 -4.9426695643320507e-06
    6.650000   0.69639591 -4.7581808926132368e-06
    6.650000   0.76116325 -4.5795222667311817e-06
    6.650000   0.82593158 -4.4095271060054648e-06
    6.650000   0.89070068 -4.2504124892674073e-06
    6.650000   0.95547037 -4.1038281298476516e-06
    6.650000   1.02024053 -3.9709283810834072e-06
    6.650000   1.08501108 -3.8524562971170228e-06
    6.650000   1.14978193 -3.7488308140843697e-06
    6.650000   1.21455301 -3.6602304465340515e-06
    6.650000   1.27932429 -3.5866691142057980e-06
    6.650000   1.34409571 -3.5280615821081173e-06
    6.650000   1.40886724 -3.4842774050209310e-06
    6.650000   1.47363885 -3.4551832074946792e-06
    6.650000   1.53841049 -3.4406736548814156e-06
    6.650000   1.60318216 -3.4406916617505098e-06
    6.650000   1.66795381 -3.4552383315595281e-06
    6.650000   1.73272541 -3.4843729126882185e-06
    6.650000   1.79749694 -3.5282027713872668e-06
    6.650000   1.86226837 -3.5868630977792235e-06
    6.650000   1.92703964 -3.6604858526479504e-06
    6.650000   1.99181073 -3.7491574108397962e-06
    6.650000   2.05658157 -3.8528645486774313e-06
    6.650000   2.12135212 -3.9714289480085002e-06
    6.650000   2.18612229 -4.1044313302386761e-06
    6.650000   2.25089198 -4.2511277422634720e-06
    6.650000   2.31566107 -4.4103623839401724e-06
    6.650000   2.38042940 -4.5804835861033804e-06
    6.650000   2.44519674 -4.7592718758876431e-06
    6.650000   2.50996278 -4.9438911033997773e-06
    6.650000   2.57472706 -5.1308748089406195e-06
    6.650000   2.63948889 -5.3161597654128867e-06
    6.650000   2.70424717 -5.4951763695143629e-06
    6.650000   2.76900006 -5.6630009414384011e-06
    6.650000   2.83374417 -5.8145681149722925e-06
    6.650000   2.89847256 -5.9449330251807648e-06
    6.650000   2.96316844 -6.0495642440130510e-06
    6.650000   3.02777863 -6.1246416063738110e-06
    6.650000   3.09200950 -6.1673390145813099e-06
    6.700000   0.04958315 -5.7996535616460076e-06
    6.700000   0.11381403 -5.7599612586078357e-06
    6.700000   0.17842421 -5.6901493853595831e-06
    6.700000   0.24312010 -5.5928161985428742e-06
    6.700000   0.30784849 -5.4714770712987794e-06
    6.700000   0.37259260 -5.3303068178551086e-06
    6.700000   0.43734549 -5.1738681223296380e-06
    6.700000   0.50210377 -5.0068438104001371e-06
    6.700000   0.56686560 -4.8337964288199935e-06
    6.700000   0.63162987 -4.6589725455303151e-06
    6.700000   0.69639591 -4.4861613262782783e-06
    6.700000   0.76116325 -4.3186092994388321e-06
    6.700000   0.82593158 -4.1589869767109229e-06
    6.700000   0.89070068 -4.0093987654480209e-06
    6.700000   0.95547037 -3.8714254834803203e-06
    6.700000   1.02024053 -3.7461884818100564e-06
    6.700000   1.08501108 -3.6344253958309078e-06
    6.700000   1.14978193 -3.5365693320327424e-06
    6.700000   1.21455301 -3.4528253683903580e-06
    6.700000   1.27932429 -3.3832402407428639e-06
    6.700000   1.34409571 -3.3277627806603196e-06
    6.700000   1.40886724 -3.2862939599846347e-06
    6.700000   1.47363885 -3.2587262705143151e-06
    6.700000   1.53841049 -3.2449726673370123e-06
    6.700000   1.60318216 -3.2449855025533454e-06
    6.700000   1.66795381 -3.2587658526662268e-06
    6.700000   1.73272541 -3.2863634763673485e-06
    6.700000   1.79749694 -3.3278674032880742e-06
    6.700000   1.86226837 -3.3833869182056264e-06
    6.700000   1.92703964 -3.4530225390198633e-06
    6.700000   1.99181073 -3.5368265638759029e-06
    6.700000   2.05658157 -3.6347529616927529e-06
    6.700000   2.12135212 -3.7465968811509919e-06
    6.700000   2.18612229 -3.8719249271206696e-06
    6.700000   2.25089198 -4.0099986435096368e-06
    6.700000   2.31566107 -4.1596953346217124e-06
    6.700000   2.38042940 -4.3194323502820200e-06
    6.700000   2.44519674 -4.4871030294103354e-06
    6.700000   2.50996278 -4.6600342802001142e-06
    6.700000   2.57472706 -4.8349767867545384e-06
    6.700000   2.63948889 -5.0081385226401080e-06
    6.700000   2.70424717 -5.1752701236515949e-06
    6.700000   2.76900006 -5.3318064382976865e-06
    6.700000   2.83374417 -5.4730623312807957e-06
    6.700000   2.89847256 -5.5944731744861112e-06
    6.700000   2.96316844 -5.6918626093726554e-06
    6.700000   3.02777863 -5.7617141201530891e-06
    6.700000   3.09200950 -5.8014286955161891e-06
    6.750000   0.04958315 -5.4568393597019016e-06
    6.750000   0.11381403 -5.4198887899847362e-06
    6.750000   0.17842421 -5.3548818035270378e-06
    6.750000   0.24312010 -5.2642101515506786e-06
    6.750000   0.30784849 -5.1511128395321046e-06
    6.750000   0.37259260 -5.0194411430881622e-06
    6.750000   0.43734549 -4.8734107499923700e-06
    6.750000   0.50210377 -4.7173568177096098e-06
    6.750000   0.56686560 -4.5555132535415373e-06
    6.750000   0.63162987 -4.3918321494155218e-06
    6.750000   0.69639591 -4.2298522553613003e-06
    6.750000   0.76116325 -4.0726184790051919e-06
    6.750000   0.82593158 -3.9226487265394298e-06
    6.750000   0.89070068 -3.7819405150420991e-06
    6.750000   0.95547037 -3.6520077868891856e-06
    6.750000   1.02024053 -3.5339379997992603e-06
    6.750000   1.08501108 -3.4284604129184665e-06
    6.750000   1.14978193 -3.3360180515330453e-06
    6.750000   1.21455301 -3.2568376740594155e-06
    6.750000   1.27932429 -3.1909938562844732e-06
    6.750000   1.34409571 -3.1384648433181872e-06
    6.750000   1.40886724 -3.0991790013546873e-06
    6.750000   1.47363885 -3.0730515127961785e-06
    6.750000   1.53841049 -3.0600114345555991e-06
    6.750000   1.60318216 -3.0600194425317757e-06
    6.750000   1.66795381 -3.0730765864153285e-06
    6.750000   1.73272541 -3.0992242491758721e-06
    6.750000   1.79749694 -3.1385353118178789e-06
    6.750000   1.86226837 -3.1910963302355961e-06
    6.750000   1.92703964 -3.2569804015840481e-06
    6.750000   1.99181073 -3.3362103992018489e-06
    6.750000   2.05658157 -3.4287124589152635e-06
    6.750000   2.12135212 -3.5342600765073073e-06
    6.750000   2.18612229 -3.6524099881057675e-06
    6.750000   2.25089198 -3.7824321872451800e-06
    6.750000   2.31566107 -3.9232379676131766e-06
    6.750000   2.38042940 -4.0733116709887388e-06
    6.750000   2.44519674 -4.2306536592202613e-06
    6.750000   2.50996278 -4.3927435886669762e-06
    6.750000   2.57472706 -4.5565339091438224e-06
    6.750000   2.63948889 -4.7184831486710120e-06
    6.750000   2.70424717 -4.8746365432361553e-06
    6.750000   2.76900006 -5.0207576836074736e-06
    6.750000   2.83374417 -5.1525091799787760e-06
    6.750000   2.89847256 -5.2656734516849623e-06
    6.750000   2.96316844 -5.3563977067103422e-06
    6.750000   3.02777863 -5.4214418075227176e-06
    6.750000   3.09200950 -5.4584132484308508e-06
    6.800000   0.04958315 -5.1353202036940362e-06
    6.800000   0.11381403 -5.1008936282018038e-06
    6.800000   0.17842421 -5.0403113270403492e-06
    6.800000   0.24312010 -4.9557770963157764e-06
    6.800000   0.30784849 -4.8502781703856856e-06
    6.800000   0.37259260 -4.7273707246468392e-06
    6.800000   0.43734549 -4.5909534463887547e-06
    6.800000   0.50210377 -4.4450432295421771e-06
    6.800000   0.56686560 -4.2935723572361717e-06
    6.800000   0.63162987 -4.1402217611135594e-06
    6.800000   0.69639591 -3.9882986198289223e-06
    6.800000   0.76116325 -3.8406603325085188e-06
    6.800000   0.82593158 -3.6996817469847474e-06
    6.800000   0.89070068 -3.5672589530114407e-06
    6.800000   0.95547037 -3.4448410707007971e-06
    6.800000   1.02024053 -3.3334810670027554e-06
    6.800000   1.08501108 -3.2338973339292960e-06
    6.800000   1.14978193 -3.1465391266691900e-06
    6.800000   1.21455301 -3.0716505958966028e-06
    6.800000   1.27932429 -3.0093297581615833e-06
    6.800000   1.34409571 -2.9595801411245031e-06
    6.800000   1.40886724 -2.9223539236353882e-06
    6.800000   1.47363885 -2.8975861446887904e-06
    6.800000   1.53841049 -2.8852200085512639e-06
    6.800000   1.60318216 -2.8852235192808454e-06
    6.800000   1.66795381 -2.8975976999192029e-06
    6.800000   1.73272541 -2.9223765536348293e-06
    6.800000   1.79749694 -2.9596187674080289e-06
    6.800000   1.86226837 -3.0093910021211301e-06
    6.800000   1.92703964 -3.0717425153633525e-06
    6.800000   1.99181073 -3.1466708855929379e-06
    6.800000   2.05658157 -3.2340788129933747e-06
    6.800000   2.12135212 -3.3337224260417229e-06
    6.800000   2.18612229 -3.4451522774749022e-06
    6.800000   2.25089198 -3.5676492967386365e-06
    6.800000   2.31566107 -3.7001593587503313e-06
    6.800000   2.38042940 -3.8412317375119738e-06
    6.800000   2.44519674 -3.9889683476965075e-06
    6.800000   2.50996278 -4.1409920393865793e-06
    6.800000   2.57472706 -4.2944429090251641e-06
    6.800000   2.63948889 -4.4460111890297682e-06
    6.800000   2.70424717 -4.5920133959344084e-06
    6.800000   2.76900006 -4.7285148458101126e-06
    6.800000   2.83374417 -4.8514964904112123e-06
    6.800000   2.89847256 -4.9570578035798329e-06
    6.800000   2.96316844 -5.0416411258792237e-06
    6.800000   3.02777863 -5.1022581064761483e-06
    6.800000   3.09200950 -5.1367041994226033e-06
    6.850000   0.04958315 -4.8336345689451581e-06
    6.850000   0.11381403 -4.8015339892204184e-06
    6.850000   0.17842421 -4.7450305481810285e-06
    6.850000   0.24312010 -4.6661568113806393e-06
    6.850000   0.30784849 -4.5676704335038153e-06
    6.850000   0.37259260 -4.4528581718237710e-06
    6.850000   0.43734549 -4.3253288361891856e-06
    6.850000   0.50210377 -4.1888076895009368e-06
    6.850000   0.56686560 -4.0469499117608521e-06
    6.850000   0.63162987 -3.9031864975514259e-06
    6.850000   0.69639591 -3.7606102742065831e-06
    6.850000   0.76116325 -3.6219041019757679e-06
    6.850000   0.82593158 -3.4893086271862755e-06
    6.850000   0.89070068 -3.3646236780062181e-06
    6.850000   0.95547037 -3.2492356252980189e-06
    6.850000   1.02024053 -3.1441626031967114e-06
    6.850000   1.08501108 -3.0501100585387228e-06
    6.850000   1.14978193 -2.9675302884354174e-06
    6.850000   1.21455301 -2.8966810790314438e-06
    6.850000   1.27932429 -2.8376800050632981e-06
    6.850000   1.34409571 -2.7905522139554885e-06
    6.850000   1.40886724 -2.7552705115262632e-06
    6.850000   1.47363885 -2.7317872673166462e-06
    6.850000   1.53841049 -2.7200580884033660e-06
    6.850000   1.60318216 -2.7200574176131324e-06
    6.850000   1.66795381 -2.7317862515290848e-06
    6.850000   1.73272541 -2.7552721032439483e-06
    6.850000   1.79749694 -2.7905612104325235e-06
    6.850000   1.86226837 -2.8377028649439646e-06
    6.850000   1.92703964 -2.8967256700086062e-06
    6.850000   1.99181073 -2.9676055710149990e-06
    6.850000   2.05658157 -3.0502257134298807e-06
    6.850000   2.12135212 -3.1443286127763118e-06
    6.850000   2.18612229 -3.2494618230167154e-06
    6.850000   2.25089198 -3.3649192832187712e-06
    6.850000   2.31566107 -3.4896817862727459e-06
    6.850000   2.38042940 -3.6223614592538557e-06
    6.850000   2.44519674 -3.7611565972236109e-06
    6.850000   2.50996278 -3.9038243802871100e-06
    6.850000   2.57472706 -4.0476795754312604e-06
    6.850000   2.63948889 -4.1896268939733346e-06
    6.850000   2.70424717 -4.3262329058846738e-06
    6.850000   2.76900006 -4.4538401296148119e-06
    6.850000   2.83374417 -4.5687212262309483e-06
    6.850000   2.89847256 -4.6672656032515891e-06
    6.850000   2.96316844 -4.7461850553002021e-06
    6.850000   3.02777863 -4.8027208309136446e-06
    6.850000   3.09200950 -4.8348396230232783e-06
    6.900000   0.04958315 -4.5504361013857863e-06
    6.900000   0.11381403 -4.5204813067939925e-06
    6.900000   0.17842421 -4.4677418815312923e-06
    6.900000   0.24312010 -4.3940942478151108e-06
    6.900000   0.30784849 -4.3020865141738932e-06
    6.900000   0.37259260 -4.1947592272512118e-06
    6.900000   0.43734549 -4.0754558610874181e-06
    6.900000   0.50210377 -3.9476341863849894e-06
    6.900000   0.56686560 -3.8146945542384157e-06
    6.900000   0.63162987 -3.6798373569798379e-06
    6.900000   0.69639591 -3.5459568209870251e-06
    6.900000   0.76116325 -3.4155731992779406e-06
    6.900000   0.82593158 -3.2908011617570575e-06
    6.900000   0.89070068 -3.1733491627546416e-06
    6.900000   0.95547037 -3.0645429049636311e-06
    6.900000   1.02024053 -2.9653655689808075e-06
    6.900000   1.08501108 -2.8765079429164343e-06
    6.900000   1.14978193 -2.7984226231337941e-06
    6.900000   1.21455301 -2.7313777486256702e-06
    6.900000   1.27932429 -2.6755070318823761e-06
    6.900000   1.34409571 -2.6308539968689919e-06
    6.900000   1.40886724 -2.5974092460362481e-06
    6.900000   1.47363885 -2.5751402300035120e-06
    6.900000   1.53841049 -2.5640134027930203e-06
    6.900000   1.60318216 -2.5640088521374356e-06
    6.900000   1.66795381 -2.5751275483788784e-06
    6.900000   1.73272541 -2.5973913087886005e-06
    6.900000   1.79749694 -2.6308354778394212e-06
    6.900000   1.86226837 -2.6754942277864209e-06
    6.900000   1.92703964 -2.7313783374396218e-06
    6.900000   1.99181073 -2.7984453614314602e-06
    6.900000   2.05658157 -2.8765623093999521e-06
    6.900000   2.12135212 -2.9654613642294818e-06
    6.900000   2.18612229 -3.0646898206087397e-06
    6.900000   2.25089198 -3.1735563366839702e-06
    6.900000   2.31566107 -3.2910767390549179e-06
    6.900000   2.38042940 -3.4159239210178669e-06
    6.900000   2.44519674 -3.5463876639780908e-06
    6.900000   2.50996278 -3.6803512465336404e-06
    6.900000   2.57472706 -3.8152921684658953e-06
    6.900000   2.63948889 -3.9483138643920478e-06
    6.900000   2.70424717 -4.0762136190824845e-06
    6.900000   2.76900006 -4.1955888770843707e-06
    6.900000   2.83374417 -4.3029798697918740e-06
    6.900000   2.89847256 -4.3950413983560705e-06
    6.900000   2.96316844 -4.4687315068066750e-06
    6.900000   3.02777863 -4.5215010128998824e-06
    6.900000   3.09200950 -4.5514727642957893e-06
    6.950000   0.04958315 -4.2844833145765783e-06
    6.950000   0.11381403 -4.2565101283229221e-06
    6.950000   0.17842421 -4.2072478053293948e-06
    6.950000   0.24312010 -4.1384302432715153e-06
    6.950000   0.30784849 -4.0524141017662385e-06
    6.950000   0.37259260 -3.9520147024229386e-06
    6.950000   0.43734549 -3.8403324052847115e-06
    6.950000   0.50210377 -3.7205793841478481e-06
    6.950000   0.56686560 -3.5959214109970523e-06
    6.950000   0.63162987 -3.4693459058965737e-06
    6.950000   0.69639591 -3.3435629142322607e-06
    6.950000   0.76116325 -3.2209410698738091e-06
    6.950000   0.82593158 -3.1034767126017053e-06
    6.950000   0.89070068 -2.9927915502637233e-06
    6.950000   0.95547037 -2.8901526962025622e-06
    6.950000   1.02024053 -2.7965084475708643e-06
    6.950000   1.08501108 -2.7125335412594994e-06
    6.950000   1.14978193 -2.6386785254815757e-06
    6.950000   1.21455301 -2.5752190320892857e-06
    6.950000   1.27932429 -2.5223019039095844e-06
    6.950000   1.34409571 -2.4799861738988982e-06
    6.950000   1.40886724 -2.4482777294154306e-06
    6.950000   1.47363885 -2.4271571009438006e-06
    6.950000   1.53841049 -2.4166002030477632e-06
    6.950000   1.60318216 -2.4165920603375861e-06
    6.950000   1.66795381 -2.4271336171661674e-06
    6.950000   1.73272541 -2.4482417034535043e-06
    6.950000   1.79749694 -2.4799421571732759e-06
    6.950000   1.86226837 -2.5222560322319800e-06
    6.950000   1.92703964 -2.5751787944116693e-06
    6.950000   1.99181073 -2.6386524743055197e-06
    6.950000   2.05658157 -2.7125309516985074e-06
    6.950000   2.12135212 -2.7965389346448062e-06
    6.950000   2.18612229 -2.8902258029708519e-06
    6.950000   2.25089198 -2.9929163225337814e-06
    6.950000   2.31566107 -3.1036612788385630e-06
    6.950000   2.38042940 -3.2211922471470806e-06
    6.950000   2.44519674 -3.3438858619226625e-06
    6.950000   2.50996278 -3.4697438478705452e-06
    6.950000   2.57472706 -3.5963954436788225e-06
    6.950000   2.63948889 -3.7211283822859194e-06
    6.950000   2.70424717 -3.8409530294804243e-06
    6.950000   2.76900006 -3.9527015038973208e-06
    6.950000   2.83374417 -4.0531597114651300e-06
    6.950000   2.89847256 -4.1392256262046530e-06
    6.950000   2.96316844 -4.2080825581625855e-06
    6.950000   3.02777863 -4.2573727997837056e-06
    6.950000   3.09200950 -4.2853617371821096e-06
    7.000000   0.04958315 -4.0346302666602382e-06
    7.000000   0.11381403 -4.0084889710237615e-06
    7.000000   0.17842421 -3.9624420290841191e-06
    7.000000   0.24312010 -3.8980931156705508e-06
    7.000000   0.30784849 -3.8176238011299898e-06
    7.000000   0.37259260 -3.7236431723319748e-06
    7.000000   0.43734549 -3.6190286119703933e-06
    7.000000   0.50210377 -3.5067665732375252e-06
    7.000000   0.56686560 -3.3898066741885631e-06
    7.000000   0.63162987 -3.2709394529174411e-06
    7.000000   0.69639591 -3.1527039888042404e-06
    7.000000   0.76116325 -3.0373274263011548e-06
    7.000000   0.82593158 -2.9266948905554416e-06
    7.000000   0.89070068 -2.8223457260534577e-06
    7.000000   0.95547037 -2.7254905243342654e-06
    7.000000   1.02024053 -2.6370429327826739e-06
    7.000000   1.08501108 -2.5576605266977873e-06
    7.000000   1.14978193 -2.4877898090404822e-06
    7.000000   1.21455301 -2.4277114207977873e-06
    7.000000   1.27932429 -2.3775826964723770e-06
    7.000000   1.34409571 -2.3374756465730076e-06
    7.000000   1.40886724 -2.3074092171178181e-06
    7.000000   1.47363885 -2.2873752399119550e-06
    7.000000   1.53841049 -2.2773578557710479e-06
    7.000000   1.60318216 -2.2773463952403647e-06
    7.000000   1.66795381 -2.2873417769593555e-06
    7.000000   1.73272541 -2.3073564749463908e-06
    7.000000   1.79749694 -2.3374080553173845e-06
    7.000000   1.86226837 -2.3775062322744703e-06
    7.000000   1.92703964 -2.4276333845451163e-06
    7.000000   1.99181073 -2.4877185493791004e-06
    7.000000   2.05658157 -2.5576051140169974e-06
    7.000000   2.12135212 -2.6370127933678885e-06
    7.000000   2.18612229 -2.7254950466668792e-06
    7.000000   2.25089198 -2.8223938542046993e-06
    7.000000   2.31566107 -2.9267947222682081e-06
    7.000000   2.38042940 -3.0374858354198023e-06
    7.000000   2.44519674 -3.1529262924497499e-06
    7.000000   2.50996278 -3.2712291429126909e-06
    7.000000   2.57472706 -3.3901652291636863e-06
    7.000000   2.63948889 -3.5071933626219038e-06
    7.000000   2.70424717 -3.6195208960698525e-06
    7.000000   2.76900006 -3.7241961947030935e-06
    7.000000   2.83374417 -3.8182309618715572e-06
    7.000000   2.89847256 -3.8987462084160604e-06
    7.000000   2.96316844 -3.9631315217586456e-06
    7.000000   3.02777863 -4.0092043115415291e-06
    7.000000   3.09200950 -4.0353602026914573e-06
    7.100000   0.04958315 -3.5790675522784572e-06
    7.100000   0.11381403 -3.5561917988740106e-06
    7.100000   0.17842421 -3.5158791855074082e-06
    7.100000   0.24312010 -3.4595052414694497e-06
    7.100000   0.30784849 -3.3889443582854815e-06
    7.100000   0.37259260 -3.3064431371767384e-06
    7.100000   0.43734549 -3.2144861057737423e-06
    7.100000   0.50210377 -3.1156608157341717e-06
    7.100000   0.56686560 -3.0125334333311344e-06
    7.100000   0.63162987 -2.9075435721704626e-06
    7.100000   0.69639591 -2.8029237581923191e-06
    7.100000   0.76116325 -2.7006454896972498e-06
    7.100000   0.82593158 -2.6023908991438088e-06
    7.100000   0.89070068 -2.5095468498933778e-06
    7.100000   0.95547037 -2.4232170094385358e-06
    7.100000   1.02024053 -2.3442469623545377e-06
    7.100000   1.08501108 -2.2732575875484592e-06
    7.100000   1.14978193 -2.2106825097986926e-06
    7.100000   1.21455301 -2.1568062380306116e-06
    7.100000   1.27932429 -2.1118004540584724e-06
    7.100000   1.34409571 -2.0757566989519917e-06
    7.100000   1.40886724 -2.0487143528388772e-06
    7.100000   1.47363885 -2.0306832921444253e-06
    7.100000   1.53841049 -2.0216609390519828e-06
    7.100000   1.60318216 -2.0216436127563806e-06
    7.100000   1.66795381 -2.0306321814120831e-06
    7.100000   1.73272541 -2.0486320321897226e-06
    7.100000   1.79749694 -2.0756473599136390e-06
    7.100000   1.86226837 -2.1116697579330791e-06
    7.100000   1.92703964 -2.1566611135359401e-06
    7.100000   1.99181073 -2.2105308998862330e-06
    7.100000   2.05658157 -2.2731081515342202e-06
    7.100000   2.12135212 -2.3441087417829202e-06
    7.100000   2.18612229 -2.4230990685161443e-06
    7.100000   2.25089198 -2.5094579039461211e-06
    7.100000   2.31566107 -2.6023389468340031e-06
    7.100000   2.38042940 -2.7006374664760357e-06
    7.100000   2.44519674 -2.8029652290998212e-06
    7.100000   2.50996278 -2.9076384812659430e-06
    7.100000   2.57472706 -3.0126839243994299e-06
    7.100000   2.63948889 -3.1158671344814248e-06
    7.100000   2.70424717 -3.2147465877818877e-06
    7.100000   2.76900006 -3.3067542791489369e-06
    7.100000   2.83374417 -3.3893009636581921e-06
    7.100000   2.89847256 -3.4599006264445716e-06
    7.100000   2.96316844 -3.5163054289586858e-06
    7.100000   3.02777863 -3.5566400201202908e-06
    7.100000   3.09200950 -3.5795282069127841e-06
    7.200000   0.04958315 -3.1761904297610033e-06
    7.200000   0.11381403 -3.1561221744031427e-06
    7.200000   0.17842421 -3.1207424683735787e-06
    7.200000   0.24312010 -3.0712352252353906e-06
    7.200000   0.30784849 -3.0092163536558079e-06
    7.200000   0.37259260 -2.9366266764206130e-06
    7.200000   0.43734549 -2.8556182524001887e-06
    7.200000   0.50210377 -2.7684396668692656e-06
    7.200000   0.56686560 -2.6773295907955077e-06
    7.200000   0.63162987 -2.5844260353190670e-06
    7.200000   0.69639591 -2.4916959909034088e-06
    7.200000   0.76116325 -2.4008873132519366e-06
    7.200000   0.82593158 -2.3135022469285703e-06
    7.200000   0.89070068 -2.2307901261320883e-06
    7.200000   0.95547037 -2.1537556539721516e-06
    7.200000   1.02024053 -2.0831786927113802e-06
    7.200000   1.08501108 -2.0196415651685380e-06
    7.200000   1.14978193 -1.9635603010152962e-06
    7.200000   1.21455301 -1.9152168931515605e-06
    7.200000   1.27932429 -1.8747903192912194e-06
    7.200000   1.34409571 -1.8423847329282054e-06
    7.200000   1.40886724 -1.8180537767683142e-06
    7.200000   1.47363885 -1.8018203948105448e-06
    7.200000   1.53841049 -1.7936918157725863e-06
    7.200000   1.60318216 -1.7936695654667180e-06
    7.200000   1.66795381 -1.8017544629909308e-06
    7.200000   1.73272541 -1.8179465933520124e-06
    7.200000   1.79749694 -1.8422402569912681e-06
    7.200000   1.86226837 -1.8746139045396600e-06
    7.200000   1.92703964 -1.9150151030917719e-06
    7.200000   1.99181073 -1.9633406777781488e-06
    7.200000   2.05658157 -2.0194123576356024e-06
    7.200000   2.12135212 -2.0829485515788590e-06
    7.200000   2.18612229 -2.1535333035821154e-06
    7.200000   2.25089198 -2.2305840251545101e-06
    7.200000   2.31566107 -2.3133202519736460e-06
    7.200000   2.38042940 -2.4007363610059981e-06
    7.200000   2.44519674 -2.4915818148670698e-06
    7.200000   2.50996278 -2.5843529325371130e-06
    7.200000   2.57472706 -2.6773002516788973e-06
    7.200000   2.63948889 -2.7684550774305933e-06
    7.200000   2.70424717 -2.8556776731747660e-06
    7.200000   2.76900006 -2.9367276966122077e-06
    7.200000   2.83374417 -3.0093550135338549e-06
    7.200000   2.89847256 -3.0714061954256159e-06
    7.200000   2.96316844 -3.1209392722590602e-06
    7.200000   3.02777863 -3.1563374399188687e-06
    7.200000   3.09200950 -3.1764161616269368e-06
    7.300000   0.04958315 -2.8195078094762995e-06
    7.300000   0.11381403 -2.8018624838660240e-06
    7.300000   0.17842421 -2.7707424027232512e-06
    7.300000   0.24312010 -2.7271698850182157e-06
    7.300000   0.30784849 -2.6725424441635088e-06
    7.300000   0.37259260 -2.6085419130563552e-06
    7.300000   0.43734549 -2.5370378559220883e-06
    7.300000   0.50210377 -2.4599896857329468e-06
    7.300000   0.56686560 -2.3793552997070597e-06
    7.300000   0.63162987 -2.2970125562428283e-06
    7.300000   0.69639591 -2.2146976794380735e-06
    7.300000   0.76116325 -2.1339623370674707e-06
    7.300000   0.82593158 -2.0561490652782068e-06
    7.300000   0.89070068 -1.9823831323229873e-06
    7.300000   0.95547037 -1.9135779310268089e-06
    7.300000   1.02024053 -1.8504505392935265e-06
    7.300000   1.08501108 -1.7935440888068155e-06
    7.300000   1.14978193 -1.7432538988165336e-06
    7.300000   1.21455301 -1.6998548280071503e-06
    7.300000   1.27932429 -1.6635278573181718e-06
    7.300000   1.34409571 -1.6343844553704639e-06
    7.300000   1.40886724 -1.6124877435274855e-06
    7.300000   1.47363885 -1.5978698447972021e-06
    7.300000   1.53841049 -1.5905450660470644e-06
    7.300000   1.60318216 -1.5905187368033081e-06
    7.300000   1.66795381 -1.5977916287046424e-06
    7.300000   1.73272541 -1.6123599305233034e-06
    7.300000   1.79749694 -1.6342107791501514e-06
    7.300000   1.86226837 -1.6633133725726191e-06
    7.300000   1.92703964 -1.6996057417935282e-06
    7.300000   1.99181073 -1.7429773597064782e-06
    7.300000   2.05658157 -1.7932479389652164e-06
    7.300000   2.12135212 -1.8501430364211714e-06
    7.300000   2.18612229 -1.9132674490578815e-06
    7.300000   2.25089198 -1.9820778517202608e-06
    7.300000   2.31566107 -2.0558566655622214e-06
    7.300000   2.38042940 -2.1336897054577428e-06
    7.300000   2.44519674 -2.2144506499565125e-06
    7.300000   2.50996278 -2.2967956929986944e-06
    7.300000   2.57472706 -2.3791717361111900e-06
    7.300000   2.63948889 -2.4598410281615257e-06
    7.300000   2.70424717 -2.5369241560420583e-06
    7.300000   2.76900006 -2.6084617081173497e-06
    7.300000   2.83374417 -2.6724928598315605e-06
    7.300000   2.89847256 -2.7271467914642885e-06
    7.300000   2.96316844 -2.7707406124217656e-06
    7.300000   3.02777863 -2.8018759792886587e-06
    7.300000   3.09200950 -2.8195299924496502e-06
    7.400000   0.04958315 -2.5034222632411156e-06
    7.400000   0.11381403 -2.4878755360589930e-06
    7.400000   0.17842421 -2.4604468989309145e-06
    7.400000   0.24312010 -2.4220218394957307e-06
    7.400000   0.30784849 -2.3738126006896860e-06
    7.400000   0.37259260 -2.3172807777245646e-06
    7.400000   0.43734549 -2.2540549589248550e-06
    7.400000   0.50210377 -2.1858469194441374e-06
    7.400000   0.56686560 -2.1143729537073099e-06
    7.400000   0.63162987 -2.0412857474942263e-06
    7.400000   0.69639591 -1.9681203554637108e-06
    7.400000   0.76116325 -1.8962559061586648e-06
    7.400000   0.82593158 -1.8268929126296626e-06
    7.400000   0.89070068 -1.7610447134758536e-06
    7.400000   0.95547037 -1.6995406860278553e-06
    7.400000   1.02024053 -1.6430384470512461e-06
    7.400000   1.08501108 -1.5920422106256638e-06
    7.400000   1.14978193 -1.5469246999205663e-06
    7.400000   1.21455301 -1.5079503988094353e-06
    7.400000   1.27932429 -1.4752983840082547e-06
    7.400000   1.34409571 -1.4490834266599564e-06
    7.400000   1.40886724 -1.4293744476164604e-06
    7.400000   1.47363885 -1.4162097296234471e-06
    7.400000   1.53841049 -1.4096085267060659e-06
    7.400000   1.60318216 -1.4095788729872599e-06
    7.400000   1.66795381 -1.4161214943981357e-06
    7.400000   1.73272541 -1.4292297858984364e-06
    7.400000   1.79749694 -1.4488858545908391e-06
    7.400000   1.86226837 -1.4750526669567905e-06
    7.400000   1.92703964 -1.5076623976880553e-06
    7.400000   1.99181073 -1.5466011790590995e-06
    7.400000   2.05658157 -1.5916906118893904e-06
    7.400000   2.12135212 -1.6426666364996559e-06
    7.400000   2.18612229 -1.6991566811239570e-06
    7.400000   2.25089198 -1.7606564006132173e-06
    7.400000   2.31566107 -1.8265077662559295e-06
    7.400000   2.38042940 -1.8958807219351182e-06
    7.400000   2.44519674 -1.9677610102364245e-06
    7.400000   2.50996278 -2.0409469983478242e-06
    7.400000   2.57472706 -2.1140582866575651e-06
    7.400000   2.63948889 -2.1855584555623342e-06
    7.400000   2.70424717 -2.2537934219971616e-06
    7.400000   2.76900006 -2.3170455233132617e-06
    7.400000   2.83374417 -2.3736017024201195e-06
    7.400000   2.89847256 -2.4218322249299416e-06
    7.400000   2.96316844 -2.4602745253234622e-06
    7.400000   3.02777863 -2.4877155957533281e-06
    7.400000   3.09200950 -2.5032694111246628e-06
    7.500000   0.04958315 -2.2230884660273835e-06
    7.500000   0.11381403 -2.2093655695568991e-06
    7.500000   0.17842421 -2.1851467190991247e-06
    7.500000   0.24312010 -2.1512010770398193e-06
    7.500000   0.30784849 -2.1085830953945575e-06
    7.500000   0.37259260 -2.0585663564847311e-06
    7.500000   0.43734549 -2.0025731071495090e-06
    7.500000   0.50210377 -1.9421022730734353e-06
    7.500000   0.56686560 -1.8786615244653375e-06
    7.500000   0.63162987 -1.8137080197816906e-06
    7.500000   0.69639591 -1.7486009438462939e-06
    7.500000   0.76116325 -1.6845673365714779e-06
    7.500000   0.82593158 -1.6226812364992131e-06
    7.500000   0.89070068 -1.5638550022244625e-06
    7.500000   0.95547037 -1.5088408967025914e-06
    7.500000   1.02024053 -1.4582406206474532e-06
    7.500000   1.08501108 -1.4125204038047489e-06
    7.500000   1.14978193 -1.3720294217756127e-06
    7.500000   1.21455301 -1.3370196105662558e-06
    7.500000   1.27932429 -1.3076653209683086e-06
    7.500000   1.34409571 -1.2840816285117603e-06
    7.500000   1.40886724 -1.2663404512032724e-06
    7.500000   1.47363885 -1.2544839046998028e-06
    7.500000   1.53841049 -1.2485345361834725e-06
    7.500000   1.60318216 -1.2485022281507831e-06
    7.500000   1.66795381 -1.2543876626796259e-06
    7.500000   1.73272541 -1.2661823006771200e-06
    7.500000   1.79749694 -1.2838648764849240e-06
    7.500000   1.86226837 -1.3073944540652067e-06
    7.500000   1.92703964 -1.3367001551104854e-06
    7.500000   1.99181073 -1.3716677688757807e-06
    7.500000   2.05658157 -1.4121236037341914e-06
    7.500000   2.12135212 -1.4578161521885127e-06
    7.500000   2.18612229 -1.5083964187051454e-06
    7.500000   2.25089198 -1.5633980961191936e-06
    7.500000   2.31566107 -1.6222191499154298e-06
    7.500000   2.38042940 -1.6841067391284552e-06
    7.500000   2.44519674 -1.7481477065823528e-06
    7.500000   2.50996278 -1.8132670291563614e-06
    7.500000   2.57472706 -1.8782365404768184e-06
    7.500000   2.63948889 -1.9416958385837424e-06
    7.500000   2.70424717 -2.0021865123848336e-06
    7.500000   2.76900006 -2.0581996590266500e-06
    7.500000   2.83374417 -2.1082351924022227e-06
    7.500000   2.89847256 -2.1508698234750385e-06
    7.500000   2.96316844 -2.1848290837002256e-06
    7.500000   3.02777863 -2.2090578196838484e-06
    7.500000   3.09200950 -2.2227863743368799e-06
    7.600000   0.04958315 -1.9742969486332476e-06
    7.600000   0.11381403 -1.9621640603320730e-06
    7.600000   0.17842421 -1.9407448568496638e-06
    7.600000   0.24312010 -1.9107092251578900e-06
    7.600000   0.30784849 -1.8729767162540232e-06
    7.600000   0.37259260 -1.8286598073329741e-06
    7.600000   0.43734549 -1.7790034160542325e-06
    7.600000   0.50210377 -1.7253228793925277e-06
    7.600000   0.56686560 -1.6689451259914801e-06
    7.600000   0.63162987 -1.6111570168072485e-06
    7.600000   0.69639591 -1.5531635814028981e-06
    7.600000   0.76116325 -1.4960575222000529e-06
    7.600000   0.82593158 -1.4408001126842184e-06
    7.600000   0.89070068 -1.3882126168410528e-06
    7.600000   0.95547037 -1.3389766716147640e-06
    7.600000   1.02024053 -1.2936417042128944e-06
    7.600000   1.08501108 -1.2526373584359849e-06
    7.600000   1.14978193 -1.2162890112419856e-06
    7.600000   1.21455301 -1.1848346984175387e-06
    7.600000   1.27932429 -1.1584420694456471e-06
    7.600000   1.34409571 -1.1372243038335256e-06
    7.600000   1.40886724 -1.1212542080507617e-06
    7.600000   1.47363885 -1.1105759538573273e-06
    7.600000   1.53841049 -1.1052141075034339e-06
    7.600000   1.60318216 -1.1051797373870416e-06
    7.600000   1.66795381 -1.1104734836623237e-06
    7.600000   1.73272541 -1.1210855393577900e-06
    7.600000   1.79749694 -1.1369925433468382e-06
    7.600000   1.86226837 -1.1581514362879419e-06
    7.600000   1.92703964 -1.1844903968388825e-06
    7.600000   1.99181073 -1.2158970715214322e-06
    7.600000   2.05658157 -1.2522044498361221e-06
    7.600000   2.12135212 -1.2931749251407681e-06
    7.600000   2.18612229 -1.3384833234922008e-06
    7.600000   2.25089198 -1.3876999695682499e-06
    7.600000   2.31566107 -1.4402751707535478e-06
    7.600000   2.38042940 -1.4955268013960085e-06
    7.600000   2.44519674 -1.5526329063118016e-06
    7.600000   2.50996278 -1.6106313489605187e-06
    7.600000   2.57472706 -1.6684284312066522e-06
    7.600000   2.63948889 -1.7248180408354599e-06
    7.600000   2.70424717 -1.7785121967705194e-06
    7.600000   2.76900006 -1.8281828628979216e-06
    7.600000   2.83374417 -1.8725136550435429e-06
    7.600000   2.89847256 -1.9102587111044777e-06
    7.600000   2.96316844 -1.9403047476728354e-06
    7.600000   3.02777863 -1.9617315734887701e-06
    7.600000   3.09200950 -1.9738688484488363e-06
    7.700000   0.04958315 -1.7533783416718440e-06
    7.700000   0.11381403 -1.7426356102796764e-06
    7.700000   0.17842421 -1.7236652849784350e-06
    7.700000   0.24312010 -1.6970522126282654e-06
    7.700000   0.30784849 -1.6636001899747460e-06
    7.700000   0.37259260 -1.6242831517636104e-06
    7.700000   0.43734549 -1.5801930920504028e-06
    7.700000   0.50210377 -1.5324864747056060e-06
    7.700000   0.56686560 -1.4823331601696545e-06
    7.700000   0.63162987 -1.4308712725079997e-06
    7.700000   0.69639591 -1.3791703968775715e-06
    7.700000   0.76116325 -1.3282043603405119e-06
    7.700000   0.82593158 -1.2788337904678586e-06
    7.700000   0.89070068 -1.2317977852888593e-06
    7.700000   0.95547037 -1.1877134240168802e-06
    7.700000   1.02024053 -1.1470815071054094e-06
    7.700000   1.08501108 -1.1102968046831236e-06
    7.700000   1.14978193 -1.0776611603579796e-06
    7.700000   1.21455301 -1.0493979822072244e-06
    7.700000   1.27932429 -1.0256668984413420e-06
    7.700000   1.34409571 -1.0065776164355987e-06
    7.700000   1.40886724 -9.9220226908882229e-07
    7.700000   1.47363885 -9.8258574299465583e-07
    7.700000   1.53841049 -9.7775365115399492e-07
    7.700000   1.60318216 -9.7771773957031263e-07
    7.700000   1.66795381 -9.8247860844853256e-07
    7.700000   1.73272541 -9.9202569503679672e-07
    7.700000   1.79749694 -1.0063345183957512e-06
    7.700000   1.86226837 -1.0253612397218447e-06
    7.700000   1.92703964 -1.0490346582053426e-06
    7.700000   1.99181073 -1.0772458539466953e-06
    7.700000   2.05658157 -1.1098358161898911e-06
    7.700000   2.12135212 -1.1465815635298440e-06
    7.700000   2.18612229 -1.1871814733516653e-06
    7.700000   2.25089198 -1.2312407830068482e-06
    7.700000   2.31566107 -1.2782584863090773e-06
    7.700000   2.38042940 -1.3276170942845840e-06
    7.700000   2.44519674 -1.3785769134418497e-06
    7.700000   2.50996278 -1.4302765621932821e-06
    7.700000   2.57472706 -1.4817413357686698e-06
    7.700000   2.63948889 -1.5319006884237090e-06
    7.700000   2.70424717 -1.5796154970076653e-06
    7.700000   2.76900006 -1.6237149087310791e-06
    7.700000   2.83374417 -1.6630415174576084e-06
    7.700000   2.89847256 -1.6965024760517159e-06
    7.700000   2.96316844 -1.7231231189922208e-06
    7.700000   3.02777863 -1.7420990673943598e-06
    7.700000   3.09200950 -1.7528450611361485e-06
    7.800000   0.04958315 -1.5571242035573899e-06
    7.800000   0.11381403 -1.5476000909790978e-06
    7.800000   0.17842421 -1.5307773871696379e-06
    7.800000   0.24312010 -1.5071678344665565e-06
    7.800000   0.30784849 -1.4774755588869906e-06
    7.800000   0.37259260 -1.4425549520298651e-06
    7.800000   0.43734549 -1.4033657013911875e-06
    7.800000   0.50210377 -1.3609263617619838e-06
    7.800000   0.56686560 -1.3162699078988354e-06
    7.800000   0.63162987 -1.2704042256454350e-06
    7.800000   0.69639591 -1.2242796387487919e-06
    7.800000   0.76116325 -1.1787646110585381e-06
    7.800000   0.82593158 -1.1346298622011545e-06
    7.800000   0.89070068 -1.0925403910982118e-06
    7.800000   0.95547037 -1.0530543691068880e-06
    7.800000   1.02024053 -1.0166275522394153e-06
    7.800000   1.08501108 -9.8362174659055296e-07
    7.800000   1.14978193 -9.5431589986035242e-07
    7.800000   1.21455301 -9.2891853501020486e-07
    7.800000   1.27932429 -9.0758044263762977e-07
    7.800000   1.34409571 -8.9040676774658952e-07
    7.800000   1.40886724 -8.7746783660590127e-07
    7.800000   1.47363885 -8.6880825305448023e-07
    7.800000   1.53841049 -8.6445394351913225e-07
    7.800000   1.60318216 -8.6441694563661693e-07
    7.800000   1.66795381 -8.6869782166044723e-07
    7.800000   1.73272541 -8.7728564286599988e-07
    7.800000   1.79749694 -8.9015554524581093e-07
    7.800000   1.86226837 -9.0726391082617702e-07
    7.800000   1.92703964 -9.2854129410833706e-07
    7.800000   1.99181073 -9.5388329950170859e-07
    7.800000   2.05658157 -9.8313973137637081e-07
    7.800000   2.12135212 -1.0161024883860416e-06
    7.800000   2.18612229 -1.0524928574748154e-06
    7.800000   2.25089198 -1.0919490729385093e-06
    7.800000   2.31566107 -1.1340152249121842e-06
    7.800000   2.38042940 -1.1781328018919664e-06
    7.800000   2.44519674 -1.2236362946763079e-06
    7.800000   2.50996278 -1.2697543272730465e-06
    7.800000   2.57472706 -1.3156176644072408e-06
    7.800000   2.63948889 -1.3602751322858994e-06
    7.800000   2.70424717 -1.4027179562133920e-06
    7.800000   2.76900006 -1.4419122745694829e-06
    7.800000   2.83374417 -1.4768386870940937e-06
    7.800000   2.89847256 -1.5065367380782925e-06
    7.800000   2.96316844 -1.5301513757443824e-06
    7.800000   3.02777863 -1.5469779467007089e-06
    7.800000   3.09200950 -1.5565043331709198e-06
    7.900000   0.04958315 -1.3827212792473670e-06
    7.900000   0.11381403 -1.3742679555792482e-06
    7.900000   0.17842421 -1.3593331014921862e-06
    7.900000   0.24312010 -1.3383654044908791e-06
    7.900000   0.30784849 -1.3119828872128490e-06
    7.900000   0.37259260 -1.2809364640451164e-06
    7.900000   0.43734549 -1.2460710051268093e-06
    7.900000   0.50210377 -1.2082850111321487e-06
    7.900000   0.56686560 -1.1684918464849005e-06
    7.900000   0.63162987 -1.1275850911290762e-06
    7.900000   0.69639591 -1.0864098533542694e-06
    7.900000   0.76116325 -1.0457410772018891e-06
    7.900000   0.82593158 -1.0062691078156890e-06
    7.900000   0.89070068 -9.6859213432575890e-07
    7.900000   0.95547037 -9.3321466010529005e-07
    7.900000   1.02024053 -9.0055086534176992e-07
    7.900000   1.08501108 -8.7093161015454327e-07
    7.900000   1.14978193 -8.4461384360818528e-07
    7.900000   1.21455301 -8.2179129433275952e-07
    7.900000   1.27932429 -8.0260548229783386e-07
    7.900000   1.34409571 -7.8715627551737731e-07
    7.900000   1.40886724 -7.7551139551605087e-07
    7.900000   1.47363885 -7.6771443589929745e-07
    7.900000   1.53841049 -7.6379109179286177e-07
    7.900000   1.60318216 -7.6375340327016397e-07
    7.900000   1.66795381 -7.6760189662049246e-07
    7.900000   1.73272541 -7.7532557019402446e-07
    7.900000   1.79749694 -7.8689972507592919e-07
    7.900000   1.86226837 -8.0228169438466012e-07
    7.900000   1.92703964 -8.2140458791331148e-07
    7.900000   1.99181073 -8.4416924972483431e-07
    7.900000   2.05658157 -8.7043473170211646e-07
    7.900000   2.12135212 -9.0000771965055615e-07
    7.900000   2.18612229 -9.3263150906216886e-07
    7.900000   2.25089198 -9.6797530774374658e-07
    7.900000   2.31566107 -1.0056248265619481e-06
    7.900000   2.38042940 -1.0450752832323019e-06
    7.900000   2.44519674 -1.0857280539581788e-06
    7.900000   2.50996278 -1.1268922245177734e-06
    7.900000   2.57472706 -1.1677921749666811e-06
    7.900000   2.63948889 -1.2075820468454295e-06
    7.900000   2.70424717 -1.2453674714697198e-06
    7.900000   2.76900006 -1.2802342938876579e-06
    7.900000   2.83374417 -1.3112832568605485e-06
    7.900000   2.89847256 -1.3376688004713398e-06
    7.900000   2.96316844 -1.3586394157832066e-06
    7.900000   3.02777863 -1.3735766039929860e-06
    7.900000   3.09200950 -1.3820313377200667e-06
    8.000000   0.04958315 -1.2276966533800971e-06
    8.000000   0.11381403 -1.2201862356525003e-06
    8.000000   0.17842421 -1.2069143849698620e-06
    8.000000   0.24312010 -1.1882752311344472e-06
    8.000000   0.30784849 -1.1648121858365281e-06
    8.000000   0.37259260 -1.1371863277291678e-06
    8.000000   0.43734549 -1.1061426058469073e-06
    8.000000   0.50210377 -1.0724747342758989e-06
    8.000000   0.56686560 -1.0369913108662369e-06
    8.000000   0.63162987 -1.0004853814399663e-06
    8.000000   0.69639591 -9.6370906996538098e-07
    8.000000   0.76116325 -9.2735420964361091e-07
    8.000000   0.82593158 -8.9203925010915520e-07
    8.000000   0.89070068 -8.5830215765556622e-07
    8.000000   0.95547037 -8.2659861081431767e-07
    8.000000   1.02024053 -7.9730453479166061e-07
    8.000000   1.08501108 -7.7072190313602336e-07
    8.000000   1.14978193 -7.4708673645276745e-07
    8.000000   1.21455301 -7.2657831248230655e-07
    8.000000   1.27932429 -7.0932873584315002e-07
    8.000000   1.34409571 -6.9543217098758108e-07
    8.000000   1.40886724 -6.8495319655693841e-07
    8.000000   1.47363885 -6.7793387971870542e-07
    8.000000   1.53841049 -6.7439928783351537e-07
    8.000000   1.60318216 -6.7436125047594399e-07
    8.000000   1.66795381 -6.7782025993388940e-07
    8.000000   1.73272541 -6.8476545837252715e-07
    8.000000   1.79749694 -6.9517271187105113e-07
    8.000000   1.86226837 -7.0900082365357690e-07
    8.000000   1.92703964 -7.2618599891836938e-07
    8.000000   1.99181073 -7.4663474886141549e-07
    8.000000   2.05658157 -7.7021551726848733e-07
    8.000000   2.12135212 -7.9674943192542170e-07
    8.000000   2.18612229 -8.2600072348181340e-07
    8.000000   2.25089198 -8.5766750911392471e-07
    8.000000   2.31566107 -8.9137379338169747e-07
    8.000000   2.38042940 -9.2666367252936859e-07
    8.000000   2.44519674 -9.6299881258359475e-07
    8.000000   2.50996278 -9.9976027267085161e-07
    8.000000   2.57472706 -1.0362556293685976e-06
    8.000000   2.63948889 -1.0717320985648325e-06
    8.000000   2.70424717 -1.1053959363837048e-06
    8.000000   2.76900006 -1.1364378421432082e-06
    8.000000   2.83374417 -1.1640634265429978e-06
    8.000000   2.89847256 -1.1875271229139553e-06
    8.000000   2.96316844 -1.2061673187302998e-06
    8.000000   3.02777863 -1.2194401737120827e-06
    8.000000   3.09200950 -1.2269512513707039e-06
    8.100000   0.04958315 -1.0898717618970666e-06
    8.100000   0.11381403 -1.0831932297807901e-06
    8.100000   0.17842421 -1.0713890800608396e-06
    8.100000   0.24312010 -1.0548060986637214e-06
    8.100000   0.30784849 -1.0339228606612135e-06
    8.100000   0.37259260 -1.0093222382779742e-06
    8.100000   0.43734549 -9.8166199704245198e-07
    8.100000   0.50210377 -9.5164416932655952e-07
    8.100000   0.56686560 -9.1998538740475767e-07
    8.100000   0.63162987 -8.8739010769418953e-07
    8.100000   0.69639591 -8.5452815290911282e-07
    8.100000   0.76116325 -8.2201741608781381e-07
    8.100000   0.82593158 -7.9041200394023834e-07
    8.100000   0.89070068 -7.6019561179698432e-07
    8.100000   0.95547037 -7.3177955649981824e-07
    8.100000   1.02024053 -7.0550465901930888e-07
    8.100000   1.08501108 -6.8164605725704725e-07
    8.100000   1.14978193 -6.6042001972150144e-07
    8.100000   1.21455301 -6.4199189486927760e-07
    8.100000   1.27932429 -6.2648444072866395e-07
    8.100000   1.34409571 -6.1398591031603360e-07
    8.100000   1.40886724 -6.0455740157282949e-07
    8.100000   1.47363885 -5.9823910336776394e-07
    8.100000   1.53841049 -5.9505517482166849e-07
    8.100000   1.60318216 -5.9501708191686239e-07
    8.100000   1.66795381 -5.9812528486638200e-07
    8.100000   1.73272541 -6.0436922647471342e-07
    8.100000   1.79749694 -6.1372562167440660e-07
    8.100000   1.86226837 -6.2615509848039187e-07
    8.100000   1.92703964 -6.4159729734196929e-07
    8.100000   1.99181073 -6.5996460552088679e-07
    8.100000   2.05658157 -6.8113478985687549e-07
    8.100000   2.12135212 -7.0494289712379067e-07
    8.100000   2.18612229 -7.3117291402063254e-07
    8.100000   2.25089198 -7.5954981201107797e-07
    8.100000   2.31566107 -7.8973273308749520e-07
    8.100000   2.38042940 -8.2131018211800870e-07
    8.100000   2.44519674 -8.5379815527051475e-07
    8.100000   2.50996278 -8.8664212388089005e-07
    8.100000   2.57472706 -9.1922368136596107e-07
    8.100000   2.63948889 -9.5087242583608039e-07
    8.100000   2.70424717 -9.8088328475633958e-07
    8.100000   2.76900006 -1.0085390026151905e-06
    8.100000   2.83374417 -1.0331369460056496e-06
    8.100000   2.89847256 -1.0540187978457809e-06
    8.100000   2.96316844 -1.0706012078702995e-06
    8.100000   3.02777863 -1.0824052163687506e-06
    8.100000   3.09200950 -1.0890837615088188e-06
    8.200000   0.04958315 -9.6732362976621996e-07
    8.200000   0.11381403 -9.6138028549546152e-07
    8.200000   0.17842421 -9.5087364383690113e-07
    8.200000   0.24312010 -9.3610929544085753e-07
    8.200000   0.30784849 -9.1750932443740321e-07
    8.200000   0.37259260 -8.9558834876185778e-07
    8.200000   0.43734549 -8.7092788315197648e-07
    8.200000   0.50210377 -8.4414956760955087e-07
    8.200000   0.56686560 -8.1588914610765948e-07
    8.200000   0.63162987 -7.8677287850572198e-07
    8.200000   0.69639591 -7.5739764305049922e-07
    8.200000   0.76116325 -7.2831549001458659e-07
    8.200000   0.82593158 -7.0002291929538018e-07
    8.200000   0.89070068 -6.7295473253161647e-07
    8.200000   0.95547037 -6.4748198703844029e-07
    8.200000   1.02024053 -6.2391336694372511e-07
    8.200000   1.08501108 -6.0249918068407561e-07
    8.200000   1.14978193 -5.8343717647595180e-07
    8.200000   1.21455301 -5.6687941555757839e-07
    8.200000   1.27932429 -5.5293953296867214e-07
    8.200000   1.34409571 -5.4169982635731253e-07
    8.200000   1.40886724 -5.3321772815517058e-07
    8.200000   1.47363885 -5.2753132402609131e-07
    8.200000   1.53841049 -5.2466367460535473e-07
    8.200000   1.60318216 -5.2462577592084407e-07
    8.200000   1.66795381 -5.2741805798531307e-07
    8.200000   1.73272541 -5.3303037423560230e-07
    8.200000   1.79749694 -5.4144048202401678e-07
    8.200000   1.86226837 -5.5261106184903619e-07
    8.200000   1.92703964 -5.6648537629726928e-07
    8.200000   1.99181073 -5.8298173378988171e-07
    8.200000   2.05658157 -6.0198700072582473e-07
    8.200000   2.12135212 -6.2334949973593580e-07
    8.200000   2.18612229 -6.4687173941059200e-07
    8.200000   2.25089198 -6.7230353569170872e-07
    8.200000   2.31566107 -6.9933619571551375e-07
    8.200000   2.38042940 -7.2759852476338259e-07
    8.200000   2.44519674 -7.5665546485062671e-07
    8.200000   2.50996278 -7.8601015564012404e-07
    8.200000   2.57472706 -8.1511010179619662e-07
    8.200000   2.63948889 -8.4335791855076355e-07
    8.200000   2.70424717 -8.7012680377466305e-07
    8.200000   2.76900006 -8.9478046230306294e-07
    8.200000   2.83374417 -9.1669672051412752e-07
    8.200000   2.89847256 -9.3529357242645551e-07
    8.200000   2.96316844 -9.5005597320899731e-07
    8.200000   3.02777863 -9.6056149450400391e-07
    8.200000   3.09200950 -9.6650429814504688e-07
    8.300000   0.04958315 -8.5835202611203096e-07
    8.300000   0.11381403 -8.5305939304983382e-07
    8.300000   0.17842421 -8.4370150541541759e-07
    8.300000   0.24312010 -8.3054801921321412e-07
    8.300000   0.30784849 -8.1397168020211523e-07
    8.300000   0.37259260 -7.9442740018186384e-07
    8.300000   0.43734549 -7.7242986012643217e-07
    8.300000   0.50210377 -7.4853006620919217e-07
    8.300000   0.56686560 -7.2329249049423451e-07
    8.300000   0.63162987 -6.9727426525693824e-07
    8.300000   0.69639591 -6.7100754006782399e-07
    8.300000   0.76116325 -6.4498568603676825e-07
    8.300000   0.82593158 -6.1965361074897421e-07
    8.300000   0.89070068 -5.9540207926485415e-07
    8.300000   0.95547037 -5.7256565096455691e-07
    8.300000   1.02024053 -5.5142365082361413e-07
    8.300000   1.08501108 -5.3220349354518135e-07
    8.300000   1.14978193 -5.1508565624454308e-07
    8.300000   1.21455301 -5.0020963102934502e-07
    8.300000   1.27932429 -4.8768026268456269e-07
    8.300000   1.34409571 -4.7757397043494296e-07
    8.300000   1.40886724 -4.6994445194101785e-07
    8.300000   1.47363885 -4.6482756202049964e-07
    8.300000   1.53841049 -4.6224514228987512e-07
    8.300000   1.60318216 -4.6220764872066860e-07
    8.300000   1.66795381 -4.6471548292976532e-07
    8.300000   1.73272541 -4.6975898261306186e-07
    8.300000   1.79749694 -4.7731707129743748e-07
    8.300000   1.86226837 -4.8735461235069915e-07
    8.300000   1.92703964 -4.9981856183238198e-07
    8.300000   1.99181073 -5.1463307363167093e-07
    8.300000   2.05658157 -5.3169378124316105e-07
    8.300000   2.12135212 -5.5086156424603100e-07
    8.300000   2.18612229 -5.7195620196457023e-07
    8.300000   2.25089198 -5.9475041591284764e-07
    8.300000   2.31566107 -6.1896489634930512e-07
    8.300000   2.38042940 -6.4426498197344662e-07
    8.300000   2.44519674 -6.7025969721492930e-07
    8.300000   2.50996278 -6.9650382855071852e-07
    8.300000   2.57472706 -7.2250362082461460e-07
    8.300000   2.63948889 -7.4772648299675638e-07
    8.300000   2.70424717 -7.7161480692315175e-07
    8.300000   2.76900006 -7.9360363438096033e-07
    8.300000   2.83374417 -8.1314148667268438e-07
    8.300000   2.89847256 -8.2971324642784339e-07
    8.300000   2.96316844 -8.4286362163004468e-07
    8.300000   3.02777863 -8.5221955928166067e-07
    8.300000   3.09200950 -8.5751118193313147e-07
    8.400000   0.04958315 -7.6145148683934360e-07
    8.400000   0.11381403 -7.5673556258734157e-07
    8.400000   0.17842421 -7.4839606065593671e-07
    8.400000   0.24312010 -7.3667121960065655e-07
    8.400000   0.30784849 -7.2189059867392335e-07
    8.400000   0.37259260 -7.0445677127946686e-07
    8.400000   0.43734549 -6.8482572329325087e-07
    8.400000   0.50210377 -6.6348628926410223e-07
    8.400000   0.56686560 -6.4094004229610256e-07
    8.400000   0.63162987 -6.1768292196775485e-07
    8.400000   0.69639591 -5.9418957946702544e-07
    8.400000   0.76116325 -5.7090105507403515e-07
    8.400000   0.82593158 -5.4821603915234115e-07
    8.400000   0.89070068 -5.2648564634232432e-07
    8.400000   0.95547037 -5.0601138020771979e-07
    8.400000   1.02024053 -4.8704579338358622e-07
    8.400000   1.08501108 -4.6979525466856551e-07
    8.400000   1.14978193 -4.5442420848660574e-07
    8.400000   1.21455301 -4.4106033807788904e-07
    8.400000   1.27932429 -4.2980010440136260e-07
    8.400000   1.34409571 -4.2071421234134194e-07
    8.400000   1.40886724 -4.1385264154816782e-07
    8.400000   1.47363885 -4.0924896207719137e-07
    8.400000   1.53841049 -4.0692372939916043e-07
    8.400000   1.60318216 -4.0688681725349246e-07
    8.400000   1.66795381 -4.0913860059950559e-07
    8.400000   1.73272541 -4.1366994695336225e-07
    8.400000   1.79749694 -4.2046101626502742e-07
    8.400000   1.86226837 -4.2947891135984440e-07
    8.400000   1.92703964 -4.4067426706956968e-07
    8.400000   1.99181073 -4.5397691997217326e-07
    8.400000   2.05658157 -4.6929086463612074e-07
    8.400000   2.12135212 -4.8648877674342522e-07
    8.400000   2.18612229 -5.0540646627617596e-07
    8.400000   2.25089198 -5.2583770973860236e-07
    8.400000   2.31566107 -5.4752998987572470e-07
    8.400000   2.38042940 -5.7018173187564971e-07
    8.400000   2.44519674 -5.9344165074904468e-07
    8.400000   2.50996278 -6.1691079835820861e-07
    8.400000   2.57472706 -6.4014780462781976e-07
    8.400000   2.63948889 -6.6267763501767662e-07
    8.400000   2.70424717 -6.8400393364541752e-07
    8.400000   2.76900006 -7.0362469981090768e-07
    8.400000   2.83374417 -7.2105068164626030e-07
    8.400000   2.89847256 -7.3582550660970691e-07
    8.400000   2.96316844 -7.4754626353315201e-07
    8.400000   3.02777863 -7.5588311965804222e-07
    8.400000   3.09200950 -7.6059763882016758e-07
    8.500000   0.04958315 -6.7528736107411021e-07
    8.500000   0.11381403 -6.7108315817314329e-07
    8.500000   0.17842421 -6.6364750725053736e-07
    8.500000   0.24312010 -6.5319112152077240e-07
    8.500000   0.30784849 -6.4000568264223010e-07
    8.500000   0.37259260 -6.2444779663473839e-07
    8.500000   0.43734549 -6.0692181012953017e-07
    8.500000   0.50210377 -5.8786174581456496e-07
    8.500000   0.56686560 -5.6771358801819124e-07
    8.500000   0.63162987 -5.4691904310059146e-07
    8.500000   0.69639591 -5.2590163979649063e-07
    8.500000   0.76116325 -5.0505572181360430e-07
    8.500000   0.82593158 -4.8473856959505910e-07
    8.500000   0.89070068 -4.6526560705573957e-07
    8.500000   0.95547037 -4.4690842584581865e-07
    8.500000   1.02024053 -4.2989520485940410e-07
    8.500000   1.08501108 -4.1441301577787561e-07
    8.500000   1.14978193 -4.0061147761780015e-07
    8.500000   1.21455301 -3.8860724165918717e-07
    8.500000   1.27932429 -3.7848883787976136e-07
    8.500000   1.34409571 -3.7032148175708299e-07
    8.500000   1.40886724 -3.6415151451566283e-07
    8.500000   1.47363885 -3.6001022267263163e-07
    8.500000   1.53841049 -3.5791684890507008e-07
    8.500000   1.60318216 -3.5788066384383073e-07
    8.500000   1.66795381 -3.5990201745698174e-07
    8.500000   1.73272541 -3.6397233120291366e-07
    8.500000   1.79749694 -3.7007303109237330e-07
    8.500000   1.86226837 -3.7817346078039862e-07
    8.500000   1.92703964 -3.8822785631882466e-07
    8.500000   1.99181073 -4.0017151337455103e-07
    8.500000   2.05658157 -4.1391633526277920e-07
    8.500000   2.12135212 -4.2934601645695449e-07
    8.500000   2.18612229 -4.4631118893592281e-07
    8.500000   2.25089198 -4.6462493302963502e-07
    8.500000   2.31566107 -4.8405912199772603e-07
    8.500000   2.38042940 -5.0434211932636877e-07
    8.500000   2.44519674 -5.2515836583933154e-07
    8.500000   2.50996278 -5.4615036577368233e-07
    8.500000   2.57472706 -5.6692349375377347e-07
    8.500000   2.63948889 -5.8705388949409272e-07
    8.500000   2.70424717 -6.0609948364671583e-07
    8.500000   2.76900006 -6.2361391689239297e-07
    8.500000   2.83374417 -6.3916279898197599e-07
    8.500000   2.89847256 -6.5234144157769147e-07
    8.500000   2.96316844 -6.6279293938093162e-07
    8.500000   3.02777863 -6.7022536788245117e-07
    8.500000   3.09200950 -6.7442783797426950e-07
    8.600000   0.04958315 -5.9867520190443533e-07
    8.600000   0.11381403 -5.9492552268105965e-07
    8.600000   0.17842421 -5.8829287775586757e-07
    8.600000   0.24312010 -5.7896381928534902e-07
    8.600000   0.30784849 -5.6719674715348428e-07
    8.600000   0.37259260 -5.5330782585245202e-07
    8.600000   0.43734549 -5.3765589760492155e-07
    8.600000   0.50210377 -5.2062659161117646e-07
    8.600000   0.56686560 -5.0261670163843105e-07
    8.600000   0.63162987 -4.8401981820000813e-07
    8.600000   0.69639591 -4.6521398026492920e-07
    8.600000   0.76116325 -4.4655184197134260e-07
    8.600000   0.82593158 -4.2835357598501577e-07
    8.600000   0.89070068 -4.1090248902652662e-07
    8.600000   0.95547037 -3.9444312754828749e-07
    8.600000   1.02024053 -3.7918151252510459e-07
    8.600000   1.08501108 -3.6528706197051716e-07
    8.600000   1.14978193 -3.5289573135983083e-07
    8.600000   1.21455301 -3.4211391459817000e-07
    8.600000   1.27932429 -3.3302268914325335e-07
    8.600000   1.34409571 -3.2568204649583879e-07
    8.600000   1.40886724 -3.2013481371174764e-07
    8.600000   1.47363885 -3.1641003550091843e-07
    8.600000   1.53841049 -3.1452564536082135e-07
    8.600000   1.60318216 -3.1449030600246286e-07
    8.600000   1.66795381 -3.1630434398665174e-07
    8.600000   1.73272541 -3.1995974262059947e-07
    8.600000   1.79749694 -3.2543919323760430e-07
    8.600000   1.86226837 -3.3271424108317630e-07
    8.600000   1.92703964 -3.4174260116284590e-07
    8.600000   1.99181073 -3.5246476414532580e-07
    8.600000   2.05658157 -3.6480006423832395e-07
    8.600000   2.12135212 -3.7864243988038483e-07
    8.600000   2.18612229 -3.9385618205393326e-07
    8.600000   2.25089198 -4.1027202940202305e-07
    8.600000   2.31566107 -4.2768402692724418e-07
    8.600000   2.38042940 -4.4584760589133021e-07
    8.600000   2.44519674 -4.6447935485929150e-07
    8.600000   2.50996278 -4.8325892317118119e-07
    8.600000   2.57472706 -5.0183341761397394e-07
    8.600000   2.63948889 -5.1982451374377981e-07
    8.600000   2.70424717 -5.3683830567036647e-07
    8.600000   2.76900006 -5.5247767178530998e-07
    8.600000   2.83374417 -5.6635666005998180e-07
    8.600000   2.89847256 -5.7811612710136980e-07
    8.600000   2.96316844 -5.8743964392927000e-07
    8.600000   3.02777863 -5.9406859558035231e-07
    8.600000   3.09200950 -5.9781627372386088e-07
    8.700000   0.04958315 -5.3056295238281974e-07
    8.700000   0.11381403 -5.2721735523370027e-07
    8.700000   0.17842421 -5.2129875089329673e-07
    8.700000   0.24312010 -5.1297244717944330e-07
    8.700000   0.30784849 -5.0246755230809562e-07
    8.700000   0.37259260 -4.9006459550757737e-07
    8.700000   0.43734549 -4.7608226288221903e-07
    8.700000   0.50210377 -4.6086340148852616e-07
    8.700000   0.56686560 -4.4476122722053358e-07
    8.700000   0.63162987 -4.2812660250591189e-07
    8.700000   0.69639591 -4.1129706060081308e-07
    8.700000   0.76116325 -3.9458802065024962e-07
    8.700000   0.82593158 -3.7828639952327355e-07
    8.700000   0.89070068 -3.6264661066219481e-07
    8.700000   0.95547037 -3.4788876534322860e-07
    8.700000   1.02024053 -3.3419876701346035e-07
    8.700000   1.08501108 -3.2172991551392720e-07
    8.700000   1.14978193 -3.1060560961921968e-07
    8.700000   1.21455301 -3.0092274431881476e-07
    8.700000   1.27932429 -2.9275543292706410e-07
    8.700000   1.34409571 -2.8615873324310182e-07
    8.700000   1.40886724 -2.8117211297368667e-07
    8.700000   1.47363885 -2.7782244579534394e-07
    8.700000   1.53841049 -2.7612638185399897e-07
    8.700000   1.60318216 -2.7609198304578899e-07
    8.700000   1.66795381 -2.7771955403121422e-07
    8.700000   1.73272541 -2.8100163580454105e-07
    8.700000   1.79749694 -2.8592216192947012e-07
    8.700000   1.86226837 -2.9245481086571821e-07
    8.700000   1.92703964 -3.0056062368260238e-07
    8.700000   1.99181073 -3.1018499712526432e-07
    8.700000   2.05658157 -3.2125420857762630e-07
    8.700000   2.12135212 -3.3367168189052248e-07
    8.700000   2.18612229 -3.4731425928408516e-07
    8.700000   2.25089198 -3.6202880046367929e-07
    8.700000   2.31566107 -3.7762947918556707e-07
    8.700000   2.38042940 -3.9389618110287900e-07
    8.700000   2.44519674 -4.1057441455290417e-07
    8.700000   2.50996278 -4.2737711739968973e-07
    8.700000   2.57472706 -4.4398866902239855e-07
    8.700000   2.63948889 -4.6007129158380924e-07
    8.700000   2.70424717 -4.7527384970905703e-07
    8.700000   2.76900006 -4.8924284181817982e-07
    8.700000   2.83374417 -5.0163513815315730e-07
    8.700000   2.89847256 -5.1213178789821633e-07
    8.700000   2.96316844 -5.2045202869706362e-07
    8.700000   3.02777863 -5.2636656234165295e-07
    8.700000   3.09200950 -5.2970994268941234e-07
    8.800000   0.04958315 -4.7001548148273947e-07
    8.800000   0.11381403 -4.6702940439285147e-07
    8.800000   0.17842421 -4.6174621907094924e-07
    8.800000   0.24312010 -4.5431252468889020e-07
    8.800000   0.30784849 -4.4493161132676379e-07
    8.800000   0.37259260 -4.3385256413631319e-07
    8.800000   0.43734549 -4.2135858709048362e-07
    8.800000   0.50210377 -4.0775466201140906e-07
    8.800000   0.56686560 -3.9335536058946746e-07
    8.800000   0.63162987 -3.7847357070624078e-07
    8.800000   0.69639591 -3.6341073623318194e-07
    8.800000   0.76116325 -3.4844900824399623e-07
    8.800000   0.82593158 -3.3384549808482094e-07
    8.800000   0.89070068 -3.1982863339477537e-07
    8.800000   0.95547037 -3.0659646332679234e-07
    8.800000   1.02024053 -2.9431664742534614e-07
    8.800000   1.08501108 -2.8312779497915634e-07
    8.800000   1.14978193 -2.7314179390385866e-07
    8.800000   1.21455301 -2.6444677279388280e-07
    8.800000   1.27932429 -2.5711036745059332e-07
    8.800000   1.34409571 -2.5118300517574049e-07
    8.800000   1.40886724 -2.4670096880213429e-07
    8.800000   1.47363885 -2.4368905184771241e-07
    8.800000   1.53841049 -2.4216266283801275e-07
    8.800000   1.60318216 -2.4212927862556548e-07
    8.800000   1.66795381 -2.4358918339586723e-07
    8.800000   1.73272541 -2.4653546284808410e-07
    8.800000   1.79749694 -2.5095325364904186e-07
    8.800000   1.86226837 -2.5681827888774568e-07
    8.800000   1.92703964 -2.6409473309004383e-07
    8.800000   1.99181073 -2.7273261720716292e-07
    8.800000   2.05658157 -2.8266466588065878e-07
    8.800000   2.12135212 -2.9380305586637109e-07
    8.800000   2.18612229 -3.0603613404953270e-07
    8.800000   2.25089198 -3.1922545207341065e-07
    8.800000   2.31566107 -3.3320343656177720e-07
    8.800000   2.38042940 -3.4777205152975359e-07
    8.800000   2.44519674 -3.6270281400565540e-07
    8.800000   2.50996278 -3.7773849598151228e-07
    8.800000   2.57472706 -3.9259677802663757e-07
    8.800000   2.63948889 -4.0697600789623373e-07
    8.800000   2.70424717 -4.2056306248415619e-07
    8.800000   2.76900006 -4.3304312203533590e-07
    8.800000   2.83374417 -4.4411095792975900e-07
    8.800000   2.89847256 -4.5348313419584349e-07
    8.800000   2.96316844 -4.6091036075432196e-07
    8.800000   3.02777863 -4.6618918013689419e-07
    8.800000   3.09200950 -4.6917287095807938e-07
    8.900000   0.04958315 -4.1620110720804027e-07
    8.900000   0.11381403 -4.1353512101412943e-07
    8.900000   0.17842421 -4.0881776774076576e-07
    8.900000   0.24312010 -4.0217914798094472e-07
    8.900000   0.30784849 -3.9379976496922972e-07
    8.900000   0.37259260 -3.8390092324712229e-07
    8.900000   0.43734549 -3.7273443845345081e-07
    8.900000   0.50210377 -3.6057174444972339e-07
    8.900000   0.56686560 -3.4769311348700628e-07
    8.900000   0.63162987 -3.3437765945212669e-07
    8.900000   0.69639591 -3.2089465494923319e-07
    8.900000   0.76116325 -3.0749651854413364e-07
    8.900000   0.82593158 -2.9441364746379532e-07
    8.900000   0.89070068 -2.8185110467971639e-07
    8.900000   0.95547037 -2.6998703213979964e-07
    8.900000   1.02024053 -2.5897256178266381e-07
    8.900000   1.08501108 -2.4893293418023320e-07
    8.900000   1.14978193 -2.3996950799358157e-07
    8.900000   1.21455301 -2.3216234531635176e-07
    8.900000   1.27932429 -2.2557308081770316e-07
    8.900000   1.34409571 -2.2024781846463286e-07
    8.900000   1.40886724 -2.1621984198919678e-07
    8.900000   1.47363885 -2.1351196879792714e-07
    8.900000   1.53841049 -2.1213841850560617e-07
    8.900000   1.60318216 -2.1210610480610563e-07
    8.900000   1.66795381 -2.1341529275932926e-07
    8.900000   1.73272541 -2.1605959352202452e-07
    8.900000   1.79749694 -2.2002529661413735e-07
    8.900000   1.86226837 -2.2529006789405755e-07
    8.900000   1.92703964 -2.3182107136195480e-07
    8.900000   1.99181073 -2.3957260633257065e-07
    8.900000   2.05658157 -2.4848338906386186e-07
    8.900000   2.12135212 -2.5847364943186648e-07
    8.900000   2.18612229 -2.6944225681286601e-07
    8.900000   2.25089198 -2.8126413167536988e-07
    8.900000   2.31566107 -2.9378823524801357e-07
    8.900000   2.38042940 -3.0683645236673806e-07
    8.900000   2.44519674 -3.2020368441026236e-07
    8.900000   2.50996278 -3.3365944241403614e-07
    8.900000   2.57472706 -3.4695116854836444e-07
    8.900000   2.63948889 -3.5980941382047701e-07
    8.900000   2.70424717 -3.7195486259211833e-07
    8.900000   2.76900006 -3.8310702803780278e-07
    8.900000   2.83374417 -3.9299426156167927e-07
    8.900000   2.89847256 -4.0136454480711965e-07
    8.900000   2.96316844 -4.0799639360464112e-07
    8.900000   3.02777863 -4.1270915764473295e-07
    8.900000   3.09200950 -4.1537262862795301e-07
    9.000000   0.04958315 -3.6837980976026730e-07
    9.000000   0.11381403 -3.6599897901885598e-07
    9.000000   0.17842421 -3.6178578414124483e-07
    9.000000   0.24312010 -3.5585575787634280e-07
    9.000000   0.30784849 -3.4836926794731718e-07
    9.000000   0.37259260 -3.3952304736548344e-07
    9.000000   0.43734549 -3.2954111631529885e-07
    9.000000   0.50210377 -3.1866515848301767e-07
    9.000000   0.56686560 -3.0714497912979837e-07
    9.000000   0.63162987 -2.9522963521101018e-07
    9.000000   0.69639591 -2.8315970792541833e-07
    9.000000   0.76116325 -2.7116103664770667e-07
    9.000000   0.82593158 -2.5944007497662163e-07
    9.000000   0.89070068 -2.4818088335484028e-07
    9.000000   0.95547037 -2.3754365115850660e-07
    9.000000   1.02024053 -2.2766455151427082e-07
    9.000000   1.08501108 -2.1865667584461343e-07
    9.000000   1.14978193 -2.1061176975327608e-07
    9.000000   1.21455301 -2.0360249182139644e-07
    9.000000   1.27932429 -1.9768493567318485e-07
    9.000000   1.34409571 -1.9290118641042378e-07
    9.000000   1.40886724 -1.8928171939950378e-07
    9.000000   1.47363885 -1.8684748782597939e-07
    9.000000   1.53841049 -1.8561158227194760e-07
    9.000000   1.60318216 -1.8558037928381935e-07
    9.000000   1.66795381 -1.8675412606401755e-07
    9.000000   1.73272541 -1.8912693570311194e-07
    9.000000   1.79749694 -1.9268619302945983e-07
    9.000000   1.86226837 -1.9741139685139879e-07
    9.000000   1.92703964 -2.0327249163286348e-07
    9.000000   1.99181073 -2.1022777186045316e-07
    9.000000   2.05658157 -2.1822147608850521e-07
    9.000000   2.12135212 -2.2718122451386939e-07
    9.000000   2.18612229 -2.3701549237273441e-07
    9.000000   2.25089198 -2.4761134832084936e-07
    9.000000   2.31566107 -2.5883271768752362e-07
    9.000000   2.38042940 -2.7051944918967543e-07
    9.000000   2.44519674 -2.8248746357880609e-07
    9.000000   2.50996278 -2.9453023716237928e-07
    9.000000   2.57472706 -3.0642181678821083e-07
    9.000000   2.63948889 -3.1792147305669078e-07
    9.000000   2.70424717 -3.2877997689441208e-07
    9.000000   2.76900006 -3.3874733821721378e-07
    9.000000   2.83374417 -3.4758168717806086e-07
    9.000000   2.89847256 -3.5505882702547265e-07
    9.000000   2.96316844 -3.6098186776551083e-07
    9.000000   3.02777863 -3.6519031281241098e-07
    9.000000   3.09200950 -3.6756853473956562e-07
    9.100000   0.04958315 -3.2589289015076690e-07
    9.100000   0.11381403 -3.2376622370232309e-07
    9.100000   0.17842421 -3.2000246236270929e-07
    9.100000   0.24312010 -3.1470426135002311e-07
    9.100000   0.30784849 -3.0801417661992443e-07
    9.100000   0.37259260 -3.0010718620937163e-07
    9.100000   0.43734549 -2.9118267385368724e-07
    9.100000   0.50210377 -2.8145591943329695e-07
    9.100000   0.56686560 -2.7114964672696690e-07
    9.100000   0.63162987 -2.6048614902124330e-07
    9.100000   0.69639591 -2.4968040965594157e-07
    9.100000   0.76116325 -2.3893450287097212e-07
    9.100000   0.82593158 -2.2843342193732349e-07
    9.100000   0.89070068 -2.1834235272864399e-07
    9.100000   0.95547037 -2.0880530318550057e-07
    9.100000   1.02024053 -1.9994491889165877e-07
    9.100000   1.08501108 -1.9186326388936615e-07
    9.100000   1.14978193 -1.8464332188603915e-07
    9.100000   1.21455301 -1.7835097157500864e-07
    9.100000   1.27932429 -1.7303720521449661e-07
    9.100000   1.34409571 -1.6874038598516185e-07
    9.100000   1.40886724 -1.6548837184430812e-07
    9.100000   1.47363885 -1.6330036743147172e-07
    9.100000   1.53841049 -1.6218839840055882e-07
    9.100000   1.60318216 -1.6215833275696926e-07
    9.100000   1.66795381 -1.6321040103864190e-07
    9.100000   1.73272541 -1.6533919200439412e-07
    9.100000   1.79749694 -1.6853312388490391e-07
    9.100000   1.86226837 -1.7277341472957965e-07
    9.100000   1.92703964 -1.7803260015496324e-07
    9.100000   1.99181073 -1.8427267411854166e-07
    9.100000   2.05658157 -1.9144295857195501e-07
    9.100000   2.12135212 -1.9947784065934200e-07
    9.100000   2.18612229 -2.0829454999758168e-07
    9.100000   2.25089198 -2.1779118076636996e-07
    9.100000   2.31566107 -2.2784518965259141e-07
    9.100000   2.38042940 -2.3831261609887083e-07
    9.100000   2.44519674 -2.4902826975510512e-07
    9.100000   2.50996278 -2.5980710597924698e-07
    9.100000   2.57472706 -2.7044695901411959e-07
    9.100000   2.63948889 -2.8073272210519548e-07
    9.100000   2.70424717 -2.9044195602021418e-07
    9.100000   2.76900006 -2.9935177853487371e-07
    9.100000   2.83374417 -3.0724674900972321e-07
    9.100000   2.89847256 -3.1392733045458163e-07
    9.100000   2.96316844 -3.1921840807384139e-07
    9.100000   3.02777863 -3.2297731333614179e-07
    9.100000   3.09200950 -3.2510130802941190e-07
    9.200000   0.04958315 -2.8815387160255304e-07
    9.200000   0.11381403 -2.8625384829062769e-07
    9.200000   0.17842421 -2.8289091135680896e-07
    9.200000   0.24312010 -2.7815632116278866e-07
    9.200000   0.30784849 -2.7217686233349333e-07
    9.200000   0.37259260 -2.6510823433102775e-07
    9.200000   0.43734549 -2.5712796653234661e-07
    9.200000   0.50210377 -2.4842788801687631e-07
    9.200000   0.56686560 -2.3920663567951006e-07
    9.200000   0.63162987 -2.2966266008751298e-07
    9.200000   0.69639591 -2.1998809906230069e-07
    9.200000   0.76116325 -2.1036377426547904e-07
    9.200000   0.82593158 -2.0095544477360110e-07
    9.200000   0.89070068 -1.9191133820690115e-07
    9.200000   0.95547037 -1.8336088442984934e-07
    9.200000   1.02024053 -1.7541450508335333e-07
    9.200000   1.08501108 -1.6816426591062260e-07
    9.200000   1.14978193 -1.6168517633929925e-07
    9.200000   1.21455301 -1.5603691838079573e-07
    9.200000   1.27932429 -1.5126579953039775e-07
    9.200000   1.34409571 -1.4740674707942964e-07
    9.200000   1.40886724 -1.4448518925507819e-07
    9.200000   1.47363885 -1.4251869855996408e-07
    9.200000   1.53841049 -1.4151830181775784e-07
    9.200000   1.60318216 -1.4148938850971415e-07
    9.200000   1.66795381 -1.4243217363168356e-07
    9.200000   1.73272541 -1.4434169378804833e-07
    9.200000   1.79749694 -1.4720733658887097e-07
    9.200000   1.86226837 -1.5101192477011075e-07
    9.200000   1.92703964 -1.5573039898960664e-07
    9.200000   1.99181073 -1.6132816785394285e-07
    9.200000   2.05658157 -1.6775922088034873e-07
    9.200000   2.12135212 -1.7496412925824446e-07
    9.200000   2.18612229 -1.8286808916135321e-07
    9.200000   2.25089198 -1.9137919046761426e-07
    9.200000   2.31566107 -2.0038711635597725e-07
    9.200000   2.38042940 -2.0976249186309362e-07
    9.200000   2.44519674 -2.1935709700738822e-07
    9.200000   2.50996278 -2.2900513747131994e-07
    9.200000   2.57472706 -2.3852571946096575e-07
    9.200000   2.63948889 -2.4772660346967307e-07
    9.200000   2.70424717 -2.5640921605255010e-07
    9.200000   2.76900006 -2.6437478520441914e-07
    9.200000   2.83374417 -2.7143134362414554e-07
    9.200000   2.89847256 -2.7740122941131030e-07
    9.200000   2.96316844 -2.8212862437097389e-07
    9.200000   3.02777863 -2.8548664584333978e-07
    9.200000   3.09200950 -2.8738396091613367e-07
    9.300000   0.04958315 -2.5464047486421621e-07
    9.300000   0.11381403 -2.5294263255660590e-07
    9.300000   0.17842421 -2.4993730431987060e-07
    9.300000   0.24312010 -2.4570565848304322e-07
    9.300000   0.30784849 -2.4036050301844556e-07
    9.300000   0.37259260 -2.3404043959729500e-07
    9.300000   0.43734549 -2.2690359700766231e-07
    9.300000   0.50210377 -2.1912096288306627e-07
    9.300000   0.56686560 -2.1086973912417602e-07
    9.300000   0.63162987 -2.0232712675810949e-07
    9.300000   0.69639591 -1.9366486861188215e-07
    9.300000   0.76116325 -1.8504477804372137e-07
    9.300000   0.82593158 -1.7661537567382398e-07
    9.300000   0.89070068 -1.6850965599192917e-07
    9.300000   0.95547037 -1.6084392101598644e-07
    9.300000   1.02024053 -1.5371755399477237e-07
    9.300000   1.08501108 -1.4721356424163999e-07
    9.300000   1.14978193 -1.4139971324615169e-07
    9.300000   1.21455301 -1.3633002908140336e-07
    9.300000   1.27932429 -1.3204652652081535e-07
    9.300000   1.34409571 -1.2858096976166248e-07
    9.300000   1.40886724 -1.2595653920516593e-07
    9.300000   1.47363885 -1.2418929010177262e-07
    9.300000   1.53841049 -1.2328931684309040e-07
    9.300000   1.60318216 -1.2326156093139296e-07
    9.300000   1.66795381 -1.2410622287151741e-07
    9.300000   1.73272541 -1.2581875863255777e-07
    9.300000   1.79749694 -1.2838946074610773e-07
    9.300000   1.86226837 -1.3180264350833754e-07
    9.300000   1.92703964 -1.3603547220206226e-07
    9.300000   1.99181073 -1.4105649844319633e-07
    9.300000   2.05658157 -1.4682398805909897e-07
    9.300000   2.12135212 -1.5328415387398150e-07
    9.300000   2.18612229 -1.6036943215645003e-07
    9.300000   2.25089198 -1.6799696600804621e-07
    9.300000   2.31566107 -1.7606747845915689e-07
    9.300000   2.38042940 -1.8446472837602352e-07
    9.300000   2.44519674 -1.9305573906564941e-07
    9.300000   2.50996278 -2.0169196850118558e-07
    9.300000   2.57472706 -2.1021154801373753e-07
    9.300000   2.63948889 -2.1844265209814184e-07
    9.300000   2.70424717 -2.2620797712552936e-07
    9.300000   2.76900006 -2.3333020668298971e-07
    9.300000   2.83374417 -2.3963823486901694e-07
    9.300000   2.89847256 -2.4497381877994236e-07
    9.300000   2.96316844 -2.4919825403162482e-07
    9.300000   3.02777863 -2.5219864757893348e-07
    9.300000   3.09200950 -2.5389376785908444e-07
    9.400000   0.04958315 -2.2488752576314828e-07
    9.400000   0.11381403 -2.2337010395395558e-07
    9.400000   0.17842421 -2.2068393365979418e-07
    9.400000   0.24312010 -2.1690123778463820e-07
    9.400000   0.30784849 -2.1212242854413009e-07
    9.400000   0.37259260 -2.0647093303956061e-07
    9.400000   0.43734549 -2.0008764650935519e-07
    9.400000   0.50210377 -1.9312502357654979e-07
    9.400000   0.56686560 -1.8574118195678030e-07
    9.400000   0.63162987 -1.7809437726218909e-07
    9.400000   0.69639591 -1.7033814043633082e-07
    9.400000   0.76116325 -1.6261728188173067e-07
    9.400000   0.82593158 -1.5506487300484125e-07
    9.400000   0.89070068 -1.4780022764580234e-07
    9.400000   0.95547037 -1.4092783067628095e-07
    9.400000   1.02024053 -1.3453710370039660e-07
    9.400000   1.08501108 -1.2870285990486667e-07
    9.400000   1.14978193 -1.2348628071285346e-07
    9.400000   1.21455301 -1.1893624328864426e-07
    9.400000   1.27932429 -1.1509083646862688e-07
    9.400000   1.34409571 -1.1197891948857613e-07
    9.400000   1.40886724 -1.0962159930822428e-07
    9.400000   1.47363885 -1.0803352564466387e-07
    9.400000   1.53841049 -1.0722392592190643e-07
    9.400000   1.60318216 -1.0719732405680952e-07
    9.400000   1.66795381 -1.0795390704786172e-07
    9.400000   1.73272541 -1.0948952176364379e-07
    9.400000   1.79749694 -1.1179530202232244e-07
    9.400000   1.86226837 -1.1485694361014422e-07
    9.400000   1.92703964 -1.1865366346778312e-07
    9.400000   1.99181073 -1.2315689920188035e-07
    9.400000   2.05658157 -1.2832882692517675e-07
    9.400000   2.12135212 -1.3412079844526317e-07
    9.400000   2.18612229 -1.4047182219976457e-07
    9.400000   2.25089198 -1.4730723372212670e-07
    9.400000   2.31566107 -1.5453771822799442e-07
    9.400000   2.38042940 -1.6205885637007332e-07
    9.400000   2.44519674 -1.6975136055152028e-07
    9.400000   2.50996278 -1.7748214975857890e-07
    9.400000   2.57472706 -1.8510637282430548e-07
    9.400000   2.63948889 -1.9247043269842619e-07
    9.400000   2.70424717 -1.9941598895135683e-07
    9.400000   2.76900006 -2.0578482749463047e-07
    9.400000   2.83374417 -2.1142439306815957e-07
    9.400000   2.89847256 -2.1619369261584857e-07
    9.400000   2.96316844 -2.1996921055456176e-07
    9.400000   3.02777863 -2.2265046110397131e-07
    9.400000   3.09200950 -2.2416516643016877e-07
    9.500000   0.04958315 -1.9848067540330002e-07
    9.500000   0.11381403 -1.9712430340774768e-07
    9.500000   0.17842421 -1.9472305667695300e-07
    9.500000   0.24312010 -1.9134122323911410e-07
    9.500000   0.30784849 -1.8706821404894162e-07
    9.500000   0.37259260 -1.8201397987053439e-07
    9.500000   0.43734549 -1.7630409848416332e-07
    9.500000   0.50210377 -1.7007453587028845e-07
    9.500000   0.56686560 -1.6346641136032482e-07
    9.500000   0.63162987 -1.5662108393158448e-07
    9.500000   0.69639591 -1.4967581855845178e-07
    9.500000   0.76116325 -1.4276021504324215e-07
    9.500000   0.82593158 -1.3599349970446073e-07
    9.500000   0.89070068 -1.2948270239908635e-07
    9.500000   0.95547037 -1.2332167459381304e-07
    9.500000   1.02024053 -1.1759085300780350e-07
    9.500000   1.08501108 -1.1235763909821937e-07
    9.500000   1.14978193 -1.0767724677722360e-07
    9.500000   1.21455301 -1.0359386686389646e-07
    9.500000   1.27932429 -1.0014200379138999e-07
    9.500000   1.34409571 -9.7347854492617017e-08
    9.500000   1.40886724 -9.5230618205246795e-08
    9.500000   1.47363885 -9.3803646522645147e-08
    9.500000   1.53841049 -9.3075363514584967e-08
    9.500000   1.60318216 -9.3049905278773606e-08
    9.500000   1.66795381 -9.3727446219882506e-08
    9.500000   1.73272541 -9.5104196160635893e-08
    9.500000   1.79749694 -9.7172068294192688e-08
    9.500000   1.86226837 -9.9918034049421103e-08
    9.500000   1.92703964 -1.0332319763321069e-07
    9.500000   1.99181073 -1.0736164105909504e-07
    9.500000   2.05658157 -1.1199910994264405e-07
    9.500000   2.12135212 -1.1719163089985889e-07
    9.500000   2.18612229 -1.2288417199829142e-07
    9.500000   2.25089198 -1.2900947642128356e-07
    9.500000   2.31566107 -1.3548721402780635e-07
    9.500000   2.38042940 -1.4222360235346555e-07
    9.500000   2.44519674 -1.4911164473612298e-07
    9.500000   2.50996278 -1.5603211524793109e-07
    9.500000   2.57472706 -1.6285538585501409e-07
    9.500000   2.63948889 -1.6944413987754016e-07
    9.500000   2.70424717 -1.7565694907964560e-07
    9.500000   2.76900006 -1.8135261369324651e-07
    9.500000   2.83374417 -1.8639508263937509e-07
    9.500000   2.89847256 -1.9065869473390658e-07
    9.500000   2.96316844 -1.9403342332786028e-07
    9.500000   3.02777863 -1.9642979411804311e-07
    9.500000   3.09200950 -1.9778347152455618e-07
    9.600000   0.04958315 -1.7505083143343964e-07
    9.600000   0.11381403 -1.7383825554816753e-07
    9.600000   0.17842421 -1.7169143412243521e-07
    9.600000   0.24312010 -1.6866761208796726e-07
    9.600000   0.30784849 -1.6484643070688570e-07
    9.600000   0.37259260 -1.6032586570724685e-07
    9.600000   0.43734549 -1.5521787337974861e-07
    9.600000   0.50210377 -1.4964374328230187e-07
    9.600000   0.56686560 -1.4372944851316079e-07
    9.600000   0.63162987 -1.3760127430740531e-07
    9.600000   0.69639591 -1.3138195493455064e-07
    9.600000   0.76116325 -1.2518748196400943e-07
    9.600000   0.82593158 -1.1912467476755534e-07
    9.600000   0.89070068 -1.1328953530638502e-07
    9.600000   0.95547037 -1.0776635002508823e-07
    9.600000   1.02024053 -1.0262745587002864e-07
    9.600000   1.08501108 -9.7933556621754542e-08
    9.600000   1.14978193 -9.3734459247119898e-08
    9.600000   1.21455301 -9.0070095981867224e-08
    9.600000   1.27932429 -8.6971703571418353e-08
    9.600000   1.34409571 -8.4463043518292609e-08
    9.600000   1.40886724 -8.2561563719770586e-08
    9.600000   1.47363885 -8.1279419959333853e-08
    9.600000   1.53841049 -8.0624294102653394e-08
    9.600000   1.60318216 -8.0599963189552069e-08
    9.600000   1.66795381 -8.1206589898892856e-08
    9.600000   1.73272541 -8.2440719919695169e-08
    9.600000   1.79749694 -8.4294986284431100e-08
    9.600000   1.86226837 -8.6757535200265901e-08
    9.600000   1.92703964 -8.9811203034884686e-08
    9.600000   1.99181073 -9.3432490348146969e-08
    9.600000   2.05658157 -9.7590396273940391e-08
    9.600000   2.12135212 -1.0224519489573799e-07
    9.600000   2.18612229 -1.0734725339843902e-07
    9.600000   2.25089198 -1.1283600826996765e-07
    9.600000   2.31566107 -1.1863922824288478e-07
    9.600000   2.38042940 -1.2467269835989491e-07
    9.600000   2.44519674 -1.3084045548330094e-07
    9.600000   2.50996278 -1.3703568906027658e-07
    9.600000   2.57472706 -1.4314239003009819e-07
    9.600000   2.63948889 -1.4903778489475939e-07
    9.600000   2.70424717 -1.5459553273016396e-07
    9.600000   2.76900006 -1.5968959396687106e-07
    9.600000   2.83374417 -1.6419860762738481e-07
    9.600000   2.89847256 -1.6801054671872061e-07
    9.600000   2.96316844 -1.7102737076636172e-07
    9.600000   3.02777863 -1.7316938420399317e-07
    9.600000   3.09200950 -1.7437930109427742e-07
    9.700000   0.04958315 -1.5426921356653038e-07
    9.700000   0.11381403 -1.5318505769937327e-07
    9.700000   0.17842421 -1.5126547789933885e-07
    9.700000   0.24312010 -1.4856146388200531e-07
    9.700000   0.30784849 -1.4514397608179634e-07
    9.700000   0.37259260 -1.4110034375486778e-07
    9.700000   0.43734549 -1.3653040426777703e-07
    9.700000   0.50210377 -1.3154237850538570e-07
    9.700000   0.56686560 -1.2624873917199424e-07
    9.700000   0.63162987 -1.2076232057693757e-07
    9.700000   0.69639591 -1.1519287430998964e-07
    9.700000   0.76116325 -1.0964421649343203e-07
    9.700000   0.82593158 -1.0421204882786890e-07
    9.700000   0.89070068 -9.8982474720336927e-08
    9.700000   0.95547037 -9.4031179271660199e-08
    9.700000   1.02024053 -8.9423200940477586e-08
    9.700000   1.08501108 -8.5213194935173779e-08
    9.700000   1.14978193 -8.1446073280675630e-08
    9.700000   1.21455301 -7.8157902459187009e-08
    9.700000   1.27932429 -7.5376944204338952e-08
    9.700000   1.34409571 -7.3124735759243507e-08
    9.700000   1.40886724 -7.1417120357708772e-08
    9.700000   1.47363885 -7.0265154737646282e-08
    9.700000   1.53841049 -6.9675836792983069e-08
    9.700000   1.60318216 -6.9652612051807517e-08
    9.700000   1.66795381 -7.0195632266581403e-08
    9.700000   1.73272541 -7.1301753030118721e-08
    9.700000   1.79749694 -7.2964270475629822e-08
    9.700000   1.86226837 -7.5172410199877460e-08
    9.700000   1.92703964 -7.7910595241785464e-08
    9.700000   1.99181073 -8.1157534513150858e-08
    9.700000   2.05658157 -8.4885188701438243e-08
    9.700000   2.12135212 -8.9057686943443232e-08
    9.700000   2.18612229 -9.3630283652322538e-08
    9.700000   2.25089198 -9.8548459290909933e-08
    9.700000   2.31566107 -1.0374727963706089e-07
    9.700000   2.38042940 -1.0915113270132197e-07
    9.700000   2.44519674 -1.1467395839006825e-07
    9.700000   2.50996278 -1.2022007086286205e-07
    9.700000   2.57472706 -1.2568564566004244e-07
    9.700000   2.63948889 -1.3096090273897141e-07
    9.700000   2.70424717 -1.3593296389853451e-07
    9.700000   2.76900006 -1.4048930217479604e-07
    9.700000   2.83374417 -1.4452163726062937e-07
    9.700000   2.89847256 -1.4793007227204056e-07
    9.700000   2.96316844 -1.5062722302936486e-07
    9.700000   3.02777863 -1.5254208278468740e-07
    9.700000   3.09200950 -1.5362362661252853e-07
    9.800000   0.04958315 -1.3584295874720327e-07
    9.800000   0.11381403 -1.3487351390118281e-07
    9.800000   0.17842421 -1.3315693575461089e-07
    9.800000   0.24312010 -1.3073865559854261e-07
    9.800000   0.30784849 -1.2768191669571954e-07
    9.800000   0.37259260 -1.2406457860587269e-07
    9.800000   0.43734549 -1.1997569209187878e-07
    9.800000   0.50210377 -1.1551183678776862e-07
    9.800000   0.56686560 -1.1077344841079509e-07
    9.800000   0.63162987 -1.0586135575481438e-07
    9.800000   0.69639591 -1.0087370916529146e-07
    9.800000   0.76116325 -9.5903430681919061e-08
    9.800000   0.82593158 -9.1036260098432057e-08
    9.800000   0.89070068 -8.6349417355475076e-08
    9.800000   0.95547037 -8.1910854971380915e-08
    9.800000   1.02024053 -7.7779037680960279e-08
    9.800000   1.08501108 -7.4003161452130298e-08
    9.800000   1.14978193 -7.0623710205109655e-08
    9.800000   1.21455301 -6.7673244596135050e-08
    9.800000   1.27932429 -6.5177321014112391e-08
    9.800000   1.34409571 -6.3155448213337327e-08
    9.800000   1.40886724 -6.1622001684888353e-08
    9.800000   1.47363885 -6.0587030058433443e-08
    9.800000   1.53841049 -6.0056902334553485e-08
    9.800000   1.60318216 -6.0034758678225968e-08
    9.800000   1.66795381 -6.0520740663365261e-08
    9.800000   1.73272541 -6.1511989109789381e-08
    9.800000   1.79749694 -6.3002409574942551e-08
    9.800000   1.86226837 -6.4982217393840144e-08
    9.800000   1.92703964 -6.7437286480284558e-08
    9.800000   1.99181073 -7.0348339250915777e-08
    9.800000   2.05658157 -7.3690028970808088e-08
    9.800000   2.12135212 -7.7429980328677430e-08
    9.800000   2.18612229 -8.1527868265972393e-08
    9.800000   2.25089198 -8.5934627741228651e-08
    9.800000   2.31566107 -9.0591896360238905e-08
    9.800000   2.38042940 -9.5431795609068081e-08
    9.800000   2.44519674 -1.0037715235867964e-07
    9.800000   2.50996278 -1.0534224849373292e-07
    9.800000   2.57472706 -1.1023416140750485e-07
    9.800000   2.63948889 -1.1495472156098813e-07
    9.800000   2.70424717 -1.1940306649253428e-07
    9.800000   2.76900006 -1.2347871687263184e-07
    9.800000   2.83374417 -1.2708504414749337e-07
    9.800000   2.89847256 -1.3013294785916363e-07
    9.800000   2.96316844 -1.3254452216841764e-07
    9.800000   3.02777863 -1.3425648454439463e-07
    9.800000   3.09200950 -1.3522337360909522e-07
    9.900000   0.04958315 -1.1951121148359296e-07
    9.900000   0.11381403 -1.1864425023589511e-07
    9.900000   0.17842421 -1.1710905049246029e-07
    9.900000   0.24312010 -1.1494610194011250e-07
    9.900000   0.30784849 -1.1221178424716837e-07
    9.900000   0.37259260 -1.0897553047268632e-07
    9.900000   0.43734549 -1.0531678702083836e-07
    9.900000   0.50210377 -1.0132176041470316e-07
    9.900000   0.56686560 -9.7080151306080343e-08
    9.900000   0.63162987 -9.2682070917080850e-08
    9.900000   0.69639591 -8.8215301480585894e-08
    9.900000   0.76116325 -8.3763017023270618e-08
    9.900000   0.82593158 -7.9402031463790645e-08
    9.900000   0.89070068 -7.5201593429434395e-08
    9.900000   0.95547037 -7.1222705645638308e-08
    9.900000   1.02024053 -6.7517914164946989e-08
    9.900000   1.08501108 -6.4131490170597529e-08
    9.900000   1.14978193 -6.1099914494809387e-08
    9.900000   1.21455301 -5.8452571093514204e-08
    9.900000   1.27932429 -5.6212558821595496e-08
    9.900000   1.34409571 -5.4397538846843788e-08
    9.900000   1.40886724 -5.3020546190396658e-08
    9.900000   1.47363885 -5.2090706411259323e-08
    9.900000   1.53841049 -5.1613811384024586e-08
    9.900000   1.60318216 -5.1592720583394307e-08
    9.900000   1.66795381 -5.2027566100497205e-08
    9.900000   1.73272541 -5.2915750684563123e-08
    9.900000   1.79749694 -5.4251738859508344e-08
    9.900000   1.86226837 -5.6026651863471230e-08
    9.900000   1.92703964 -5.8227688271138711e-08
    9.900000   1.99181073 -6.0837403981809941e-08
    9.900000   2.05658157 -6.3832897690476837e-08
    9.900000   2.12135212 -6.7184960938509531e-08
    9.900000   2.18612229 -7.0857264355731632e-08
    9.900000   2.25089198 -7.4805662833811140e-08
    9.900000   2.31566107 -7.8977710407814668e-08
    9.900000   2.38042940 -8.3312478622012873e-08
    9.900000   2.44519674 -8.7740768299110677e-08
    9.900000   2.50996278 -9.2185791956854487e-08
    9.900000   2.57472706 -9.6564381550834389e-08
    9.900000   2.63948889 -1.0078874356659021e-07
    9.900000   2.70424717 -1.0476874195269057e-07
    9.900000   2.76900006 -1.0841464169844644e-07
    9.900000   2.83374417 -1.1164019652857870e-07
    9.900000   2.89847256 -1.1436591894868053e-07
    9.900000   2.96316844 -1.1652233721321493e-07
    9.900000   3.02777863 -1.1805303858481918e-07
    9.900000   3.09200950 -1.1891750780450414e-07
   10.000000   0.04958315 -1.0504164337959511e-07
   10.000000   0.11381403 -1.0426625606991242e-07
   10.000000   0.17842421 -1.0289313939185504e-07
   10.000000   0.24312010 -1.0095838789274721e-07
   10.000000   0.30784849 -9.8512274330590716e-08
   10.000000   0.37259260 -9.5616730710847918e-08
   10.000000   0.43734549 -9.2342648850240875e-08
   10.000000   0.50210377 -8.8766989457671519e-08
   10.000000   0.56686560 -8.4969876929128902e-08
   10.000000   0.63162987 -8.1031852967266746e-08
   10.000000   0.69639591 -7.7031432718105204e-08
   10.000000   0.76116325 -7.3043067365152852e-08
   10.000000   0.82593158 -6.9135573586132152e-08
   10.000000   0.89070068 -6.5371048141197162e-08
   10.000000   0.95547037 -6.1804248972221202e-08
   10.000000   1.02024053 -5.8482395045501701e-08
   10.000000   1.08501108 -5.5445316975708971e-08
   10.000000   1.14978193 -5.2725878921130390e-08
   10.000000   1.21455301 -5.0350588565876103e-08
   10.000000   1.27932429 -4.8340314441781994e-08
   10.000000   1.34409571 -4.6711036820871731e-08
   10.000000   1.40886724 -4.5474568134716769e-08
   10.000000   1.47363885 -4.4639190046292264e-08
   10.000000   1.53841049 -4.4210165723501490e-08
   10.000000   1.60318216 -4.4190097096911516e-08
   10.000000   1.66795381 -4.4579107424218197e-08
   10.000000   1.73272541 -4.5374839521056923e-08
   10.000000   1.79749694 -4.6572269675813004e-08
   10.000000   1.86226837 -4.8163346984343450e-08
   10.000000   1.92703964 -5.0136477797972193e-08
   10.000000   1.99181073 -5.2475885639516790e-08
   10.000000   2.05658157 -5.5160888065908683e-08
   10.000000   2.12135212 -5.8165143470384713e-08
   10.000000   2.18612229 -6.1455931939817286e-08
   10.000000   2.25089198 -6.4993544043769680e-08
   10.000000   2.31566107 -6.8730858350352927e-08
   10.000000   2.38042940 -7.2613190931727114e-08
   10.000000   2.44519674 -7.6578496374455265e-08
   10.000000   2.50996278 -8.0557988271401329e-08
   10.000000   2.57472706 -8.4477226887102577e-08
   10.000000   2.63948889 -8.8257692536567516e-08
   10.000000   2.70424717 -9.1818826287129307e-08
   10.000000   2.76900006 -9.5080477399427133e-08
   10.000000   2.83374417 -9.7965653399385753e-08
   10.000000   2.89847256 -1.0040342889513417e-07
   10.000000   2.96316844 -1.0233183984894579e-07
   10.000000   3.02777863 -1.0370058587374921e-07
   10.000000   3.09200950 -1.0447355082768558e-07
   10.100000   0.04958315 -9.2227353030094888e-08
   10.100000   0.11381403 -9.1533802886913893e-08
   10.100000   0.17842421 -9.0305546328022160e-08
   10.100000   0.24312010 -8.8574767268594160e-08
   10.100000   0.30784849 -8.6386302805058971e-08
   10.100000   0.37259260 -8.3795405419436214e-08
   10.100000   0.43734549 -8.0865345042063878e-08
   10.100000   0.50210377 -7.7664839170808058e-08
   10.100000   0.56686560 -7.4265467820557222e-08
   10.100000   0.63162987 -7.0739226872023736e-08
   10.100000   0.69639591 -6.7156347654617804e-08
   10.100000   0.76116325 -6.3583475602731172e-08
   10.100000   0.82593158 -6.0082262466023676e-08
   10.100000   0.89070068 -5.6708389137991569e-08
   10.100000   0.95547037 -5.3511003450980564e-08
   10.100000   1.02024053 -5.0532531247350157e-08
   10.100000   1.08501108 -4.7808800865042500e-08
   10.100000   1.14978193 -4.5369410696349954e-08
   10.100000   1.21455301 -4.3238265957226780e-08
   10.100000   1.27932429 -4.1434212774331263e-08
   10.100000   1.34409571 -3.9971703722030039e-08
   10.100000   1.40886724 -3.8861437499350999e-08
   10.100000   1.47363885 -3.8110925314236593e-08
   10.100000   1.53841049 -3.7724946727209130e-08
   10.100000   1.60318216 -3.7705867739449341e-08
   10.100000   1.66795381 -3.8053803379706094e-08
   10.100000   1.73272541 -3.8766616107085501e-08
   10.100000   1.79749694 -3.9839750020630776e-08
   10.100000   1.86226837 -4.1265909681523703e-08
   10.100000   1.92703964 -4.3034601300188063e-08
   10.100000   1.99181073 -4.5131563612796620e-08
   10.100000   2.05658157 -4.7538125736601241e-08
   10.100000   2.12135212 -5.0230539526469355e-08
   10.100000   2.18612229 -5.3179343839205657e-08
   10.100000   2.25089198 -5.6348826613939500e-08
   10.100000   2.31566107 -5.9696656765198928e-08
   10.100000   2.38042940 -6.3173759773844304e-08
   10.100000   2.44519674 -6.6724507359306673e-08
   10.100000   2.50996278 -7.0287281068918849e-08
   10.100000   2.57472706 -7.3795451438724925e-08
   10.100000   2.63948889 -7.7178788306521640e-08
   10.100000   2.70424717 -8.0365285070557573e-08
   10.100000   2.76900006 -8.3283342291872243e-08
   10.100000   2.83374417 -8.5864217639412255e-08
   10.100000   2.89847256 -8.8044614160919910e-08
   10.100000   2.96316844 -8.9769253154577034e-08
   10.100000   3.02777863 -9.0993274662152337e-08
   10.100000   3.09200950 -9.1684476664121445e-08
   10.200000   0.04958315 -8.0884103528885375e-08
   10.200000   0.11381403 -8.0263698358210921e-08
   10.200000   0.17842421 -7.9164924986802579e-08
   10.200000   0.24312010 -7.7616486553645961e-08
   10.200000   0.30784849 -7.5658380341217406e-08
   10.200000   0.37259260 -7.3339909014283564e-08
   10.200000   0.43734549 -7.0717549734878628e-08
   10.200000   0.50210377 -6.7852668905815689e-08
   10.200000   0.56686560 -6.4809221355809149e-08
   10.200000   0.63162987 -6.1651570215863359e-08
   10.200000   0.69639591 -5.8442541256899579e-08
   10.200000   0.76116325 -5.5241794644226915e-08
   10.200000   0.82593158 -5.2104563126040566e-08
   10.200000   0.89070068 -4.9080772622496975e-08
   10.200000   0.95547037 -4.6214532002054806e-08
   10.200000   1.02024053 -4.3543955639327430e-08
   10.200000   1.08501108 -4.1101266007935167e-08
   10.200000   1.14978193 -3.8913114046279911e-08
   10.200000   1.21455301 -3.7001051702545691e-08
   10.200000   1.27932429 -3.5382092620677429e-08
   10.200000   1.34409571 -3.4069302182413458e-08
   10.200000   1.40886724 -3.3072365601690053e-08
   10.200000   1.47363885 -3.2398091545286760e-08
   10.200000   1.53841049 -3.2050817817198817e-08
   10.200000   1.60318216 -3.2032694592891499e-08
   10.200000   1.66795381 -3.2343829241280495e-08
   10.200000   1.73272541 -3.2982284862453012e-08
   10.200000   1.79749694 -3.3943932583690716e-08
   10.200000   1.86226837 -3.5222165504910992e-08
   10.200000   1.92703964 -3.6807490325528861e-08
   10.200000   1.99181073 -3.8687021236797673e-08
   10.200000   2.05658157 -4.0843909578562816e-08
   10.200000   2.12135212 -4.3256751889098812e-08
   10.200000   2.18612229 -4.5899027697611920e-08
   10.200000   2.25089198 -4.8738625931026733e-08
   10.200000   2.31566107 -5.1737524015774920e-08
   10.200000   2.38042940 -5.4851685336902024e-08
   10.200000   2.44519674 -5.8031237304191188e-08
   10.200000   2.50996278 -6.1220982794730665e-08
   10.200000   2.57472706 -6.4361281319721615e-08
   10.200000   2.63948889 -6.7389313064234180e-08
   10.200000   2.70424717 -7.0240709722842489e-08
   10.200000   2.76900006 -7.2851502997436302e-08
   10.200000   2.83374417 -7.5160307646788120e-08
   10.200000   2.89847256 -7.7110625182324462e-08
   10.200000   2.96316844 -7.8653131785511060e-08
   10.200000   3.02777863 -7.9747811474762519e-08
   10.200000   3.09200950 -8.0365946069354498e-08
   10.300000   0.04958315 -7.0847860031856600e-08
   10.300000   0.11381403 -7.0292838424997101e-08
   10.300000   0.17842421 -6.9309816514357128e-08
   10.300000   0.24312010 -6.7924398254897646e-08
   10.300000   0.30784849 -6.6172270324443813e-08
   10.300000   0.37259260 -6.4097434066781078e-08
   10.300000   0.43734549 -6.1750311257322280e-08
   10.300000   0.50210377 -5.9185711342649922e-08
   10.300000   0.56686560 -5.6460783051432236e-08
   10.300000   0.63162987 -5.3633071366951032e-08
   10.300000   0.69639591 -5.0758781108031857e-08
   10.300000   0.76116325 -4.7891321222648376e-08
   10.300000   0.82593158 -4.5080173928113882e-08
   10.300000   0.89070068 -4.2370103507871292e-08
   10.300000   0.95547037 -3.9800693651185415e-08
   10.300000   1.02024053 -3.7406181511177362e-08
   10.300000   1.08501108 -3.5215541968293335e-08
   10.300000   1.14978193 -3.3252766982070961e-08
   10.300000   1.21455301 -3.1537281755703049e-08
   10.300000   1.27932429 -3.0084440672702239e-08
   10.300000   1.34409571 -2.8906050532750769e-08
   10.300000   1.40886724 -2.8010875175055434e-08
   10.300000   1.47363885 -2.7405083356544000e-08
   10.300000   1.53841049 -2.7092609834831594e-08
   10.300000   1.60318216 -2.7075407605682423e-08
   10.300000   1.66795381 -2.7353576898907096e-08
   10.300000   1.73272541 -2.7925363850966777e-08
   10.300000   1.79749694 -2.8787028894092153e-08
   10.300000   1.86226837 -2.9932591957146945e-08
   10.300000   1.92703964 -3.1353468947537906e-08
   10.300000   1.99181073 -3.3038021602441475e-08
   10.300000   2.05658157 -3.4971050829017760e-08
   10.300000   2.12135212 -3.7133271727791549e-08
   10.300000   2.18612229 -3.9500816260000262e-08
   10.300000   2.25089198 -4.2044816118920016e-08
   10.300000   2.31566107 -4.4731122875997640e-08
   10.300000   2.38042940 -4.7520223728570492e-08
   10.300000   2.44519674 -5.0367407983798326e-08
   10.300000   2.50996278 -5.3223230775431704e-08
   10.300000   2.57472706 -5.6034305819591123e-08
   10.300000   2.63948889 -5.8744438242819862e-08
   10.300000   2.70424717 -6.1296082586929327e-08
   10.300000   2.76900006 -6.3632081750699969e-08
   10.300000   2.83374417 -6.5697612623290788e-08
   10.300000   2.89847256 -6.7442237030942645e-08
   10.300000   2.96316844 -6.8821936880515946e-08
   10.300000   3.02777863 -6.9801010426434437e-08
   10.300000   3.09200950 -7.0353841343274847e-08
   10.400000   0.04958315 -6.1972594253517072e-08
   10.400000   0.11381403 -6.1476024572860792e-08
   10.400000   0.17842421 -6.0596489270773797e-08
   10.400000   0.24312010 -5.9356832064300712e-08
   10.400000   0.30784849 -5.7788899287223677e-08
   10.400000   0.37259260 -5.5931967546976893e-08
   10.400000   0.43734549 -5.3831059323158961e-08
   10.400000   0.50210377 -5.1535134269773199e-08
   10.400000   0.56686560 -4.9095265121904306e-08
   10.400000   0.63162987 -4.6562905633885303e-08
   10.400000   0.69639591 -4.3988340689613256e-08
   10.400000   0.76116325 -4.1419384795050607e-08
   10.400000   0.82593158 -3.8900368643175307e-08
   10.400000   0.89070068 -3.6471427460428512e-08
   10.400000   0.95547037 -3.4168081799864304e-08
   10.400000   1.02024053 -3.2021082903201660e-08
   10.400000   1.08501108 -3.0056481646479122e-08
   10.400000   1.14978193 -2.8295872217428768e-08
   10.400000   1.21455301 -2.6756758760661823e-08
   10.400000   1.27932429 -2.5452994172099795e-08
   10.400000   1.34409571 -2.4395244199938752e-08
   10.400000   1.40886724 -2.3591435763795664e-08
   10.400000   1.47363885 -2.3047155328978244e-08
   10.400000   1.53841049 -2.2765970327200192e-08
   10.400000   1.60318216 -2.2749653805722188e-08
   10.400000   1.66795381 -2.2998299342546776e-08
   10.400000   1.73272541 -2.3510319844375281e-08
   10.400000   1.79749694 -2.4282330250966318e-08
   10.400000   1.86226837 -2.5308920567143406e-08
   10.400000   1.92703964 -2.6582332219170582e-08
   10.400000   1.99181073 -2.8092057631256058e-08
   10.400000   2.05658157 -2.9824390041972827e-08
   10.400000   2.12135212 -3.1761957819486469e-08
   10.400000   2.18612229 -3.3883284390315499e-08
   10.400000   2.25089198 -3.6162420704618847e-08
   10.400000   2.31566107 -3.8568701078585871e-08
   10.400000   2.38042940 -4.1066674241068742e-08
   10.400000   2.44519674 -4.3616258421890026e-08
   10.400000   2.50996278 -4.6173161489089921e-08
   10.400000   2.57472706 -4.8689593964915138e-08
   10.400000   2.63948889 -5.1115284201174053e-08
   10.400000   2.70424717 -5.3398781926515191e-08
   10.400000   2.76900006 -5.5489010376375998e-08
   10.400000   2.83374417 -5.7337000668638246e-08
   10.400000   2.89847256 -5.8897718184530460e-08
   10.400000   2.96316844 -6.0131873386139254e-08
   10.400000   3.02777863 -6.1007608019735597e-08
   10.400000   3.09200950 -6.1502068334732054e-08
   10.500000   0.04958315 -5.4128326658032214e-08
   10.500000   0.11381403 -5.3684017265351396e-08
   10.500000   0.17842421 -5.2897012097036588e-08
   10.500000   0.24312010 -5.1787695826090189e-08
   10.500000   0.30784849 -5.0384492527993045e-08
   10.500000   0.37259260 -4.8722466940540502e-08
   10.500000   0.43734549 -4.6841826212705419e-08
   10.500000   0.50210377 -4.4786310144012324e-08
   10.500000   0.56686560 -4.2601566439879139e-08
   10.500000   0.63162987 -4.0333606418552949e-08
   10.500000   0.69639591 -3.8027421450222614e-08
   10.500000   0.76116325 -3.5725819238699559e-08
   10.500000   0.82593158 -3.3468515680244299e-08
   10.500000   0.89070068 -3.1291494912068796e-08
   10.500000   0.95547037 -2.9226629726488127e-08
   10.500000   1.02024053 -2.7301537929577615e-08
   10.500000   1.08501108 -2.5539638479744889e-08
   10.500000   1.14978193 -2.3960364129810010e-08
   10.500000   1.21455301 -2.2579484546869765e-08
   10.500000   1.27932429 -2.1409494668225297e-08
   10.500000   1.34409571 -2.0460026426004349e-08
   10.500000   1.40886724 -1.9738247131023110e-08
   10.500000   1.47363885 -1.9249213851481582e-08
   10.500000   1.53841049 -1.8996159566541548e-08
   10.500000   1.60318216 -1.8980693268949155e-08
   10.500000   1.66795381 -1.9202902339900232e-08
   10.500000   1.73272541 -1.9661351456934149e-08
   10.500000   1.79749694 -2.0352978057290787e-08
   10.500000   1.86226837 -2.1272890127175412e-08
   10.500000   1.92703964 -2.2414078035583344e-08
   10.500000   1.99181073 -2.3767058280279141e-08
   10.500000   2.05658157 -2.5319473415423684e-08
   10.500000   2.12135212 -2.7055678879504188e-08
   10.500000   2.18612229 -2.8956353469845859e-08
   10.500000   2.25089198 -3.0998175402483054e-08
   10.500000   2.31566107 -3.3153609211947798e-08
   10.500000   2.38042940 -3.5390849588412167e-08
   10.500000   2.44519674 -3.7673965389939938e-08
   10.500000   2.50996278 -3.9963280050355429e-08
   10.500000   2.57472706 -4.2216012714781640e-08
   10.500000   2.63948889 -4.4387187932073125e-08
   10.500000   2.70424717 -4.6430801170804366e-08
   10.500000   2.76900006 -4.8301204374331410e-08
   10.500000   2.83374417 -4.9954652311399984e-08
   10.500000   2.89847256 -5.1350929353964747e-08
   10.500000   2.96316844 -5.2454961127109291e-08
   10.500000   3.02777863 -5.3238314370679965e-08
   10.500000   3.09200950 -5.3680596404093942e-08
   10.600000   0.04958315 -4.7199380422481605e-08
   10.600000   0.11381403 -4.6801799846298163e-08
   10.600000   0.17842421 -4.6097535712001358e-08
   10.600000   0.24312010 -4.5104781431131272e-08
   10.600000   0.30784849 -4.3848910653823265e-08
   10.600000   0.37259260 -4.2361232619927333e-08
   10.600000   0.43734549 -4.0677659108706351e-08
   10.600000   0.50210377 -3.8837271362710363e-08
   10.600000   0.56686560 -3.6880872591844860e-08
   10.600000   0.63162987 -3.4849610859154663e-08
   10.600000   0.69639591 -3.2783743829416394e-08
   10.600000   0.76116325 -3.0721598207596201e-08
   10.600000   0.82593158 -2.8698755983403047e-08
   10.600000   0.89070068 -2.6747479088331708e-08
   10.600000   0.95547037 -2.4896365881863571e-08
   10.600000   1.02024053 -2.3170218095178745e-08
   10.600000   1.08501108 -2.1590086287481071e-08
   10.600000   1.14978193 -2.0173455454932857e-08
   10.600000   1.21455301 -1.8934529898606983e-08
   10.600000   1.27932429 -1.7884577015563491e-08
   10.600000   1.34409571 -1.7032292646944747e-08
   10.600000   1.40886724 -1.6384155138425227e-08
   10.600000   1.47363885 -1.5944740634758951e-08
   10.600000   1.53841049 -1.5716977862198930e-08
   10.600000   1.60318216 -1.5702326378547804e-08
   10.600000   1.66795381 -1.5900867791167368e-08
   10.600000   1.73272541 -1.6311304762743167e-08
   10.600000   1.79749694 -1.6930867829265827e-08
   10.600000   1.86226837 -1.7755135242950850e-08
   10.600000   1.92703964 -1.8777776343982074e-08
   10.600000   1.99181073 -1.9990234572722552e-08
   10.600000   2.05658157 -2.1381371872456364e-08
   10.600000   2.12135212 -2.2937102006583118e-08
   10.600000   2.18612229 -2.4640045711702267e-08
   10.600000   2.25089198 -2.6469245059134694e-08
   10.600000   2.31566107 -2.8399977424707000e-08
   10.600000   2.38042940 -3.0403709975514500e-08
   10.600000   2.44519674 -3.2448233047369946e-08
   10.600000   2.50996278 -3.4498004368209937e-08
   10.600000   2.57472706 -3.6514725440579345e-08
   10.600000   2.63948889 -3.8458156667598258e-08
   10.600000   2.70424717 -4.0287159509801738e-08
   10.600000   2.76900006 -4.1960933501935376e-08
   10.600000   2.83374417 -4.3440395195144679e-08
   10.600000   2.89847256 -4.4689627464305910e-08
   10.600000   2.96316844 -4.5677314269568560e-08
   10.600000   3.02777863 -4.6378075135240841e-08
   10.600000   3.09200950 -4.6773710400580389e-08
   10.700000   0.04958315 -4.1082824192996425e-08
   10.700000   0.11381403 -4.0727030072706404e-08
   10.700000   0.17842421 -4.0096759738658699e-08
   10.700000   0.24312010 -3.9208253502753038e-08
   10.700000   0.30784849 -3.8084165421116487e-08
   10.700000   0.37259260 -3.6752455473270832e-08
   10.700000   0.43734549 -3.5245203171942385e-08
   10.700000   0.50210377 -3.3597331485262644e-08
   10.700000   0.56686560 -3.1845316969900946e-08
   10.700000   0.63162987 -3.0025961537604027e-08
   10.700000   0.69639591 -2.8175289479456335e-08
   10.700000   0.76116325 -2.6327616984937176e-08
   10.700000   0.82593158 -2.4514822973767358e-08
   10.700000   0.89070068 -2.2765831950094370e-08
   10.700000   0.95547037 -2.1106303297710741e-08
   10.700000   1.02024053 -1.9558508318151430e-08
   10.700000   1.08501108 -1.8141366791551599e-08
   10.700000   1.14978193 -1.6870609039807654e-08
   10.700000   1.21455301 -1.5759027143701338e-08
   10.700000   1.27932429 -1.4816779356587252e-08
   10.700000   1.34409571 -1.4051714375316228e-08
   10.700000   1.40886724 -1.3469686052962335e-08
   10.700000   1.47363885 -1.3074833954346079e-08
   10.700000   1.53841049 -1.2869810239949329e-08
   10.700000   1.60318216 -1.2855938462228974e-08
   10.700000   1.66795381 -1.3033294845217361e-08
   10.700000   1.73272541 -1.3400707385841014e-08
   10.700000   1.79749694 -1.3955672784518919e-08
   10.700000   1.86226837 -1.4694195906869079e-08
   10.700000   1.92703964 -1.5610561236859607e-08
   10.700000   1.99181073 -1.6697050772178919e-08
   10.700000   2.05658157 -1.7943627901170213e-08
   10.700000   2.12135212 -1.9337611934428393e-08
   10.700000   2.18612229 -2.0863372701184543e-08
   10.700000   2.25089198 -2.2502078638954695e-08
   10.700000   2.31566107 -2.4231534315716002e-08
   10.700000   2.38042940 -2.6026143808981723e-08
   10.700000   2.44519674 -2.7857033931902085e-08
   10.700000   2.50996278 -2.9692365543506588e-08
   10.700000   2.57472706 -3.1497851624541080e-08
   10.700000   2.63948889 -3.3237487641750107e-08
   10.700000   2.70424717 -3.4874483443814411e-08
   10.700000   2.76900006 -3.6372367798465055e-08
   10.700000   2.83374417 -3.7696218265515433e-08
   10.700000   2.89847256 -3.8813952655550129e-08
   10.700000   2.96316844 -3.9697606618111748e-08
   10.700000   3.02777863 -4.0324521297090362e-08
   10.700000   3.09200950 -4.0678451655614470e-08
   10.800000   0.04958315 -3.5687083202349935e-08
   10.800000   0.11381403 -3.5368659018066079e-08
   10.800000   0.17842421 -3.4804565322891444e-08
   10.800000   0.24312010 -3.4009301223233049e-08
   10.800000   0.30784849 -3.3003095640058410e-08
   10.800000   0.37259260 -3.1810921010467922e-08
   10.800000   0.43734549 -3.0461437171450090e-08
   10.800000   0.50210377 -2.8985854808916672e-08
   10.800000   0.56686560 -2.7416785840493228e-08
   10.800000   0.63162987 -2.5787147774434341e-08
   10.800000   0.69639591 -2.4129178746165952e-08
   10.800000   0.76116325 -2.2473605408239397e-08
   10.800000   0.82593158 -2.0848989592889675e-08
   10.800000   0.89070068 -1.9281263539816622e-08
   10.800000   0.95547037 -1.7793449007438309e-08
   10.800000   1.02024053 -1.6405543886983330e-08
   10.800000   1.08501108 -1.5134551357336756e-08
   10.800000   1.14978193 -1.3994621432423476e-08
   10.800000   1.21455301 -1.2997272563211168e-08
   10.800000   1.27932429 -1.2151661256341061e-08
   10.800000   1.34409571 -1.1464869929687918e-08
   10.800000   1.40886724 -1.0942186701404041e-08
   10.800000   1.47363885 -1.0587355076454613e-08
   10.800000   1.53841049 -1.0402775989170931e-08
   10.800000   1.60318216 -1.0389649296351389e-08
   10.800000   1.66795381 -1.0548046206843313e-08
   10.800000   1.73272541 -1.0876908462263464e-08
   10.800000   1.79749694 -1.1373974280773106e-08
   10.800000   1.86226837 -1.2035635285280609e-08
   10.800000   1.92703964 -1.2856732938896648e-08
   10.800000   1.99181073 -1.3830307451105041e-08
   10.800000   2.05658157 -1.4947316707350448e-08
   10.800000   2.12135212 -1.6196347310698759e-08
   10.800000   2.18612229 -1.7563344065843885e-08
   10.800000   2.25089198 -1.9031387725551797e-08
   10.800000   2.31566107 -2.0580553060000754e-08
   10.800000   2.38042940 -2.2187879621311132e-08
   10.800000   2.44519674 -2.3827485353046096e-08
   10.800000   2.50996278 -2.5470848001518619e-08
   10.800000   2.57472706 -2.7087270698124052e-08
   10.800000   2.63948889 -2.8644536358860236e-08
   10.800000   2.70424717 -3.0109741037648447e-08
   10.800000   2.76900006 -3.1450280281338040e-08
   10.800000   2.83374417 -3.2634946219989495e-08
   10.800000   2.89847256 -3.3635078603774920e-08
   10.800000   2.96316844 -3.4425702697880971e-08
   10.800000   3.02777863 -3.4986586514241254e-08
   10.800000   3.09200950 -3.5303227533988534e-08
   10.900000   0.04958315 -3.0930700586807390e-08
   10.900000   0.11381403 -3.0645699278854392e-08
   10.900000   0.17842421 -3.0140795506745007e-08
   10.900000   0.24312010 -2.9428935761099166e-08
   10.900000   0.30784849 -2.8528185981068733e-08
   10.900000   0.37259260 -2.7460853241957012e-08
   10.900000   0.43734549 -2.6252545377893444e-08
   10.900000   0.50210377 -2.4931158487039373e-08
   10.900000   0.56686560 -2.3525852114271806e-08
   10.900000   0.63162987 -2.2066071745967411e-08
   10.900000   0.69639591 -2.0580669121819608e-08
   10.900000   0.76116325 -1.9097158058662984e-08
   10.900000   0.82593158 -1.7641129071148796e-08
   10.900000   0.89070068 -1.6235831719813237e-08
   10.900000   0.95547037 -1.4901920808331259e-08
   10.900000   1.02024053 -1.3657352003181687e-08
   10.900000   1.08501108 -1.2517404852793898e-08
   10.900000   1.14978193 -1.1494806449975807e-08
   10.900000   1.21455301 -1.0599926955441134e-08
   10.900000   1.27932429 -9.8410184623606463e-09
   10.900000   1.34409571 -9.2244705658833855e-09
   10.900000   1.40886724 -8.7550591485060186e-09
   10.900000   1.47363885 -8.4361686140626339e-09
   10.900000   1.53841049 -8.2699718384378670e-09
   10.900000   1.60318216 -8.2575562538166231e-09
   10.900000   1.66795381 -8.3989883936510274e-09
   10.900000   1.73272541 -8.6933131458037014e-09
   10.900000   1.79749694 -9.1384877298059169e-09
   10.900000   1.86226837 -9.7312541751346575e-09
   10.900000   1.92703964 -1.0466957985442313e-08
   10.900000   1.99181073 -1.1339324618293935e-08
   10.900000   2.05658157 -1.2340209542968194e-08
   10.900000   2.12135212 -1.3459341648512501e-08
   10.900000   2.18612229 -1.4684083561864419e-08
   10.900000   2.25089198 -1.5999235522750121e-08
   10.900000   2.31566107 -1.7386911355978818e-08
   10.900000   2.38042940 -1.8826515369363773e-08
   10.900000   2.44519674 -2.0294846899890187e-08
   10.900000   2.50996278 -2.1766354591209070e-08
   10.900000   2.57472706 -2.3213554729658164e-08
   10.900000   2.63948889 -2.4607617575959417e-08
   10.900000   2.70424717 -2.5919112635881783e-08
   10.900000   2.76900006 -2.7118889576041009e-08
   10.900000   2.83374417 -2.8179057018113669e-08
   10.900000   2.89847256 -2.9074008626127233e-08
   10.900000   2.96316844 -2.9781436778045502e-08
   10.900000   3.02777863 -3.0283273953590504e-08
   10.900000   3.09200950 -3.0566571368940523e-08
   11.000000   0.04958315 -2.6741232700642925e-08
   11.000000   0.11381403 -2.6486126419141059e-08
   11.000000   0.17842421 -2.6034167478578962e-08
   11.000000   0.24312010 -2.5396917655292666e-08
   11.000000   0.30784849 -2.4590513371836709e-08
   11.000000   0.37259260 -2.3634883376134845e-08
   11.000000   0.43734549 -2.2552911224778961e-08
   11.000000   0.50210377 -2.1369533118210236e-08
   11.000000   0.56686560 -2.0110824174561646e-08
   11.000000   0.63162987 -1.8803126186431237e-08
   11.000000   0.69639591 -1.7472261864317005e-08
   11.000000   0.76116325 -1.6142869276478938e-08
   11.000000   0.82593158 -1.4837877347848495e-08
   11.000000   0.89070068 -1.3578130618672106e-08
   11.000000   0.95547037 -1.2382159987077445e-08
   11.000000   1.02024053 -1.1266086794791777e-08
   11.000000   1.08501108 -1.0243640766530397e-08
   11.000000   1.14978193 -9.3262680608117243e-09
   11.000000   1.21455301 -8.5233038482806965e-09
   11.000000   1.27932429 -7.8421839522628567e-09
   11.000000   1.34409571 -7.2886718143920844e-09
   11.000000   1.40886724 -6.8670797405637545e-09
   11.000000   1.47363885 -6.5804667135183844e-09
   11.000000   1.53841049 -6.4307987038330137e-09
   11.000000   1.60318216 -6.4190610193563827e-09
   11.000000   1.66795381 -6.5453158327022627e-09
   11.000000   1.73272541 -6.8087015054664668e-09
   11.000000   1.79749694 -7.2073737110889794e-09
   11.000000   1.86226837 -7.7383917743801174e-09
   11.000000   1.92703964 -8.3975571037751924e-09
   11.000000   1.99181073 -9.1792142079619801e-09
   11.000000   2.05658157 -1.0076028380609539e-08
   11.000000   2.12135212 -1.1078757820552134e-08
   11.000000   2.18612229 -1.2176041222603894e-08
   11.000000   2.25089198 -1.3354224650378637e-08
   11.000000   2.31566107 -1.4597253143475656e-08
   11.000000   2.38042940 -1.5886652675542544e-08
   11.000000   2.44519674 -1.7201626217578442e-08
   11.000000   2.50996278 -1.8519283383817273e-08
   11.000000   2.57472706 -1.9815016292024456e-08
   11.000000   2.63948889 -2.1063024880211253e-08
   11.000000   2.70424717 -2.2236983450642721e-08
   11.000000   2.76900006 -2.3310827508544771e-08
   11.000000   2.83374417 -2.4259627144913888e-08
   11.000000   2.89847256 -2.5060501890645038e-08
   11.000000   2.96316844 -2.5693523933803924e-08
   11.000000   3.02777863 -2.6142556524589354e-08
   11.000000   3.09200950 -2.6396036554193651e-08
   11.250000   0.04958315 -1.8342488568175705e-08
   11.250000   0.11381403 -1.8149045160678428e-08
   11.250000   0.17842421 -1.7806301053671658e-08
   11.250000   0.24312010 -1.7322975146597578e-08
   11.250000   0.30784849 -1.6711241061437620e-08
   11.250000   0.37259260 -1.5986140819009173e-08
   11.250000   0.43734549 -1.5164957329425496e-08
   11.250000   0.50210377 -1.4266537710400103e-08
   11.250000   0.56686560 -1.3310606899658205e-08
   11.250000   0.63162987 -1.2317111196611302e-08
   11.250000   0.69639591 -1.1305625507933939e-08
   11.250000   0.76116325 -1.0294849714690153e-08
   11.250000   0.82593158 -9.3022101215947695e-09
   11.250000   0.89070068 -8.3435724704575500e-09
   11.250000   0.95547037 -7.4330644292444107e-09
   11.250000   1.02024053 -6.5829984312599929e-09
   11.250000   1.08501108 -5.8038804946976873e-09
   11.250000   1.14978193 -5.1044874139070018e-09
   11.250000   1.21455301 -4.4919931758999598e-09
   11.250000   1.27932429 -3.9721255320317721e-09
   11.250000   1.34409571 -3.5493347921706644e-09
   11.250000   1.40886724 -3.2269589265934562e-09
   11.250000   1.47363885 -3.0073715482389521e-09
   11.250000   1.53841049 -2.8921020085427320e-09
   11.250000   1.60318216 -2.8819196637749335e-09
   11.250000   1.66795381 -2.9768770310805468e-09
   11.250000   1.73272541 -3.1763092544654683e-09
   11.250000   1.79749694 -3.4787898775413235e-09
   11.250000   1.86226837 -3.8820455401224106e-09
   11.250000   1.92703964 -4.3828348812974188e-09
   11.250000   1.99181073 -4.9767996302742656e-09
   11.250000   2.05658157 -5.6582986532606543e-09
   11.250000   2.12135212 -6.4202384145325472e-09
   11.250000   2.18612229 -7.2539158016642258e-09
   11.250000   2.25089198 -8.1488912357737176e-09
   11.250000   2.31566107 -9.0929111970275386e-09
   11.250000   2.38042940 -1.0071899286485027e-08
   11.250000   2.44519674 -1.1070033467615556e-08
   11.250000   2.50996278 -1.2069923839912438e-08
   11.250000   2.57472706 -1.3052900059379886e-08
   11.250000   2.63948889 -1.3999410483283569e-08
   11.250000   2.70424717 -1.4889526520485346e-08
   11.250000   2.76900006 -1.5703536175853245e-08
   11.250000   2.83374417 -1.6422601361637219e-08
   11.250000   2.89847256 -1.7029445107452855e-08
   11.250000   2.96316844 -1.7509029039395774e-08
   11.250000   3.02777863 -1.7849181529002491e-08
   11.250000   3.09200950 -1.8041184153840187e-08
   11.500000   0.04958315 -1.2277450968475630e-08
   11.500000   0.11381403 -1.2130693919586412e-08
   11.500000   0.17842421 -1.1870647484846906e-08
   11.500000   0.24312010 -1.1503891933819026e-08
   11.500000   0.30784849 -1.1039618311224858e-08
   11.500000   0.37259260 -1.0489188449451356e-08
   11.500000   0.43734549 -9.8656642520814132e-09
   11.500000   0.50210377 -9.1832995565058224e-09
   11.500000   0.56686560 -8.4570240153814089e-09
   11.500000   0.63162987 -7.7019486201535329e-09
   11.500000   0.69639591 -6.9329182477166411e-09
   11.500000   0.76116325 -6.1641304132976207e-09
   11.500000   0.82593158 -5.4088324036670085e-09
   11.500000   0.89070068 -4.6791018989427121e-09
   11.500000   0.95547037 -3.9857097818073133e-09
   11.500000   1.02024053 -3.3380584973220473e-09
   11.500000   1.08501108 -2.7441853860812382e-09
   11.500000   1.14978193 -2.2108178699301829e-09
   11.500000   1.21455301 -1.7434661975858908e-09
   11.500000   1.27932429 -1.3465394038188003e-09
   11.500000   1.34409571 -1.0234709728620424e-09
   11.500000   1.40886724 -7.7684215967813025e-10
   11.500000   1.47363885 -6.0849275758652213e-10
   11.500000   1.53841049 -5.1961114621990959e-10
   11.500000   1.60318216 -5.1079751787813061e-10
   11.500000   1.66795381 -5.8209627474998170e-10
   11.500000   1.73272541 -7.3299560461424682e-10
   11.500000   1.79749694 -9.6239423261880238e-10
   11.500000   1.86226837 -1.2685373692551138e-09
   11.500000   1.92703964 -1.6489258667833785e-09
   11.500000   1.99181073 -2.1002047122667672e-09
   11.500000   2.05658157 -2.6180390206855714e-09
   11.500000   2.12135212 -3.1969877815456182e-09
   11.500000   2.18612229 -3.8303873973209883e-09
   11.500000   2.25089198 -4.5102585576267658e-09
   11.500000   2.31566107 -5.2272507973706277e-09
   11.500000   2.38042940 -5.9706390533502453e-09
   11.500000   2.44519674 -6.7283853264459902e-09
   11.500000   2.50996278 -7.4872760538706451e-09
   11.500000   2.57472706 -8.2331417837483615e-09
   11.500000   2.63948889 -8.9511604716996020e-09
   11.500000   2.70424717 -9.6262392386920810e-09
   11.500000   2.76900006 -1.0243462419003799e-08
   11.500000   2.83374417 -1.0788586649030608e-08
   11.500000   2.89847256 -1.1248557604508326e-08
   11.500000   2.96316844 -1.1612018717944162e-08
   11.500000   3.02777863 -1.1869782376688492e-08
   11.500000   3.09200950 -1.2015269935146655e-08
   11.750000   0.04958315 -7.9310126137547537e-09
   11.750000   0.11381403 -7.8196190102037965e-09
   11.750000   0.17842421 -7.6222194770634686e-09
   11.750000   0.24312010 -7.3437839513179006e-09
   11.750000   0.30784849 -6.9912566590939619e-09
   11.750000   0.37259260 -6.5732255818895459e-09
   11.750000   0.43734549 -6.0995689522932697e-09
   11.750000   0.50210377 -5.5810732982129382e-09
   11.750000   0.56686560 -5.0290449899659685e-09
   11.750000   0.63162987 -4.4549374840146519e-09
   11.750000   0.69639591 -3.8700133404156181e-09
   11.750000   0.76116325 -3.2850554910636970e-09
   11.750000   0.82593158 -2.7101370674528258e-09
   11.750000   0.89070068 -2.1544537604591480e-09
   11.750000   0.95547037 -1.6262179361116247e-09
   11.750000   1.02024053 -1.1326096779514255e-09
   11.750000   1.08501108 -6.7977692761967547e-10
   11.750000   1.14978193 -2.7287498038295703e-10
   11.750000   1.21455301  8.3865398239079712e-11
   11.750000   1.27932429  3.8705198754393956e-10
   11.750000   1.34409571  6.3403747145151629e-10
   11.750000   1.40886724  8.2282725497092937e-10
   11.750000   1.47363885  9.5199648075359965e-10
   11.750000   1.53841049  1.0206224756483060e-09
   11.750000   1.60318216  1.0282372841087091e-09
   11.750000   1.66795381  9.7480333048648594e-10
   11.750000   1.73272541  8.6071376329915220e-10
   11.750000   1.79749694  6.8681745665269326e-10
   11.750000   1.86226837  4.5446715130504472e-10
   11.750000   1.92703964  1.6558763612931857e-10
   11.750000   1.99181073 -1.7724067926150567e-10
   11.750000   2.05658157 -5.7068902514582514e-10
   11.750000   2.12135212 -1.0105861553377420e-09
   11.750000   2.18612229 -1.4918319573266474e-09
   11.750000   2.25089198 -2.0083290100944687e-09
   11.750000   2.31566107 -2.5529428809252413e-09
   11.750000   2.38042940 -3.1175018612532411e-09
   11.750000   2.44519674 -3.6928459302031828e-09
   11.750000   2.50996278 -4.2689327435366126e-09
   11.750000   2.57472706 -4.8350054768392506e-09
   11.750000   2.63948889 -5.3798233058845769e-09
   11.750000   2.70424717 -5.8919505088593929e-09
   11.750000   2.76900006 -6.3600948726932791e-09
   11.750000   2.83374417 -6.7734809058260687e-09
   11.750000   2.89847256 -7.1222387420374618e-09
   11.750000   2.96316844 -7.3977865271025439e-09
   11.750000   3.02777863 -7.5931842712244244e-09
   11.750000   3.09200950 -7.7034643499550853e-09
   12.000000   0.04958315 -4.8460518611110085e-09
   12.000000   0.11381403 -4.7614572737617480e-09
   12.000000   0.17842421 -4.6115368563383912e-09
   12.000000   0.24312010 -4.4000469710997096e-09
   12.000000   0.30784849 -4.1322379052128582e-09
   12.000000   0.37259260 -3.8146053022003795e-09
   12.000000   0.43734549 -3.4546244134551829e-09
   12.000000   0.50210377 -3.0604627139471544e-09
   12.000000   0.56686560 -2.6406872817215785e-09
   12.000000   0.63162987 -2.2039835885325714e-09
   12.000000   0.69639591 -1.7589000422199296e-09
   12.000000   0.76116325 -1.3136292394122655e-09
   12.000000   0.82593158 -8.7583299088128251e-10
   12.000000   0.89070068 -4.5251425816366698e-10
   12.000000   0.95547037 -4.9935521236349234e-11
   12.000000   1.02024053  3.2641994014761776e-10
   12.000000   1.08501108  6.7184962396469454e-10
   12.000000   1.14978193  9.8240354744176005e-10
   12.000000   1.21455301  1.2548341400011175e-09
   12.000000   1.27932429  1.4865324345919702e-09
   12.000000   1.34409571  1.6754582197057080e-09
   12.000000   1.40886724  1.8200710741145007e-09
   12.000000   1.47363885  1.9192681584375785e-09
   12.000000   1.53841049  1.9723335133246354e-09
   12.000000   1.60318216  1.9789023844195852e-09
   12.000000   1.66795381  1.9389429466900203e-09
   12.000000   1.73272541  1.8527565781717919e-09
   12.000000   1.79749694  1.7209966749991953e-09
   12.000000   1.86226837  1.5447048523881566e-09
   12.000000   1.92703964  1.3253621578543352e-09
   12.000000   1.99181073  1.0649517572088074e-09
   12.000000   2.05658157  7.6602833853933949e-10
   12.000000   2.12135212  4.3178835032735606e-10
   12.000000   2.18612229  6.6134148802191782e-11
   12.000000   2.25089198 -3.2627563905366562e-10
   12.000000   2.31566107 -7.3999766370685104e-10
   12.000000   2.38042940 -1.1688053228022454e-09
   12.000000   2.44519674 -1.6057274587769897e-09
   12.000000   2.50996278 -2.0431300510334263e-09
   12.000000   2.57472706 -2.4728444198668336e-09
   12.000000   2.63948889 -2.8863424101469937e-09
   12.000000   2.70424717 -3.2749554022879032e-09
   12.000000   2.76900006 -3.6301300858940735e-09
   12.000000   2.83374417 -3.9437099900867067e-09
   12.000000   2.89847256 -4.2082284431837112e-09
   12.000000   2.96316844 -4.4171962660786595e-09
   12.000000   3.02777863 -4.5653677790253645e-09
   12.000000   3.09200950 -4.6489892931067597e-09
   12.250000   0.04958315 -2.6834162343110463e-09
   12.250000   0.11381403 -2.6191399069534507e-09
   12.250000   0.17842421 -2.5052198200366898e-09
   12.250000   0.24312010 -2.3444970413363640e-09
   12.250000   0.30784849 -2.1409437752276519e-09
   12.250000   0.37259260 -1.8994762510716201e-09
   12.250000   0.43734549 -1.6257547596759708e-09
   12.250000   0.50210377 -1.3259672274192225e-09
   12.250000   0.56686560 -1.0066086029044777e-09
   12.250000   0.63162987 -6.7426856053904681e-10
   12.250000   0.69639591 -3.3543830340967804e-10
   12.250000   0.76116325  3.6552453628841841e-12
   12.250000   0.82593158  3.3718247658162323e-10
   12.250000   0.89070068  6.5980891796694357e-10
   12.250000   0.95547037  9.6675811296155675e-10
   12.250000   1.02024053  1.2538421280084248e-09
   12.250000   1.08501108  1.5174639576720370e-09
   12.250000   1.14978193  1.7545973011820054e-09
   12.250000   1.21455301  1.9627496611307454e-09
   12.250000   1.27932429  2.1399149503352032e-09
   12.250000   1.34409571  2.2845213393184632e-09
   12.250000   1.40886724  2.3953796283978982e-09
   12.250000   1.47363885  2.4716365800522117e-09
   12.250000   1.53841049  2.5127368332883418e-09
   12.250000   1.60318216  2.5183960898916741e-09
   12.250000   1.66795381  2.4885873714782504e-09
   12.250000   1.73272541  2.4235412462663214e-09
   12.250000   1.79749694  2.3237599941991373e-09
   12.250000   1.86226837  2.1900448466444776e-09
   12.250000   1.92703964  2.0235344872064277e-09
   12.250000   1.99181073  1.8257520952941814e-09
   12.250000   2.05658157  1.5986573421675020e-09
   12.250000   2.12135212  1.3446988463056385e-09
   12.250000   2.18612229  1.0668618593721817e-09
   12.250000   2.25089198  7.6870536533006932e-10
   12.250000   2.31566107  4.5438248762597356e-10
   12.250000   2.38042940  1.2863816753946793e-10
   12.250000   2.44519674 -2.0322129399428054e-10
   12.250000   2.50996278 -5.3539115342568807e-10
   12.250000   2.57472706 -8.6166613779026832e-10
   12.250000   2.63948889 -1.1755736140676136e-09
   12.250000   2.70424717 -1.4705395968517612e-09
   12.250000   2.76900006 -1.7400821552480920e-09
   12.250000   2.83374417 -1.9780239595283354e-09
   12.250000   2.89847256 -2.1787131307437908e-09
   12.250000   2.96316844 -2.3372398888277666e-09
   12.250000   3.02777863 -2.4496367141507165e-09
   12.250000   3.09200950 -2.5130653535965785e-09
   12.500000   0.04958315 -1.1919536277789283e-09
   12.500000   0.11381403 -1.1430894143486836e-09
   12.500000   0.17842421 -1.0564789918485893e-09
   12.500000   0.24312010 -9.3427257928552526e-10
   12.500000   0.30784849 -7.7947736361209436e-10
   12.500000   0.37259260 -5.9581652211766470e-10
   12.500000   0.43734549 -3.8757861823941547e-10
   12.500000   0.50210377 -1.5945447811275905e-10
   12.500000   0.56686560  8.3629262634965720e-11
   12.500000   0.63162987  3.3667054593390964e-10
   12.500000   0.69639591  5.9473808849150683e-10
   12.500000   0.76116325  8.5309711569036065e-10
   12.500000   0.82593158  1.1073105418870505e-09
   12.500000   0.89070068  1.3533136802427118e-09
   12.500000   0.95547037  1.5874626536301289e-09
   12.500000   1.02024053  1.8065583477592505e-09
   12.500000   1.08501108  2.0078491250803548e-09
   12.500000   1.14978193  2.1890163217113284e-09
   12.500000   1.21455301  2.3481470762577975e-09
   12.500000   1.27932429  2.4836990693715481e-09
   12.500000   1.34409571  2.5944615718586938e-09
   12.500000   1.40886724  2.6795167576139160e-09
   12.500000   1.47363885  2.7382046704882357e-09
   12.500000   1.53841049  2.7700945989471051e-09
   12.500000   1.60318216  2.7749649147946778e-09
   12.500000   1.66795381  2.7527927336903674e-09
   12.500000   1.73272541  2.7037540933215811e-09
   12.500000   1.79749694  2.6282346394708928e-09
   12.500000   1.86226837  2.5268501261532145e-09
   12.500000   1.92703964  2.4004753833607931e-09
   12.500000   1.99181073  2.2502796490107090e-09
   12.500000   2.05658157  2.0777655500133112e-09
   12.500000   2.12135212  1.8848083146900507e-09
   12.500000   2.18612229  1.6736912576824044e-09
   12.500000   2.25089198  1.4471331412633228e-09
   12.500000   2.31566107  1.2083028043717801e-09
   12.500000   2.38042940  9.6081655716146953e-10
   12.500000   2.44519674  7.0871425560076386e-10
   12.500000   2.50996278  4.5641089784340640e-10
   12.500000   2.57472706  2.0862184325507736e-10
   12.500000   2.63948889 -2.9738450709749564e-11
   12.500000   2.70424717 -2.5368230114956563e-10
   12.500000   2.76900006 -4.5829514764500265e-10
   12.500000   2.83374417 -6.3889611808951256e-10
   12.500000   2.89847256 -7.9120465080595025e-10
   12.500000   2.96316844 -9.1150378379976973e-10
   12.500000   3.02777863 -9.9679089721306981e-10
   12.500000   3.09200950 -1.0449185734358936e-09
   12.750000   0.04958315 -1.8608627164976857e-10
   12.750000   0.11381403 -1.4891843088720469e-10
   12.750000   0.17842421 -8.3035068368592264e-11
   12.750000   0.24312010  9.9354078674677058e-12
   12.750000   0.30784849  1.2771495493936693e-10
   12.750000   0.37259260  2.6748220311416675e-10
   12.750000   0.43734549  4.2598597751966892e-10
   12.750000   0.50210377  5.9966835425133844e-10
   12.750000   0.56686560  7.8479033593902399e-10
   12.750000   0.63162987  9.7755310856442143e-10
   12.750000   0.69639591  1.1742087348097576e-09
   12.750000   0.76116325  1.3711555477514070e-09
   12.750000   0.82593158  1.5650151159801738e-09
   12.750000   0.89070068  1.7526893111182664e-09
   12.750000   0.95547037  1.9313975580005114e-09
   12.750000   1.02024053  2.0986955965588017e-09
   12.750000   1.08501108  2.2524781736064094e-09
   12.750000   1.14978193  2.3909686600998509e-09
   12.750000   1.21455301  2.5126990103227937e-09
   12.750000   1.27932429  2.6164835166389307e-09
   12.750000   1.34409571  2.7013896860106307e-09
   12.750000   1.40886724  2.7667092282703525e-09
   12.750000   1.47363885  2.8119317484210755e-09
   12.750000   1.53841049  2.8367232157164092e-09
   12.750000   1.60318216  2.8409107875633706e-09
   12.750000   1.66795381  2.8244750402934944e-09
   12.750000   1.73272541  2.7875501009617037e-09
   12.750000   1.79749694  2.7304317153426326e-09
   12.750000   1.86226837  2.6535926938107598e-09
   12.750000   1.92703964  2.5577047087030197e-09
   12.750000   1.99181073  2.4436648641294663e-09
   12.750000   2.05658157  2.3126249308623768e-09
   12.750000   2.12135212  2.1660206933461734e-09
   12.750000   2.18612229  2.0055983714185802e-09
   12.750000   2.25089198  1.8334348290216060e-09
   12.750000   2.31566107  1.6519480617913042e-09
   12.750000   2.38042940  1.4638946051902649e-09
   12.750000   2.44519674  1.2723508006014847e-09
   12.750000   2.50996278  1.0806755640034015e-09
   12.750000   2.57472706  8.9245328679699405e-10
   12.750000   2.63948889  7.1141680309895299e-10
   12.750000   2.70424717  5.4135191220154195e-10
   12.750000   2.76900006  3.8598657091537595e-10
   12.750000   2.83374417  2.4886952263058693e-10
   12.750000   2.89847256  1.3324448433516017e-10
   12.750000   2.96316844  4.1926984292107797e-11
   12.750000   3.02777863 -2.2809261232041048e-11
   12.750000   3.09200950 -5.9338543170200842e-11
   13.000000   0.04958315  4.7095761953454086e-10
   13.000000   0.11381403  4.9924452887590378e-10
   13.000000   0.17842421  5.4938893405466854e-10
   13.000000   0.24312010  6.2015683409208255e-10
   13.000000   0.30784849  7.0982148071189522e-10
   13.000000   0.37259260  8.1624360235361843e-10
   13.000000   0.43734549  9.3695705129246612e-10
   13.000000   0.50210377  1.0692616994717687e-09
   13.000000   0.56686560  1.2103184021299879e-09
   13.000000   0.63162987  1.3572407229596140e-09
   13.000000   0.69639591  1.5071787986028158e-09
   13.000000   0.76116325  1.6573917416214160e-09
   13.000000   0.82593158  1.8053062095989470e-09
   13.000000   0.89070068  1.9485600028782975e-09
   13.000000   0.95547037  2.0850306973827087e-09
   13.000000   1.02024053  2.2128503302149068e-09
   13.000000   1.08501108  2.3304078916407958e-09
   13.000000   1.14978193  2.4363418956705591e-09
   13.000000   1.21455301  2.5295255841638231e-09
   13.000000   1.27932429  2.6090473801002954e-09
   13.000000   1.34409571  2.6741890890812527e-09
   13.000000   1.40886724  2.7244041381736593e-09
   13.000000   1.47363885  2.7592977981507202e-09
   13.000000   1.53841049  2.7786109802115242e-09
   13.000000   1.60318216  2.7822088191434712e-09
   13.000000   1.66795381  2.7700748085510391e-09
   13.000000   1.73272541  2.7423109273860501e-09
   13.000000   1.79749694  2.6991437136607366e-09
   13.000000   1.86226837  2.6409359210239311e-09
   13.000000   1.92703964  2.5682029324276460e-09
   13.000000   1.99181073  2.4816327454476730e-09
   13.000000   2.05658157  2.3821079258743517e-09
   13.000000   2.12135212  2.2707275822416823e-09
   13.000000   2.18612229  2.1488270670780336e-09
   13.000000   2.25089198  2.0179929048504788e-09
   13.000000   2.31566107  1.8800703180073937e-09
   13.000000   2.38042940  1.7371608181797051e-09
   13.000000   2.44519674  1.5916075619635646e-09
   13.000000   2.50996278  1.4459667336448525e-09
   13.000000   2.57472706  1.3029639334339158e-09
   13.000000   2.63948889  1.1654355731533086e-09
   13.000000   2.70424717  1.0362564120895687e-09
   13.000000   2.76900006  9.1825562176817995e-10
   13.000000   2.83374417  8.1412496783573062e-10
   13.000000   2.89847256  7.2632376071477000e-10
   13.000000   2.96316844  6.5698587630750170e-10
   13.000000   3.02777863  6.0783404504894850e-10
   13.000000   3.09200950  5.8009973294453657e-10
   13.250000   0.04958315  8.7967190445375942e-10
   13.250000   0.11381403  9.0121215003806044e-10
   13.250000   0.17842421  9.3939916770099491e-10
   13.250000   0.24312010  9.9329726842927016e-10
   13.250000   0.30784849  1.0615967975171249e-09
   13.250000   0.37259260  1.1426747271201822e-09
   13.250000   0.43734549  1.2346593265650420e-09
   13.250000   0.50210377  1.3355003349954701e-09
   13.250000   0.56686560  1.4430407696210089e-09
   13.250000   0.63162987  1.5550863604695761e-09
   13.250000   0.69639591  1.6694691222129816e-09
   13.250000   0.76116325  1.7841023290495963e-09
   13.250000   0.82593158  1.8970251041722892e-09
   13.250000   0.89070068  2.0064357246391679e-09
   13.250000   0.95547037  2.1107136310128354e-09
   13.250000   1.02024053  2.2084308959650186e-09
   13.250000   1.08501108  2.2983544448058246e-09
   13.250000   1.14978193  2.3794407400407376e-09
   13.250000   1.21455301  2.4508248541983903e-09
   13.250000   1.27932429  2.5118058914464907e-09
   13.250000   1.34409571  2.5618306714406677e-09
   13.250000   1.40886724  2.6004773841244971e-09
   13.250000   1.47363885  2.6274407180613981e-09
   13.250000   1.53841049  2.6425196632171993e-09
   13.250000   1.60318216  2.6456089030098261e-09
   13.250000   1.66795381  2.6366944083890508e-09
   13.250000   1.73272541  2.6158535303593149e-09
   13.250000   1.79749694  2.5832595968626354e-09
   13.250000   1.86226837  2.5391906966404858e-09
   13.250000   1.92703964  2.4840420629820367e-09
   13.250000   1.99181073  2.4183411065790373e-09
   13.250000   2.05658157  2.3427639218896341e-09
   13.250000   2.12135212  2.2581517503712732e-09
   13.250000   2.18612229  2.1655256799203792e-09
   13.250000   2.25089198  2.0660976924346469e-09
   13.250000   2.31566107  1.9612760582866078e-09
   13.250000   2.38042940  1.8526631875493685e-09
   13.250000   2.44519674  1.7420442046587540e-09
   13.250000   2.50996278  1.6313649588969609e-09
   13.250000   2.57472706  1.5226987168039662e-09
   13.250000   2.63948889  1.4182015572089572e-09
   13.250000   2.70424717  1.3200573524501895e-09
   13.250000   2.76900006  1.2304141478439039e-09
   13.250000   2.83374417  1.1513146714195885e-09
   13.250000   2.89847256  1.0846244597574296e-09
   13.250000   2.96316844  1.0319616232912967e-09
   13.250000   3.02777863  9.9463214137596855e-10
   13.250000   3.09200950  9.7356936254289674e-10
   13.500000   0.04958315  1.1136249327913164e-09
   13.500000   0.11381403  1.1300371825391651e-09
   13.500000   0.17842421  1.1591350453350143e-09
   13.500000   0.24312010  1.2002086047406638e-09
   13.500000   0.30784849  1.2522639679020850e-09
   13.500000   0.37259260  1.3140690684498981e-09
   13.500000   0.43734549  1.3842025246894766e-09
   13.500000   0.50210377  1.4611066956183760e-09
   13.500000   0.56686560  1.5431420093937899e-09
   13.500000   0.63162987  1.6286395626786389e-09
   13.500000   0.69639591  1.7159493264130363e-09
   13.500000   0.76116325  1.8034819218963897e-09
   13.500000   0.82593158  1.8897425651119182e-09
   13.500000   0.89070068  1.9733565186180046e-09
   13.500000   0.95547037  2.0530860046119732e-09
   13.500000   1.02024053  2.1278391511422985e-09
   13.500000   1.08501108  2.1966719106080312e-09
   13.500000   1.14978193  2.2587842687505054e-09
   13.500000   1.21455301  2.3135121609904767e-09
   13.500000   1.27932429  2.3603165976264236e-09
   13.500000   1.34409571  2.3987714338317541e-09
   13.500000   1.40886724  2.4285510942843650e-09
   13.500000   1.47363885  2.4494193780479238e-09
   13.500000   1.53841049  2.4612202713237062e-09
   13.500000   1.60318216  2.4638714618350692e-09
   13.500000   1.66795381  2.4573610154264062e-09
   13.500000   1.73272541  2.4417474552592968e-09
   13.500000   1.79749694  2.4171632343037066e-09
   13.500000   1.86226837  2.3838213707837617e-09
   13.500000   1.92703964  2.3420247829491222e-09
   13.500000   1.99181073  2.2921776204898390e-09
   13.500000   2.05658157  2.2347976709887645e-09
   13.500000   2.12135212  2.1705287104348929e-09
   13.500000   2.18612229  2.1001514848370937e-09
   13.500000   2.25089198  2.0245918809386834e-09
   13.500000   2.31566107  1.9449248061175733e-09
   13.500000   2.38042940  1.8623723159374433e-09
   13.500000   2.44519674  1.7782947148446436e-09
   13.500000   2.50996278  1.6941736699527597e-09
   13.500000   2.57472706  1.6115867579747594e-09
   13.500000   2.63948889  1.5321735190707443e-09
   13.500000   2.70424717  1.4575936550422400e-09
   13.500000   2.76900006  1.3894787876579816e-09
   13.500000   2.83374417  1.3293798237206588e-09
   13.500000   2.89847256  1.2787125867545583e-09
   13.500000   2.96316844  1.2387047108109662e-09
   13.500000   3.02777863  1.2103467616594582e-09
   13.500000   3.09200950  1.1943465241299545e-09
   13.750000   0.04958315  1.2264353522367472e-09
   13.750000   0.11381403  1.2389478382941144e-09
   13.750000   0.17842421  1.2611330883106433e-09
   13.750000   0.24312010  1.2924521709085102e-09
   13.750000   0.30784849  1.3321503890473823e-09
   13.750000   0.37259260  1.3792919345199308e-09
   13.750000   0.43734549  1.4327968277673467e-09
   13.750000   0.50210377  1.4914810518094016e-09
   13.750000   0.56686560  1.5540976969994755e-09
   13.750000   0.63162987  1.6193768126944632e-09
   13.750000   0.69639591  1.6860619998658200e-09
   13.750000   0.76116325  1.7529421534051421e-09
   13.750000   0.82593158  1.8188773268714229e-09
   13.750000   0.89070068  1.8828181742257823e-09
   13.750000   0.95547037  1.9438189567071548e-09
   13.750000   1.02024053  2.0010444988279299e-09
   13.750000   1.08501108  2.0537718279216203e-09
   13.750000   1.14978193  2.1013874648067318e-09
   13.750000   1.21455301  2.1433814417132584e-09
   13.750000   1.27932429  2.1793391840546149e-09
   13.750000   1.34409571  2.2089323434142738e-09
   13.750000   1.40886724  2.2319095629066598e-09
   13.750000   1.47363885  2.2480880502426882e-09
   13.750000   1.53841049  2.2573466538866202e-09
   13.750000   1.60318216  2.2596209711514897e-09
   13.750000   1.66795381  2.2549008450147375e-09
   13.750000   1.73272541  2.2432304281212383e-09
   13.750000   1.79749694  2.2247108097176472e-09
   13.750000   1.86226837  2.1995050302771485e-09
   13.750000   1.92703964  2.1678451236208656e-09
   13.750000   1.99181073  2.1300406632121192e-09
   13.750000   2.05658157  2.0864880962059840e-09
   13.750000   2.12135212  2.0376800141081050e-09
   13.750000   2.18612229  1.9842133628603209e-09
   13.750000   2.25089198  1.9267954973187418e-09
   13.750000   2.31566107  1.8662469636439042e-09
   13.750000   2.38042940  1.8034999040590439e-09
   13.750000   2.44519674  1.7395911422142702e-09
   13.750000   2.50996278  1.6756492053490621e-09
   13.750000   2.57472706  1.6128748834592522e-09
   13.750000   2.63948889  1.5525153761922070e-09
   13.750000   2.70424717  1.4958325259263608e-09
   13.750000   2.76900006  1.4440662154840214e-09
   13.750000   2.83374417  1.3983944823523551e-09
   13.750000   2.89847256  1.3598923513774429e-09
   13.750000   2.96316844  1.3294916716157949e-09
   13.750000   3.02777863  1.3079441538178817e-09
   13.750000   3.09200950  1.2957868097839121e-09
   14.000000   0.04958315  1.2569704586161083e-09
   14.000000   0.11381403  1.2665156172507827e-09
   14.000000   0.17842421  1.2834407353223171e-09
   14.000000   0.24312010  1.3073364495592877e-09
   14.000000   0.30784849  1.3376293728816528e-09
   14.000000   0.37259260  1.3736083217636733e-09
   14.000000   0.43734549  1.4144522758405821e-09
   14.000000   0.50210377  1.4592607499396710e-09
   14.000000   0.56686560  1.5070849741810143e-09
   14.000000   0.63162987  1.5569581123467422e-09
   14.000000   0.69639591  1.6079230410655539e-09
   14.000000   0.76116325  1.6590564909563574e-09
   14.000000   0.82593158  1.7094887553577411e-09
   14.000000   0.89070068  1.7584185487958407e-09
   14.000000   0.95547037  1.8051230009626604e-09
   14.000000   1.02024053  1.8489630669191929e-09
   14.000000   1.08501108  1.8893849019653003e-09
   14.000000   1.14978193  1.9259179294895642e-09
   14.000000   1.21455301  1.9581704160297931e-09
   14.000000   1.27932429  1.9858233989545297e-09
   14.000000   1.34409571  2.0086238108056978e-09
   14.000000   1.40886724  2.0263775336071648e-09
   14.000000   1.47363885  2.0389430498514000e-09
   14.000000   1.53841049  2.0462262198396696e-09
   14.000000   1.60318216  2.0481765927898583e-09
   14.000000   1.66795381  2.0447855185569423e-09
   14.000000   1.73272541  2.0360862035080028e-09
   14.000000   1.79749694  2.0221556937883954e-09
   14.000000   1.86226837  2.0031186706760825e-09
   14.000000   1.92703964  1.9791527681894206e-09
   14.000000   1.99181073  1.9504950206409645e-09
   14.000000   2.05658157  1.9174488917678629e-09
   14.000000   2.12135212  1.8803912386453980e-09
   14.000000   2.18612229  1.8397784554777293e-09
   14.000000   2.25089198  1.7961509635749379e-09
   14.000000   2.31566107  1.7501352015815305e-09
   14.000000   2.38042940  1.7024423011817612e-09
   14.000000   2.44519674  1.6538627003892755e-09
   14.000000   2.50996278  1.6052561882647545e-09
   14.000000   2.57472706  1.5575370451151908e-09
   14.000000   2.63948889  1.5116543505670501e-09
   14.000000   2.70424717  1.4685678280212711e-09
   14.000000   2.76900006  1.4292200635014243e-09
   14.000000   2.83374417  1.3945062600051056e-09
   14.000000   2.89847256  1.3652430529314229e-09
   14.000000   2.96316844  1.3421381054023400e-09
   14.000000   3.02777863  1.3257621487953391e-09
   14.000000   3.09200950  1.3165228303511168e-09
   14.250000   0.04958315  1.2332160322071461e-09
   14.250000   0.11381403  1.2405021029618755e-09
   14.250000   0.17842421  1.2534223274712992e-09
   14.250000   0.24312010  1.2716655856455718e-09
   14.250000   0.30784849  1.2947960000204639e-09
   14.250000   0.37259260  1.3222728047510445e-09
   14.250000   0.43734549  1.3534715067385286e-09
   14.250000   0.50210377  1.3877069066871351e-09
   14.250000   0.56686560  1.4242567224046346e-09
   14.250000   0.63162987  1.4623845261413697e-09
   14.250000   0.69639591  1.5013608434952545e-09
   14.250000   0.76116325  1.5404815165948645e-09
   14.250000   0.82593158  1.5790827312741609e-09
   14.250000   0.89070068  1.6165523748956176e-09
   14.250000   0.95547037  1.6523377152833149e-09
   14.250000   1.02024053  1.6859496018334957e-09
   14.250000   1.08501108  1.7169636085451446e-09
   14.250000   1.14978193  1.7450186593383046e-09
   14.250000   1.21455301  1.7698137432787277e-09
   14.250000   1.27932429  1.7911033827405461e-09
   14.250000   1.34409571  1.8086924665715387e-09
   14.250000   1.40886724  1.8224310238768893e-09
   14.250000   1.47363885  1.8322094345934807e-09
   14.250000   1.53841049  1.8379544950862744e-09
   14.250000   1.60318216  1.8396266300676932e-09
   14.250000   1.66795381  1.8372184709725977e-09
   14.250000   1.73272541  1.8307548957032081e-09
   14.250000   1.79749694  1.8202945409422647e-09
   14.250000   1.86226837  1.8059326675243234e-09
   14.250000   1.92703964  1.7878051819897407e-09
   14.250000   1.99181073  1.7660934990170432e-09
   14.250000   2.05658157  1.7410298463060398e-09
   14.250000   2.12135212  1.7129024933288908e-09
   14.250000   2.18612229  1.6820603573731751e-09
   14.250000   2.25089198  1.6489163320148626e-09
   14.250000   2.31566107  1.6139487185576169e-09
   14.250000   2.38042940  1.5777001188940020e-09
   14.250000   2.44519674  1.5407732705184494e-09
   14.250000   2.50996278  1.5038233854835398e-09
   14.250000   2.57472706  1.4675468071523664e-09
   14.250000   2.63948889  1.4326659966648685e-09
   14.250000   2.70424717  1.3999111656121493e-09
   14.250000   2.76900006  1.3699991716621719e-09
   14.250000   2.83374417  1.3436105737192364e-09
   14.250000   2.89847256  1.3213659957807669e-09
   14.250000   2.96316844  1.3038030970445628e-09
   14.250000   3.02777863  1.2913554040894488e-09
   14.250000   3.09200950  1.2843325117183532e-09
   14.500000   0.04958315  1.1751538508338169e-09
   14.500000   0.11381403  1.1807190623050006e-09
   14.500000   0.17842421  1.1905883752848060e-09
   14.500000   0.24312010  1.2045252061273016e-09
   14.500000   0.30784849  1.2221980291791776e-09
   14.500000   0.37259260  1.2431954384458155e-09
   14.500000   0.43734549  1.2670421802152032e-09
   14.500000   0.50210377  1.2932165988294678e-09
   14.500000   0.56686560  1.3211685634785440e-09
   14.500000   0.63162987  1.3503368699694851e-09
   14.500000   0.69639591  1.3801652881089290e-09
   14.500000   0.76116325  1.4101165324393791e-09
   14.500000   0.82593158  1.4396837186255411e-09
   14.500000   0.89070068  1.4683990520109374e-09
   14.500000   0.95547037  1.4958397261103539e-09
   14.500000   1.02024053  1.5216311814798732e-09
   14.500000   1.08501108  1.5454480530333450e-09
   14.500000   1.14978193  1.5670131833939051e-09
   14.500000   1.21455301  1.5860951935906047e-09
   14.500000   1.27932429  1.6025050919602643e-09
   14.500000   1.34409571  1.6160923899718083e-09
   14.500000   1.40886724  1.6267411702956899e-09
   14.500000   1.47363885  1.6343664718194874e-09
   14.500000   1.53841049  1.6389113218364807e-09
   14.500000   1.60318216  1.6403446260926386e-09
   14.500000   1.66795381  1.6386601056621283e-09
   14.500000   1.73272541  1.6338763217234423e-09
   14.500000   1.79749694  1.6260378258248676e-09
   14.500000   1.86226837  1.6152173289593578e-09
   14.500000   1.92703964  1.6015187427355560e-09
   14.500000   1.99181073  1.5850808561591624e-09
   14.500000   2.05658157  1.5660813270965094e-09
   14.500000   2.12135212  1.5447406301727971e-09
   14.500000   2.18612229  1.5213254934682522e-09
   14.500000   2.25089198  1.4961513833594569e-09
   14.500000   2.31566107  1.4695835248373075e-09
   14.500000   2.38042940  1.4420359942428915e-09
   14.500000   2.44519674  1.4139684873989487e-09
   14.500000   2.50996278  1.3858804439308167e-09
   14.500000   2.57472706  1.3583023711470861e-09
   14.500000   2.63948889  1.3317843992291246e-09
   14.500000   2.70424717  1.3068823104785867e-09
   14.500000   2.76900006  1.2841414961476616e-09
   14.500000   2.83374417  1.2640795466004226e-09
   14.500000   2.89847256  1.2471683209162503e-09
   14.500000   2.96316844  1.2338164922391182e-09
   14.500000   3.02777863  1.2243535139298910e-09
   14.500000   3.09200950  1.2190146253538368e-09
   14.750000   0.04958315  1.0968984617118968e-09
   14.750000   0.11381403  1.1011520595268543e-09
   14.750000   0.17842421  1.1086958704919873e-09
   14.750000   0.24312010  1.1193498928561965e-09
   14.750000   0.30784849  1.1328618384672799e-09
   14.750000   0.37259260  1.1489185489117365e-09
   14.750000   0.43734549  1.1671581580740183e-09
   14.750000   0.50210377  1.1871833191819967e-09
   14.750000   0.56686560  1.2085748116219767e-09
   14.750000   0.63162987  1.2309047605284585e-09
   14.750000   0.69639591  1.2537488352698048e-09
   14.750000   0.76116325  1.2766968896304531e-09
   14.750000   0.82593158  1.2993617016639192e-09
   14.750000   0.89070068  1.3213856162694701e-09
   14.750000   0.95547037  1.3424450789614882e-09
   14.750000   1.02024053  1.3622531660188481e-09
   14.750000   1.08501108  1.3805603503835952e-09
   14.750000   1.14978193  1.3971538096441455e-09
   14.750000   1.21455301  1.4118556186401455e-09
   14.750000   1.27932429  1.4245202127466386e-09
   14.750000   1.34409571  1.4350314701799466e-09
   14.750000   1.40886724  1.4432997450723872e-09
   14.750000   1.47363885  1.4492591428095594e-09
   14.750000   1.53841049  1.4528652786426605e-09
   14.750000   1.60318216  1.4540936844653748e-09
   14.750000   1.66795381  1.4529390041072965e-09
   14.750000   1.73272541  1.4494150173723711e-09
   14.750000   1.79749694  1.4435555133428114e-09
   14.750000   1.86226837  1.4354159302352947e-09
   14.750000   1.92703964  1.4250756637576992e-09
   14.750000   1.99181073  1.4126408367210629e-09
   14.750000   2.05658157  1.3982473221801770e-09
   14.750000   2.12135212  1.3820637068461970e-09
   14.750000   2.18612229  1.3642938757882664e-09
   14.750000   2.25089198  1.3451788582627207e-09
   14.750000   2.31566107  1.3249975509759490e-09
   14.750000   2.38042940  1.3040659937333001e-09
   14.750000   2.44519674  1.2827348536024064e-09
   14.750000   2.50996278  1.2613849169932140e-09
   14.750000   2.57472706  1.2404204572206092e-09
   14.750000   2.63948889  1.2202605113440861e-09
   14.750000   2.70424717  1.2013282384341827e-09
   14.750000   2.76900006  1.1840387302033842e-09
   14.750000   2.83374417  1.1687857802858170e-09
   14.750000   2.89847256  1.1559282883739709e-09
   14.750000   2.96316844  1.1457770150215243e-09
   14.750000   3.02777863  1.1385824324256704e-09
   14.750000   3.09200950  1.1345233584960833e-09
   15.000000   0.04958315  1.0082814129917661e-09
   15.000000   0.11381403  1.0115347343569738e-09
   15.000000   0.17842421  1.0173049380127832e-09
   15.000000   0.24312010  1.0254550035637736e-09
   15.000000   0.30784849  1.0357928345706425e-09
   15.000000   0.37259260  1.0480799391437958e-09
   15.000000   0.43734549  1.0620406445589130e-09
   15.000000   0.50210377  1.0773721380368194e-09
   15.000000   0.56686560  1.0937547995202801e-09
   15.000000   0.63162987  1.1108622510086774e-09
   15.000000   0.69639591  1.1283706320685016e-09
   15.000000   0.76116325  1.1459667085166666e-09
   15.000000   0.82593158  1.1633545380485507e-09
   15.000000   0.89070068  1.1802605567461416e-09
   15.000000   0.95547037  1.1964370559619530e-09
   15.000000   1.02024053  1.2116641521453004e-09
   15.000000   1.08501108  1.2257504009253109e-09
   15.000000   1.14978193  1.2385323122080089e-09
   15.000000   1.21455301  1.2498730064851730e-09
   15.000000   1.27932429  1.2596603161485035e-09
   15.000000   1.34409571  1.2678045902401798e-09
   15.000000   1.40886724  1.2742364586945511e-09
   15.000000   1.47363885  1.2789047758692654e-09
   15.000000   1.53841049  1.2817749246893266e-09
   15.000000   1.60318216  1.2828276160375283e-09
   15.000000   1.66795381  1.2820582784261073e-09
   15.000000   1.73272541  1.2794770830237685e-09
   15.000000   1.79749694  1.2751096028463296e-09
   15.000000   1.86226837  1.2689980574945335e-09
   15.000000   1.92703964  1.2612030603108635e-09
   15.000000   1.99181073  1.2518057169318180e-09
   15.000000   2.05658157  1.2409099046768448e-09
   15.000000   2.12135212  1.2286445075863722e-09
   15.000000   2.18612229  1.2151653569518044e-09
   15.000000   2.25089198  1.2006566007907464e-09
   15.000000   2.31566107  1.1853312314500565e-09
   15.000000   2.38042940  1.1694304850581241e-09
   15.000000   2.44519674  1.1532219047974102e-09
   15.000000   2.50996278  1.1369958743401988e-09
   15.000000   2.57472706  1.1210605507981861e-09
   15.000000   2.63948889  1.1057352054664777e-09
   15.000000   2.70424717  1.0913421241080054e-09
   15.000000   2.76900006  1.0781973352062844e-09
   15.000000   2.83374417  1.0666005579500413e-09
   15.000000   2.89847256  1.0568248744744516e-09
   15.000000   2.96316844  1.0491066884662016e-09
   15.000000   3.02777863  1.0436365011875890e-09
   15.000000   3.09200950  1.0405502996167610e-09
   15.250000   0.04958315  9.1602362466441027e-10
   15.250000   0.11381403  9.1851364952309604e-10
   15.250000   0.17842421  9.2293036041151841e-10
   15.250000   0.24312010  9.2916939490734347e-10
   15.250000   0.30784849  9.3708441922882559e-10
   15.250000   0.37259260  9.4649370588647826e-10
   15.250000   0.43734549  9.5718714063684445e-10
   15.250000   0.50210377  9.6893383939071761e-10
   15.250000   0.56686560  9.8149000047537314e-10
   15.250000   0.63162987  9.9460654584401597e-10
   15.250000   0.69639591  1.0080361807701613e-09
   15.250000   0.76116325  1.0215395724400206e-09
   15.250000   0.82593158  1.0348904401623609e-09
   15.250000   0.89070068  1.0478794449665294e-09
   15.250000   0.95547037  1.0603168639790297e-09
   15.250000   1.02024053  1.0720341142031363e-09
   15.250000   1.08501108  1.0828842506269384e-09
   15.250000   1.14978193  1.0927416219568284e-09
   15.250000   1.21455301  1.1015008761344950e-09
   15.250000   1.27932429  1.1090755371579504e-09
   15.250000   1.34409571  1.1153963501351493e-09
   15.250000   1.40886724  1.1204095980528172e-09
   15.250000   1.47363885  1.1240755469449996e-09
   15.250000   1.53841049  1.1263671664788112e-09
   15.250000   1.60318216  1.1272692204010740e-09
   15.250000   1.66795381  1.1267778059266581e-09
   15.250000   1.73272541  1.1249003767140916e-09
   15.250000   1.79749694  1.1216562416595630e-09
   15.250000   1.86226837  1.1170775109670032e-09
   15.250000   1.92703964  1.1112104194929953e-09
   15.250000   1.99181073  1.1041169171701951e-09
   15.250000   2.05658157  1.0958763863804419e-09
   15.250000   2.12135212  1.0865873351796894e-09
   15.250000   2.18612229  1.0763688497341035e-09
   15.250000   2.25089198  1.0653616162001224e-09
   15.250000   2.31566107  1.0537282966261407e-09
   15.250000   2.38042940  1.0416530485709708e-09
   15.250000   2.44519674  1.0293400234862674e-09
   15.250000   2.50996278  1.0170107097276773e-09
   15.250000   2.57472706  1.0049000522064924e-09
   15.250000   2.63948889  9.9325137479194948e-10
   15.250000   2.70424717  9.8231020979782982e-10
   15.250000   2.76900006  9.7231724085265004e-10
   15.250000   2.83374417  9.6350066412298961e-10
   15.250000   2.89847256  9.5606834075962088e-10
   15.250000   2.96316844  9.5020017510997526e-10
   15.250000   3.02777863  9.4604111348072551e-10
   15.250000   3.09200950  9.4369461311655220e-10
   15.500000   0.04958315  8.2460105438772946e-10
   15.500000   0.11381403  8.2650826621140942e-10
   15.500000   0.17842421  8.2989145655446912e-10
   15.500000   0.24312010  8.3467109672804957e-10
   15.500000   0.30784849  8.4073565426499317e-10
   15.500000   0.37259260  8.4794658980775005e-10
   15.500000   0.43734549  8.5614367302543833e-10
   15.500000   0.50210377  8.6515077709846829e-10
   15.500000   0.56686560  8.7478184320172052e-10
   15.500000   0.63162987  8.8484669257866457e-10
   15.500000   0.69639591  8.9515640675860185e-10
   15.500000   0.76116325  9.0552803356309588e-10
   15.500000   0.82593158  9.1578847567707021e-10
   15.500000   0.89070068  9.2577746926155238e-10
   15.500000   0.95547037  9.3534963652398227e-10
   15.500000   1.02024053  9.4437566551109052e-10
   15.500000   1.08501108  9.5274271588412947e-10
   15.500000   1.14978193  9.6035417210325877e-10
   15.500000   1.21455301  9.6712890461860101e-10
   15.500000   1.27932429  9.7300020624702196e-10
   15.500000   1.34409571  9.7791454512023201e-10
   15.500000   1.40886724  9.8183029251862885e-10
   15.500000   1.47363885  9.8471655134675884e-10
   15.500000   1.53841049  9.8655218482826261e-10
   15.500000   1.60318216  9.8732513190938469e-10
   15.500000   1.66795381  9.8703206412344730e-10
   15.500000   1.73272541  9.8567839193894684e-10
   15.500000   1.79749694  9.8327865624363032e-10
   15.500000   1.86226837  9.7985724315139133e-10
   15.500000   1.92703964  9.7544938443883429e-10
   15.500000   1.99181073  9.7010236718376476e-10
   15.500000   2.05658157  9.6387682903075084e-10
   15.500000   2.12135212  9.5684803723525387e-10
   15.500000   2.18612229  9.4910698169633116e-10
   15.500000   2.25089198  9.4076113615022355e-10
   15.500000   2.31566107  9.3193472662994323e-10
   15.500000   2.38042940  9.2276834498372778e-10
   15.500000   2.44519674  9.1341779256855536e-10
   15.500000   2.50996278  9.0405203454641558e-10
   15.500000   2.57472706  8.9485023493422475e-10
   15.500000   2.63948889  8.8599788478787111e-10
   15.500000   2.70424717  8.7768208974783711e-10
   15.500000   2.76900006  8.7008621026333730e-10
   15.500000   2.83374417  8.6338404020516320e-10
   15.500000   2.89847256  8.5773385203928536e-10
   15.500000   2.96316844  8.5327260028652254e-10
   15.500000   3.02777863  8.5011061267962182e-10
   15.500000   3.09200950  8.4832662481119981e-10
   15.750000   0.04958315  7.3688218812890606e-10
   15.750000   0.11381403  7.3834411719223396e-10
   15.750000   0.17842421  7.4093762203559137e-10
   15.750000   0.24312010  7.4460207105104672e-10
   15.750000   0.30784849  7.4925241281986114e-10
   15.750000   0.37259260  7.5478297562018267e-10
   15.750000   0.43734549  7.6107151473962584e-10
   15.750000   0.50210377  7.6798360337778270e-10
   15.750000   0.56686560  7.7537718122554792e-10
   15.750000   0.63162987  7.8310697317349976e-10
   15.750000   0.69639591  7.9102858565523562e-10
   15.750000   0.76116325  7.9900209934378509e-10
   15.750000   0.82593158  8.0689504103504780e-10
   15.750000   0.89070068  8.1458465659643103e-10
   15.750000   0.95547037  8.2195949615437185e-10
   15.750000   1.02024053  8.2892032498182557e-10
   15.750000   1.08501108  8.3538044776922107e-10
   15.750000   1.14978193  8.4126553537355621e-10
   15.750000   1.21455301  8.4651307871075131e-10
   15.750000   1.27932429  8.5107158868287110e-10
   15.750000   1.34409571  8.5489965488637044e-10
   15.750000   1.40886724  8.5796499144861401e-10
   15.750000   1.47363885  8.6024354567263597e-10
   15.750000   1.53841049  8.6171876582413191e-10
   15.750000   1.60318216  8.6238108541789687e-10
   15.750000   1.66795381  8.6222765808842019e-10
   15.750000   1.73272541  8.6126237366814989e-10
   15.750000   1.79749694  8.5949614656230954e-10
   15.750000   1.86226837  8.5694746334600367e-10
   15.750000   1.92703964  8.5364314519993422e-10
   15.750000   1.99181073  8.4961925647115747e-10
   15.750000   2.05658157  8.4492209425822676e-10
   15.750000   2.12135212  8.3960914971024028e-10
   15.750000   2.18612229  8.3374992830961727e-10
   15.750000   2.25089198  8.2742652319514002e-10
   15.750000   2.31566107  8.2073380123018082e-10
   15.750000   2.38042940  8.1377910280354937e-10
   15.750000   2.44519674  8.0668133834472228e-10
   15.750000   2.50996278  7.9956942693241084e-10
   15.750000   2.57472706  7.9258001937681045e-10
   15.750000   2.63948889  7.8585454797998093e-10
   15.750000   2.70424717  7.7953563591987662e-10
   15.750000   2.76900006  7.7376300626397641e-10
   15.750000   2.83374417  7.6866906284633391e-10
   15.750000   2.89847256  7.6437435827776313e-10
   15.750000   2.96316844  7.6098318446937927e-10
   15.750000   3.02777863  7.5857954655142813e-10
   15.750000   3.09200950  7.5722338933628682e-10
   16.000000   0.04958315  6.5459597958782497e-10
   16.000000   0.11381403  6.5571748403681885e-10
   16.000000   0.17842421  6.5770722651057267e-10
   16.000000   0.24312010  6.6051895678581192e-10
   16.000000   0.30784849  6.6408778490079890e-10
   16.000000   0.37259260  6.6833307366610173e-10
   16.000000   0.43734549  6.7316150382452989e-10
   16.000000   0.50210377  6.7847043331460907e-10
   16.000000   0.56686560  6.8415133954412911e-10
   16.000000   0.63162987  6.9009319310608376e-10
   16.000000   0.69639591  6.9618558166665821e-10
   16.000000   0.76116325  7.0232144489473107e-10
   16.000000   0.82593158  7.0839934809045640e-10
   16.000000   0.89070068  7.1432522565440169e-10
   16.000000   0.95547037  7.2001359358973757e-10
   16.000000   1.02024053  7.2538826146874967e-10
   16.000000   1.08501108  7.3038258501623595e-10
   16.000000   1.14978193  7.3493935041401470e-10
   16.000000   1.21455301  7.3901036472448339e-10
   16.000000   1.27932429  7.4255585844799672e-10
   16.000000   1.34409571  7.4554377467893766e-10
   16.000000   1.40886724  7.4794904765473161e-10
   16.000000   1.47363885  7.4975293262756511e-10
   16.000000   1.53841049  7.5094244709568496e-10
   16.000000   1.60318216  7.5150998463354923e-10
   16.000000   1.66795381  7.5145311354233007e-10
   16.000000   1.73272541  7.5077458743250309e-10
   16.000000   1.79749694  7.4948257145567084e-10
   16.000000   1.86226837  7.4759105337006815e-10
   16.000000   1.92703964  7.4512042311896879e-10
   16.000000   1.99181073  7.4209816510342616e-10
   16.000000   2.05658157  7.3855960708576712e-10
   16.000000   2.12135212  7.3454864039791518e-10
   16.000000   2.18612229  7.3011834887038070e-10
   16.000000   2.25089198  7.2533142664341344e-10
   16.000000   2.31566107  7.2026031920663508e-10
   16.000000   2.38042940  7.1498697484427291e-10
   16.000000   2.44519674  7.0960215874344928e-10
   16.000000   2.50996278  7.0420424219248830e-10
   16.000000   2.57472706  6.9889747109593587e-10
   16.000000   2.63948889  6.9378970468556959e-10
   16.000000   2.70424717  6.8898968086526394e-10
   16.000000   2.76900006  6.8460390023036514e-10
   16.000000   2.83374417  6.8073326219983714e-10
   16.000000   2.89847256  6.7746961151120806e-10
   16.000000   2.96316844  6.7489239479192081e-10
   16.000000   3.02777863  6.7306559515753598e-10
   16.000000   3.09200950  6.7203486647617542e-10
   16.250000   0.04958315  5.7867398991541150e-10
   16.250000   0.11381403  5.7953506379231319e-10
   16.250000   0.17842421  5.8106288702132883e-10
   16.250000   0.24312010  5.8322216274931187e-10
   16.250000   0.30784849  5.8596335961031561e-10
   16.250000   0.37259260  5.8922490837069254e-10
   16.250000   0.43734549  5.9293554282552325e-10
   16.250000   0.50210377  5.9701684631302771e-10
   16.250000   0.56686560  6.0138587675378653e-10
   16.250000   0.63162987  6.0595773857955295e-10
   16.250000   0.69639591  6.1064795976767213e-10
   16.250000   0.76116325  6.1537458305451325e-10
   16.250000   0.82593158  6.2005990231304266e-10
   16.250000   0.89070068  6.2463179841743174e-10
   16.250000   0.95547037  6.2902467218000657e-10
   16.250000   1.02024053  6.3317999290876257e-10
   16.250000   1.08501108  6.3704650296960209e-10
   16.250000   1.14978193  6.4058013493941745e-10
   16.250000   1.21455301  6.4374371072158726e-10
   16.250000   1.27932429  6.4650648841506565e-10
   16.250000   1.34409571  6.4884363280357270e-10
   16.250000   1.40886724  6.5073566274637960e-10
   16.250000   1.47363885  6.5216795040051041e-10
   16.250000   1.53841049  6.5313029602557116e-10
   16.250000   1.60318216  6.5361663648488739e-10
   16.250000   1.66795381  6.5362489297264438e-10
   16.250000   1.73272541  6.5315698066582191e-10
   16.250000   1.79749694  6.5221898002377312e-10
   16.250000   1.86226837  6.5082145086180141e-10
   16.250000   1.92703964  6.4897987434587087e-10
   16.250000   1.99181073  6.4671517488620272e-10
   16.250000   2.05658157  6.4405428883751102e-10
   16.250000   2.12135212  6.4103071284996215e-10
   16.250000   2.18612229  6.3768497196048043e-10
   16.250000   2.25089198  6.3406494051042179e-10
   16.250000   2.31566107  6.3022593024942243e-10
   16.250000   2.38042940  6.2623050826967631e-10
   16.250000   2.44519674  6.2214795355913312e-10
   16.250000   2.50996278  6.1805333687972340e-10
   16.250000   2.57472706  6.1402619279862548e-10
   16.250000   2.63948889  6.1014879162904122e-10
   16.250000   2.70424717  6.0650405433632455e-10
   16.250000   2.76900006  6.0317317589393303e-10
   16.250000   2.83374417  6.0023306502443089e-10
   16.250000   2.89847256  5.9775371550155438e-10
   16.250000   2.96316844  5.9579566506485569e-10
   16.250000   3.02777863  5.9440766064722451e-10
   16.250000   3.09200950  5.9362448190903407e-10
   16.500000   0.04958315  5.0949935299407364e-10
   16.500000   0.11381403  5.1016105676404648e-10
   16.500000   0.17842421  5.1133523871183846e-10
   16.500000   0.24312010  5.1299494906788442e-10
   16.500000   0.30784849  5.1510235637754881e-10
   16.500000   0.37259260  5.1761043419357770e-10
   16.500000   0.43734549  5.2046472473389273e-10
   16.500000   0.50210377  5.2360529271912530e-10
   16.500000   0.56686560  5.2696871454107818e-10
   16.500000   0.63162987  5.3049004509125631e-10
   16.500000   0.69639591  5.3410462534387984e-10
   16.500000   0.76116325  5.3774968563511524e-10
   16.500000   0.82593158  5.4136566673640233e-10
   16.500000   0.89070068  5.4489724535663022e-10
   16.500000   0.95547037  5.4829405645716700e-10
   16.500000   1.02024053  5.5151110978840552e-10
   16.500000   1.08501108  5.5450895882141673e-10
   16.500000   1.14978193  5.5725364029619321e-10
   16.500000   1.21455301  5.5971645276771801e-10
   16.500000   1.27932429  5.6187361469204626e-10
   16.500000   1.34409571  5.6370586471299924e-10
   16.500000   1.40886724  5.6519804833029816e-10
   16.500000   1.47363885  5.6633873256335813e-10
   16.500000   1.53841049  5.6711989149971901e-10
   16.500000   1.60318216  5.6753667769193539e-10
   16.500000   1.66795381  5.6758731269180692e-10
   16.500000   1.73272541  5.6727309710676520e-10
   16.500000   1.79749694  5.6659853501934008e-10
   16.500000   1.86226837  5.6557157821571284e-10
   16.500000   1.92703964  5.6420396057062903e-10
   16.500000   1.99181073  5.6251159425581220e-10
   16.500000   2.05658157  5.6051500285269975e-10
   16.500000   2.12135212  5.5823973679582378e-10
   16.500000   2.18612229  5.5571672090162086e-10
   16.500000   2.25089198  5.5298249971857905e-10
   16.500000   2.31566107  5.5007930273454910e-10
   16.500000   2.38042940  5.4705489094723146e-10
   16.500000   2.44519674  5.4396214733983928e-10
   16.500000   2.50996278  5.4085836327260306e-10
   16.500000   2.57472706  5.3780422454782497e-10
   16.500000   2.63948889  5.3486249236400173e-10
   16.500000   2.70424717  5.3209641065112058e-10
   16.500000   2.76900006  5.2956789573553251e-10
   16.500000   2.83374417  5.2733558056699800e-10
   16.500000   2.89847256  5.2545282334320154e-10
   16.500000   2.96316844  5.2396576097677719e-10
   16.500000   3.02777863  5.2291154478880152e-10
   16.500000   3.09200950  5.2231667559711737e-10
   16.750000   0.04958315  4.4708685750493916e-10
   16.750000   0.11381403  4.4759582768699727e-10
   16.750000   0.17842421  4.4849907341715564e-10
   16.750000   0.24312010  4.4977600614356454e-10
   16.750000   0.30784849  4.5139771978467557e-10
   16.750000   0.37259260  4.5332827214737868e-10
   16.750000   0.43734549  4.5552603430004271e-10
   16.750000   0.50210377  4.5794516975573444e-10
   16.750000   0.56686560  4.6053715890795570e-10
   16.750000   0.63162987  4.6325229246950641e-10
   16.750000   0.69639591  4.6604105229363463e-10
   16.750000   0.76116325  4.6885533883967942e-10
   16.750000   0.82593158  4.7164947785238268e-10
   16.750000   0.89070068  4.7438101076867187e-10
   16.750000   0.95547037  4.7701124156952727e-10
   16.750000   1.02024053  4.7950557345627105e-10
   16.750000   1.08501108  4.8183362484112786e-10
   16.750000   1.14978193  4.8396920638598207e-10
   16.750000   1.21455301  4.8589014004538664e-10
   16.750000   1.27932429  4.8757801395061420e-10
   16.750000   1.34409571  4.8901787617882965e-10
   16.750000   1.40886724  4.9019792178555565e-10
   16.750000   1.47363885  4.9110920256354555e-10
   16.750000   1.53841049  4.9174538807027875e-10
   16.750000   1.60318216  4.9210259387458486e-10
   16.750000   1.66795381  4.9217929944128348e-10
   16.750000   1.73272541  4.9197635518291164e-10
   16.750000   1.79749694  4.9149707671330116e-10
   16.750000   1.86226837  4.9074743483685469e-10
   16.750000   1.92703964  4.8973630713396425e-10
   16.750000   1.99181073  4.8847577827770664e-10
   16.750000   2.05658157  4.8698147084578881e-10
   16.750000   2.12135212  4.8527286071921715e-10
   16.750000   2.18612229  4.8337353662506992e-10
   16.750000   2.25089198  4.8131138949956375e-10
   16.750000   2.31566107  4.7911864655163114e-10
   16.750000   2.38042940  4.7683176896376564e-10
   16.750000   2.44519674  4.7449111811918909e-10
   16.750000   2.50996278  4.7214041949852557e-10
   16.750000   2.57472706  4.6982597984164506e-10
   16.750000   2.63948889  4.6759568389873415e-10
   16.750000   2.70424717  4.6549777231104284e-10
   16.750000   2.76900006  4.6357946753378497e-10
   16.750000   2.83374417  4.6188548153000028e-10
   16.750000   2.89847256  4.6045649614182407e-10
   16.750000   2.96316844  4.5932768475285232e-10
   16.750000   3.02777863  4.5852736366972805e-10
   16.750000   3.09200950  4.5807573568488803e-10
   17.000000   0.04958315  3.9121225477770974e-10
   17.000000   0.11381403  3.9160413365181294e-10
   17.000000   0.17842421  3.9229965122217535e-10
   17.000000   0.24312010  3.9328307350997786e-10
   17.000000   0.30784849  3.9453230252975012e-10
   17.000000   0.37259260  3.9601985492455774e-10
   17.000000   0.43734549  3.9771388998932490e-10
   17.000000   0.50210377  3.9957933747862413e-10
   17.000000   0.56686560  4.0157906109270939e-10
   17.000000   0.63162987  4.0367499080345098e-10
   17.000000   0.69639591  4.0582918916484029e-10
   17.000000   0.76116325  4.0800477358633257e-10
   17.000000   0.82593158  4.1016670279201201e-10
   17.000000   0.89070068  4.1228236932326158e-10
   17.000000   0.95547037  4.1432202962966304e-10
   17.000000   1.02024053  4.1625905667152134e-10
   17.000000   1.08501108  4.1807004125221719e-10
   17.000000   1.14978193  4.1973476907577751e-10
   17.000000   1.21455301  4.2123609080629801e-10
   17.000000   1.27932429  4.2255973803537849e-10
   17.000000   1.34409571  4.2369409004310990e-10
   17.000000   1.40886724  4.2462993988339049e-10
   17.000000   1.47363885  4.2536027153807807e-10
   17.000000   1.53841049  4.2588008399814335e-10
   17.000000   1.60318216  4.2618625399815929e-10
   17.000000   1.66795381  4.2627748204954614e-10
   17.000000   1.73272541  4.2615429171747206e-10
   17.000000   1.79749694  4.2581910671293004e-10
   17.000000   1.86226837  4.2527639474351060e-10
   17.000000   1.92703964  4.2453285515372902e-10
   17.000000   1.99181073  4.2359765509097970e-10
   17.000000   2.05658157  4.2248267479059007e-10
   17.000000   2.12135212  4.2120274587382944e-10
   17.000000   2.18612229  4.1977585390235295e-10
   17.000000   2.25089198  4.1822327322835241e-10
   17.000000   2.31566107  4.1656959807724722e-10
   17.000000   2.38042940  4.1484265246483615e-10
   17.000000   2.44519674  4.1307324109889317e-10
   17.000000   2.50996278  4.1129473395411519e-10
   17.000000   2.57472706  4.0954246669797064e-10
   17.000000   2.63948889  4.0785297552427018e-10
   17.000000   2.70424717  4.0626306335561561e-10
   17.000000   2.76900006  4.0480874988337253e-10
   17.000000   2.83374417  4.0352413735259780e-10
   17.000000   2.89847256  4.0244024663413517e-10
   17.000000   2.96316844  4.0158389813468541e-10
   17.000000   3.02777863  4.0097668259083493e-10
   17.000000   3.09200950  4.0063400090866698e-10
   17.250000   0.04958315  3.4150423529715389e-10
   17.250000   0.11381403  3.4180627688684006e-10
   17.250000   0.17842421  3.4234240689455456e-10
   17.250000   0.24312010  3.4310059323334068e-10
   17.250000   0.30784849  3.4406393423898226e-10
   17.250000   0.37259260  3.4521140363974283e-10
   17.250000   0.43734549  3.4651863629800828e-10
   17.250000   0.50210377  3.4795878720046170e-10
   17.250000   0.56686560  3.4950341256613028e-10
   17.250000   0.63162987  3.5112334783370854e-10
   17.250000   0.69639591  3.5278950578311360e-10
   17.250000   0.76116325  3.5447359527224629e-10
   17.250000   0.82593158  3.5614871294182509e-10
   17.250000   0.89070068  3.5778980444611854e-10
   17.250000   0.95547037  3.5937399231526112e-10
   17.250000   1.02024053  3.6088077176580894e-10
   17.250000   1.08501108  3.6229209007398686e-10
   17.250000   1.14978193  3.6359233309878476e-10
   17.250000   1.21455301  3.6476822956818897e-10
   17.250000   1.27932429  3.6580870945243248e-10
   17.250000   1.34409571  3.6670473109976993e-10
   17.250000   1.40886724  3.6744910224452412e-10
   17.250000   1.47363885  3.6803631426525002e-10
   17.250000   1.53841049  3.6846240333766134e-10
   17.250000   1.60318216  3.6872485529493359e-10
   17.250000   1.66795381  3.6882255797732431e-10
   17.250000   1.73272541  3.6875580138875196e-10
   17.250000   1.79749694  3.6852634235064051e-10
   17.250000   1.86226837  3.6813750735324419e-10
   17.250000   1.92703964  3.6759434232950580e-10
   17.250000   1.99181073  3.6690378748054018e-10
   17.250000   2.05658157  3.6607486528062787e-10
   17.250000   2.12135212  3.6511886268698586e-10
   17.250000   2.18612229  3.6404948315503990e-10
   17.250000   2.25089198  3.6288294823660867e-10
   17.250000   2.31566107  3.6163801711530783e-10
   17.250000   2.38042940  3.6033592237793394e-10
   17.250000   2.44519674  3.5900016856477462e-10
   17.250000   2.50996278  3.5765622137517412e-10
   17.250000   2.57472706  3.5633104496199431e-10
   17.250000   2.63948889  3.5505251776342665e-10
   17.250000   2.70424717  3.5384871745083574e-10
   17.250000   2.76900006  3.5274712323100019e-10
   17.250000   2.83374417  3.5177374586530004e-10
   17.250000   2.89847256  3.5095224585416183e-10
   17.250000   2.96316844  3.5030307749827153e-10
   17.250000   3.02777863  3.4984270493975743e-10
   17.250000   3.09200950  3.4958287077898231e-10
   17.500000   0.04958315  2.9750907016824867e-10
   17.500000   0.11381403  2.9774212994135737e-10
   17.500000   0.17842421  2.9815586282735100e-10
   17.500000   0.24312010  2.9874106438504010e-10
   17.500000   0.30784849  2.9948480109371228e-10
   17.500000   0.37259260  3.0037097650278489e-10
   17.500000   0.43734549  3.0138093870178273e-10
   17.500000   0.50210377  3.0249412383593698e-10
   17.500000   0.56686560  3.0368873984183333e-10
   17.500000   0.63162987  3.0494242882094777e-10
   17.500000   0.69639591  3.0623287854309753e-10
   17.500000   0.76116325  3.0753837340772003e-10
   17.500000   0.82593158  3.0883824887734732e-10
   17.500000   0.89070068  3.1011324130118021e-10
   17.500000   0.95547037  3.1134574126183695e-10
   17.500000   1.02024053  3.1251994823910779e-10
   17.500000   1.08501108  3.1362192909422194e-10
   17.500000   1.14978193  3.1463961427022585e-10
   17.500000   1.21455301  3.1556272207176412e-10
   17.500000   1.27932429  3.1638265448544355e-10
   17.500000   1.34409571  3.1709236800179189e-10
   17.500000   1.40886724  3.1768623602406572e-10
   17.500000   1.47363885  3.1815992375888833e-10
   17.500000   1.53841049  3.1851028445745890e-10
   17.500000   1.60318216  3.1873528661071976e-10
   17.500000   1.66795381  3.1883397526902550e-10
   17.500000   1.73272541  3.1880648274256426e-10
   17.500000   1.79749694  3.1865406231088266e-10
   17.500000   1.86226837  3.1837918244742850e-10
   17.500000   1.92703964  3.1798563012841351e-10
   17.500000   1.99181073  3.1747864949914122e-10
   17.500000   2.05658157  3.1686508504709195e-10
   17.500000   2.12135212  3.1615351616027661e-10
   17.500000   2.18612229  3.1535437534360261e-10
   17.500000   2.25089198  3.1448002420022341e-10
   17.500000   2.31566107  3.1354476796667682e-10
   17.500000   2.38042940  3.1256480052550410e-10
   17.500000   2.44519674  3.1155805557538118e-10
   17.500000   2.50996278  3.1054396542226456e-10
   17.500000   2.57472706  3.0954310202808071e-10
   17.500000   2.63948889  3.0857673829493957e-10
   17.500000   2.70424717  3.0766629674766350e-10
   17.500000   2.76900006  3.0683274166821714e-10
   17.500000   2.83374417  3.0609591513762549e-10
   17.500000   2.89847256  3.0547386578901417e-10
   17.500000   2.96316844  3.0498219337050224e-10
   17.500000   3.02777863  3.0463345466358435e-10
   17.500000   3.09200950  3.0443660710523810e-10
   17.750000   0.04958315  2.5873532160320544e-10
   17.750000   0.11381403  2.5891536791166501e-10
   17.750000   0.17842421  2.5923503118652686e-10
   17.750000   0.24312010  2.5968726347482089e-10
   17.750000   0.30784849  2.6026216279662666e-10
   17.750000   0.37259260  2.6094740359220481e-10
   17.750000   0.43734549  2.6172869436335435e-10
   17.750000   0.50210377  2.6259028016148864e-10
   17.750000   0.56686560  2.6351545340143496e-10
   17.750000   0.63162987  2.6448706347204804e-10
   17.750000   0.69639591  2.6548798781593942e-10
   17.750000   0.76116325  2.6650154770192877e-10
   17.750000   0.82593158  2.6751185892252870e-10
   17.750000   0.89070068  2.6850410078881548e-10
   17.750000   0.95547037  2.6946471212811502e-10
   17.750000   1.02024053  2.7038150440949244e-10
   17.750000   1.08501108  2.7124371937035897e-10
   17.750000   1.14978193  2.7204201449217459e-10
   17.750000   1.21455301  2.7276841863470554e-10
   17.750000   1.27932429  2.7341624553796146e-10
   17.750000   1.34409571  2.7397999874971373e-10
   17.750000   1.40886724  2.7445527066262360e-10
   17.750000   1.47363885  2.7483864348132056e-10
   17.750000   1.53841049  2.7512761122850938e-10
   17.750000   1.60318216  2.7532052909838933e-10
   17.750000   1.66795381  2.7541657952613364e-10
   17.750000   1.73272541  2.7541577958068130e-10
   17.750000   1.79749694  2.7531901645587758e-10
   17.750000   1.86226837  2.7512810654442266e-10
   17.750000   1.92703964  2.7484588315193226e-10
   17.750000   1.99181073  2.7447630151472060e-10
   17.750000   2.05658157  2.7402454206326029e-10
   17.750000   2.12135212  2.7349712031875444e-10
   17.750000   2.18612229  2.7290197312435195e-10
   17.750000   2.25089198  2.7224851181800195e-10
   17.750000   2.31566107  2.7154764063590636e-10
   17.750000   2.38042940  2.7081170694668775e-10
   17.750000   2.44519674  2.7005439072070662e-10
   17.750000   2.50996278  2.6929051394704595e-10
   17.750000   2.57472706  2.6853577440959129e-10
   17.750000   2.63948889  2.6780640262104669e-10
   17.750000   2.70424717  2.6711874134607357e-10
   17.750000   2.76900006  2.6648878640048827e-10
   17.750000   2.83374417  2.6593167537518953e-10
   17.750000   2.89847256  2.6546117482759338e-10
   17.750000   2.96316844  2.6508918600538784e-10
   17.750000   3.02777863  2.6482528679764622e-10
   17.750000   3.09200950  2.6467630893961087e-10
   18.000000   0.04958315  2.2468410900223223e-10
   18.000000   0.11381403  2.2482337856590164e-10
   18.000000   0.17842421  2.2507067595668966e-10
   18.000000   0.24312010  2.2542060470758205e-10
   18.000000   0.30784849  2.2586557904903687e-10
   18.000000   0.37259260  2.2639615412135257e-10
   18.000000   0.43734549  2.2700137830290516e-10
   18.000000   0.50210377  2.2766916879825601e-10
   18.000000   0.56686560  2.2838671104371770e-10
   18.000000   0.63162987  2.2914084208040687e-10
   18.000000   0.69639591  2.2991841186615239e-10
   18.000000   0.76116325  2.3070660597065573e-10
   18.000000   0.82593158  2.3149320351388375e-10
   18.000000   0.89070068  2.3226679638505558e-10
   18.000000   0.95547037  2.3301693078957213e-10
   18.000000   1.02024053  2.3373420059771717e-10
   18.000000   1.08501108  2.3441028693225767e-10
   18.000000   1.14978193  2.3503795447912415e-10
   18.000000   1.21455301  2.3561101495050456e-10
   18.000000   1.27932429  2.3612426152415794e-10
   18.000000   1.34409571  2.3657340086062749e-10
   18.000000   1.40886724  2.3695497139017556e-10
   18.000000   1.47363885  2.3726627384390704e-10
   18.000000   1.53841049  2.3750530838518337e-10
   18.000000   1.60318216  2.3767073726838891e-10
   18.000000   1.66795381  2.3776186104622055e-10
   18.000000   1.73272541  2.3777862119230913e-10
   18.000000   1.79749694  2.3772163289653727e-10
   18.000000   1.86226837  2.3759222155392311e-10
   18.000000   1.92703964  2.3739250086416139e-10
   18.000000   1.99181073  2.3712544377639697e-10
   18.000000   2.05658157  2.3679496645732940e-10
   18.000000   2.12135212  2.3640600821530124e-10
   18.000000   2.18612229  2.3596459963803926e-10
   18.000000   2.25089198  2.3547790387236425e-10
   18.000000   2.31566107  2.3495422611640675e-10
   18.000000   2.38042940  2.3440297557954518e-10
   18.000000   2.44519674  2.3383458464860991e-10
   18.000000   2.50996278  2.3326035714515624e-10
   18.000000   2.57472706  2.3269226942681471e-10
   18.000000   2.63948889  2.3214270129437899e-10
   18.000000   2.70424717  2.3162412312434523e-10
   18.000000   2.76900006  2.3114873671276302e-10
   18.000000   2.83374417  2.3072809120185283e-10
   18.000000   2.89847256  2.3037269009050192e-10
   18.000000   2.96316844  2.3009160992635101e-10
   18.000000   3.02777863  2.2989215815842182e-10
   18.000000   3.09200950  2.2977954739862127e-10
   18.250000   0.04958315  1.9486897106218972e-10
   18.250000   0.11381403  1.9497684456430912e-10
   18.250000   0.17842421  1.9516842088519575e-10
   18.250000   0.24312010  1.9543956459757624e-10
   18.250000   0.30784849  1.9578446000407948e-10
   18.250000   0.37259260  1.9619586753161748e-10
   18.250000   0.43734549  1.9666538736466592e-10
   18.250000   0.50210377  1.9718375148487289e-10
   18.250000   0.56686560  1.9774112330971435e-10
   18.250000   0.63162987  1.9832739428455715e-10
   18.250000   0.69639591  1.9893246131897400e-10
   18.250000   0.76116325  1.9954646752707544e-10
   18.250000   0.82593158  2.0016001043512991e-10
   18.250000   0.89070068  2.0076429640997626e-10
   18.250000   0.95547037  2.0135126419450590e-10
   18.250000   1.02024053  2.0191364663712579e-10
   18.250000   1.08501108  2.0244500682227973e-10
   18.250000   1.14978193  2.0293973487844207e-10
   18.250000   1.21455301  2.0339301826254643e-10
   18.250000   1.27932429  2.0380080118764755e-10
   18.250000   1.34409571  2.0415972056416382e-10
   18.250000   1.40886724  2.0446705486317084e-10
   18.250000   1.47363885  2.0472066570809711e-10
   18.250000   1.53841049  2.0491895546030678e-10
   18.250000   1.60318216  2.0506082974108227e-10
   18.250000   1.66795381  2.0514569256116267e-10
   18.250000   1.73272541  2.0517343689504367e-10
   18.250000   1.79749694  2.0514447432495691e-10
   18.250000   1.86226837  2.0505977004963502e-10
   18.250000   1.92703964  2.0492088744516708e-10
   18.250000   1.99181073  2.0473005585682530e-10
   18.250000   2.05658157  2.0449022929877428e-10
   18.250000   2.12135212  2.0420514518543016e-10
   18.250000   2.18612229  2.0387938288816705e-10
   18.250000   2.25089198  2.0351838695631832e-10
   18.250000   2.31566107  2.0312847938941144e-10
   18.250000   2.38042940  2.0271682638732767e-10
   18.250000   2.44519674  2.0229138108680994e-10
   18.250000   2.50996278  2.0186076105079818e-10
   18.250000   2.57472706  2.0143410046647714e-10
   18.250000   2.63948889  2.0102084150488952e-10
   18.250000   2.70424717  2.0063049950080106e-10
   18.250000   2.76900006  2.0027238018881351e-10
   18.250000   2.83374417  1.9995529442157912e-10
   18.250000   2.89847256  1.9968725534268799e-10
   18.250000   2.96316844  1.9947518948601320e-10
   18.250000   3.02777863  1.9932466749823606e-10
   18.250000   3.09200950  1.9923966934202087e-10
   18.500000   0.04958315  1.6882830640463666e-10
   18.500000   0.11381403  1.6891198332790378e-10
   18.500000   0.17842421  1.6906061098351657e-10
   18.500000   0.24312010  1.6927101775973767e-10
   18.500000   0.30784849  1.6953874392357098e-10
   18.500000   0.37259260  1.6985823772485799e-10
   18.500000   0.43734549  1.7022305133648091e-10
   18.500000   0.50210377  1.7062607149269857e-10
   18.500000   0.56686560  1.7105974412792248e-10
   18.500000   0.63162987  1.7151630113961733e-10
   18.500000   0.69639591  1.7198797339897540e-10
   18.500000   0.76116325  1.7246717661474070e-10
   18.500000   0.82593158  1.7294666738106453e-10
   18.500000   0.89070068  1.7341966926545962e-10
   18.500000   0.95547037  1.7387995498159611e-10
   18.500000   1.02024053  1.7432190489278882e-10
   18.500000   1.08501108  1.7474053544454564e-10
   18.500000   1.14978193  1.7513148937201426e-10
   18.500000   1.21455301  1.7549102339499816e-10
   18.500000   1.27932429  1.7581596749591856e-10
   18.500000   1.34409571  1.7610368805355847e-10
   18.500000   1.40886724  1.7635203837981129e-10
   18.500000   1.47363885  1.7655932184979097e-10
   18.500000   1.53841049  1.7672425580951632e-10
   18.500000   1.60318216  1.7684594640363117e-10
   18.500000   1.66795381  1.7692388137255913e-10
   18.500000   1.73272541  1.7695792766749035e-10
   18.500000   1.79749694  1.7694835058123798e-10
   18.500000   1.86226837  1.7689583977499341e-10
   18.500000   1.92703964  1.7680154996415064e-10
   18.500000   1.99181073  1.7666714500555113e-10
   18.500000   2.05658157  1.7649484566394500e-10
   18.500000   2.12135212  1.7628747851308501e-10
   18.500000   2.18612229  1.7604851255993168e-10
   18.500000   2.25089198  1.7578208300981476e-10
   18.500000   2.31566107  1.7549299630008642e-10
   18.500000   2.38042940  1.7518671124499933e-10
   18.500000   2.44519674  1.7486928307133579e-10
   18.500000   2.50996278  1.7454728183452751e-10
   18.500000   2.57472706  1.7422767148262947e-10
   18.500000   2.63948889  1.7391765317766424e-10
   18.500000   2.70424717  1.7362448150654296e-10
   18.500000   2.76900006  1.7335525727757258e-10
   18.500000   2.83374417  1.7311670092577610e-10
   18.500000   2.89847256  1.7291492538835679e-10
   18.500000   2.96316844  1.7275521340070265e-10
   18.500000   3.02777863  1.7264181680857037e-10
   18.500000   3.09200950  1.7257776927927358e-10
   18.750000   0.04958315  1.4613257363491910e-10
   18.750000   0.11381403  1.4619758309530561e-10
   18.750000   0.17842421  1.4631306968333490e-10
   18.750000   0.24312010  1.4647660304404122e-10
   18.750000   0.30784849  1.4668476105263307e-10
   18.750000   0.37259260  1.4693328051649918e-10
   18.750000   0.43734549  1.4721721293615572e-10
   18.750000   0.50210377  1.4753109296068621e-10
   18.750000   0.56686560  1.4786911504661392e-10
   18.750000   0.63162987  1.4822530830617578e-10
   18.750000   0.69639591  1.4859369396053439e-10
   18.750000   0.76116325  1.4896843021320791e-10
   18.750000   0.82593158  1.4934393551626904e-10
   18.750000   0.89070068  1.4971497800578495e-10
   18.750000   0.95547037  1.5007674730973874e-10
   18.750000   1.02024053  1.5042489487592546e-10
   18.750000   1.08501108  1.5075555340478912e-10
   18.750000   1.14978193  1.5106533866229308e-10
   18.750000   1.21455301  1.5135133096596488e-10
   18.750000   1.27932429  1.5161105261558530e-10
   18.750000   1.34409571  1.5184243322048149e-10
   18.750000   1.40886724  1.5204377965814870e-10
   18.750000   1.47363885  1.5221373991296783e-10
   18.750000   1.53841049  1.5235128246808321e-10
   18.750000   1.60318216  1.5245567424735640e-10
   18.750000   1.66795381  1.5252647743232767e-10
   18.750000   1.73272541  1.5256354271127462e-10
   18.750000   1.79749694  1.5256703149016210e-10
   18.750000   1.86226837  1.5253742913989951e-10
   18.750000   1.92703964  1.5247558202110825e-10
   18.750000   1.99181073  1.5238272664849978e-10
   18.750000   2.05658157  1.5226052893165683e-10
   18.750000   2.12135212  1.5211112015187101e-10
   18.750000   2.18612229  1.5193712438082275e-10
   18.750000   2.25089198  1.5174167753644489e-10
   18.750000   2.31566107  1.5152843316690603e-10
   18.750000   2.38042940  1.5130154280145034e-10
   18.750000   2.44519674  1.5106561642166737e-10
   18.750000   2.50996278  1.5082565906522101e-10
   18.750000   2.57472706  1.5058697862365626e-10
   18.750000   2.63948889  1.5035506371295368e-10
   18.750000   2.70424717  1.5013544851037400e-10
   18.750000   2.76900006  1.4993354726950752e-10
   18.750000   2.83374417  1.4975448552831004e-10
   18.750000   2.89847256  1.4960292559521095e-10
   18.750000   2.96316844  1.4948289861150161e-10
   18.750000   3.02777863  1.4939764584838950e-10
   18.750000   3.09200950  1.4934948310430000e-10
   19.000000   0.04958315  1.2638785468678687e-10
   19.000000   0.11381403  1.2643844346391646e-10
   19.000000   0.17842421  1.2652833085611077e-10
   19.000000   0.24312010  1.2665564768420447e-10
   19.000000   0.30784849  1.2681776740983821e-10
   19.000000   0.37259260  1.2701141699506656e-10
   19.000000   0.43734549  1.2723279416376290e-10
   19.000000   0.50210377  1.2747769736650811e-10
   19.000000   0.56686560  1.2774166354135422e-10
   19.000000   0.63162987  1.2802009713505090e-10
   19.000000   0.69639591  1.2830839498596611e-10
   19.000000   0.76116325  1.2860205498824083e-10
   19.000000   0.82593158  1.2889677156027581e-10
   19.000000   0.89070068  1.2918850252113319e-10
   19.000000   0.95547037  1.2947352765402407e-10
   19.000000   1.02024053  1.2974847705061977e-10
   19.000000   1.08501108  1.3001034944254381e-10
   19.000000   1.14978193  1.3025650924678336e-10
   19.000000   1.21455301  1.3048467931841141e-10
   19.000000   1.27932429  1.3069291650021943e-10
   19.000000   1.34409571  1.3087959316292905e-10
   19.000000   1.40886724  1.3104336651563070e-10
   19.000000   1.47363885  1.3118316056405027e-10
   19.000000   1.53841049  1.3129814076563821e-10
   19.000000   1.60318216  1.3138770644643011e-10
   19.000000   1.66795381  1.3145147905612452e-10
   19.000000   1.73272541  1.3148930749147693e-10
   19.000000   1.79749694  1.3150127728260935e-10
   19.000000   1.86226837  1.3148772495442669e-10
   19.000000   1.92703964  1.3144926356920243e-10
   19.000000   1.99181073  1.3138680757105685e-10
   19.000000   2.05658157  1.3130160214081743e-10
   19.000000   2.12135212  1.3119524938783341e-10
   19.000000   2.18612229  1.3106973132036560e-10
   19.000000   2.25089198  1.3092742413559048e-10
   19.000000   2.31566107  1.3077109911783027e-10
   19.000000   2.38042940  1.3060391174885225e-10
   19.000000   2.44519674  1.3042937110597439e-10
   19.000000   2.50996278  1.3025128507345186e-10
   19.000000   2.57472706  1.3007369820681456e-10
   19.000000   2.63948889  1.2990079433684926e-10
   19.000000   2.70424717  1.2973679067329439e-10
   19.000000   2.76900006  1.2958581549224508e-10
   19.000000   2.83374417  1.2945177814100677e-10
   19.000000   2.89847256  1.2933823384543328e-10
   19.000000   2.96316844  1.2924825719025365e-10
   19.000000   3.02777863  1.2918432042176758e-10
   19.000000   3.09200950  1.2914819047829717e-10
   19.250000   0.04958315  1.0923692647595554e-10
   19.250000   0.11381403  1.0927636380073141e-10
   19.250000   0.17842421  1.0934644987607359e-10
   19.250000   0.24312010  1.0944574991284162e-10
   19.250000   0.30784849  1.0957224527139248e-10
   19.250000   0.37259260  1.0972342034438482e-10
   19.250000   0.43734549  1.0989635209695362e-10
   19.250000   0.50210377  1.1008780997948296e-10
   19.250000   0.56686560  1.1029435828913215e-10
   19.250000   0.63162987  1.1051245956690277e-10
   19.250000   0.69639591  1.1073856486346416e-10
   19.250000   0.76116325  1.1096920345897518e-10
   19.250000   0.82593158  1.1120104885480840e-10
   19.250000   0.89070068  1.1143097702345884e-10
   19.250000   0.95547037  1.1165610844292775e-10
   19.250000   1.02024053  1.1187382760654947e-10
   19.250000   1.08501108  1.1208180147956910e-10
   19.250000   1.14978193  1.1227797618886097e-10
   19.250000   1.21455301  1.1246057080731226e-10
   19.250000   1.27932429  1.1262806089883542e-10
   19.250000   1.34409571  1.1277916158806817e-10
   19.250000   1.40886724  1.1291280842097181e-10
   19.250000   1.47363885  1.1302814025469651e-10
   19.250000   1.53841049  1.1312448163902423e-10
   19.250000   1.60318216  1.1320133545100382e-10
   19.250000   1.66795381  1.1325838008130785e-10
   19.250000   1.73272541  1.1329546567482184e-10
   19.250000   1.79749694  1.1331262282758015e-10
   19.250000   1.86226837  1.1331008111824544e-10
   19.250000   1.92703964  1.1328827782717628e-10
   19.250000   1.99181073  1.1324788649097052e-10
   19.250000   2.05658157  1.1318983236155782e-10
   19.250000   2.12135212  1.1311531895670858e-10
   19.250000   2.18612229  1.1302583643066498e-10
   19.250000   2.25089198  1.1292318405888307e-10
   19.250000   2.31566107  1.1280946118003219e-10
   19.250000   2.38042940  1.1268706377885558e-10
   19.250000   2.44519674  1.1255865848282200e-10
   19.250000   2.50996278  1.1242714366006903e-10
   19.250000   2.57472706  1.1229559834578177e-10
   19.250000   2.63948889  1.1216720707414041e-10
   19.250000   2.70424717  1.1204518629491831e-10
   19.250000   2.76900006  1.1193268195128154e-10
   19.250000   2.83374417  1.1183267485644163e-10
   19.250000   2.89847256  1.1174787418159241e-10
   19.250000   2.96316844  1.1168062521348199e-10
   19.250000   3.02777863  1.1163281385054965e-10
   19.250000   3.09200950  1.1160578811142761e-10
   19.500000   0.04958315  9.4358693342448353e-11
   19.500000   0.11381403  9.4389495952503305e-11
   19.500000   0.17842421  9.4444247090445455e-11
   19.500000   0.24312010  9.4521844187717323e-11
   19.500000   0.30784849  9.4620735535084730e-11
   19.500000   0.37259260  9.4738986810093462e-11
   19.500000   0.43734549  9.4874348778667045e-11
   19.500000   0.50210377  9.5024335081221175e-11
   19.500000   0.56686560  9.5186299719232986e-11
   19.500000   0.63162987  9.5357515822815517e-11
   19.500000   0.69639591  9.5535248846224892e-11
   19.500000   0.76116325  9.5716816962970431e-11
   19.500000   0.82593158  9.5899650994105510e-11
   19.500000   0.89070068  9.6081332159832128e-11
   19.500000   0.95547037  9.6259626694111863e-11
   19.500000   1.02024053  9.6432506331934431e-11
   19.500000   1.08501108  9.6598153531213523e-11
   19.500000   1.14978193  9.6754964886553748e-11
   19.500000   1.21455301  9.6901545211887706e-11
   19.500000   1.27932429  9.7036696099982691e-11
   19.500000   1.34409571  9.7159400642192842e-11
   19.500000   1.40886724  9.7268814555030078e-11
   19.500000   1.47363885  9.7364244353710412e-11
   19.500000   1.53841049  9.7445142680476522e-11
   19.500000   1.60318216  9.7511100492806068e-11
   19.500000   1.66795381  9.7561838670662852e-11
   19.500000   1.73272541  9.7597213869944213e-11
   19.500000   1.79749694  9.7617223736614676e-11
   19.500000   1.86226837  9.7622013807659706e-11
   19.500000   1.92703964  9.7611896733889330e-11
   19.500000   1.99181073  9.7587360811533364e-11
   19.500000   2.05658157  9.7549093364807887e-11
   19.500000   2.12135212  9.7497990036442349e-11
   19.500000   2.18612229  9.7435174130059619e-11
   19.500000   2.25089198  9.7362001684463289e-11
   19.500000   2.31566107  9.7280061398734274e-11
   19.500000   2.38042940  9.7191170185115750e-11
   19.500000   2.44519674  9.7097352403731130e-11
   19.500000   2.50996278  9.7000812995433393e-11
   19.500000   2.57472706  9.6903892241817328e-11
   19.500000   2.63948889  9.6809018418982129e-11
   19.500000   2.70424717  9.6718636759874455e-11
   19.500000   2.76900006  9.6635147781688818e-11
   19.500000   2.83374417  9.6560820287167365e-11
   19.500000   2.89847256  9.6497722070013452e-11
   19.500000   2.96316844  9.6447638639198978e-11
   19.500000   3.02777863  9.6412009973626952e-11
   19.500000   3.09200950  9.6391862197837322e-11
   19.750000   0.04958315  8.1466570981230311e-11
   19.750000   0.11381403  8.1490677726972248e-11
   19.750000   0.17842421  8.1533535426689468e-11
   19.750000   0.24312010  8.1594297179968851e-11
   19.750000   0.30784849  8.1671768502248352e-11
   19.750000   0.37259260  8.1764461059553237e-11
   19.750000   0.43734549  8.1870642604836538e-11
   19.750000   0.50210377  8.1988398371775808e-11
   19.750000   0.56686560  8.2115689942911758e-11
   19.750000   0.63162987  8.2250413443607346e-11
   19.750000   0.69639591  8.2390457645856365e-11
   19.750000   0.76116325  8.2533751074615089e-11
   19.750000   0.82593158  8.2678304006040056e-11
   19.750000   0.89070068  8.2822245696662073e-11
   19.750000   0.95547037  8.2963840239480740e-11
   19.750000   1.02024053  8.3101510716529821e-11
   19.750000   1.08501108  8.3233839818990432e-11
   19.750000   1.14978193  8.3359574459850107e-11
   19.750000   1.21455301  8.3477619616136899e-11
   19.750000   1.27932429  8.3587029068458143e-11
   19.750000   1.34409571  8.3687001247018960e-11
   19.750000   1.40886724  8.3776857556271280e-11
   19.750000   1.47363885  8.3856044393645831e-11
   19.750000   1.53841049  8.3924114908065502e-11
   19.750000   1.60318216  8.3980727588359020e-11
   19.750000   1.66795381  8.4025645709667515e-11
   19.750000   1.73272541  8.4058733367275821e-11
   19.750000   1.79749694  8.4079964563757787e-11
   19.750000   1.86226837  8.4089427510408271e-11
   19.750000   1.92703964  8.4087339805870126e-11
   19.750000   1.99181073  8.4074053279848663e-11
   19.750000   2.05658157  8.4050072179694531e-11
   19.750000   2.12135212  8.4016065341868378e-11
   19.750000   2.18612229  8.3972872616565073e-11
   19.750000   2.25089198  8.3921516006959344e-11
   19.750000   2.31566107  8.3863194786298080e-11
   19.750000   2.38042940  8.3799284268616885e-11
   19.750000   2.44519674  8.3731321780164479e-11
   19.750000   2.50996278  8.3660977993525535e-11
   19.750000   2.57472706  8.3590036768011918e-11
   19.750000   2.63948889  8.3520342054744315e-11
   19.750000   2.70424717  8.3453757197495288e-11
   19.750000   2.76900006  8.3392108265399463e-11
   19.750000   2.83374417  8.3337126656731015e-11
   19.750000   2.89847256  8.3290384035680390e-11
   19.750000   2.96316844  8.3253245041357728e-11
   19.750000   3.02777863  8.3226804899535803e-11
   19.750000   3.09200950  8.3211844945013545e-11
   20.000000   0.04958315  7.0306241756609655e-11
   20.000000   0.11381403  7.0325148421260140e-11
   20.000000   0.17842421  7.0358768600621403e-11
   20.000000   0.24312010  7.0406451147245483e-11
   20.000000   0.30784849  7.0467274850909626e-11
   20.000000   0.37259260  7.0540095337222762e-11
   20.000000   0.43734549  7.0623577223283914e-11
   20.000000   0.50210377  7.0716244051704726e-11
   20.000000   0.56686560  7.0816522889703747e-11
   20.000000   0.63162987  7.0922792527122611e-11
   20.000000   0.69639591  7.1033418431214496e-11
   20.000000   0.76116325  7.1146799752442067e-11
   20.000000   0.82593158  7.1261395717786783e-11
   20.000000   0.89070068  7.1375753430345949e-11
   20.000000   0.95547037  7.1488526722794884e-11
   20.000000   1.02024053  7.1598485042672724e-11
   20.000000   1.08501108  7.1704522771161261e-11
   20.000000   1.14978193  7.1805658280382029e-11
   20.000000   1.21455301  7.1901030302675757e-11
   20.000000   1.27932429  7.1989892225471163e-11
   20.000000   1.34409571  7.2071605669799218e-11
   20.000000   1.40886724  7.2145629824873200e-11
   20.000000   1.47363885  7.2211516314117713e-11
   20.000000   1.53841049  7.2268900848756609e-11
   20.000000   1.60318216  7.2317500035794477e-11
   20.000000   1.66795381  7.2357109834829501e-11
   20.000000   1.73272541  7.2387605962009103e-11
   20.000000   1.79749694  7.2408945580611582e-11
   20.000000   1.86226837  7.2421178352692108e-11
   20.000000   1.92703964  7.2424448668253163e-11
   20.000000   1.99181073  7.2419008838233364e-11
   20.000000   2.05658157  7.2405228462422109e-11
   20.000000   2.12135212  7.2383598843660760e-11
   20.000000   2.18612229  7.2354751227204048e-11
   20.000000   2.25089198  7.2319449136662077e-11
   20.000000   2.31566107  7.2278598585548451e-11
   20.000000   2.38042940  7.2233238509622073e-11
   20.000000   2.44519674  7.2184531666861922e-11
   20.000000   2.50996278  7.2133749322543854e-11
   20.000000   2.57472706  7.2082243458441261e-11
   20.000000   2.63948889  7.2031415841818522e-11
   20.000000   2.70424717  7.1982685382500463e-11
   20.000000   2.76900006  7.1937440119412667e-11
   20.000000   2.83374417  7.1896999062563713e-11
   20.000000   2.89847256  7.1862560273937845e-11
   20.000000   2.96316844  7.1835160583826692e-11
   20.000000   3.02777863  7.1815636854887497e-11
   20.000000   3.09200950  7.1804584317976574e-11
   20.500000   0.04958315  5.2309513350218935e-11
   20.500000   0.11381403  5.2321223958900868e-11
   20.500000   0.17842421  5.2342057386338029e-11
   20.500000   0.24312010  5.2371627044512144e-11
   20.500000   0.30784849  5.2409387271376735e-11
   20.500000   0.37259260  5.2454655596954330e-11
   20.500000   0.43734549  5.2506638046789516e-11
   20.500000   0.50210377  5.2564454965208289e-11
   20.500000   0.56686560  5.2627168780895822e-11
   20.500000   0.63162987  5.2693809030581070e-11
   20.500000   0.69639591  5.2763397516271645e-11
   20.500000   0.76116325  5.2834972198030038e-11
   20.500000   0.82593158  5.2907607889458456e-11
   20.500000   0.89070068  5.2980425253495438e-11
   20.500000   0.95547037  5.3052608002424428e-11
   20.500000   1.02024053  5.3123407292273770e-11
   20.500000   1.08501108  5.3192142475412514e-11
   20.500000   1.14978193  5.3258211877207120e-11
   20.500000   1.21455301  5.3321075437777988e-11
   20.500000   1.27932429  5.3380267012155774e-11
   20.500000   1.34409571  5.3435380243181329e-11
   20.500000   1.40886724  5.3486065048610190e-11
   20.500000   1.47363885  5.3532026671968340e-11
   20.500000   1.53841049  5.3573021211857106e-11
   20.500000   1.60318216  5.3608851250974881e-11
   20.500000   1.66795381  5.3639365899783732e-11
   20.500000   1.73272541  5.3664460701260990e-11
   20.500000   1.79749694  5.3684083658069631e-11
   20.500000   1.86226837  5.3698234272105335e-11
   20.500000   1.92703964  5.3706970337465110e-11
   20.500000   1.99181073  5.3710411605735450e-11
   20.500000   2.05658157  5.3708749659224416e-11
   20.500000   2.12135212  5.3702249402578877e-11
   20.500000   2.18612229  5.3691255622692051e-11
   20.500000   2.25089198  5.3676196011621051e-11
   20.500000   2.31566107  5.3657579582173622e-11
   20.500000   2.38042940  5.3635998716709852e-11
   20.500000   2.44519674  5.3612115201546417e-11
   20.500000   2.50996278  5.3586656696259520e-11
   20.500000   2.57472706  5.3560401510334481e-11
   20.500000   2.63948889  5.3534155894758318e-11
   20.500000   2.70424717  5.3508740913387212e-11
   20.500000   2.76900006  5.3484957817490474e-11
   20.500000   2.83374417  5.3463568905658087e-11
   20.500000   2.89847256  5.3445268910989960e-11
   20.500000   2.96316844  5.3430657773331789e-11
   20.500000   3.02777863  5.3420220243057090e-11
   20.500000   3.09200950  5.3414303407943689e-11
   21.000000   0.04958315  3.8879755494180387e-11
   21.000000   0.11381403  3.8887081573007917e-11
   21.000000   0.17842421  3.8900123221701332e-11
   21.000000   0.24312010  3.8918648941978781e-11
   21.000000   0.30784849  3.8942332969808547e-11
   21.000000   0.37259260  3.8970769342383749e-11
   21.000000   0.43734549  3.9003482912969131e-11
   21.000000   0.50210377  3.9039947383471623e-11
   21.000000   0.56686560  3.9079601147441776e-11
   21.000000   0.63162987  3.9121860998931429e-11
   21.000000   0.69639591  3.9166139974770830e-11
   21.000000   0.76116325  3.9211856946895184e-11
   21.000000   0.82593158  3.9258451417043791e-11
   21.000000   0.89070068  3.9305390801668074e-11
   21.000000   0.95547037  3.9352174088203871e-11
   21.000000   1.02024053  3.9398343410522113e-11
   21.000000   1.08501108  3.9443478564547672e-11
   21.000000   1.14978193  3.9487203404183852e-11
   21.000000   1.21455301  3.9529180934951154e-11
   21.000000   1.27932429  3.9569113710553624e-11
   21.000000   1.34409571  3.9606739765281367e-11
   21.000000   1.40886724  3.9641832483277374e-11
   21.000000   1.47363885  3.9674194049477609e-11
   21.000000   1.53841049  3.9703659284387630e-11
   21.000000   1.60318216  3.9730089856004685e-11
   21.000000   1.66795381  3.9753374242782900e-11
   21.000000   1.73272541  3.9773428070684842e-11
   21.000000   1.79749694  3.9790199411929442e-11
   21.000000   1.86226837  3.9803666347556391e-11
   21.000000   1.92703964  3.9813842614762781e-11
   21.000000   1.99181073  3.9820778352864148e-11
   21.000000   2.05658157  3.9824566664918857e-11
   21.000000   2.12135212  3.9825343494934478e-11
   21.000000   2.18612229  3.9823293452193448e-11
   21.000000   2.25089198  3.9818652032285320e-11
   21.000000   2.31566107  3.9811700670535987e-11
   21.000000   2.38042940  3.9802772826833111e-11
   21.000000   2.44519674  3.9792241432582503e-11
   21.000000   2.50996278  3.9780521733721056e-11
   21.000000   2.57472706  3.9768057095254118e-11
   21.000000   2.63948889  3.9755310963641600e-11
   21.000000   2.70424717  3.9742753990657283e-11
   21.000000   2.76900006  3.9730848093586083e-11
   21.000000   2.83374417  3.9720031842373204e-11
   21.000000   2.89847256  3.9710706803585122e-11
   21.000000   2.96316844  3.9703218646370025e-11
   21.000000   3.02777863  3.9697849191854987e-11
   21.000000   3.09200950  3.9694797629804407e-11
   21.500000   0.04958315  2.8877550707833697e-11
   21.500000   0.11381403  2.8882185905303071e-11
   21.500000   0.17842421  2.8890439609853167e-11
   21.500000   0.24312010  2.8902176675509862e-11
   21.500000   0.30784849  2.8917199723830002e-11
   21.500000   0.37259260  2.8935266215457682e-11
   21.500000   0.43734549  2.8956090519030461e-11
   21.500000   0.50210377  2.8979358358995737e-11
   21.500000   0.56686560  2.9004729439074125e-11
   21.500000   0.63162987  2.9031853207412474e-11
   21.500000   0.69639591  2.9060372967636229e-11
   21.500000   0.76116325  2.9089939195858414e-11
   21.500000   0.82593158  2.9120207362654568e-11
   21.500000   0.89070068  2.9150852705535068e-11
   21.500000   0.95547037  2.9181567966116805e-11
   21.500000   1.02024053  2.9212068790576242e-11
   21.500000   1.08501108  2.9242093549455627e-11
   21.500000   1.14978193  2.9271406653553570e-11
   21.500000   1.21455301  2.9299793950050223e-11
   21.500000   1.27932429  2.9327063304987930e-11
   21.500000   1.34409571  2.9353044670187174e-11
   21.500000   1.40886724  2.9377589475854618e-11
   21.500000   1.47363885  2.9400563398355538e-11
   21.500000   1.53841049  2.9421853642799660e-11
   21.500000   1.60318216  2.9441360467495645e-11
   21.500000   1.66795381  2.9459002985958325e-11
   21.500000   1.73272541  2.9474715967068930e-11
   21.500000   1.79749694  2.9488450341898721e-11
   21.500000   1.86226837  2.9500179262128807e-11
   21.500000   1.92703964  2.9509895119180933e-11
   21.500000   1.99181073  2.9517610538097017e-11
   21.500000   2.05658157  2.9523366380271209e-11
   21.500000   2.12135212  2.9527229425661731e-11
   21.500000   2.18612229  2.9529293990391903e-11
   21.500000   2.25089198  2.9529685048794647e-11
   21.500000   2.31566107  2.9528556846110893e-11
   21.500000   2.38042940  2.9526091542096458e-11
   21.500000   2.44519674  2.9522499418015167e-11
   21.500000   2.50996278  2.9518012381924490e-11
   21.500000   2.57472706  2.9512884242821713e-11
   21.500000   2.63948889  2.9507376187078645e-11
   21.500000   2.70424717  2.9501758130709538e-11
   21.500000   2.76900006  2.9496293489655503e-11
   21.500000   2.83374417  2.9491234103267361e-11
   21.500000   2.89847256  2.9486811195468182e-11
   21.500000   2.96316844  2.9483223441369904e-11
   21.500000   3.02777863  2.9480632696787151e-11
   21.500000   3.09200950  2.9479154509939206e-11
   22.000000   0.04958315  2.1438605734848572e-11
   22.000000   0.11381403  2.1441572998212197e-11
   22.000000   0.17842421  2.1446859634380264e-11
   22.000000   0.24312010  2.1454383984669014e-11
   22.000000   0.30784849  2.1464029031833334e-11
   22.000000   0.37259260  2.1475647726695902e-11
   22.000000   0.43734549  2.1489067765683666e-11
   22.000000   0.50210377  2.1504098397282486e-11
   22.000000   0.56686560  2.1520534696665960e-11
   22.000000   0.63162987  2.1538164275357538e-11
   22.000000   0.69639591  2.1556769896037651e-11
   22.000000   0.76116325  2.1576137592805650e-11
   22.000000   0.82593158  2.1596055824407676e-11
   22.000000   0.89070068  2.1616324881997888e-11
   22.000000   0.95547037  2.1636754529048392e-11
   22.000000   1.02024053  2.1657166123448824e-11
   22.000000   1.08501108  2.1677396458643092e-11
   22.000000   1.14978193  2.1697294173048674e-11
   22.000000   1.21455301  2.1716722311166187e-11
   22.000000   1.27932429  2.1735557964073396e-11
   22.000000   1.34409571  2.1753686920015061e-11
   22.000000   1.40886724  2.1771010391056450e-11
   22.000000   1.47363885  2.1787437377594256e-11
   22.000000   1.53841049  2.1802888462833226e-11
   22.000000   1.60318216  2.1817294862088120e-11
   22.000000   1.66795381  2.1830593064297877e-11
   22.000000   1.73272541  2.1842734503476095e-11
   22.000000   1.79749694  2.1853679973898829e-11
   22.000000   1.86226837  2.1863399216280133e-11
   22.000000   1.92703964  2.1871875598693095e-11
   22.000000   1.99181073  2.1879108622831560e-11
   22.000000   2.05658157  2.1885108766598358e-11
   22.000000   2.12135212  2.1889904503635053e-11
   22.000000   2.18612229  2.1893543403891683e-11
   22.000000   2.25089198  2.1896086141234184e-11
   22.000000   2.31566107  2.1897615542934952e-11
   22.000000   2.38042940  2.1898230441603795e-11
   22.000000   2.44519674  2.1898045928920589e-11
   22.000000   2.50996278  2.1897190840653918e-11
   22.000000   2.57472706  2.1895805565872404e-11
   22.000000   2.63948889  2.1894039523959519e-11
   22.000000   2.70424717  2.1892043681258160e-11
   22.000000   2.76900006  2.1889968455891391e-11
   22.000000   2.83374417  2.1887956926073646e-11
   22.000000   2.89847256  2.1886142304233983e-11
   22.000000   2.96316844  2.1884636819758454e-11
   22.000000   3.02777863  2.1883531713838166e-11
   22.000000   3.09200950  2.1882896164028020e-11
   22.500000   0.04958315  1.5911556277919435e-11
   22.500000   0.11381403  1.5913479177310854e-11
   22.500000   0.17842421  1.5916908226875053e-11
   22.500000   0.24312010  1.5921793461585512e-11
   22.500000   0.30784849  1.5928064805687133e-11
   22.500000   0.37259260  1.5935631854141802e-11
   22.500000   0.43734549  1.5944390908024693e-11
   22.500000   0.50210377  1.5954225785232872e-11
   22.500000   0.56686560  1.5965012080712889e-11
   22.500000   0.63162987  1.5976620300669722e-11
   22.500000   0.69639591  1.5988917123908343e-11
   22.500000   0.76116325  1.6001769195272485e-11
   22.500000   0.82593158  1.6015047870171028e-11
   22.500000   0.89070068  1.6028628283321769e-11
   22.500000   0.95547037  1.6042390465110960e-11
   22.500000   1.02024053  1.6056224048393154e-11
   22.500000   1.08501108  1.6070022557516113e-11
   22.500000   1.14978193  1.6083690494379158e-11
   22.500000   1.21455301  1.6097138380088293e-11
   22.500000   1.27932429  1.6110284217162685e-11
   22.500000   1.34409571  1.6123053067634923e-11
   22.500000   1.40886724  1.6135378378906500e-11
   22.500000   1.47363885  1.6147197148328329e-11
   22.500000   1.53841049  1.6158453359345703e-11
   22.500000   1.60318216  1.6169096528316204e-11
   22.500000   1.66795381  1.6179082660360632e-11
   22.500000   1.73272541  1.6188372158085668e-11
   22.500000   1.79749694  1.6196933415495633e-11
   22.500000   1.86226837  1.6204739648649699e-11
   22.500000   1.92703964  1.6211774285209508e-11
   22.500000   1.99181073  1.6218025061833325e-11
   22.500000   2.05658157  1.6223492952222239e-11
   22.500000   2.12135212  1.6228185638725402e-11
   22.500000   2.18612229  1.6232123625051643e-11
   22.500000   2.25089198  1.6235335365165210e-11
   22.500000   2.31566107  1.6237861402682353e-11
   22.500000   2.38042940  1.6239754542053895e-11
   22.500000   2.44519674  1.6241076548057928e-11
   22.500000   2.50996278  1.6241896484726417e-11
   22.500000   2.57472706  1.6242292617369939e-11
   22.500000   2.63948889  1.6242345806394375e-11
   22.500000   2.70424717  1.6242142172525499e-11
   22.500000   2.76900006  1.6241766813383329e-11
   22.500000   2.83374417  1.6241300031010098e-11
   22.500000   2.89847256  1.6240814076425364e-11
   22.500000   2.96316844  1.6240376349366247e-11
   22.500000   3.02777863  1.6240038470465962e-11
   22.500000   3.09200950  1.6239838055949321e-11
   23.000000   0.04958315  1.1807837828025963e-11
   23.000000   0.11381403  1.1809100695898680e-11
   23.000000   0.17842421  1.1811353657967567e-11
   23.000000   0.24312010  1.1814567111888833e-11
   23.000000   0.30784849  1.1818696669843803e-11
   23.000000   0.37259260  1.1823689342389419e-11
   23.000000   0.43734549  1.1829482130955016e-11
   23.000000   0.50210377  1.1836001790059983e-11
   23.000000   0.56686560  1.1843173584874618e-11
   23.000000   0.63162987  1.1850916372458783e-11
   23.000000   0.69639591  1.1859148484604992e-11
   23.000000   0.76116325  1.1867788340205099e-11
   23.000000   0.82593158  1.1876753989045426e-11
   23.000000   0.89070068  1.1885968056793183e-11
   23.000000   0.95547037  1.1895353555722058e-11
   23.000000   1.02024053  1.1904841132691790e-11
   23.000000   1.08501108  1.1914361213458748e-11
   23.000000   1.14978193  1.1923852755088636e-11
   23.000000   1.21455301  1.1933257078333707e-11
   23.000000   1.27932429  1.1942519507468533e-11
   23.000000   1.34409571  1.1951588540010569e-11
   23.000000   1.40886724  1.1960419119024000e-11
   23.000000   1.47363885  1.1968967640112647e-11
   23.000000   1.53841049  1.1977193713432228e-11
   23.000000   1.60318216  1.1985061341172087e-11
   23.000000   1.66795381  1.1992537496615027e-11
   23.000000   1.73272541  1.1999594100429941e-11
   23.000000   1.79749694  1.2006203774169146e-11
   23.000000   1.86226837  1.2012344234661007e-11
   23.000000   1.92703964  1.2017999694533583e-11
   23.000000   1.99181073  1.2023158470660736e-11
   23.000000   2.05658157  1.2027812830484150e-11
   23.000000   2.12135212  1.2031961772031553e-11
   23.000000   2.18612229  1.2035611110043602e-11
   23.000000   2.25089198  1.2038773676708122e-11
   23.000000   2.31566107  1.2041467429729028e-11
   23.000000   2.38042940  1.2043718097566416e-11
   23.000000   2.44519674  1.2045557079202607e-11
   23.000000   2.50996278  1.2047021830093478e-11
   23.000000   2.57472706  1.2048152619704476e-11
   23.000000   2.63948889  1.2048995249872750e-11
   23.000000   2.70424717  1.2049596940009493e-11
   23.000000   2.76900006  1.2050002048311320e-11
   23.000000   2.83374417  1.2050258819003619e-11
   23.000000   2.89847256  1.2050405808592679e-11
   23.000000   2.96316844  1.2050480722237450e-11
   23.000000   3.02777863  1.2050513366513721e-11
   23.000000   3.09200950  1.2050523395812572e-11
   23.500000   0.04958315  8.7622730193588416e-12
   23.500000   0.11381403  8.7631131865584488e-12
   23.500000   0.17842421  8.7646125535256336e-12
   23.500000   0.24312010  8.7667541190712576e-12
   23.500000   0.30784849  8.7695097103262211e-12
   23.500000   0.37259260  8.7728467321256265e-12
   23.500000   0.43734549  8.7767266188247453e-12
   23.500000   0.50210377  8.7811052652422738e-12
   23.500000   0.56686560  8.7859350138240253e-12
   23.500000   0.63162987  8.7911662526911181e-12
   23.500000   0.69639591  8.7967473918421810e-12
   23.500000   0.76116325  8.8026278442571043e-12
   23.500000   0.82593158  8.8087554605055641e-12
   23.500000   0.89070068  8.8150816850743880e-12
   23.500000   0.95547037  8.8215571236290158e-12
   23.500000   1.02024053  8.8281369632334800e-12
   23.500000   1.08501108  8.8347755651487425e-12
   23.500000   1.14978193  8.8414336046334658e-12
   23.500000   1.21455301  8.8480708403852419e-12
   23.500000   1.27932429  8.8546513925736521e-12
   23.500000   1.34409571  8.8611396523165833e-12
   23.500000   1.40886724  8.8675047976851075e-12
   23.500000   1.47363885  8.8737146971657396e-12
   23.500000   1.53841049  8.8797424230486083e-12
   23.500000   1.60318216  8.8855623476735708e-12
   23.500000   1.66795381  8.8911480971091878e-12
   23.500000   1.73272541  8.8964777707891268e-12
   23.500000   1.79749694  8.9015328954756104e-12
   23.500000   1.86226837  8.9062940708628064e-12
   23.500000   1.92703964  8.9107461877480229e-12
   23.500000   1.99181073  8.9148796661864325e-12
   23.500000   2.05658157  8.9186851431622878e-12
   23.500000   2.12135212  8.9221556795290945e-12
   23.500000   2.18612229  8.9252925352984431e-12
   23.500000   2.25089198  8.9280978036503374e-12
   23.500000   2.31566107  8.9305787144882717e-12
   23.500000   2.38042940  8.9327465213676188e-12
   23.500000   2.44519674  8.9346176840815861e-12
   23.500000   2.50996278  8.9362080950264381e-12
   23.500000   2.57472706  8.9375405900398494e-12
   23.500000   2.63948889  8.9386396128326411e-12
   23.500000   2.70424717  8.9395272805074990e-12
   23.500000   2.76900006  8.9402325762016459e-12
   23.500000   2.83374417  8.9407769088959329e-12
   23.500000   2.89847256  8.9411849803125321e-12
   23.500000   2.96316844  8.9414758862234709e-12
   23.500000   3.02777863  8.9416663962427996e-12
   23.500000   3.09200950  8.9417695008505443e-12
   24.000000   0.04958315  6.5026095148091737e-12
   24.000000   0.11381403  6.5031757442864661e-12
   24.000000   0.17842421  6.5041870192224668e-12
   24.000000   0.24312010  6.5056313864698702e-12
   24.000000   0.30784849  6.5074935233004494e-12
   24.000000   0.37259260  6.5097528723960159e-12
   24.000000   0.43734549  6.5123856400067892e-12
   24.000000   0.50210377  6.5153627336102859e-12
   24.000000   0.56686560  6.5186555001910511e-12
   24.000000   0.63162987  6.5222322854097246e-12
   24.000000   0.69639591  6.5260627752272478e-12
   24.000000   0.76116325  6.5301119733029169e-12
   24.000000   0.82593158  6.5343484701583845e-12
   24.000000   0.89070068  6.5387397275335124e-12
   24.000000   0.95547037  6.5432552842391036e-12
   24.000000   1.02024053  6.5478654453000202e-12
   24.000000   1.08501108  6.5525402200051519e-12
   24.000000   1.14978193  6.5572517679694838e-12
   24.000000   1.21455301  6.5619750295255542e-12
   24.000000   1.27932429  6.5666835545190869e-12
   24.000000   1.34409571  6.5713549606061719e-12
   24.000000   1.40886724  6.5759663203527929e-12
   24.000000   1.47363885  6.5804951832255233e-12
   24.000000   1.53841049  6.5849226556579999e-12
   24.000000   1.60318216  6.5892284217284842e-12
   24.000000   1.66795381  6.5933947958363839e-12
   24.000000   1.73272541  6.5974052704178798e-12
   24.000000   1.79749694  6.6012440051824442e-12
   24.000000   1.86226837  6.6048972459190211e-12
   24.000000   1.92703964  6.6083521498773574e-12
   24.000000   1.99181073  6.6115993576629594e-12
   24.000000   2.05658157  6.6146298439769320e-12
   24.000000   2.12135212  6.6174362671880186e-12
   24.000000   2.18612229  6.6200157313184666e-12
   24.000000   2.25089198  6.6223678214792129e-12
   24.000000   2.31566107  6.6244931468532696e-12
   24.000000   2.38042940  6.6263958999580999e-12
   24.000000   2.44519674  6.6280815140553979e-12
   24.000000   2.50996278  6.6295591633481762e-12
   24.000000   2.57472706  6.6308393545179317e-12
   24.000000   2.63948889  6.6319322199528069e-12
   24.000000   2.70424717  6.6328529823623780e-12
   24.000000   2.76900006  6.6336139838617009e-12
   24.000000   2.83374417  6.6342269052885933e-12
   24.000000   2.89847256  6.6347054507673218e-12
   24.000000   2.96316844  6.6350605102524417e-12
   24.000000   3.02777863  6.6353003107220673e-12
   24.000000   3.09200950  6.6354312875429799e-12
   24.500000   0.04958315  4.8262534472820218e-12
   24.500000   0.11381403  4.8266396091756971e-12
   24.500000   0.17842421  4.8273301638048038e-12
   24.500000   0.24312010  4.8283177811262645e-12
   24.500000   0.30784849  4.8295910740171099e-12
   24.500000   0.37259260  4.8311394983490207e-12
   24.500000   0.43734549  4.8329457054082428e-12
   24.500000   0.50210377  4.8349953221664670e-12
   24.500000   0.56686560  4.8372665319330451e-12
   24.500000   0.63162987  4.8397411567193816e-12
   24.500000   0.69639591  4.8423982022224075e-12
   24.500000   0.76116325  4.8452172520747457e-12
   24.500000   0.82593158  4.8481767993172293e-12
   24.500000   0.89070068  4.8512572620504359e-12
   24.500000   0.95547037  4.8544365684842661e-12
   24.500000   1.02024053  4.8576951868803660e-12
   24.500000   1.08501108  4.8610144204718678e-12
   24.500000   1.14978193  4.8643757157526190e-12
   24.500000   1.21455301  4.8677600556398890e-12
   24.500000   1.27932429  4.8711516952246985e-12
   24.500000   1.34409571  4.8745328155927950e-12
   24.500000   1.40886724  4.8778875277341410e-12
   24.500000   1.47363885  4.8812014848761697e-12
   24.500000   1.53841049  4.8844593954872104e-12
   24.500000   1.60318216  4.8876466397611549e-12
   24.500000   1.66795381  4.8907509767471178e-12
   24.500000   1.73272541  4.8937593190042718e-12
   24.500000   1.79749694  4.8966595050873930e-12
   24.500000   1.86226837  4.8994408624979366e-12
   24.500000   1.92703964  4.9020937361082318e-12
   24.500000   1.99181073  4.9046083224300806e-12
   24.500000   2.05658157  4.9069790387099055e-12
   24.500000   2.12135212  4.9091977652837043e-12
   24.500000   2.18612229  4.9112622095300867e-12
   24.500000   2.25089198  4.9131674084176212e-12
   24.500000   2.31566107  4.9149116870937302e-12
   24.500000   2.38042940  4.9164971513435682e-12
   24.500000   2.44519674  4.9179232141995552e-12
   24.500000   2.50996278  4.9191948313789961e-12
   24.500000   2.57472706  4.9203167651193190e-12
   24.500000   2.63948889  4.9212927179443593e-12
   24.500000   2.70424717  4.9221296606006782e-12
   24.500000   2.76900006  4.9228343378903881e-12
   24.500000   2.83374417  4.9234132983582850e-12
   24.500000   2.89847256  4.9238721224784265e-12
   24.500000   2.96316844  4.9242175954895958e-12
   24.500000   3.02777863  4.9244526984805145e-12
   24.500000   3.09200950  4.9245834643464989e-12
   25.000000   0.04958315  3.5826500027518755e-12
   25.000000   0.11381403  3.5829156420968965e-12
   25.000000   0.17842421  3.5833929063107259e-12
   25.000000   0.24312010  3.5840755638530668e-12
   25.000000   0.30784849  3.5849570720408151e-12
   25.000000   0.37259260  3.5860296738333345e-12
   25.000000   0.43734549  3.5872842263098894e-12
   25.000000   0.50210377  3.5887096414163389e-12
   25.000000   0.56686560  3.5902934641924087e-12
   25.000000   0.63162987  3.5920227209522622e-12
   25.000000   0.69639591  3.5938852834826461e-12
   25.000000   0.76116325  3.5958674192548811e-12
   25.000000   0.82593158  3.5979545206506567e-12
   25.000000   0.89070068  3.6001350569536587e-12
   25.000000   0.95547037  3.6023930406773333e-12
   25.000000   1.02024053  3.6047152059525493e-12
   25.000000   1.08501108  3.6070904767514297e-12
   25.000000   1.14978193  3.6095037460109591e-12
   25.000000   1.21455301  3.6119445441750485e-12
   25.000000   1.27932429  3.6143996563634643e-12
   25.000000   1.34409571  3.6168579412887102e-12
   25.000000   1.40886724  3.6193084423631303e-12
   25.000000   1.47363885  3.6217394439029668e-12
   25.000000   1.53841049  3.6241404727311508e-12
   25.000000   1.60318216  3.6265010505080809e-12
   25.000000   1.66795381  3.6288119822712545e-12
   25.000000   1.73272541  3.6310630432326680e-12
   25.000000   1.79749694  3.6332460545812795e-12
   25.000000   1.86226837  3.6353518317101098e-12
   25.000000   1.92703964  3.6373723024172839e-12
   25.000000   1.99181073  3.6393015916006842e-12
   25.000000   2.05658157  3.6411327066581644e-12
   25.000000   2.12135212  3.6428602532696962e-12
   25.000000   2.18612229  3.6444799921890266e-12
   25.000000   2.25089198  3.6459874118945644e-12
   25.000000   2.31566107  3.6473820317792138e-12
   25.000000   2.38042940  3.6486603563958854e-12
   25.000000   2.44519674  3.6498225308641339e-12
   25.000000   2.50996278  3.6508703664778497e-12
   25.000000   2.57472706  3.6518037144607722e-12
   25.000000   2.63948889  3.6526254405017073e-12
   25.000000   2.70424717  3.6533372103976763e-12
   25.000000   2.76900006  3.6539433948187046e-12
   25.000000   2.83374417  3.6544456134280606e-12
   25.000000   2.89847256  3.6548473479501673e-12
   25.000000   2.96316844  3.6551524627469946e-12
   25.000000   3.02777863  3.6553612965516781e-12
   25.000000   3.09200950  3.6554768463547886e-12
