#################################
NITROGEN                         
  Numerical and                  
  Iterative                      
  Techniques for                 
 ROvibronic energies with        
GENeral internal coordinates     
                                 
PBC,2013-2017                    
Release version (1.9), Linux build
OpenMP Parallelization
Compiled Feb 21 2024, 09:24:35
Executed: Tue Mar 19 23:40:26 2024
#################################

Loading job file: "VSCF.job"
-----BEGIN JOB FILE CONTENT-----
> 
> JOBTYPE = JOBTYPE_VSCF
> 
> # Use Z-matrix coordinate system
> COORD = ZMAT
> %ZMAT
> He
> C1 1 R12
> O2 2 R13 1 A213
> O3 2 R14 1 A214 3 D3214
> %
> 
> # Masses
> MASS = He C O-16 O-18
> 
> # Transform ZMAT coordinates
> # to normal coordinates as determined
> # by CO2HE_STAT.job
> COORD_TRANS = NC_TRANS
> 
> # Select PES
> PES = /home/oosode/project/rgCO2/rgCO2-stampede/pes/HeCO2/CO2He/libCO2He.so
> 
> # Define 1D DVR bases
> Q1 = AC HO 15 -5 5
> Q2 = AC HO 15 -5 5
> Q3 = AC HO 15 -5 5
> Q4 = AC HO 15 -5 5
> Q5 = AC HO 15 -5 5
> Q6 = AC HO 15 -5 5
> 
> # VSCF parameters
> # Calculate all 0, 1, 2, 3 quantum states
> TARGET_MAXV = 3
> 
> # Expand all Hamiltonian terms to 
> # 3-body (exact)
> EXPANSION = 3,3,3,3,3,-1,-1
> REF1 = 0 0 0 0 0 0
> 
> # Set VSCF energy convergence tolerance (cm-1)
> VSCF_CONV = 1e-6
> 
> 
------END JOB FILE CONTENT------

### PARSING JOB FILE ###

JOBTYPE = JOBTYPE_VSCF
# of CPUs:	128
# of thrs:	128
sizeof(void *) = 8
max size_t = 18446744073709551615

Atom | ZMAT entry:              
--------------------------------
  1  | He
  2  | C1 1 R12
  3  | O2 2 R13 1 A213
  4  | O3 2 R14 1 A214 3 D3214

# of non-dummy ZMAT atoms = 4
# of non-fixed ZMAT coord = 6

Loading T-type coordinate transformation (COORD_TRANS)
Coordinate T matrix and t0, f vectors: 
-------------------------------------- 
  Q1 :   -0.0222    +0.4530    +1.9606    -0.5098    -2.0415    -0.0000  ;    +0.2614 ;  0
  Q2 :   -2.4547    -0.0034    -1.0689    +0.0012    -1.0494    +0.0000  ;   +10.8705 ;  0
  Q3 :   -0.0000    -0.0000    +0.0176    -0.0000    +0.0176    +7.7010  ;   -24.2487 ;  0
  Q4 :   +0.0231    -0.0005    -7.6911    -0.0003    -7.6905    +0.0177  ;   +24.0326 ;  0
  Q5 :   -0.0046   +17.7672    +0.0013   +18.5741    +0.0010    +0.0000  ;   -42.2258 ;  0
  Q6 :   +0.0001   -12.8144    +0.0032   +12.1657    -0.0032    +0.0000  ;    +0.7537 ;  0

Computing inverse of T...LU OK...OK
Coordinate system: ZMAT (TRANS)
N = 4, Nq = 6

 Atom | Isotope | Atomic Mass (/u) | Nuclear spin 
--------------------------------------------------
   1  |     He  |   4.00260325415  | 0            
   2  |      C  |  12.00000000000  | 0            
   3  |   O-16  |  15.99491461956  | 0            
   4  |   O-18  |  17.99916100000  | 0            
--------------------------------------------------

Loading user reference geometries:
----------------------------------
REF1 = [0.0000, 0.0000, 0.0000, 0.0000, 0.0000, 0.0000]

 Coord. |   Desc.   | Activity |             Specification             
-----------------------------------------------------------------------
   Q1   | Q1'       |  ACTIVE  | HO, 15:[-5.0000,5.0000]              
   Q2   | Q2'       |  ACTIVE  | HO, 15:[-5.0000,5.0000]              
   Q3   | Q3'       |  ACTIVE  | HO, 15:[-5.0000,5.0000]              
   Q4   | Q4'       |  ACTIVE  | HO, 15:[-5.0000,5.0000]              
   Q5   | Q5'       |  ACTIVE  | HO, 15:[-5.0000,5.0000]              
   Q6   | Q6'       |  ACTIVE  | HO, 15:[-5.0000,5.0000]              
-----------------------------------------------------------------------
 # of active coords:        6
 # of constrained coords:   0
 # of grid points:          11390625

BFPERM = 0 (default), (x,y,z) <--> (e1,e2,e3)

Total angular momentum: J = 0 (default)

Loading PES shared library from "/home/oosode/project/rgCO2/rgCO2-stampede/pes/HeCO2/CO2He/libCO2He.so":
N = 4
Note: cannot import PES calcGradient subroutine. Using numerical gradient.
PES_GRAD_STEP = 1.00E-05 (default)
PESPERM = 1 2 3 4 (default)
PES imported successfully
DEREFERENCE = [ 0 0 0 0 0 0 ] (default)
VSCF_CONV = 1.0E-06 cm^-1
VSCF_SAMPLE_NX = 0 (default)
VSCF_SAMPLE_SCALE = 1.000000 (default)
POST_VHF = NONE (default)
TARGET = [0,0,0,0,0,0] (default)
TARGET_START = 1 (default)
### PARSING COMPLETE ###

Calculating Hamiltonian expansions
EXPANSION = [NV,NG1,NG2,NU,NVT,NGRV,NGRR] = [3,3,3,3,3,-1,-1]

Calculating PES expansion...
Memory estimate = 0.541 MBytes 
Calc. time estimate = 0.18003 secs (single thread)
Complete (0.10133 sec)

Calculating KEO expansion...
Memory estimate = 15.160 MBytes 
Complete (6.33930 sec)

Target list:
--------------
[  1] : [ 0 0 0 0 0 0 ]
[  2] : [ 0 0 0 0 0 1 ]
[  3] : [ 0 0 0 0 0 2 ]
[  4] : [ 0 0 0 0 0 3 ]
[  5] : [ 0 0 0 0 1 0 ]
[  6] : [ 0 0 0 0 1 1 ]
[  7] : [ 0 0 0 0 1 2 ]
[  8] : [ 0 0 0 0 2 0 ]
[  9] : [ 0 0 0 0 2 1 ]
[ 10] : [ 0 0 0 0 3 0 ]
[ 11] : [ 0 0 0 1 0 0 ]
[ 12] : [ 0 0 0 1 0 1 ]
[ 13] : [ 0 0 0 1 0 2 ]
[ 14] : [ 0 0 0 1 1 0 ]
[ 15] : [ 0 0 0 1 1 1 ]
[ 16] : [ 0 0 0 1 2 0 ]
[ 17] : [ 0 0 0 2 0 0 ]
[ 18] : [ 0 0 0 2 0 1 ]
[ 19] : [ 0 0 0 2 1 0 ]
[ 20] : [ 0 0 0 3 0 0 ]
[ 21] : [ 0 0 1 0 0 0 ]
[ 22] : [ 0 0 1 0 0 1 ]
[ 23] : [ 0 0 1 0 0 2 ]
[ 24] : [ 0 0 1 0 1 0 ]
[ 25] : [ 0 0 1 0 1 1 ]
[ 26] : [ 0 0 1 0 2 0 ]
[ 27] : [ 0 0 1 1 0 0 ]
[ 28] : [ 0 0 1 1 0 1 ]
[ 29] : [ 0 0 1 1 1 0 ]
[ 30] : [ 0 0 1 2 0 0 ]
[ 31] : [ 0 0 2 0 0 0 ]
[ 32] : [ 0 0 2 0 0 1 ]
[ 33] : [ 0 0 2 0 1 0 ]
[ 34] : [ 0 0 2 1 0 0 ]
[ 35] : [ 0 0 3 0 0 0 ]
[ 36] : [ 0 1 0 0 0 0 ]
[ 37] : [ 0 1 0 0 0 1 ]
[ 38] : [ 0 1 0 0 0 2 ]
[ 39] : [ 0 1 0 0 1 0 ]
[ 40] : [ 0 1 0 0 1 1 ]
[ 41] : [ 0 1 0 0 2 0 ]
[ 42] : [ 0 1 0 1 0 0 ]
[ 43] : [ 0 1 0 1 0 1 ]
[ 44] : [ 0 1 0 1 1 0 ]
[ 45] : [ 0 1 0 2 0 0 ]
[ 46] : [ 0 1 1 0 0 0 ]
[ 47] : [ 0 1 1 0 0 1 ]
[ 48] : [ 0 1 1 0 1 0 ]
[ 49] : [ 0 1 1 1 0 0 ]
[ 50] : [ 0 1 2 0 0 0 ]
[ 51] : [ 0 2 0 0 0 0 ]
[ 52] : [ 0 2 0 0 0 1 ]
[ 53] : [ 0 2 0 0 1 0 ]
[ 54] : [ 0 2 0 1 0 0 ]
[ 55] : [ 0 2 1 0 0 0 ]
[ 56] : [ 0 3 0 0 0 0 ]
[ 57] : [ 1 0 0 0 0 0 ]
[ 58] : [ 1 0 0 0 0 1 ]
[ 59] : [ 1 0 0 0 0 2 ]
[ 60] : [ 1 0 0 0 1 0 ]
[ 61] : [ 1 0 0 0 1 1 ]
[ 62] : [ 1 0 0 0 2 0 ]
[ 63] : [ 1 0 0 1 0 0 ]
[ 64] : [ 1 0 0 1 0 1 ]
[ 65] : [ 1 0 0 1 1 0 ]
[ 66] : [ 1 0 0 2 0 0 ]
[ 67] : [ 1 0 1 0 0 0 ]
[ 68] : [ 1 0 1 0 0 1 ]
[ 69] : [ 1 0 1 0 1 0 ]
[ 70] : [ 1 0 1 1 0 0 ]
[ 71] : [ 1 0 2 0 0 0 ]
[ 72] : [ 1 1 0 0 0 0 ]
[ 73] : [ 1 1 0 0 0 1 ]
[ 74] : [ 1 1 0 0 1 0 ]
[ 75] : [ 1 1 0 1 0 0 ]
[ 76] : [ 1 1 1 0 0 0 ]
[ 77] : [ 1 2 0 0 0 0 ]
[ 78] : [ 2 0 0 0 0 0 ]
[ 79] : [ 2 0 0 0 0 1 ]
[ 80] : [ 2 0 0 0 1 0 ]
[ 81] : [ 2 0 0 1 0 0 ]
[ 82] : [ 2 0 1 0 0 0 ]
[ 83] : [ 2 1 0 0 0 0 ]
[ 84] : [ 3 0 0 0 0 0 ]


Calculating target state 1:
----------------------------
Target = [ 0 0 0 0 0 0 ]
Calculating initial 1D wavefunctions:
Mode 1, E[1] - E[0] = 31.619
Mode 2, E[1] - E[0] = 25.069
Mode 3, E[1] - E[0] = 670.774
Mode 4, E[1] - E[0] = 670.838
Mode 5, E[1] - E[0] = 1308.203
Mode 6, E[1] - E[0] = 2396.443

Starting VSCF iterations...
Iteration 1   ... max diff = 2.48930E+03 (0.27615 sec)
Iteration 2   ... max diff = 1.20918E+01 (0.27609 sec)
Iteration 3   ... max diff = 4.47621E-02 (0.27882 sec)
Iteration 4   ... max diff = 1.64899E-03 (0.27614 sec)
Iteration 5   ... max diff = 7.26785E-05 (0.27623 sec)
Iteration 6   ... max diff = 3.25119E-06 (0.27613 sec)
Iteration 7   ... max diff = 1.45874E-07 (0.27625 sec)
VSCF converged after 7 iterations (1.93598 sec).
Mode fundamentals =    [ 20.114 22.364 667.382 666.698 1311.074 2359.229 ]
Total VSCF energy =      2491.981 (from mean single mode energies)
Total VSCF energy =      2491.981 (from total expectation value)
Saving VSCF data to "VSCF_MODES_TARGET000.dat"


Calculating target state 2:
----------------------------
Target = [ 0 0 0 0 0 1 ]
Calculating initial 1D wavefunctions:
Mode 1, E[1] - E[0] = 31.619
Mode 2, E[1] - E[0] = 25.069
Mode 3, E[1] - E[0] = 670.774
Mode 4, E[1] - E[0] = 670.838
Mode 5, E[1] - E[0] = 1308.203
Mode 6, E[1] - E[0] = 2396.443

Starting VSCF iterations...
Iteration 1   ... max diff = 4.87920E+03 (0.27622 sec)
Iteration 2   ... max diff = 6.55651E+01 (0.27618 sec)
Iteration 3   ... max diff = 1.05362E-01 (0.27620 sec)
Iteration 4   ... max diff = 1.20590E-03 (0.27625 sec)
Iteration 5   ... max diff = 5.02777E-05 (0.27881 sec)
Iteration 6   ... max diff = 2.26257E-06 (0.27614 sec)
Iteration 7   ... max diff = 1.02327E-07 (0.27616 sec)
VSCF converged after 7 iterations (1.93619 sec).
Mode fundamentals =    [ 19.993 22.343 655.245 654.564 1307.098 2313.465 ]
Total VSCF energy =      4828.342 (from mean single mode energies)
Total VSCF energy =      4828.342 (from total expectation value)
Saving VSCF data to "VSCF_MODES_TARGET001.dat"


Calculating target state 3:
----------------------------
Target = [ 0 0 0 0 0 2 ]
Calculating initial 1D wavefunctions:
Mode 1, E[1] - E[0] = 31.619
Mode 2, E[1] - E[0] = 25.069
Mode 3, E[1] - E[0] = 670.774
Mode 4, E[1] - E[0] = 670.838
Mode 5, E[1] - E[0] = 1308.203
Mode 6, E[1] - E[0] = 2396.443

Starting VSCF iterations...
Iteration 1   ... max diff = 7.28846E+03 (0.27613 sec)
Iteration 2   ... max diff = 1.64277E+02 (0.27607 sec)
Iteration 3   ... max diff = 4.28693E-01 (0.27610 sec)
Iteration 4   ... max diff = 1.55126E-03 (0.27636 sec)
Iteration 5   ... max diff = 2.80264E-05 (0.27644 sec)
Iteration 6   ... max diff = 1.16401E-06 (0.27625 sec)
Iteration 7   ... max diff = 5.26816E-08 (0.27609 sec)
VSCF converged after 7 iterations (1.93362 sec).
Mode fundamentals =    [ 19.873 22.322 643.133 642.453 1303.082 2267.659 ]
Total VSCF energy =      7138.575 (from mean single mode energies)
Total VSCF energy =      7138.575 (from total expectation value)
Saving VSCF data to "VSCF_MODES_TARGET002.dat"


Calculating target state 4:
----------------------------
Target = [ 0 0 0 0 0 3 ]
Calculating initial 1D wavefunctions:
Mode 1, E[1] - E[0] = 31.619
Mode 2, E[1] - E[0] = 25.069
Mode 3, E[1] - E[0] = 670.774
Mode 4, E[1] - E[0] = 670.838
Mode 5, E[1] - E[0] = 1308.203
Mode 6, E[1] - E[0] = 2396.443

Starting VSCF iterations...
Iteration 1   ... max diff = 9.71690E+03 (0.27619 sec)
Iteration 2   ... max diff = 3.07674E+02 (0.27880 sec)
Iteration 3   ... max diff = 1.34987E+00 (0.27622 sec)
Iteration 4   ... max diff = 6.08701E-03 (0.27613 sec)
Iteration 5   ... max diff = 3.26354E-05 (0.27613 sec)
Iteration 6   ... max diff = 3.66006E-07 (0.27606 sec)
VSCF converged after 6 iterations (1.65966 sec).
Mode fundamentals =    [ 19.756 22.300 631.045 630.363 1299.027 2221.802 ]
Total VSCF energy =      9422.690 (from mean single mode energies)
Total VSCF energy =      9422.690 (from total expectation value)
Saving VSCF data to "VSCF_MODES_TARGET003.dat"


Calculating target state 5:
----------------------------
Target = [ 0 0 0 0 1 0 ]
Calculating initial 1D wavefunctions:
Mode 1, E[1] - E[0] = 31.619
Mode 2, E[1] - E[0] = 25.069
Mode 3, E[1] - E[0] = 670.774
Mode 4, E[1] - E[0] = 670.838
Mode 5, E[1] - E[0] = 1308.203
Mode 6, E[1] - E[0] = 2396.443

Starting VSCF iterations...
Iteration 1   ... max diff = 3.80037E+03 (0.27613 sec)
Iteration 2   ... max diff = 1.21341E+01 (0.27595 sec)
Iteration 3   ... max diff = 4.36467E-02 (0.27616 sec)
Iteration 4   ... max diff = 1.59034E-03 (0.27605 sec)
Iteration 5   ... max diff = 6.99460E-05 (0.27614 sec)
Iteration 6   ... max diff = 3.12216E-06 (0.27611 sec)
Iteration 7   ... max diff = 1.39766E-07 (0.27610 sec)
VSCF converged after 7 iterations (1.93277 sec).
Mode fundamentals =    [ 20.070 22.353 672.247 671.557 1310.990 2355.285 ]
Total VSCF energy =      3803.013 (from mean single mode energies)
Total VSCF energy =      3803.013 (from total expectation value)
Saving VSCF data to "VSCF_MODES_TARGET004.dat"


Calculating target state 6:
----------------------------
Target = [ 0 0 0 0 1 1 ]
Calculating initial 1D wavefunctions:
Mode 1, E[1] - E[0] = 31.619
Mode 2, E[1] - E[0] = 25.069
Mode 3, E[1] - E[0] = 670.774
Mode 4, E[1] - E[0] = 670.838
Mode 5, E[1] - E[0] = 1308.203
Mode 6, E[1] - E[0] = 2396.443

Starting VSCF iterations...
Iteration 1   ... max diff = 6.18630E+03 (0.27639 sec)
Iteration 2   ... max diff = 6.56186E+01 (0.27624 sec)
Iteration 3   ... max diff = 1.09025E-01 (0.27610 sec)
Iteration 4   ... max diff = 1.15237E-03 (0.27898 sec)
Iteration 5   ... max diff = 4.74552E-05 (0.27628 sec)
Iteration 6   ... max diff = 2.12962E-06 (0.27614 sec)
Iteration 7   ... max diff = 9.60581E-08 (0.27636 sec)
VSCF converged after 7 iterations (1.93671 sec).
Mode fundamentals =    [ 19.952 22.334 660.181 659.494 1307.005 2309.448 ]
Total VSCF energy =      6135.394 (from mean single mode energies)
Total VSCF energy =      6135.394 (from total expectation value)
Saving VSCF data to "VSCF_MODES_TARGET005.dat"


Calculating target state 7:
----------------------------
Target = [ 0 0 0 0 1 2 ]
Calculating initial 1D wavefunctions:
Mode 1, E[1] - E[0] = 31.619
Mode 2, E[1] - E[0] = 25.069
Mode 3, E[1] - E[0] = 670.774
Mode 4, E[1] - E[0] = 670.838
Mode 5, E[1] - E[0] = 1308.203
Mode 6, E[1] - E[0] = 2396.443

Starting VSCF iterations...
Iteration 1   ... max diff = 8.59164E+03 (0.27609 sec)
Iteration 2   ... max diff = 1.64399E+02 (0.27629 sec)
Iteration 3   ... max diff = 4.49569E-01 (0.27623 sec)
Iteration 4   ... max diff = 1.56520E-03 (0.27615 sec)
Iteration 5   ... max diff = 2.57266E-05 (0.27602 sec)
Iteration 6   ... max diff = 1.04901E-06 (0.27624 sec)
Iteration 7   ... max diff = 4.72810E-08 (0.27615 sec)
VSCF converged after 7 iterations (1.93336 sec).
Mode fundamentals =    [ 19.834 22.313 648.143 647.457 1302.980 2263.570 ]
Total VSCF energy =      8441.606 (from mean single mode energies)
Total VSCF energy =      8441.606 (from total expectation value)
Saving VSCF data to "VSCF_MODES_TARGET006.dat"


Calculating target state 8:
----------------------------
Target = [ 0 0 0 0 2 0 ]
Calculating initial 1D wavefunctions:
Mode 1, E[1] - E[0] = 31.619
Mode 2, E[1] - E[0] = 25.069
Mode 3, E[1] - E[0] = 670.774
Mode 4, E[1] - E[0] = 670.838
Mode 5, E[1] - E[0] = 1308.203
Mode 6, E[1] - E[0] = 2396.443

Starting VSCF iterations...
Iteration 1   ... max diff = 5.10612E+03 (0.27607 sec)
Iteration 2   ... max diff = 1.22582E+01 (0.27605 sec)
Iteration 3   ... max diff = 4.25904E-02 (0.27627 sec)
Iteration 4   ... max diff = 1.53298E-03 (0.27621 sec)
Iteration 5   ... max diff = 6.72820E-05 (0.27632 sec)
Iteration 6   ... max diff = 2.99680E-06 (0.27618 sec)
Iteration 7   ... max diff = 1.33881E-07 (0.27613 sec)
VSCF converged after 7 iterations (1.93336 sec).
Mode fundamentals =    [ 20.027 22.343 676.983 676.288 1310.909 2351.315 ]
Total VSCF energy =      5108.631 (from mean single mode energies)
Total VSCF energy =      5108.631 (from total expectation value)
Saving VSCF data to "VSCF_MODES_TARGET007.dat"


Calculating target state 9:
----------------------------
Target = [ 0 0 0 0 2 1 ]
Calculating initial 1D wavefunctions:
Mode 1, E[1] - E[0] = 31.619
Mode 2, E[1] - E[0] = 25.069
Mode 3, E[1] - E[0] = 670.774
Mode 4, E[1] - E[0] = 670.838
Mode 5, E[1] - E[0] = 1308.203
Mode 6, E[1] - E[0] = 2396.443

Starting VSCF iterations...
Iteration 1   ... max diff = 7.48807E+03 (0.27605 sec)
Iteration 2   ... max diff = 6.57638E+01 (0.27906 sec)
Iteration 3   ... max diff = 1.13076E-01 (0.27603 sec)
Iteration 4   ... max diff = 1.10129E-03 (0.27621 sec)
Iteration 5   ... max diff = 4.47375E-05 (0.27618 sec)
Iteration 6   ... max diff = 2.00204E-06 (0.27626 sec)
Iteration 7   ... max diff = 9.00754E-08 (0.27634 sec)
VSCF converged after 7 iterations (1.93629 sec).
Mode fundamentals =    [ 19.910 22.324 664.986 664.293 1306.914 2305.406 ]
Total VSCF energy =      7437.006 (from mean single mode energies)
Total VSCF energy =      7437.006 (from total expectation value)
Saving VSCF data to "VSCF_MODES_TARGET008.dat"


Calculating target state 10:
----------------------------
Target = [ 0 0 0 0 3 0 ]
Calculating initial 1D wavefunctions:
Mode 1, E[1] - E[0] = 31.619
Mode 2, E[1] - E[0] = 25.069
Mode 3, E[1] - E[0] = 670.774
Mode 4, E[1] - E[0] = 670.838
Mode 5, E[1] - E[0] = 1308.203
Mode 6, E[1] - E[0] = 2396.443

Starting VSCF iterations...
Iteration 1   ... max diff = 6.40652E+03 (0.27648 sec)
Iteration 2   ... max diff = 1.24607E+01 (0.27628 sec)
Iteration 3   ... max diff = 4.15947E-02 (0.27621 sec)
Iteration 4   ... max diff = 1.47694E-03 (0.27624 sec)
Iteration 5   ... max diff = 6.46860E-05 (0.27612 sec)
Iteration 6   ... max diff = 2.87509E-06 (0.27621 sec)
Iteration 7   ... max diff = 1.28159E-07 (0.27615 sec)
VSCF converged after 7 iterations (1.93390 sec).
Mode fundamentals =    [ 19.984 22.333 681.595 680.894 1310.830 2347.321 ]
Total VSCF energy =      6408.837 (from mean single mode energies)
Total VSCF energy =      6408.837 (from total expectation value)
Saving VSCF data to "VSCF_MODES_TARGET009.dat"


Calculating target state 11:
----------------------------
Target = [ 0 0 0 1 0 0 ]
Calculating initial 1D wavefunctions:
Mode 1, E[1] - E[0] = 31.619
Mode 2, E[1] - E[0] = 25.069
Mode 3, E[1] - E[0] = 670.774
Mode 4, E[1] - E[0] = 670.838
Mode 5, E[1] - E[0] = 1308.203
Mode 6, E[1] - E[0] = 2396.443

Starting VSCF iterations...
Iteration 1   ... max diff = 3.16157E+03 (0.27620 sec)
Iteration 2   ... max diff = 1.83767E+01 (0.27636 sec)
Iteration 3   ... max diff = 5.06676E-02 (0.27637 sec)
Iteration 4   ... max diff = 1.65967E-03 (0.27630 sec)
Iteration 5   ... max diff = 7.24536E-05 (0.27623 sec)
Iteration 6   ... max diff = 3.21073E-06 (0.27631 sec)
Iteration 7   ... max diff = 1.42704E-07 (0.27653 sec)
VSCF converged after 7 iterations (1.93444 sec).
Mode fundamentals =    [ 20.091 22.287 669.787 665.253 1315.933 2347.080 ]
Total VSCF energy =      3157.957 (from mean single mode energies)
Total VSCF energy =      3157.957 (from total expectation value)
Saving VSCF data to "VSCF_MODES_TARGET010.dat"


Calculating target state 12:
----------------------------
Target = [ 0 0 0 1 0 1 ]
Calculating initial 1D wavefunctions:
Mode 1, E[1] - E[0] = 31.619
Mode 2, E[1] - E[0] = 25.069
Mode 3, E[1] - E[0] = 670.774
Mode 4, E[1] - E[0] = 670.838
Mode 5, E[1] - E[0] = 1308.203
Mode 6, E[1] - E[0] = 2396.443

Starting VSCF iterations...
Iteration 1   ... max diff = 5.54725E+03 (0.27614 sec)
Iteration 2   ... max diff = 7.97455E+01 (0.27622 sec)
Iteration 3   ... max diff = 1.30868E-01 (0.27623 sec)
Iteration 4   ... max diff = 1.22642E-03 (0.27609 sec)
Iteration 5   ... max diff = 4.98534E-05 (0.27630 sec)
Iteration 6   ... max diff = 2.21908E-06 (0.27625 sec)
Iteration 7   ... max diff = 9.92804E-08 (0.27908 sec)
VSCF converged after 7 iterations (1.93653 sec).
Mode fundamentals =    [ 19.978 22.267 657.647 653.133 1312.029 2301.359 ]
Total VSCF energy =      5482.191 (from mean single mode energies)
Total VSCF energy =      5482.191 (from total expectation value)
Saving VSCF data to "VSCF_MODES_TARGET011.dat"


Calculating target state 13:
----------------------------
Target = [ 0 0 0 1 0 2 ]
Calculating initial 1D wavefunctions:
Mode 1, E[1] - E[0] = 31.619
Mode 2, E[1] - E[0] = 25.069
Mode 3, E[1] - E[0] = 670.774
Mode 4, E[1] - E[0] = 670.838
Mode 5, E[1] - E[0] = 1308.203
Mode 6, E[1] - E[0] = 2396.443

Starting VSCF iterations...
Iteration 1   ... max diff = 7.95226E+03 (0.27616 sec)
Iteration 2   ... max diff = 1.86266E+02 (0.27628 sec)
Iteration 3   ... max diff = 4.95912E-01 (0.27604 sec)
Iteration 4   ... max diff = 1.69217E-03 (0.27622 sec)
Iteration 5   ... max diff = 2.79410E-05 (0.27635 sec)
Iteration 6   ... max diff = 1.13217E-06 (0.27611 sec)
Iteration 7   ... max diff = 5.05706E-08 (0.27615 sec)
VSCF converged after 7 iterations (1.93347 sec).
Mode fundamentals =    [ 19.867 22.247 645.532 641.036 1308.088 2255.595 ]
Total VSCF energy =      7780.319 (from mean single mode energies)
Total VSCF energy =      7780.319 (from total expectation value)
Saving VSCF data to "VSCF_MODES_TARGET012.dat"


Calculating target state 14:
----------------------------
Target = [ 0 0 0 1 1 0 ]
Calculating initial 1D wavefunctions:
Mode 1, E[1] - E[0] = 31.619
Mode 2, E[1] - E[0] = 25.069
Mode 3, E[1] - E[0] = 670.774
Mode 4, E[1] - E[0] = 670.838
Mode 5, E[1] - E[0] = 1308.203
Mode 6, E[1] - E[0] = 2396.443

Starting VSCF iterations...
Iteration 1   ... max diff = 4.47762E+03 (0.27614 sec)
Iteration 2   ... max diff = 1.85687E+01 (0.27611 sec)
Iteration 3   ... max diff = 4.98481E-02 (0.27609 sec)
Iteration 4   ... max diff = 1.60110E-03 (0.27620 sec)
Iteration 5   ... max diff = 6.97149E-05 (0.27621 sec)
Iteration 6   ... max diff = 3.08128E-06 (0.27625 sec)
Iteration 7   ... max diff = 1.36569E-07 (0.27616 sec)
VSCF converged after 7 iterations (1.93344 sec).
Mode fundamentals =    [ 20.050 22.277 674.521 670.046 1315.784 2343.206 ]
Total VSCF energy =      4473.814 (from mean single mode energies)
Total VSCF energy =      4473.814 (from total expectation value)
Saving VSCF data to "VSCF_MODES_TARGET013.dat"


Calculating target state 15:
----------------------------
Target = [ 0 0 0 1 1 1 ]
Calculating initial 1D wavefunctions:
Mode 1, E[1] - E[0] = 31.619
Mode 2, E[1] - E[0] = 25.069
Mode 3, E[1] - E[0] = 670.774
Mode 4, E[1] - E[0] = 670.838
Mode 5, E[1] - E[0] = 1308.203
Mode 6, E[1] - E[0] = 2396.443

Starting VSCF iterations...
Iteration 1   ... max diff = 6.85934E+03 (0.27608 sec)
Iteration 2   ... max diff = 7.98847E+01 (0.27604 sec)
Iteration 3   ... max diff = 1.35004E-01 (0.27629 sec)
Iteration 4   ... max diff = 1.17409E-03 (0.27613 sec)
Iteration 5   ... max diff = 4.70465E-05 (0.27611 sec)
Iteration 6   ... max diff = 2.08721E-06 (0.27602 sec)
Iteration 7   ... max diff = 9.31095E-08 (0.27604 sec)
VSCF converged after 7 iterations (1.93286 sec).
Mode fundamentals =    [ 19.939 22.258 662.451 657.996 1311.868 2297.414 ]
Total VSCF energy =      6794.139 (from mean single mode energies)
Total VSCF energy =      6794.139 (from total expectation value)
Saving VSCF data to "VSCF_MODES_TARGET014.dat"


Calculating target state 16:
----------------------------
Target = [ 0 0 0 1 2 0 ]
Calculating initial 1D wavefunctions:
Mode 1, E[1] - E[0] = 31.619
Mode 2, E[1] - E[0] = 25.069
Mode 3, E[1] - E[0] = 670.774
Mode 4, E[1] - E[0] = 670.838
Mode 5, E[1] - E[0] = 1308.203
Mode 6, E[1] - E[0] = 2396.443

Starting VSCF iterations...
Iteration 1   ... max diff = 5.78827E+03 (0.27612 sec)
Iteration 2   ... max diff = 1.89068E+01 (0.27614 sec)
Iteration 3   ... max diff = 4.90783E-02 (0.27612 sec)
Iteration 4   ... max diff = 1.54381E-03 (0.27611 sec)
Iteration 5   ... max diff = 6.70457E-05 (0.27622 sec)
Iteration 6   ... max diff = 2.95560E-06 (0.27628 sec)
Iteration 7   ... max diff = 1.30663E-07 (0.27619 sec)
VSCF converged after 7 iterations (1.93333 sec).
Mode fundamentals =    [ 20.008 22.267 679.132 674.713 1315.638 2339.303 ]
Total VSCF energy =      5784.131 (from mean single mode energies)
Total VSCF energy =      5784.131 (from total expectation value)
Saving VSCF data to "VSCF_MODES_TARGET015.dat"


Calculating target state 17:
----------------------------
Target = [ 0 0 0 2 0 0 ]
Calculating initial 1D wavefunctions:
Mode 1, E[1] - E[0] = 31.619
Mode 2, E[1] - E[0] = 25.069
Mode 3, E[1] - E[0] = 670.774
Mode 4, E[1] - E[0] = 670.838
Mode 5, E[1] - E[0] = 1308.203
Mode 6, E[1] - E[0] = 2396.443

Starting VSCF iterations...
Iteration 1   ... max diff = 3.83544E+03 (0.27624 sec)
Iteration 2   ... max diff = 2.61361E+01 (0.27600 sec)
Iteration 3   ... max diff = 5.97660E-02 (0.27644 sec)
Iteration 4   ... max diff = 1.66465E-03 (0.27895 sec)
Iteration 5   ... max diff = 7.18957E-05 (0.27609 sec)
Iteration 6   ... max diff = 3.15271E-06 (0.27665 sec)
Iteration 7   ... max diff = 1.38666E-07 (0.27592 sec)
VSCF converged after 7 iterations (1.93643 sec).
Mode fundamentals =    [ 20.067 22.208 672.191 663.804 1320.639 2334.949 ]
Total VSCF energy =      3824.057 (from mean single mode energies)
Total VSCF energy =      3824.057 (from total expectation value)
Saving VSCF data to "VSCF_MODES_TARGET016.dat"


Calculating target state 18:
----------------------------
Target = [ 0 0 0 2 0 1 ]
Calculating initial 1D wavefunctions:
Mode 1, E[1] - E[0] = 31.619
Mode 2, E[1] - E[0] = 25.069
Mode 3, E[1] - E[0] = 670.774
Mode 4, E[1] - E[0] = 670.838
Mode 5, E[1] - E[0] = 1308.203
Mode 6, E[1] - E[0] = 2396.443

Starting VSCF iterations...
Iteration 1   ... max diff = 6.21694E+03 (0.27631 sec)
Iteration 2   ... max diff = 9.54109E+01 (0.27622 sec)
Iteration 3   ... max diff = 1.63184E-01 (0.27614 sec)
Iteration 4   ... max diff = 1.24728E-03 (0.27627 sec)
Iteration 5   ... max diff = 4.92328E-05 (0.27628 sec)
Iteration 6   ... max diff = 2.16541E-06 (0.27622 sec)
Iteration 7   ... max diff = 9.57516E-08 (0.27626 sec)
VSCF converged after 7 iterations (1.93388 sec).
Mode fundamentals =    [ 19.961 22.190 660.048 651.698 1316.805 2289.272 ]
Total VSCF energy =      6136.182 (from mean single mode energies)
Total VSCF energy =      6136.182 (from total expectation value)
Saving VSCF data to "VSCF_MODES_TARGET017.dat"


Calculating target state 19:
----------------------------
Target = [ 0 0 0 2 1 0 ]
Calculating initial 1D wavefunctions:
Mode 1, E[1] - E[0] = 31.619
Mode 2, E[1] - E[0] = 25.069
Mode 3, E[1] - E[0] = 670.774
Mode 4, E[1] - E[0] = 670.838
Mode 5, E[1] - E[0] = 1308.203
Mode 6, E[1] - E[0] = 2396.443

Starting VSCF iterations...
Iteration 1   ... max diff = 5.15637E+03 (0.27631 sec)
Iteration 2   ... max diff = 2.65377E+01 (0.27624 sec)
Iteration 3   ... max diff = 5.96549E-02 (0.27621 sec)
Iteration 4   ... max diff = 1.60697E-03 (0.27625 sec)
Iteration 5   ... max diff = 6.91906E-05 (0.27633 sec)
Iteration 6   ... max diff = 3.02487E-06 (0.27632 sec)
Iteration 7   ... max diff = 1.32623E-07 (0.27615 sec)
VSCF converged after 7 iterations (1.93399 sec).
Mode fundamentals =    [ 20.027 22.199 676.798 668.533 1320.429 2331.142 ]
Total VSCF energy =      5144.591 (from mean single mode energies)
Total VSCF energy =      5144.591 (from total expectation value)
Saving VSCF data to "VSCF_MODES_TARGET018.dat"


Calculating target state 20:
----------------------------
Target = [ 0 0 0 3 0 0 ]
Calculating initial 1D wavefunctions:
Mode 1, E[1] - E[0] = 31.619
Mode 2, E[1] - E[0] = 25.069
Mode 3, E[1] - E[0] = 670.774
Mode 4, E[1] - E[0] = 670.838
Mode 5, E[1] - E[0] = 1308.203
Mode 6, E[1] - E[0] = 2396.443

Starting VSCF iterations...
Iteration 1   ... max diff = 4.51093E+03 (0.27622 sec)
Iteration 2   ... max diff = 3.53845E+01 (0.27645 sec)
Iteration 3   ... max diff = 7.29523E-02 (0.27613 sec)
Iteration 4   ... max diff = 1.66455E-03 (0.27616 sec)
Iteration 5   ... max diff = 7.10433E-05 (0.27624 sec)
Iteration 6   ... max diff = 3.07964E-06 (0.27638 sec)
Iteration 7   ... max diff = 1.33892E-07 (0.27615 sec)
VSCF converged after 7 iterations (1.93386 sec).
Mode fundamentals =    [ 20.040 22.129 674.594 662.351 1325.197 2322.835 ]
Total VSCF energy =      4490.286 (from mean single mode energies)
Total VSCF energy =      4490.286 (from total expectation value)
Saving VSCF data to "VSCF_MODES_TARGET019.dat"


Calculating target state 21:
----------------------------
Target = [ 0 0 1 0 0 0 ]
Calculating initial 1D wavefunctions:
Mode 1, E[1] - E[0] = 31.619
Mode 2, E[1] - E[0] = 25.069
Mode 3, E[1] - E[0] = 670.774
Mode 4, E[1] - E[0] = 670.838
Mode 5, E[1] - E[0] = 1308.203
Mode 6, E[1] - E[0] = 2396.443

Starting VSCF iterations...
Iteration 1   ... max diff = 3.16217E+03 (0.27622 sec)
Iteration 2   ... max diff = 1.85101E+01 (0.27607 sec)
Iteration 3   ... max diff = 4.78778E-02 (0.27628 sec)
Iteration 4   ... max diff = 1.29943E-03 (0.27616 sec)
Iteration 5   ... max diff = 4.47510E-05 (0.27613 sec)
Iteration 6   ... max diff = 1.55934E-06 (0.27613 sec)
Iteration 7   ... max diff = 5.44569E-08 (0.27613 sec)
VSCF converged after 7 iterations (1.93331 sec).
Mode fundamentals =    [ 22.710 22.361 665.536 669.091 1315.937 2347.077 ]
Total VSCF energy =      3158.424 (from mean single mode energies)
Total VSCF energy =      3158.424 (from total expectation value)
Saving VSCF data to "VSCF_MODES_TARGET020.dat"


Calculating target state 22:
----------------------------
Target = [ 0 0 1 0 0 1 ]
Calculating initial 1D wavefunctions:
Mode 1, E[1] - E[0] = 31.619
Mode 2, E[1] - E[0] = 25.069
Mode 3, E[1] - E[0] = 670.774
Mode 4, E[1] - E[0] = 670.838
Mode 5, E[1] - E[0] = 1308.203
Mode 6, E[1] - E[0] = 2396.443

Starting VSCF iterations...
Iteration 1   ... max diff = 5.54800E+03 (0.27627 sec)
Iteration 2   ... max diff = 8.00216E+01 (0.27622 sec)
Iteration 3   ... max diff = 1.43025E-01 (0.27628 sec)
Iteration 4   ... max diff = 1.52357E-03 (0.27623 sec)
Iteration 5   ... max diff = 5.00201E-05 (0.27616 sec)
Iteration 6   ... max diff = 1.74815E-06 (0.27625 sec)
Iteration 7   ... max diff = 6.12918E-08 (0.27619 sec)
VSCF converged after 7 iterations (1.93379 sec).
Mode fundamentals =    [ 22.574 22.337 653.415 656.955 1312.034 2301.358 ]
Total VSCF energy =      5482.656 (from mean single mode energies)
Total VSCF energy =      5482.656 (from total expectation value)
Saving VSCF data to "VSCF_MODES_TARGET021.dat"


Calculating target state 23:
----------------------------
Target = [ 0 0 1 0 0 2 ]
Calculating initial 1D wavefunctions:
Mode 1, E[1] - E[0] = 31.619
Mode 2, E[1] - E[0] = 25.069
Mode 3, E[1] - E[0] = 670.774
Mode 4, E[1] - E[0] = 670.838
Mode 5, E[1] - E[0] = 1308.203
Mode 6, E[1] - E[0] = 2396.443

Starting VSCF iterations...
Iteration 1   ... max diff = 7.95317E+03 (0.27601 sec)
Iteration 2   ... max diff = 1.86680E+02 (0.27617 sec)
Iteration 3   ... max diff = 5.24109E-01 (0.27629 sec)
Iteration 4   ... max diff = 2.59866E-03 (0.27914 sec)
Iteration 5   ... max diff = 5.56881E-05 (0.27601 sec)
Iteration 6   ... max diff = 1.87700E-06 (0.27628 sec)
Iteration 7   ... max diff = 6.58156E-08 (0.27619 sec)
VSCF converged after 7 iterations (1.93624 sec).
Mode fundamentals =    [ 22.443 22.313 641.319 644.841 1308.093 2255.596 ]
Total VSCF energy =      7780.785 (from mean single mode energies)
Total VSCF energy =      7780.785 (from total expectation value)
Saving VSCF data to "VSCF_MODES_TARGET022.dat"


Calculating target state 24:
----------------------------
Target = [ 0 0 1 0 1 0 ]
Calculating initial 1D wavefunctions:
Mode 1, E[1] - E[0] = 31.619
Mode 2, E[1] - E[0] = 25.069
Mode 3, E[1] - E[0] = 670.774
Mode 4, E[1] - E[0] = 670.838
Mode 5, E[1] - E[0] = 1308.203
Mode 6, E[1] - E[0] = 2396.443

Starting VSCF iterations...
Iteration 1   ... max diff = 4.47803E+03 (0.27611 sec)
Iteration 2   ... max diff = 1.85210E+01 (0.27619 sec)
Iteration 3   ... max diff = 4.40068E-02 (0.27609 sec)
Iteration 4   ... max diff = 1.16356E-03 (0.27648 sec)
Iteration 5   ... max diff = 4.00162E-05 (0.27616 sec)
Iteration 6   ... max diff = 1.39178E-06 (0.27613 sec)
Iteration 7   ... max diff = 4.85088E-08 (0.27615 sec)
VSCF converged after 7 iterations (1.93349 sec).
Mode fundamentals =    [ 22.677 22.349 670.333 673.820 1315.788 2343.203 ]
Total VSCF energy =      4474.286 (from mean single mode energies)
Total VSCF energy =      4474.286 (from total expectation value)
Saving VSCF data to "VSCF_MODES_TARGET023.dat"


Calculating target state 25:
----------------------------
Target = [ 0 0 1 0 1 1 ]
Calculating initial 1D wavefunctions:
Mode 1, E[1] - E[0] = 31.619
Mode 2, E[1] - E[0] = 25.069
Mode 3, E[1] - E[0] = 670.774
Mode 4, E[1] - E[0] = 670.838
Mode 5, E[1] - E[0] = 1308.203
Mode 6, E[1] - E[0] = 2396.443

Starting VSCF iterations...
Iteration 1   ... max diff = 6.85992E+03 (0.27609 sec)
Iteration 2   ... max diff = 7.99822E+01 (0.27599 sec)
Iteration 3   ... max diff = 1.43596E-01 (0.27619 sec)
Iteration 4   ... max diff = 1.37649E-03 (0.27625 sec)
Iteration 5   ... max diff = 4.45722E-05 (0.27631 sec)
Iteration 6   ... max diff = 1.55382E-06 (0.27609 sec)
Iteration 7   ... max diff = 5.43459E-08 (0.27611 sec)
VSCF converged after 7 iterations (1.93316 sec).
Mode fundamentals =    [ 22.543 22.326 658.282 661.753 1311.873 2297.413 ]
Total VSCF energy =      6794.609 (from mean single mode energies)
Total VSCF energy =      6794.609 (from total expectation value)
Saving VSCF data to "VSCF_MODES_TARGET024.dat"


Calculating target state 26:
----------------------------
Target = [ 0 0 1 0 2 0 ]
Calculating initial 1D wavefunctions:
Mode 1, E[1] - E[0] = 31.619
Mode 2, E[1] - E[0] = 25.069
Mode 3, E[1] - E[0] = 670.774
Mode 4, E[1] - E[0] = 670.838
Mode 5, E[1] - E[0] = 1308.203
Mode 6, E[1] - E[0] = 2396.443

Starting VSCF iterations...
Iteration 1   ... max diff = 5.78851E+03 (0.27639 sec)
Iteration 2   ... max diff = 1.86765E+01 (0.27614 sec)
Iteration 3   ... max diff = 4.02764E-02 (0.27622 sec)
Iteration 4   ... max diff = 1.03098E-03 (0.27630 sec)
Iteration 5   ... max diff = 3.54075E-05 (0.27628 sec)
Iteration 6   ... max diff = 1.22929E-06 (0.27626 sec)
Iteration 7   ... max diff = 4.27381E-08 (0.27633 sec)
VSCF converged after 7 iterations (1.93412 sec).
Mode fundamentals =    [ 22.643 22.337 675.004 678.426 1315.643 2339.301 ]
Total VSCF energy =      5784.608 (from mean single mode energies)
Total VSCF energy =      5784.608 (from total expectation value)
Saving VSCF data to "VSCF_MODES_TARGET025.dat"


Calculating target state 27:
----------------------------
Target = [ 0 0 1 1 0 0 ]
Calculating initial 1D wavefunctions:
Mode 1, E[1] - E[0] = 31.619
Mode 2, E[1] - E[0] = 25.069
Mode 3, E[1] - E[0] = 670.774
Mode 4, E[1] - E[0] = 670.838
Mode 5, E[1] - E[0] = 1308.203
Mode 6, E[1] - E[0] = 2396.443

Starting VSCF iterations...
Iteration 1   ... max diff = 3.83841E+03 (0.27635 sec)
Iteration 2   ... max diff = 2.63914E+01 (0.27623 sec)
Iteration 3   ... max diff = 6.01840E-02 (0.27617 sec)
Iteration 4   ... max diff = 1.40366E-03 (0.27614 sec)
Iteration 5   ... max diff = 4.74386E-05 (0.27607 sec)
Iteration 6   ... max diff = 1.62275E-06 (0.27610 sec)
Iteration 7   ... max diff = 5.56347E-08 (0.27615 sec)
VSCF converged after 7 iterations (1.93334 sec).
Mode fundamentals =    [ 22.684 21.993 667.893 667.619 1320.665 2334.927 ]
Total VSCF energy =      3826.779 (from mean single mode energies)
Total VSCF energy =      3826.779 (from total expectation value)
Saving VSCF data to "VSCF_MODES_TARGET026.dat"


Calculating target state 28:
----------------------------
Target = [ 0 0 1 1 0 1 ]
Calculating initial 1D wavefunctions:
Mode 1, E[1] - E[0] = 31.619
Mode 2, E[1] - E[0] = 25.069
Mode 3, E[1] - E[0] = 670.774
Mode 4, E[1] - E[0] = 670.838
Mode 5, E[1] - E[0] = 1308.203
Mode 6, E[1] - E[0] = 2396.443

Starting VSCF iterations...
Iteration 1   ... max diff = 6.22004E+03 (0.27616 sec)
Iteration 2   ... max diff = 9.57963E+01 (0.27612 sec)
Iteration 3   ... max diff = 1.80224E-01 (0.27614 sec)
Iteration 4   ... max diff = 1.65913E-03 (0.27625 sec)
Iteration 5   ... max diff = 5.30207E-05 (0.27611 sec)
Iteration 6   ... max diff = 1.81893E-06 (0.27624 sec)
Iteration 7   ... max diff = 6.25969E-08 (0.27619 sec)
VSCF converged after 7 iterations (1.93334 sec).
Mode fundamentals =    [ 22.550 21.974 655.770 655.497 1316.832 2289.250 ]
Total VSCF energy =      6138.882 (from mean single mode energies)
Total VSCF energy =      6138.882 (from total expectation value)
Saving VSCF data to "VSCF_MODES_TARGET027.dat"


Calculating target state 29:
----------------------------
Target = [ 0 0 1 1 1 0 ]
Calculating initial 1D wavefunctions:
Mode 1, E[1] - E[0] = 31.619
Mode 2, E[1] - E[0] = 25.069
Mode 3, E[1] - E[0] = 670.774
Mode 4, E[1] - E[0] = 670.838
Mode 5, E[1] - E[0] = 1308.203
Mode 6, E[1] - E[0] = 2396.443

Starting VSCF iterations...
Iteration 1   ... max diff = 5.15922E+03 (0.27612 sec)
Iteration 2   ... max diff = 2.66441E+01 (0.27627 sec)
Iteration 3   ... max diff = 5.70371E-02 (0.27607 sec)
Iteration 4   ... max diff = 1.27490E-03 (0.27605 sec)
Iteration 5   ... max diff = 4.30182E-05 (0.27604 sec)
Iteration 6   ... max diff = 1.46866E-06 (0.27612 sec)
Iteration 7   ... max diff = 5.02514E-08 (0.27616 sec)
VSCF converged after 7 iterations (1.93301 sec).
Mode fundamentals =    [ 22.650 21.983 672.563 672.284 1320.454 2331.121 ]
Total VSCF energy =      5147.339 (from mean single mode energies)
Total VSCF energy =      5147.339 (from total expectation value)
Saving VSCF data to "VSCF_MODES_TARGET028.dat"


Calculating target state 30:
----------------------------
Target = [ 0 0 1 2 0 0 ]
Calculating initial 1D wavefunctions:
Mode 1, E[1] - E[0] = 31.619
Mode 2, E[1] - E[0] = 25.069
Mode 3, E[1] - E[0] = 670.774
Mode 4, E[1] - E[0] = 670.838
Mode 5, E[1] - E[0] = 1308.203
Mode 6, E[1] - E[0] = 2396.443

Starting VSCF iterations...
Iteration 1   ... max diff = 4.51629E+03 (0.27615 sec)
Iteration 2   ... max diff = 3.57765E+01 (0.27629 sec)
Iteration 3   ... max diff = 7.69393E-02 (0.27625 sec)
Iteration 4   ... max diff = 1.50465E-03 (0.27625 sec)
Iteration 5   ... max diff = 4.98511E-05 (0.27633 sec)
Iteration 6   ... max diff = 1.67243E-06 (0.27639 sec)
Iteration 7   ... max diff = 5.62186E-08 (0.27639 sec)
VSCF converged after 7 iterations (1.93424 sec).
Mode fundamentals =    [ 22.658 21.634 670.239 666.144 1325.244 2322.794 ]
Total VSCF energy =      4495.253 (from mean single mode energies)
Total VSCF energy =      4495.253 (from total expectation value)
Saving VSCF data to "VSCF_MODES_TARGET029.dat"


Calculating target state 31:
----------------------------
Target = [ 0 0 2 0 0 0 ]
Calculating initial 1D wavefunctions:
Mode 1, E[1] - E[0] = 31.619
Mode 2, E[1] - E[0] = 25.069
Mode 3, E[1] - E[0] = 670.774
Mode 4, E[1] - E[0] = 670.838
Mode 5, E[1] - E[0] = 1308.203
Mode 6, E[1] - E[0] = 2396.443

Starting VSCF iterations...
Iteration 1   ... max diff = 3.83645E+03 (0.27622 sec)
Iteration 2   ... max diff = 2.66194E+01 (0.27615 sec)
Iteration 3   ... max diff = 5.89793E-02 (0.27911 sec)
Iteration 4   ... max diff = 1.42005E-03 (0.27605 sec)
Iteration 5   ... max diff = 4.63538E-05 (0.27625 sec)
Iteration 6   ... max diff = 1.53028E-06 (0.27615 sec)
Iteration 7   ... max diff = 5.06097E-08 (0.27604 sec)
VSCF converged after 7 iterations (1.93619 sec).
Mode fundamentals =    [ 24.496 22.365 663.803 671.458 1320.647 2334.945 ]
Total VSCF energy =      3824.591 (from mean single mode energies)
Total VSCF energy =      3824.591 (from total expectation value)
Saving VSCF data to "VSCF_MODES_TARGET030.dat"


Calculating target state 32:
----------------------------
Target = [ 0 0 2 0 0 1 ]
Calculating initial 1D wavefunctions:
Mode 1, E[1] - E[0] = 31.619
Mode 2, E[1] - E[0] = 25.069
Mode 3, E[1] - E[0] = 670.774
Mode 4, E[1] - E[0] = 670.838
Mode 5, E[1] - E[0] = 1308.203
Mode 6, E[1] - E[0] = 2396.443

Starting VSCF iterations...
Iteration 1   ... max diff = 6.21825E+03 (0.27613 sec)
Iteration 2   ... max diff = 9.61640E+01 (0.27618 sec)
Iteration 3   ... max diff = 1.87944E-01 (0.27645 sec)
Iteration 4   ... max diff = 2.18754E-03 (0.27625 sec)
Iteration 5   ... max diff = 6.90840E-05 (0.27624 sec)
Iteration 6   ... max diff = 2.28360E-06 (0.27633 sec)
Iteration 7   ... max diff = 7.56254E-08 (0.27638 sec)
VSCF converged after 7 iterations (1.93410 sec).
Mode fundamentals =    [ 24.352 22.339 651.697 659.319 1316.813 2289.271 ]
Total VSCF energy =      6136.714 (from mean single mode energies)
Total VSCF energy =      6136.714 (from total expectation value)
Saving VSCF data to "VSCF_MODES_TARGET031.dat"


Calculating target state 33:
----------------------------
Target = [ 0 0 2 0 1 0 ]
Calculating initial 1D wavefunctions:
Mode 1, E[1] - E[0] = 31.619
Mode 2, E[1] - E[0] = 25.069
Mode 3, E[1] - E[0] = 670.774
Mode 4, E[1] - E[0] = 670.838
Mode 5, E[1] - E[0] = 1308.203
Mode 6, E[1] - E[0] = 2396.443

Starting VSCF iterations...
Iteration 1   ... max diff = 5.15705E+03 (0.27627 sec)
Iteration 2   ... max diff = 2.66828E+01 (0.27626 sec)
Iteration 3   ... max diff = 5.30412E-02 (0.27623 sec)
Iteration 4   ... max diff = 1.22288E-03 (0.27619 sec)
Iteration 5   ... max diff = 3.99048E-05 (0.27617 sec)
Iteration 6   ... max diff = 1.31584E-06 (0.27616 sec)
Iteration 7   ... max diff = 4.34702E-08 (0.27605 sec)
VSCF converged after 7 iterations (1.93347 sec).
Mode fundamentals =    [ 24.466 22.351 668.535 676.060 1320.437 2331.139 ]
Total VSCF energy =      5145.133 (from mean single mode energies)
Total VSCF energy =      5145.133 (from total expectation value)
Saving VSCF data to "VSCF_MODES_TARGET032.dat"


Calculating target state 34:
----------------------------
Target = [ 0 0 2 1 0 0 ]
Calculating initial 1D wavefunctions:
Mode 1, E[1] - E[0] = 31.619
Mode 2, E[1] - E[0] = 25.069
Mode 3, E[1] - E[0] = 670.774
Mode 4, E[1] - E[0] = 670.838
Mode 5, E[1] - E[0] = 1308.203
Mode 6, E[1] - E[0] = 2396.443

Starting VSCF iterations...
Iteration 1   ... max diff = 4.51669E+03 (0.27648 sec)
Iteration 2   ... max diff = 3.61317E+01 (0.27623 sec)
Iteration 3   ... max diff = 7.83733E-02 (0.27614 sec)
Iteration 4   ... max diff = 1.61812E-03 (0.27628 sec)
Iteration 5   ... max diff = 5.17673E-05 (0.27629 sec)
Iteration 6   ... max diff = 1.67578E-06 (0.27634 sec)
Iteration 7   ... max diff = 5.43714E-08 (0.27635 sec)
VSCF converged after 7 iterations (1.93430 sec).
Mode fundamentals =    [ 24.430 21.709 666.122 669.949 1325.247 2322.793 ]
Total VSCF energy =      4495.295 (from mean single mode energies)
Total VSCF energy =      4495.295 (from total expectation value)
Saving VSCF data to "VSCF_MODES_TARGET033.dat"


Calculating target state 35:
----------------------------
Target = [ 0 0 3 0 0 0 ]
Calculating initial 1D wavefunctions:
Mode 1, E[1] - E[0] = 31.619
Mode 2, E[1] - E[0] = 25.069
Mode 3, E[1] - E[0] = 670.774
Mode 4, E[1] - E[0] = 670.838
Mode 5, E[1] - E[0] = 1308.203
Mode 6, E[1] - E[0] = 2396.443

Starting VSCF iterations...
Iteration 1   ... max diff = 4.51223E+03 (0.27612 sec)
Iteration 2   ... max diff = 3.64055E+01 (0.27631 sec)
Iteration 3   ... max diff = 7.59296E-02 (0.27619 sec)
Iteration 4   ... max diff = 1.70735E-03 (0.27600 sec)
Iteration 5   ... max diff = 5.64027E-05 (0.27646 sec)
Iteration 6   ... max diff = 1.88545E-06 (0.27632 sec)
Iteration 7   ... max diff = 6.31617E-08 (0.27641 sec)
VSCF converged after 7 iterations (1.93394 sec).
Mode fundamentals =    [ 25.850 22.402 662.112 673.803 1325.209 2322.832 ]
Total VSCF energy =      4490.565 (from mean single mode energies)
Total VSCF energy =      4490.565 (from total expectation value)
Saving VSCF data to "VSCF_MODES_TARGET034.dat"


Calculating target state 36:
----------------------------
Target = [ 0 1 0 0 0 0 ]
Calculating initial 1D wavefunctions:
Mode 1, E[1] - E[0] = 31.619
Mode 2, E[1] - E[0] = 25.069
Mode 3, E[1] - E[0] = 670.774
Mode 4, E[1] - E[0] = 670.838
Mode 5, E[1] - E[0] = 1308.203
Mode 6, E[1] - E[0] = 2396.443

Starting VSCF iterations...
Iteration 1   ... max diff = 2.51021E+03 (0.27643 sec)
Iteration 2   ... max diff = 1.07712E+01 (0.27650 sec)
Iteration 3   ... max diff = 1.86840E-02 (0.27657 sec)
Iteration 4   ... max diff = 3.59528E-04 (0.27653 sec)
Iteration 5   ... max diff = 8.15919E-06 (0.27650 sec)
Iteration 6   ... max diff = 1.86448E-07 (0.27654 sec)
VSCF converged after 6 iterations (1.65923 sec).
Mode fundamentals =    [ 16.279 22.147 667.443 666.623 1311.064 2359.215 ]
Total VSCF energy =      2514.237 (from mean single mode energies)
Total VSCF energy =      2514.237 (from total expectation value)
Saving VSCF data to "VSCF_MODES_TARGET035.dat"


Calculating target state 37:
----------------------------
Target = [ 0 1 0 0 0 1 ]
Calculating initial 1D wavefunctions:
Mode 1, E[1] - E[0] = 31.619
Mode 2, E[1] - E[0] = 25.069
Mode 3, E[1] - E[0] = 670.774
Mode 4, E[1] - E[0] = 670.838
Mode 5, E[1] - E[0] = 1308.203
Mode 6, E[1] - E[0] = 2396.443

Starting VSCF iterations...
Iteration 1   ... max diff = 4.89907E+03 (0.27650 sec)
Iteration 2   ... max diff = 6.32204E+01 (0.27652 sec)
Iteration 3   ... max diff = 8.63149E-02 (0.27638 sec)
Iteration 4   ... max diff = 5.37485E-04 (0.27645 sec)
Iteration 5   ... max diff = 1.09348E-05 (0.27661 sec)
Iteration 6   ... max diff = 2.49463E-07 (0.27636 sec)
VSCF converged after 6 iterations (1.65892 sec).
Mode fundamentals =    [ 16.245 22.138 655.298 654.490 1307.089 2313.449 ]
Total VSCF energy =      4850.584 (from mean single mode energies)
Total VSCF energy =      4850.584 (from total expectation value)
Saving VSCF data to "VSCF_MODES_TARGET036.dat"


Calculating target state 38:
----------------------------
Target = [ 0 1 0 0 0 2 ]
Calculating initial 1D wavefunctions:
Mode 1, E[1] - E[0] = 31.619
Mode 2, E[1] - E[0] = 25.069
Mode 3, E[1] - E[0] = 670.774
Mode 4, E[1] - E[0] = 670.838
Mode 5, E[1] - E[0] = 1308.203
Mode 6, E[1] - E[0] = 2396.443

Starting VSCF iterations...
Iteration 1   ... max diff = 7.30731E+03 (0.27636 sec)
Iteration 2   ... max diff = 1.60923E+02 (0.27700 sec)
Iteration 3   ... max diff = 4.06030E-01 (0.27671 sec)
Iteration 4   ... max diff = 1.55741E-03 (0.27629 sec)
Iteration 5   ... max diff = 1.72367E-05 (0.27616 sec)
Iteration 6   ... max diff = 3.54674E-07 (0.27622 sec)
VSCF converged after 6 iterations (1.65884 sec).
Mode fundamentals =    [ 16.211 22.127 643.180 642.380 1303.074 2267.642 ]
Total VSCF energy =      7160.801 (from mean single mode energies)
Total VSCF energy =      7160.801 (from total expectation value)
Saving VSCF data to "VSCF_MODES_TARGET037.dat"


Calculating target state 39:
----------------------------
Target = [ 0 1 0 0 1 0 ]
Calculating initial 1D wavefunctions:
Mode 1, E[1] - E[0] = 31.619
Mode 2, E[1] - E[0] = 25.069
Mode 3, E[1] - E[0] = 670.774
Mode 4, E[1] - E[0] = 670.838
Mode 5, E[1] - E[0] = 1308.203
Mode 6, E[1] - E[0] = 2396.443

Starting VSCF iterations...
Iteration 1   ... max diff = 3.82122E+03 (0.27648 sec)
Iteration 2   ... max diff = 1.07615E+01 (0.27637 sec)
Iteration 3   ... max diff = 1.71959E-02 (0.27628 sec)
Iteration 4   ... max diff = 3.22584E-04 (0.27629 sec)
Iteration 5   ... max diff = 7.30853E-06 (0.27632 sec)
Iteration 6   ... max diff = 1.66750E-07 (0.27635 sec)
VSCF converged after 6 iterations (1.65820 sec).
Mode fundamentals =    [ 16.281 22.138 672.305 671.482 1310.981 2355.271 ]
Total VSCF energy =      3825.259 (from mean single mode energies)
Total VSCF energy =      3825.259 (from total expectation value)
Saving VSCF data to "VSCF_MODES_TARGET038.dat"


Calculating target state 40:
----------------------------
Target = [ 0 1 0 0 1 1 ]
Calculating initial 1D wavefunctions:
Mode 1, E[1] - E[0] = 31.619
Mode 2, E[1] - E[0] = 25.069
Mode 3, E[1] - E[0] = 670.774
Mode 4, E[1] - E[0] = 670.838
Mode 5, E[1] - E[0] = 1308.203
Mode 6, E[1] - E[0] = 2396.443

Starting VSCF iterations...
Iteration 1   ... max diff = 6.20612E+03 (0.27635 sec)
Iteration 2   ... max diff = 6.32249E+01 (0.27614 sec)
Iteration 3   ... max diff = 8.91312E-02 (0.27665 sec)
Iteration 4   ... max diff = 4.98081E-04 (0.27709 sec)
Iteration 5   ... max diff = 9.87876E-06 (0.27649 sec)
Iteration 6   ... max diff = 2.24718E-07 (0.27607 sec)
VSCF converged after 6 iterations (1.65890 sec).
Mode fundamentals =    [ 16.247 22.129 660.232 659.421 1306.996 2309.433 ]
Total VSCF energy =      6157.626 (from mean single mode energies)
Total VSCF energy =      6157.626 (from total expectation value)
Saving VSCF data to "VSCF_MODES_TARGET039.dat"


Calculating target state 41:
----------------------------
Target = [ 0 1 0 0 2 0 ]
Calculating initial 1D wavefunctions:
Mode 1, E[1] - E[0] = 31.619
Mode 2, E[1] - E[0] = 25.069
Mode 3, E[1] - E[0] = 670.774
Mode 4, E[1] - E[0] = 670.838
Mode 5, E[1] - E[0] = 1308.203
Mode 6, E[1] - E[0] = 2396.443

Starting VSCF iterations...
Iteration 1   ... max diff = 5.12690E+03 (0.27621 sec)
Iteration 2   ... max diff = 1.08326E+01 (0.27618 sec)
Iteration 3   ... max diff = 1.58166E-02 (0.27611 sec)
Iteration 4   ... max diff = 2.87162E-04 (0.27605 sec)
Iteration 5   ... max diff = 6.49409E-06 (0.27622 sec)
Iteration 6   ... max diff = 1.47931E-07 (0.27609 sec)
VSCF converged after 6 iterations (1.65702 sec).
Mode fundamentals =    [ 16.283 22.129 677.038 676.214 1310.900 2351.302 ]
Total VSCF energy =      5130.868 (from mean single mode energies)
Total VSCF energy =      5130.868 (from total expectation value)
Saving VSCF data to "VSCF_MODES_TARGET040.dat"


Calculating target state 42:
----------------------------
Target = [ 0 1 0 1 0 0 ]
Calculating initial 1D wavefunctions:
Mode 1, E[1] - E[0] = 31.619
Mode 2, E[1] - E[0] = 25.069
Mode 3, E[1] - E[0] = 670.774
Mode 4, E[1] - E[0] = 670.838
Mode 5, E[1] - E[0] = 1308.203
Mode 6, E[1] - E[0] = 2396.443

Starting VSCF iterations...
Iteration 1   ... max diff = 3.18213E+03 (0.27611 sec)
Iteration 2   ... max diff = 1.67843E+01 (0.27600 sec)
Iteration 3   ... max diff = 2.43252E-02 (0.27885 sec)
Iteration 4   ... max diff = 3.89505E-04 (0.27598 sec)
Iteration 5   ... max diff = 8.68538E-06 (0.27616 sec)
Iteration 6   ... max diff = 1.95122E-07 (0.27612 sec)
VSCF converged after 6 iterations (1.65934 sec).
Mode fundamentals =    [ 16.356 22.077 669.563 665.181 1315.923 2347.067 ]
Total VSCF energy =      3180.139 (from mean single mode energies)
Total VSCF energy =      3180.139 (from total expectation value)
Saving VSCF data to "VSCF_MODES_TARGET041.dat"


Calculating target state 43:
----------------------------
Target = [ 0 1 0 1 0 1 ]
Calculating initial 1D wavefunctions:
Mode 1, E[1] - E[0] = 31.619
Mode 2, E[1] - E[0] = 25.069
Mode 3, E[1] - E[0] = 670.774
Mode 4, E[1] - E[0] = 670.838
Mode 5, E[1] - E[0] = 1308.203
Mode 6, E[1] - E[0] = 2396.443

Starting VSCF iterations...
Iteration 1   ... max diff = 5.56678E+03 (0.27617 sec)
Iteration 2   ... max diff = 7.71292E+01 (0.27609 sec)
Iteration 3   ... max diff = 1.10160E-01 (0.27598 sec)
Iteration 4   ... max diff = 6.06654E-04 (0.27602 sec)
Iteration 5   ... max diff = 1.19650E-05 (0.27632 sec)
Iteration 6   ... max diff = 2.67913E-07 (0.27603 sec)
VSCF converged after 6 iterations (1.65672 sec).
Mode fundamentals =    [ 16.328 22.069 657.418 653.062 1312.020 2301.345 ]
Total VSCF energy =      5504.360 (from mean single mode energies)
Total VSCF energy =      5504.360 (from total expectation value)
Saving VSCF data to "VSCF_MODES_TARGET042.dat"


Calculating target state 44:
----------------------------
Target = [ 0 1 0 1 1 0 ]
Calculating initial 1D wavefunctions:
Mode 1, E[1] - E[0] = 31.619
Mode 2, E[1] - E[0] = 25.069
Mode 3, E[1] - E[0] = 670.774
Mode 4, E[1] - E[0] = 670.838
Mode 5, E[1] - E[0] = 1308.203
Mode 6, E[1] - E[0] = 2396.443

Starting VSCF iterations...
Iteration 1   ... max diff = 4.49812E+03 (0.27605 sec)
Iteration 2   ... max diff = 1.69240E+01 (0.27599 sec)
Iteration 3   ... max diff = 2.30900E-02 (0.27599 sec)
Iteration 4   ... max diff = 3.52916E-04 (0.27599 sec)
Iteration 5   ... max diff = 7.85162E-06 (0.27600 sec)
Iteration 6   ... max diff = 1.76039E-07 (0.27608 sec)
VSCF converged after 6 iterations (1.65626 sec).
Mode fundamentals =    [ 16.359 22.069 674.295 669.975 1315.775 2343.193 ]
Total VSCF energy =      4495.988 (from mean single mode energies)
Total VSCF energy =      4495.988 (from total expectation value)
Saving VSCF data to "VSCF_MODES_TARGET043.dat"


Calculating target state 45:
----------------------------
Target = [ 0 1 0 2 0 0 ]
Calculating initial 1D wavefunctions:
Mode 1, E[1] - E[0] = 31.619
Mode 2, E[1] - E[0] = 25.069
Mode 3, E[1] - E[0] = 670.774
Mode 4, E[1] - E[0] = 670.838
Mode 5, E[1] - E[0] = 1308.203
Mode 6, E[1] - E[0] = 2396.443

Starting VSCF iterations...
Iteration 1   ... max diff = 3.85565E+03 (0.27610 sec)
Iteration 2   ... max diff = 2.42654E+01 (0.27600 sec)
Iteration 3   ... max diff = 3.30950E-02 (0.27608 sec)
Iteration 4   ... max diff = 4.23689E-04 (0.27605 sec)
Iteration 5   ... max diff = 9.27674E-06 (0.27674 sec)
Iteration 6   ... max diff = 2.04794E-07 (0.27617 sec)
VSCF converged after 6 iterations (1.65726 sec).
Mode fundamentals =    [ 16.433 22.006 671.687 663.736 1320.630 2334.937 ]
Total VSCF energy =      3846.165 (from mean single mode energies)
Total VSCF energy =      3846.165 (from total expectation value)
Saving VSCF data to "VSCF_MODES_TARGET044.dat"


Calculating target state 46:
----------------------------
Target = [ 0 1 1 0 0 0 ]
Calculating initial 1D wavefunctions:
Mode 1, E[1] - E[0] = 31.619
Mode 2, E[1] - E[0] = 25.069
Mode 3, E[1] - E[0] = 670.774
Mode 4, E[1] - E[0] = 670.838
Mode 5, E[1] - E[0] = 1308.203
Mode 6, E[1] - E[0] = 2396.443

Starting VSCF iterations...
Iteration 1   ... max diff = 3.18313E+03 (0.27609 sec)
Iteration 2   ... max diff = 1.72104E+01 (0.27601 sec)
Iteration 3   ... max diff = 2.92588E-02 (0.27613 sec)
Iteration 4   ... max diff = 5.83934E-04 (0.27614 sec)
Iteration 5   ... max diff = 1.39024E-05 (0.27617 sec)
Iteration 6   ... max diff = 3.33344E-07 (0.27616 sec)
VSCF converged after 6 iterations (1.65688 sec).
Mode fundamentals =    [ 18.861 22.213 665.558 668.722 1315.925 2347.058 ]
Total VSCF energy =      3180.712 (from mean single mode energies)
Total VSCF energy =      3180.712 (from total expectation value)
Saving VSCF data to "VSCF_MODES_TARGET045.dat"


Calculating target state 47:
----------------------------
Target = [ 0 1 1 0 0 1 ]
Calculating initial 1D wavefunctions:
Mode 1, E[1] - E[0] = 31.619
Mode 2, E[1] - E[0] = 25.069
Mode 3, E[1] - E[0] = 670.774
Mode 4, E[1] - E[0] = 670.838
Mode 5, E[1] - E[0] = 1308.203
Mode 6, E[1] - E[0] = 2396.443

Starting VSCF iterations...
Iteration 1   ... max diff = 5.56795E+03 (0.27627 sec)
Iteration 2   ... max diff = 7.77211E+01 (0.27615 sec)
Iteration 3   ... max diff = 1.25262E-01 (0.27619 sec)
Iteration 4   ... max diff = 1.24143E-03 (0.27628 sec)
Iteration 5   ... max diff = 2.83051E-05 (0.27627 sec)
Iteration 6   ... max diff = 6.77036E-07 (0.27620 sec)
VSCF converged after 6 iterations (1.65748 sec).
Mode fundamentals =    [ 18.804 22.197 653.433 656.589 1312.022 2301.338 ]
Total VSCF energy =      5504.924 (from mean single mode energies)
Total VSCF energy =      5504.924 (from total expectation value)
Saving VSCF data to "VSCF_MODES_TARGET046.dat"


Calculating target state 48:
----------------------------
Target = [ 0 1 1 0 1 0 ]
Calculating initial 1D wavefunctions:
Mode 1, E[1] - E[0] = 31.619
Mode 2, E[1] - E[0] = 25.069
Mode 3, E[1] - E[0] = 670.774
Mode 4, E[1] - E[0] = 670.838
Mode 5, E[1] - E[0] = 1308.203
Mode 6, E[1] - E[0] = 2396.443

Starting VSCF iterations...
Iteration 1   ... max diff = 4.49893E+03 (0.27633 sec)
Iteration 2   ... max diff = 1.71576E+01 (0.27632 sec)
Iteration 3   ... max diff = 2.47505E-02 (0.27639 sec)
Iteration 4   ... max diff = 4.77064E-04 (0.27617 sec)
Iteration 5   ... max diff = 1.13636E-05 (0.27626 sec)
Iteration 6   ... max diff = 2.72401E-07 (0.27624 sec)
VSCF converged after 6 iterations (1.65781 sec).
Mode fundamentals =    [ 18.868 22.200 670.353 673.453 1315.776 2343.185 ]
Total VSCF energy =      4496.562 (from mean single mode energies)
Total VSCF energy =      4496.562 (from total expectation value)
Saving VSCF data to "VSCF_MODES_TARGET047.dat"


Calculating target state 49:
----------------------------
Target = [ 0 1 1 1 0 0 ]
Calculating initial 1D wavefunctions:
Mode 1, E[1] - E[0] = 31.619
Mode 2, E[1] - E[0] = 25.069
Mode 3, E[1] - E[0] = 670.774
Mode 4, E[1] - E[0] = 670.838
Mode 5, E[1] - E[0] = 1308.203
Mode 6, E[1] - E[0] = 2396.443

Starting VSCF iterations...
Iteration 1   ... max diff = 3.85867E+03 (0.27612 sec)
Iteration 2   ... max diff = 2.47465E+01 (0.27618 sec)
Iteration 3   ... max diff = 3.92336E-02 (0.27611 sec)
Iteration 4   ... max diff = 6.67010E-04 (0.27636 sec)
Iteration 5   ... max diff = 1.54231E-05 (0.27623 sec)
Iteration 6   ... max diff = 3.59234E-07 (0.27627 sec)
VSCF converged after 6 iterations (1.65743 sec).
Mode fundamentals =    [ 19.050 21.856 667.625 667.264 1320.655 2334.911 ]
Total VSCF energy =      3848.704 (from mean single mode energies)
Total VSCF energy =      3848.704 (from total expectation value)
Saving VSCF data to "VSCF_MODES_TARGET048.dat"


Calculating target state 50:
----------------------------
Target = [ 0 1 2 0 0 0 ]
Calculating initial 1D wavefunctions:
Mode 1, E[1] - E[0] = 31.619
Mode 2, E[1] - E[0] = 25.069
Mode 3, E[1] - E[0] = 670.774
Mode 4, E[1] - E[0] = 670.838
Mode 5, E[1] - E[0] = 1308.203
Mode 6, E[1] - E[0] = 2396.443

Starting VSCF iterations...
Iteration 1   ... max diff = 3.85737E+03 (0.27625 sec)
Iteration 2   ... max diff = 2.52420E+01 (0.27624 sec)
Iteration 3   ... max diff = 4.42319E-02 (0.27612 sec)
Iteration 4   ... max diff = 9.59066E-04 (0.27643 sec)
Iteration 5   ... max diff = 2.52143E-05 (0.27604 sec)
Iteration 6   ... max diff = 6.68572E-07 (0.27618 sec)
VSCF converged after 6 iterations (1.65736 sec).
Mode fundamentals =    [ 20.577 22.260 663.846 670.790 1320.633 2334.923 ]
Total VSCF energy =      3846.905 (from mean single mode energies)
Total VSCF energy =      3846.905 (from total expectation value)
Saving VSCF data to "VSCF_MODES_TARGET049.dat"


Calculating target state 51:
----------------------------
Target = [ 0 2 0 0 0 0 ]
Calculating initial 1D wavefunctions:
Mode 1, E[1] - E[0] = 31.619
Mode 2, E[1] - E[0] = 25.069
Mode 3, E[1] - E[0] = 670.774
Mode 4, E[1] - E[0] = 670.838
Mode 5, E[1] - E[0] = 1308.203
Mode 6, E[1] - E[0] = 2396.443

Starting VSCF iterations...
Iteration 1   ... max diff = 2.53443E+03 (0.27620 sec)
Iteration 2   ... max diff = 1.05380E+01 (0.27602 sec)
Iteration 3   ... max diff = 9.28026E-03 (0.27611 sec)
Iteration 4   ... max diff = 9.31088E-05 (0.27648 sec)
Iteration 5   ... max diff = 1.09213E-06 (0.27619 sec)
Iteration 6   ... max diff = 1.28011E-08 (0.27619 sec)
VSCF converged after 6 iterations (1.65739 sec).
Mode fundamentals =    [ 20.818 22.301 667.120 666.739 1311.089 2359.284 ]
Total VSCF energy =      2538.702 (from mean single mode energies)
Total VSCF energy =      2538.702 (from total expectation value)
Saving VSCF data to "VSCF_MODES_TARGET050.dat"


Calculating target state 52:
----------------------------
Target = [ 0 2 0 0 0 1 ]
Calculating initial 1D wavefunctions:
Mode 1, E[1] - E[0] = 31.619
Mode 2, E[1] - E[0] = 25.069
Mode 3, E[1] - E[0] = 670.774
Mode 4, E[1] - E[0] = 670.838
Mode 5, E[1] - E[0] = 1308.203
Mode 6, E[1] - E[0] = 2396.443

Starting VSCF iterations...
Iteration 1   ... max diff = 4.92333E+03 (0.27630 sec)
Iteration 2   ... max diff = 6.29639E+01 (0.27607 sec)
Iteration 3   ... max diff = 6.41605E-02 (0.27619 sec)
Iteration 4   ... max diff = 2.34912E-04 (0.27611 sec)
Iteration 5   ... max diff = 2.45863E-06 (0.27616 sec)
Iteration 6   ... max diff = 2.88446E-08 (0.27611 sec)
VSCF converged after 6 iterations (1.65710 sec).
Mode fundamentals =    [ 20.805 22.287 654.979 654.606 1307.114 2313.520 ]
Total VSCF energy =      4875.119 (from mean single mode energies)
Total VSCF energy =      4875.119 (from total expectation value)
Saving VSCF data to "VSCF_MODES_TARGET051.dat"


Calculating target state 53:
----------------------------
Target = [ 0 2 0 0 1 0 ]
Calculating initial 1D wavefunctions:
Mode 1, E[1] - E[0] = 31.619
Mode 2, E[1] - E[0] = 25.069
Mode 3, E[1] - E[0] = 670.774
Mode 4, E[1] - E[0] = 670.838
Mode 5, E[1] - E[0] = 1308.203
Mode 6, E[1] - E[0] = 2396.443

Starting VSCF iterations...
Iteration 1   ... max diff = 3.84549E+03 (0.27630 sec)
Iteration 2   ... max diff = 1.05468E+01 (0.27624 sec)
Iteration 3   ... max diff = 8.70117E-03 (0.27620 sec)
Iteration 4   ... max diff = 8.32533E-05 (0.27636 sec)
Iteration 5   ... max diff = 9.76786E-07 (0.27612 sec)
VSCF converged after 5 iterations (1.38132 sec).
Mode fundamentals =    [ 20.814 22.289 671.982 671.598 1311.007 2355.340 ]
Total VSCF energy =      3849.750 (from mean single mode energies)
Total VSCF energy =      3849.750 (from total expectation value)
Saving VSCF data to "VSCF_MODES_TARGET052.dat"


Calculating target state 54:
----------------------------
Target = [ 0 2 0 1 0 0 ]
Calculating initial 1D wavefunctions:
Mode 1, E[1] - E[0] = 31.619
Mode 2, E[1] - E[0] = 25.069
Mode 3, E[1] - E[0] = 670.774
Mode 4, E[1] - E[0] = 670.838
Mode 5, E[1] - E[0] = 1308.203
Mode 6, E[1] - E[0] = 2396.443

Starting VSCF iterations...
Iteration 1   ... max diff = 3.20647E+03 (0.27602 sec)
Iteration 2   ... max diff = 1.65524E+01 (0.27633 sec)
Iteration 3   ... max diff = 1.36911E-02 (0.27637 sec)
Iteration 4   ... max diff = 1.14924E-04 (0.27638 sec)
Iteration 5   ... max diff = 1.33988E-06 (0.27642 sec)
Iteration 6   ... max diff = 1.56078E-08 (0.27638 sec)
VSCF converged after 6 iterations (1.65801 sec).
Mode fundamentals =    [ 20.899 22.225 669.292 665.296 1315.948 2347.136 ]
Total VSCF energy =      3204.720 (from mean single mode energies)
Total VSCF energy =      3204.720 (from total expectation value)
Saving VSCF data to "VSCF_MODES_TARGET053.dat"


Calculating target state 55:
----------------------------
Target = [ 0 2 1 0 0 0 ]
Calculating initial 1D wavefunctions:
Mode 1, E[1] - E[0] = 31.619
Mode 2, E[1] - E[0] = 25.069
Mode 3, E[1] - E[0] = 670.774
Mode 4, E[1] - E[0] = 670.838
Mode 5, E[1] - E[0] = 1308.203
Mode 6, E[1] - E[0] = 2396.443

Starting VSCF iterations...
Iteration 1   ... max diff = 3.20714E+03 (0.27655 sec)
Iteration 2   ... max diff = 1.69922E+01 (0.27649 sec)
Iteration 3   ... max diff = 1.77074E-02 (0.27647 sec)
Iteration 4   ... max diff = 2.15876E-04 (0.27648 sec)
Iteration 5   ... max diff = 3.05648E-06 (0.27654 sec)
Iteration 6   ... max diff = 4.33115E-08 (0.27648 sec)
VSCF converged after 6 iterations (1.65912 sec).
Mode fundamentals =    [ 22.778 22.300 665.394 668.896 1315.951 2347.129 ]
Total VSCF energy =      3204.951 (from mean single mode energies)
Total VSCF energy =      3204.951 (from total expectation value)
Saving VSCF data to "VSCF_MODES_TARGET054.dat"


Calculating target state 56:
----------------------------
Target = [ 0 3 0 0 0 0 ]
Calculating initial 1D wavefunctions:
Mode 1, E[1] - E[0] = 31.619
Mode 2, E[1] - E[0] = 25.069
Mode 3, E[1] - E[0] = 670.774
Mode 4, E[1] - E[0] = 670.838
Mode 5, E[1] - E[0] = 1308.203
Mode 6, E[1] - E[0] = 2396.443

Starting VSCF iterations...
Iteration 1   ... max diff = 2.56953E+03 (0.27644 sec)
Iteration 2   ... max diff = 1.06910E+01 (0.27645 sec)
Iteration 3   ... max diff = 8.17290E-03 (0.27651 sec)
Iteration 4   ... max diff = 5.98229E-05 (0.27650 sec)
Iteration 5   ... max diff = 5.32752E-07 (0.27655 sec)
VSCF converged after 5 iterations (1.38254 sec).
Mode fundamentals =    [ 25.251 22.386 666.942 666.892 1311.109 2359.359 ]
Total VSCF energy =      2573.645 (from mean single mode energies)
Total VSCF energy =      2573.645 (from total expectation value)
Saving VSCF data to "VSCF_MODES_TARGET055.dat"


Calculating target state 57:
----------------------------
Target = [ 1 0 0 0 0 0 ]
Calculating initial 1D wavefunctions:
Mode 1, E[1] - E[0] = 31.619
Mode 2, E[1] - E[0] = 25.069
Mode 3, E[1] - E[0] = 670.774
Mode 4, E[1] - E[0] = 670.838
Mode 5, E[1] - E[0] = 1308.203
Mode 6, E[1] - E[0] = 2396.443

Starting VSCF iterations...
Iteration 1   ... max diff = 2.49896E+03 (0.27646 sec)
Iteration 2   ... max diff = 2.32753E+01 (0.27615 sec)
Iteration 3   ... max diff = 1.09030E+00 (0.27632 sec)
Iteration 4   ... max diff = 1.84661E-01 (0.27631 sec)
Iteration 5   ... max diff = 3.90023E-02 (0.27924 sec)
Iteration 6   ... max diff = 9.00453E-03 (0.27621 sec)
Iteration 7   ... max diff = 2.16719E-03 (0.27616 sec)
Iteration 8   ... max diff = 5.32219E-04 (0.27619 sec)
Iteration 9   ... max diff = 1.32008E-04 (0.27619 sec)
Iteration 10  ... max diff = 3.29041E-05 (0.27621 sec)
Iteration 11  ... max diff = 8.22188E-06 (0.27615 sec)
Iteration 12  ... max diff = 2.05695E-06 (0.27623 sec)
Iteration 13  ... max diff = 5.14926E-07 (0.27632 sec)
VSCF converged after 13 iterations (3.59441 sec).
Mode fundamentals =    [ 9.431 21.612 671.053 666.723 1311.052 2359.132 ]
Total VSCF energy =      2506.536 (from mean single mode energies)
Total VSCF energy =      2506.536 (from total expectation value)
Saving VSCF data to "VSCF_MODES_TARGET056.dat"


Calculating target state 58:
----------------------------
Target = [ 1 0 0 0 0 1 ]
Calculating initial 1D wavefunctions:
Mode 1, E[1] - E[0] = 31.619
Mode 2, E[1] - E[0] = 25.069
Mode 3, E[1] - E[0] = 670.774
Mode 4, E[1] - E[0] = 670.838
Mode 5, E[1] - E[0] = 1308.203
Mode 6, E[1] - E[0] = 2396.443

Starting VSCF iterations...
Iteration 1   ... max diff = 4.88856E+03 (0.27614 sec)
Iteration 2   ... max diff = 7.71496E+01 (0.27611 sec)
Iteration 3   ... max diff = 1.13210E+00 (0.27612 sec)
Iteration 4   ... max diff = 1.76989E-01 (0.27612 sec)
Iteration 5   ... max diff = 3.75659E-02 (0.27643 sec)
Iteration 6   ... max diff = 8.70483E-03 (0.27633 sec)
Iteration 7   ... max diff = 2.10082E-03 (0.27609 sec)
Iteration 8   ... max diff = 5.17114E-04 (0.27616 sec)
Iteration 9   ... max diff = 1.28533E-04 (0.27615 sec)
Iteration 10  ... max diff = 3.21028E-05 (0.27603 sec)
Iteration 11  ... max diff = 8.03752E-06 (0.27608 sec)
Iteration 12  ... max diff = 2.01479E-06 (0.27604 sec)
Iteration 13  ... max diff = 5.05323E-07 (0.27603 sec)
VSCF converged after 13 iterations (3.59012 sec).
Mode fundamentals =    [ 9.366 21.675 658.904 654.597 1307.079 2313.370 ]
Total VSCF energy =      4842.802 (from mean single mode energies)
Total VSCF energy =      4842.802 (from total expectation value)
Saving VSCF data to "VSCF_MODES_TARGET057.dat"


Calculating target state 59:
----------------------------
Target = [ 1 0 0 0 0 2 ]
Calculating initial 1D wavefunctions:
Mode 1, E[1] - E[0] = 31.619
Mode 2, E[1] - E[0] = 25.069
Mode 3, E[1] - E[0] = 670.774
Mode 4, E[1] - E[0] = 670.838
Mode 5, E[1] - E[0] = 1308.203
Mode 6, E[1] - E[0] = 2396.443

Starting VSCF iterations...
Iteration 1   ... max diff = 7.29749E+03 (0.27604 sec)
Iteration 2   ... max diff = 1.76255E+02 (0.27613 sec)
Iteration 3   ... max diff = 1.44218E+00 (0.27618 sec)
Iteration 4   ... max diff = 1.68451E-01 (0.27617 sec)
Iteration 5   ... max diff = 3.56582E-02 (0.27619 sec)
Iteration 6   ... max diff = 8.27249E-03 (0.27626 sec)
Iteration 7   ... max diff = 1.99646E-03 (0.27616 sec)
Iteration 8   ... max diff = 4.91111E-04 (0.27616 sec)
Iteration 9   ... max diff = 1.21952E-04 (0.27619 sec)
Iteration 10  ... max diff = 3.04249E-05 (0.27612 sec)
Iteration 11  ... max diff = 7.60823E-06 (0.27626 sec)
Iteration 12  ... max diff = 1.90478E-06 (0.27624 sec)
Iteration 13  ... max diff = 4.77131E-07 (0.27632 sec)
VSCF converged after 13 iterations (3.59071 sec).
Mode fundamentals =    [ 9.309 21.737 646.784 642.496 1303.066 2267.568 ]
Total VSCF energy =      7152.942 (from mean single mode energies)
Total VSCF energy =      7152.942 (from total expectation value)
Saving VSCF data to "VSCF_MODES_TARGET058.dat"


Calculating target state 60:
----------------------------
Target = [ 1 0 0 0 1 0 ]
Calculating initial 1D wavefunctions:
Mode 1, E[1] - E[0] = 31.619
Mode 2, E[1] - E[0] = 25.069
Mode 3, E[1] - E[0] = 670.774
Mode 4, E[1] - E[0] = 670.838
Mode 5, E[1] - E[0] = 1308.203
Mode 6, E[1] - E[0] = 2396.443

Starting VSCF iterations...
Iteration 1   ... max diff = 3.80974E+03 (0.27627 sec)
Iteration 2   ... max diff = 2.32021E+01 (0.27640 sec)
Iteration 3   ... max diff = 1.07753E+00 (0.27616 sec)
Iteration 4   ... max diff = 1.82220E-01 (0.27612 sec)
Iteration 5   ... max diff = 3.84150E-02 (0.27626 sec)
Iteration 6   ... max diff = 8.84992E-03 (0.27655 sec)
Iteration 7   ... max diff = 2.12502E-03 (0.27634 sec)
Iteration 8   ... max diff = 5.20592E-04 (0.27616 sec)
Iteration 9   ... max diff = 1.28800E-04 (0.27625 sec)
Iteration 10  ... max diff = 3.20231E-05 (0.27629 sec)
Iteration 11  ... max diff = 7.98120E-06 (0.27616 sec)
Iteration 12  ... max diff = 1.99160E-06 (0.27619 sec)
Iteration 13  ... max diff = 4.97272E-07 (0.27629 sec)
VSCF converged after 13 iterations (3.59173 sec).
Mode fundamentals =    [ 9.426 21.628 675.922 671.584 1310.969 2355.190 ]
Total VSCF energy =      3817.547 (from mean single mode energies)
Total VSCF energy =      3817.547 (from total expectation value)
Saving VSCF data to "VSCF_MODES_TARGET059.dat"


Calculating target state 61:
----------------------------
Target = [ 1 0 0 0 1 1 ]
Calculating initial 1D wavefunctions:
Mode 1, E[1] - E[0] = 31.619
Mode 2, E[1] - E[0] = 25.069
Mode 3, E[1] - E[0] = 670.774
Mode 4, E[1] - E[0] = 670.838
Mode 5, E[1] - E[0] = 1308.203
Mode 6, E[1] - E[0] = 2396.443

Starting VSCF iterations...
Iteration 1   ... max diff = 6.19537E+03 (0.27631 sec)
Iteration 2   ... max diff = 7.70865E+01 (0.27615 sec)
Iteration 3   ... max diff = 1.12310E+00 (0.27626 sec)
Iteration 4   ... max diff = 1.74330E-01 (0.27625 sec)
Iteration 5   ... max diff = 3.69036E-02 (0.27612 sec)
Iteration 6   ... max diff = 8.52589E-03 (0.27658 sec)
Iteration 7   ... max diff = 2.05097E-03 (0.27617 sec)
Iteration 8   ... max diff = 5.03134E-04 (0.27617 sec)
Iteration 9   ... max diff = 1.24622E-04 (0.27613 sec)
Iteration 10  ... max diff = 3.10160E-05 (0.27622 sec)
Iteration 11  ... max diff = 7.73766E-06 (0.27631 sec)
Iteration 12  ... max diff = 1.93265E-06 (0.27624 sec)
Iteration 13  ... max diff = 4.83004E-07 (0.27648 sec)
VSCF converged after 13 iterations (3.59169 sec).
Mode fundamentals =    [ 9.365 21.690 663.844 659.530 1306.986 2309.356 ]
Total VSCF energy =      6149.834 (from mean single mode energies)
Total VSCF energy =      6149.834 (from total expectation value)
Saving VSCF data to "VSCF_MODES_TARGET060.dat"


Calculating target state 62:
----------------------------
Target = [ 1 0 0 0 2 0 ]
Calculating initial 1D wavefunctions:
Mode 1, E[1] - E[0] = 31.619
Mode 2, E[1] - E[0] = 25.069
Mode 3, E[1] - E[0] = 670.774
Mode 4, E[1] - E[0] = 670.838
Mode 5, E[1] - E[0] = 1308.203
Mode 6, E[1] - E[0] = 2396.443

Starting VSCF iterations...
Iteration 1   ... max diff = 5.11518E+03 (0.27617 sec)
Iteration 2   ... max diff = 2.32118E+01 (0.27625 sec)
Iteration 3   ... max diff = 1.06497E+00 (0.27605 sec)
Iteration 4   ... max diff = 1.79826E-01 (0.27594 sec)
Iteration 5   ... max diff = 3.78416E-02 (0.27609 sec)
Iteration 6   ... max diff = 8.69954E-03 (0.27618 sec)
Iteration 7   ... max diff = 2.08416E-03 (0.27637 sec)
Iteration 8   ... max diff = 5.09364E-04 (0.27620 sec)
Iteration 9   ... max diff = 1.25714E-04 (0.27608 sec)
Iteration 10  ... max diff = 3.11779E-05 (0.27600 sec)
Iteration 11  ... max diff = 7.75103E-06 (0.27598 sec)
Iteration 12  ... max diff = 1.92930E-06 (0.27616 sec)
Iteration 13  ... max diff = 4.80477E-07 (0.27604 sec)
VSCF converged after 13 iterations (3.58980 sec).
Mode fundamentals =    [ 9.421 21.644 680.662 676.318 1310.888 2351.223 ]
Total VSCF energy =      5123.144 (from mean single mode energies)
Total VSCF energy =      5123.144 (from total expectation value)
Saving VSCF data to "VSCF_MODES_TARGET061.dat"


Calculating target state 63:
----------------------------
Target = [ 1 0 0 1 0 0 ]
Calculating initial 1D wavefunctions:
Mode 1, E[1] - E[0] = 31.619
Mode 2, E[1] - E[0] = 25.069
Mode 3, E[1] - E[0] = 670.774
Mode 4, E[1] - E[0] = 670.838
Mode 5, E[1] - E[0] = 1308.203
Mode 6, E[1] - E[0] = 2396.443

Starting VSCF iterations...
Iteration 1   ... max diff = 3.17110E+03 (0.27623 sec)
Iteration 2   ... max diff = 2.98547E+01 (0.27621 sec)
Iteration 3   ... max diff = 1.09230E+00 (0.27614 sec)
Iteration 4   ... max diff = 1.79887E-01 (0.27615 sec)
Iteration 5   ... max diff = 3.72359E-02 (0.27606 sec)
Iteration 6   ... max diff = 8.42005E-03 (0.27632 sec)
Iteration 7   ... max diff = 1.98352E-03 (0.27623 sec)
Iteration 8   ... max diff = 4.76521E-04 (0.27615 sec)
Iteration 9   ... max diff = 1.15580E-04 (0.27620 sec)
Iteration 10  ... max diff = 2.81661E-05 (0.27629 sec)
Iteration 11  ... max diff = 6.87979E-06 (0.27611 sec)
Iteration 12  ... max diff = 1.68236E-06 (0.27605 sec)
Iteration 13  ... max diff = 4.11630E-07 (0.27621 sec)
VSCF converged after 13 iterations (3.59061 sec).
Mode fundamentals =    [ 9.500 21.596 673.535 665.280 1315.914 2346.992 ]
Total VSCF energy =      3172.538 (from mean single mode energies)
Total VSCF energy =      3172.538 (from total expectation value)
Saving VSCF data to "VSCF_MODES_TARGET062.dat"


Calculating target state 64:
----------------------------
Target = [ 1 0 0 1 0 1 ]
Calculating initial 1D wavefunctions:
Mode 1, E[1] - E[0] = 31.619
Mode 2, E[1] - E[0] = 25.069
Mode 3, E[1] - E[0] = 670.774
Mode 4, E[1] - E[0] = 670.838
Mode 5, E[1] - E[0] = 1308.203
Mode 6, E[1] - E[0] = 2396.443

Starting VSCF iterations...
Iteration 1   ... max diff = 5.55648E+03 (0.27608 sec)
Iteration 2   ... max diff = 9.16166E+01 (0.27617 sec)
Iteration 3   ... max diff = 1.15551E+00 (0.27613 sec)
Iteration 4   ... max diff = 1.72237E-01 (0.27625 sec)
Iteration 5   ... max diff = 3.58110E-02 (0.27632 sec)
Iteration 6   ... max diff = 8.12582E-03 (0.27642 sec)
Iteration 7   ... max diff = 1.91916E-03 (0.27609 sec)
Iteration 8   ... max diff = 4.62074E-04 (0.27621 sec)
Iteration 9   ... max diff = 1.12302E-04 (0.27615 sec)
Iteration 10  ... max diff = 2.74202E-05 (0.27623 sec)
Iteration 11  ... max diff = 6.71033E-06 (0.27607 sec)
Iteration 12  ... max diff = 1.64401E-06 (0.27605 sec)
Iteration 13  ... max diff = 4.02992E-07 (0.27611 sec)
VSCF converged after 13 iterations (3.59057 sec).
Mode fundamentals =    [ 9.444 21.658 661.374 653.169 1312.013 2301.274 ]
Total VSCF energy =      5496.685 (from mean single mode energies)
Total VSCF energy =      5496.685 (from total expectation value)
Saving VSCF data to "VSCF_MODES_TARGET063.dat"


Calculating target state 65:
----------------------------
Target = [ 1 0 0 1 1 0 ]
Calculating initial 1D wavefunctions:
Mode 1, E[1] - E[0] = 31.619
Mode 2, E[1] - E[0] = 25.069
Mode 3, E[1] - E[0] = 670.774
Mode 4, E[1] - E[0] = 670.838
Mode 5, E[1] - E[0] = 1308.203
Mode 6, E[1] - E[0] = 2396.443

Starting VSCF iterations...
Iteration 1   ... max diff = 4.48686E+03 (0.27610 sec)
Iteration 2   ... max diff = 2.99297E+01 (0.27629 sec)
Iteration 3   ... max diff = 1.07978E+00 (0.27620 sec)
Iteration 4   ... max diff = 1.77436E-01 (0.27619 sec)
Iteration 5   ... max diff = 3.66477E-02 (0.27619 sec)
Iteration 6   ... max diff = 8.26635E-03 (0.27643 sec)
Iteration 7   ... max diff = 1.94207E-03 (0.27621 sec)
Iteration 8   ... max diff = 4.65253E-04 (0.27605 sec)
Iteration 9   ... max diff = 1.12522E-04 (0.27623 sec)
Iteration 10  ... max diff = 2.73408E-05 (0.27626 sec)
Iteration 11  ... max diff = 6.65855E-06 (0.27618 sec)
Iteration 12  ... max diff = 1.62346E-06 (0.27633 sec)
Iteration 13  ... max diff = 3.96034E-07 (0.27609 sec)
VSCF converged after 13 iterations (3.59110 sec).
Mode fundamentals =    [ 9.499 21.611 678.269 670.076 1315.765 2343.120 ]
Total VSCF energy =      4488.377 (from mean single mode energies)
Total VSCF energy =      4488.377 (from total expectation value)
Saving VSCF data to "VSCF_MODES_TARGET064.dat"


Calculating target state 66:
----------------------------
Target = [ 1 0 0 2 0 0 ]
Calculating initial 1D wavefunctions:
Mode 1, E[1] - E[0] = 31.619
Mode 2, E[1] - E[0] = 25.069
Mode 3, E[1] - E[0] = 670.774
Mode 4, E[1] - E[0] = 670.838
Mode 5, E[1] - E[0] = 1308.203
Mode 6, E[1] - E[0] = 2396.443

Starting VSCF iterations...
Iteration 1   ... max diff = 3.84484E+03 (0.27618 sec)
Iteration 2   ... max diff = 3.79013E+01 (0.27626 sec)
Iteration 3   ... max diff = 1.09700E+00 (0.27621 sec)
Iteration 4   ... max diff = 1.75101E-01 (0.27610 sec)
Iteration 5   ... max diff = 3.55289E-02 (0.27624 sec)
Iteration 6   ... max diff = 7.87075E-03 (0.27624 sec)
Iteration 7   ... max diff = 1.81522E-03 (0.27628 sec)
Iteration 8   ... max diff = 4.26723E-04 (0.27617 sec)
Iteration 9   ... max diff = 1.01243E-04 (0.27612 sec)
Iteration 10  ... max diff = 2.41284E-05 (0.27620 sec)
Iteration 11  ... max diff = 5.76291E-06 (0.27613 sec)
Iteration 12  ... max diff = 1.37791E-06 (0.27602 sec)
Iteration 13  ... max diff = 3.29621E-07 (0.27626 sec)
VSCF converged after 13 iterations (3.59065 sec).
Mode fundamentals =    [ 9.570 21.578 676.018 663.834 1320.623 2334.868 ]
Total VSCF energy =      3838.665 (from mean single mode energies)
Total VSCF energy =      3838.665 (from total expectation value)
Saving VSCF data to "VSCF_MODES_TARGET065.dat"


Calculating target state 67:
----------------------------
Target = [ 1 0 1 0 0 0 ]
Calculating initial 1D wavefunctions:
Mode 1, E[1] - E[0] = 31.619
Mode 2, E[1] - E[0] = 25.069
Mode 3, E[1] - E[0] = 670.774
Mode 4, E[1] - E[0] = 670.838
Mode 5, E[1] - E[0] = 1308.203
Mode 6, E[1] - E[0] = 2396.443

Starting VSCF iterations...
Iteration 1   ... max diff = 3.17536E+03 (0.27614 sec)
Iteration 2   ... max diff = 2.97620E+01 (0.27608 sec)
Iteration 3   ... max diff = 1.00118E+00 (0.27614 sec)
Iteration 4   ... max diff = 1.51461E-01 (0.27603 sec)
Iteration 5   ... max diff = 2.91687E-02 (0.27699 sec)
Iteration 6   ... max diff = 6.15461E-03 (0.27793 sec)
Iteration 7   ... max diff = 1.35238E-03 (0.27623 sec)
Iteration 8   ... max diff = 3.02784E-04 (0.27594 sec)
Iteration 9   ... max diff = 6.83891E-05 (0.27602 sec)
Iteration 10  ... max diff = 1.55114E-05 (0.27596 sec)
Iteration 11  ... max diff = 3.52515E-06 (0.27601 sec)
Iteration 12  ... max diff = 8.01894E-07 (0.27615 sec)
VSCF converged after 12 iterations (3.31589 sec).
Mode fundamentals =    [ 11.361 20.958 667.423 669.137 1315.919 2346.973 ]
Total VSCF energy =      3175.517 (from mean single mode energies)
Total VSCF energy =      3175.517 (from total expectation value)
Saving VSCF data to "VSCF_MODES_TARGET066.dat"


Calculating target state 68:
----------------------------
Target = [ 1 0 1 0 0 1 ]
Calculating initial 1D wavefunctions:
Mode 1, E[1] - E[0] = 31.619
Mode 2, E[1] - E[0] = 25.069
Mode 3, E[1] - E[0] = 670.774
Mode 4, E[1] - E[0] = 670.838
Mode 5, E[1] - E[0] = 1308.203
Mode 6, E[1] - E[0] = 2396.443

Starting VSCF iterations...
Iteration 1   ... max diff = 5.56122E+03 (0.27607 sec)
Iteration 2   ... max diff = 9.18371E+01 (0.27605 sec)
Iteration 3   ... max diff = 1.15463E+00 (0.27600 sec)
Iteration 4   ... max diff = 1.56713E-01 (0.27600 sec)
Iteration 5   ... max diff = 3.00156E-02 (0.27608 sec)
Iteration 6   ... max diff = 6.31095E-03 (0.27632 sec)
Iteration 7   ... max diff = 1.38255E-03 (0.27650 sec)
Iteration 8   ... max diff = 3.08671E-04 (0.27629 sec)
Iteration 9   ... max diff = 6.95295E-05 (0.27643 sec)
Iteration 10  ... max diff = 1.57279E-05 (0.27639 sec)
Iteration 11  ... max diff = 3.56479E-06 (0.27648 sec)
Iteration 12  ... max diff = 8.08749E-07 (0.27652 sec)
VSCF converged after 12 iterations (3.31547 sec).
Mode fundamentals =    [ 11.307 21.007 655.301 657.003 1312.019 2301.262 ]
Total VSCF energy =      5499.648 (from mean single mode energies)
Total VSCF energy =      5499.648 (from total expectation value)
Saving VSCF data to "VSCF_MODES_TARGET067.dat"


Calculating target state 69:
----------------------------
Target = [ 1 0 1 0 1 0 ]
Calculating initial 1D wavefunctions:
Mode 1, E[1] - E[0] = 31.619
Mode 2, E[1] - E[0] = 25.069
Mode 3, E[1] - E[0] = 670.774
Mode 4, E[1] - E[0] = 670.838
Mode 5, E[1] - E[0] = 1308.203
Mode 6, E[1] - E[0] = 2396.443

Starting VSCF iterations...
Iteration 1   ... max diff = 4.49059E+03 (0.27652 sec)
Iteration 2   ... max diff = 2.93803E+01 (0.27656 sec)
Iteration 3   ... max diff = 9.68353E-01 (0.27651 sec)
Iteration 4   ... max diff = 1.47069E-01 (0.27644 sec)
Iteration 5   ... max diff = 2.83507E-02 (0.27649 sec)
Iteration 6   ... max diff = 5.98080E-03 (0.27647 sec)
Iteration 7   ... max diff = 1.31325E-03 (0.27640 sec)
Iteration 8   ... max diff = 2.93739E-04 (0.27647 sec)
Iteration 9   ... max diff = 6.62746E-05 (0.27651 sec)
Iteration 10  ... max diff = 1.50147E-05 (0.27646 sec)
Iteration 11  ... max diff = 3.40828E-06 (0.27654 sec)
Iteration 12  ... max diff = 7.74386E-07 (0.27649 sec)
VSCF converged after 12 iterations (3.31808 sec).
Mode fundamentals =    [ 11.354 20.971 672.222 673.866 1315.769 2343.102 ]
Total VSCF energy =      4491.360 (from mean single mode energies)
Total VSCF energy =      4491.360 (from total expectation value)
Saving VSCF data to "VSCF_MODES_TARGET068.dat"


Calculating target state 70:
----------------------------
Target = [ 1 0 1 1 0 0 ]
Calculating initial 1D wavefunctions:
Mode 1, E[1] - E[0] = 31.619
Mode 2, E[1] - E[0] = 25.069
Mode 3, E[1] - E[0] = 670.774
Mode 4, E[1] - E[0] = 670.838
Mode 5, E[1] - E[0] = 1308.203
Mode 6, E[1] - E[0] = 2396.443

Starting VSCF iterations...
Iteration 1   ... max diff = 3.85144E+03 (0.27643 sec)
Iteration 2   ... max diff = 3.80557E+01 (0.27653 sec)
Iteration 3   ... max diff = 1.02121E+00 (0.27654 sec)
Iteration 4   ... max diff = 1.48524E-01 (0.27643 sec)
Iteration 5   ... max diff = 2.78324E-02 (0.27647 sec)
Iteration 6   ... max diff = 5.71019E-03 (0.27645 sec)
Iteration 7   ... max diff = 1.21894E-03 (0.27650 sec)
Iteration 8   ... max diff = 2.64946E-04 (0.27648 sec)
Iteration 9   ... max diff = 5.80720E-05 (0.27647 sec)
Iteration 10  ... max diff = 1.27782E-05 (0.27643 sec)
Iteration 11  ... max diff = 2.81689E-06 (0.27614 sec)
Iteration 12  ... max diff = 6.21496E-07 (0.27601 sec)
VSCF converged after 12 iterations (3.31715 sec).
Mode fundamentals =    [ 11.484 20.769 669.770 667.665 1320.647 2334.824 ]
Total VSCF energy =      3843.918 (from mean single mode energies)
Total VSCF energy =      3843.918 (from total expectation value)
Saving VSCF data to "VSCF_MODES_TARGET069.dat"


Calculating target state 71:
----------------------------
Target = [ 1 0 2 0 0 0 ]
Calculating initial 1D wavefunctions:
Mode 1, E[1] - E[0] = 31.619
Mode 2, E[1] - E[0] = 25.069
Mode 3, E[1] - E[0] = 670.774
Mode 4, E[1] - E[0] = 670.838
Mode 5, E[1] - E[0] = 1308.203
Mode 6, E[1] - E[0] = 2396.443

Starting VSCF iterations...
Iteration 1   ... max diff = 3.85218E+03 (0.27620 sec)
Iteration 2   ... max diff = 3.83061E+01 (0.27615 sec)
Iteration 3   ... max diff = 1.06683E+00 (0.27602 sec)
Iteration 4   ... max diff = 1.64595E-01 (0.27615 sec)
Iteration 5   ... max diff = 3.27579E-02 (0.27625 sec)
Iteration 6   ... max diff = 7.16930E-03 (0.27604 sec)
Iteration 7   ... max diff = 1.63741E-03 (0.27605 sec)
Iteration 8   ... max diff = 3.81521E-04 (0.27617 sec)
Iteration 9   ... max diff = 8.97498E-05 (0.27619 sec)
Iteration 10  ... max diff = 2.12107E-05 (0.27611 sec)
Iteration 11  ... max diff = 5.02398E-06 (0.27632 sec)
Iteration 12  ... max diff = 1.19130E-06 (0.27612 sec)
Iteration 13  ... max diff = 2.82632E-07 (0.27619 sec)
VSCF converged after 13 iterations (3.59033 sec).
Mode fundamentals =    [ 12.148 20.696 665.186 671.482 1320.631 2334.840 ]
Total VSCF energy =      3843.129 (from mean single mode energies)
Total VSCF energy =      3843.129 (from total expectation value)
Saving VSCF data to "VSCF_MODES_TARGET070.dat"


Calculating target state 72:
----------------------------
Target = [ 1 1 0 0 0 0 ]
Calculating initial 1D wavefunctions:
Mode 1, E[1] - E[0] = 31.619
Mode 2, E[1] - E[0] = 25.069
Mode 3, E[1] - E[0] = 670.774
Mode 4, E[1] - E[0] = 670.838
Mode 5, E[1] - E[0] = 1308.203
Mode 6, E[1] - E[0] = 2396.443

Starting VSCF iterations...
Iteration 1   ... max diff = 2.49807E+03 (0.27612 sec)
Iteration 2   ... max diff = 1.60977E+01 (0.27610 sec)
Iteration 3   ... max diff = 4.20017E-01 (0.27620 sec)
Iteration 4   ... max diff = 4.53718E-02 (0.27606 sec)
Iteration 5   ... max diff = 5.68330E-03 (0.27621 sec)
Iteration 6   ... max diff = 7.48263E-04 (0.27616 sec)
Iteration 7   ... max diff = 1.00292E-04 (0.27608 sec)
Iteration 8   ... max diff = 1.35302E-05 (0.27622 sec)
Iteration 9   ... max diff = 1.82969E-06 (0.27630 sec)
Iteration 10  ... max diff = 2.47657E-07 (0.27616 sec)
VSCF converged after 10 iterations (2.76181 sec).
Mode fundamentals =    [ 11.034 21.217 670.069 666.707 1311.067 2359.189 ]
Total VSCF energy =      2527.939 (from mean single mode energies)
Total VSCF energy =      2527.939 (from total expectation value)
Saving VSCF data to "VSCF_MODES_TARGET071.dat"


Calculating target state 73:
----------------------------
Target = [ 1 1 0 0 0 1 ]
Calculating initial 1D wavefunctions:
Mode 1, E[1] - E[0] = 31.619
Mode 2, E[1] - E[0] = 25.069
Mode 3, E[1] - E[0] = 670.774
Mode 4, E[1] - E[0] = 670.838
Mode 5, E[1] - E[0] = 1308.203
Mode 6, E[1] - E[0] = 2396.443

Starting VSCF iterations...
Iteration 1   ... max diff = 4.88720E+03 (0.27611 sec)
Iteration 2   ... max diff = 6.88052E+01 (0.27620 sec)
Iteration 3   ... max diff = 5.11296E-01 (0.27638 sec)
Iteration 4   ... max diff = 4.96310E-02 (0.27614 sec)
Iteration 5   ... max diff = 6.17407E-03 (0.27621 sec)
Iteration 6   ... max diff = 8.08989E-04 (0.27607 sec)
Iteration 7   ... max diff = 1.07977E-04 (0.27625 sec)
Iteration 8   ... max diff = 1.45091E-05 (0.27606 sec)
Iteration 9   ... max diff = 1.95443E-06 (0.27609 sec)
Iteration 10  ... max diff = 2.63512E-07 (0.27608 sec)
VSCF converged after 10 iterations (2.76179 sec).
Mode fundamentals =    [ 11.025 21.268 657.904 654.581 1307.093 2313.426 ]
Total VSCF energy =      4864.260 (from mean single mode energies)
Total VSCF energy =      4864.260 (from total expectation value)
Saving VSCF data to "VSCF_MODES_TARGET072.dat"


Calculating target state 74:
----------------------------
Target = [ 1 1 0 0 1 0 ]
Calculating initial 1D wavefunctions:
Mode 1, E[1] - E[0] = 31.619
Mode 2, E[1] - E[0] = 25.069
Mode 3, E[1] - E[0] = 670.774
Mode 4, E[1] - E[0] = 670.838
Mode 5, E[1] - E[0] = 1308.203
Mode 6, E[1] - E[0] = 2396.443

Starting VSCF iterations...
Iteration 1   ... max diff = 3.80888E+03 (0.27615 sec)
Iteration 2   ... max diff = 1.59013E+01 (0.27621 sec)
Iteration 3   ... max diff = 4.05567E-01 (0.27626 sec)
Iteration 4   ... max diff = 4.38819E-02 (0.27618 sec)
Iteration 5   ... max diff = 5.49611E-03 (0.27618 sec)
Iteration 6   ... max diff = 7.22982E-04 (0.27625 sec)
Iteration 7   ... max diff = 9.67907E-05 (0.27627 sec)
Iteration 8   ... max diff = 1.30413E-05 (0.27603 sec)
Iteration 9   ... max diff = 1.76127E-06 (0.27608 sec)
Iteration 10  ... max diff = 2.38069E-07 (0.27618 sec)
VSCF converged after 10 iterations (2.76205 sec).
Mode fundamentals =    [ 11.038 21.231 674.934 671.568 1310.984 2355.246 ]
Total VSCF energy =      3838.964 (from mean single mode energies)
Total VSCF energy =      3838.964 (from total expectation value)
Saving VSCF data to "VSCF_MODES_TARGET073.dat"


Calculating target state 75:
----------------------------
Target = [ 1 1 0 1 0 0 ]
Calculating initial 1D wavefunctions:
Mode 1, E[1] - E[0] = 31.619
Mode 2, E[1] - E[0] = 25.069
Mode 3, E[1] - E[0] = 670.774
Mode 4, E[1] - E[0] = 670.838
Mode 5, E[1] - E[0] = 1308.203
Mode 6, E[1] - E[0] = 2396.443

Starting VSCF iterations...
Iteration 1   ... max diff = 3.17021E+03 (0.27603 sec)
Iteration 2   ... max diff = 2.22337E+01 (0.27614 sec)
Iteration 3   ... max diff = 4.31967E-01 (0.27598 sec)
Iteration 4   ... max diff = 4.56941E-02 (0.27608 sec)
Iteration 5   ... max diff = 5.64972E-03 (0.27605 sec)
Iteration 6   ... max diff = 7.34459E-04 (0.27627 sec)
Iteration 7   ... max diff = 9.72002E-05 (0.27598 sec)
Iteration 8   ... max diff = 1.29472E-05 (0.27595 sec)
Iteration 9   ... max diff = 1.72866E-06 (0.27603 sec)
Iteration 10  ... max diff = 2.30998E-07 (0.27605 sec)
VSCF converged after 10 iterations (2.76076 sec).
Mode fundamentals =    [ 11.116 21.203 672.369 665.266 1315.928 2347.047 ]
Total VSCF energy =      3193.925 (from mean single mode energies)
Total VSCF energy =      3193.925 (from total expectation value)
Saving VSCF data to "VSCF_MODES_TARGET074.dat"


Calculating target state 76:
----------------------------
Target = [ 1 1 1 0 0 0 ]
Calculating initial 1D wavefunctions:
Mode 1, E[1] - E[0] = 31.619
Mode 2, E[1] - E[0] = 25.069
Mode 3, E[1] - E[0] = 670.774
Mode 4, E[1] - E[0] = 670.838
Mode 5, E[1] - E[0] = 1308.203
Mode 6, E[1] - E[0] = 2396.443

Starting VSCF iterations...
Iteration 1   ... max diff = 3.17400E+03 (0.27594 sec)
Iteration 2   ... max diff = 2.34445E+01 (0.27601 sec)
Iteration 3   ... max diff = 5.40416E-01 (0.27606 sec)
Iteration 4   ... max diff = 6.60097E-02 (0.27593 sec)
Iteration 5   ... max diff = 9.60743E-03 (0.27610 sec)
Iteration 6   ... max diff = 1.48866E-03 (0.27607 sec)
Iteration 7   ... max diff = 2.36300E-04 (0.27601 sec)
Iteration 8   ... max diff = 3.78680E-05 (0.27612 sec)
Iteration 9   ... max diff = 6.09162E-06 (0.27637 sec)
Iteration 10  ... max diff = 9.81433E-07 (0.27608 sec)
VSCF converged after 10 iterations (2.76093 sec).
Mode fundamentals =    [ 12.053 20.758 667.097 668.937 1315.931 2347.020 ]
Total VSCF energy =      3196.373 (from mean single mode energies)
Total VSCF energy =      3196.373 (from total expectation value)
Saving VSCF data to "VSCF_MODES_TARGET075.dat"


Calculating target state 77:
----------------------------
Target = [ 1 2 0 0 0 0 ]
Calculating initial 1D wavefunctions:
Mode 1, E[1] - E[0] = 31.619
Mode 2, E[1] - E[0] = 25.069
Mode 3, E[1] - E[0] = 670.774
Mode 4, E[1] - E[0] = 670.838
Mode 5, E[1] - E[0] = 1308.203
Mode 6, E[1] - E[0] = 2396.443

Starting VSCF iterations...
Iteration 1   ... max diff = 2.52609E+03 (0.27607 sec)
Iteration 2   ... max diff = 1.51128E+01 (0.27622 sec)
Iteration 3   ... max diff = 2.65784E-01 (0.27594 sec)
Iteration 4   ... max diff = 1.90529E-02 (0.27595 sec)
Iteration 5   ... max diff = 1.51563E-03 (0.27599 sec)
Iteration 6   ... max diff = 1.23962E-04 (0.27605 sec)
Iteration 7   ... max diff = 1.02191E-05 (0.27599 sec)
Iteration 8   ... max diff = 8.44355E-07 (0.27595 sec)
VSCF converged after 8 iterations (2.20831 sec).
Mode fundamentals =    [ 15.936 20.746 668.840 666.811 1311.086 2359.274 ]
Total VSCF energy =      2557.125 (from mean single mode energies)
Total VSCF energy =      2557.125 (from total expectation value)
Saving VSCF data to "VSCF_MODES_TARGET076.dat"


Calculating target state 78:
----------------------------
Target = [ 2 0 0 0 0 0 ]
Calculating initial 1D wavefunctions:
Mode 1, E[1] - E[0] = 31.619
Mode 2, E[1] - E[0] = 25.069
Mode 3, E[1] - E[0] = 670.774
Mode 4, E[1] - E[0] = 670.838
Mode 5, E[1] - E[0] = 1308.203
Mode 6, E[1] - E[0] = 2396.443

Starting VSCF iterations...
Iteration 1   ... max diff = 2.51976E+03 (0.27598 sec)
Iteration 2   ... max diff = 3.90663E+01 (0.27602 sec)
Iteration 3   ... max diff = 1.81404E+00 (0.27662 sec)
Iteration 4   ... max diff = 9.46096E-02 (0.27620 sec)
Iteration 5   ... max diff = 2.61985E-03 (0.27612 sec)
Iteration 6   ... max diff = 5.53417E-05 (0.27639 sec)
Iteration 7   ... max diff = 1.10959E-06 (0.27695 sec)
Iteration 8   ... max diff = 2.20753E-08 (0.27621 sec)
VSCF converged after 8 iterations (2.21074 sec).
Mode fundamentals =    [ 6.240 22.220 679.214 666.884 1311.063 2359.047 ]
Total VSCF energy =      2521.418 (from mean single mode energies)
Total VSCF energy =      2521.418 (from total expectation value)
Saving VSCF data to "VSCF_MODES_TARGET077.dat"


Calculating target state 79:
----------------------------
Target = [ 2 0 0 0 0 1 ]
Calculating initial 1D wavefunctions:
Mode 1, E[1] - E[0] = 31.619
Mode 2, E[1] - E[0] = 25.069
Mode 3, E[1] - E[0] = 670.774
Mode 4, E[1] - E[0] = 670.838
Mode 5, E[1] - E[0] = 1308.203
Mode 6, E[1] - E[0] = 2396.443

Starting VSCF iterations...
Iteration 1   ... max diff = 4.90934E+03 (0.27650 sec)
Iteration 2   ... max diff = 9.32628E+01 (0.27643 sec)
Iteration 3   ... max diff = 1.87591E+00 (0.27635 sec)
Iteration 4   ... max diff = 9.07040E-02 (0.27652 sec)
Iteration 5   ... max diff = 2.53279E-03 (0.27649 sec)
Iteration 6   ... max diff = 5.46603E-05 (0.27636 sec)
Iteration 7   ... max diff = 1.12186E-06 (0.27639 sec)
Iteration 8   ... max diff = 2.28492E-08 (0.27635 sec)
VSCF converged after 8 iterations (2.21154 sec).
Mode fundamentals =    [ 6.201 22.316 666.996 654.758 1307.093 2313.293 ]
Total VSCF energy =      4857.602 (from mean single mode energies)
Total VSCF energy =      4857.602 (from total expectation value)
Saving VSCF data to "VSCF_MODES_TARGET078.dat"


Calculating target state 80:
----------------------------
Target = [ 2 0 0 0 1 0 ]
Calculating initial 1D wavefunctions:
Mode 1, E[1] - E[0] = 31.619
Mode 2, E[1] - E[0] = 25.069
Mode 3, E[1] - E[0] = 670.774
Mode 4, E[1] - E[0] = 670.838
Mode 5, E[1] - E[0] = 1308.203
Mode 6, E[1] - E[0] = 2396.443

Starting VSCF iterations...
Iteration 1   ... max diff = 3.83036E+03 (0.27607 sec)
Iteration 2   ... max diff = 3.88782E+01 (0.27600 sec)
Iteration 3   ... max diff = 1.79170E+00 (0.27611 sec)
Iteration 4   ... max diff = 9.26102E-02 (0.27596 sec)
Iteration 5   ... max diff = 2.53921E-03 (0.27601 sec)
Iteration 6   ... max diff = 5.32069E-05 (0.27598 sec)
Iteration 7   ... max diff = 1.05889E-06 (0.27618 sec)
Iteration 8   ... max diff = 2.09070E-08 (0.27643 sec)
VSCF converged after 8 iterations (2.20895 sec).
Mode fundamentals =    [ 6.244 22.238 684.082 671.745 1310.979 2355.109 ]
Total VSCF energy =      3832.438 (from mean single mode energies)
Total VSCF energy =      3832.438 (from total expectation value)
Saving VSCF data to "VSCF_MODES_TARGET079.dat"


Calculating target state 81:
----------------------------
Target = [ 2 0 0 1 0 0 ]
Calculating initial 1D wavefunctions:
Mode 1, E[1] - E[0] = 31.619
Mode 2, E[1] - E[0] = 25.069
Mode 3, E[1] - E[0] = 670.774
Mode 4, E[1] - E[0] = 670.838
Mode 5, E[1] - E[0] = 1308.203
Mode 6, E[1] - E[0] = 2396.443

Starting VSCF iterations...
Iteration 1   ... max diff = 3.19201E+03 (0.27661 sec)
Iteration 2   ... max diff = 4.58017E+01 (0.27652 sec)
Iteration 3   ... max diff = 1.78318E+00 (0.27658 sec)
Iteration 4   ... max diff = 8.69424E-02 (0.27649 sec)
Iteration 5   ... max diff = 2.22276E-03 (0.27661 sec)
Iteration 6   ... max diff = 4.32948E-05 (0.27663 sec)
Iteration 7   ... max diff = 8.01957E-07 (0.27662 sec)
VSCF converged after 7 iterations (1.93620 sec).
Mode fundamentals =    [ 6.336 22.187 681.791 665.438 1315.923 2346.906 ]
Total VSCF energy =      3187.579 (from mean single mode energies)
Total VSCF energy =      3187.579 (from total expectation value)
Saving VSCF data to "VSCF_MODES_TARGET080.dat"


Calculating target state 82:
----------------------------
Target = [ 2 0 1 0 0 0 ]
Calculating initial 1D wavefunctions:
Mode 1, E[1] - E[0] = 31.619
Mode 2, E[1] - E[0] = 25.069
Mode 3, E[1] - E[0] = 670.774
Mode 4, E[1] - E[0] = 670.838
Mode 5, E[1] - E[0] = 1308.203
Mode 6, E[1] - E[0] = 2396.443

Starting VSCF iterations...
Iteration 1   ... max diff = 3.20144E+03 (0.27685 sec)
Iteration 2   ... max diff = 4.45575E+01 (0.27689 sec)
Iteration 3   ... max diff = 1.18081E+00 (0.27628 sec)
Iteration 4   ... max diff = 1.99222E-02 (0.27625 sec)
Iteration 5   ... max diff = 1.03768E-04 (0.27613 sec)
Iteration 6   ... max diff = 4.21694E-07 (0.27615 sec)
VSCF converged after 6 iterations (1.65876 sec).
Mode fundamentals =    [ 8.222 20.699 671.350 669.333 1315.932 2346.848 ]
Total VSCF energy =      3195.834 (from mean single mode energies)
Total VSCF energy =      3195.834 (from total expectation value)
Saving VSCF data to "VSCF_MODES_TARGET081.dat"


Calculating target state 83:
----------------------------
Target = [ 2 1 0 0 0 0 ]
Calculating initial 1D wavefunctions:
Mode 1, E[1] - E[0] = 31.619
Mode 2, E[1] - E[0] = 25.069
Mode 3, E[1] - E[0] = 670.774
Mode 4, E[1] - E[0] = 670.838
Mode 5, E[1] - E[0] = 1308.203
Mode 6, E[1] - E[0] = 2396.443

Starting VSCF iterations...
Iteration 1   ... max diff = 2.51220E+03 (0.27607 sec)
Iteration 2   ... max diff = 2.34128E+01 (0.27607 sec)
Iteration 3   ... max diff = 8.53635E-01 (0.27623 sec)
Iteration 4   ... max diff = 5.51581E-02 (0.27610 sec)
Iteration 5   ... max diff = 3.06781E-03 (0.27606 sec)
Iteration 6   ... max diff = 1.60278E-04 (0.27607 sec)
Iteration 7   ... max diff = 8.23425E-06 (0.27614 sec)
Iteration 8   ... max diff = 4.21361E-07 (0.27602 sec)
VSCF converged after 8 iterations (2.20891 sec).
Mode fundamentals =    [ 8.102 21.841 676.457 666.859 1311.080 2359.140 ]
Total VSCF energy =      2543.455 (from mean single mode energies)
Total VSCF energy =      2543.455 (from total expectation value)
Saving VSCF data to "VSCF_MODES_TARGET082.dat"


Calculating target state 84:
----------------------------
Target = [ 3 0 0 0 0 0 ]
Calculating initial 1D wavefunctions:
Mode 1, E[1] - E[0] = 31.619
Mode 2, E[1] - E[0] = 25.069
Mode 3, E[1] - E[0] = 670.774
Mode 4, E[1] - E[0] = 670.838
Mode 5, E[1] - E[0] = 1308.203
Mode 6, E[1] - E[0] = 2396.443

Starting VSCF iterations...
Iteration 1   ... max diff = 2.54200E+03 (0.27624 sec)
Iteration 2   ... max diff = 5.73867E+01 (0.27614 sec)
Iteration 3   ... max diff = 2.51817E+00 (0.27653 sec)
Iteration 4   ... max diff = 1.28677E-01 (0.27657 sec)
Iteration 5   ... max diff = 6.35421E-03 (0.27669 sec)
Iteration 6   ... max diff = 3.12526E-04 (0.27932 sec)
Iteration 7   ... max diff = 1.53738E-05 (0.27654 sec)
Iteration 8   ... max diff = 7.56343E-07 (0.27648 sec)
VSCF converged after 8 iterations (2.21474 sec).
Mode fundamentals =    [ 3.358 23.480 687.949 667.109 1311.075 2358.957 ]
Total VSCF energy =      2537.011 (from mean single mode energies)
Total VSCF energy =      2537.011 (from total expectation value)
Saving VSCF data to "VSCF_MODES_TARGET083.dat"


Total target calculation 222.39894 sec


Target energies:
----------------

                      |               VSCF               
--------------------------------------------------------------------------------------------
[  0  0  0  0  0  0 ] |  2491.980976006 ;     0.000000000
[  1  0  0  0  0  0 ] |  2506.536372602 ;    14.555396595
[  0  1  0  0  0  0 ] |  2514.237327635 ;    22.256351629
[  2  0  0  0  0  0 ] |  2521.417615152 ;    29.436639145
[  1  1  0  0  0  0 ] |  2527.938501064 ;    35.957525058
[  3  0  0  0  0  0 ] |  2537.011279994 ;    45.030303987
[  0  2  0  0  0  0 ] |  2538.702269920 ;    46.721293914
[  2  1  0  0  0  0 ] |  2543.455018045 ;    51.474042039
[  1  2  0  0  0  0 ] |  2557.124626457 ;    65.143650451
[  0  3  0  0  0  0 ] |  2573.645258224 ;    81.664282217
[  0  0  0  1  0  0 ] |  3157.956529401 ;   665.975553395
[  0  0  1  0  0  0 ] |  3158.424022950 ;   666.443046944
[  1  0  0  1  0  0 ] |  3172.538036617 ;   680.557060610
[  1  0  1  0  0  0 ] |  3175.516500030 ;   683.535524024
[  0  1  0  1  0  0 ] |  3180.139278303 ;   688.158302296
[  0  1  1  0  0  0 ] |  3180.711683353 ;   688.730707347
[  2  0  0  1  0  0 ] |  3187.578770389 ;   695.597794382
[  1  1  0  1  0  0 ] |  3193.925138948 ;   701.944162942
[  2  0  1  0  0  0 ] |  3195.833767187 ;   703.852791181
[  1  1  1  0  0  0 ] |  3196.372824072 ;   704.391848066
[  0  2  0  1  0  0 ] |  3204.719590393 ;   712.738614386
[  0  2  1  0  0  0 ] |  3204.950677581 ;   712.969701574
[  0  0  0  0  1  0 ] |  3803.012925796 ;  1311.031949790
[  1  0  0  0  1  0 ] |  3817.547074628 ;  1325.566098622
[  0  0  0  2  0  0 ] |  3824.056709302 ;  1332.075733296
[  0  0  2  0  0  0 ] |  3824.591427918 ;  1332.610451911
[  0  1  0  0  1  0 ] |  3825.259389374 ;  1333.278413368
[  0  0  1  1  0  0 ] |  3826.779214757 ;  1334.798238751
[  2  0  0  0  1  0 ] |  3832.438406626 ;  1340.457430619
[  1  0  0  2  0  0 ] |  3838.664869360 ;  1346.683893353
[  1  1  0  0  1  0 ] |  3838.963682264 ;  1346.982706257
[  1  0  2  0  0  0 ] |  3843.128952211 ;  1351.147976204
[  1  0  1  1  0  0 ] |  3843.917615358 ;  1351.936639352
[  0  1  0  2  0  0 ] |  3846.164643727 ;  1354.183667721
[  0  1  2  0  0  0 ] |  3846.904938706 ;  1354.923962699
[  0  1  1  1  0  0 ] |  3848.704456985 ;  1356.723480979
[  0  2  0  0  1  0 ] |  3849.750023571 ;  1357.769047564
[  0  0  0  1  1  0 ] |  4473.814432336 ;  1981.833456330
[  0  0  1  0  1  0 ] |  4474.286453759 ;  1982.305477752
[  1  0  0  1  1  0 ] |  4488.377132613 ;  1996.396156606
[  0  0  0  3  0  0 ] |  4490.285523529 ;  1998.304547522
[  0  0  3  0  0  0 ] |  4490.565089566 ;  1998.584113560
[  1  0  1  0  1  0 ] |  4491.360467038 ;  1999.379491032
[  0  0  1  2  0  0 ] |  4495.252568691 ;  2003.271592685
[  0  0  2  1  0  0 ] |  4495.294747433 ;  2003.313771426
[  0  1  0  1  1  0 ] |  4495.987904315 ;  2004.006928309
[  0  1  1  0  1  0 ] |  4496.561884035 ;  2004.580908028
[  0  0  0  0  0  1 ] |  4828.342388488 ;  2336.361412481
[  1  0  0  0  0  1 ] |  4842.801910276 ;  2350.820934269
[  0  1  0  0  0  1 ] |  4850.583702038 ;  2358.602726031
[  2  0  0  0  0  1 ] |  4857.602008958 ;  2365.621032952
[  1  1  0  0  0  1 ] |  4864.259792312 ;  2372.278816306
[  0  2  0  0  0  1 ] |  4875.118517821 ;  2383.137541815
[  0  0  0  0  2  0 ] |  5108.631038135 ;  2616.650062129
[  1  0  0  0  2  0 ] |  5123.143683719 ;  2631.162707713
[  0  1  0  0  2  0 ] |  5130.867893017 ;  2638.886917010
[  0  0  0  2  1  0 ] |  5144.590795954 ;  2652.609819948
[  0  0  2  0  1  0 ] |  5145.133493064 ;  2653.152517058
[  0  0  1  1  1  0 ] |  5147.338642415 ;  2655.357666409
[  0  0  0  1  0  1 ] |  5482.190664185 ;  2990.209688178
[  0  0  1  0  0  1 ] |  5482.656305218 ;  2990.675329212
[  1  0  0  1  0  1 ] |  5496.685110104 ;  3004.704134098
[  1  0  1  0  0  1 ] |  5499.648156980 ;  3007.667180973
[  0  1  0  1  0  1 ] |  5504.359634175 ;  3012.378658168
[  0  1  1  0  0  1 ] |  5504.923999518 ;  3012.943023512
[  0  0  0  1  2  0 ] |  5784.131407860 ;  3292.150431853
[  0  0  1  0  2  0 ] |  5784.607786499 ;  3292.626810493
[  0  0  0  0  1  1 ] |  6135.393756854 ;  3643.412780847
[  0  0  0  2  0  1 ] |  6136.181620083 ;  3644.200644077
[  0  0  2  0  0  1 ] |  6136.714419565 ;  3644.733443559
[  0  0  1  1  0  1 ] |  6138.881945212 ;  3646.900969205
[  1  0  0  0  1  1 ] |  6149.834467423 ;  3657.853491416
[  0  1  0  0  1  1 ] |  6157.625989873 ;  3665.645013866
[  0  0  0  0  3  0 ] |  6408.837005940 ;  3916.856029934
[  0  0  0  1  1  1 ] |  6794.138931822 ;  4302.157955816
[  0  0  1  0  1  1 ] |  6794.609400824 ;  4302.628424817
[  0  0  0  0  0  2 ] |  7138.575255791 ;  4646.594279785
[  1  0  0  0  0  2 ] |  7152.941552294 ;  4660.960576287
[  0  1  0  0  0  2 ] |  7160.800525162 ;  4668.819549156
[  0  0  0  0  2  1 ] |  7437.006130904 ;  4945.025154897
[  0  0  0  1  0  2 ] |  7780.319480605 ;  5288.338504599
[  0  0  1  0  0  2 ] |  7780.785371215 ;  5288.804395208
[  0  0  0  0  1  2 ] |  8441.606154381 ;  5949.625178375
[  0  0  0  0  0  3 ] |  9422.689979098 ;  6930.709003092


#################################
 NITROGEN exited successfully    
#################################
