# R_ang  theta_rad  Veff_hartree
    1.500000   0.04958315  8.7978699563538976e+02
    1.500000   0.11381403  4.9503227712410671e+02
    1.500000   0.17842421  2.0280430363105094e+02
    1.500000   0.24312010  6.9388602718653274e+01
    1.500000   0.30784849  2.1988013441852704e+01
    1.500000   0.37259260  7.0999833468865878e+00
    1.500000   0.43734549  2.6685373874141090e+00
    1.500000   0.50210377  1.3355006791897364e+00
    1.500000   0.56686560  8.7847856624124288e-01
    1.500000   0.63162987  6.6628255069622888e-01
    1.500000   0.69639591  5.2934137374774337e-01
    1.500000   0.76116325  4.2452092567614369e-01
    1.500000   0.82593158  3.4066361380835075e-01
    1.500000   0.89070068  2.7367398047323943e-01
    1.500000   0.95547037  2.2071798544974722e-01
    1.500000   1.02024053  1.7923888433013027e-01
    1.500000   1.08501108  1.4696275787241186e-01
    1.500000   1.14978193  1.2198636453651111e-01
    1.500000   1.21455301  1.0279707146793303e-01
    1.500000   1.27932429  8.8239177115991982e-02
    1.500000   1.34409571  7.7458109802732586e-02
    1.500000   1.40886724  6.9843177576968063e-02
    1.500000   1.47363885  6.4978826056901667e-02
    1.500000   1.53841049  6.2607969477372044e-02
    1.500000   1.60318216  6.2607967087287317e-02
    1.500000   1.66795381  6.4978819315215305e-02
    1.500000   1.73272541  6.9843167930114872e-02
    1.500000   1.79749694  7.7458100245787587e-02
    1.500000   1.86226837  8.8239173256178832e-02
    1.500000   1.92703964  1.0279708345604725e-01
    1.500000   1.99181073  1.2198641049880068e-01
    1.500000   2.05658157  1.4696287002050731e-01
    1.500000   2.12135212  1.7923911996072930e-01
    1.500000   2.18612229  2.2071844705856294e-01
    1.500000   2.25089198  2.7367485322147062e-01
    1.500000   2.31566107  3.4066523678272287e-01
    1.500000   2.38042940  4.2452393058333815e-01
    1.500000   2.44519674  5.2934696172573237e-01
    1.500000   2.50996278  6.6629305988948095e-01
    1.500000   2.57472706  8.7849866896158546e-01
    1.500000   2.63948889  1.3355399798645156e+00
    1.500000   2.70424717  2.6686162085461813e+00
    1.500000   2.76900006  7.1001458424645021e+00
    1.500000   2.83374417  2.1988357156820946e+01
    1.500000   2.89847256  6.9389340842463653e+01
    1.500000   2.96316844  2.0280586480985940e+02
    1.500000   3.02777863  4.9503530851201367e+02
    1.500000   3.09200950  8.7979176044069288e+02
    1.550000   0.04958315  3.2876299683979431e+02
    1.550000   0.11381403  2.0334952312585159e+02
    1.550000   0.17842421  9.4498050152210169e+01
    1.550000   0.24312010  3.6779499897053498e+01
    1.550000   0.30784849  1.3249836495762841e+01
    1.550000   0.37259260  4.9136853251610493e+00
    1.550000   0.43734549  2.1323377396311520e+00
    1.550000   0.50210377  1.1818854349175791e+00
    1.550000   0.56686560  8.0458479435858221e-01
    1.550000   0.63162987  6.0834952859783131e-01
    1.550000   0.69639591  4.7750723354003793e-01
    1.550000   0.76116325  3.7864139231418464e-01
    1.550000   0.82593158  3.0112270193646901e-01
    1.550000   0.89070068  2.4017284406063791e-01
    1.550000   0.95547037  1.9252015527484223e-01
    1.550000   1.02024053  1.5547695823789071e-01
    1.550000   1.08501108  1.2680780482463733e-01
    1.550000   1.14978193  1.0471267525248172e-01
    1.550000   1.21455301  8.7791863620583790e-02
    1.550000   1.27932429  7.4989059505836425e-02
    1.550000   1.34409571  6.5528555377612541e-02
    1.550000   1.40886724  5.8858077164405144e-02
    1.550000   1.47363885  5.4602524951939346e-02
    1.550000   1.53841049  5.2530035021962865e-02
    1.550000   1.60318216  5.2530033240759236e-02
    1.550000   1.66795381  5.4602519938104735e-02
    1.550000   1.73272541  5.8858070032117960e-02
    1.550000   1.79749694  6.5528548437568043e-02
    1.550000   1.86226837  7.4989057090254496e-02
    1.550000   1.92703964  8.7791873579262047e-02
    1.550000   1.99181073  1.0471271160503853e-01
    1.550000   2.05658157  1.2680789246707239e-01
    1.550000   2.12135212  1.5547714137771249e-01
    1.550000   2.18612229  1.9252051276196216e-01
    1.550000   2.25089198  2.4017351771406825e-01
    1.550000   2.31566107  3.0112394984796359e-01
    1.550000   2.38042940  3.7864369114660651e-01
    1.550000   2.44519674  4.7751147896372304e-01
    1.550000   2.50996278  6.0835743638213413e-01
    1.550000   2.57472706  8.0459971944290054e-01
    1.550000   2.63948889  1.1819140731237119e+00
    1.550000   2.70424717  2.1323936977346740e+00
    1.550000   2.76900006  4.9137965569738657e+00
    1.550000   2.83374417  1.3250060092334531e+01
    1.550000   2.89847256  3.6779947466797552e+01
    1.550000   2.96316844  9.4498913001226654e+01
    1.550000   3.02777863  2.0335102822559466e+02
    1.550000   3.09200950  3.2876516070569073e+02
    1.600000   0.04958315  1.3435533625261357e+02
    1.600000   0.11381403  8.9246169814212266e+01
    1.600000   0.17842421  4.5951969829942392e+01
    1.600000   0.24312010  2.0069596634731219e+01
    1.600000   0.30784849  8.1891360432296043e+00
    1.600000   0.37259260  3.4792947675739638e+00
    1.600000   0.43734549  1.7178823309298754e+00
    1.600000   0.50210377  1.0337648299806350e+00
    1.600000   0.56686560  7.2358272589812878e-01
    1.600000   0.63162987  5.4692252731544111e-01
    1.600000   0.69639591  4.2582377884250888e-01
    1.600000   0.76116325  3.3482547073952812e-01
    1.600000   0.82593158  2.6437522966692356e-01
    1.600000   0.89070068  2.0959095271349082e-01
    1.600000   0.95547037  1.6710530554913924e-01
    1.600000   1.02024053  1.3427088100088078e-01
    1.600000   1.08501108  1.0896873817150496e-01
    1.600000   1.14978193  8.9534504913367563e-02
    1.600000   1.21455301  7.4693014599385141e-02
    1.600000   1.27932429  6.3490143363750348e-02
    1.600000   1.34409571  5.5228535333006749e-02
    1.600000   1.40886724  4.9412908900637112e-02
    1.600000   1.47363885  4.5707243765265804e-02
    1.600000   1.53841049  4.3903914127294899e-02
    1.600000   1.60318216  4.3903912820490089e-02
    1.600000   1.66795381  4.5707240097815086e-02
    1.600000   1.73272541  4.9412903727971830e-02
    1.600000   1.79749694  5.5228530431480495e-02
    1.600000   1.86226837  6.3490142067428645e-02
    1.600000   1.92703964  7.4693022952633567e-02
    1.600000   1.99181073  8.9534533708633179e-02
    1.600000   2.05658157  1.0896880655177027e-01
    1.600000   2.12135212  1.3427102288297360e-01
    1.600000   2.18612229  1.6710558121892388e-01
    1.600000   2.25089198  2.0959147005967735e-01
    1.600000   2.31566107  2.6437618367522625e-01
    1.600000   2.38042940  3.3482721814980526e-01
    1.600000   2.44519674  4.2582698157364457e-01
    1.600000   2.50996278  5.4692843217724496e-01
    1.600000   2.57472706  7.2359371673583073e-01
    1.600000   2.63948889  1.0337855239798597e+00
    1.600000   2.70424717  1.7179217406650709e+00
    1.600000   2.76900006  3.4793704278232362e+00
    1.600000   2.83374417  8.1892812068569327e+00
    1.600000   2.89847256  2.0069870025954057e+01
    1.600000   2.96316844  4.5952458855744879e+01
    1.600000   3.02777863  8.9246957367383146e+01
    1.600000   3.09200950  1.3435640081015291e+02
    1.650000   0.04958315  5.9367269388994636e+01
    1.650000   0.11381403  4.1752917857399275e+01
    1.650000   0.17842421  2.3464690501042544e+01
    1.650000   0.24312010  1.1395935377728422e+01
    1.650000   0.30784849  5.2458778125856522e+00
    1.650000   0.37259260  2.5338468020589526e+00
    1.650000   0.43734549  1.3972895488183552e+00
    1.650000   0.50210377  8.9704678799817938e-01
    1.650000   0.56686560  6.4203434611808685e-01
    1.650000   0.63162987  4.8584237771079958e-01
    1.650000   0.69639591  3.7622632057130911e-01
    1.650000   0.76116325  2.9396590502649728e-01
    1.650000   0.82593158  2.3077882668083879e-01
    1.650000   0.89070068  1.8201546097033117e-01
    1.650000   0.95547037  1.4442405864075603e-01
    1.650000   1.02024053  1.1550254464726471e-01
    1.650000   1.08501108  9.3293403005600448e-02
    1.650000   1.14978193  7.6283586193356970e-02
    1.650000   1.21455301  6.3325437240376550e-02
    1.650000   1.27932429  5.3565238058093559e-02
    1.650000   1.34409571  4.6380977613760692e-02
    1.650000   1.40886724  4.1331545320221208e-02
    1.650000   1.47363885  3.8117835578468186e-02
    1.650000   1.53841049  3.6555045672600685e-02
    1.650000   1.60318216  3.6555044731899862e-02
    1.650000   1.66795381  3.8117832949839336e-02
    1.650000   1.73272541  4.1331541658407932e-02
    1.650000   1.79749694  4.6380974279783931e-02
    1.650000   1.86226837  5.3565237608499468e-02
    1.650000   1.92703964  6.3325444310880899e-02
    1.650000   1.99181073  7.6283609056295679e-02
    1.650000   2.05658157  9.3293456311640613e-02
    1.650000   2.12135212  1.1550265428653672e-01
    1.650000   2.18612229  1.4442427045359471e-01
    1.650000   2.25089198  1.8201585654697891e-01
    1.650000   2.31566107  2.3077955238745232e-01
    1.650000   2.38042940  2.9396722600672648e-01
    1.650000   2.44519674  3.7622872237719540e-01
    1.650000   2.50996278  4.8584675928622845e-01
    1.650000   2.57472706  6.4204238765968480e-01
    1.650000   2.63948889  8.9706164821259848e-01
    1.650000   2.70424717  1.3973171557354125e+00
    1.650000   2.76900006  2.5338981048046900e+00
    1.650000   2.83374417  5.2459721901124023e+00
    1.650000   2.89847256  1.1396104043084433e+01
    1.650000   2.96316844  2.3464974402584104e+01
    1.650000   3.02777863  4.1753348080364802e+01
    1.650000   3.09200950  5.9367825659741726e+01
    1.700000   0.04958315  2.8215000316890155e+01
    1.700000   0.11381403  2.0829970062512583e+01
    1.700000   0.17842421  1.2657130608819902e+01
    1.700000   0.24312010  6.7905330612248509e+00
    1.700000   0.30784849  3.5046464090755989e+00
    1.700000   0.37259260  1.8995033932897318e+00
    1.700000   0.43734549  1.1467902741821956e+00
    1.700000   0.50210377  7.7396920042750694e-01
    1.700000   0.56686560  5.6387363700994619e-01
    1.700000   0.63162987  4.2750816502844430e-01
    1.700000   0.69639591  3.2987825193636694e-01
    1.700000   0.76116325  2.5653107280824344e-01
    1.700000   0.82593158  2.0045001999459286e-01
    1.700000   0.89070068  1.5739316983540619e-01
    1.700000   0.95547037  1.2434462221891934e-01
    1.700000   1.02024053  9.9006171951554631e-02
    1.700000   1.08501108  7.9603609314813861e-02
    1.700000   1.14978193  6.4779538083895583e-02
    1.700000   1.21455301  5.3511134615918853e-02
    1.700000   1.27932429  4.5040439477008386e-02
    1.700000   1.34409571  3.8816282414178303e-02
    1.700000   1.40886724  3.4448094690390410e-02
    1.700000   1.47363885  3.1671075267928256e-02
    1.700000   1.53841049  3.0321590548295137e-02
    1.700000   1.60318216  3.0321589887322434e-02
    1.700000   1.66795381  3.1671073432573082e-02
    1.700000   1.73272541  3.4448092180325678e-02
    1.700000   1.79749694  3.8816280268916752e-02
    1.700000   1.86226837  4.5040439650207327e-02
    1.700000   1.92703964  5.3511140649802655e-02
    1.700000   1.99181073  6.4779556293951032e-02
    1.700000   2.05658157  7.9603650865813849e-02
    1.700000   2.12135212  9.9006256516383576e-02
    1.700000   2.18612229  1.2434478448395590e-01
    1.700000   2.25089198  1.5739347118225866e-01
    1.700000   2.31566107  2.0045056968647901e-01
    1.700000   2.38042940  2.5653206676206652e-01
    1.700000   2.44519674  3.2988004416508987e-01
    1.700000   2.50996278  4.2751139965045065e-01
    1.700000   2.57472706  5.6387949109705726e-01
    1.700000   2.63948889  7.7397982313255620e-01
    1.700000   2.70424717  1.1468095490408461e+00
    1.700000   2.76900006  1.8995381495190975e+00
    1.700000   2.83374417  3.5047079871458604e+00
    1.700000   2.89847256  6.7906382661519640e+00
    1.700000   2.96316844  1.2657299097199246e+01
    1.700000   3.02777863  2.0830213579980231e+01
    1.700000   3.09200950  2.8215304911300414e+01
    1.750000   0.04958315  1.4406787247956560e+01
    1.750000   0.11381403  1.1105235570014489e+01
    1.750000   0.17842421  7.2490828314624318e+00
    1.750000   0.24312010  4.2680867576279216e+00
    1.750000   0.30784849  2.4452873765881886e+00
    1.750000   0.37259260  1.4621370996904810e+00
    1.750000   0.43734549  9.4819677564391769e-01
    1.750000   0.50210377  6.6483301537135975e-01
    1.750000   0.56686560  4.9126760230265415e-01
    1.750000   0.63162987  3.7329691338248616e-01
    1.750000   0.69639591  2.8739490601801315e-01
    1.750000   0.76116325  2.2269509388793227e-01
    1.750000   0.82593158  1.7334439102065269e-01
    1.750000   0.89070068  1.3558179521491859e-01
    1.750000   0.95547037  1.0668645005152946e-01
    1.750000   1.02024053  8.4590860976453588e-02
    1.750000   1.08501108  6.7710458035318319e-02
    1.750000   1.14978193  5.4840382562606711e-02
    1.750000   1.21455301  4.5076438252561531e-02
    1.750000   1.27932429  3.7750097363750477e-02
    1.750000   1.34409571  3.2375713985031848e-02
    1.750000   1.40886724  2.8609227607449623e-02
    1.750000   1.47363885  2.6217323752402561e-02
    1.750000   1.53841049  2.5055777668404982e-02
    1.750000   1.60318216  2.5055777218883489e-02
    1.750000   1.66795381  2.6217322516082987e-02
    1.750000   1.73272541  2.8609225964601689e-02
    1.750000   1.79749694  3.2375712727241296e-02
    1.750000   1.86226837  3.7750097979154490e-02
    1.750000   1.92703964  4.5076443438473682e-02
    1.750000   1.99181073  5.4840397122776427e-02
    1.750000   2.05658157  6.7710490444735608e-02
    1.750000   2.12135212  8.4590926121930143e-02
    1.750000   2.18612229  1.0668657406517021e-01
    1.750000   2.25089198  1.3558202406414110e-01
    1.750000   2.31566107  1.7334480588296122e-01
    1.750000   2.38042940  2.2269583881823743e-01
    1.750000   2.44519674  2.8739623784629370e-01
    1.750000   2.50996278  3.7329929140622464e-01
    1.750000   2.57472706  4.9127184748353636e-01
    1.750000   2.63948889  6.6484058485693864e-01
    1.750000   2.70424717  9.4821020915288623e-01
    1.750000   2.76900006  1.4621606624900845e+00
    1.750000   2.83374417  2.4453277479686357e+00
    1.750000   2.89847256  4.2681531138484514e+00
    1.750000   2.96316844  7.2491848235323957e+00
    1.750000   3.02777863  1.1105377542334574e+01
    1.750000   3.09200950  1.4406960361329807e+01
    1.800000   0.04958315  7.9088249401362178e+00
    1.800000   0.11381403  6.3406618408018351e+00
    1.800000   0.17842421  4.4201799149559458e+00
    1.800000   0.24312010  2.8318599104380615e+00
    1.800000   0.30784849  1.7766321266970679e+00
    1.800000   0.37259260  1.1505971069880165e+00
    1.800000   0.43734549  7.8832337882151116e-01
    1.800000   0.50210377  5.6899393422186750e-01
    1.800000   0.56686560  4.2523993074317540e-01
    1.800000   0.63162987  3.2388835749196865e-01
    1.800000   0.69639591  2.4901661234611272e-01
    1.800000   0.76116325  1.9243601304772281e-01
    1.800000   0.82593158  1.4931560326323215e-01
    1.800000   0.89070068  1.1638704812899932e-01
    1.800000   0.95547037  9.1244279949129301e-02
    1.800000   1.02024053  7.2056510013743191e-02
    1.800000   1.08501108  5.7425028852214399e-02
    1.800000   1.14978193  4.6289744529175440e-02
    1.800000   1.21455301  3.7856825811307254e-02
    1.800000   1.27932429  3.1539979449627401e-02
    1.800000   1.34409571  2.6913416306314379e-02
    1.800000   1.40886724  2.3675416250048438e-02
    1.800000   1.47363885  2.1621284829521543e-02
    1.800000   1.53841049  2.0624429205698711e-02
    1.800000   1.60318216  2.0624428914115828e-02
    1.800000   1.66795381  2.1621284039939088e-02
    1.800000   1.73272541  2.3675415251100663e-02
    1.800000   1.79749694  2.6913415699083509e-02
    1.800000   1.86226837  3.1539980364198222e-02
    1.800000   1.92703964  3.7856830294926890e-02
    1.800000   1.99181073  4.6289756223129246e-02
    1.800000   2.05658157  5.7425054166447637e-02
    1.800000   2.12135212  7.2056560170846759e-02
    1.800000   2.18612229  9.1244374559508706e-02
    1.800000   2.25089198  1.1638722147795454e-01
    1.800000   2.31566107  1.4931591541413786e-01
    1.800000   2.38042940  1.9243656948606322e-01
    1.800000   2.44519674  2.4901759865049958e-01
    1.800000   2.50996278  3.2389009995718665e-01
    1.800000   2.57472706  4.2524300019148525e-01
    1.800000   2.63948889  5.6899931668009252e-01
    1.800000   2.70424717  7.8833273512837099e-01
    1.800000   2.76900006  1.1506131092637000e+00
    1.800000   2.83374417  1.7766587398533769e+00
    1.800000   2.89847256  2.8319022179297471e+00
    1.800000   2.96316844  4.4202427517979199e+00
    1.800000   3.02777863  6.3407466941226218e+00
    1.800000   3.09200950  7.9089263509715408e+00
    1.850000   0.04958315  4.6671296896287240e+00
    1.850000   0.11381403  3.8767056104153657e+00
    1.850000   0.17842421  2.8660820806382499e+00
    1.850000   0.24312010  1.9760000606504815e+00
    1.850000   0.30784849  1.3362443066724476e+00
    1.850000   0.37259260  9.2109030414953874e-01
    1.850000   0.43734549  6.5783325705776985e-01
    1.850000   0.50210377  4.8539725891834440e-01
    1.850000   0.56686560  3.6609989032275020e-01
    1.850000   0.63162987  2.7950333082861617e-01
    1.850000   0.69639591  2.1473679839367066e-01
    1.850000   0.76116325  1.6560734702184471e-01
    1.850000   0.82593158  1.2815749692219536e-01
    1.850000   0.89070068  9.9588557392096530e-02
    1.850000   0.95547037  7.7804646054779172e-02
    1.850000   1.02024053  6.1204560801087222e-02
    1.850000   1.08501108  4.8565427067185571e-02
    1.850000   1.14978193  3.8961442909151468e-02
    1.850000   1.21455301  3.1699834790444123e-02
    1.850000   1.27932429  2.6269020260043317e-02
    1.850000   1.34409571  2.2297352885322232e-02
    1.850000   1.40886724  1.9521327704511003e-02
    1.850000   1.47363885  1.7762059371866971e-02
    1.850000   1.53841049  1.6908852145106932e-02
    1.850000   1.60318216  1.6908851969877018e-02
    1.850000   1.66795381  1.7762058910642298e-02
    1.850000   1.73272541  1.9521327175823625e-02
    1.850000   1.79749694  2.2297352744367175e-02
    1.850000   1.86226837  2.6269021362513984e-02
    1.850000   1.92703964  3.1699838685396053e-02
    1.850000   1.99181073  3.8961452347763742e-02
    1.850000   2.05658157  4.8565446881197939e-02
    1.850000   2.12135212  6.1204599421417483e-02
    1.850000   2.18612229  7.7804718145607271e-02
    1.850000   2.25089198  9.9588688434010975e-02
    1.850000   2.31566107  1.2815773119803703e-01
    1.850000   2.38042940  1.6560776150728898e-01
    1.850000   2.44519674  2.1473752675084734e-01
    1.850000   2.50996278  2.7950460421984202e-01
    1.850000   2.57472706  3.6610210484575478e-01
    1.850000   2.63948889  4.8540108129268922e-01
    1.850000   2.70424717  6.5783977471221344e-01
    1.850000   2.76900006  9.2110119824488323e-01
    1.850000   2.83374417  1.3362619511708511e+00
    1.850000   2.89847256  1.9760273119704941e+00
    1.850000   2.96316844  2.8661214038958174e+00
    1.850000   3.02777863  3.8767574059938354e+00
    1.850000   3.09200950  4.6671906023026697e+00
    1.900000   0.04958315  2.9509384636616653e+00
    1.900000   0.11381403  2.5280734188764034e+00
    1.900000   0.17842421  1.9653721828907562e+00
    1.900000   0.24312010  1.4397081097347260e+00
    1.900000   0.30784849  1.0330261376020526e+00
    1.900000   0.37259260  7.4666727616626116e-01
    1.900000   0.43734549  5.5013353344723925e-01
    1.900000   0.50210377  4.1285186917534700e-01
    1.900000   0.56686560  3.1372685069926293e-01
    1.900000   0.63162987  2.4007215247995781e-01
    1.900000   0.69639591  1.8439367717518940e-01
    1.900000   0.76116325  1.4198873165225240e-01
    1.900000   0.82593158  1.0963325882701840e-01
    1.900000   0.89070068  8.4957401527021872e-02
    1.900000   0.95547037  6.6156759625102118e-02
    1.900000   1.02024053  5.1844863487998633e-02
    1.900000   1.08501108  4.0961101249102946e-02
    1.900000   1.14978193  3.2702125381964854e-02
    1.900000   1.21455301  2.6466551282981435e-02
    1.900000   1.27932429  2.1810015855448200e-02
    1.900000   1.34409571  1.8409451395394207e-02
    1.900000   1.40886724  1.6035598012031894e-02
    1.900000   1.47363885  1.4532689976824182e-02
    1.900000   1.53841049  1.3804273118773202e-02
    1.900000   1.60318216  1.3804273027851911e-02
    1.900000   1.66795381  1.4532689752747968e-02
    1.900000   1.73272541  1.6035597819865983e-02
    1.900000   1.79749694  1.8409451578971923e-02
    1.900000   1.86226837  2.1810017060904952e-02
    1.900000   1.92703964  2.6466554678969752e-02
    1.900000   1.99181073  3.2702133040756171e-02
    1.900000   2.05658157  4.0961116801277286e-02
    1.900000   2.12135212  5.1844893246853367e-02
    1.900000   2.18612229  6.6156814520694260e-02
    1.900000   2.25089198  8.4957500435737410e-02
    1.900000   2.31566107  1.0963343429591675e-01
    1.900000   2.38042940  1.4198903968913568e-01
    1.900000   2.44519674  1.8439421380147852e-01
    1.900000   2.50996278  2.4007308112893802e-01
    1.900000   2.57472706  3.1372844590408172e-01
    1.900000   2.63948889  4.1285458181881307e-01
    1.900000   2.70424717  5.5013807704036188e-01
    1.900000   2.76900006  7.4667471371463334e-01
    1.900000   2.83374417  1.0330379032663408e+00
    1.900000   2.89847256  1.4397258306310969e+00
    1.900000   2.96316844  1.9653971345402614e+00
    1.900000   3.02777863  2.5281056114610139e+00
    1.900000   3.09200950  2.9509758270945459e+00
    1.950000   0.04958315  1.9847914037713199e+00
    1.950000   0.11381403  1.7446385457552827e+00
    1.950000   0.17842421  1.4130065264351732e+00
    1.950000   0.24312010  1.0858523755821499e+00
    1.950000   0.30784849  8.1524027938976795e-01
    1.950000   0.37259260  6.1056454829812246e-01
    1.950000   0.43734549  4.6051053898905658e-01
    1.950000   0.50210377  3.5016365446220649e-01
    1.950000   0.56686560  2.6775430849206872e-01
    1.950000   0.63162987  2.0535019141128219e-01
    1.950000   0.69639591  1.5773411922274050e-01
    1.950000   0.76116325  1.2132087166417184e-01
    1.950000   0.82593158  9.3495076071522493e-02
    1.950000   0.89070068  7.2267540970596150e-02
    1.950000   0.95547037  5.6099318690127770e-02
    1.950000   1.02024053  4.3799742399584833e-02
    1.950000   1.08501108  3.4455192750034461e-02
    1.950000   1.14978193  2.7372495912213676e-02
    1.950000   1.21455301  2.2032079686427244e-02
    1.950000   1.27932429  1.8049572131738627e-02
    1.950000   1.34409571  1.5145193114387874e-02
    1.950000   1.40886724  1.3120181334354584e-02
    1.950000   1.47363885  1.1839362171135827e-02
    1.950000   1.53841049  1.1218969027026314e-02
    1.950000   1.60318216  1.1218968995940461e-02
    1.950000   1.66795381  1.1839362114573525e-02
    1.950000   1.73272541  1.3120181376722313e-02
    1.950000   1.79749694  1.5145193514774079e-02
    1.950000   1.86226837  1.8049573376754415e-02
    1.950000   1.92703964  2.2032082655259164e-02
    1.950000   1.99181073  2.7372502161181068e-02
    1.950000   2.05658157  3.4455204998977820e-02
    1.950000   2.12135212  4.3799765361805972e-02
    1.950000   2.18612229  5.6099360488116937e-02
    1.950000   2.25089198  7.2267615547788863e-02
    1.950000   2.31566107  9.3495207284091900e-02
    1.950000   2.38042940  1.2132110016313692e-01
    1.950000   2.44519674  1.5773451384701206e-01
    1.950000   2.50996278  2.0535086754325846e-01
    1.950000   2.57472706  2.6775545631113185e-01
    1.950000   2.63948889  3.5016557914148416e-01
    1.950000   2.70424717  4.6051370999285679e-01
    1.950000   2.76900006  6.1056964144720904e-01
    1.950000   2.83374417  8.1524816891530538e-01
    1.950000   2.89847256  1.0858640004245264e+00
    1.950000   2.96316844  1.4130225544779729e+00
    1.950000   3.02777863  1.7446588683171116e+00
    1.950000   3.09200950  1.9848147340232258e+00
    2.000000   0.04958315  1.4057487992702016e+00
    2.000000   0.11381403  1.2611435716753212e+00
    2.000000   0.17842421  1.0545990224653221e+00
    2.000000   0.24312010  8.4061065231426491e-01
    2.000000   0.30784849  6.5292251880602958e-01
    2.000000   0.37259260  5.0213605535502426e-01
    2.000000   0.43734549  3.8551515649441898e-01
    2.000000   0.50210377  2.9619674495330167e-01
    2.000000   0.56686560  2.2768673958620603e-01
    2.000000   0.63162987  1.7499540400463587e-01
    2.000000   0.69639591  1.3445712798991755e-01
    2.000000   0.76116325  1.0332907396442317e-01
    2.000000   0.82593158  7.9496973628507508e-02
    2.000000   0.89070068  6.1302935006475302e-02
    2.000000   0.95547037  4.7444459206887508e-02
    2.000000   1.02024053  3.6906105721932099e-02
    2.000000   1.08501108  2.8905516619951332e-02
    2.000000   1.14978193  2.2847571118967722e-02
    2.000000   1.21455301  1.8285317673663322e-02
    2.000000   1.27932429  1.4887553572393998e-02
    2.000000   1.34409571  1.2412840334151245e-02
    2.000000   1.40886724  1.0689431061114571e-02
    2.000000   1.47363885  9.6003963655596266e-03
    2.000000   1.53841049  9.0732167574735685e-03
    2.000000   1.60318216  9.0732167677083642e-03
    2.000000   1.66795381  9.6003964238706267e-03
    2.000000   1.73272541  1.0689431261076321e-02
    2.000000   1.79749694  1.2412840870553221e-02
    2.000000   1.86226837  1.4887554810789360e-02
    2.000000   1.92703964  1.8285320273685089e-02
    2.000000   1.99181073  2.2847576246147788e-02
    2.000000   2.05658157  2.8905526306000177e-02
    2.000000   2.12135212  3.6906123475580636e-02
    2.000000   2.18612229  4.7444491047395239e-02
    2.000000   2.25089198  6.1302991206145463e-02
    2.000000   2.31566107  7.9497071630750996e-02
    2.000000   2.38042940  1.0332924321185201e-01
    2.000000   2.44519674  1.3445741775284242e-01
    2.000000   2.50996278  1.7499589566272064e-01
    2.000000   2.57472706  2.2768756488152680e-01
    2.000000   2.63948889  2.9619811071206648e-01
    2.000000   2.70424717  3.8551737259326890e-01
    2.000000   2.76900006  5.0213955390606047e-01
    2.000000   2.83374417  6.5292783745478156e-01
    2.000000   2.89847256  8.4061833950612896e-01
    2.000000   2.96316844  1.0546094310324414e+00
    2.000000   3.02777863  1.2611565753202012e+00
    2.000000   3.09200950  1.4057635908394617e+00
    2.050000   0.04958315  1.0368336153719635e+00
    2.050000   0.11381403  9.4484001129210282e-01
    2.050000   0.17842421  8.0946567816895088e-01
    2.050000   0.24312010  6.6312077242142098e-01
    2.050000   0.30784849  5.2825065423596995e-01
    2.050000   0.37259260  4.1441769270220374e-01
    2.050000   0.43734549  3.2254884584510962e-01
    2.050000   0.50210377  2.4989911796424058e-01
    2.050000   0.56686560  1.9297269063686695e-01
    2.050000   0.63162987  1.4861934928526532e-01
    2.050000   0.69639591  1.1424278463106852e-01
    2.050000   0.76116325  8.7738674128660044e-02
    2.050000   0.82593158  6.7402874761737480e-02
    2.050000   0.89070068  5.1861675263356791e-02
    2.050000   0.95547037  4.0019752099800548e-02
    2.050000   1.02024053  3.1016231322333058e-02
    2.050000   1.08501108  2.4184626845831659e-02
    2.050000   1.14978193  1.9016297197378504e-02
    2.050000   1.21455301  1.5128284438960934e-02
    2.050000   1.27932429  1.2236221868796629e-02
    2.050000   1.34409571  1.0132450158621544e-02
    2.050000   1.40886724  8.6690333804326850e-03
    2.050000   1.47363885  7.7451336581957223e-03
    2.050000   1.53841049  7.2981567076028687e-03
    2.050000   1.60318216  7.2981567452985764e-03
    2.050000   1.66795381  7.7451337920194834e-03
    2.050000   1.73272541  8.6690336806442073e-03
    2.050000   1.79749694  1.0132450771364949e-02
    2.050000   1.86226837  1.2236223068031920e-02
    2.050000   1.92703964  1.5128286718310621e-02
    2.050000   1.99181073  1.9016301427330295e-02
    2.050000   2.05658157  2.4184634539852229e-02
    2.050000   2.12135212  3.1016245085258794e-02
    2.050000   2.18612229  4.0019776380474957e-02
    2.050000   2.25089198  5.1861717610832761e-02
    2.050000   2.31566107  6.7402947902321236e-02
    2.050000   2.38042940  8.7738799347748309e-02
    2.050000   2.44519674  1.1424299714624264e-01
    2.050000   2.50996278  1.4861970645822134e-01
    2.050000   2.57472706  1.9297328376042522e-01
    2.050000   2.63948889  2.4990008744570277e-01
    2.050000   2.70424717  3.2255039692805815e-01
    2.050000   2.76900006  4.1442010326708578e-01
    2.050000   2.83374417  5.2825425777776358e-01
    2.050000   2.89847256  6.6312589294147450e-01
    2.050000   2.96316844  8.0947250311296071e-01
    2.050000   3.02777863  9.4484843035726318e-01
    2.050000   3.09200950  1.0368431175138000e+00
    2.100000   0.04958315  7.8820459480872718e-01
    2.100000   0.11381403  7.2673508281931853e-01
    2.100000   0.17842421  6.3395063624624304e-01
    2.100000   0.24312010  5.3001116402470749e-01
    2.100000   0.30784849  4.3026286590970492e-01
    2.100000   0.37259260  3.4268517328563841e-01
    2.100000   0.43734549  2.6959330820499394e-01
    2.100000   0.50210377  2.1031120053308858e-01
    2.100000   0.56686560  1.6304977703416212e-01
    2.100000   0.63162987  1.2582008771893763e-01
    2.100000   0.69639591  9.6771048236110713e-02
    2.100000   0.76116325  7.4284807729962390e-02
    2.100000   0.82593158  5.6991371534613630e-02
    2.100000   0.89070068  4.3758099161614855e-02
    2.100000   0.95547037  3.3668900147083389e-02
    2.100000   1.02024053  2.5997687957312728e-02
    2.100000   1.08501108  2.0179296961216189e-02
    2.100000   1.14978193  1.5780771151827373e-02
    2.100000   1.21455301  1.2475185090503767e-02
    2.100000   1.27932429  1.0019204221122797e-02
    2.100000   1.34409571  8.2347841263964196e-03
    2.100000   1.40886724  6.9948819593233522e-03
    2.100000   1.47363885  6.2127911020304063e-03
    2.100000   1.53841049  5.8346394373777035e-03
    2.100000   1.60318216  5.8346394922838187e-03
    2.100000   1.66795381  6.2127912823062206e-03
    2.100000   1.73272541  6.9948823176454481e-03
    2.100000   1.79749694  8.2347847722093383e-03
    2.100000   1.86226837  1.0019205359287816e-02
    2.100000   1.92703964  1.2475187089491555e-02
    2.100000   1.99181073  1.5780774660043118e-02
    2.100000   2.05658157  2.0179303103019363e-02
    2.100000   2.12135212  2.5997698661336315e-02
    2.100000   2.18612229  3.3668918693099271e-02
    2.100000   2.25089198  4.3758131084390833e-02
    2.100000   2.31566107  5.6991426099981264e-02
    2.100000   2.38042940  7.4284900300862100e-02
    2.100000   2.44519674  9.6771203957871407e-02
    2.100000   2.50996278  1.2582034700889824e-01
    2.100000   2.57472706  1.6305020319323682e-01
    2.100000   2.63948889  2.1031188905906373e-01
    2.100000   2.70424717  2.6959439552428921e-01
    2.100000   2.76900006  3.4268683911642966e-01
    2.100000   2.83374417  4.3026531882280378e-01
    2.100000   2.89847256  5.3001459745057400e-01
    2.100000   2.96316844  6.3395514996054103e-01
    2.100000   3.02777863  7.2674059007904857e-01
    2.100000   3.09200950  7.8821076906027054e-01
    2.150000   0.04958315  6.1233598313305204e-01
    2.150000   0.11381403  5.6951471363060135e-01
    2.150000   0.17842421  5.0350930670594918e-01
    2.150000   0.24312010  4.2739561261428816e-01
    2.150000   0.30784849  3.5194520636772914e-01
    2.150000   0.37259260  2.8360309871311551e-01
    2.150000   0.43734549  2.2503660103279036e-01
    2.150000   0.50210377  1.7656653423844265e-01
    2.150000   0.56686560  1.3737175886147415e-01
    2.150000   0.63162987  1.0620286622039124e-01
    2.150000   0.69639591  8.1733571637113436e-02
    2.150000   0.76116325  6.2718289316680692e-02
    2.150000   0.82593158  4.8058263730661105e-02
    2.150000   0.89070068  3.6823563939349699e-02
    2.150000   0.95547037  2.8251596202701328e-02
    2.150000   1.02024053  2.1732716878731653e-02
    2.150000   1.08501108  1.6789651230553832e-02
    2.150000   1.14978193  1.3055240020940965e-02
    2.150000   1.21455301  1.0251341551196875e-02
    2.150000   1.27932429  8.1703907576965509e-03
    2.150000   1.34409571  6.6601911094455431e-03
    2.150000   1.40886724  5.6119560543193064e-03
    2.150000   1.47363885  4.9513392392446093e-03
    2.150000   1.53841049  4.6321036523092086e-03
    2.150000   1.60318216  4.6321037169526702e-03
    2.150000   1.66795381  4.9513394448379372e-03
    2.150000   1.73272541  5.6119564403139116e-03
    2.150000   1.79749694  6.6601917576739394e-03
    2.150000   1.86226837  8.1703918210380127e-03
    2.150000   1.92703964  1.0251343304045207e-02
    2.150000   1.99181073  1.3055242945024968e-02
    2.150000   2.05658157  1.6789656158934591e-02
    2.150000   2.12135212  2.1732725235620701e-02
    2.150000   2.18612229  2.8251610399977985e-02
    2.150000   2.25089198  3.6823588025770453e-02
    2.150000   2.31566107  4.8058304439444935e-02
    2.150000   2.38042940  6.2718357719458190e-02
    2.150000   2.44519674  8.1733685670748110e-02
    2.150000   2.50996278  1.0620305435742840e-01
    2.150000   2.57472706  1.3737206502711807e-01
    2.150000   2.63948889  1.7656702351562342e-01
    2.150000   2.70424717  2.2503736443074548e-01
    2.150000   2.76900006  2.8360425311077375e-01
    2.150000   2.83374417  3.5194688323172824e-01
    2.150000   2.89847256  4.2739792855216191e-01
    2.150000   2.96316844  5.0351231469678581e-01
    2.150000   3.02777863  5.6951834884755992e-01
    2.150000   3.09200950  6.1234003507757706e-01
    2.200000   0.04958315  4.8296816317299435e-01
    2.200000   0.11381403  4.5211289105652436e-01
    2.200000   0.17842421  4.0374291088651576e-01
    2.200000   0.24312010  3.4666233147858089e-01
    2.200000   0.30784849  2.8861102280618511e-01
    2.200000   0.37259260  2.3472148804082707e-01
    2.200000   0.43734549  1.8756149610767739e-01
    2.200000   0.50210377  1.4788874635831073e-01
    2.200000   0.56686560  1.1542418839642919e-01
    2.200000   0.63162987  8.9392632586278886e-02
    2.200000   0.69639591  6.8840755196018635e-02
    2.200000   0.76116325  5.2808841342440849e-02
    2.200000   0.82593158  4.0417606173630972e-02
    2.200000   0.89070068  3.0906353647287440e-02
    2.200000   0.95547037  2.3642861994428003e-02
    2.200000   1.02024053  1.8117298624716522e-02
    2.200000   1.08501108  1.3928109155389185e-02
    2.200000   1.14978193  1.0764998141946775e-02
    2.200000   1.21455301  8.3920797155957755e-03
    2.200000   1.27932429  6.6328290145062007e-03
    2.200000   1.34409571  5.3575158206053478e-03
    2.200000   1.40886724  4.4732435901072608e-03
    2.200000   1.47363885  3.9164366290662866e-03
    2.200000   1.53841049  3.6475169451903895e-03
    2.200000   1.60318216  3.6475170142189865e-03
    2.200000   1.66795381  3.9164368448939089e-03
    2.200000   1.73272541  4.4732439822629273e-03
    2.200000   1.79749694  5.3575164502022822e-03
    2.200000   1.86226837  6.6328299954261771e-03
    2.200000   1.92703964  8.3920812517140307e-03
    2.200000   1.99181073  1.0765000590253319e-02
    2.200000   2.05658157  1.3928113131480461e-02
    2.200000   2.12135212  1.8117305177549729e-02
    2.200000   2.18612229  2.3642872893246999e-02
    2.200000   2.25089198  3.0906371847181060e-02
    2.200000   2.31566107  4.0417636558181397e-02
    2.200000   2.38042940  5.2808891879186963e-02
    2.200000   2.44519674  6.8840838668918922e-02
    2.200000   2.50996278  8.9392769051059223e-02
    2.200000   2.57472706  1.1542440835890298e-01
    2.200000   2.63948889  1.4788909426377786e-01
    2.200000   2.70424717  1.8756203288256462e-01
    2.200000   2.76900006  2.3472229010406695e-01
    2.200000   2.83374417  2.8861217363924047e-01
    2.200000   2.89847256  3.4666390201146524e-01
    2.200000   2.96316844  4.0374492902313835e-01
    2.200000   3.02777863  4.5211530968855429e-01
    2.200000   3.09200950  4.8297084549961683e-01
    2.250000   0.04958315  3.8490087475027296e-01
    2.250000   0.11381403  3.6207310595068742e-01
    2.250000   0.17842421  3.2580555817743767e-01
    2.250000   0.24312010  2.8221937763868310e-01
    2.250000   0.30784849  2.3698797953977588e-01
    2.250000   0.37259260  1.9417516412738534e-01
    2.250000   0.43734549  1.5607299078263753e-01
    2.250000   0.50210377  1.2358676069880667e-01
    2.250000   0.56686560  9.6732750681618185e-02
    2.250000   0.63162987  7.5041110913763101e-02
    2.250000   0.69639591  5.7825579092997292e-02
    2.250000   0.76116325  4.4346537767810411e-02
    2.250000   0.82593158  3.3901775928331886e-02
    2.250000   0.89070068  2.5871042637635847e-02
    2.250000   0.95547037  1.9732084600930490e-02
    2.250000   1.02024053  1.5060057108140691e-02
    2.250000   1.08501108  1.1518252891568685e-02
    2.250000   1.14978193  8.8452627162883789e-03
    2.250000   1.21455301  6.8416322034593816e-03
    2.250000   1.27932429  5.3576596682778374e-03
    2.250000   1.34409571  4.2830662255181661e-03
    2.250000   1.40886724  3.5387349378540869e-03
    2.250000   1.47363885  3.0704423176932255e-03
    2.250000   1.53841049  2.8443979258633554e-03
    2.250000   1.60318216  2.8443979955307913e-03
    2.250000   1.66795381  3.0704425332513836e-03
    2.250000   1.73272541  3.5387353214060080e-03
    2.250000   1.79749694  4.2830668226699646e-03
    2.250000   1.86226837  5.3576605637338315e-03
    2.250000   1.92703964  6.8416335483813089e-03
    2.250000   1.99181073  8.8452647745726129e-03
    2.250000   2.05658157  1.1518256116910184e-02
    2.250000   2.12135212  1.5060062271067693e-02
    2.250000   2.18612229  1.9732092996016325e-02
    2.250000   2.25089198  2.5871056416855272e-02
    2.250000   2.31566107  3.3901798627010593e-02
    2.250000   2.38042940  4.4346575111507545e-02
    2.250000   2.44519674  5.7825640185562063e-02
    2.250000   2.50996278  7.5041209881091878e-02
    2.250000   2.57472706  9.6732908727860473e-02
    2.250000   2.63948889  1.2358700823658804e-01
    2.250000   2.70424717  1.5607336873870126e-01
    2.250000   2.76900006  1.9417572272162312e-01
    2.250000   2.83374417  2.3698877215315819e-01
    2.250000   2.89847256  2.8222044777569322e-01
    2.250000   2.96316844  3.2580692030245695e-01
    2.250000   3.02777863  3.6207472639111915e-01
    2.250000   3.09200950  3.8490266392967559e-01
    2.300000   0.04958315  3.0889297791791948e-01
    2.300000   0.11381403  2.9166155894807128e-01
    2.300000   0.17842421  2.6399495767107206e-01
    2.300000   0.24312010  2.3026372832068850e-01
    2.300000   0.30784849  1.9469525670548291e-01
    2.300000   0.37259260  1.6050134049943873e-01
    2.300000   0.43734549  1.2965007054634015e-01
    2.300000   0.50210377  1.0304913285281696e-01
    2.300000   0.56686560  8.0866922196340729e-02
    2.300000   0.63162987  6.2830273713395515e-02
    2.300000   0.69639591  4.8445274659268782e-02
    2.300000   0.76116325  3.7142060536816270e-02
    2.300000   0.82593158  2.8360910576148313e-02
    2.300000   0.89070068  2.1597534924823573e-02
    2.300000   0.95547037  1.6421895955161098e-02
    2.300000   1.02024053  1.2481101608469642e-02
    2.300000   1.08501108  9.4936891042680348e-03
    2.300000   1.14978193  7.2400791824800389e-03
    2.300000   1.21455301  5.5520939099874232e-03
    2.300000   1.27932429  4.3031203364285167e-03
    2.300000   1.34409571  3.3996591803856350e-03
    2.300000   1.40886724  2.7745015055244833e-03
    2.300000   1.47363885  2.3815170655258049e-03
    2.300000   1.53841049  2.1919289550390466e-03
    2.300000   1.60318216  2.1919290228037650e-03
    2.300000   1.66795381  2.3815172737436836e-03
    2.300000   1.73272541  2.7745018707537429e-03
    2.300000   1.79749694  3.3996597366551286e-03
    2.300000   1.86226837  4.3031211466699488e-03
    2.300000   1.92703964  5.5520950860663701e-03
    2.300000   1.99181073  7.2400809190072950e-03
    2.300000   2.05658157  9.4936917347286445e-03
    2.300000   2.12135212  1.2481105697337111e-02
    2.300000   2.18612229  1.6421902447240611e-02
    2.300000   2.25089198  2.1597545383593330e-02
    2.300000   2.31566107  2.8360927555904532e-02
    2.300000   2.38042940  3.7142088145973730e-02
    2.300000   2.44519674  4.8445319375389248e-02
    2.300000   2.50996278  6.2830345484685329e-02
    2.300000   2.57472706  8.0867035773290130e-02
    2.300000   2.63948889  1.0304930908563316e-01
    2.300000   2.70424717  1.2965033701634757e-01
    2.300000   2.76900006  1.6050173036822912e-01
    2.300000   2.83374417  1.9469580432980566e-01
    2.300000   2.89847256  2.3026446058862074e-01
    2.300000   2.96316844  2.6399588187364126e-01
    2.300000   3.02777863  2.9166265125780194e-01
    2.300000   3.09200950  3.0889417927710833e-01
    2.350000   0.04958315  2.4903841147652298e-01
    2.350000   0.11381403  2.3583454106892968e-01
    2.350000   0.17842421  2.1445699925828510e-01
    2.350000   0.24312010  1.8809420853585504e-01
    2.350000   0.30784849  1.5993780135636856e-01
    2.350000   0.37259260  1.3252623142241518e-01
    2.350000   0.43734549  1.0751239888692933e-01
    2.350000   0.50210377  8.5737945465225812e-02
    2.350000   0.56686560  6.7440637612780949e-02
    2.350000   0.63162987  5.2473445790295864e-02
    2.350000   0.69639591  4.0481564025430815e-02
    2.350000   0.76116325  3.1026182169686643e-02
    2.350000   0.82593158  2.3661957980584458e-02
    2.350000   0.89070068  1.7979927010784543e-02
    2.350000   0.95547037  1.3626991129253583e-02
    2.350000   1.02024053  1.0310871436024136e-02
    2.350000   1.08501108  7.7969500954199579e-03
    2.350000   1.14978193  5.9012875965877617e-03
    2.350000   1.21455301  4.4824518436161840e-03
    2.350000   1.27932429  3.4336318965397347e-03
    2.350000   1.34409571  2.6757536767946463e-03
    2.350000   1.40886724  2.1518649989305623e-03
    2.350000   1.47363885  1.8228169630995128e-03
    2.350000   1.53841049  1.6641620339999251e-03
    2.350000   1.60318216  1.6641620982147834e-03
    2.350000   1.66795381  1.8228171594515689e-03
    2.350000   1.73272541  2.1518653398466402e-03
    2.350000   1.79749694  2.6757541876807119e-03
    2.350000   1.86226837  3.4336326241223678e-03
    2.350000   1.92703964  4.4824528705461756e-03
    2.350000   1.99181073  5.9012890660511269e-03
    2.350000   2.05658157  7.7969522518879638e-03
    2.350000   2.12135212  1.0310874691867871e-02
    2.350000   2.18612229  1.3626996172154375e-02
    2.350000   2.25089198  1.7979934973885288e-02
    2.350000   2.31566107  2.3661970705577236e-02
    2.350000   2.38042940  3.1026202599984686e-02
    2.350000   2.44519674  4.0481596765577700e-02
    2.350000   2.50996278  5.2473497844935844e-02
    2.350000   2.57472706  6.7440719250082840e-02
    2.350000   2.63948889  8.5738071004821240e-02
    2.350000   2.70424717  1.0751258697269174e-01
    2.350000   2.76900006  1.3252650405027352e-01
    2.350000   2.83374417  1.5993818077348473e-01
    2.350000   2.89847256  1.8809471147821255e-01
    2.350000   2.96316844  2.1445762922602879e-01
    2.350000   3.02777863  2.3583528130702372e-01
    2.350000   3.09200950  2.4903922280637592e-01
    2.400000   0.04958315  2.0137579016962551e-01
    2.400000   0.11381403  1.9114499806571003e-01
    2.400000   0.17842421  1.7447040031282263e-01
    2.400000   0.24312010  1.5371800851340650e-01
    2.400000   0.30784849  1.3132266957892322e-01
    2.400000   0.37259260  1.0929223835700939e-01
    2.400000   0.43734549  8.8996232385739657e-02
    2.400000   0.50210377  7.1182515815613009e-02
    2.400000   0.56686560  5.6111069495894665e-02
    2.400000   0.63162987  4.3714875311906702e-02
    2.400000   0.69639591  3.3739970851566332e-02
    2.400000   0.76116325  2.5848760390436536e-02
    2.400000   0.82593158  1.9687501972664306e-02
    2.400000   0.89070068  1.4925292734324332e-02
    2.400000   0.95547037  1.1272947289776384e-02
    2.400000   1.02024053  8.4890234852045259e-03
    2.400000   1.08501108  6.3784606713523234e-03
    2.400000   1.14978193  4.7875672022280368e-03
    2.400000   1.21455301  3.5976998852088934e-03
    2.400000   1.27932429  2.7189732484402696e-03
    2.400000   1.34409571  2.0846742428383799e-03
    2.400000   1.40886724  1.6466575708090198e-03
    2.400000   1.47363885  1.3717781840804594e-03
    2.400000   1.53841049  1.2393158883214433e-03
    2.400000   1.60318216  1.2393159479950674e-03
    2.400000   1.66795381  1.3717783659039080e-03
    2.400000   1.73272541  1.6466578841366093e-03
    2.400000   1.79749694  2.0846747066677412e-03
    2.400000   1.86226837  2.7189738974667541e-03
    2.400000   1.92703964  3.5977007804217031e-03
    2.400000   1.99181073  4.7875684487502347e-03
    2.400000   2.05658157  6.3784624479209413e-03
    2.400000   2.12135212  8.4890260922049262e-03
    2.400000   2.18612229  1.1272951226319803e-02
    2.400000   2.25089198  1.4925298819525697e-02
    2.400000   2.31566107  1.9687511531465248e-02
    2.400000   2.38042940  2.5848775527986992e-02
    2.400000   2.44519674  3.3739994837414612e-02
    2.400000   2.50996278  4.3714913076398021e-02
    2.400000   2.57472706  5.6111128190776738e-02
    2.400000   2.63948889  7.1182605290840445e-02
    2.400000   2.70424717  8.8996365278787945e-02
    2.400000   2.76900006  1.0929242931828538e-01
    2.400000   2.83374417  1.3132293309557139e-01
    2.400000   2.89847256  1.5371835507059817e-01
    2.400000   2.96316844  1.7447083144352971e-01
    2.400000   3.02777863  1.9114550203506583e-01
    2.400000   3.09200950  2.0137634084233905e-01
    2.450000   0.04958315  1.6312859998344617e-01
    2.450000   0.11381403  1.5513626753996174e-01
    2.450000   0.17842421  1.4203977068311324e-01
    2.450000   0.24312010  1.2561844651402551e-01
    2.450000   0.30784849  1.0774500923102455e-01
    2.450000   0.37259260  9.0009282572869762e-02
    2.450000   0.43734549  7.3536133837040746e-02
    2.450000   0.50210377  5.8973092393150191e-02
    2.450000   0.56686560  4.6576255317937305e-02
    2.450000   0.63162987  3.6328341161944812e-02
    2.450000   0.69639591  2.8048550167762563e-02
    2.450000   0.76116325  2.1477443108696273e-02
    2.450000   0.82593158  1.6334476317889573e-02
    2.450000   0.89070068  1.2352455338978519e-02
    2.450000   0.95547037  9.2950822766701639e-03
    2.450000   1.02024053  6.9633862968786764e-03
    2.450000   1.08501108  5.1955848143951907e-03
    2.450000   1.14978193  3.8635669227342108e-03
    2.450000   1.21455301  2.8680418160071958e-03
    2.450000   1.27932429  2.1335447599358237e-03
    2.450000   1.34409571  1.6039225456800938e-03
    2.450000   1.40886724  1.2385694014433002e-03
    2.450000   1.47363885  1.0094884805377739e-03
    2.450000   1.53841049  8.9915939945808430e-04
    2.450000   1.60318216  8.9915945407257941e-04
    2.450000   1.66795381  1.0094886465113891e-03
    2.450000   1.73272541  1.2385696858488102e-03
    2.450000   1.79749694  1.6039229627619939e-03
    2.450000   1.86226837  2.1335453354781523e-03
    2.450000   1.92703964  2.8680425949806809e-03
    2.450000   1.99181073  3.8635679821672347e-03
    2.450000   2.05658157  5.1955862846165320e-03
    2.450000   2.12135212  6.9633883960427793e-03
    2.450000   2.18612229  9.2950853659302963e-03
    2.450000   2.25089198  1.2352460008779795e-02
    2.450000   2.31566107  1.6334483519091218e-02
    2.450000   2.38042940  2.1477454344021107e-02
    2.450000   2.44519674  2.8048567755823286e-02
    2.450000   2.50996278  3.6328368571170423e-02
    2.450000   2.57472706  4.6576297531122079e-02
    2.450000   2.63948889  5.8973156194742728e-02
    2.450000   2.70424717  7.3536227814463284e-02
    2.450000   2.76900006  9.0009416521048186e-02
    2.450000   2.83374417  1.0774519263298868e-01
    2.450000   2.89847256  1.2561868597856637e-01
    2.450000   2.96316844  1.4204006675378392e-01
    2.450000   3.02777863  1.5513661201915341e-01
    2.450000   3.09200950  1.6312897535114063e-01
    2.500000   0.04958315  1.3227595833730288e-01
    2.500000   0.11381403  1.2599459995244250e-01
    2.500000   0.17842421  1.1565624107285959e-01
    2.500000   0.24312010  1.0261301382071690e-01
    2.500000   0.30784849  8.8314477993696877e-02
    2.500000   0.37259260  7.4020785105967504e-02
    2.500000   0.43734549  6.0650448921279437e-02
    2.500000   0.50210377  4.8754679394149264e-02
    2.500000   0.56686560  3.8572066752382075e-02
    2.500000   0.63162987  3.0115186659298316e-02
    2.500000   0.69639591  2.3256279010156689e-02
    2.500000   0.76116325  1.7796221456648761e-02
    2.500000   0.82593158  1.3512843480730393e-02
    2.500000   0.89070068  1.0190789232393433e-02
    2.500000   0.95547037  7.6373763106677888e-03
    2.500000   1.02024053  5.6889931734394232e-03
    2.500000   1.08501108  4.2117580130194348e-03
    2.500000   1.14978193  3.0991233148443668e-03
    2.500000   1.21455301  2.2681812464634683e-03
    2.500000   1.27932429  1.6557170222611505e-03
    2.500000   1.34409571  1.2145724363570288e-03
    2.500000   1.40886724  9.1057802285846013e-04
    2.500000   1.47363885  7.2013916093159819e-04
    2.500000   1.53841049  6.2847485231755460e-04
    2.500000   1.60318216  6.2847490169037456e-04
    2.500000   1.66795381  7.2013931068089178e-04
    2.500000   1.73272541  9.1057827836449681e-04
    2.500000   1.79749694  1.2145728083445921e-03
    2.500000   1.86226837  1.6557175299284498e-03
    2.500000   1.92703964  2.2681819229664903e-03
    2.500000   1.99181073  3.0991242165329335e-03
    2.500000   2.05658157  4.2117592346751559e-03
    2.500000   2.12135212  5.6889948730006329e-03
    2.500000   2.18612229  7.6373787486132081e-03
    2.500000   2.25089198  1.0190792833022213e-02
    2.500000   2.31566107  1.3512848924584804e-02
    2.500000   2.38042940  1.7796229814066887e-02
    2.500000   2.44519674  2.3256291922843311e-02
    2.500000   2.50996278  3.0115206565299729e-02
    2.500000   2.57472706  3.8572097123561792e-02
    2.500000   2.63948889  4.8754724908403858e-02
    2.500000   2.70424717  6.0650515426553982e-02
    2.500000   2.76900006  7.4020879173274184e-02
    2.500000   2.83374417  8.8314605860068313e-02
    2.500000   2.89847256  1.0261317967507344e-01
    2.500000   2.96316844  1.1565644498754651e-01
    2.500000   3.02777863  1.2599483621085175e-01
    2.500000   3.09200950  1.3227621514442317e-01
    2.550000   0.04958315  1.0730115028461495e-01
    2.550000   0.11381403  1.0234257307020923e-01
    2.550000   0.17842421  9.4151274943240090e-02
    2.550000   0.24312010  8.3763107570672499e-02
    2.550000   0.30784849  7.2305679802984038e-02
    2.550000   0.37259260  6.0778781481455588e-02
    2.550000   0.43734549  4.9929346426594176e-02
    2.550000   0.50210377  4.0221100795646621e-02
    2.550000   0.56686560  3.1868857456779046e-02
    2.550000   0.63162987  2.4902047719535757e-02
    2.550000   0.69639591  1.9231275661066950e-02
    2.550000   0.76116325  1.4703926198651660e-02
    2.550000   0.82593158  1.1144289803490283e-02
    2.550000   0.89070068  8.3790783700398580e-03
    2.550000   0.95547037  6.2514699655757721e-03
    2.550000   1.02024053  4.6271995962943874e-03
    2.550000   1.08501108  3.3957058034352482e-03
    2.550000   1.14978193  2.4685636098190117e-03
    2.550000   1.21455301  1.7766941776612775e-03
    2.550000   1.27932429  1.2672593934815871e-03
    2.550000   1.34409571  9.0074208371819053e-04
    2.550000   1.40886724  6.4845249597062014e-04
    2.550000   1.47363885  4.9055033895293058e-04
    2.550000   1.53841049  4.1459363683454825e-04
    2.550000   1.60318216  4.1459368101471206e-04
    2.550000   1.66795381  4.9055047275336962e-04
    2.550000   1.73272541  6.4845272351658789e-04
    2.550000   1.79749694  9.0074241313116031e-04
    2.550000   1.86226837  1.2672598391020935e-03
    2.550000   1.92703964  1.7766947639531398e-03
    2.550000   1.99181073  2.4685643779553171e-03
    2.550000   2.05658157  3.3957068221716988e-03
    2.550000   2.12135212  4.6272009796015645e-03
    2.550000   2.18612229  6.2514719006615208e-03
    2.550000   2.25089198  8.3790811607692972e-03
    2.550000   2.31566107  1.1144293935445970e-02
    2.550000   2.38042940  1.4703932432268764e-02
    2.550000   2.44519674  1.9231285156581839e-02
    2.550000   2.50996278  2.4902062188807434e-02
    2.550000   2.57472706  3.1868879318300694e-02
    2.550000   2.63948889  4.0221133277165526e-02
    2.550000   2.70424717  4.9929393517684259e-02
    2.550000   2.76900006  6.0778847603607820e-02
    2.550000   2.83374417  7.2305769076088031e-02
    2.550000   2.89847256  8.3763222663722131e-02
    2.550000   2.96316844  9.4151415726503554e-02
    2.550000   3.02777863  1.0234273556231903e-01
    2.550000   3.09200950  1.0730132651573351e-01
    2.600000   0.04958315  8.7038383190416568e-02
    2.600000   0.11381403  8.3111272157508465e-02
    2.600000   0.17842421  7.6603665045162792e-02
    2.600000   0.24312010  6.8314143676063657e-02
    2.600000   0.30784849  5.9123284887813037e-02
    2.600000   0.37259260  4.9824947218657850e-02
    2.600000   0.43734549  4.1024712234754519e-02
    2.600000   0.50210377  3.3109390195875284e-02
    2.600000   0.56686560  2.6268017380116467e-02
    2.600000   0.63162987  2.0538459054689141e-02
    2.600000   0.69639591  1.5858963301836605e-02
    2.600000   0.76116325  1.2112732821914914e-02
    2.600000   0.82593158  9.1609712255453831e-03
    2.600000   0.89070068  6.8644475000649244e-03
    2.600000   0.95547037  5.0957446051290425e-03
    2.600000   1.02024053  3.7448854718532885e-03
    2.600000   1.08501108  2.7207457635733769e-03
    2.600000   1.14978193  1.9500891246627748e-03
    2.600000   1.21455301  1.3754782821979584e-03
    2.600000   1.27932429  9.5284167748992414e-04
    2.600000   1.34409571  6.4913608991950405e-04
    2.600000   1.40886724  4.4032506000224984e-04
    2.600000   1.47363885  3.0976191988844361e-04
    2.600000   1.53841049  2.4699680221777699e-04
    2.600000   1.60318216  2.4699684140844545e-04
    2.600000   1.66795381  3.0976203844458556e-04
    2.600000   1.73272541  4.4032526111802150e-04
    2.600000   1.79749694  6.4913637979203021e-04
    2.600000   1.86226837  9.5284206688244324e-04
    2.600000   1.92703964  1.3754787891946975e-03
    2.600000   1.99181073  1.9500897793300553e-03
    2.600000   2.05658157  2.7207466156706720e-03
    2.600000   2.12135212  3.7448866033453661e-03
    2.600000   2.18612229  5.0957461500500765e-03
    2.600000   2.25089198  6.8644496752024112e-03
    2.600000   2.31566107  9.1609743761675543e-03
    2.600000   2.38042940  1.2112737486688589e-02
    2.600000   2.44519674  1.5858970298865564e-02
    2.600000   2.50996278  2.0538469584147491e-02
    2.600000   2.57472706  2.6268033125673926e-02
    2.600000   2.63948889  3.3109413385438984e-02
    2.600000   2.70424717  4.1024745593909125e-02
    2.600000   2.76900006  4.9824993730209578e-02
    2.600000   2.83374417  5.9123347283739185e-02
    2.600000   2.89847256  6.8314223665240273e-02
    2.600000   2.96316844  7.6603762430839703e-02
    2.600000   3.02777863  8.3111384169860289e-02
    2.600000   3.09200950  8.7038504427865718e-02
    2.650000   0.04958315  7.0575415376730552e-02
    2.650000   0.11381403  6.7457808375387271e-02
    2.650000   0.17842421  6.2277795318833519e-02
    2.650000   0.24312010  5.5654089388149648e-02
    2.650000   0.30784849  4.8276448558595544e-02
    2.650000   0.37259260  4.0775623324937969e-02
    2.650000   0.43734549  3.3641469865256790e-02
    2.650000   0.50210377  2.7194567713540653e-02
    2.650000   0.56686560  2.1598586124893290e-02
    2.650000   0.63162987  1.6894462600851607e-02
    2.650000   0.69639591  1.3040256812248029e-02
    2.650000   0.76116325  9.9467191055935718e-03
    2.650000   0.82593158  7.5043312449366625e-03
    2.650000   0.89070068  5.6013750986809276e-03
    2.650000   0.95547037  4.1344868665371837e-03
    2.650000   1.02024053  3.0137397441099417e-03
    2.650000   1.08501108  2.1641682340643696e-03
    2.650000   1.14978193  1.5252330462618606e-03
    2.650000   1.21455301  1.0492721966171429e-03
    2.650000   1.27932429  6.9960184270523925e-04
    2.650000   1.34409571  4.4865028986610669e-04
    2.650000   1.40886724  2.7632285985972353e-04
    2.650000   1.47363885  1.6868288926071264e-04
    2.650000   1.53841049  1.1697301478710152e-04
    2.650000   1.60318216  1.1697304928856885e-04
    2.650000   1.66795381  1.6868299354362530e-04
    2.650000   1.73272541  2.7632303642634976e-04
    2.650000   1.79749694  4.4865054349069601e-04
    2.650000   1.86226837  6.9960218151961468e-04
    2.650000   1.92703964  1.0492726340334572e-03
    2.650000   1.99181073  1.5252336042415331e-03
    2.650000   2.05658157  2.1641689485459364e-03
    2.650000   2.12135212  3.0137406738359996e-03
    2.650000   2.18612229  4.1344881070726159e-03
    2.650000   2.25089198  5.6013768040284071e-03
    2.650000   2.31566107  7.5043336596148690e-03
    2.650000   2.38042940  9.9467226098553779e-03
    2.650000   2.44519674  1.3040261981358587e-02
    2.650000   2.50996278  1.6894470274598811e-02
    2.650000   2.57472706  2.1598597474140249e-02
    2.650000   2.63948889  2.7194584275923601e-02
    2.650000   2.70424717  3.3641493504622255e-02
    2.650000   2.76900006  4.0775656057803776e-02
    2.650000   2.83374417  4.8276492202794972e-02
    2.650000   2.89847256  5.5654145042844265e-02
    2.650000   2.96316844  6.2277862784084280e-02
    2.650000   3.02777863  6.7457885726337416e-02
    2.650000   3.09200950  7.0575498943584919e-02
    2.700000   0.04958315  5.7189011027882576e-02
    2.700000   0.11381403  5.4709798238698266e-02
    2.700000   0.17842421  5.0580910291738806e-02
    2.700000   0.24312010  4.5283572794608616e-02
    2.700000   0.30784849  3.9359364083777396e-02
    2.700000   0.37259260  3.3309685118272710e-02
    2.700000   0.43734549  2.7530060295917879e-02
    2.700000   0.50210377  2.2284841925868586e-02
    2.700000   0.56686560  1.7714024258154468e-02
    2.700000   0.63162987  1.3858300079984148e-02
    2.700000   0.69639591  1.0689824746804849e-02
    2.700000   0.76116325  8.1405033978826941e-03
    2.700000   0.82593158  6.1240039245498814e-03
    2.700000   0.89070068  4.5507916779493028e-03
    2.700000   0.95547037  3.3371357297430726e-03
    2.700000   1.02024053  2.4096230919596101e-03
    2.700000   1.08501108  1.7066899742531855e-03
    2.700000   1.14978193  1.1783860181178510e-03
    2.700000   1.21455301  7.8523788359324842e-04
    2.700000   1.27932429  4.9677269017954376e-04
    2.700000   1.34409571  2.9003211174295784e-04
    2.700000   1.40886724  1.4825264762448925e-04
    2.700000   1.47363885  5.9791831282925210e-05
    2.700000   1.53841049  1.7326867915368504e-05
    2.700000   1.60318216  1.7326898083579675e-05
    2.700000   1.66795381  5.9791922412153980e-05
    2.700000   1.73272541  1.4825280170127283e-04
    2.700000   1.79749694  2.9003233248810418e-04
    2.700000   1.86226837  4.9677298379000620e-04
    2.700000   1.92703964  7.8523826006600796e-04
    2.700000   1.99181073  1.1783864935166169e-03
    2.700000   2.05658157  1.7066905744945898e-03
    2.700000   2.12135212  2.4096238589961000e-03
    2.700000   2.18612229  3.3371367314027332e-03
    2.700000   2.25089198  4.5507930231052781e-03
    2.700000   2.31566107  6.1240057855703996e-03
    2.700000   2.38042940  8.1405060420970867e-03
    2.700000   2.44519674  1.0689828577362875e-02
    2.700000   2.50996278  1.3858305683025516e-02
    2.700000   2.57472706  1.7714032446628895e-02
    2.700000   2.63948889  2.2284853760371440e-02
    2.700000   2.70424717  2.7530077051599839e-02
    2.700000   2.76900006  3.3309708160607958e-02
    2.700000   2.83374417  3.9359394625901961e-02
    2.700000   2.89847256  4.5283611546570242e-02
    2.700000   2.96316844  5.0580957077212184e-02
    2.700000   3.02777863  5.4709851721701688e-02
    2.700000   3.09200950  5.7189068710734821e-02
    2.750000   0.04958315  4.6300376656091997e-02
    2.750000   0.11381403  4.4326464146533844e-02
    2.750000   0.17842421  4.1032380043325829e-02
    2.750000   0.24312010  3.6793565050279982e-02
    2.750000   0.30784849  3.2036044230611099e-02
    2.750000   0.37259260  2.7158532130228726e-02
    2.750000   0.43734549  2.2479902823672879e-02
    2.750000   0.50210377  1.8217254328271891e-02
    2.750000   0.56686560  1.4489203017808662e-02
    2.750000   0.63162987  1.1334241295408254e-02
    2.750000   0.69639591  8.7344591765739915e-03
    2.750000   0.76116325  6.6379805095345178e-03
    2.750000   0.82593158  4.9768083482871475e-03
    2.750000   0.89070068  3.6792635789075373e-03
    2.750000   0.95547037  2.6776087459587151e-03
    2.750000   1.02024053  1.9120033936364290e-03
    2.750000   1.08501108  1.3319744886033818e-03
    2.750000   1.14978193  8.9638284518348866e-04
    2.750000   1.21455301  5.7259924608624180e-04
    2.750000   1.27932429  3.3536066721619428e-04
    2.750000   1.34409571  1.6558977324489260e-04
    2.750000   1.40886724  4.9331825718434992e-05
    2.750000   1.47363885 -2.3117878646883694e-05
    2.750000   1.53841049 -5.7868969220008520e-05
    2.750000   1.60318216 -5.7868943003111662e-05
    2.750000   1.66795381 -2.3117799487573054e-05
    2.750000   1.73272541  4.9331959420436603e-05
    2.750000   1.79749694  1.6558996442830290e-04
    2.750000   1.86226837  3.3536092065461460e-04
    2.750000   1.92703964  5.7259956928364033e-04
    2.750000   1.99181073  8.9638324992362872e-04
    2.750000   2.05658157  1.3319749935609881e-03
    2.750000   2.12135212  1.9120040286702007e-03
    2.750000   2.18612229  2.6776095589730038e-03
    2.750000   2.25089198  3.6792646464485945e-03
    2.750000   2.31566107  4.9768097912088038e-03
    2.750000   2.38042940  6.6379825148653402e-03
    2.750000   2.44519674  8.7344620256889043e-03
    2.750000   2.50996278  1.1334245396104925e-02
    2.750000   2.57472706  1.4489208933280250e-02
    2.750000   2.63948889  1.8217262789200633e-02
    2.750000   2.70424717  2.2479914702363643e-02
    2.750000   2.76900006  2.7158548352297252e-02
    2.750000   2.83374417  3.2036065607620498e-02
    2.750000   2.89847256  3.6793592042794213e-02
    2.750000   2.96316844  4.1032412506895988e-02
    2.750000   3.02777863  4.4326501155331335e-02
    2.750000   3.09200950  4.6300416508274302e-02
    2.800000   0.04958315  3.7443233927444530e-02
    2.800000   0.11381403  3.5870386770105914e-02
    2.800000   0.17842421  3.3240844404187127e-02
    2.800000   0.24312010  2.9848227787278688e-02
    2.800000   0.30784849  2.6028148234730923e-02
    2.800000   0.37259260  2.2097728802655158e-02
    2.800000   0.43734549  1.8313707821000853e-02
    2.800000   0.50210377  1.4853766883478519e-02
    2.800000   0.56686560  1.1817645303981756e-02
    2.800000   0.63162987  9.2405780244963764e-03
    2.800000   0.69639591  7.1115720801027708e-03
    2.800000   0.76116325  5.3911639111739514e-03
    2.800000   0.82593158  4.0258363521299551e-03
    2.800000   0.89070068  2.9582599171396442e-03
    2.800000   0.95547037  2.1337027785216949e-03
    2.800000   1.02024053  1.5034581302691297e-03
    2.800000   1.08501108  1.0262126718658211e-03
    2.800000   1.14978193  6.6814380693335233e-04
    2.800000   1.21455301  4.0233051721914431e-04
    2.800000   1.27932429  2.0787047282560964e-04
    2.800000   1.34409571  6.8944109312328499e-05
    2.800000   1.40886724 -2.6040234225930658e-05
    2.800000   1.47363885 -8.5154169942881482e-05
    2.800000   1.53841049 -1.1348367169869907e-04
    2.800000   1.60318216 -1.1348364904602566e-04
    2.800000   1.66795381 -8.5154101564288194e-05
    2.800000   1.73272541 -2.6040118812484812e-05
    2.800000   1.79749694  6.8944274116120030e-05
    2.800000   1.86226837  2.0787069074444192e-04
    2.800000   1.92703964  4.0233079393846104e-04
    2.800000   1.99181073  6.6814415113865234e-04
    2.800000   2.05658157  1.0262130970174999e-03
    2.800000   2.12135212  1.5034586575505093e-03
    2.800000   2.18612229  2.1337034415850969e-03
    2.800000   2.25089198  2.9582607694656985e-03
    2.800000   2.31566107  4.0258374779189449e-03
    2.800000   2.38042940  5.3911654405150314e-03
    2.800000   2.44519674  7.1115742083995639e-03
    2.800000   2.50996278  9.2405810343280659e-03
    2.800000   2.57472706  1.1817649584356060e-02
    2.800000   2.63948889  1.4853772936840334e-02
    2.800000   2.70424717  1.8313716243625433e-02
    2.800000   2.76900006  2.2097740222278613e-02
    2.800000   2.83374417  2.6028163195295256e-02
    2.800000   2.89847256  2.9848246588686522e-02
    2.800000   2.96316844  3.3240866933428460e-02
    2.800000   3.02777863  3.5870412386846906e-02
    2.800000   3.09200950  3.7443261471611845e-02
    2.850000   0.04958315  3.0240206715803304e-02
    2.850000   0.11381403  2.8986362253103352e-02
    2.850000   0.17842421  2.6886746709528963e-02
    2.850000   0.24312010  2.4171430766764979e-02
    2.850000   0.30784849  2.1105091168709494e-02
    2.850000   0.37259260  1.7939973751587103e-02
    2.850000   0.43734549  1.4882539479120235e-02
    2.850000   0.50210377  1.2077780124848713e-02
    2.850000   0.56686560  9.6090312850255436e-03
    2.850000   0.63162987  7.5077978871020724e-03
    2.850000   0.69639591  5.7678268988343379e-03
    2.850000   0.76116325  4.3591370057413431e-03
    2.850000   0.82593158  3.2396321180653350e-03
    2.850000   0.89070068  2.3634987148620549e-03
    2.850000   0.95547037  1.6865639085473655e-03
    2.850000   1.02024053  1.1692377407069559e-03
    2.850000   1.08501108  7.7775757915447971e-04
    2.850000   1.14978193  4.8436441665984306e-04
    2.850000   1.21455301  2.6688841312496806e-04
    2.850000   1.27932429  1.0806963571357123e-04
    2.850000   1.34409571 -5.1825952635743455e-06
    2.850000   1.40886724 -8.2476059565854230e-05
    2.850000   1.47363885 -1.3050900645862796e-04
    2.850000   1.53841049 -1.5350553167823127e-04
    2.850000   1.60318216 -1.5350551221163971e-04
    2.850000   1.66795381 -1.3050894770593108e-04
    2.850000   1.73272541 -8.2475960439889605e-05
    2.850000   1.79749694 -5.1824538466602059e-06
    2.850000   1.86226837  1.0806982237063032e-04
    2.850000   1.92703964  2.6688864938069099e-04
    2.850000   1.99181073  4.8436470896162897e-04
    2.850000   2.05658157  7.7775793722193777e-04
    2.850000   2.12135212  1.1692381795277876e-03
    2.850000   2.18612229  1.6865644516263413e-03
    2.850000   2.25089198  2.3634993992955305e-03
    2.850000   2.31566107  3.2396330020782347e-03
    2.850000   2.38042940  4.3591381791850568e-03
    2.850000   2.44519674  5.7678284965789446e-03
    2.850000   2.50996278  7.5078001039709389e-03
    2.850000   2.57472706  9.6090343886676751e-03
    2.850000   2.63948889  1.2077784459825623e-02
    2.850000   2.70424717  1.4882545452405704e-02
    2.850000   2.76900006  1.7939981788796928e-02
    2.850000   2.83374417  2.1105101634878446e-02
    2.850000   2.89847256  2.4171443857900200e-02
    2.850000   2.96316844  2.6886762340042749e-02
    2.850000   3.02777863  2.8986379981232557e-02
    2.850000   3.09200950  3.0240225751037859e-02
    2.900000   0.04958315  2.4384896916157677e-02
    2.900000   0.11381403  2.3385187012632296e-02
    2.900000   0.17842421  2.1708699323463084e-02
    2.900000   0.24312010  1.9535976502829882e-02
    2.900000   0.30784849  1.7075921943564186e-02
    2.900000   0.37259260  1.4529164349665766e-02
    2.900000   0.43734549  1.2061542352729326e-02
    2.900000   0.50210377  9.7910598053721765e-03
    2.900000   0.56686560  7.7869683401393698e-03
    2.900000   0.63162987  6.0769417019476977e-03
    2.900000   0.69639591  4.6579067453195143e-03
    2.900000   0.76116325  3.5071120675992632e-03
    2.900000   0.82593158  2.5914599898885877e-03
    2.900000   0.89070068  1.8743672167446817e-03
    2.900000   0.95547037  1.3202208227225333e-03
    2.900000   1.02024053  8.9688401175728918e-04
    2.900000   1.08501108  5.7680743452125690e-04
    2.900000   1.14978193  3.3724790847882368e-04
    2.900000   1.21455301  1.5998255757515163e-04
    2.900000   1.27932429  3.0787811019925095e-05
    2.900000   1.34409571 -6.1145805615443250e-05
    2.900000   1.40886724 -1.2376399308244182e-04
    2.900000   1.47363885 -1.6261248755569335e-04
    2.900000   1.53841049 -1.8119125841834828e-04
    2.900000   1.60318216 -1.8119124177792413e-04
    2.900000   1.66795381 -1.6261243733413635e-04
    2.900000   1.73272541 -1.2376390836345530e-04
    2.900000   1.79749694 -6.1145684812952478e-05
    2.900000   1.86226837  3.0787970278690179e-05
    2.900000   1.92703964  1.5998275867900103e-04
    2.900000   1.99181073  3.3724815626080790e-04
    2.900000   2.05658157  5.7680773602703157e-04
    2.900000   2.12135212  8.9688437757104000e-04
    2.900000   2.18612229  1.3202212691616729e-03
    2.900000   2.25089198  1.8743677693268959e-03
    2.900000   2.31566107  2.5914606885168124e-03
    2.900000   2.38042940  3.5071129738040822e-03
    2.900000   2.44519674  4.6579079514873752e-03
    2.900000   2.50996278  6.0769433415486388e-03
    2.900000   2.57472706  7.7869705963969230e-03
    2.900000   2.63948889  9.7910629136952910e-03
    2.900000   2.70424717  1.2061546590215862e-02
    2.900000   2.76900006  1.4529170004584702e-02
    2.900000   2.83374417  1.7075929261026964e-02
    2.900000   2.89847256  1.9535985611388588e-02
    2.900000   2.96316844  2.1708710159914626e-02
    2.900000   3.02777863  2.3385199273180793e-02
    2.900000   3.09200950  2.4384910062755377e-02
    2.950000   0.04958315  1.9627997634692754e-02
    2.950000   0.11381403  1.8830985290319173e-02
    2.950000   0.17842421  1.7492669196759597e-02
    2.950000   0.24312010  1.5754885592049753e-02
    2.950000   0.30784849  1.3782607903843900e-02
    2.950000   0.37259260  1.1735378752631264e-02
    2.950000   0.43734549  9.7462554726282721e-03
    2.950000   0.50210377  7.9110438087089431e-03
    2.950000   0.56686560  6.2870159038033420e-03
    2.950000   0.63162987  4.8981404114437251e-03
    2.950000   0.69639591  3.7434158362229853e-03
    2.950000   0.76116325  2.8055925766176516e-03
    2.950000   0.82593158  2.0586554028729303e-03
    2.950000   0.89070068  1.4734107903312920e-03
    2.950000   0.95547037  1.0211759226570099e-03
    2.950000   1.02024053  6.7589781055002126e-04
    2.950000   1.08501108  4.1513138485095000e-04
    2.950000   1.14978193  2.2027522125365936e-04
    2.950000   1.21455301  7.6379225071581268e-05
    2.950000   1.27932429 -2.8253895482966169e-05
    2.950000   1.34409571 -1.0253043329990679e-04
    2.950000   1.40886724 -1.5300644278932660e-04
    2.950000   1.47363885 -1.8426248233932314e-04
    2.950000   1.53841049 -1.9919140440409795e-04
    2.950000   1.60318216 -1.9919139025377031e-04
    2.950000   1.66795381 -1.8426243962967189e-04
    2.950000   1.73272541 -1.5300637073759139e-04
    2.950000   1.79749694 -1.0253033057412504e-04
    2.950000   1.86226837 -2.8253760142120898e-05
    2.950000   1.92703964  7.6379395705266739e-05
    2.950000   1.99181073  2.2027543084948532e-04
    2.950000   2.05658157  4.1513163854978326e-04
    2.950000   2.12135212  6.7589811582245793e-04
    2.950000   2.18612229  1.0211762907597721e-03
    2.950000   2.25089198  1.4734112386479926e-03
    2.950000   2.31566107  2.0586559584540982e-03
    2.950000   2.38042940  2.8055932811566569e-03
    2.950000   2.44519674  3.7434167524088690e-03
    2.950000   2.50996278  4.8981416299838298e-03
    2.950000   2.57472706  6.2870175493140029e-03
    2.950000   2.63948889  7.9110460412229796e-03
    2.950000   2.70424717  9.7462584801494487e-03
    2.950000   2.76900006  1.1735382730008313e-02
    2.950000   2.83374417  1.3782613015623038e-02
    2.950000   2.89847256  1.5754891922817010e-02
    2.950000   2.96316844  1.7492676700830444e-02
    2.950000   3.02777863  1.8830993759623910e-02
    2.950000   3.09200950  1.9628006703791463e-02
    3.000000   0.04958315  1.5766365955836307e-02
    3.000000   0.11381403  1.5131164794799102e-02
    3.000000   0.17842421  1.4063300195751962e-02
    3.000000   0.24312010  1.2674290909247552e-02
    3.000000   0.30784849  1.1094459471707056e-02
    3.000000   0.37259260  9.4506336820677668e-03
    3.000000   0.43734549  7.8494450328879771e-03
    3.000000   0.50210377  6.3684974165958514e-03
    3.000000   0.56686560  5.0549499369412420e-03
    3.000000   0.63162987  3.9293227776261569e-03
    3.000000   0.69639591  2.9919074680194850e-03
    3.000000   0.76116325  2.2296328107837410e-03
    3.000000   0.82593158  1.6220529284649353e-03
    3.000000   0.89070068  1.1458845409707495e-03
    3.000000   0.95547037  7.7804849703046761e-04
    3.000000   1.02024053  4.9745078274972872e-04
    3.000000   1.08501108  2.8583294211344452e-04
    3.000000   1.14978193  1.2800774712485129e-04
    3.000000   1.21455301  1.1733976766144285e-05
    3.000000   1.27932429 -7.2587728662806486e-05
    3.000000   1.34409571 -1.3227895443713181e-04
    3.000000   1.40886724 -1.7273621381521135e-04
    3.000000   1.47363885 -1.9773342597695134e-04
    3.000000   1.53841049 -2.0965548592929406e-04
    3.000000   1.60318216 -2.0965547395987631e-04
    3.000000   1.66795381 -1.9773338984350444e-04
    3.000000   1.73272541 -1.7273615284108305e-04
    3.000000   1.79749694 -1.3227886748787927e-04
    3.000000   1.86226837 -7.2587614124187662e-05
    3.000000   1.92703964  1.1734121047650710e-05
    3.000000   1.99181073  1.2800792397899062e-04
    3.000000   2.05658157  2.8583315532837997e-04
    3.000000   2.12135212  4.9745103760666528e-04
    3.000000   2.18612229  7.7804880124671507e-04
    3.000000   2.25089198  1.1458849062552635e-03
    3.000000   2.31566107  1.6220533729115142e-03
    3.000000   2.38042940  2.2296333622713756e-03
    3.000000   2.44519674  2.9919081685790333e-03
    3.000000   2.50996278  3.9293236882755617e-03
    3.000000   2.57472706  5.0549511417283420e-03
    3.000000   2.63948889  6.3684990235962323e-03
    3.000000   2.70424717  7.8494471690335604e-03
    3.000000   2.76900006  9.4506364786400045e-03
    3.000000   2.83374417  1.1094463039034190e-02
    3.000000   2.89847256  1.2674295303150966e-02
    3.000000   2.96316844  1.4063305383854188e-02
    3.000000   3.02777863  1.5131170635322955e-02
    3.000000   3.09200950  1.5766372201372256e-02
    3.050000   0.04958315  1.2634324987502230e-02
    3.050000   0.11381403  1.2128373011828446e-02
    3.050000   0.17842421  1.1276892646178666e-02
    3.050000   0.24312010  1.0167612156594492e-02
    3.050000   0.30784849  8.9034909061150910e-03
    3.050000   0.37259260  7.5853013857901533e-03
    3.050000   0.43734549  6.2983927277760043e-03
    3.050000   0.50210377  5.1054834951364259e-03
    3.050000   0.56686560  4.0452483549293754e-03
    3.050000   0.63162987  3.1350820616217641e-03
    3.050000   0.69639591  2.3760298417100601e-03
    3.050000   0.76116325  1.7581874486065042e-03
    3.050000   0.82593158  1.2654849770944989e-03
    3.050000   0.89070068  8.7936173847977521e-04
    3.050000   0.95547037  5.8126452280493569e-04
    3.050000   1.02024053  3.5413601260191524e-04
    3.050000   1.08501108  1.8314650773039286e-04
    3.050000   1.14978193  5.5918600292173678e-05
    3.050000   1.21455301 -3.7550734986841616e-05
    3.050000   1.27932429 -1.0512186161743484e-04
    3.050000   1.34409571 -1.5279937766060687e-04
    3.050000   1.40886724 -1.8501418132029290e-04
    3.050000   1.47363885 -2.0486742324312912e-04
    3.050000   1.53841049 -2.1431988608044362e-04
    3.050000   1.60318216 -2.1431987601081552e-04
    3.050000   1.66795381 -2.0486739283649170e-04
    3.050000   1.73272541 -1.8501412998582663e-04
    3.050000   1.79749694 -1.5279930441997700e-04
    3.050000   1.86226837 -1.0512176510703788e-04
    3.050000   1.92703964 -3.7550613442906631e-05
    3.050000   1.99181073  5.5918749092134706e-05
    3.050000   2.05658157  1.8314668661617735e-04
    3.050000   2.12135212  3.5413622532416000e-04
    3.050000   2.18612229  5.8126477462441860e-04
    3.050000   2.25089198  8.7936203717888341e-04
    3.050000   2.31566107  1.2654853345740961e-03
    3.050000   2.38042940  1.7581878831931038e-03
    3.050000   2.44519674  2.3760303811505607e-03
    3.050000   2.50996278  3.1350827464218184e-03
    3.050000   2.57472706  4.0452492411600684e-03
    3.050000   2.63948889  5.1054846551524457e-03
    3.050000   2.70424717  6.2983942467074476e-03
    3.050000   2.76900006  7.5853033516761143e-03
    3.050000   2.83374417  8.9034933927535660e-03
    3.050000   2.89847256  1.0167615200917744e-02
    3.050000   2.96316844  1.1276896225686128e-02
    3.050000   3.02777863  1.2128377030538196e-02
    3.050000   3.09200950  1.2634329278669433e-02
    3.100000   0.04958315  1.0096682189546515e-02
    3.100000   0.11381403  9.6940080240729594e-03
    3.100000   0.17842421  9.0156912879230076e-03
    3.100000   0.24312010  8.1307635323696007e-03
    3.100000   0.30784849  7.1205562336171318e-03
    3.100000   0.37259260  6.0650877631435729e-03
    3.100000   0.43734549  5.0325824138204812e-03
    3.100000   0.50210377  4.0736141983024202e-03
    3.100000   0.56686560  3.2197771207132654e-03
    3.100000   0.63162987  2.4856882870057796e-03
    3.100000   0.69639591  1.8727799494748963e-03
    3.100000   0.76116325  1.3735433804017527e-03
    3.100000   0.82593158  9.7534456452062638e-04
    3.100000   0.89070068  6.6339329121813877e-04
    3.100000   0.95547037  4.2278796809209801e-04
    3.100000   1.02024053  2.3975304081103946e-04
    3.100000   1.08501108  1.0226281928737379e-04
    3.100000   1.14978193  2.4862612427271670e-07
    3.100000   1.21455301 -7.4446451450199216e-05
    3.100000   1.27932429 -1.2824394073198688e-04
    3.100000   1.34409571 -1.6605604000167489e-04
    3.100000   1.40886724 -1.9151112289657703e-04
    3.100000   1.47363885 -2.0715037128288551e-04
    3.100000   1.53841049 -2.1458119887171991e-04
    3.100000   1.60318216 -2.1458119044874427e-04
    3.100000   1.66795381 -2.0715034583909938e-04
    3.100000   1.73272541 -1.9151107991192723e-04
    3.100000   1.79749694 -1.6605597862348389e-04
    3.100000   1.86226837 -1.2824385979201146e-04
    3.100000   1.92703964 -7.4446349477757197e-05
    3.100000   1.99181073  2.4875091019592255e-07
    3.100000   2.05658157  1.0226296903839559e-04
    3.100000   2.12135212  2.3975321821420787e-04
    3.100000   2.18612229  4.2278817671810923e-04
    3.100000   2.25089198  6.6339353615884028e-04
    3.100000   2.31566107  9.7534485343565077e-04
    3.100000   2.38042940  1.3735437250692369e-03
    3.100000   2.44519674  1.8727803678386203e-03
    3.100000   2.50996278  2.4856888054866581e-03
    3.100000   2.57472706  3.2197777761825150e-03
    3.100000   2.63948889  4.0736150386443811e-03
    3.100000   2.70424717  5.0325834956196419e-03
    3.100000   2.76900006  6.0650891450533349e-03
    3.100000   2.83374417  7.1205579648088956e-03
    3.100000   2.89847256  8.1307656373266323e-03
    3.100000   2.96316844  9.0156937513333202e-03
    3.100000   3.02777863  9.6940107814898740e-03
    3.100000   3.09200950  1.0096685129277506e-02
    3.150000   0.04958315  8.0430916189199817e-03
    3.150000   0.11381403  7.7229561757509056e-03
    3.150000   0.17842421  7.1832199447600213e-03
    3.150000   0.24312010  6.4782030910012865e-03
    3.150000   0.30784849  5.6721303606390942e-03
    3.150000   0.37259260  4.8284881854090810e-03
    3.150000   0.43734549  4.0017331693173374e-03
    3.150000   0.50210377  3.2325519374694195e-03
    3.150000   0.56686560  2.5466563441442608e-03
    3.150000   0.63162987  1.9562320633395489e-03
    3.150000   0.69639591  1.4628553092884424e-03
    3.150000   0.76116325  1.0608257842945952e-03
    3.150000   0.82593158  7.4020564130906745e-04
    3.150000   0.89070068  4.8921276072776750e-04
    3.150000   0.95547037  2.9588882548576347e-04
    3.150000   1.02024053  1.4912304464236766e-04
    3.150000   1.08501108  3.9179589953779742e-05
    3.150000   1.14978193 -4.2116195883907139e-05
    3.150000   1.21455301 -1.0140111308386860e-04
    3.150000   1.27932429 -1.4390837418422209e-04
    3.150000   1.34409571 -1.7364580608927150e-04
    3.150000   1.40886724 -1.9357613717757533e-04
    3.150000   1.47363885 -2.0577542995231312e-04
    3.150000   1.53841049 -2.1155729390583808e-04
    3.150000   1.60318216 -2.1155728690340535e-04
    3.150000   1.66795381 -2.0577540878961170e-04
    3.150000   1.73272541 -1.9357610139396366e-04
    3.150000   1.79749694 -1.7364575493518085e-04
    3.150000   1.86226837 -1.4390830664651923e-04
    3.150000   1.92703964 -1.0140102791557040e-04
    3.150000   1.99181073 -4.2116091627628236e-05
    3.150000   2.05658157  3.9179714969447679e-05
    3.150000   2.12135212  1.4912319236974863e-04
    3.150000   2.18612229  2.9588899834445594e-04
    3.150000   2.25089198  4.8921296198764269e-04
    3.150000   2.31566107  7.4020587575921912e-04
    3.150000   2.38042940  1.0608260592723405e-03
    3.150000   2.44519674  1.4628556360723555e-03
    3.150000   2.50996278  1.9562324587543232e-03
    3.150000   2.57472706  2.5466568319669216e-03
    3.150000   2.63948889  3.2325525489009439e-03
    3.150000   2.70424717  4.0017339415148300e-03
    3.150000   2.76900006  4.8284891570950523e-03
    3.150000   2.83374417  5.6721315643861198e-03
    3.150000   2.89847256  6.4782045430584892e-03
    3.150000   2.96316844  7.1832216349561459e-03
    3.150000   3.02777863  7.7229580612661226e-03
    3.150000   3.09200950  8.0430936255474917e-03
    3.200000   0.04958315  6.3834820379705436e-03
    3.200000   0.11381403  6.1293092530220663e-03
    3.200000   0.17842421  5.7004614968498004e-03
    3.200000   0.24312010  5.1396722715782569e-03
    3.200000   0.30784849  4.4976286695429107e-03
    3.200000   0.37259260  3.8246494585194792e-03
    3.200000   0.43734549  3.1641320692615024e-03
    3.200000   0.50210377  2.5487292581094093e-03
    3.200000   0.56686560  1.9992862199807674e-03
    3.200000   0.63162987  1.5258860118742145e-03
    3.200000   0.69639591  1.1300933783998152e-03
    3.200000   0.76116325  8.0757066996525718e-04
    3.200000   0.82593158  5.5049474132799520e-04
    3.200000   0.89070068  3.4948174600669425e-04
    3.200000   0.95547037  1.9494348725440877e-04
    3.200000   1.02024053  7.7930387869612684e-05
    3.200000   1.08501108 -9.4259827576630939e-06
    3.200000   1.14978193 -7.3748903056417093e-05
    3.200000   1.21455301 -1.2042563149123270e-04
    3.200000   1.27932429 -1.5370976883652212e-04
    3.200000   1.34409571 -1.7686188907504839e-04
    3.200000   1.40886724 -1.9229373016816512e-04
    3.200000   1.47363885 -2.0169583124794512e-04
    3.200000   1.53841049 -2.0613804842339114e-04
    3.200000   1.60318216 -2.0613804264093459e-04
    3.200000   1.66795381 -2.0169581376195420e-04
    3.200000   1.73272541 -1.9229370056874102e-04
    3.200000   1.79749694 -1.7686184669885792e-04
    3.200000   1.86226837 -1.5370971279607716e-04
    3.200000   1.92703964 -1.2042556071339560e-04
    3.200000   1.99181073 -7.3748816323957093e-05
    3.200000   2.05658157 -9.4258787403464087e-06
    3.200000   2.12135212  7.7930510619303575e-05
    3.200000   2.18612229  1.9494363038111647e-04
    3.200000   2.25089198  3.4948191156426202e-04
    3.200000   2.31566107  5.5049493219129747e-04
    3.200000   2.38042940  8.0757089050098715e-04
    3.200000   2.44519674  1.1300936354084504e-03
    3.200000   2.50996278  1.5258863157071043e-03
    3.200000   2.57472706  1.9992865855564851e-03
    3.200000   2.63948889  2.5487297053261755e-03
    3.200000   2.70424717  3.1641326221161985e-03
    3.200000   2.76900006  3.8246501422573615e-03
    3.200000   2.83374417  4.4976295055603544e-03
    3.200000   2.89847256  5.1396732706592780e-03
    3.200000   2.96316844  5.7004626524362967e-03
    3.200000   3.02777863  6.1293105370492946e-03
    3.200000   3.09200950  6.3834834016698308e-03
    3.250000   0.04958315  5.0443383562435284e-03
    3.250000   0.11381403  4.8428702993349136e-03
    3.250000   0.17842421  4.5027250158569511e-03
    3.250000   0.24312010  4.0575036956739087e-03
    3.250000   0.30784849  3.5471765921526906e-03
    3.250000   0.37259260  3.0115764445301000e-03
    3.250000   0.43734549  2.4852250501374361e-03
    3.250000   0.50210377  1.9942596045467538e-03
    3.250000   0.56686560  1.5555136875364359e-03
    3.250000   0.63162987  1.1772703647574356e-03
    3.250000   0.69639591  8.6098884353856065e-04
    3.250000   0.76116325  6.0335643856625719e-04
    3.250000   0.82593158  3.9820806903801933e-04
    3.250000   0.89070068  2.3807084949606795e-04
    3.250000   0.95547037  1.1526346519184405e-04
    3.250000   1.02024053  2.2587136935559231e-05
    3.250000   1.08501108 -4.6305784201125279e-05
    3.250000   1.14978193 -9.6769839391861514e-05
    3.250000   1.21455301 -1.3316692770008122e-04
    3.250000   1.27932429 -1.5894459157634374e-04
    3.250000   1.34409571 -1.7674719770681855e-04
    3.250000   1.40886724 -1.8853134877885272e-04
    3.250000   1.47363885 -1.9566872563792415e-04
    3.250000   1.53841049 -1.9902740417057291e-04
    3.250000   1.60318216 -1.9902739943124178e-04
    3.250000   1.66795381 -1.9566871129599281e-04
    3.250000   1.73272541 -1.8853132446841470e-04
    3.250000   1.79749694 -1.7674716283796896e-04
    3.250000   1.86226837 -1.5894454536547424e-04
    3.250000   1.92703964 -1.3316686921200014e-04
    3.250000   1.99181073 -9.6769767590507223e-05
    3.250000   2.05658157 -4.6305698000410771e-05
    3.250000   2.12135212  2.2587238637759421e-05
    3.250000   2.18612229  1.1526358352537294e-04
    3.250000   2.25089198  2.3807098571779642e-04
    3.250000   2.31566107  3.9820822477052288e-04
    3.250000   2.38042940  6.0335661622412575e-04
    3.250000   2.44519674  8.6098904695971503e-04
    3.250000   2.50996278  1.1772705999824810e-03
    3.250000   2.57472706  1.5555139635535142e-03
    3.250000   2.63948889  1.9942599336599991e-03
    3.250000   2.70424717  2.4852254474849829e-03
    3.250000   2.76900006  3.0115769262838970e-03
    3.250000   2.83374417  3.5471771721998827e-03
    3.250000   2.89847256  4.0575043811592630e-03
    3.250000   2.96316844  4.5027258027165590e-03
    3.250000   3.02777863  4.8428711695047404e-03
    3.250000   3.09200950  5.0443392781367889e-03
    3.300000   0.04958315  3.9656709302046929e-03
    3.300000   0.11381403  3.8062981826774817e-03
    3.300000   0.17842421  3.5370740220061693e-03
    3.300000   0.24312010  3.1843980398849761e-03
    3.300000   0.30784849  2.7797552746342971e-03
    3.300000   0.37259260  2.3546305220683741e-03
    3.300000   0.43734549  1.9364290422779326e-03
    3.300000   0.50210377  1.5460135173855220e-03
    3.300000   0.56686560  1.1969220822467444e-03
    3.300000   0.63162987  8.9591013258833526e-04
    3.300000   0.69639591  6.4427956095285306e-04
    3.300000   0.76116325  4.3948747989863967e-04
    3.300000   0.82593158  2.7666857473577719e-04
    3.300000   0.89070068  1.4987184300647373e-04
    3.300000   0.95547037  5.2948845268534720e-05
    3.300000   1.02024053 -1.9882492244981186e-05
    3.300000   1.08501108 -7.3733023388944177e-05
    3.300000   1.14978193 -1.1292134224491455e-04
    3.300000   1.21455301 -1.4096942937227229e-04
    3.300000   1.27932429 -1.6066284160328294e-04
    3.300000   1.34409571 -1.7413883950826063e-04
    3.300000   1.40886724 -1.8297887837613545e-04
    3.300000   1.47363885 -1.8829150851016344e-04
    3.300000   1.53841049 -1.9077815601657489e-04
    3.300000   1.60318216 -1.9077815216526306e-04
    3.300000   1.66795381 -1.8829149684527376e-04
    3.300000   1.73272541 -1.8297885857040591e-04
    3.300000   1.79749694 -1.7413881103529381e-04
    3.300000   1.86226837 -1.6066280376707465e-04
    3.300000   1.92703964 -1.4096938134957511e-04
    3.300000   1.99181073 -1.1292128313920666e-04
    3.300000   2.05658157 -7.3732952291013506e-05
    3.300000   2.12135212 -1.9882408288595553e-05
    3.300000   2.18612229  5.2948942876438393e-05
    3.300000   2.25089198  1.4987195501254546e-04
    3.300000   2.31566107  2.7666870196401381e-04
    3.300000   2.38042940  4.3948762351109146e-04
    3.300000   2.44519674  6.4427972286752668e-04
    3.300000   2.50996278  8.9591031602384954e-04
    3.300000   2.57472706  1.1969222922755961e-03
    3.300000   2.63948889  1.5460137612651654e-03
    3.300000   2.70424717  1.9364293292336973e-03
    3.300000   2.76900006  2.3546308622011316e-03
    3.300000   2.83374417  2.7797556768031561e-03
    3.300000   2.89847256  3.1843985088041392e-03
    3.300000   2.96316844  3.5370745552990531e-03
    3.300000   3.02777863  3.8062987690020574e-03
    3.300000   3.09200950  3.9656715495064729e-03
    3.350000   0.04958315  3.0985420435883835e-03
    3.350000   0.11381403  2.9727716818256588e-03
    3.350000   0.17842421  2.7602143061090855e-03
    3.350000   0.24312010  2.4815886389870589e-03
    3.350000   0.30784849  2.1616614388682348e-03
    3.350000   0.37259260  1.8252745877071757e-03
    3.350000   0.43734549  1.4941330380976103e-03
    3.350000   0.50210377  1.1848374324598995e-03
    3.350000   0.56686560  9.0822761136536605e-04
    3.350000   0.63162987  6.6977222774400043e-04
    3.350000   0.69639591  4.7059261770074617e-04
    3.350000   0.76116325  3.0872337411015763e-04
    3.350000   0.82593158  1.8031802980961032e-04
    3.350000   0.89070068  8.0637063160920471e-05
    3.350000   0.95547037  4.7632413029287798e-06
    3.350000   1.02024053 -5.1940448901244648e-05
    3.350000   1.08501108 -9.3580428259179389e-05
    3.350000   1.14978193 -1.2363079095129234e-04
    3.350000   1.21455301 -1.4492674786221660e-04
    3.350000   1.27932429 -1.5971126661426039e-04
    3.350000   1.34409571 -1.6970517134232949e-04
    3.350000   1.40886724 -1.7618139384597872e-04
    3.350000   1.47363885 -1.8003185031812853e-04
    3.350000   1.53841049 -1.8182066348832081e-04
    3.350000   1.60318216 -1.8182066038964834e-04
    3.350000   1.66795381 -1.8003184092273621e-04
    3.350000   1.73272541 -1.7618137786088250e-04
    3.350000   1.79749694 -1.6970514829681431e-04
    3.350000   1.86226837 -1.5971123588753822e-04
    3.350000   1.92703964 -1.4492670872396875e-04
    3.350000   1.99181073 -1.2363074261514172e-04
    3.350000   2.05658157 -9.3580369946404492e-05
    3.350000   2.12135212 -5.1940379907130109e-05
    3.350000   2.18612229  4.7633215549343246e-06
    3.350000   2.25089198  8.0637155100906830e-05
    3.350000   2.31566107  1.8031813377023472e-04
    3.350000   2.38042940  3.0872349047632232e-04
    3.350000   2.44519674  4.7059274718136743e-04
    3.350000   2.50996278  6.6977237175296859e-04
    3.350000   2.57472706  9.0822777243763106e-04
    3.350000   2.63948889  1.1848376145482010e-03
    3.350000   2.70424717  1.4941332465255319e-03
    3.350000   2.76900006  1.8252748285475181e-03
    3.350000   2.83374417  2.1616617176307574e-03
    3.350000   2.89847256  2.4815889587586452e-03
    3.350000   2.96316844  2.7602146656275166e-03
    3.350000   3.02777863  2.9727720742189620e-03
    3.350000   3.09200950  3.0985424564782451e-03
    3.400000   0.04958315  2.4030452729288348e-03
    3.400000   0.11381403  2.3040773303992660e-03
    3.400000   0.17842421  2.1367588562195747e-03
    3.400000   0.24312010  1.9173267811512117e-03
    3.400000   0.30784849  1.6652295128385163e-03
    3.400000   0.37259260  1.4000258498027827e-03
    3.400000   0.43734549  1.1388598995928140e-03
    3.400000   0.50210377  8.9489482062651501e-04
    3.400000   0.56686560  6.7676810740879530e-04
    3.400000   0.63162987  4.8887200206120614e-04
    3.400000   0.69639591  3.3214274436724905e-04
    3.400000   0.76116325  2.0504784496467484e-04
    3.400000   0.82593158  1.0453958673061733e-04
    3.400000   0.89070068  2.6842469406944045e-05
    3.400000   0.95547037 -3.1972633633457279e-05
    3.400000   1.02024053 -7.5618298674379737e-05
    3.400000   1.08501108 -1.0738639014967833e-04
    3.400000   1.14978193 -1.3006372203141388e-04
    3.400000   1.21455301 -1.4592501716629043e-04
    3.400000   1.27932429 -1.5676943485934774e-04
    3.400000   1.34409571 -1.6397658197865161e-04
    3.400000   1.40886724 -1.6856625777771450e-04
    3.400000   1.47363885 -1.7125246531288159e-04
    3.400000   1.53841049 -1.7248649130384631e-04
    3.400000   1.60318216 -1.7248648884016793e-04
    3.400000   1.66795381 -1.7125245783285867e-04
    3.400000   1.73272541 -1.6856624501900949e-04
    3.400000   1.79749694 -1.6397656351989240e-04
    3.400000   1.86226837 -1.5676941014534224e-04
    3.400000   1.92703964 -1.4592498554554301e-04
    3.400000   1.99181073 -1.3006368280682435e-04
    3.400000   2.05658157 -1.0738634264123333e-04
    3.400000   2.12135212 -7.5618242288962703e-05
    3.400000   2.18612229 -3.1972567931070660e-05
    3.400000   2.25089198  2.6842544668481796e-05
    3.400000   2.31566107  1.0453967159747479e-04
    3.400000   2.38042940  2.0504793936329709e-04
    3.400000   2.44519674  3.3214284827648216e-04
    3.400000   2.50996278  4.8887211577872916e-04
    3.400000   2.57472706  6.7676823186743227e-04
    3.400000   2.63948889  8.9489495765833775e-04
    3.400000   2.70424717  1.1388600519865123e-03
    3.400000   2.76900006  1.4000260209894434e-03
    3.400000   2.83374417  1.6652297061133237e-03
    3.400000   2.89847256  1.9173269985096760e-03
    3.400000   2.96316844  2.1367590971133128e-03
    3.400000   3.02777863  2.3040775908876824e-03
    3.400000   3.09200950  2.4030455456867418e-03
    3.450000   0.04958315  1.8466538500948252e-03
    3.450000   0.11381403  1.7690435788629011e-03
    3.450000   0.17842421  1.6378025803975558e-03
    3.450000   0.24312010  1.4656322790393517e-03
    3.450000   0.30784849  1.2677724549438670e-03
    3.450000   0.37259260  1.0595833656747466e-03
    3.450000   0.43734549  8.5456446457197978e-04
    3.450000   0.50210377  6.6311184871302323e-04
    3.450000   0.56686560  4.9207111461473259e-04
    3.450000   0.63162987  3.4493974342241396e-04
    3.450000   0.69639591  2.2247608365968063e-04
    3.450000   0.76116325  1.2347219624879991e-04
    3.450000   0.82593158  4.5506773800482533e-05
    3.450000   0.89070068 -1.4428815931265137e-05
    3.450000   0.95547037 -5.9471328497942010e-05
    3.450000   1.02024053 -9.2587897450827208e-05
    3.450000   1.08501108 -1.1641079545302823e-04
    3.450000   1.14978193 -1.3316848511469320e-04
    3.450000   1.21455301 -1.4467916770352225e-04
    3.450000   1.27932429 -1.5237978321659259e-04
    3.450000   1.34409571 -1.5737101302572897e-04
    3.450000   1.40886724 -1.6046549117772839e-04
    3.450000   1.47363885 -1.6223149221766838e-04
    3.450000   1.53841049 -1.6302782677564322e-04
    3.450000   1.60318216 -1.6302782484514197e-04
    3.450000   1.66795381 -1.6223148634654101e-04
    3.450000   1.73272541 -1.6046548113118222e-04
    3.450000   1.79749694 -1.5737099842648501e-04
    3.450000   1.86226837 -1.5237976356738167e-04
    3.450000   1.92703964 -1.4467914242101174e-04
    3.450000   1.99181073 -1.3316845357611384e-04
    3.450000   2.05658157 -1.1641075705536578e-04
    3.450000   2.12135212 -9.2587851679535354e-05
    3.450000   2.18612229 -5.9471274997469349e-05
    3.450000   2.25089198 -1.4428754563690207e-05
    3.450000   2.31566107  4.5506842928684068e-05
    3.450000   2.38042940  1.2347227281547853e-04
    3.450000   2.44519674  2.2247616723164437e-04
    3.450000   2.50996278  3.4493983364139626e-04
    3.450000   2.57472706  4.9207121144010529e-04
    3.450000   2.63948889  6.6311195265474348e-04
    3.450000   2.70424717  8.5456457680735702e-04
    3.450000   2.76900006  1.0595834879300675e-03
    3.450000   2.83374417  1.2677725890655066e-03
    3.450000   2.89847256  1.4656324262904729e-03
    3.450000   2.96316844  1.6378027406683546e-03
    3.450000   3.02777863  1.7690437500997285e-03
    3.450000   3.09200950  1.8466540282501189e-03
    3.500000   0.04958315  1.4028701691771771e-03
    3.500000   0.11381403  1.3422583467146676e-03
    3.500000   0.17842421  1.2397516914474324e-03
    3.500000   0.24312010  1.1052634313084119e-03
    3.500000   0.30784849  9.5070472673163442e-04
    3.500000   0.37259260  7.8810221920430905e-04
    3.500000   0.43734549  6.2804688219248589e-04
    3.500000   0.50210377  4.7871200725072086e-04
    3.500000   0.56686560  3.4548989348751329e-04
    3.500000   0.63162987  2.3113873316163718e-04
    3.500000   0.69639591  1.3625307795821912e-04
    3.500000   0.76116325  5.9868531918263596e-05
    3.500000   0.82593158  5.5320728647093099e-08
    3.500000   0.89070068 -4.5585302820030727e-05
    3.500000   0.95547037 -7.9555193714820179e-05
    3.500000   1.02024053 -1.0422111174009622e-04
    3.500000   1.08501108 -1.2168205347312765e-04
    3.500000   1.14978193 -1.3371371073575748e-04
    3.500000   1.21455301 -1.4176322555142708e-04
    3.500000   1.27932429 -1.4697259550196934e-04
    3.500000   1.34409571 -1.5021507132898250e-04
    3.500000   1.40886724 -1.5213419815866041e-04
    3.500000   1.47363885 -1.5317922235027757e-04
    3.500000   1.53841049 -1.5363338713746919e-04
    3.500000   1.60318216 -1.5363338565237142e-04
    3.500000   1.66795381 -1.5317921782382287e-04
    3.500000   1.73272541 -1.5213419038090693e-04
    3.500000   1.79749694 -1.5021505996227325e-04
    3.500000   1.86226837 -1.4697258010069712e-04
    3.500000   1.92703964 -1.4176320559215186e-04
    3.500000   1.99181073 -1.3371368565917710e-04
    3.500000   2.05658157 -1.2168202273839902e-04
    3.500000   2.12135212 -1.0422107488973499e-04
    3.500000   2.18612229 -7.9555150444630583e-05
    3.500000   2.25089198 -4.5585253043528668e-05
    3.500000   2.31566107  5.5376837423497830e-08
    3.500000   2.38042940  5.9868593923488166e-05
    3.500000   2.44519674  1.3625314522160644e-04
    3.500000   2.50996278  2.3113880497171633e-04
    3.500000   2.57472706  3.4548996924721334e-04
    3.500000   2.63948889  4.7871208668091620e-04
    3.500000   2.70424717  6.2804696547815570e-04
    3.500000   2.76900006  7.8810230699658706e-04
    3.500000   2.83374417  9.5070481994319583e-04
    3.500000   2.89847256  1.1052635307116610e-03
    3.500000   2.96316844  1.2397517971855470e-03
    3.500000   3.02777863  1.3422584579181245e-03
    3.500000   3.09200950  1.4028702838816934e-03
    3.550000   0.04958315  1.0501213363838084e-03
    3.550000   0.11381403  1.0030186579183522e-03
    3.550000   0.17842421  9.2336248979775157e-04
    3.550000   0.24312010  8.1886835175350018e-04
    3.550000   0.30784849  6.9881679576978047e-04
    3.550000   0.37259260  5.7259051274970542e-04
    3.550000   0.43734549  4.4846310260419480e-04
    3.550000   0.50210377  3.3282621586677111e-04
    3.550000   0.56686560  2.2989735453317163e-04
    3.550000   0.63162987  1.4182746689214823e-04
    3.550000   0.69639591  6.9064961177884315e-05
    3.550000   0.76116325  1.0828600654852037e-05
    3.550000   0.82593158 -3.4425369855756295e-05
    3.550000   0.89070068 -6.8610744724324386e-05
    3.550000   0.95547037 -9.3721066143289026e-05
    3.550000   1.02024053 -1.1164017421219000e-04
    3.550000   1.08501108 -1.2403662646389593e-04
    3.550000   1.14978193 -1.3231968314398633e-04
    3.550000   1.21455301 -1.3763556935969843e-04
    3.550000   1.27932429 -1.4088672214403850e-04
    3.550000   1.34409571 -1.4276145455312817e-04
    3.550000   1.40886724 -1.4376570317520409e-04
    3.550000   1.47363885 -1.4425179338224591e-04
    3.550000   1.53841049 -1.4444141528008564e-04
    3.550000   1.60318216 -1.4444141416500829e-04
    3.550000   1.66795381 -1.4425178997350526e-04
    3.550000   1.73272541 -1.4376569728532441e-04
    3.550000   1.79749694 -1.4276144588019890e-04
    3.550000   1.86226837 -1.4088671028885609e-04
    3.550000   1.92703964 -1.3763555385211916e-04
    3.550000   1.99181073 -1.3231966348009453e-04
    3.550000   2.05658157 -1.2403660215484029e-04
    3.550000   2.12135212 -1.1164014484377994e-04
    3.550000   2.18612229 -9.3721031442398374e-05
    3.550000   2.25089198 -6.8610704623896267e-05
    3.550000   2.31566107 -3.4425324545418578e-05
    3.550000   2.38042940  1.0828650709442887e-05
    3.550000   2.44519674  6.9065015264327024e-05
    3.550000   2.50996278  1.4182752414050839e-04
    3.550000   2.57472706  2.2989741406174763e-04
    3.550000   2.63948889  3.3282627695828290e-04
    3.550000   2.70424717  4.4846316486188377e-04
    3.550000   2.76900006  5.7259057616935766e-04
    3.550000   2.83374417  6.9881686067548856e-04
    3.550000   2.89847256  8.1886841858994964e-04
    3.550000   2.96316844  9.2336255883905820e-04
    3.550000   3.02777863  1.0030187290110911e-03
    3.550000   3.09200950  1.0501214088504880e-03
    3.600000   0.04958315  7.7085589126266922e-04
    3.600000   0.11381403  7.3447043208248121e-04
    3.600000   0.17842421  6.7295233279770291e-04
    3.600000   0.24312010  5.9228615375065763e-04
    3.600000   0.30784849  4.9967554923281254e-04
    3.600000   0.37259260  4.0240903028949818e-04
    3.600000   0.43734549  3.0691708107675997e-04
    3.600000   0.50210377  2.1816677367008719e-04
    3.600000   0.56686560  1.3942923723557661e-04
    3.600000   0.63162987  7.2359568615049810e-05
    3.600000   0.69639591  1.7279013435624045e-05
    3.600000   0.76116325 -2.6455391758004183e-05
    3.600000   0.82593158 -6.0083902455380398e-05
    3.600000   0.89070068 -8.5134738914273100e-05
    3.600000   0.95547037 -1.0319481564853283e-04
    3.600000   1.02024053 -1.1576005292986229e-04
    3.600000   1.08501108 -1.2415218866433420e-04
    3.600000   1.14978193 -1.2948455576936396e-04
    3.600000   1.21455301 -1.3265993998304900e-04
    3.600000   1.27932429 -1.3438672931558228e-04
    3.600000   1.34409571 -1.3520329933543927e-04
    3.600000   1.40886724 -1.3550395476810231e-04
    3.600000   1.47363885 -1.3556236733276681e-04
    3.600000   1.53841049 -1.3555026526308449e-04
    3.600000   1.60318216 -1.3555026445351837e-04
    3.600000   1.66795381 -1.3556236484749281e-04
    3.600000   1.73272541 -1.3550395043997250e-04
    3.600000   1.79749694 -1.3520329289486212e-04
    3.600000   1.86226837 -1.3438672040523352e-04
    3.600000   1.92703964 -1.3265992818066102e-04
    3.600000   1.99181073 -1.2948454062021341e-04
    3.600000   2.05658157 -1.2415216972446702e-04
    3.600000   2.12135212 -1.1576002981973829e-04
    3.600000   2.18612229 -1.0319478811425397e-04
    3.600000   2.25089198 -8.5134706890027702e-05
    3.600000   2.31566107 -6.0083866116524279e-05
    3.600000   2.38042940 -2.6455351550533767e-05
    3.600000   2.44519674  1.7279056804770823e-05
    3.600000   2.50996278  7.2359614238860556e-05
    3.600000   2.57472706  1.3942928412062316e-04
    3.600000   2.63948889  2.1816682088766874e-04
    3.600000   2.70424717  3.0691712791680706e-04
    3.600000   2.76900006  4.0240907636948105e-04
    3.600000   2.83374417  4.9967559451784130e-04
    3.600000   2.89847256  5.9228619846824762e-04
    3.600000   2.96316844  6.7295237727500192e-04
    3.600000   3.02777863  7.3447047657502356e-04
    3.600000   3.09200950  7.7085593585441174e-04
    3.650000   0.04958315  5.5080508716446957e-04
    3.650000   0.11381403  5.2290411694179580e-04
    3.650000   0.17842421  4.7575217490752718e-04
    3.650000   0.24312010  4.1397187931752852e-04
    3.650000   0.30784849  3.4312921148841555e-04
    3.650000   0.37259260  2.6885658735002765e-04
    3.650000   0.43734549  1.9612155883040779e-04
    3.650000   0.50210377  1.2875517172072752e-04
    3.650000   0.56686560  6.9269027278597801e-05
    3.650000   0.63162987  1.8915773262124305e-05
    3.650000   0.69639591 -2.2091645961385563e-05
    3.650000   0.76116325 -5.4291197957277468e-05
    3.650000   0.82593158 -7.8684164304708911e-05
    3.650000   0.89070068 -9.6492210303733274e-05
    3.650000   0.95547037 -1.0897724406022395e-04
    3.650000   1.02024053 -1.1732402641482909e-04
    3.650000   1.08501108 -1.2257538376053069e-04
    3.650000   1.14978193 -1.2560621163715247e-04
    3.650000   1.21455301 -1.2712287942069758e-04
    3.650000   1.27932429 -1.2767706009170603e-04
    3.650000   1.34409571 -1.2768596558333751e-04
    3.650000   1.40886724 -1.2745366092466008e-04
    3.650000   1.47363885 -1.2719022704333856e-04
    3.650000   1.53841049 -1.2702699683027273e-04
    3.650000   1.60318216 -1.2702699627122399e-04
    3.650000   1.66795381 -1.2719022531587848e-04
    3.650000   1.73272541 -1.2745365788003623e-04
    3.650000   1.79749694 -1.2768596098121040e-04
    3.650000   1.86226837 -1.2767705361265474e-04
    3.650000   1.92703964 -1.2712287068573943e-04
    3.650000   1.99181073 -1.2560620023583838e-04
    3.650000   2.05658157 -1.2257536928873570e-04
    3.650000   2.12135212 -1.1732400852231148e-04
    3.650000   2.18612229 -1.0897722250592364e-04
    3.650000   2.25089198 -9.6492185013855999e-05
    3.650000   2.31566107 -7.8684135424970751e-05
    3.650000   2.38042940 -5.4291165887249188e-05
    3.650000   2.44519674 -2.2091611357213991e-05
    3.650000   2.50996278  1.8915809528471751e-05
    3.650000   2.57472706  6.9269064208114334e-05
    3.650000   2.63948889  1.2875520831595862e-04
    3.650000   2.70424717  1.9612159423999445e-04
    3.650000   2.76900006  2.6885662099325041e-04
    3.650000   2.83374417  3.4312924312285026e-04
    3.650000   2.89847256  4.1397190902859422e-04
    3.650000   2.96316844  4.7575220302788039e-04
    3.650000   3.02777863  5.2290414393805140e-04
    3.650000   3.09200950  5.5080511354075148e-04
    3.700000   0.04958315  3.7837881855239613e-04
    3.700000   0.11381403  3.5717805124470411e-04
    3.700000   0.17842421  3.2137548129734160e-04
    3.700000   0.24312010  2.7452354793005884e-04
    3.700000   0.30784849  2.2089890444722458e-04
    3.700000   0.37259260  1.6482678151407502e-04
    3.700000   0.43734549  1.1011627960020757e-04
    3.700000   0.50210377  5.9695236923333955e-05
    3.700000   0.56686560  1.5468154204273928e-05
    3.700000   0.63162987 -2.1636886566572374e-05
    3.700000   0.69639591 -5.1497393554536906e-05
    3.700000   0.76116325 -7.4570950855327173e-05
    3.700000   0.82593158 -9.1670321384212505e-05
    3.700000   0.89070068 -1.0377342324314281e-04
    3.700000   0.95547037 -1.1188262673965359e-04
    3.700000   1.02024053 -1.1693349219422026e-04
    3.700000   1.08501108 -1.1974501253059909e-04
    3.700000   1.14978193 -1.2100045360006077e-04
    3.700000   1.21455301 -1.2124817364812717e-04
    3.700000   1.27932429 -1.2091369992045007e-04
    3.700000   1.34409571 -1.2031668894849024e-04
    3.700000   1.40886724 -1.1968854585521329e-04
    3.700000   1.47363885 -1.1918815408554345e-04
    3.700000   1.53841049 -1.1891432883075442e-04
    3.700000   1.60318216 -1.1891432847550574e-04
    3.700000   1.66795381 -1.1918815297514851e-04
    3.700000   1.73272541 -1.1968854385754531e-04
    3.700000   1.79749694 -1.2031668584968585e-04
    3.700000   1.86226837 -1.2091369543544133e-04
    3.700000   1.92703964 -1.2124816743722348e-04
    3.700000   1.99181073 -1.2100044529302457e-04
    3.700000   2.05658157 -1.1974500175936457e-04
    3.700000   2.12135212 -1.1693347863455395e-04
    3.700000   2.18612229 -1.1188261016034549e-04
    3.700000   2.25089198 -1.0377340355883389e-04
    3.700000   2.31566107 -9.1670298704814337e-05
    3.700000   2.38042940 -7.4570925521891818e-05
    3.700000   2.44519674 -5.1497366149529565e-05
    3.700000   2.50996278 -2.1636857887361509e-05
    3.700000   2.57472706  1.5468183214767171e-05
    3.700000   2.63948889  5.9695265285178363e-05
    3.700000   2.70424717  1.1011630642788125e-04
    3.700000   2.76900006  1.6482680614342252e-04
    3.700000   2.83374417  2.2089892652687665e-04
    3.700000   2.89847256  2.7452356745447169e-04
    3.700000   2.96316844  3.2137549857751629e-04
    3.700000   3.02777863  3.5717806683419133e-04
    3.700000   3.09200950  3.7837883315822271e-04
    3.750000   0.04958315  2.4417173486299473e-04
    3.750000   0.11381403  2.2824651567151892e-04
    3.750000   0.17842421  2.0138277497230459e-04
    3.750000   0.24312010  1.6629342618854442e-04
    3.750000   0.30784849  1.2624196850490496e-04
    3.750000   0.37259260  8.4524153735615593e-05
    3.750000   0.43734549  4.4034223011296860e-05
    3.750000   0.50210377  6.9843449758177844e-06
    3.750000   0.56686560 -2.5204061949741850e-05
    3.750000   0.63162987 -5.1862876737374404e-05
    3.750000   0.69639591 -7.2943731729037547e-05
    3.750000   0.76116325 -8.8841996324237358e-05
    3.750000   0.82593158 -1.0022137426577708e-04
    3.750000   0.89070068 -1.0786594307046751e-04
    3.750000   0.95547037 -1.1257100953027253e-04
    3.750000   1.02024053 -1.1507289201820775e-04
    3.750000   1.08501108 -1.1601136245747155e-04
    3.750000   1.14978193 -1.1591610769905312e-04
    3.750000   1.21455301 -1.1520878631781406e-04
    3.750000   1.27932429 -1.1421376162171171e-04
    3.750000   1.34409571 -1.1317246425915460e-04
    3.750000   1.40886724 -1.1225805428424993e-04
    3.750000   1.47363885 -1.1158839091649940e-04
    3.750000   1.53841049 -1.1123624305294961e-04
    3.750000   1.60318216 -1.1123624286197100e-04
    3.750000   1.66795381 -1.1158839030402421e-04
    3.750000   1.73272541 -1.1225805313316521e-04
    3.750000   1.79749694 -1.1317246237953811e-04
    3.750000   1.86226837 -1.1421375875963929e-04
    3.750000   1.92703964 -1.1520878216933500e-04
    3.750000   1.99181073 -1.1591610193066323e-04
    3.750000   2.05658157 -1.1601135473420907e-04
    3.750000   2.12135212 -1.1507288203980565e-04
    3.750000   2.18612229 -1.1257099707438894e-04
    3.750000   2.25089198 -1.0786592803996113e-04
    3.750000   2.31566107 -1.0022135673424677e-04
    3.750000   2.38042940 -8.8841976571292147e-05
    3.750000   2.44519674 -7.2943710254858856e-05
    3.750000   2.50996278 -5.1862854246276763e-05
    3.750000   2.57472706 -2.5204039296084820e-05
    3.750000   2.63948889  6.9843668785820115e-06
    3.750000   2.70424717  4.4034243307349561e-05
    3.750000   2.76900006  8.4524171748306880e-05
    3.750000   2.83374417  1.2624198383693686e-04
    3.750000   2.89847256  1.6629343877821599e-04
    3.750000   2.96316844  2.0138278509522028e-04
    3.750000   3.02777863  2.2824652389316375e-04
    3.750000   3.09200950  2.4417174195894757e-04
    3.800000   0.04958315  1.4055952750212139e-04
    3.800000   0.11381403  1.2877357793455774e-04
    3.800000   0.17842421  1.0892474833191230e-04
    3.800000   0.24312010  8.3068713371690954e-05
    3.800000   0.30784849  5.3674660673892474e-05
    3.800000   0.37259260  2.3229718485891432e-05
    3.800000   0.43734549 -6.0920866516439734e-06
    3.800000   0.50210377 -3.2643459780964406e-05
    3.800000   0.56686560 -5.5385435116256840e-05
    3.800000   0.63162987 -7.3856530064355668e-05
    3.800000   0.69639591 -8.8067937740683968e-05
    3.800000   0.76116325 -9.8366209003888482e-05
    3.800000   0.82593158 -1.0529685987108047e-04
    3.800000   0.89070068 -1.0948977232645512e-04
    3.800000   0.95547037 -1.1157521774116685e-04
    3.800000   1.02024053 -1.1213051064649380e-04
    3.800000   1.08501108 -1.1165228692325030e-04
    3.800000   1.14978193 -1.1054753538338014e-04
    3.800000   1.21455301 -1.0913669524185099e-04
    3.800000   1.27932429 -1.0766333948033215e-04
    3.800000   1.34409571 -1.0630646399677424e-04
    3.800000   1.40886724 -1.0519277557528861e-04
    3.800000   1.47363885 -1.0440743946407801e-04
    3.800000   1.53841049 -1.0400248088310239e-04
    3.800000   1.60318216 -1.0400248082307578e-04
    3.800000   1.66795381 -1.0440743924906285e-04
    3.800000   1.73272541 -1.0519277510170430e-04
    3.800000   1.79749694 -1.0630646309632378e-04
    3.800000   1.86226837 -1.0766333792730680e-04
    3.800000   1.92703964 -1.0913669276482536e-04
    3.800000   1.99181073 -1.1054753168250882e-04
    3.800000   2.05658157 -1.1165228169422413e-04
    3.800000   2.12135212 -1.1213050361165929e-04
    3.800000   2.18612229 -1.1157520868717835e-04
    3.800000   2.25089198 -1.0948976114605063e-04
    3.800000   2.31566107 -1.0529684660426602e-04
    3.800000   2.38042940 -9.8366193871369831e-05
    3.800000   2.44519674 -8.8067921160524509e-05
    3.800000   2.50996278 -7.3856512642631964e-05
    3.800000   2.57472706 -5.5385417605007099e-05
    3.800000   2.63948889 -3.2643443002496454e-05
    3.800000   2.70424717 -6.0920713966594072e-06
    3.800000   2.76900006  2.3229731570103521e-05
    3.800000   2.83374417  5.3674671183308206e-05
    3.800000   2.89847256  8.3068721212080832e-05
    3.800000   2.96316844  1.0892475373828446e-04
    3.800000   3.02777863  1.2877358144165328e-04
    3.800000   3.09200950  1.4055952987453841e-04
    3.850000   0.04958315  6.1369009191912857e-05
    3.850000   0.11381403  5.2817237619128061e-05
    3.850000   0.17842421  3.8449894222582575e-05
    3.850000   0.24312010  1.9809405620175949e-05
    3.850000   0.30784849 -1.2560612874909210e-06
    3.850000   0.37259260 -2.2892532266975883e-05
    3.850000   0.43734549 -4.3490875669376127e-05
    3.850000   0.50210377 -6.1847650825366072e-05
    3.850000   0.56686560 -7.7224922987411779e-05
    3.850000   0.63162987 -8.9324053157882773e-05
    3.850000   0.69639591 -9.8203066148597445e-05
    3.850000   0.76116325 -1.0416957058509913e-04
    3.850000   0.82593158 -1.0767506191278546e-04
    3.850000   0.89070068 -1.0922671342336001e-04
    3.850000   0.95547037 -1.0932339713099753e-04
    3.850000   1.02024053 -1.0841579513765086e-04
    3.850000   1.08501108 -1.0688655144730886e-04
    3.850000   1.14978193 -1.0504497499948706e-04
    3.850000   1.21455301 -1.0313097940317416e-04
    3.850000   1.27932429 -1.0132392619176471e-04
    3.850000   1.34409571 -9.9753246247377935e-05
    3.850000   1.40886724 -9.8508814688176268e-05
    3.850000   1.47363885 -9.7649905771483004e-05
    3.850000   1.53841049 -9.7212133996645692e-05
    3.850000   1.60318216 -9.7212134039610063e-05
    3.850000   1.66795381 -9.7649905869576277e-05
    3.850000   1.73272541 -9.8508814749994115e-05
    3.850000   1.79749694 -9.9753246124120791e-05
    3.850000   1.86226837 -1.0132392568325164e-04
    3.850000   1.92703964 -1.0313097826757012e-04
    3.850000   1.99181073 -1.0504497296781738e-04
    3.850000   2.05658157 -1.0688654824376359e-04
    3.850000   2.12135212 -1.0841579050619883e-04
    3.850000   2.18612229 -1.0932339086793212e-04
    3.850000   2.25089198 -1.0922670541385568e-04
    3.850000   2.31566107 -1.0767505216763882e-04
    3.850000   2.38042940 -1.0416955927162922e-04
    3.850000   2.44519674 -9.8203053607986344e-05
    3.850000   2.50996278 -8.9324039900781857e-05
    3.850000   2.57472706 -7.7224909661404164e-05
    3.850000   2.63948889 -6.1847638152363017e-05
    3.850000   2.70424717 -4.3490864357957264e-05
    3.850000   2.76900006 -2.2892522912242255e-05
    3.850000   2.83374417 -1.2560542768319126e-06
    3.850000   2.89847256  1.9809410175956049e-05
    3.850000   2.96316844  3.8449896517910213e-05
    3.850000   3.02777863  5.2817238136162685e-05
    3.850000   3.09200950  6.1369008640417620e-05
    3.900000   0.04958315  1.6085754608217717e-06
    3.900000   0.11381403 -4.4288361619665985e-06
    3.900000   0.17842421 -1.4534896779129070e-05
    3.900000   0.24312010 -2.7566769072889533e-05
    3.900000   0.30784849 -4.2160211136385349e-05
    3.900000   0.37259260 -5.6955157537885737e-05
    3.900000   0.43734549 -7.0783625745623587e-05
    3.900000   0.50210377 -8.2789111023283011e-05
    3.900000   0.56686560 -9.2469025823192094e-05
    3.900000   0.63162987 -9.9651782052173873e-05
    3.900000   0.69639591 -1.0443129834416257e-04
    3.900000   0.76116325 -1.0708353324622032e-04
    3.900000   0.82593158 -1.0798489710997146e-04
    3.900000   0.89070068 -1.0754485814920294e-04
    3.900000   0.95547037 -1.0615778773967406e-04
    3.900000   1.02024053 -1.0417374619039739e-04
    3.900000   1.08501108 -1.0188488665430961e-04
    3.900000   1.14978193 -9.9523068348824717e-05
    3.900000   1.21455301 -9.7264449512728807e-05
    3.900000   1.27932429 -9.5237639071399393e-05
    3.900000   1.34409571 -9.3532964627689505e-05
    3.900000   1.40886724 -9.2211298842997320e-05
    3.900000   1.47363885 -9.1311564631268234e-05
    3.900000   1.53841049 -9.0856495771951648e-05
    3.900000   1.60318216 -9.0856495894547348e-05
    3.900000   1.66795381 -9.1311564971960241e-05
    3.900000   1.73272541 -9.2211299321315186e-05
    3.900000   1.79749694 -9.3532965112378373e-05
    3.900000   1.86226837 -9.5237639385338833e-05
    3.900000   1.92703964 -9.7264449440960613e-05
    3.900000   1.99181073 -9.9523067650678857e-05
    3.900000   2.05658157 -1.0188488508050158e-04
    3.900000   2.12135212 -1.0417374350567721e-04
    3.900000   2.18612229 -1.0615778375076332e-04
    3.900000   2.25089198 -1.0754485273655777e-04
    3.900000   2.31566107 -1.0798489026020516e-04
    3.900000   2.38042940 -1.0708352508016602e-04
    3.900000   2.44519674 -1.0443128913399133e-04
    3.900000   2.50996278 -9.9651772220404617e-05
    3.900000   2.57472706 -9.2469015917680760e-05
    3.900000   2.63948889 -8.2789101665770647e-05
    3.900000   2.70424717 -7.0783617557117589e-05
    3.900000   2.76900006 -5.6955151050743297e-05
    3.900000   2.83374417 -4.2160206708405102e-05
    3.900000   2.89847256 -2.7566766820786190e-05
    3.900000   2.96316844 -1.4534896546094096e-05
    3.900000   3.02777863 -4.4288375271639103e-06
    3.900000   3.09200950  1.6085731312409436e-06
    3.950000   0.04958315 -4.2751931087960439e-05
    3.950000   0.11381403 -4.6846394565552978e-05
    3.950000   0.17842421 -5.3660273379039361e-05
    3.950000   0.24312010 -6.2360688317580944e-05
    3.950000   0.30784849 -7.1958985794122159e-05
    3.950000   0.37259260 -8.1478666587208860e-05
    3.950000   0.43734549 -9.0094483725422573e-05
    3.950000   0.50210377 -9.7219432136048007e-05
    3.950000   0.56686560 -1.0253345255547465e-04
    3.950000   0.63162987 -1.0596290263491097e-04
    3.950000   0.69639591 -1.0762833672057772e-04
    3.950000   0.76116325 -1.0777946728234934e-04
    3.950000   0.82593158 -1.0673247370296834e-04
    3.950000   0.89070068 -1.0481897259497343e-04
    3.950000   0.95547037 -1.0235032802585483e-04
    3.950000   1.02024053 -9.9596850634944373e-05
    3.950000   1.08501108 -9.6779120755109433e-05
    3.950000   1.14978193 -9.4067872829667123e-05
    3.950000   1.21455301 -9.1589068548762553e-05
    3.950000   1.27932429 -8.9431461845645310e-05
    3.950000   1.34409571 -8.7654757341381202e-05
    3.950000   1.40886724 -8.6297176749238432e-05
    3.950000   1.47363885 -8.5381788240331257e-05
    3.950000   1.53841049 -8.4921311246748774e-05
    3.950000   1.60318216 -8.4921311429552918e-05
    3.950000   1.66795381 -8.5381788764972934e-05
    3.950000   1.73272541 -8.6297177545037311e-05
    3.950000   1.79749694 -8.7654758292839705e-05
    3.950000   1.86226837 -8.9431462796424750e-05
    3.950000   1.92703964 -9.1589069308283783e-05
    3.950000   1.99181073 -9.4067873183161145e-05
    3.950000   2.05658157 -9.6779120477962923e-05
    3.950000   2.12135212 -9.9596849511865028e-05
    3.950000   2.18612229 -1.0235032587473430e-04
    3.950000   2.25089198 -1.0481896929430431e-04
    3.950000   2.31566107 -1.0673246922022692e-04
    3.950000   2.38042940 -1.0777946169915071e-04
    3.950000   2.44519674 -1.0762833024901435e-04
    3.950000   2.50996278 -1.0596289561885831e-04
    3.950000   2.57472706 -1.0253344545152480e-04
    3.950000   2.63948889 -9.7219425471470439e-05
    3.950000   2.70424717 -9.0094478035245199e-05
    3.950000   2.76900006 -8.1478662338155277e-05
    3.950000   2.83374417 -7.1958983308176194e-05
    3.950000   2.89847256 -6.2360687710391285e-05
    3.950000   2.96316844 -5.3660274526959011e-05
    3.950000   3.02777863 -4.6846397109891342e-05
    3.950000   3.09200950 -4.2751934477765139e-05
    4.000000   0.04958315 -7.4960943060391159e-05
    4.000000   0.11381403 -7.7565070380682016e-05
    4.000000   0.17842421 -8.1854704686294688e-05
    4.000000   0.24312010 -8.7236327460621108e-05
    4.000000   0.30784849 -9.3011383351538374e-05
    4.000000   0.37259260 -9.8499647205365086e-05
    4.000000   0.43734549 -1.0314050183872531e-04
    4.000000   0.50210377 -1.0655473260495231e-04
    4.000000   0.56686560 -1.0856248224937262e-04
    4.000000   0.63162987 -1.0916451213237577e-04
    4.000000   0.69639591 -1.0850028487202794e-04
    4.000000   0.76116325 -1.0679729806649549e-04
    4.000000   0.82593158 -1.0432317080918159e-04
    4.000000   0.89070068 -1.0134743185712474e-04
    4.000000   0.95547037 -9.8115597369640060e-05
    4.000000   1.02024053 -9.4834953132007355e-05
    4.000000   1.08501108 -9.1669706931360272e-05
    4.000000   1.14978193 -8.8742612483189747e-05
    4.000000   1.21455301 -8.6140369149921323e-05
    4.000000   1.27932429 -8.3920674455545825e-05
    4.000000   1.34409571 -8.2119462780267671e-05
    4.000000   1.40886724 -8.0757440419259791e-05
    4.000000   1.47363885 -7.9845457909631564e-05
    4.000000   1.53841049 -7.9388539334372457e-05
    4.000000   1.60318216 -7.9388539561331723e-05
    4.000000   1.66795381 -7.9845458569700704e-05
    4.000000   1.73272541 -8.0757441450515966e-05
    4.000000   1.79749694 -8.2119464081325253e-05
    4.000000   1.86226837 -8.3920675888761825e-05
    4.000000   1.92703964 -8.6140370546768384e-05
    4.000000   1.99181073 -8.8742613652558860e-05
    4.000000   2.05658157 -9.1669707671523208e-05
    4.000000   2.12135212 -9.4834953246770371e-05
    4.000000   2.18612229 -9.8115596688635057e-05
    4.000000   2.25089198 -1.0134743025935084e-04
    4.000000   2.31566107 -1.0432316824768451e-04
    4.000000   2.38042940 -1.0679729459069642e-04
    4.000000   2.44519674 -1.0850028064296473e-04
    4.000000   2.50996278 -1.0916450742550621e-04
    4.000000   2.57472706 -1.0856247744019522e-04
    4.000000   2.63948889 -1.0655472813484827e-04
    4.000000   2.70424717 -1.0314049816232139e-04
    4.000000   2.76900006 -9.8499644725498419e-05
    4.000000   2.83374417 -9.3011382352427993e-05
    4.000000   2.89847256 -8.7236328052406749e-05
    4.000000   2.96316844 -8.1854706773501560e-05
    4.000000   3.02777863 -7.7565073663092804e-05
    4.000000   3.09200950 -7.4960947068551607e-05
    4.050000   0.04958315 -9.7631836860325369e-05
    4.050000   0.11381403 -9.9103215663094563e-05
    4.050000   0.17842421 -1.0147552315951019e-04
    4.050000   0.24312010 -1.0433907991853424e-04
    4.050000   0.30784849 -1.0721808257432607e-04
    4.050000   0.37259260 -1.0965966052249980e-04
    4.050000   0.43734549 -1.1130598538357615e-04
    4.050000   0.50210377 -1.1193660120553703e-04
    4.050000   0.56686560 -1.1147806468360604e-04
    4.050000   0.63162987 -1.0998660641223897e-04
    4.050000   0.69639591 -1.0761423461293779e-04
    4.050000   0.76116325 -1.0456927009905533e-04
    4.050000   0.82593158 -1.0107995930624508e-04
    4.050000   0.89070068 -9.7366260234226450e-05
    4.050000   0.95547037 -9.3621527964661170e-05
    4.050000   1.02024053 -9.0003404112363295e-05
    4.050000   1.08501108 -8.6631911909595000e-05
    4.050000   1.14978193 -8.3592381066398632e-05
    4.050000   1.21455301 -8.0941041195765938e-05
    4.050000   1.27932429 -7.8711614713935474e-05
    4.050000   1.34409571 -7.6921784103069614e-05
    4.050000   1.40886724 -7.5578877122819052e-05
    4.050000   1.47363885 -7.4684456997669882e-05
    4.050000   1.53841049 -7.4237720927619293e-05
    4.050000   1.60318216 -7.4237721185544295e-05
    4.050000   1.66795381 -7.4684457753274174e-05
    4.050000   1.73272541 -7.5578878321986079e-05
    4.050000   1.79749694 -7.6921785657031529e-05
    4.050000   1.86226837 -7.8711616501824308e-05
    4.050000   1.92703964 -8.0941043068955340e-05
    4.050000   1.99181073 -8.3592382855325373e-05
    4.050000   2.05658157 -8.6631913433698096e-05
    4.050000   2.12135212 -9.0003405193628906e-05
    4.050000   2.18612229 -9.3621528444813316e-05
    4.050000   2.25089198 -9.7366259994852852e-05
    4.050000   2.31566107 -1.0107995829014106e-04
    4.050000   2.38042940 -1.0456926832988810e-04
    4.050000   2.44519674 -1.0761423220923404e-04
    4.050000   2.50996278 -1.0998660359111177e-04
    4.050000   2.57472706 -1.1147806175005490e-04
    4.050000   2.63948889 -1.1193659852485463e-04
    4.050000   2.70424717 -1.1130598333760791e-04
    4.050000   2.76900006 -1.0965965945455161e-04
    4.050000   2.83374417 -1.0721808273150398e-04
    4.050000   2.89847256 -1.0433908140281349e-04
    4.050000   2.96316844 -1.0147552589863771e-04
    4.050000   3.02777863 -9.9103219409343073e-05
    4.050000   3.09200950 -9.7631841219725200e-05
    4.100000   0.04958315 -1.1286257274410997e-04
    4.100000   0.11381403 -1.1348285730020744e-04
    4.100000   0.17842421 -1.1441600128402512e-04
    4.100000   0.24312010 -1.1539258004258140e-04
    4.100000   0.30784849 -1.1610659822144157e-04
    4.100000   0.37259260 -1.1627825381566627e-04
    4.100000   0.43734549 -1.1570367917508850e-04
    4.100000   0.50210377 -1.1428234882599801e-04
    4.100000   0.56686560 -1.1202037688134013e-04
    4.100000   0.63162987 -1.0901432871676897e-04
    4.100000   0.69639591 -1.0542359136571331e-04
    4.100000   0.76116325 -1.0143963197164419e-04
    4.100000   0.82593158 -9.7258574879739010e-05
    4.100000   0.89070068 -9.3060747772774006e-05
    4.100000   0.95547037 -8.8998250953469814e-05
    4.100000   1.02024053 -8.5189768716376714e-05
    4.100000   1.08501108 -8.1720890099734096e-05
    4.100000   1.14978193 -7.8647976110743077e-05
    4.100000   1.21455301 -7.6003834534170607e-05
    4.100000   1.27932429 -7.3803891579675226e-05
    4.100000   1.34409571 -7.2052004275499816e-05
    4.100000   1.40886724 -7.0745440272422877e-05
    4.100000   1.47363885 -6.9878825851512512e-05
    4.100000   1.53841049 -6.9447029802651789e-05
    4.100000   1.60318216 -6.9447030080781468e-05
    4.100000   1.66795381 -6.9878826670079325e-05
    4.100000   1.73272541 -7.0745441584258161e-05
    4.100000   1.79749694 -7.2052006003084498e-05
    4.100000   1.86226837 -7.3803893617150923e-05
    4.100000   1.92703964 -7.6003836750832614e-05
    4.100000   1.99181073 -7.8647978356592675e-05
    4.100000   2.05658157 -8.1720892213705962e-05
    4.100000   2.12135212 -8.5189770537659096e-05
    4.100000   2.18612229 -8.8998252336008077e-05
    4.100000   2.25089198 -9.3060748602410374e-05
    4.100000   2.31566107 -9.7258575092593118e-05
    4.100000   2.38042940 -1.0143963157132356e-04
    4.100000   2.44519674 -1.0542359043598714e-04
    4.100000   2.50996278 -1.0901432742581785e-04
    4.100000   2.57472706 -1.1202037547392393e-04
    4.100000   2.63948889 -1.1428234760129437e-04
    4.100000   2.70424717 -1.1570367845056241e-04
    4.100000   2.76900006 -1.1627825388074821e-04
    4.100000   2.83374417 -1.1610659928831230e-04
    4.100000   2.89847256 -1.1539258220360324e-04
    4.100000   2.96316844 -1.1441600448557989e-04
    4.100000   3.02777863 -1.1348286134017876e-04
    4.100000   3.09200950 -1.1286257729577145e-04
    4.150000   0.04958315 -1.2233323844031130e-04
    4.150000   0.11381403 -1.2232347597169321e-04
    4.150000   0.17842421 -1.2219279114114538e-04
    4.150000   0.24312010 -1.2177787747116804e-04
    4.150000   0.30784849 -1.2090102858178389e-04
    4.150000   0.37259260 -1.1941287030408646e-04
    4.150000   0.43734549 -1.1722506624095789e-04
    4.150000   0.50210377 -1.1432639170996830e-04
    4.150000   0.56686560 -1.1078127513069036e-04
    4.150000   0.63162987 -1.0671460318111636e-04
    4.150000   0.69639591 -1.0228900768395361e-04
    4.150000   0.76116325 -9.7680912740198675e-05
    4.150000   0.82593158 -9.3060059472472093e-05
    4.150000   0.89070068 -8.8575041235272939e-05
    4.150000   0.95547037 -8.4345384989595602e-05
    4.150000   1.02024053 -8.0459336834210179e-05
    4.150000   1.08501108 -7.6975831986411230e-05
    4.150000   1.14978193 -7.3929013950584154e-05
    4.150000   1.21455301 -7.1333897855071178e-05
    4.150000   1.27932429 -6.9192149571417600e-05
    4.150000   1.34409571 -6.7497335518779692e-05
    4.150000   1.40886724 -6.6239312376681854e-05
    4.150000   1.47363885 -6.5407645078222561e-05
    4.150000   1.53841049 -6.4994069352012883e-05
    4.150000   1.60318216 -6.4994069641645418e-05
    4.150000   1.66795381 -6.5407645933377294e-05
    4.150000   1.73272541 -6.6239313756355221e-05
    4.150000   1.79749694 -6.7497337355461974e-05
    4.150000   1.86226837 -6.9192151772655693e-05
    4.150000   1.92703964 -7.1333900306240017e-05
    4.150000   1.99181073 -7.3929016519403334e-05
    4.150000   2.05658157 -7.6975834529701285e-05
    4.150000   2.12135212 -8.0459339207327411e-05
    4.150000   2.18612229 -8.4345387058624768e-05
    4.150000   2.25089198 -8.8575042891578267e-05
    4.150000   2.31566107 -9.3060060648464136e-05
    4.150000   2.38042940 -9.7680913424314295e-05
    4.150000   2.44519674 -1.0228900793204174e-04
    4.150000   2.50996278 -1.0671460312090597e-04
    4.150000   2.57472706 -1.1078127495619623e-04
    4.150000   2.63948889 -1.1432639166378809e-04
    4.150000   2.70424717 -1.1722506658458340e-04
    4.150000   2.76900006 -1.1941287127922109e-04
    4.150000   2.83374417 -1.2090103036865448e-04
    4.150000   2.89847256 -1.2177788015192679e-04
    4.150000   2.96316844 -1.2219279467674593e-04
    4.150000   3.02777863 -1.2232348019869117e-04
    4.150000   3.09200950 -1.2233324309024528e-04
    4.200000   0.04958315 -1.2738553319318992e-04
    4.200000   0.11381403 -1.2691846400418203e-04
    4.200000   0.17842421 -1.2601728065349453e-04
    4.200000   0.24312010 -1.2459813060063500e-04
    4.200000   0.30784849 -1.2257913297939295e-04
    4.200000   0.37259260 -1.1990795791167198e-04
    4.200000   0.43734549 -1.1658166876984048e-04
    4.200000   0.50210377 -1.1265428734573649e-04
    4.200000   0.56686560 -1.0823184747248020e-04
    4.200000   0.63162987 -1.0345809619404714e-04
    4.200000   0.69639591 -9.8495656802221143e-05
    4.200000   0.76116325 -9.3507354856132445e-05
    4.200000   0.82593158 -8.8641106647220996e-05
    4.200000   0.89070068 -8.4020045328106379e-05
    4.200000   0.95547037 -7.9738027008211261e-05
    4.200000   1.02024053 -7.5859636289354559e-05
    4.200000   1.08501108 -7.2423345142983496e-05
    4.200000   1.14978193 -6.9446451181638585e-05
    4.200000   1.21455301 -6.6930654515391983e-05
    4.200000   1.27932429 -6.4867466857298196e-05
    4.200000   1.34409571 -6.3242972458928977e-05
    4.200000   1.40886724 -6.2041720166340880e-05
    4.200000   1.47363885 -6.1249701462526800e-05
    4.200000   1.53841049 -6.0856466665306273e-05
    4.200000   1.60318216 -6.0856466959470360e-05
    4.200000   1.66795381 -6.1249702333118403e-05
    4.200000   1.73272541 -6.2041721577814384e-05
    4.200000   1.79749694 -6.3242974352659145e-05
    4.200000   1.86226837 -6.4867469152764910e-05
    4.200000   1.92703964 -6.6930657112373369e-05
    4.200000   1.99181073 -6.9446453963838348e-05
    4.200000   2.05658157 -7.2423347983566381e-05
    4.200000   2.12135212 -7.5859639058776173e-05
    4.200000   2.18612229 -7.9738029584433618e-05
    4.200000   2.25089198 -8.4020047608917688e-05
    4.200000   2.31566107 -8.8641108563707836e-05
    4.200000   2.38042940 -9.3507356385674834e-05
    4.200000   2.44519674 -9.8495657978630224e-05
    4.200000   2.50996278 -1.0345809711205684e-04
    4.200000   2.57472706 -1.0823184828387422e-04
    4.200000   2.63948889 -1.1265428824529671e-04
    4.200000   2.70424717 -1.1658166997106394e-04
    4.200000   2.76900006 -1.1990795961463248e-04
    4.200000   2.83374417 -1.2257913533568460e-04
    4.200000   2.89847256 -1.2459813368216637e-04
    4.200000   2.96316844 -1.2601728443232304e-04
    4.200000   3.02777863 -1.2691846834901753e-04
    4.200000   3.09200950 -1.2738553788500852e-04
    4.250000   0.04958315 -1.2908749589599848e-04
    4.250000   0.11381403 -1.2829742052083580e-04
    4.250000   0.17842421 -1.2685378280248075e-04
    4.250000   0.24312010 -1.2473142475575921e-04
    4.250000   0.30784849 -1.2191899769156900e-04
    4.250000   0.37259260 -1.1843518205220381e-04
    4.250000   0.43734549 -1.1433892069160473e-04
    4.250000   0.50210377 -1.0973069033870633e-04
    4.250000   0.56686560 -1.0474507369420104e-04
    4.250000   0.63162987 -9.9537295915058630e-05
    4.250000   0.69639591 -9.4267460930441531e-05
    4.250000   0.76116325 -8.9085979078845848e-05
    4.250000   0.82593158 -8.4122577539860098e-05
    4.250000   0.89070068 -7.9479916954670535e-05
    4.250000   0.95547037 -7.5231663754238013e-05
    4.250000   1.02024053 -7.1424118851531020e-05
    4.250000   1.08501108 -6.8080200535721924e-05
    4.250000   1.14978193 -6.5204617293615835e-05
    4.250000   1.21455301 -6.2789299130200534e-05
    4.250000   1.27932429 -6.0818455327620056e-05
    4.250000   1.34409571 -5.9272906044145469e-05
    4.250000   1.40886724 -5.8133551166245721e-05
    4.250000   1.47363885 -5.7383980895049399e-05
    4.250000   1.53841049 -5.7012305950536941e-05
    4.250000   1.60318216 -5.7012306243717074e-05
    4.250000   1.66795381 -5.7383981764314020e-05
    4.250000   1.73272541 -5.8133552580872275e-05
    4.250000   1.79749694 -5.9272907953372552e-05
    4.250000   1.86226837 -6.0818457661533758e-05
    4.250000   1.92703964 -6.2789301801432124e-05
    4.250000   1.99181073 -6.5204620200248411e-05
    4.250000   2.05658157 -6.8080203565794320e-05
    4.250000   2.12135212 -7.1424121889509796e-05
    4.250000   2.18612229 -7.5231666689556980e-05
    4.250000   2.25089198 -7.9479919692119135e-05
    4.250000   2.31566107 -8.4122580011072203e-05
    4.250000   2.38042940 -8.9085981253523685e-05
    4.250000   2.44519674 -9.4267462825336254e-05
    4.250000   2.50996278 -9.9537297598334599e-05
    4.250000   2.57472706 -1.0474507528288262e-04
    4.250000   2.63948889 -1.0973069198759130e-04
    4.250000   2.70424717 -1.1433892257348892e-04
    4.250000   2.76900006 -1.1843518433131077e-04
    4.250000   2.83374417 -1.2191900049422316e-04
    4.250000   2.89847256 -1.2473142814397166e-04
    4.250000   2.96316844 -1.2685378675653206e-04
    4.250000   3.02777863 -1.2829742493572914e-04
    4.250000   3.09200950 -1.2908750059397744e-04
    4.300000   0.04958315 -1.2828618054144998e-04
    4.300000   0.11381403 -1.2727687066066090e-04
    4.300000   0.17842421 -1.2546695017824898e-04
    4.300000   0.24312010 -1.2287385726548073e-04
    4.300000   0.30784849 -1.1953715206796833e-04
    4.300000   0.37259260 -1.1552631761677050e-04
    4.300000   0.43734549 -1.1094391360828908e-04
    4.300000   0.50210377 -1.0592228274937713e-04
    4.300000   0.56686560 -1.0061443319806421e-04
    4.300000   0.63162987 -9.5181371171739756e-05
    4.300000   0.69639591 -8.9778789686605678e-05
    4.300000   0.76116325 -8.4545680572477292e-05
    4.300000   0.82593158 -7.9596495537537519e-05
    4.300000   0.89070068 -7.5017390116381328e-05
    4.300000   0.95547037 -7.0866187574811188e-05
    4.300000   1.02024053 -6.7175161317509189e-05
    4.300000   1.08501108 -6.3955555041776747e-05
    4.300000   1.14978193 -6.1202845755757909e-05
    4.300000   1.21455301 -5.8901984477754828e-05
    4.300000   1.27932429 -5.7032119058966400e-05
    4.300000   1.34409571 -5.5570545117578909e-05
    4.300000   1.40886724 -5.4495812000644918e-05
    4.300000   1.47363885 -5.3790024443341521e-05
    4.300000   1.53841049 -5.3440435421647526e-05
    4.300000   1.60318216 -5.3440435709544382e-05
    4.300000   1.66795381 -5.3790025298185935e-05
    4.300000   1.73272541 -5.4495813395969691e-05
    4.300000   1.79749694 -5.5570547009566330e-05
    4.300000   1.86226837 -5.7032121387096649e-05
    4.300000   1.92703964 -5.8901987166108552e-05
    4.300000   1.99181073 -6.1202848715307724e-05
    4.300000   2.05658157 -6.3955558174044169e-05
    4.300000   2.12135212 -6.7175164519887100e-05
    4.300000   2.18612229 -7.0866190747676506e-05
    4.300000   2.25089198 -7.5017393171839816e-05
    4.300000   2.31566107 -7.9596498409189844e-05
    4.300000   2.38042940 -8.4545683225081001e-05
    4.300000   2.44519674 -8.9778792123982421e-05
    4.300000   2.50996278 -9.5181373440937511e-05
    4.300000   2.57472706 -1.0061443538778970e-04
    4.300000   2.63948889 -1.0592228498130836e-04
    4.300000   2.70424717 -1.1094391602103401e-04
    4.300000   2.76900006 -1.1552632034399160e-04
    4.300000   2.83374417 -1.1953715521396004e-04
    4.300000   2.89847256 -1.2287386088293513e-04
    4.300000   2.96316844 -1.2546695425333970e-04
    4.300000   3.02777863 -1.2727687510959081e-04
    4.300000   3.09200950 -1.2828618522044082e-04
    4.350000   0.04958315 -1.2565049053431842e-04
    4.350000   0.11381403 -1.2450152698619259e-04
    4.350000   0.17842421 -1.2246037675828201e-04
    4.350000   0.24312010 -1.1957464983819990e-04
    4.350000   0.30784849 -1.1591966865186516e-04
    4.350000   0.37259260 -1.1160012149682478e-04
    4.350000   0.43734549 -1.0674809466962930e-04
    4.350000   0.50210377 -1.0151655520208755e-04
    4.350000   0.56686560 -9.6069161045307316e-05
    4.350000   0.63162987 -9.0568362099896539e-05
    4.350000   0.69639591 -8.5164060062980807e-05
    4.350000   0.76116325 -7.9984690798004640e-05
    4.350000   0.82593158 -7.5131778148287908e-05
    4.350000   0.89070068 -7.0678130776808697e-05
    4.350000   0.95547037 -6.6669170270262172e-05
    4.350000   1.02024053 -6.3126500665021436e-05
    4.350000   1.08501108 -6.0052742746353835e-05
    4.350000   1.14978193 -5.7436776136901646e-05
    4.350000   1.21455301 -5.5258756306661929e-05
    4.350000   1.27932429 -5.3494517646085230e-05
    4.350000   1.34409571 -5.2119184071323911e-05
    4.350000   1.40886724 -5.1109961278800980e-05
    4.350000   1.47363885 -5.0448176901479382e-05
    4.350000   1.53841049 -5.0120675292760324e-05
    4.350000   1.60318216 -5.0120675572087978e-05
    4.350000   1.66795381 -5.0448177731872780e-05
    4.350000   1.73272541 -5.1109962637529620e-05
    4.350000   1.79749694 -5.2119185920692152e-05
    4.350000   1.86226837 -5.3494519933879167e-05
    4.350000   1.92703964 -5.5258758967123712e-05
    4.350000   1.99181073 -5.7436779092527888e-05
    4.350000   2.05658157 -6.0052745910837600e-05
    4.350000   2.12135212 -6.3126503947612622e-05
    4.350000   2.18612229 -6.6669173581673200e-05
    4.350000   2.25089198 -7.0678134036555241e-05
    4.350000   2.31566107 -7.5131781292968970e-05
    4.350000   2.38042940 -7.9984693789597657e-05
    4.350000   2.44519674 -8.5164062895774797e-05
    4.350000   2.50996278 -9.0568364804380095e-05
    4.350000   2.57472706 -9.6069163687347888e-05
    4.350000   2.63948889 -1.0151655787616082e-04
    4.350000   2.70424717 -1.0674809748586897e-04
    4.350000   2.76900006 -1.1160012456306412e-04
    4.350000   2.83374417 -1.1591967205338575e-04
    4.350000   2.89847256 -1.1957465361909830e-04
    4.350000   2.96316844 -1.2246038090877240e-04
    4.350000   3.02777863 -1.2450153143936331e-04
    4.350000   3.09200950 -1.2565049517404751e-04
    4.400000   0.04958315 -1.2170598082294596e-04
    4.400000   0.11381403 -1.2047782703081631e-04
    4.400000   0.17842421 -1.1830799525671594e-04
    4.400000   0.24312010 -1.1526473419162007e-04
    4.400000   0.30784849 -1.1144751010595920e-04
    4.400000   0.37259260 -1.0698425987648564e-04
    4.400000   0.43734549 -1.0202580922907909e-04
    4.400000   0.50210377 -9.6737166154110319e-05
    4.400000   0.56686560 -9.1286734983887682e-05
    4.400000   0.63162987 -8.5835163270089445e-05
    4.400000   0.69639591 -8.0525598436275326e-05
    4.400000   0.76116325 -7.5476685196367222e-05
    4.400000   0.82593158 -7.0778922484285959e-05
    4.400000   0.89070068 -6.6494288569637197e-05
    4.400000   0.95547037 -6.2658523657939367e-05
    4.400000   1.02024053 -5.9285202658962249e-05
    4.400000   1.08501108 -5.6370712115218793e-05
    4.400000   1.14978193 -5.3899387497184947e-05
    4.400000   1.21455301 -5.1848283626796314e-05
    4.400000   1.27932429 -5.0191272602729033e-05
    4.400000   1.34409571 -4.8902347987449688e-05
    4.400000   1.40886724 -4.7958143759133643e-05
    4.400000   1.47363885 -4.7339751554539422e-05
    4.400000   1.53841049 -4.7033949185681756e-05
    4.400000   1.60318216 -4.7033949453992656e-05
    4.400000   1.66795381 -4.7339752352980929e-05
    4.400000   1.73272541 -4.7958145068260766e-05
    4.400000   1.79749694 -4.8902349774943838e-05
    4.400000   1.86226837 -5.0191274823697119e-05
    4.400000   1.92703964 -5.1848286224481706e-05
    4.400000   1.99181073 -5.3899390404353722e-05
    4.400000   2.05658157 -5.6370715256510274e-05
    4.400000   2.12135212 -5.9285205954442932e-05
    4.400000   2.18612229 -6.2658527027995175e-05
    4.400000   2.25089198 -6.6494291941114991e-05
    4.400000   2.31566107 -7.0778925797497684e-05
    4.400000   2.38042940 -7.5476688412191354e-05
    4.400000   2.44519674 -8.0525601542203885e-05
    4.400000   2.50996278 -8.5835166283829866e-05
    4.400000   2.57472706 -9.1286737953069142e-05
    4.400000   2.63948889 -9.6737169151055690e-05
    4.400000   2.70424717 -1.0202581234038096e-04
    4.400000   2.76900006 -1.0698426318831391e-04
    4.400000   2.83374417 -1.1144751368732539e-04
    4.400000   2.89847256 -1.1526473807882244e-04
    4.400000   2.96316844 -1.1830799944258440e-04
    4.400000   3.02777863 -1.2047783146172386e-04
    4.400000   3.09200950 -1.2170598540505885e-04
    4.450000   0.04958315 -1.1686310720149795e-04
    4.450000   0.11381403 -1.1560116608259513e-04
    4.450000   0.17842421 -1.1337958809078798e-04
    4.450000   0.24312010 -1.1027999806313068e-04
    4.450000   0.30784849 -1.0641716199067000e-04
    4.450000   0.37259260 -1.0193317637289012e-04
    4.450000   0.43734549 -9.6989426652214659e-05
    4.450000   0.50210377 -9.1756482433751172e-05
    4.450000   0.56686560 -8.6403077868419292e-05
    4.450000   0.63162987 -8.1085683078880040e-05
    4.450000   0.69639591 -7.5940065432313669e-05
    4.450000   0.76116325 -7.1075770574328229e-05
    4.450000   0.82593158 -6.6573825265409966e-05
    4.450000   0.89070068 -6.2487384826585813e-05
    4.450000   0.95547037 -5.8844654275996318e-05
    4.450000   1.02024053 -5.5653246743367306e-05
    4.450000   1.08501108 -5.2905173128380632e-05
    4.450000   1.14978193 -5.0581812939325308e-05
    4.450000   1.21455301 -4.8658423708346425e-05
    4.450000   1.27932429 -4.7107948150602243e-05
    4.450000   1.34409571 -4.5904040859322503e-05
    4.450000   1.40886724 -4.5023347419378875e-05
    4.450000   1.47363885 -4.4447130290944059e-05
    4.450000   1.53841049 -4.4162356879859555e-05
    4.450000   1.60318216 -4.4162357135396724e-05
    4.450000   1.66795381 -4.4447131052028689e-05
    4.450000   1.73272541 -4.5023348669436807e-05
    4.450000   1.79749694 -4.5904042570752959e-05
    4.450000   1.86226837 -4.7107950284952482e-05
    4.450000   1.92703964 -4.8658426216804140e-05
    4.450000   1.99181073 -5.0581815763780862e-05
    4.450000   2.05658157 -5.2905176203280911e-05
    4.450000   2.12135212 -5.5653249998603237e-05
    4.450000   2.18612229 -5.8844657640932550e-05
    4.450000   2.25089198 -6.2487388235187407e-05
    4.450000   2.31566107 -6.6573828662154806e-05
    4.450000   2.38042940 -7.1075773920267776e-05
    4.450000   2.44519674 -7.5940068710336542e-05
    4.450000   2.50996278 -8.1085686296996406e-05
    4.450000   2.57472706 -8.6403081059849404e-05
    4.450000   2.63948889 -9.1756485652918292e-05
    4.450000   2.70424717 -9.6989429966388654e-05
    4.450000   2.76900006 -1.0193317985020179e-04
    4.450000   2.83374417 -1.0641716568631311e-04
    4.450000   2.89847256 -1.1028000200642302e-04
    4.450000   2.96316844 -1.1337959227610380e-04
    4.450000   3.02777863 -1.1560117046664835e-04
    4.450000   3.09200950 -1.1686311170826807e-04
    4.500000   0.04958315 -1.1144013231157209e-04
    4.500000   0.11381403 -1.1017798630010696e-04
    4.500000   0.17842421 -1.0796149172615782e-04
    4.500000   0.24312010 -1.0488016577143102e-04
    4.500000   0.30784849 -1.0105740581805730e-04
    4.500000   0.37259260 -9.6642631351618203e-05
    4.500000   0.43734549 -9.1801659349213260e-05
    4.500000   0.50210377 -8.6705800572310651e-05
    4.500000   0.56686560 -8.1520877602334749e-05
    4.500000   0.63162987 -7.6397498638066148e-05
    4.500000   0.69639591 -7.1463694268793663e-05
    4.500000   0.76116325 -6.6820547294571954e-05
    4.500000   0.82593158 -6.2540888308764282e-05
    4.500000   0.89070068 -5.8670653292973326e-05
    4.500000   0.95547037 -5.5232201766054082e-05
    4.500000   1.02024053 -5.2228796130370283e-05
    4.500000   1.08501108 -4.9649507539226492e-05
    4.500000   1.14978193 -4.7473976546921674e-05
    4.500000   1.21455301 -4.5676654046579565e-05
    4.500000   1.27932429 -4.4230332003296750e-05
    4.500000   1.34409571 -4.3108917683264849e-05
    4.500000   1.40886724 -4.2289500887566986e-05
    4.500000   1.47363885 -4.1753814420246152e-05
    4.500000   1.53841049 -4.1489202750409928e-05
    4.500000   1.60318216 -4.1489202991981780e-05
    4.500000   1.66795381 -4.1753815140277758e-05
    4.500000   1.73272541 -4.2289502071992170e-05
    4.500000   1.79749694 -4.3108919308608785e-05
    4.500000   1.86226837 -4.4230334036754341e-05
    4.500000   1.92703964 -4.5676656446340605e-05
    4.500000   1.99181073 -4.7473979262955675e-05
    4.500000   2.05658157 -4.9649510514736366e-05
    4.500000   2.12135212 -5.2228799304123440e-05
    4.500000   2.18612229 -5.5232205075687920e-05
    4.500000   2.25089198 -5.8670656679264953e-05
    4.500000   2.31566107 -6.2540891720602572e-05
    4.500000   2.38042940 -6.6820550694124769e-05
    4.500000   2.44519674 -7.1463697636061865e-05
    4.500000   2.50996278 -7.6397501973860679e-05
    4.500000   2.57472706 -8.1520880928623050e-05
    4.500000   2.63948889 -8.6705803929180094e-05
    4.500000   2.70424717 -9.1801662788183316e-05
    4.500000   2.76900006 -9.6642634925891147e-05
    4.500000   2.83374417 -1.0105740957117593e-04
    4.500000   2.89847256 -1.0488016972654582e-04
    4.500000   2.96316844 -1.0796149587839843e-04
    4.500000   3.02777863 -1.1017799061416406e-04
    4.500000   3.09200950 -1.1144013672554566e-04
    4.550000   0.04958315 -1.0568167701320661e-04
    4.550000   0.11381403 -1.0444367187964161e-04
    4.550000   0.17842421 -1.0227337862728618e-04
    4.550000   0.24312010 -9.9264112364770744e-05
    4.550000   0.30784849 -9.5542934560695813e-05
    4.550000   0.37259260 -9.1261513920751054e-05
    4.550000   0.43734549 -8.6585578644650423e-05
    4.550000   0.50210377 -8.1683662227968328e-05
    4.550000   0.56686560 -7.6716358030065490e-05
    4.550000   0.63162987 -7.1827271352281291e-05
    4.550000   0.69639591 -6.7136551082524112e-05
    4.550000   0.76116325 -6.2737408746896579e-05
    4.550000   0.82593158 -5.8695535275701049e-05
    4.550000   0.89070068 -5.5050930449676545e-05
    4.550000   0.95547037 -5.1821435427652482e-05
    4.550000   1.02024053 -4.9007210304504829e-05
    4.550000   1.08501108 -4.6595486272109280e-05
    4.550000   1.14978193 -4.4565086703395173e-05
    4.550000   1.21455301 -4.2890397753093399e-05
    4.550000   1.27932429 -4.1544637019958607e-05
    4.550000   1.34409571 -4.0502397250078921e-05
    4.550000   1.40886724 -3.9741525262967979e-05
    4.550000   1.47363885 -3.9244438465011829e-05
    4.550000   1.53841049 -3.8998991313659938e-05
    4.550000   1.60318216 -3.8998991540536006e-05
    4.550000   1.66795381 -3.9244439141690113e-05
    4.550000   1.73272541 -3.9741526377565685e-05
    4.550000   1.79749694 -4.0502398782720434e-05
    4.550000   1.86226837 -4.1544638942780961e-05
    4.550000   1.92703964 -4.2890400030437043e-05
    4.550000   1.99181073 -4.4565089292363614e-05
    4.550000   2.05658157 -4.6595489123699195e-05
    4.550000   2.12135212 -4.9007213365466402e-05
    4.550000   2.18612229 -5.1821438643196266e-05
    4.550000   2.25089198 -5.5050933767013205e-05
    4.550000   2.31566107 -5.8695538648217738e-05
    4.550000   2.38042940 -6.2737412138542877e-05
    4.550000   2.44519674 -6.7136554471748289e-05
    4.550000   2.50996278 -7.1827274734691704e-05
    4.550000   2.57472706 -7.6716361418961872e-05
    4.550000   2.63948889 -8.1683665652047883e-05
    4.550000   2.70424717 -8.6585582142687840e-05
    4.550000   2.76900006 -9.1261517533678923e-05
    4.550000   2.83374417 -9.5542938322300936e-05
    4.550000   2.89847256 -9.9264116292809208e-05
    4.550000   2.96316844 -1.0227338271709909e-04
    4.550000   3.02777863 -1.0444367610200799e-04
    4.550000   3.09200950 -1.0568168131735569e-04
    4.600000   0.04958315 -9.9773725038810181e-05
    4.600000   0.11381403 -9.8577026848001295e-05
    4.600000   0.17842421 -9.6481840628714601e-05
    4.600000   0.24312010 -9.3582266419774235e-05
    4.600000   0.30784849 -9.0005387326354803e-05
    4.600000   0.37259260 -8.5901421638518645e-05
    4.600000   0.43734549 -8.1432742847947572e-05
    4.600000   0.50210377 -7.6762605304420636e-05
    4.600000   0.56686560 -7.2044776918193628e-05
    4.600000   0.63162987 -6.7415143193563294e-05
    4.600000   0.69639591 -6.2985990460099700e-05
    4.600000   0.76116325 -5.8843213199416901e-05
    4.600000   0.82593158 -5.5046244285999708e-05
    4.600000   0.89070068 -5.1630176021195821e-05
    4.600000   0.95547037 -4.8609370805251442e-05
    4.600000   1.02024053 -4.5981847358300279e-05
    4.600000   1.08501108 -4.3733830317508206e-05
    4.600000   1.14978193 -4.1844013754145095e-05
    4.600000   1.21455301 -4.0287264020489433e-05
    4.600000   1.27932429 -3.9037640691538769e-05
    4.600000   1.34409571 -3.8070729207456767e-05
    4.600000   1.40886724 -3.7365351550643670e-05
    4.600000   1.47363885 -3.6904756675172950e-05
    4.600000   1.53841049 -3.6677398917024062e-05
    4.600000   1.60318216 -3.6677399128844119e-05
    4.600000   1.66795381 -3.6904757307318022e-05
    4.600000   1.73272541 -3.7365352593127301e-05
    4.600000   1.79749694 -3.8070730643540719e-05
    4.600000   1.86226837 -3.9037642497671757e-05
    4.600000   1.92703964 -4.0287266166396509e-05
    4.600000   1.99181073 -4.1844016203214973e-05
    4.600000   2.05658157 -4.3733833027645565e-05
    4.600000   2.12135212 -4.5981850283408907e-05
    4.600000   2.18612229 -4.8609373897430325e-05
    4.600000   2.25089198 -5.1630179233672824e-05
    4.600000   2.31566107 -5.5046247576619092e-05
    4.600000   2.38042940 -5.8843216534357684e-05
    4.600000   2.44519674 -6.2985993817265293e-05
    4.600000   2.50996278 -6.7415146564953957e-05
    4.600000   2.57472706 -7.2044780310529790e-05
    4.600000   2.63948889 -7.6762608737442325e-05
    4.600000   2.70424717 -8.1432746350189607e-05
    4.600000   2.76900006 -8.5901425240895044e-05
    4.600000   2.83374417 -9.0005391054537916e-05
    4.600000   2.89847256 -9.3582270286860465e-05
    4.600000   2.96316844 -9.6481844629886404e-05
    4.600000   3.02777863 -9.8577030958650955e-05
    4.600000   3.09200950 -9.9773729216888867e-05
    4.650000   0.04958315 -9.3855740927910797e-05
    4.650000   0.11381403 -9.2711970253539174e-05
    4.650000   0.17842421 -9.0711365985541426e-05
    4.650000   0.24312010 -8.7946638250436675e-05
    4.650000   0.30784849 -8.4542276565226305e-05
    4.650000   0.37259260 -8.0644415040906763e-05
    4.650000   0.43734549 -7.6409779799011110e-05
    4.650000   0.50210377 -7.1994632819645564e-05
    4.650000   0.56686560 -6.7544879452986214e-05
    4.650000   0.63162987 -6.3188295961248949e-05
    4.650000   0.69639591 -5.9029449871400203e-05
    4.650000   0.76116325 -5.5147440191662085e-05
    4.650000   0.82593158 -5.1596183264350647e-05
    4.650000   0.89070068 -4.8406690547212189e-05
    4.650000   0.95547037 -4.5590657581888724e-05
    4.650000   1.02024053 -4.3144695372311909e-05
    4.650000   1.08501108 -4.1054645094201415e-05
    4.650000   1.14978193 -3.9299574955890343e-05
    4.650000   1.21455301 -3.7855221317654432e-05
    4.650000   1.27932429 -3.6696776195379295e-05
    4.650000   1.34409571 -3.5801026289891906e-05
    4.650000   1.40886724 -3.5147912641741369e-05
    4.650000   1.47363885 -3.4721609962687376e-05
    4.650000   1.53841049 -3.4511228675914361e-05
    4.650000   1.60318216 -3.4511228872612731e-05
    4.650000   1.66795381 -3.4721610550016064e-05
    4.650000   1.73272541 -3.5147913611359323e-05
    4.650000   1.79749694 -3.5801027627782459e-05
    4.650000   1.86226837 -3.6696777881743776e-05
    4.650000   1.92703964 -3.7855223326923553e-05
    4.650000   1.99181073 -3.9299577256970378e-05
    4.650000   2.05658157 -4.1054647651102328e-05
    4.650000   2.12135212 -4.3144698145317557e-05
    4.650000   2.18612229 -4.5590660529334824e-05
    4.650000   2.25089198 -4.8406693627894857e-05
    4.650000   2.31566107 -5.1596186440442720e-05
    4.650000   2.38042940 -5.5147443431852231e-05
    4.650000   2.44519674 -5.9029453153798360e-05
    4.650000   2.50996278 -6.3188299275486533e-05
    4.650000   2.57472706 -6.7544882800886879e-05
    4.650000   2.63948889 -7.1994636213984723e-05
    4.650000   2.70424717 -7.6409783260162248e-05
    4.650000   2.76900006 -8.0644418591659702e-05
    4.650000   2.83374417 -8.4542280224553012e-05
    4.650000   2.89847256 -8.7946642027448662e-05
    4.650000   2.96316844 -9.0711369875041137e-05
    4.650000   3.02777863 -9.2711974234393368e-05
    4.650000   3.09200950 -9.3855744964875746e-05
    4.700000   0.04958315 -8.8030440217675229e-05
    4.700000   0.11381403 -8.6946967419219254e-05
    4.700000   0.17842421 -8.5053194497717696e-05
    4.700000   0.24312010 -8.2438913112550143e-05
    4.700000   0.30784849 -7.9224196101753880e-05
    4.700000   0.37259260 -7.5549281529515633e-05
    4.700000   0.43734549 -7.1563705683775920e-05
    4.700000   0.50210377 -6.7415632173527777e-05
    4.700000   0.56686560 -6.3242495994366349e-05
    4.700000   0.63162987 -5.9163824367050028e-05
    4.700000   0.69639591 -5.5276702047108074e-05
    4.700000   0.76116325 -5.1653924445020793e-05
    4.700000   0.82593158 -4.8344520029835366e-05
    4.700000   0.89070068 -4.5376085423583640e-05
    4.700000   0.95547037 -4.2758281196872691e-05
    4.700000   1.02024053 -4.0486865200830886e-05
    4.700000   1.08501108 -3.8547752923391300e-05
    4.700000   1.14978193 -3.6920745488922938e-05
    4.700000   1.21455301 -3.5582717673049656e-05
    4.700000   1.27932429 -3.4510186097921578e-05
    4.700000   1.34409571 -3.3681270423182624e-05
    4.700000   1.40886724 -3.3077116905381373e-05
    4.700000   1.47363885 -3.2682879291445505e-05
    4.700000   1.53841049 -3.2488354195593114e-05
    4.700000   1.60318216 -3.2488354377335065e-05
    4.700000   1.66795381 -3.2682879834380871e-05
    4.700000   1.73272541 -3.3077117802591543e-05
    4.700000   1.79749694 -3.3681271663005058e-05
    4.700000   1.86226837 -3.4510187663818350e-05
    4.700000   1.92703964 -3.5582719543548353e-05
    4.700000   1.99181073 -3.6920747637758579e-05
    4.700000   2.05658157 -3.8547755319955536e-05
    4.700000   2.12135212 -4.0486867811077398e-05
    4.700000   2.18612229 -4.2758283984747156e-05
    4.700000   2.25089198 -4.5376088353001111e-05
    4.700000   2.31566107 -4.8344523067100629e-05
    4.700000   2.38042940 -5.1653927561473032e-05
    4.700000   2.44519674 -5.5276705221609812e-05
    4.700000   2.50996278 -5.9163827587825041e-05
    4.700000   2.57472706 -6.3242499259685055e-05
    4.700000   2.63948889 -6.7415635490814747e-05
    4.700000   2.70424717 -7.1563709066959803e-05
    4.700000   2.76900006 -7.5549284994847008e-05
    4.700000   2.83374417 -7.9224199662716278e-05
    4.700000   2.89847256 -8.2438916774887327e-05
    4.700000   2.96316844 -8.5053198255736250e-05
    4.700000   3.02777863 -8.6946971254390584e-05
    4.700000   3.09200950 -8.8030444100055472e-05
    4.750000   0.04958315 -8.2371651861044365e-05
    4.750000   0.11381403 -8.1352620870563528e-05
    4.750000   0.17842421 -7.9572446691531586e-05
    4.750000   0.24312010 -7.7116969202778823e-05
    4.750000   0.30784849 -7.4100628285307324e-05
    4.750000   0.37259260 -7.0656583313168691e-05
    4.750000   0.43734549 -6.6926211910397557e-05
    4.750000   0.50210377 -6.3048936511265073e-05
    4.750000   0.56686560 -5.9153439851438720e-05
    4.750000   0.63162987 -5.5351047599533275e-05
    4.750000   0.69639591 -5.1731663773257560e-05
    4.750000   0.76116325 -4.8362244241483621e-05
    4.750000   0.82593158 -4.5287466724068825e-05
    4.750000   0.89070068 -4.2532051231079754e-05
    4.750000   0.95547037 -4.0104113208095162e-05
    4.750000   1.02024053 -3.7998971311280394e-05
    4.750000   1.08501108 -3.6202943831089276e-05
    4.750000   1.14978193 -3.4696810853049975e-05
    4.750000   1.21455301 -3.3458759680006432e-05
    4.750000   1.27932429 -3.2466747604585474e-05
    4.750000   1.34409571 -3.1700299623002547e-05
    4.750000   1.40886724 -3.1141808942680222e-05
    4.750000   1.47363885 -3.0777430213384191e-05
    4.750000   1.53841049 -3.0597656354652126e-05
    4.750000   1.60318216 -3.0597656521784066e-05
    4.750000   1.66795381 -3.0777430712898717e-05
    4.750000   1.73272541 -3.1141809768882698e-05
    4.750000   1.79749694 -3.1700300766264323e-05
    4.750000   1.86226837 -3.2466749051189656e-05
    4.750000   1.92703964 -3.3458761412042320e-05
    4.750000   1.99181073 -3.4696812848462762e-05
    4.750000   2.05658157 -3.6202946063999259e-05
    4.750000   2.12135212 -3.7998973752659422e-05
    4.750000   2.18612229 -4.0104115826917448e-05
    4.750000   2.25089198 -4.2532053995924795e-05
    4.750000   2.31566107 -4.5287469605136680e-05
    4.750000   2.38042940 -4.8362247212808630e-05
    4.750000   2.44519674 -5.1731666814825541e-05
    4.750000   2.50996278 -5.5351050698895324e-05
    4.750000   2.57472706 -5.9153443004372255e-05
    4.750000   2.63948889 -6.3048939721149254e-05
    4.750000   2.70424717 -6.6926215186124293e-05
    4.750000   2.76900006 -7.0656586665770430e-05
    4.750000   2.83374417 -7.4100631723809913e-05
    4.750000   2.89847256 -7.7116972730113578e-05
    4.750000   2.96316844 -7.9572450301474741e-05
    4.750000   3.02777863 -8.1352624546536452e-05
    4.750000   3.09200950 -8.2371655577226987e-05
    4.800000   0.04958315 -7.6930631869965703e-05
    4.800000   0.11381403 -7.5977766757095609e-05
    4.800000   0.17842421 -7.4313850596699295e-05
    4.800000   0.24312010 -7.2020114768645073e-05
    4.800000   0.30784849 -6.9204610991605817e-05
    4.800000   0.37259260 -6.5992714772680958e-05
    4.800000   0.43734549 -6.2517110527730995e-05
    4.800000   0.50210377 -5.8908185968355331e-05
    4.800000   0.56686560 -5.5285833477512529e-05
    4.800000   0.63162987 -5.1753362245893537e-05
    4.800000   0.69639591 -4.8393842442812764e-05
    4.800000   0.76116325 -4.5268827857642065e-05
    4.800000   0.82593158 -4.2419107813602821e-05
    4.800000   0.89070068 -3.9866962170051628e-05
    4.800000   0.95547037 -3.7619339252808104e-05
    4.800000   1.02024053 -3.5671422570090611e-05
    4.800000   1.08501108 -3.4010161218647029e-05
    4.800000   1.14978193 -3.2617473109967675e-05
    4.800000   1.21455301 -3.1472959615535458e-05
    4.800000   1.27932429 -3.0556076469850326e-05
    4.800000   1.34409571 -2.9847781151836751e-05
    4.800000   1.40886724 -2.9331721827419527e-05
    4.800000   1.47363885 -2.8995052159842640e-05
    4.800000   1.53841049 -2.8828956414368505e-05
    4.800000   1.60318216 -2.8828956567371834e-05
    4.800000   1.66795381 -2.8995052617320646e-05
    4.800000   1.73272541 -2.9331722584733033e-05
    4.800000   1.79749694 -2.9847782201107997e-05
    4.800000   1.86226837 -3.0556077799794124e-05
    4.800000   1.92703964 -3.1472961211326699e-05
    4.800000   1.99181073 -3.2617474953218556e-05
    4.800000   2.05658157 -3.4010163287610126e-05
    4.800000   2.12135212 -3.5671424840168996e-05
    4.800000   2.18612229 -3.7619341697455920e-05
    4.800000   2.25089198 -3.9866964762079328e-05
    4.800000   2.31566107 -4.2419110526837481e-05
    4.800000   2.38042940 -4.5268830668776379e-05
    4.800000   2.44519674 -4.8393845333207387e-05
    4.800000   2.50996278 -5.1753365202970435e-05
    4.800000   2.57472706 -5.5285836495388144e-05
    4.800000   2.63948889 -5.8908189047408959e-05
    4.800000   2.70424717 -6.2517113672967359e-05
    4.800000   2.76900006 -6.5992717991009706e-05
    4.800000   2.83374417 -6.9204614288464412e-05
    4.800000   2.89847256 -7.2020118144652134e-05
    4.800000   2.96316844 -7.4313854045119284e-05
    4.800000   3.02777863 -7.5977770262819572e-05
    4.800000   3.09200950 -7.6930635410392309e-05
    4.850000   0.04958315 -7.1741120966386393e-05
    4.850000   0.11381403 -7.0854358931244857e-05
    4.850000   0.17842421 -6.9306330314376508e-05
    4.850000   0.24312010 -6.7173284924113398e-05
    4.850000   0.30784849 -6.4556477895615140e-05
    4.850000   0.37259260 -6.1573153993455901e-05
    4.850000   0.43734549 -5.8347094569003286e-05
    4.850000   0.50210377 -5.4999618528633266e-05
    4.850000   0.56686560 -5.1641968794109858e-05
    4.850000   0.63162987 -4.8369721361530504e-05
    4.850000   0.69639591 -4.5259487451843946e-05
    4.850000   0.76116325 -4.2367830511889447e-05
    4.850000   0.82593158 -3.9732052270493264e-05
    4.850000   0.89070068 -3.7372347754892950e-05
    4.850000   0.95547037 -3.5294788328227056e-05
    4.850000   1.02024053 -3.3494640917212553e-05
    4.850000   1.08501108 -3.1959635895221980e-05
    4.850000   1.14978193 -3.0672921075753395e-05
    4.850000   1.21455301 -2.9615558221908737e-05
    4.850000   1.27932429 -2.8768515221969793e-05
    4.850000   1.34409571 -2.8114175217839060e-05
    4.850000   1.40886724 -2.7637424169585008e-05
    4.850000   1.47363885 -2.7326395229904169e-05
    4.850000   1.53841049 -2.7172947909326072e-05
    4.850000   1.60318216 -2.7172948048782122e-05
    4.850000   1.66795381 -2.7326395647041807e-05
    4.850000   1.73272541 -2.7637424860665874e-05
    4.850000   1.79749694 -2.8114176176485898e-05
    4.850000   1.86226837 -2.8768516438993898e-05
    4.850000   1.92703964 -2.9615559685146966e-05
    4.850000   1.99181073 -3.0672922769998529e-05
    4.850000   2.05658157 -3.1959637802334103e-05
    4.850000   2.12135212 -3.3494643016485091e-05
    4.850000   2.18612229 -3.5294790597094333e-05
    4.850000   2.25089198 -3.7372350169975794e-05
    4.850000   2.31566107 -3.9732054808965280e-05
    4.850000   2.38042940 -4.2367833153014077e-05
    4.850000   2.44519674 -4.5259490178498067e-05
    4.850000   2.50996278 -4.8369724161409871e-05
    4.850000   2.57472706 -5.1641971660311282e-05
    4.850000   2.63948889 -5.4999621459372054e-05
    4.850000   2.70424717 -5.8347097566325003e-05
    4.850000   2.76900006 -6.1573157061052127e-05
    4.850000   2.83374417 -6.4556481036074346e-05
    4.850000   2.89847256 -6.7173288136176907e-05
    4.850000   2.96316844 -6.9306333590851615e-05
    4.850000   3.02777863 -7.0854362258147534e-05
    4.850000   3.09200950 -7.1741124323641500e-05
    4.900000   0.04958315 -6.6823384890981561e-05
    4.900000   0.11381403 -6.6001370777995404e-05
    4.900000   0.17842421 -6.4566671977156676e-05
    4.900000   0.24312010 -6.2590394711576611e-05
    4.900000   0.30784849 -6.0166846571926357e-05
    4.900000   0.37259260 -5.7405059772979118e-05
    4.900000   0.43734549 -5.4419941578956760e-05
    4.900000   0.50210377 -5.1323897039258178e-05
    4.900000   0.56686560 -4.8219788563810591e-05
    4.900000   0.63162987 -4.5195809472601440e-05
    4.900000   0.69639591 -4.2322501687305867e-05
    4.900000   0.76116325 -3.9651825028335760e-05
    4.900000   0.82593158 -3.7217943354156035e-05
    4.900000   0.89070068 -3.5039257379437669e-05
    4.900000   0.95547037 -3.3121182849151622e-05
    4.900000   1.02024053 -3.1459222595329557e-05
    4.900000   1.08501108 -3.0041979447214220e-05
    4.900000   1.14978193 -2.8853872624128978e-05
    4.900000   1.21455301 -2.7877429190794132e-05
    4.900000   1.27932429 -2.7095110168925602e-05
    4.900000   1.34409571 -2.6490692544488684e-05
    4.900000   1.40886724 -2.6050264544729380e-05
    4.900000   1.47363885 -2.5762906525737816e-05
    4.900000   1.53841049 -2.5621129131867750e-05
    4.900000   1.60318216 -2.5621129258427689e-05
    4.900000   1.66795381 -2.5762906904445335e-05
    4.900000   1.73272541 -2.6050265172615162e-05
    4.900000   1.79749694 -2.6490693416461470e-05
    4.900000   1.86226837 -2.7095111277589293e-05
    4.900000   1.92703964 -2.7877430526279904e-05
    4.900000   1.99181073 -2.8853874173977200e-05
    4.900000   2.05658157 -3.0041981196420025e-05
    4.900000   2.12135212 -3.1459224526597210e-05
    4.900000   2.18612229 -3.3121184943431992e-05
    4.900000   2.25089198 -3.5039259616767518e-05
    4.900000   2.31566107 -3.7217945714766819e-05
    4.900000   2.38042940 -3.9651827493939212e-05
    4.900000   2.44519674 -4.2322504242362355e-05
    4.900000   2.50996278 -4.5195812105358943e-05
    4.900000   2.57472706 -4.8219791266840123e-05
    4.900000   2.63948889 -5.1323899809267552e-05
    4.900000   2.70424717 -5.4419944415786503e-05
    4.900000   2.76900006 -5.7405062677842141e-05
    4.900000   2.83374417 -6.0166849545178264e-05
    4.900000   2.89847256 -6.2590397750467445e-05
    4.900000   2.96316844 -6.4566675074117488e-05
    4.900000   3.02777863 -6.6001373919922498e-05
    4.900000   3.09200950 -6.6823388059800094e-05
    4.950000   0.04958315 -6.2187431776298153e-05
    4.950000   0.11381403 -6.1427902306612788e-05
    4.950000   0.17842421 -6.0102442924153946e-05
    4.950000   0.24312010 -5.8277008841170564e-05
    4.950000   0.30784849 -5.6038997069943348e-05
    4.950000   0.37259260 -5.3489337906668130e-05
    4.950000   0.43734549 -5.0734265403995675e-05
    4.950000   0.50210377 -4.7877559779344496e-05
    4.950000   0.56686560 -4.5014060187647597e-05
    4.950000   0.63162987 -4.2224970862996335e-05
    4.950000   0.69639591 -3.9575158529590727e-05
    4.950000   0.76116325 -3.7112341736153013e-05
    4.950000   0.82593158 -3.4867853453215438e-05
    4.950000   0.89070068 -3.2858538762336240e-05
    4.950000   0.95547037 -3.1089325403169972e-05
    4.950000   1.02024053 -2.9556053888304754e-05
    4.950000   1.08501108 -2.8248245841377242e-05
    4.950000   1.14978193 -2.7151595664698472e-05
    4.950000   1.21455301 -2.6250070156163374e-05
    4.950000   1.27932429 -2.5527580688170340e-05
    4.950000   1.34409571 -2.4969248371088698e-05
    4.950000   1.40886724 -2.4562315198418648e-05
    4.950000   1.47363885 -2.4296767536145239e-05
    4.950000   1.53841049 -2.4165737515168772e-05
    4.950000   1.60318216 -2.4165737629532582e-05
    4.950000   1.66795381 -2.4296767878478562e-05
    4.950000   1.73272541 -2.4562315766406064e-05
    4.950000   1.79749694 -2.4969249160733154e-05
    4.950000   1.86226837 -2.5527581693613899e-05
    4.950000   1.92703964 -2.6250071369498271e-05
    4.950000   1.99181073 -2.7151597075837280e-05
    4.950000   2.05658157 -2.8248247438030553e-05
    4.950000   2.12135212 -2.9556055656150790e-05
    4.950000   2.18612229 -3.1089327326256974e-05
    4.950000   2.25089198 -3.2858540823743485e-05
    4.950000   2.31566107 -3.4867855635955626e-05
    4.950000   2.38042940 -3.7112344024227732e-05
    4.950000   2.44519674 -3.9575160909057102e-05
    4.950000   2.50996278 -4.2224973322847383e-05
    4.950000   2.57472706 -4.5014062720294988e-05
    4.950000   2.63948889 -4.7877562380503896e-05
    4.950000   2.70424717 -5.0734268071905059e-05
    4.950000   2.76900006 -5.3489340640670228e-05
    4.950000   2.83374417 -5.6038999868671814e-05
    4.950000   2.89847256 -5.8277011700719391e-05
    4.950000   2.96316844 -6.0102445836669234e-05
    4.950000   3.02777863 -6.1427905259705799e-05
    4.950000   3.09200950 -6.2187434753503901e-05
    5.000000   0.04958315 -5.7835564841324684e-05
    5.000000   0.11381403 -5.7135645205151751e-05
    5.000000   0.17842421 -5.5914307365890966e-05
    5.000000   0.24312010 -5.4232458954011146e-05
    5.000000   0.30784849 -5.2170757428520800e-05
    5.000000   0.37259260 -4.9822277948190273e-05
    5.000000   0.43734549 -4.7284902237586363e-05
    5.000000   0.50210377 -4.4654166182719600e-05
    5.000000   0.56686560 -4.2017300456926213e-05
    5.000000   0.63162987 -3.9448938206610565e-05
    5.000000   0.69639591 -3.7008661652931163e-05
    5.000000   0.76116325 -3.4740286750959596e-05
    5.000000   0.82593158 -3.2672586499478081e-05
    5.000000   0.89070068 -3.0821047466611887e-05
    5.000000   0.95547037 -2.9190235196266593e-05
    5.000000   1.02024053 -2.7776391083502239e-05
    5.000000   1.08501108 -2.6569968447139295e-05
    5.000000   1.14978193 -2.5557913051778731e-05
    5.000000   1.21455301 -2.4725583997096051e-05
    5.000000   1.27932429 -2.4058283522926496e-05
    5.000000   1.34409571 -2.3542414827589687e-05
    5.000000   1.40886724 -2.3166316431508761e-05
    5.000000   1.47363885 -2.2920833637077433e-05
    5.000000   1.53841049 -2.2799686821482489e-05
    5.000000   1.60318216 -2.2799686924371927e-05
    5.000000   1.66795381 -2.2920833945174914e-05
    5.000000   1.73272541 -2.3166316943053130e-05
    5.000000   1.79749694 -2.3542415539512900e-05
    5.000000   1.86226837 -2.4058284430674142e-05
    5.000000   1.92703964 -2.4725585094441502e-05
    5.000000   1.99181073 -2.5557914330667236e-05
    5.000000   2.05658157 -2.6569969897627743e-05
    5.000000   2.12135212 -2.7776392693853641e-05
    5.000000   2.18612229 -2.9190236953245758e-05
    5.000000   2.25089198 -3.0821049355996017e-05
    5.000000   2.31566107 -3.2672588506788422e-05
    5.000000   2.38042940 -3.4740288862323292e-05
    5.000000   2.44519674 -3.7008663855966816e-05
    5.000000   2.50996278 -3.9448940491177808e-05
    5.000000   2.57472706 -4.2017302815546253e-05
    5.000000   2.63948889 -4.4654168610518962e-05
    5.000000   2.70424717 -4.7284904731677031e-05
    5.000000   2.76900006 -4.9822280506535072e-05
    5.000000   2.83374417 -5.2170760048460153e-05
    5.000000   2.89847256 -5.4232461630771307e-05
    5.000000   2.96316844 -5.5914310091429998e-05
    5.000000   3.02777863 -5.7135647967686459e-05
    5.000000   3.09200950 -5.7835567625706561e-05
    5.050000   0.04958315 -5.3764399137902717e-05
    5.050000   0.11381403 -5.3120830111428055e-05
    5.050000   0.17842421 -5.1997855192329953e-05
    5.050000   0.24312010 -5.0451515030000881e-05
    5.050000   0.30784849 -4.8555991123195537e-05
    5.050000   0.37259260 -4.6396843070839073e-05
    5.050000   0.43734549 -4.4064001208059616e-05
    5.050000   0.50210377 -4.1645196295917690e-05
    5.050000   0.56686560 -3.9220499185016098e-05
    5.050000   0.63162987 -3.6858400099136085e-05
    5.050000   0.69639591 -3.4613578170912583e-05
    5.050000   0.76116325 -3.2526262508744316e-05
    5.050000   0.82593158 -3.0622906370294979e-05
    5.050000   0.89070068 -2.8917801530773988e-05
    5.050000   0.95547037 -2.7415244762259269e-05
    5.050000   1.02024053 -2.6111912526206902e-05
    5.050000   1.08501108 -2.4999178257972709e-05
    5.050000   1.14978193 -2.4065195609803506e-05
    5.050000   1.21455301 -2.3296653435319988e-05
    5.050000   1.27932429 -2.2680174179640278e-05
    5.050000   1.34409571 -2.2203373135411824e-05
    5.050000   1.40886724 -2.1855622674450880e-05
    5.050000   1.47363885 -2.1628576439563211e-05
    5.050000   1.53841049 -2.1516507732371089e-05
    5.050000   1.60318216 -2.1516507824523107e-05
    5.050000   1.66795381 -2.1628576715601514e-05
    5.050000   1.73272541 -2.1855623133082711e-05
    5.050000   1.79749694 -2.2203373774352829e-05
    5.050000   1.86226837 -2.2680174995443984e-05
    5.050000   1.92703964 -2.3296654423189123e-05
    5.050000   1.99181073 -2.4065196763421099e-05
    5.050000   2.05658157 -2.4999179569413347e-05
    5.050000   2.12135212 -2.6111913985973451e-05
    5.050000   2.18612229 -2.7415246359486154e-05
    5.050000   2.25089198 -2.8917803253623455e-05
    5.050000   2.31566107 -3.0622908206535028e-05
    5.050000   2.38042940 -3.2526264446454711e-05
    5.050000   2.44519674 -3.4613580199211330e-05
    5.050000   2.50996278 -3.6858402208813799e-05
    5.050000   2.57472706 -3.9220501368898906e-05
    5.050000   2.63948889 -4.1645198548845393e-05
    5.050000   2.70424717 -4.4064003526398497e-05
    5.050000   2.76900006 -4.6396845451569316e-05
    5.050000   2.83374417 -4.8555993562716121e-05
    5.050000   2.89847256 -5.0451517522913997e-05
    5.050000   2.96316844 -5.1997857730504356e-05
    5.050000   3.02777863 -5.3120832683615344e-05
    5.050000   3.09200950 -5.3764401730060807e-05
    5.100000   0.04958315 -4.9966446971762136e-05
    5.100000   0.11381403 -4.9375757117018210e-05
    5.100000   0.17842421 -4.8345038813793961e-05
    5.100000   0.24312010 -4.6925697733467929e-05
    5.100000   0.30784849 -4.5185763842259214e-05
    5.100000   0.37259260 -4.3203680414631179e-05
    5.100000   0.43734549 -4.1061876884564261e-05
    5.100000   0.50210377 -3.8840751832211160e-05
    5.100000   0.56686560 -3.6613680900073551e-05
    5.100000   0.63162987 -3.4443439020184507e-05
    5.100000   0.69639591 -3.2380170107848697e-05
    5.100000   0.76116325 -3.0460810060700392e-05
    5.100000   0.82593158 -2.8709706309518382e-05
    5.100000   0.89070068 -2.7140092641187427e-05
    5.100000   0.95547037 -2.5756065514251764e-05
    5.100000   1.02024053 -2.4554749115515387e-05
    5.100000   1.08501108 -2.3528407939849475e-05
    5.100000   1.14978193 -2.2666346589363356e-05
    5.100000   1.21455301 -2.1956511251524857e-05
    5.100000   1.27932429 -2.1386767017294454e-05
    5.100000   1.34409571 -2.0945866695580799e-05
    5.100000   1.40886724 -2.0624150947151820e-05
    5.100000   1.47363885 -2.0414029453215591e-05
    5.100000   1.53841049 -2.0310292199279293e-05
    5.100000   1.60318216 -2.0310292281426564e-05
    5.100000   1.66795381 -2.0414029699370081e-05
    5.100000   1.73272541 -2.0624151356413776e-05
    5.100000   1.79749694 -2.0945867266324921e-05
    5.100000   1.86226837 -2.1386767747007402e-05
    5.100000   1.92703964 -2.1956512136620219e-05
    5.100000   1.99181073 -2.2666347625005129e-05
    5.100000   2.05658157 -2.3528409119841025e-05
    5.100000   2.12135212 -2.4554750432288314e-05
    5.100000   2.18612229 -2.5756066959004858e-05
    5.100000   2.25089198 -2.7140094204177277e-05
    5.100000   2.31566107 -2.8709707980517655e-05
    5.100000   2.38042940 -3.0460811829561824e-05
    5.100000   2.44519674 -3.2380171965112612e-05
    5.100000   2.50996278 -3.4443440957594463e-05
    5.100000   2.57472706 -3.6613682910893264e-05
    5.100000   2.63948889 -3.8840753911224913e-05
    5.100000   2.70424717 -4.1061879027686366e-05
    5.100000   2.76900006 -4.3203682618178691e-05
    5.100000   2.83374417 -4.5185766101977194e-05
    5.100000   2.89847256 -4.6925700043541997e-05
    5.100000   2.96316844 -4.8345041166094492e-05
    5.100000   3.02777863 -4.9375759500793746e-05
    5.100000   3.09200950 -4.9966449373923241e-05
    5.150000   0.04958315 -4.6431356946255298e-05
    5.150000   0.11381403 -4.5889991548281477e-05
    5.150000   0.17842421 -4.4945295141442946e-05
    5.150000   0.24312010 -4.3644302271880734e-05
    5.150000   0.30784849 -4.2049252576012300e-05
    5.150000   0.37259260 -4.0231906802946536e-05
    5.150000   0.43734549 -3.8267670471681726e-05
    5.150000   0.50210377 -3.6230097864059782e-05
    5.150000   0.56686560 -3.4186336576805639e-05
    5.150000   0.63162987 -3.2193865464975749e-05
    5.150000   0.69639591 -3.0298644583078425e-05
    5.150000   0.76116325 -2.8534589036290489e-05
    5.150000   0.82593158 -2.6924131602646642e-05
    5.150000   0.89070068 -2.5479563125163929e-05
    5.150000   0.95547037 -2.4204829073980252e-05
    5.150000   1.02024053 -2.3097498344522721e-05
    5.150000   1.08501108 -2.2150685393393024e-05
    5.150000   1.14978193 -2.1354780159486868e-05
    5.150000   1.21455301 -2.0698907911861873e-05
    5.150000   1.27932429 -2.0172095217126199e-05
    5.150000   1.34409571 -1.9764155817981967e-05
    5.150000   1.40886724 -1.9466332158723916e-05
    5.150000   1.47363885 -1.9271737332354188e-05
    5.150000   1.53841049 -1.9175641731453999e-05
    5.150000   1.60318216 -1.9175641804319395e-05
    5.150000   1.66795381 -1.9271737550770745e-05
    5.150000   1.73272541 -1.9466332522118056e-05
    5.150000   1.79749694 -1.9764156325279320e-05
    5.150000   1.86226837 -2.0172095866598893e-05
    5.150000   1.92703964 -2.0698908700942909e-05
    5.150000   1.99181073 -2.1354781084595663e-05
    5.150000   2.05658157 -2.2150686449806638e-05
    5.150000   2.12135212 -2.3097499526333088e-05
    5.150000   2.18612229 -2.4204830374170575e-05
    5.150000   2.25089198 -2.5479564535821998e-05
    5.150000   2.31566107 -2.6924133115322942e-05
    5.150000   2.38042940 -2.8534590642443894e-05
    5.150000   2.44519674 -3.0298646274569115e-05
    5.150000   2.50996278 -3.2193867234496863e-05
    5.150000   2.57472706 -3.4186338418146473e-05
    5.150000   2.63948889 -3.6230099772114714e-05
    5.150000   2.70424717 -3.8267672442146262e-05
    5.150000   2.76900006 -4.0231908831725312e-05
    5.150000   2.83374417 -4.2049254658430150e-05
    5.150000   2.89847256 -4.3644304401881676e-05
    5.150000   2.96316844 -4.4945297310980899e-05
    5.150000   3.02777863 -4.5889993747082562e-05
    5.150000   3.09200950 -4.6431359162072428e-05
    5.200000   0.04958315 -4.3146875527762055e-05
    5.200000   0.11381403 -4.2651291585655247e-05
    5.200000   0.17842421 -4.1786415291529135e-05
    5.200000   0.24312010 -4.0595191085542267e-05
    5.200000   0.30784849 -3.9134448208559150e-05
    5.200000   0.37259260 -3.7469714467963148e-05
    5.200000   0.43734549 -3.5669857760126789e-05
    5.200000   0.50210377 -3.3802076949842764e-05
    5.200000   0.56686560 -3.1927751459338251e-05
    5.200000   0.63162987 -3.0099469215173549e-05
    5.200000   0.69639591 -2.8359339309670490e-05
    5.200000   0.76116325 -2.6738508213782795e-05
    5.200000   0.82593158 -2.5257665439235658e-05
    5.200000   0.89070068 -2.3928256274690283e-05
    5.200000   0.95547037 -2.2754109966137005e-05
    5.200000   1.02024053 -2.1733225967047527e-05
    5.200000   1.08501108 -2.0859519749086500e-05
    5.200000   1.14978193 -2.0124395968015957e-05
    5.200000   1.21455301 -1.9518077968280559e-05
    5.200000   1.27932429 -1.9030671502104903e-05
    5.200000   1.34409571 -1.8652974604818057e-05
    5.200000   1.40886724 -1.8377065515147476e-05
    5.200000   1.47363885 -1.8196708819577394e-05
    5.200000   1.53841049 -1.8107619662437971e-05
    5.200000   1.60318216 -1.8107619726724600e-05
    5.200000   1.66795381 -1.8196709012347249e-05
    5.200000   1.73272541 -1.8377065836097872e-05
    5.200000   1.79749694 -1.8652975053331228e-05
    5.200000   1.86226837 -1.9030672077107189e-05
    5.200000   1.92703964 -1.9518078668059492e-05
    5.200000   1.99181073 -2.0124396790051285e-05
    5.200000   2.05658157 -2.0859520689906147e-05
    5.200000   2.12135212 -2.1733227022161639e-05
    5.200000   2.18612229 -2.2754111130068116e-05
    5.200000   2.25089198 -2.3928257541124195e-05
    5.200000   2.31566107 -2.5257666801284851e-05
    5.200000   2.38042940 -2.6738509664349312e-05
    5.200000   2.44519674 -2.8359340841834687e-05
    5.200000   2.50996278 -3.0099470822548240e-05
    5.200000   2.57472706 -3.1927753136286531e-05
    5.200000   2.63948889 -3.3802078691493310e-05
    5.200000   2.70424717 -3.5669859562129733e-05
    5.200000   2.76900006 -3.7469716326007777e-05
    5.200000   2.83374417 -3.9134450117738982e-05
    5.200000   2.89847256 -4.0595193039702665e-05
    5.200000   2.96316844 -4.1786417282782610e-05
    5.200000   3.02777863 -4.2651293604200809e-05
    5.200000   3.09200950 -4.3146877562115291e-05
    5.250000   0.04958315 -4.0099586947398742e-05
    5.250000   0.11381403 -3.9646321654949942e-05
    5.250000   0.17842421 -3.8855212745330304e-05
    5.250000   0.24312010 -3.7765401856414249e-05
    5.250000   0.30784849 -3.6428693155696419e-05
    5.250000   0.37259260 -3.4904833035984340e-05
    5.250000   0.43734549 -3.3256634765845953e-05
    5.250000   0.50210377 -3.1545421542521738e-05
    5.250000   0.56686560 -2.9827250157521584e-05
    5.250000   0.63162987 -2.8150204795692042e-05
    5.250000   0.69639591 -2.6552856894005699e-05
    5.250000   0.76116325 -2.5063817195067312e-05
    5.250000   0.82593158 -2.3702186002058659e-05
    5.250000   0.89070068 -2.2478646057289535e-05
    5.250000   0.95547037 -2.1396934159400574e-05
    5.250000   1.02024053 -2.0455458539701692e-05
    5.250000   1.08501108 -1.9648882091547235e-05
    5.250000   1.14978193 -1.8969551339064610e-05
    5.250000   1.21455301 -1.8408706254728986e-05
    5.250000   1.27932429 -1.7957450223849970e-05
    5.250000   1.34409571 -1.7607490314903271e-05
    5.250000   1.40886724 -1.7351676161405082e-05
    5.250000   1.47363885 -1.7184373388393955e-05
    5.250000   1.53841049 -1.7101707336787525e-05
    5.250000   1.60318216 -1.7101707393174170e-05
    5.250000   1.66795381 -1.7184373557536931e-05
    5.250000   1.73272541 -1.7351676443221777e-05
    5.250000   1.79749694 -1.7607490709157894e-05
    5.250000   1.86226837 -1.7957450730006681e-05
    5.250000   1.92703964 -1.8408706871791773e-05
    5.250000   1.99181073 -1.8969552065397822e-05
    5.250000   2.05658157 -1.9648882924736990e-05
    5.250000   2.12135212 -2.0455459476465525e-05
    5.250000   2.18612229 -2.1396935195580935e-05
    5.250000   2.25089198 -2.2478647187954101e-05
    5.250000   2.31566107 -2.3702187221695888e-05
    5.250000   2.38042940 -2.5063818497861753e-05
    5.250000   2.44519674 -2.6552858274154590e-05
    5.250000   2.50996278 -2.8150206247681873e-05
    5.250000   2.57472706 -2.9827251676314762e-05
    5.250000   2.63948889 -3.1545423123564490e-05
    5.250000   2.70424717 -3.3256636404871769e-05
    5.250000   2.76900006 -3.4904834728623214e-05
    5.250000   2.83374417 -3.6428694896960141e-05
    5.250000   2.89847256 -3.7765403640169000e-05
    5.250000   2.96316844 -3.8855214563909574e-05
    5.250000   3.02777863 -3.9646323499025215e-05
    5.250000   3.09200950 -4.0099588806192730e-05
    5.300000   0.04958315 -3.7275476592816351e-05
    5.300000   0.11381403 -3.6861195232091363e-05
    5.300000   0.17842421 -3.6138031030227438e-05
    5.300000   0.24312010 -3.5141608484189041e-05
    5.300000   0.30784849 -3.3919087710723225e-05
    5.300000   0.37259260 -3.2524877161814777e-05
    5.300000   0.43734549 -3.1016206146138133e-05
    5.300000   0.50210377 -2.9448985650774605e-05
    5.300000   0.56686560 -2.7874376202412871e-05
    5.300000   0.63162987 -2.6336324942560808e-05
    5.300000   0.69639591 -2.4870158863505783e-05
    5.300000   0.76116325 -2.3502167675202627e-05
    5.300000   0.82593158 -2.2250001268061318e-05
    5.300000   0.89070068 -2.1123651079276736e-05
    5.300000   0.95547037 -2.0126777032353036e-05
    5.300000   1.02024053 -1.9258169409437309e-05
    5.300000   1.08501108 -1.8513182704019032e-05
    5.300000   1.14978193 -1.7885032304690961e-05
    5.300000   1.21455301 -1.7365894629703490e-05
    5.300000   1.27932429 -1.6947791237692762e-05
    5.300000   1.34409571 -1.6623265392374103e-05
    5.300000   1.40886724 -1.6385876078855897e-05
    5.300000   1.47363885 -1.6230541504180402e-05
    5.300000   1.53841049 -1.6153764087537954e-05
    5.300000   1.60318216 -1.6153764136674681e-05
    5.300000   1.66795381 -1.6230541651632193e-05
    5.300000   1.73272541 -1.6385876324723585e-05
    5.300000   1.79749694 -1.6623265736727663e-05
    5.300000   1.86226837 -1.6947791680443755e-05
    5.300000   1.92703964 -1.7365895170442435e-05
    5.300000   1.99181073 -1.7885032942524297e-05
    5.300000   2.05658157 -1.8513183437418332e-05
    5.300000   2.12135212 -1.9258170236141381e-05
    5.300000   2.18612229 -2.0126777949334235e-05
    5.300000   2.25089198 -2.1123652082795774e-05
    5.300000   2.31566107 -2.2250002353803410e-05
    5.300000   2.38042940 -2.3502168838492771e-05
    5.300000   2.44519674 -2.4870160099548813e-05
    5.300000   2.50996278 -2.6336326246669213e-05
    5.300000   2.57472706 -2.7874377570146482e-05
    5.300000   2.63948889 -2.9448987077951419e-05
    5.300000   2.70424717 -3.1016207628668350e-05
    5.300000   2.76900006 -3.2524878695390378e-05
    5.300000   2.83374417 -3.3919089290389981e-05
    5.300000   2.89847256 -3.5141610103929089e-05
    5.300000   2.96316844 -3.6138032682649310e-05
    5.300000   3.02777863 -3.6861196908342535e-05
    5.300000   3.09200950 -3.7275478282787275e-05
    5.350000   0.04958315 -3.4660354363815435e-05
    5.350000   0.11381403 -3.4281882319862326e-05
    5.350000   0.17842421 -3.3621124109613309e-05
    5.350000   0.24312010 -3.2710465467797630e-05
    5.350000   0.30784849 -3.1592792325520560e-05
    5.350000   0.37259260 -3.0317603593627490e-05
    5.350000   0.43734549 -2.8936996700760857e-05
    5.350000   0.50210377 -2.7501912729293051e-05
    5.350000   0.56686560 -2.6059019971083017e-05
    5.350000   0.63162987 -2.4648473264887646e-05
    5.350000   0.69639591 -2.3302628250588801e-05
    5.350000   0.76116325 -2.2045651151910898e-05
    5.350000   0.82593158 -2.0893866732764263e-05
    5.350000   0.89070068 -1.9856636692594766e-05
    5.350000   0.95547037 -1.8937553605610293e-05
    5.350000   1.02024053 -1.8135760165657494e-05
    5.350000   1.08501108 -1.7447246216984654e-05
    5.350000   1.14978193 -1.6866024370509707e-05
    5.350000   1.21455301 -1.6385129801284717e-05
    5.350000   1.27932429 -1.5997425833875438e-05
    5.350000   1.34409571 -1.5696222235253515e-05
    5.350000   1.40886724 -1.5475728181350484e-05
    5.350000   1.47363885 -1.5331368364657241e-05
    5.350000   1.53841049 -1.5259990826199192e-05
    5.350000   1.60318216 -1.5259990868704267e-05
    5.350000   1.66795381 -1.5331368492263141e-05
    5.350000   1.73272541 -1.5475728394302627e-05
    5.350000   1.79749694 -1.5696222533872267e-05
    5.350000   1.86226837 -1.5997426218431757e-05
    5.350000   1.92703964 -1.6385130271855874e-05
    5.350000   1.99181073 -1.6866024926811558e-05
    5.350000   2.05658157 -1.7447246858231032e-05
    5.350000   2.12135212 -1.8135760890445480e-05
    5.350000   2.18612229 -1.8937554411870395e-05
    5.350000   2.25089198 -1.9856637577608806e-05
    5.350000   2.31566107 -2.0893867693259431e-05
    5.350000   2.38042940 -2.2045652184216141e-05
    5.350000   2.44519674 -2.3302629350816082e-05
    5.350000   2.50996278 -2.4648474429113191e-05
    5.350000   2.57472706 -2.6059021195452381e-05
    5.350000   2.63948889 -2.7501914010026271e-05
    5.350000   2.70424717 -2.8936998034016256e-05
    5.350000   2.76900006 -3.0317604975244059e-05
    5.350000   2.83374417 -3.1592793750670082e-05
    5.350000   2.89847256 -3.2710466930652119e-05
    5.350000   2.96316844 -3.3621125603098887e-05
    5.350000   3.02777863 -3.4281883835610357e-05
    5.350000   3.09200950 -3.4660355892351298e-05
    5.400000   0.04958315 -3.2240167403541065e-05
    5.400000   0.11381403 -3.1894510032986931e-05
    5.400000   0.17842421 -3.1290936254721971e-05
    5.400000   0.24312010 -3.0458860255382492e-05
    5.400000   0.30784849 -2.9437247806457411e-05
    5.400000   0.37259260 -2.8271096871814113e-05
    5.400000   0.43734549 -2.7007802359479988e-05
    5.400000   0.50210377 -2.5693753508495368e-05
    5.400000   0.56686560 -2.4371506210004569e-05
    5.400000   0.63162987 -2.3077745120681240e-05
    5.400000   0.69639591 -2.1842107842124325e-05
    5.400000   0.76116325 -2.0686818573764122e-05
    5.400000   0.82593158 -1.9626990228879401e-05
    5.400000   0.89070068 -1.8671408341765466e-05
    5.400000   0.95547037 -1.7823603282507610e-05
    5.400000   1.02024053 -1.7083039130175509e-05
    5.400000   1.08501108 -1.6446285717523491e-05
    5.400000   1.14978193 -1.5908083678497861e-05
    5.400000   1.21455301 -1.5462252602790626e-05
    5.400000   1.27932429 -1.5102424875670046e-05
    5.400000   1.34409571 -1.4822610698904003e-05
    5.400000   1.40886724 -1.4617613498436530e-05
    5.400000   1.47363885 -1.4483320941960345e-05
    5.400000   1.53841049 -1.4416897035574458e-05
    5.400000   1.60318216 -1.4416897072033524e-05
    5.400000   1.66795381 -1.4483321051466594e-05
    5.400000   1.73272541 -1.4617613681350033e-05
    5.400000   1.79749694 -1.4822610955744154e-05
    5.400000   1.86226837 -1.5102425207000952e-05
    5.400000   1.92703964 -1.5462253009079770e-05
    5.400000   1.99181073 -1.5908084159962484e-05
    5.400000   2.05658157 -1.6446286273989433e-05
    5.400000   2.12135212 -1.7083039760958559e-05
    5.400000   2.18612229 -1.7823603986346636e-05
    5.400000   2.25089198 -1.8671409116815774e-05
    5.400000   2.31566107 -1.9626991072767620e-05
    5.400000   2.38042940 -2.0686819483696737e-05
    5.400000   2.44519674 -2.1842108815025392e-05
    5.400000   2.50996278 -2.3077746153325764e-05
    5.400000   2.57472706 -2.4371507299100003e-05
    5.400000   2.63948889 -2.5693754650678938e-05
    5.400000   2.70424717 -2.7007803551201775e-05
    5.400000   2.76900006 -2.8271098109123196e-05
    5.400000   2.83374417 -2.9437249084723777e-05
    5.400000   2.89847256 -3.0458861569022521e-05
    5.400000   2.96316844 -3.1290937597016262e-05
    5.400000   3.02777863 -3.1894511396054616e-05
    5.400000   3.09200950 -3.2240168778519057e-05
    5.450000   0.04958315 -3.0001225876584370e-05
    5.450000   0.11381403 -2.9685579180676991e-05
    5.450000   0.17842421 -2.9134302953136433e-05
    5.450000   0.24312010 -2.8374093343087891e-05
    5.450000   0.30784849 -2.7440331129283791e-05
    5.450000   0.37259260 -2.6373899132509278e-05
    5.450000   0.43734549 -2.5217893869490239e-05
    5.450000   0.50210377 -2.4014544806217085e-05
    5.450000   0.56686560 -2.2802650195608999e-05
    5.450000   0.63162987 -2.1615723958071547e-05
    5.450000   0.69639591 -2.0480919798870889e-05
    5.450000   0.76116325 -1.9418686326155328e-05
    5.450000   0.82593158 -1.8443027160937632e-05
    5.450000   0.89070068 -1.7562198601005411e-05
    5.450000   0.95547037 -1.6779670854990699e-05
    5.450000   1.02024053 -1.6095198098795425e-05
    5.450000   1.08501108 -1.5505876614323833e-05
    5.450000   1.14978193 -1.5007109043249469e-05
    5.450000   1.21455301 -1.4593428956618748e-05
    5.450000   1.27932429 -1.4259169206605291e-05
    5.450000   1.34409571 -1.3998978270987467e-05
    5.450000   1.40886724 -1.3808201296578975e-05
    5.450000   1.47363885 -1.3683148123915666e-05
    5.450000   1.53841049 -1.3621270937531015e-05
    5.450000   1.60318216 -1.3621270968495636e-05
    5.450000   1.66795381 -1.3683148216966613e-05
    5.450000   1.73272541 -1.3808201452166948e-05
    5.450000   1.79749694 -1.3998978489788110e-05
    5.450000   1.86226837 -1.4259169489412632e-05
    5.450000   1.92703964 -1.4593429304215364e-05
    5.450000   1.99181073 -1.5007109456260364e-05
    5.450000   2.05658157 -1.5505877093074705e-05
    5.450000   2.12135212 -1.6095198643198994e-05
    5.450000   2.18612229 -1.6779671464462933e-05
    5.450000   2.25089198 -1.7562199274442615e-05
    5.450000   2.31566107 -1.8443027896737288e-05
    5.450000   2.38042940 -1.9418687122287124e-05
    5.450000   2.44519674 -2.0480920652980203e-05
    5.450000   2.50996278 -2.1615724867570311e-05
    5.450000   2.57472706 -2.2802651157736387e-05
    5.450000   2.63948889 -2.4014545818026689e-05
    5.450000   2.70424717 -2.5217894927750672e-05
    5.450000   2.76900006 -2.6373900233526931e-05
    5.450000   2.83374417 -2.7440332268675534e-05
    5.450000   2.89847256 -2.8374094515558841e-05
    5.450000   2.96316844 -2.9134304152344819e-05
    5.450000   3.02777863 -2.9685580399231312e-05
    5.450000   3.09200950 -3.0001227106215926e-05
    5.500000   0.04958315 -2.7930360803598439e-05
    5.500000   0.11381403 -2.7642115229791906e-05
    5.500000   0.17842421 -2.7138590167947305e-05
    5.500000   0.24312010 -2.6444002013961321e-05
    5.500000   0.30784849 -2.5590461098110303e-05
    5.500000   0.37259260 -2.4615096446576949e-05
    5.500000   0.43734549 -2.3557083797965503e-05
    5.500000   0.50210377 -2.2454858188451494e-05
    5.500000   0.56686560 -2.1343789783269697e-05
    5.500000   0.63162987 -2.0254498930673482e-05
    5.500000   0.69639591 -1.9211871203552241e-05
    5.500000   0.76116325 -1.8234732057963892e-05
    5.500000   0.82593158 -1.7336068787122240e-05
    5.500000   0.89070068 -1.6523649827054936e-05
    5.500000   0.95547037 -1.5800885139122416e-05
    5.500000   1.02024053 -1.5167788259771621e-05
    5.500000   1.08501108 -1.4621930845011891e-05
    5.500000   1.14978193 -1.4159315191168542e-05
    5.500000   1.21455301 -1.3775122663517111e-05
    5.500000   1.27932429 -1.3464322322932156e-05
    5.500000   1.34409571 -1.3222142813466175e-05
    5.500000   1.40886724 -1.3044421965268444e-05
    5.500000   1.47363885 -1.2927853738866938e-05
    5.500000   1.53841049 -1.2870152599739716e-05
    5.500000   1.60318216 -1.2870152625725438e-05
    5.500000   1.66795381 -1.2927853817004355e-05
    5.500000   1.73272541 -1.3044422096077934e-05
    5.500000   1.79749694 -1.3222142997741403e-05
    5.500000   1.86226837 -1.3464322561649332e-05
    5.500000   1.92703964 -1.3775122957704984e-05
    5.500000   1.99181073 -1.4159315541776252e-05
    5.500000   2.05658157 -1.4621931252773962e-05
    5.500000   2.12135212 -1.5167788725090152e-05
    5.500000   2.18612229 -1.5800885661978344e-05
    5.500000   2.25089198 -1.6523650406965090e-05
    5.500000   2.31566107 -1.7336069423143125e-05
    5.500000   2.38042940 -1.8234732748728154e-05
    5.500000   2.44519674 -1.9211871947338882e-05
    5.500000   2.50996278 -2.0254499725469853e-05
    5.500000   2.57472706 -2.1343790626808186e-05
    5.500000   2.63948889 -2.2454859078194641e-05
    5.500000   2.70424717 -2.3557084731015171e-05
    5.500000   2.76900006 -2.4615097419526717e-05
    5.500000   2.83374417 -2.5590462106856480e-05
    5.500000   2.89847256 -2.6444003053530247e-05
    5.500000   2.96316844 -2.7138591232392928e-05
    5.500000   3.02777863 -2.7642116312211856e-05
    5.500000   3.09200950 -2.7930361896298877e-05
    5.550000   0.04958315 -2.6015029180536328e-05
    5.550000   0.11381403 -2.5751768375739616e-05
    5.550000   0.17842421 -2.5291785819267183e-05
    5.550000   0.24312010 -2.4657040449672635e-05
    5.550000   0.30784849 -2.3876665246183386e-05
    5.550000   0.37259260 -2.2984371652735126e-05
    5.550000   0.43734549 -2.2015765350824226e-05
    5.550000   0.50210377 -2.1005825575089848e-05
    5.550000   0.56686560 -1.9986799140563437e-05
    5.550000   0.63162987 -1.8986668421037332e-05
    5.550000   0.69639591 -1.8028249163741530e-05
    5.550000   0.76116325 -1.7128883123388473e-05
    5.550000   0.82593158 -1.6300625619247447e-05
    5.550000   0.89070068 -1.5550793929135713e-05
    5.550000   0.95547037 -1.4882736288839784e-05
    5.550000   1.02024053 -1.4296695983701518e-05
    5.550000   1.08501108 -1.3790671847788337e-05
    5.550000   1.14978193 -1.3361207417907250e-05
    5.550000   1.21455301 -1.3004070078348326e-05
    5.550000   1.27932429 -1.2714805259633822e-05
    5.550000   1.34409571 -1.2489167739540357e-05
    5.550000   1.40886724 -1.2323442481335122e-05
    5.550000   1.47363885 -1.2214672243580326e-05
    5.550000   1.53841049 -1.2160809744787677e-05
    5.550000   1.60318216 -1.2160809766278071e-05
    5.550000   1.66795381 -1.2214672308247614e-05
    5.550000   1.73272541 -1.2323442589747631e-05
    5.550000   1.79749694 -1.2489167892583240e-05
    5.550000   1.86226837 -1.2714805458417906e-05
    5.550000   1.92703964 -1.3004070324093685e-05
    5.550000   1.99181073 -1.3361207711819568e-05
    5.550000   2.05658157 -1.3790672190929609e-05
    5.550000   2.12135212 -1.4296696376869872e-05
    5.550000   2.18612229 -1.4882736732481598e-05
    5.550000   2.25089198 -1.5550794423289656e-05
    5.550000   2.31566107 -1.6300626163526208e-05
    5.550000   2.38042940 -1.7128883716995139e-05
    5.550000   2.44519674 -1.8028249805508162e-05
    5.550000   2.50996278 -1.8986669109467042e-05
    5.550000   2.57472706 -1.9986799873845596e-05
    5.550000   2.63948889 -2.1005826351078090e-05
    5.550000   2.70424717 -2.2015766166958831e-05
    5.550000   2.76900006 -2.2984372505912264e-05
    5.550000   2.83374417 -2.3876666132604189e-05
    5.550000   2.89847256 -2.4657041364704164e-05
    5.550000   2.96316844 -2.5291786757368766e-05
    5.550000   3.02777863 -2.5751769330491749e-05
    5.550000   3.09200950 -2.6015030144806530e-05
    5.600000   0.04958315 -2.4243378546757442e-05
    5.600000   0.11381403 -2.4002874485373903e-05
    5.600000   0.17842421 -2.3582554569213223e-05
    5.600000   0.24312010 -2.3002326385957118e-05
    5.600000   0.30784849 -2.2288617081717224e-05
    5.600000   0.37259260 -2.1472031636190301e-05
    5.600000   0.43734549 -2.0584929791182908e-05
    5.600000   0.50210377 -1.9659147447218686e-05
    5.600000   0.56686560 -1.8724088777636544e-05
    5.600000   0.63162987 -1.7805333151427628e-05
    5.600000   0.69639591 -1.6923808338455281e-05
    5.600000   0.76116325 -1.6095499822736223e-05
    5.600000   0.82593158 -1.5331607558627336e-05
    5.600000   0.89070068 -1.4639030415626415e-05
    5.600000   0.95547037 -1.4021052583527234e-05
    5.600000   1.02024053 -1.3478118996122841e-05
    5.600000   1.08501108 -1.3008610590043619e-05
    5.600000   1.14978193 -1.2609557791305560e-05
    5.600000   1.21455301 -1.2277256676561393e-05
    5.600000   1.27932429 -1.2007773604376787e-05
    5.600000   1.34409571 -1.1797339476296621e-05
    5.600000   1.40886724 -1.1642644259054639e-05
    5.600000   1.47363885 -1.1541046855183423e-05
    5.600000   1.53841049 -1.1490716029939066e-05
    5.600000   1.60318216 -1.1490716047381360e-05
    5.600000   1.66795381 -1.1541046907719320e-05
    5.600000   1.73272541 -1.1642644347288241e-05
    5.600000   1.79749694 -1.1797339601175705e-05
    5.600000   1.86226837 -1.2007773767109598e-05
    5.600000   1.92703964 -1.2277256878516093e-05
    5.600000   1.99181073 -1.2609558033883292e-05
    5.600000   2.05658157 -1.3008610874561942e-05
    5.600000   2.12135212 -1.3478119323698917e-05
    5.600000   2.18612229 -1.4021052954987367e-05
    5.600000   2.25089198 -1.4639030831440918e-05
    5.600000   2.31566107 -1.5331608018876738e-05
    5.600000   2.38042940 -1.6095500327110831e-05
    5.600000   2.44519674 -1.6923808886269378e-05
    5.600000   2.50996278 -1.7805333741641304e-05
    5.600000   2.57472706 -1.8724089408855799e-05
    5.600000   2.63948889 -1.9659148117671119e-05
    5.600000   2.70424717 -2.0584930498638490e-05
    5.600000   2.76900006 -2.1472032377857503e-05
    5.600000   2.83374417 -2.2288617854114433e-05
    5.600000   2.89847256 -2.3002327184802788e-05
    5.600000   2.96316844 -2.3582555389376001e-05
    5.600000   3.02777863 -2.4002875320916049e-05
    5.600000   3.09200950 -2.4243379391083272e-05
    5.650000   0.04958315 -2.2604280687406730e-05
    5.650000   0.11381403 -2.2384486278623821e-05
    5.650000   0.17842421 -2.2000264732470554e-05
    5.650000   0.24312010 -2.1469662408027377e-05
    5.650000   0.30784849 -2.0816650922989278e-05
    5.650000   0.37259260 -2.0069015377018171e-05
    5.650000   0.43734549 -1.9256167848208890e-05
    5.650000   0.50210377 -1.8407088145105169e-05
    5.650000   0.56686560 -1.7548595528069413e-05
    5.650000   0.63162987 -1.6704081787313638e-05
    5.650000   0.69639591 -1.5892753144242002e-05
    5.650000   0.76116325 -1.5129355148525558e-05
    5.650000   0.82593158 -1.4424302020286733e-05
    5.650000   0.89070068 -1.3784103602700817e-05
    5.650000   0.95547037 -1.3211977283181856e-05
    5.650000   1.02024053 -1.2708543299172340e-05
    5.650000   1.08501108 -1.2272522845893549e-05
    5.650000   1.14978193 -1.1901382960178565e-05
    5.650000   1.21455301 -1.1591895474066990e-05
    5.650000   1.27932429 -1.1340596531159125e-05
    5.650000   1.34409571 -1.1144147054625101e-05
    5.650000   1.40886724 -1.0999603193746864e-05
    5.650000   1.47363885 -1.0904609913996555e-05
    5.650000   1.53841049 -1.0857531574497220e-05
    5.650000   1.60318216 -1.0857531588308433e-05
    5.650000   1.66795381 -1.0904609955644911e-05
    5.650000   1.73272541 -1.0999603263859417e-05
    5.650000   1.79749694 -1.1144147154190550e-05
    5.650000   1.86226837 -1.1340596661456999e-05
    5.650000   1.92703964 -1.1591895636567901e-05
    5.650000   1.99181073 -1.1901383156431418e-05
    5.650000   2.05658157 -1.2272523077412814e-05
    5.650000   2.12135212 -1.2708543567326960e-05
    5.650000   2.18612229 -1.3211977589103172e-05
    5.650000   2.25089198 -1.3784103947212470e-05
    5.650000   2.31566107 -1.4424302403859623e-05
    5.650000   2.38042940 -1.5129355571264883e-05
    5.650000   2.44519674 -1.5892753605875948e-05
    5.650000   2.50996278 -1.6704082287206164e-05
    5.650000   2.57472706 -1.7548596065205524e-05
    5.650000   2.63948889 -1.8407088718057892e-05
    5.650000   2.70424717 -1.9256168455072730e-05
    5.650000   2.76900006 -2.0069016015312486e-05
    5.650000   2.83374417 -2.0816651589553904e-05
    5.650000   2.89847256 -2.1469663098938213e-05
    5.650000   2.96316844 -2.2000265443005104e-05
    5.650000   3.02777863 -2.2384487003310523e-05
    5.650000   3.09200950 -2.2604281420175655e-05
    5.700000   0.04958315 -2.1087342152888162e-05
    5.700000   0.11381403 -2.0886382178285773e-05
    5.700000   0.17842421 -2.0534994308909300e-05
    5.700000   0.24312010 -2.0049538304876583e-05
    5.700000   0.30784849 -1.9451760063334195e-05
    5.700000   0.37259260 -1.8766887776061787e-05
    5.700000   0.43734549 -1.8021659379902962e-05
    5.700000   0.50210377 -1.7242461801096870e-05
    5.700000   0.56686560 -1.6453765357356173e-05
    5.700000   0.63162987 -1.5676971313182965e-05
    5.700000   0.69639591 -1.4929716401324057e-05
    5.700000   0.76116325 -1.4225612358502659e-05
    5.700000   0.82593158 -1.3574351004560137e-05
    5.700000   0.89070068 -1.2982079650885612e-05
    5.700000   0.95547037 -1.2451945984748341e-05
    5.700000   1.02024053 -1.1984721095021880e-05
    5.700000   1.08501108 -1.1579427836935102e-05
    5.700000   1.14978193 -1.1233923579080885e-05
    5.700000   1.21455301 -1.0945407233732600e-05
    5.700000   1.27932429 -1.0710837731215265e-05
    5.700000   1.34409571 -1.0527263664807009e-05
    5.700000   1.40886724 -1.0392071710955579e-05
    5.700000   1.47363885 -1.0303165273248091e-05
    5.700000   1.53841049 -1.0259085523134242e-05
    5.700000   1.60318216 -1.0259085533698222e-05
    5.700000   1.66795381 -1.0303165305158741e-05
    5.700000   1.73272541 -1.0392071764850278e-05
    5.700000   1.79749694 -1.0527263741699818e-05
    5.700000   1.86226837 -1.0710837832430638e-05
    5.700000   1.92703964 -1.0945407360809768e-05
    5.700000   1.99181073 -1.1233923733675430e-05
    5.700000   2.05658157 -1.1579428020707651e-05
    5.700000   2.12135212 -1.1984721309536010e-05
    5.700000   2.18612229 -1.2451946231376209e-05
    5.700000   2.25089198 -1.2982079930737002e-05
    5.700000   2.31566107 -1.3574351318429440e-05
    5.700000   2.38042940 -1.4225612706839554e-05
    5.700000   2.44519674 -1.4929716784215506e-05
    5.700000   2.50996278 -1.5676971730345170e-05
    5.700000   2.57472706 -1.6453765808115818e-05
    5.700000   2.63948889 -1.7242462284347536e-05
    5.700000   2.70424717 -1.8021659894046622e-05
    5.700000   2.76900006 -1.8766888318923546e-05
    5.700000   2.83374417 -1.9451760632076507e-05
    5.700000   2.89847256 -2.0049538895927845e-05
    5.700000   2.96316844 -2.0534994917950123e-05
    5.700000   3.02777863 -2.0886382800301758e-05
    5.700000   3.09200950 -2.1087342782313259e-05
    5.750000   0.04958315 -1.9682897663355438e-05
    5.750000   0.11381403 -1.9499058695054999e-05
    5.750000   0.17842421 -1.9177521661809994e-05
    5.750000   0.24312010 -1.8733119547866125e-05
    5.750000   0.30784849 -1.8185582793015608e-05
    5.750000   0.37259260 -1.7557823203200097e-05
    5.750000   0.43734549 -1.6874154643203182e-05
    5.750000   0.50210377 -1.6158611688866209e-05
    5.750000   0.56686560 -1.5433531249615496e-05
    5.750000   0.63162987 -1.4718503955817588e-05
    5.750000   0.69639591 -1.4029735781849276e-05
    5.750000   0.76116325 -1.3379801388290175e-05
    5.750000   0.82593158 -1.2777727840511397e-05
    5.750000   0.89070068 -1.2229323921153737e-05
    5.750000   0.95547037 -1.1737664787006945e-05
    5.750000   1.02024053 -1.1303649875372768e-05
    5.750000   1.08501108 -1.0926568291335273e-05
    5.750000   1.14978193 -1.0604625322414819e-05
    5.750000   1.21455301 -1.0335402371711290e-05
    5.750000   1.27932429 -1.0116238111104985e-05
    5.750000   1.34409571 -9.9445300174550263e-06
    5.750000   1.40886724 -9.8179626406620764e-06
    5.750000   1.47363885 -9.7346725227734734e-06
    5.750000   1.53841049 -9.6933604464397517e-06
    5.750000   1.60318216 -9.6933604541107802e-06
    5.750000   1.66795381 -9.7346725460050071e-06
    5.750000   1.73272541 -9.8179626800958867e-06
    5.750000   1.79749694 -9.9445300741157605e-06
    5.750000   1.86226837 -1.0116238186337049e-05
    5.750000   1.92703964 -1.0335402467097628e-05
    5.750000   1.99181073 -1.0604625439681925e-05
    5.750000   2.05658157 -1.0926568432247915e-05
    5.750000   2.12135212 -1.1303650041639636e-05
    5.750000   2.18612229 -1.1737664980188100e-05
    5.750000   2.25089198 -1.2229324142586064e-05
    5.750000   2.31566107 -1.2777728091251215e-05
    5.750000   2.38042940 -1.3379801669075624e-05
    5.750000   2.44519674 -1.4029736093072005e-05
    5.750000   2.50996278 -1.4718504297500349e-05
    5.750000   2.57472706 -1.5433531621388136e-05
    5.750000   2.63948889 -1.6158612089918522e-05
    5.750000   2.70424717 -1.6874155072227389e-05
    5.750000   2.76900006 -1.7557823658317496e-05
    5.750000   2.83374417 -1.8185583271702743e-05
    5.750000   2.89847256 -1.8733120046900489e-05
    5.750000   2.96316844 -1.9177522177263790e-05
    5.750000   3.02777863 -1.9499059222356166e-05
    5.750000   3.09200950 -1.9682898197421847e-05
    5.800000   0.04958315 -1.8381991166358009e-05
    5.800000   0.11381403 -1.8213710957144166e-05
    5.800000   0.17842421 -1.7919305179589897e-05
    5.800000   0.24312010 -1.7512225869085480e-05
    5.800000   0.30784849 -1.7010379827441836e-05
    5.800000   0.37259260 -1.6434581856717944e-05
    5.800000   0.43734549 -1.5806949791707412e-05
    5.800000   0.50210377 -1.5149385156153773e-05
    5.800000   0.56686560 -1.4482287919070087e-05
    5.800000   0.63162987 -1.3823602024725306e-05
    5.800000   0.69639591 -1.3188229102610177e-05
    5.800000   0.76116325 -1.2587794869439112e-05
    5.800000   0.82593158 -1.2030714138831417e-05
    5.800000   0.89070068 -1.1522479004352609e-05
    5.800000   0.95547037 -1.1066089472613948e-05
    5.800000   1.02024053 -1.0662552773168011e-05
    5.800000   1.08501108 -1.0311391932009283e-05
    5.800000   1.14978193 -1.0011121434944522e-05
    5.800000   1.21455301 -9.7596644641319802e-06
    5.800000   1.27932429 -9.5547001252451463e-06
    5.800000   1.34409571 -9.3939393539631543e-06
    5.800000   1.40886724 -9.2753347453715062e-06
    5.800000   1.47363885 -9.1972328662689145e-06
    5.800000   1.53841049 -9.1584783939283256e-06
    5.800000   1.60318216 -9.1584783990319939e-06
    5.800000   1.66795381 -9.1972328817952775e-06
    5.800000   1.73272541 -9.2753347719606463e-06
    5.800000   1.79749694 -9.3939393926360630e-06
    5.800000   1.86226837 -9.5547001773511607e-06
    5.800000   1.92703964 -9.7596645312740779e-06
    5.800000   1.99181073 -1.0011121518889987e-05
    5.800000   2.05658157 -1.0311392034592411e-05
    5.800000   2.12135212 -1.0662552896202045e-05
    5.800000   2.18612229 -1.1066089617798659e-05
    5.800000   2.25089198 -1.1522479173202172e-05
    5.800000   2.31566107 -1.2030714332615042e-05
    5.800000   2.38042940 -1.2587795089129306e-05
    5.800000   2.44519674 -1.3188229348855782e-05
    5.800000   2.50996278 -1.3823602297814599e-05
    5.800000   2.57472706 -1.4482288218899054e-05
    5.800000   2.63948889 -1.5149385482183270e-05
    5.800000   2.70424717 -1.5806950142901458e-05
    5.800000   2.76900006 -1.6434582231480367e-05
    5.800000   2.83374417 -1.7010380223552572e-05
    5.800000   2.89847256 -1.7512226283659969e-05
    5.800000   2.96316844 -1.7919305609082971e-05
    5.800000   3.02777863 -1.8213711397408579e-05
    5.800000   3.09200950 -1.8381991612777190e-05
    5.850000   0.04958315 -1.7176348271989101e-05
    5.850000   0.11381403 -1.7022204983793151e-05
    5.850000   0.17842421 -1.6752455306429049e-05
    5.850000   0.24312010 -1.6379303039374088e-05
    5.850000   0.30784849 -1.5919005905901661e-05
    5.850000   0.37259260 -1.5390481334653209e-05
    5.850000   0.43734549 -1.4813858632525080e-05
    5.850000   0.50210377 -1.4209105815080640e-05
    5.850000   0.56686560 -1.3594864688584559e-05
    5.850000   0.63162987 -1.2987581714815901e-05
    5.850000   0.69639591 -1.2400969249299468e-05
    5.850000   0.76116325 -1.1845784322075254e-05
    5.850000   0.82593158 -1.1329877344082259e-05
    5.850000   0.89070068 -1.0858443669513724e-05
    5.850000   0.95547037 -1.0434405839236844e-05
    5.850000   1.02024053 -1.0058860220869662e-05
    5.850000   1.08501108 -9.7315343720037054e-06
    5.850000   1.14978193 -9.4512167477499021e-06
    5.850000   1.21455301 -9.2161352475817662e-06
    5.850000   1.27932429 -9.0242736111114901e-06
    5.850000   1.34409571 -8.8736239573278403e-06
    5.850000   1.40886724 -8.7623797415488293e-06
    5.850000   1.47363885 -8.6890764847335273e-06
    5.850000   1.53841049 -8.6526884289177891e-06
    5.850000   1.60318216 -8.6526884317521782e-06
    5.850000   1.66795381 -8.6890764934481394e-06
    5.850000   1.73272541 -8.7623797567742415e-06
    5.850000   1.79749694 -8.8736239800731009e-06
    5.850000   1.86226837 -9.0242736427180417e-06
    5.850000   1.92703964 -9.2161352896531557e-06
    5.850000   1.99181073 -9.4512168020680938e-06
    5.850000   2.05658157 -9.7315344404442420e-06
    5.850000   2.12135212 -1.0058860305314666e-05
    5.850000   2.18612229 -1.0434405941488590e-05
    5.850000   2.25089198 -1.0858443791220856e-05
    5.850000   2.31566107 -1.1329877486678098e-05
    5.850000   2.38042940 -1.1845784486727301e-05
    5.850000   2.44519674 -1.2400969436867279e-05
    5.850000   2.50996278 -1.2987581925814950e-05
    5.850000   2.57472706 -1.3594864923148193e-05
    5.850000   2.63948889 -1.4209106072910762e-05
    5.850000   2.70424717 -1.4813858912838245e-05
    5.850000   2.76900006 -1.5390481636119669e-05
    5.850000   2.83374417 -1.5919006226594443e-05
    5.850000   2.89847256 -1.6379303376734284e-05
    5.850000   2.96316844 -1.6752455657275930e-05
    5.850000   3.02777863 -1.7022205344388253e-05
    5.850000   3.09200950 -1.7176348638155288e-05
    5.900000   0.04958315 -1.6058342953719014e-05
    5.900000   0.11381403 -1.5917044492814645e-05
    5.900000   0.17842421 -1.5669701564232180e-05
    5.900000   0.24312010 -1.5327390244519544e-05
    5.900000   0.30784849 -1.4904877695869276e-05
    5.900000   0.37259260 -1.4419365268132441e-05
    5.900000   0.43734549 -1.3889182202342236e-05
    5.900000   0.50210377 -1.3332544269626251e-05
    5.900000   0.56686560 -1.2766497554524929e-05
    5.900000   0.63162987 -1.2206126657507292e-05
    5.900000   0.69639591 -1.1664059316354937e-05
    5.900000   0.76116325 -1.1150256935776850e-05
    5.900000   0.82593158 -1.0672049159867290e-05
    5.900000   0.89070068 -1.0234352892326887e-05
    5.900000   0.95547037 -9.8400112529766158e-06
    5.900000   1.02024053 -9.4901929208580257e-06
    5.900000   1.08501108 -9.1848033718370627e-06
    5.900000   1.14978193 -8.9228730770586784e-06
    5.900000   1.21455301 -8.7029010039978282e-06
    5.900000   1.27932429 -8.5231429989142553e-06
    5.900000   1.34409571 -8.3818430224204277e-06
    5.900000   1.40886724 -8.2774106651940508e-06
    5.900000   1.47363885 -8.2085512319913660e-06
    5.900000   1.53841049 -8.1743554888895001e-06
    5.900000   1.60318216 -8.1743554897266601e-06
    5.900000   1.66795381 -8.2085512347099707e-06
    5.900000   1.73272541 -8.2774106704102423e-06
    5.900000   1.79749694 -8.3818430311249008e-06
    5.900000   1.86226837 -8.5231430124297603e-06
    5.900000   1.92703964 -8.7029010239097415e-06
    5.900000   1.99181073 -8.9228731051484882e-06
    5.900000   2.05658157 -9.1848034099946671e-06
    5.900000   2.12135212 -9.4901929710048986e-06
    5.900000   2.18612229 -9.8400113169844426e-06
    5.900000   2.25089198 -1.0234352971941777e-05
    5.900000   2.31566107 -1.0672049256649060e-05
    5.900000   2.38042940 -1.1150257051047763e-05
    5.900000   2.44519674 -1.1664059451148837e-05
    5.900000   2.50996278 -1.2206126812532392e-05
    5.900000   2.57472706 -1.2766497730119887e-05
    5.900000   2.63948889 -1.3332544465710102e-05
    5.900000   2.70424717 -1.3889182418363427e-05
    5.900000   2.76900006 -1.4419365503012114e-05
    5.900000   2.83374417 -1.4904877947956847e-05
    5.900000   2.89847256 -1.5327390511567244e-05
    5.900000   2.96316844 -1.5669701843407527e-05
    5.900000   3.02777863 -1.5917044780766006e-05
    5.900000   3.09200950 -1.6058343246690671e-05
    5.950000   0.04958315 -1.5020960735314685e-05
    5.950000   0.11381403 -1.4891334386052927e-05
    5.950000   0.17842421 -1.4664356578907454e-05
    5.950000   0.24312010 -1.4350084897797773e-05
    5.950000   0.30784849 -1.3961939635549570e-05
    5.950000   0.37259260 -1.3515570426911444e-05
    5.950000   0.43734549 -1.3027677346742494e-05
    5.950000   0.50210377 -1.2514888345492549e-05
    5.950000   0.56686560 -1.1992801200221457e-05
    5.950000   0.63162987 -1.1475261801067430e-05
    5.950000   0.69639591 -1.0973908385952040e-05
    5.950000   0.76116325 -1.0497973229948035e-05
    5.950000   0.82593158 -1.0054305029822121e-05
    5.950000   0.89070068 -9.6475590600122878e-06
    5.950000   0.95547037 -9.2804974526834522e-06
    5.950000   1.02024053 -8.9543461050271379e-06
    5.950000   1.08501108 -8.6691643974810167e-06
    5.950000   1.14978193 -8.4241959167008950e-06
    5.950000   1.21455301 -8.2181802208928000e-06
    5.950000   1.27932429 -8.0496157730345085e-06
    5.950000   1.34409571 -7.9169717538565376e-06
    5.950000   1.40886724 -7.8188514439228847e-06
    5.950000   1.47363885 -7.7541125212452160e-06
    5.950000   1.53841049 -7.7219504287619384e-06
    5.950000   1.60318216 -7.7219504278509359e-06
    5.950000   1.66795381 -7.7541125187126451e-06
    5.950000   1.73272541 -7.8188514403670065e-06
    5.950000   1.79749694 -7.9169717502443029e-06
    5.950000   1.86226837 -8.0496157706582016e-06
    5.950000   1.92703964 -8.2181802213110056e-06
    5.950000   1.99181073 -8.4241959216758549e-06
    5.950000   2.05658157 -8.6691644088990497e-06
    5.950000   2.12135212 -8.9543461248260452e-06
    5.950000   2.18612229 -9.2804974827728831e-06
    5.950000   2.25089198 -9.6475591022058585e-06
    5.950000   2.31566107 -1.0054305085776028e-05
    5.950000   2.38042940 -1.0497973301101374e-05
    5.950000   2.44519674 -1.0973908473481982e-05
    5.950000   2.50996278 -1.1475261905844252e-05
    5.950000   2.57472706 -1.1992801322759164e-05
    5.950000   2.63948889 -1.2514888485904428e-05
    5.950000   2.70424717 -1.3027677504688362e-05
    5.950000   2.76900006 -1.3515570601545311e-05
    5.950000   2.83374417 -1.3961939825481022e-05
    5.950000   2.89847256 -1.4350085101074470e-05
    5.950000   2.96316844 -1.4664356793027803e-05
    5.950000   3.02777863 -1.4891334608032168e-05
    5.950000   3.09200950 -1.5020960961793133e-05
    6.000000   0.04958315 -1.4057760052503722e-05
    6.000000   0.11381403 -1.3938742542106794e-05
    6.000000   0.17842421 -1.3730278638829626e-05
    6.000000   0.24312010 -1.3441506281257203e-05
    6.000000   0.30784849 -1.3084628947620393e-05
    6.000000   0.37259260 -1.2673893357645611e-05
    6.000000   0.43734549 -1.2224525188017040e-05
    6.000000   0.50210377 -1.1751713538196619e-05
    6.000000   0.56686560 -1.1269741516887116e-05
    6.000000   0.63162987 -1.0791328038776041e-05
    6.000000   0.69639591 -1.0327208243543211e-05
    6.000000   0.76116325 -9.8859457893739300e-06
    6.000000   0.82593158 -9.4739447870785149e-06
    6.000000   0.89070068 -9.0956143992377867e-06
    6.000000   0.95547037 -8.7536346006416136e-06
    6.000000   1.02024053 -8.4492750403360855e-06
    6.000000   1.08501108 -8.1827274072223864e-06
    6.000000   1.14978193 -7.9534223319579779e-06
    6.000000   1.21455301 -7.7603124204626780e-06
    6.000000   1.27932429 -7.6021120691285212e-06
    6.000000   1.34409571 -7.4774915691524949e-06
    6.000000   1.40886724 -7.3852275493626325e-06
    6.000000   1.47363885 -7.3243142743172064e-06
    6.000000   1.53841049 -7.2940411177283068e-06
    6.000000   1.60318216 -7.2940411152951877e-06
    6.000000   1.66795381 -7.3243142672105882e-06
    6.000000   1.73272541 -7.3852275381617382e-06
    6.000000   1.79749694 -7.4774915547935399e-06
    6.000000   1.86226837 -7.6021120528666406e-06
    6.000000   1.92703964 -7.7603124038215214e-06
    6.000000   1.99181073 -7.9534223166671376e-06
    6.000000   2.05658157 -8.1827273951482536e-06
    6.000000   2.12135212 -8.4492750334118606e-06
    6.000000   2.18612229 -8.7536346007928360e-06
    6.000000   2.25089198 -9.0956144083206854e-06
    6.000000   2.31566107 -9.4739448068144909e-06
    6.000000   2.38042940 -9.8859458212914358e-06
    6.000000   2.44519674 -1.0327208288933916e-05
    6.000000   2.50996278 -1.0791328098642241e-05
    6.000000   2.57472706 -1.1269741591895645e-05
    6.000000   2.63948889 -1.1751713628630984e-05
    6.000000   2.70424717 -1.2224525293727346e-05
    6.000000   2.76900006 -1.2673893478001346e-05
    6.000000   2.83374417 -1.3084629081475446e-05
    6.000000   2.89847256 -1.3441506426934204e-05
    6.000000   2.96316844 -1.3730278794141834e-05
    6.000000   3.02777863 -1.3938742704413975e-05
    6.000000   3.09200950 -1.4057760218821133e-05
    6.050000   0.04958315 -1.3162833056430513e-05
    6.050000   0.11381403 -1.3053461137665517e-05
    6.050000   0.17842421 -1.2861833928725817e-05
    6.050000   0.24312010 -1.2596259054662759e-05
    6.050000   0.30784849 -1.2267840740513622e-05
    6.050000   0.37259260 -1.1889557338631686e-05
    6.050000   0.43734549 -1.1475300130549524e-05
    6.050000   0.50210377 -1.1038954198399073e-05
    6.050000   0.56686560 -1.0593609030678892e-05
    6.050000   0.63162987 -1.0150957876388293e-05
    6.050000   0.69639591 -9.7209112289757405e-06
    6.050000   0.76116325 -9.3114191967347021e-06
    6.050000   0.82593158 -8.9284745312143851e-06
    6.050000   0.89070068 -8.5762546365198459e-06
    6.050000   0.95547037 -8.2573565509407047e-06
    6.050000   1.02024053 -7.9730817231613884e-06
    6.050000   1.08501108 -7.7237347895791208e-06
    6.050000   1.14978193 -7.5089099624739562e-06
    6.050000   1.21455301 -7.3277480553501428e-06
    6.050000   1.27932429 -7.1791552982700748e-06
    6.050000   1.34409571 -7.0619812944967776e-06
    6.050000   1.40886724 -6.9751576148577711e-06
    6.050000   1.47363885 -6.9178008172846971e-06
    6.050000   1.53841049 -6.8892844728242806e-06
    6.050000   1.60318216 -6.8892844690740245e-06
    6.050000   1.66795381 -6.9178008062197286e-06
    6.050000   1.73272541 -6.9751575970338737e-06
    6.050000   1.79749694 -7.0619812708168408e-06
    6.050000   1.86226837 -7.1791552699498145e-06
    6.050000   1.92703964 -7.3277480238669014e-06
    6.050000   1.99181073 -7.5089099295161168e-06
    6.050000   2.05658157 -7.7237347569791402e-06
    6.050000   2.12135212 -7.9730816928312799e-06
    6.050000   2.18612229 -8.2573565248073818e-06
    6.050000   2.25089198 -8.5762546164555174e-06
    6.050000   2.31566107 -8.9284745189820028e-06
    6.050000   2.38042940 -9.3114191939294865e-06
    6.050000   2.44519674 -9.7209112369736068e-06
    6.050000   2.50996278 -1.0150957896302456e-05
    6.050000   2.57472706 -1.0593609063304396e-05
    6.050000   2.63948889 -1.1038954244169630e-05
    6.050000   2.70424717 -1.1475300189486122e-05
    6.050000   2.76900006 -1.1889557410301162e-05
    6.050000   2.83374417 -1.2267840823996174e-05
    6.050000   2.89847256 -1.2596259148539505e-05
    6.050000   2.96316844 -1.2861834031102485e-05
    6.050000   3.02777863 -1.3053461246228659e-05
    6.050000   3.09200950 -1.3162833168544614e-05
    6.100000   0.04958315 -1.2330766792992344e-05
    6.100000   0.11381403 -1.2230168396736132e-05
    6.100000   0.17842421 -1.2053859278639997e-05
    6.100000   0.24312010 -1.1809397392256339e-05
    6.100000   0.30784849 -1.1506893863933036e-05
    6.100000   0.37259260 -1.1158180216768011e-05
    6.100000   0.43734549 -1.0775939867101070e-05
    6.100000   0.50210377 -1.0372875819088731e-05
    6.100000   0.56686560 -9.9609935093842430e-06
    6.100000   0.63162987 -9.5510523313818347e-06
    6.100000   0.69639591 -9.1522093461387567e-06
    6.100000   0.76116325 -8.7718512271983963e-06
    6.100000   0.82593158 -8.4155897511891240e-06
    6.100000   0.89070068 -8.0873838730838030e-06
    6.100000   0.95547037 -7.7897472898000608e-06
    6.100000   1.02024053 -7.5240026963163320e-06
    6.100000   1.08501108 -7.2905503716586678e-06
    6.100000   1.14978193 -7.0891270437140102e-06
    6.100000   1.21455301 -6.9190393741366485e-06
    6.100000   1.27932429 -6.7793636972202453e-06
    6.100000   1.34409571 -6.6691092499894524e-06
    6.100000   1.40886724 -6.5873459141323429e-06
    6.100000   1.47363885 -6.5332996176125026e-06
    6.100000   1.53841049 -6.5064193241348640e-06
    6.100000   1.60318216 -6.5064193192522841e-06
    6.100000   1.66795381 -6.5332996031438128e-06
    6.100000   1.73272541 -6.5873458906107885e-06
    6.100000   1.79749694 -6.6691092182828857e-06
    6.100000   1.86226837 -6.7793636584976089e-06
    6.100000   1.92703964 -6.9190393298250956e-06
    6.100000   1.99181073 -7.0891269954534627e-06
    6.100000   2.05658157 -7.2905503212364211e-06
    6.100000   2.12135212 -7.5240026456113185e-06
    6.100000   2.18612229 -7.7897472407202224e-06
    6.100000   2.25089198 -8.0873838275046094e-06
    6.100000   2.31566107 -8.4155897108928715e-06
    6.100000   2.38042940 -8.7718511938239497e-06
    6.100000   2.44519674 -9.1522093211307561e-06
    6.100000   2.50996278 -9.5510523159357298e-06
    6.100000   2.57472706 -9.9609935044043754e-06
    6.100000   2.63948889 -1.0372875825138188e-05
    6.100000   2.70424717 -1.0775939884353403e-05
    6.100000   2.76900006 -1.1158180244970087e-05
    6.100000   2.83374417 -1.1506893902372978e-05
    6.100000   2.89847256 -1.1809397439758560e-05
    6.100000   2.96316844 -1.2053859333583573e-05
    6.100000   3.02777863 -1.2230168457108331e-05
    6.100000   3.09200950 -1.2330766856487110e-05
    6.150000   0.04958315 -1.1556605430646298e-05
    6.150000   0.11381403 -1.1463991414020241e-05
    6.150000   0.17842421 -1.1301626029339541e-05
    6.150000   0.24312010 -1.1076390288738645e-05
    6.150000   0.30784849 -1.0797497989666341e-05
    6.150000   0.37259260 -1.0475743521904881e-05
    6.150000   0.43734549 -1.0122716704306892e-05
    6.150000   0.50210377 -9.7500486690133756e-06
    6.150000   0.56686560 -9.3687599251149400e-06
    6.150000   0.63162987 -8.9887591801774983e-06
    6.150000   0.69639591 -8.6185146959558074e-06
    6.150000   0.76116325 -8.2648953274677222e-06
    6.150000   0.82593158 -7.9331596827441936e-06
    6.150000   0.89070068 -7.6270606364878378e-06
    6.150000   0.95547037 -7.3490284905877080e-06
    6.150000   1.02024053 -7.1003979174682455e-06
    6.150000   1.08501108 -6.8816494170583888e-06
    6.150000   1.14978193 -6.6926433598309346e-06
    6.150000   1.21455301 -6.5328321656266401e-06
    6.150000   1.27932429 -6.4014427118518194e-06
    6.150000   1.34409571 -6.2976261304072460e-06
    6.150000   1.40886724 -6.2205756066543533e-06
    6.150000   1.47363885 -6.1696147684968233e-06
    6.150000   1.53841049 -6.1442600173871050e-06
    6.150000   1.60318216 -6.1442600115402559e-06
    6.150000   1.66795381 -6.1696147511270948e-06
    6.150000   1.73272541 -6.2205755782724443e-06
    6.150000   1.79749694 -6.2976260918429006e-06
    6.150000   1.86226837 -6.4014426642249186e-06
    6.150000   1.92703964 -6.5328321103130458e-06
    6.150000   1.99181073 -6.6926432984115566e-06
    6.150000   2.05658157 -6.8816493512706121e-06
    6.150000   2.12135212 -7.1003978491477149e-06
    6.150000   2.18612229 -7.3490284216099551e-06
    6.150000   2.25089198 -7.6270605687145031e-06
    6.150000   2.31566107 -7.9331596179626039e-06
    6.150000   2.38042940 -8.2648952673421676e-06
    6.150000   2.44519674 -8.6185146419746298e-06
    6.150000   2.50996278 -8.9887591336063834e-06
    6.150000   2.57472706 -9.3687598869462565e-06
    6.150000   2.63948889 -9.7500486399198013e-06
    6.150000   2.70424717 -1.0122716684600903e-05
    6.150000   2.76900006 -1.0475743511492751e-05
    6.150000   2.83374417 -1.0797497988029497e-05
    6.150000   2.89847256 -1.1076390294923068e-05
    6.150000   2.96316844 -1.1301626041978129e-05
    6.150000   3.02777863 -1.1463991431384681e-05
    6.150000   3.09200950 -1.1556605450733156e-05
    6.200000   0.04958315 -1.0835814005080482e-05
    6.200000   0.11381403 -1.0750470501326776e-05
    6.200000   0.17842421 -1.0600805429599490e-05
    6.200000   0.24312010 -1.0393088405449047e-05
    6.200000   0.30784849 -1.0135722236524268e-05
    6.200000   0.37259260 -9.8385631212087120e-06
    6.200000   0.43734549 -9.5122104133003610e-06
    6.200000   0.50210377 -9.1673229239158083e-06
    6.200000   0.56686560 -8.8140258747757097e-06
    6.200000   0.63162987 -8.4614526113312834e-06
    6.200000   0.69639591 -8.1174412536025488e-06
    6.200000   0.76116325 -7.7883843699343089e-06
    6.200000   0.82593158 -7.4792128670478901e-06
    6.200000   0.89070068 -7.1934850576928443e-06
    6.200000   0.95547037 -6.9335481190994827e-06
    6.200000   1.02024053 -6.7007406054214047e-06
    6.200000   1.08501108 -6.4956095338988272e-06
    6.200000   1.14978193 -6.3181220450517570e-06
    6.200000   1.21455301 -6.1678582973300647e-06
    6.200000   1.27932429 -6.0441781284958022e-06
    6.200000   1.34409571 -5.9463585963263496e-06
    6.200000   1.40886724 -5.8737026648870092e-06
    6.200000   1.47363885 -5.8256211359860860e-06
    6.200000   1.53841049 -5.8016906697274122e-06
    6.200000   1.60318216 -5.8016906630676826e-06
    6.200000   1.66795381 -5.8256211161686177e-06
    6.200000   1.73272541 -5.8737026323987776e-06
    6.200000   1.79749694 -5.9463585519581497e-06
    6.200000   1.86226837 -6.0441780733187064e-06
    6.200000   1.92703964 -6.1678582326621468e-06
    6.200000   1.99181073 -6.3181219724153598e-06
    6.200000   2.05658157 -6.4956094549724860e-06
    6.200000   2.12135212 -6.7007405219875828e-06
    6.200000   2.18612229 -6.9335480329965245e-06
    6.200000   2.25089198 -7.1934849707521112e-06
    6.200000   2.31566107 -7.4792127810498360e-06
    6.200000   2.38042940 -7.7883842865516639e-06
    6.200000   2.44519674 -8.1174411743544071e-06
    6.200000   2.50996278 -8.4614525375308833e-06
    6.200000   2.57472706 -8.8140258074892606e-06
    6.200000   2.63948889 -9.1673228639112541e-06
    6.200000   2.70424717 -9.5122103610065560e-06
    6.200000   2.76900006 -9.8385630766805084e-06
    6.200000   2.83374417 -1.0135722199416571e-05
    6.200000   2.89847256 -1.0393088375011812e-05
    6.200000   2.96316844 -1.0600805404703166e-05
    6.200000   3.02777863 -1.0750470480503135e-05
    6.200000   3.09200950 -1.0835813986608528e-05
    6.250000   0.04958315 -1.0164243990946197e-05
    6.250000   0.11381403 -1.0085525352903787e-05
    6.250000   0.17842421 -9.9474358369375425e-06
    6.250000   0.24312010 -9.7556926958813936e-06
    6.250000   0.30784849 -9.5179655406293244e-06
    6.250000   0.37259260 -9.2432615741378561e-06
    6.250000   0.43734549 -8.9412827251228945e-06
    6.250000   0.50210377 -8.6218053762569324e-06
    6.250000   0.56686560 -8.2941405035154627e-06
    6.250000   0.63162987 -7.9667142989831447e-06
    6.250000   0.69639591 -7.6467879784055996e-06
    6.250000   0.76116325 -7.3403156495043016e-06
    6.250000   0.82593158 -7.0519238621489827e-06
    6.250000   0.89070068 -6.7849871133710474e-06
    6.250000   0.95547037 -6.5417700207028466e-06
    6.250000   1.02024053 -6.3236079906330456e-06
    6.250000   1.08501108 -6.1311024163909649e-06
    6.250000   1.14978193 -5.9643121556818462e-06
    6.250000   1.21455301 -5.8229289699683367e-06
    6.250000   1.27932429 -5.7064298755485565e-06
    6.250000   1.34409571 -5.6142034987073684e-06
    6.250000   1.40886724 -5.5456504073474515e-06
    6.250000   1.47363885 -5.5002590934475191e-06
    6.250000   1.53841049 -5.4776600036104439e-06
    6.250000   1.60318216 -5.4776599962717149e-06
    6.250000   1.66795381 -5.5002590715897458e-06
    6.250000   1.73272541 -5.5456503714311073e-06
    6.250000   1.79749694 -5.6142034494838647e-06
    6.250000   1.86226837 -5.7064298140405111e-06
    6.250000   1.92703964 -5.8229288974344033e-06
    6.250000   1.99181073 -5.9643120735800455e-06
    6.250000   2.05658157 -6.1311023263379778e-06
    6.250000   2.12135212 -6.3236078943561909e-06
    6.250000   2.18612229 -6.5417699199884828e-06
    6.250000   2.25089198 -6.7849870100158865e-06
    6.250000   2.31566107 -7.0519237579112320e-06
    6.250000   2.38042940 -7.3403155460544033e-06
    6.250000   2.44519674 -7.6467878772761321e-06
    6.250000   2.50996278 -7.9667142015254209e-06
    6.250000   2.57472706 -8.2941404108504124e-06
    6.250000   2.63948889 -8.6218052892325878e-06
    6.250000   2.70424717 -8.9412826442724274e-06
    6.250000   2.76900006 -9.2432614996459468e-06
    6.250000   2.83374417 -9.5179654723095459e-06
    6.250000   2.89847256 -9.7556926331712026e-06
    6.250000   2.96316844 -9.9474357789225364e-06
    6.250000   3.02777863 -1.0085525298357913e-05
    6.250000   3.09200950 -1.0164243938410092e-05
    6.300000   0.04958315 -9.5381008892615624e-06
    6.300000   0.11381403 -9.4654232081886100e-06
    6.300000   0.17842421 -9.3378918829589768e-06
    6.300000   0.24312010 -9.1607249487614831e-06
    6.300000   0.30784849 -8.9409288825263189e-06
    6.300000   0.37259260 -8.6867422708753183e-06
    6.300000   0.43734549 -8.4070535252089616e-06
    6.300000   0.50210377 -8.1108377506453852e-06
    6.300000   0.56686560 -7.8066649340755801e-06
    6.300000   0.63162987 -7.5023158785668340e-06
    6.300000   0.69639591 -7.2045232212174643e-06
    6.300000   0.76116325 -6.9188370745384505e-06
    6.300000   0.82593158 -6.6496010486940006e-06
    6.300000   0.89070068 -6.4000158680057184e-06
    6.300000   0.95547037 -6.1722644195438163e-06
    6.300000   1.02024053 -5.9676728978520727e-06
    6.300000   1.08501108 -5.7868863469950924e-06
    6.300000   1.14978193 -5.6300419400211144e-06
    6.300000   1.21455301 -5.4969286163069185e-06
    6.300000   1.27932429 -5.3871264248434887e-06
    6.300000   1.34409571 -5.3001226677729434e-06
    6.300000   1.40886724 -5.2354045694494296e-06
    6.300000   1.47363885 -5.1925297762172464e-06
    6.300000   1.53841049 -5.1711766920815789e-06
    6.300000   1.60318216 -5.1711766841882694e-06
    6.300000   1.66795381 -5.1925297526837218e-06
    6.300000   1.73272541 -5.2354045307130476e-06
    6.300000   1.79749694 -5.3001226145461028e-06
    6.300000   1.86226837 -5.3871263580976830e-06
    6.300000   1.92703964 -5.4969285372421899e-06
    6.300000   1.99181073 -5.6300418500317860e-06
    6.300000   2.05658157 -5.7868862476317182e-06
    6.300000   2.12135212 -5.9676727907801227e-06
    6.300000   2.18612229 -6.1722643064933680e-06
    6.300000   2.25089198 -6.4000157507314853e-06
    6.300000   2.31566107 -6.6496009289223255e-06
    6.300000   2.38042940 -6.9188369539240971e-06
    6.300000   2.44519674 -7.2045231012981912e-06
    6.300000   2.50996278 -7.5023157607166065e-06
    6.300000   2.57472706 -7.8066648194576092e-06
    6.300000   2.63948889 -8.1108376401735982e-06
    6.300000   2.70424717 -8.4070534195052349e-06
    6.300000   2.76900006 -8.6867421702412092e-06
    6.300000   2.83374417 -8.9409287869180052e-06
    6.300000   2.89847256 -9.1607248577879576e-06
    6.300000   2.96316844 -9.3378917959028041e-06
    6.300000   3.02777863 -9.4654231240455700e-06
    6.300000   3.09200950 -9.5381008068145212e-06
    6.350000   0.04958315 -8.9539139268091950e-06
    6.350000   0.11381403 -8.8867491012969868e-06
    6.350000   0.17842421 -8.7688556808225996e-06
    6.350000   0.24312010 -8.6050003105283582e-06
    6.350000   0.30784849 -8.4015894148288676e-06
    6.350000   0.37259260 -8.1661653786766288e-06
    6.350000   0.43734549 -7.9068787523417063e-06
    6.350000   0.50210377 -7.6319766126501268e-06
    6.350000   0.56686560 -7.3493541739844835e-06
    6.350000   0.63162987 -7.0662027835713507e-06
    6.350000   0.69639591 -6.7887703776580706e-06
    6.350000   0.76116325 -6.5222344924708641e-06
    6.350000   0.82593158 -6.2706754651730931e-06
    6.350000   0.89070068 -6.0371296478295102e-06
    6.350000   0.95547037 -5.8236992604194678e-06
    6.350000   1.02024053 -5.6316960913282017e-06
    6.350000   1.08501108 -5.4617993904906638e-06
    6.350000   1.14978193 -5.3142127389617010e-06
    6.350000   1.21455301 -5.1888093787503629e-06
    6.350000   1.27932429 -5.0852597290727984e-06
    6.350000   1.34409571 -5.0031382041314829e-06
    6.350000   1.40886724 -4.9420088514840763e-06
    6.350000   1.47363885 -4.9014907967498805e-06
    6.350000   1.53841049 -4.8813051562986154e-06
    6.350000   1.60318216 -4.8813051479575939e-06
    6.350000   1.66795381 -4.9014907718662293e-06
    6.350000   1.73272541 -4.9420088104699515e-06
    6.350000   1.79749694 -5.0031381476633555e-06
    6.350000   1.86226837 -5.0852596580706614e-06
    6.350000   1.92703964 -5.1888092943537991e-06
    6.350000   1.99181073 -5.3142126425003464e-06
    6.350000   2.05658157 -5.4617992834491299e-06
    6.350000   2.12135212 -5.6316959753042950e-06
    6.350000   2.18612229 -5.8236991370866476e-06
    6.350000   2.25089198 -6.0371295188894235e-06
    6.350000   2.31566107 -6.2706753323162379e-06
    6.350000   2.38042940 -6.5222343573281575e-06
    6.350000   2.44519674 -6.7887702417594066e-06
    6.350000   2.50996278 -7.0662026483025454e-06
    6.350000   2.57472706 -7.3493540405404117e-06
    6.350000   2.63948889 -7.6319764819982932e-06
    6.350000   2.70424717 -7.9068786251808512e-06
    6.350000   2.76900006 -8.1661652554083661e-06
    6.350000   2.83374417 -8.4015892955378905e-06
    6.350000   2.89847256 -8.6050001949807009e-06
    6.350000   2.96316844 -8.7688555684785277e-06
    6.350000   3.02777863 -8.8867489913562726e-06
    6.350000   3.09200950 -8.9539138182735847e-06
    6.400000   0.04958315 -8.4085078946003474e-06
    6.400000   0.11381403 -8.3463782198643083e-06
    6.400000   0.17842421 -8.2372900897858236e-06
    6.400000   0.24312010 -8.0856017921607659e-06
    6.400000   0.30784849 -7.8971764838021401e-06
    6.400000   0.37259260 -7.6789255775311856e-06
    6.400000   0.43734549 -7.4383299717742101e-06
    6.400000   0.50210377 -7.1829748299961537e-06
    6.400000   0.56686560 -6.9201404505227362e-06
    6.400000   0.63162987 -6.6564793860261988e-06
    6.400000   0.69639591 -6.3977947245402993e-06
    6.400000   0.76116325 -6.1489200839951983e-06
    6.400000   0.82593158 -5.9136906047627337e-06
    6.400000   0.89070068 -5.6949870782820209e-06
    6.400000   0.95547037 -5.4948323256721966e-06
    6.400000   1.02024053 -5.3145193164550963e-06
    6.400000   1.08501108 -5.1547532157794571e-06
    6.400000   1.14978193 -5.0157934553643072e-06
    6.400000   1.21455301 -4.8975861061773260e-06
    6.400000   1.27932429 -4.7998806378991165e-06
    6.400000   1.34409571 -4.7223282166751542e-06
    6.400000   1.40886724 -4.6645608897681709e-06
    6.400000   1.47363885 -4.6262523673812806e-06
    6.400000   1.53841049 -4.6071617629108074e-06
    6.400000   1.60318216 -4.6071617542193710e-06
    6.400000   1.66795381 -4.6262523414371426e-06
    6.400000   1.73272541 -4.6645608469622047e-06
    6.400000   1.79749694 -4.7223281576455713e-06
    6.400000   1.86226837 -4.7998805635159247e-06
    6.400000   1.92703964 -4.8975860175199765e-06
    6.400000   1.99181073 -5.0157933536997621e-06
    6.400000   2.05658157 -5.1547531025224792e-06
    6.400000   2.12135212 -5.3145191931369950e-06
    6.400000   2.18612229 -5.4948321939029656e-06
    6.400000   2.25089198 -5.6949869397103505e-06
    6.400000   2.31566107 -5.9136904610333518e-06
    6.400000   2.38042940 -6.1489199367097730e-06
    6.400000   2.44519674 -6.3977945752112859e-06
    6.400000   2.50996278 -6.6564792360416082e-06
    6.400000   2.57472706 -6.9201403010996852e-06
    6.400000   2.63948889 -7.1829746821443056e-06
    6.400000   2.70424717 -7.4383298262558353e-06
    6.400000   2.76900006 -7.6789254348363205e-06
    6.400000   2.83374417 -7.8971763441309828e-06
    6.400000   2.89847256 -8.0856016554173322e-06
    6.400000   2.96316844 -8.2372899555956234e-06
    6.400000   3.02777863 -8.3463780876123041e-06
    6.400000   3.09200950 -8.4085077634883987e-06
    6.450000   0.04958315 -7.8989771016378318e-06
    6.450000   0.11381403 -7.8414503467768634e-06
    6.450000   0.17842421 -7.7404140059551969e-06
    6.450000   0.24312010 -7.5998567237292688e-06
    6.450000   0.30784849 -7.4251495018309971e-06
    6.450000   0.37259260 -7.2226315354449386e-06
    6.450000   0.43734549 -6.9991755666735372e-06
    6.450000   0.50210377 -6.7617645250626975e-06
    6.450000   0.56686560 -6.5171179082586601e-06
    6.450000   0.63162987 -6.2713953727328617e-06
    6.450000   0.69639591 -6.0299913700569101e-06
    6.450000   0.76116325 -5.7974217561283377e-06
    6.450000   0.82593158 -5.5772931048992639e-06
    6.450000   0.89070068 -5.3723389177679682e-06
    6.450000   0.95547037 -5.1845040621429205e-06
    6.450000   1.02024053 -5.0150589755435059e-06
    6.450000   1.08501108 -4.8647274859924514e-06
    6.450000   1.14978193 -4.7338155356084022e-06
    6.450000   1.21455301 -4.6223318160548572e-06
    6.450000   1.27932429 -4.5300947412179080e-06
    6.450000   1.34409571 -4.4568229577793859e-06
    6.450000   1.40886724 -4.4022086030932430e-06
    6.450000   1.47363885 -4.3659737838899755e-06
    6.450000   1.53841049 -4.3479113750732918e-06
    6.450000   1.60318216 -4.3479113661180258e-06
    6.450000   1.66795381 -4.3659737571459080e-06
    6.450000   1.73272541 -4.4022085589260093e-06
    6.450000   1.79749694 -4.4568228967931399e-06
    6.450000   1.86226837 -4.5300946642328732e-06
    6.450000   1.92703964 -4.6223317240944222e-06
    6.450000   1.99181073 -4.7338154298706392e-06
    6.450000   2.05658157 -4.8647273678279265e-06
    6.450000   2.12135212 -5.0150588464152940e-06
    6.450000   2.18612229 -5.1845039235947933e-06
    6.450000   2.25089198 -5.3723387713902733e-06
    6.450000   2.31566107 -5.5772929522893335e-06
    6.450000   2.38042940 -5.7974215988507815e-06
    6.450000   2.44519674 -6.0299912096020918e-06
    6.450000   2.50996278 -6.2713952104817551e-06
    6.450000   2.57472706 -6.5171177454408926e-06
    6.450000   2.63948889 -6.7617643627181047e-06
    6.450000   2.70424717 -6.9991754056208695e-06
    6.450000   2.76900006 -7.2226313762502207e-06
    6.450000   2.83374417 -7.4251493447936442e-06
    6.450000   2.89847256 -7.5998565688787567e-06
    6.450000   2.96316844 -7.7404138530658278e-06
    6.450000   3.02777863 -7.8414501954013912e-06
    6.450000   3.09200950 -7.8989769511625880e-06
    6.500000   0.04958315 -7.4226613835866443e-06
    6.500000   0.11381403 -7.3693463232284798e-06
    6.500000   0.17842421 -7.2756796156403018e-06
    6.500000   0.24312010 -7.1453150905477664e-06
    6.500000   0.30784849 -6.9831776019168088e-06
    6.500000   0.37259260 -6.7950870520639243e-06
    6.500000   0.43734549 -6.5873634746455764e-06
    6.500000   0.50210377 -6.3664414441855575e-06
    6.500000   0.56686560 -6.1385285943209644e-06
    6.500000   0.63162987 -5.9093332829186307e-06
    6.500000   0.69639591 -5.6838742447800251e-06
    6.500000   0.76116325 -5.4663734633409848e-06
    6.500000   0.82593158 -5.2602242614718082e-06
    6.500000   0.89070068 -5.0680206227125106e-06
    6.500000   0.95547037 -4.8916310565766294e-06
    6.500000   1.02024053 -4.7323003795518210e-06
    6.500000   1.08501108 -4.5907647620950507e-06
    6.500000   1.14978193 -4.4673684117265760e-06
    6.500000   1.21455301 -4.3621735731885784e-06
    6.500000   1.27932429 -4.2750585934551379e-06
    6.500000   1.34409571 -4.2058013117703026e-06
    6.500000   1.40886724 -4.1541468720423563e-06
    6.500000   1.47363885 -4.1198602285618364e-06
    6.500000   1.53841049 -4.1027642163097902e-06
    6.500000   1.60318216 -4.1027642071643500e-06
    6.500000   1.66795381 -4.1198602012428326e-06
    6.500000   1.73272541 -4.1541468268956670e-06
    6.500000   1.79749694 -4.2058012493612776e-06
    6.500000   1.86226837 -4.2750585145581304e-06
    6.500000   1.92703964 -4.3621734787717140e-06
    6.500000   1.99181073 -4.4673683029235982e-06
    6.500000   2.05658157 -4.5907646401892515e-06
    6.500000   2.12135212 -4.7323002459354635e-06
    6.500000   2.18612229 -4.8916309127303764e-06
    6.500000   2.25089198 -5.0680204701661755e-06
    6.500000   2.31566107 -5.2602241017702207e-06
    6.500000   2.38042940 -5.4663732980051392e-06
    6.500000   2.44519674 -5.6838740752752417e-06
    6.500000   2.50996278 -5.9093331106118792e-06
    6.500000   2.57472706 -6.1385284204456299e-06
    6.500000   2.63948889 -6.3664412698045884e-06
    6.500000   2.70424717 -6.5873633006204382e-06
    6.500000   2.76900006 -6.7950868790269771e-06
    6.500000   2.83374417 -6.9831774302571558e-06
    6.500000   2.89847256 -7.1453149204049596e-06
    6.500000   2.96316844 -7.2756794469224568e-06
    6.500000   3.02777863 -7.3693461556407615e-06
    6.500000   3.09200950 -7.4226612166784878e-06
    6.550000   0.04958315 -6.9771240806500256e-06
    6.550000   0.11381403 -6.9276664471828131e-06
    6.550000   0.17842421 -6.8407515251606093e-06
    6.550000   0.24312010 -6.7197296646254511e-06
    6.550000   0.30784849 -6.5691209880876330e-06
    6.550000   0.37259260 -6.3942737850244394e-06
    6.550000   0.43734549 -6.2010053848312269e-06
    6.550000   0.50210377 -5.9952506609988960e-06
    6.550000   0.56686560 -5.7827496509522853e-06
    6.550000   0.63162987 -5.5687971298265839e-06
    6.550000   0.69639591 -5.3580660594250549e-06
    6.550000   0.76116325 -5.1545063865031872e-06
    6.550000   0.82593158 -4.9613123014400174e-06
    6.550000   0.89070068 -4.7809455818899795e-06
    6.550000   0.95547037 -4.6152001015531571e-06
    6.550000   1.02024053 -4.4652925218362525e-06
    6.550000   1.08501108 -4.3319658698053021e-06
    6.550000   1.14978193 -4.2155953573358273e-06
    6.550000   1.21455301 -4.1162887413072591e-06
    6.550000   1.27932429 -4.0339762776927527e-06
    6.550000   1.34409571 -3.9684875975595229e-06
    6.550000   1.40886724 -3.9196145136786319e-06
    6.550000   1.47363885 -3.8871598562832511e-06
    6.550000   1.53841049 -3.8709730113348689e-06
    6.550000   1.60318216 -3.8709730020689061e-06
    6.550000   1.66795381 -3.8871598285925345e-06
    6.550000   1.73272541 -3.9196144678891735e-06
    6.550000   1.79749694 -3.9684875342026434e-06
    6.550000   1.86226837 -4.0339761974971505e-06
    6.550000   1.92703964 -4.1162886451859153e-06
    6.550000   1.99181073 -4.2155952463604971e-06
    6.550000   2.05658157 -4.3319657451915818e-06
    6.550000   2.12135212 -4.4652923849100824e-06
    6.550000   2.18612229 -4.6151999537287546e-06
    6.550000   2.25089198 -4.7809454246358455e-06
    6.550000   2.31566107 -4.9613121362455788e-06
    6.550000   2.38042940 -5.1545062148455373e-06
    6.550000   2.44519674 -5.3580658827361929e-06
    6.550000   2.50996278 -5.5687969494545998e-06
    6.550000   2.57472706 -5.7827494681271202e-06
    6.550000   2.63948889 -5.9952504767980350e-06
    6.550000   2.70424717 -6.2010052001524827e-06
    6.550000   2.76900006 -6.3942736005554900e-06
    6.550000   2.83374417 -6.5691208042923805e-06
    6.550000   2.89847256 -6.7197294817457006e-06
    6.550000   2.96316844 -6.8407513432214466e-06
    6.550000   3.02777863 -6.9276662660253813e-06
    6.550000   3.09200950 -6.9771238999752399e-06
    6.600000   0.04958315 -6.5601318822349215e-06
    6.600000   0.11381403 -6.5142107053925087e-06
    6.600000   0.17842421 -6.4334876663306345e-06
    6.600000   0.24312010 -6.3210378322508388e-06
    6.600000   0.30784849 -6.1810138846615316e-06
    6.600000   0.37259260 -6.0183354647642587e-06
    6.600000   0.43734549 -5.8383623046083453e-06
    6.600000   0.50210377 -5.6465735266748237e-06
    6.600000   0.56686560 -5.4482816325559631e-06
    6.600000   0.63162987 -5.2484020280708625e-06
    6.600000   0.69639591 -5.0512891560759368e-06
    6.600000   0.76116325 -4.8606409013222017e-06
    6.600000   0.82593158 -4.6794653504817412e-06
    6.600000   0.89070068 -4.5100989614452202e-06
    6.600000   0.95547037 -4.3542627979574441e-06
    6.600000   1.02024053 -4.2131433242165876e-06
    6.600000   1.08501108 -4.0874856840047260e-06
    6.600000   1.14978193 -3.9776897150507340e-06
    6.600000   1.21455301 -3.8839015682309155e-06
    6.600000   1.27932429 -3.8060962729159745e-06
    6.600000   1.34409571 -3.7441486507928473e-06
    6.600000   1.40886724 -3.6978915184998385e-06
    6.600000   1.47363885 -3.6671611316454390e-06
    6.600000   1.53841049 -3.6518303723016161e-06
    6.600000   1.60318216 -3.6518303629731910e-06
    6.600000   1.66795381 -3.6671611037612948e-06
    6.600000   1.73272541 -3.6978914723625980e-06
    6.600000   1.79749694 -3.7441485869028352e-06
    6.600000   1.86226837 -3.8060961919597181e-06
    6.600000   1.92703964 -3.8839014710662830e-06
    6.600000   1.99181073 -3.9776896026915747e-06
    6.600000   2.05658157 -4.0874855575980843e-06
    6.600000   2.12135212 -4.2131431850249060e-06
    6.600000   2.18612229 -4.3542626473281555e-06
    6.600000   2.25089198 -4.5100988007836471e-06
    6.600000   2.31566107 -4.6794651812206534e-06
    6.600000   2.38042940 -4.8606407248928452e-06
    6.600000   2.44519674 -5.0512889738721889e-06
    6.600000   2.50996278 -5.2484018414188009e-06
    6.600000   2.57472706 -5.4482814426749635e-06
    6.600000   2.63948889 -5.6465733346529712e-06
    6.600000   2.70424717 -5.8383621113668357e-06
    6.600000   2.76900006 -6.0183352710374052e-06
    6.600000   2.83374417 -6.1810136909833029e-06
    6.600000   2.89847256 -6.3210376389460626e-06
    6.600000   2.96316844 -6.4334874735334682e-06
    6.600000   3.02777863 -6.5142105130625845e-06
    6.600000   3.09200950 -6.5601316902102849e-06
    6.650000   0.04958315 -6.1696364259499928e-06
    6.650000   0.11381403 -6.1269607276696968e-06
    6.650000   0.17842421 -6.0519218682769185e-06
    6.650000   0.24312010 -5.9473450111604506e-06
    6.650000   0.30784849 -5.8170489814357604e-06
    6.650000   0.37259260 -5.6655634990866856e-06
    6.650000   0.43734549 -5.4978314020711841e-06
    6.650000   0.50210377 -5.3189157785629748e-06
    6.650000   0.56686560 -5.1337378643018468e-06
    6.650000   0.63162987 -4.9468647496337551e-06
    6.650000   0.69639591 -4.7623571815648760e-06
    6.650000   0.76116325 -4.5836792706812138e-06
    6.650000   0.82593158 -4.4136650356215088e-06
    6.650000   0.89070068 -4.2545321057441214e-06
    6.650000   0.95547037 -4.1079306439840714e-06
    6.650000   1.02024053 -3.9750153097623546e-06
    6.650000   1.08501108 -3.8565292890372416e-06
    6.650000   1.14978193 -3.7528914572387044e-06
    6.650000   1.21455301 -3.6642800694509115e-06
    6.650000   1.27932429 -3.5907085917024886e-06
    6.650000   1.34409571 -3.5320911548354734e-06
    6.650000   1.40886724 -3.4882965204724333e-06
    6.650000   1.47363885 -3.4591903888336877e-06
    6.650000   1.53841049 -3.4446664027579138e-06
    6.650000   1.60318216 -3.4446663934181173e-06
    6.650000   1.66795381 -3.4591903609089354e-06
    6.650000   1.73272541 -3.4882964742487416e-06
    6.650000   1.79749694 -3.5320910907793289e-06
    6.650000   1.86226837 -3.5907085104592256e-06
    6.650000   1.92703964 -3.6642799718260512e-06
    6.650000   1.99181073 -3.7528913441879266e-06
    6.650000   2.05658157 -3.8565291616465788e-06
    6.650000   2.12135212 -3.9750151692275295e-06
    6.650000   2.18612229 -4.1079304915876493e-06
    6.650000   2.25089198 -4.2545319428285495e-06
    6.650000   2.31566107 -4.4136648635631303e-06
    6.650000   2.38042940 -4.5836790908610353e-06
    6.650000   2.44519674 -4.7623569953384738e-06
    6.650000   2.50996278 -4.9468645582974987e-06
    6.650000   2.57472706 -5.1337376690633579e-06
    6.650000   2.63948889 -5.3189155805113074e-06
    6.650000   2.70424717 -5.4978312021481431e-06
    6.650000   2.76900006 -5.6655632980635563e-06
    6.650000   2.83374417 -5.8170487799018101e-06
    6.650000   2.89847256 -5.9473448095180174e-06
    6.650000   2.96316844 -6.0519216667520738e-06
    6.650000   3.02777863 -6.1269605263341131e-06
    6.650000   3.09200950 -6.1696362247601175e-06
    6.700000   0.04958315 -5.8037575335230583e-06
    6.700000   0.11381403 -5.7640633474287771e-06
    6.700000   0.17842421 -5.6942479822185407e-06
    6.700000   0.24312010 -5.5969095475756620e-06
    6.700000   0.30784849 -5.4755632696088949e-06
    6.700000   0.37259260 -5.3343838676359296e-06
    6.700000   0.43734549 -5.1779340302952647e-06
    6.700000   0.50210377 -5.0108967194774736e-06
    6.700000   0.56686560 -4.8378347610634613e-06
    6.700000   0.63162987 -4.6629951337673984e-06
    6.700000   0.69639591 -4.4901675146786804e-06
    6.700000   0.76116325 -4.3225989986984971e-06
    6.700000   0.82593158 -4.1629606664466134e-06
    6.700000   0.89070068 -4.0133574430969729e-06
    6.700000   0.95547037 -3.8753705646155741e-06
    6.700000   1.02024053 -3.7501216606900482e-06
    6.700000   1.08501108 -3.6383484771916543e-06
    6.700000   1.14978193 -3.5404840458245979e-06
    6.700000   1.21455301 -3.4567331787433444e-06
    6.700000   1.27932429 -3.3871421593666220e-06
    6.700000   1.34409571 -3.3316591934910711e-06
    6.700000   1.40886724 -3.2901844744585414e-06
    6.700000   1.47363885 -3.2626095895504150e-06
    6.700000   1.53841049 -3.2488464950303415e-06
    6.700000   1.60318216 -3.2488464857243861e-06
    6.700000   1.66795381 -3.2626095617208862e-06
    6.700000   1.73272541 -3.2901844283727742e-06
    6.700000   1.79749694 -3.3316591295859360e-06
    6.700000   1.86226837 -3.3871420782472389e-06
    6.700000   1.92703964 -3.4567330811657960e-06
    6.700000   1.99181073 -3.5404839326899447e-06
    6.700000   2.05658157 -3.6383483495240262e-06
    6.700000   2.12135212 -3.7501215196217757e-06
    6.700000   2.18612229 -3.8753704113649227e-06
    6.700000   2.25089198 -4.0133572789445881e-06
    6.700000   2.31566107 -4.1629604927123378e-06
    6.700000   2.38042940 -4.3225988167126036e-06
    6.700000   2.44519674 -4.4901673257541488e-06
    6.700000   2.50996278 -4.6629949391692961e-06
    6.700000   2.57472706 -4.8378345619828445e-06
    6.700000   2.63948889 -5.0108965169984386e-06
    6.700000   2.70424717 -5.1779338253734638e-06
    6.700000   2.76900006 -5.3343836610721766e-06
    6.700000   2.83374417 -5.4755630620421058e-06
    6.700000   2.89847256 -5.5969093394718726e-06
    6.700000   2.96316844 -5.6942477738856932e-06
    6.700000   3.02777863 -5.7640631390365721e-06
    6.700000   3.09200950 -5.8037573251349310e-06
    6.750000   0.04958315 -5.4607679649826104e-06
    6.750000   0.11381403 -5.4238156515806290e-06
    6.750000   0.17842421 -5.3588054453174413e-06
    6.750000   0.24312010 -5.2681289833490888e-06
    6.750000   0.30784849 -5.1550251638383878e-06
    6.750000   0.37259260 -5.0233452075676586e-06
    6.750000   0.43734549 -4.8773048411785299e-06
    6.750000   0.50210377 -4.7212393822907455e-06
    6.750000   0.56686560 -4.5593830282634185e-06
    6.750000   0.63162987 -4.3956882793070609e-06
    6.750000   0.69639591 -4.2336943823595578e-06
    6.750000   0.76116325 -4.0764467880431516e-06
    6.750000   0.82593158 -3.9264639423732216e-06
    6.750000   0.89070068 -3.7857438492136409e-06
    6.750000   0.95547037 -3.6558008393695842e-06
    6.750000   1.02024053 -3.5377226235005127e-06
    6.750000   1.08501108 -3.4322385513210265e-06
    6.750000   1.14978193 -3.3397915603952951e-06
    6.750000   1.21455301 -3.2606081378188860e-06
    6.750000   1.27932429 -3.1947624088319718e-06
    6.750000   1.34409571 -3.1422320015275132e-06
    6.750000   1.40886724 -3.1029445184287201e-06
    6.750000   1.47363885 -3.0768142572657992e-06
    6.750000   1.53841049 -3.0637692997586505e-06
    6.750000   1.60318216 -3.0637692905253819e-06
    6.750000   1.66795381 -3.0768142296488300e-06
    6.750000   1.73272541 -3.1029444726762350e-06
    6.750000   1.79749694 -3.1422319380505918e-06
    6.750000   1.86226837 -3.1947623281947786e-06
    6.750000   1.92703964 -3.2606080407319056e-06
    6.750000   1.99181073 -3.3397914477060813e-06
    6.750000   2.05658157 -3.4322384239960367e-06
    6.750000   2.12135212 -3.5377224826083294e-06
    6.750000   2.18612229 -3.6558006860667978e-06
    6.750000   2.25089198 -3.7857436847209217e-06
    6.750000   2.31566107 -3.9264637679524894e-06
    6.750000   2.38042940 -4.0764466049718209e-06
    6.750000   2.44519674 -4.2336941919089515e-06
    6.750000   2.50996278 -4.3956880827105987e-06
    6.750000   2.57472706 -4.5593828266889369e-06
    6.750000   2.63948889 -4.7212391768142100e-06
    6.750000   2.70424717 -4.8773046327619804e-06
    6.750000   2.76900006 -5.0233449970355630e-06
    6.750000   2.83374417 -5.1550249518673636e-06
    6.750000   2.89847256 -5.2681287704651604e-06
    6.750000   2.96316844 -5.3588052318978264e-06
    6.750000   3.02777863 -5.4238154378805937e-06
    6.750000   3.09200950 -5.4607677511605499e-06
    6.800000   0.04958315 -5.1390795740370580e-06
    6.800000   0.11381403 -5.1046514045563108e-06
    6.800000   0.17842421 -5.0440661715499420e-06
    6.800000   0.24312010 -4.9595275856628415e-06
    6.800000   0.30784849 -4.8540228083363646e-06
    6.800000   0.37259260 -4.7311079946296185e-06
    6.800000   0.43734549 -4.5946818998840617e-06
    6.800000   0.50210377 -4.4487615979246838e-06
    6.800000   0.56686560 -4.2972796699340429e-06
    6.800000   0.63162987 -4.1439174517255160e-06
    6.800000   0.69639591 -3.9919826040269272e-06
    6.800000   0.76116325 -3.8443330459738415e-06
    6.800000   0.82593158 -3.7033441373137936e-06
    6.800000   0.89070068 -3.5709124250915935e-06
    6.800000   0.95547037 -3.4484873897731767e-06
    6.800000   1.02024053 -3.3371222270550038e-06
    6.800000   1.08501108 -3.2375354009522683e-06
    6.800000   1.14978193 -3.1501760670778919e-06
    6.800000   1.21455301 -3.0752881001023377e-06
    6.800000   1.27932429 -3.0129690684677276e-06
    6.800000   1.34409571 -2.9632218919148106e-06
    6.800000   1.40886724 -2.9259980006090755e-06
    6.800000   1.47363885 -2.9012315687443243e-06
    6.800000   1.53841049 -2.8888648489328403e-06
    6.800000   1.60318216 -2.8888648398051192e-06
    6.800000   1.66795381 -2.9012315414388726e-06
    6.800000   1.73272541 -2.9259979553587586e-06
    6.800000   1.79749694 -2.9632218291026042e-06
    6.800000   1.86226837 -3.0129689886213647e-06
    6.800000   1.92703964 -3.0752880038901255e-06
    6.800000   1.99181073 -3.1501759552924890e-06
    6.800000   2.05658157 -3.2375352745058301e-06
    6.800000   2.12135212 -3.3371220869564938e-06
    6.800000   2.18612229 -3.4484872371182994e-06
    6.800000   2.25089198 -3.5709122610402395e-06
    6.800000   2.31566107 -3.7033439630738847e-06
    6.800000   2.38042940 -3.8443328627693598e-06
    6.800000   2.44519674 -3.9919824130857618e-06
    6.800000   2.50996278 -4.1439172542453587e-06
    6.800000   2.57472706 -4.2972794670567551e-06
    6.800000   2.63948889 -4.4487613907170299e-06
    6.800000   2.70424717 -4.5946816893070734e-06
    6.800000   2.76900006 -4.7311077815270481e-06
    6.800000   2.83374417 -4.8540225934161097e-06
    6.800000   2.89847256 -4.9595273694984427e-06
    6.800000   2.96316844 -5.0440659545821764e-06
    6.800000   3.02777863 -5.1046511871124306e-06
    6.800000   3.09200950 -5.1390793563599633e-06
    6.850000   0.04958315 -4.8372307511388620e-06
    6.850000   0.11381403 -4.8051287348318814e-06
    6.850000   0.17842421 -4.7486226613363488e-06
    6.850000   0.24312010 -4.6697450355373725e-06
    6.850000   0.30784849 -4.5712534688959109e-06
    6.850000   0.37259260 -4.4564347278881739e-06
    6.850000   0.43734549 -4.3288977150108543e-06
    6.850000   0.50210377 -4.1923678890641227e-06
    6.850000   0.56686560 -4.0505007334712083e-06
    6.850000   0.63162987 -3.9067276414534023e-06
    6.850000   0.69639591 -3.7641419072238502e-06
    6.850000   0.76116325 -3.6254268885694841e-06
    6.850000   0.82593158 -3.4928237169266717e-06
    6.850000   0.89070068 -3.3681326496855039e-06
    6.850000   0.95547037 -3.2527403915161314e-06
    6.850000   1.02024053 -3.1476652825468457e-06
    6.850000   1.08501108 -3.0536128243270634e-06
    6.850000   1.14978193 -2.9710352035669652e-06
    6.850000   1.21455301 -2.9001899265022713e-06
    6.850000   1.27932429 -2.8411941227351201e-06
    6.850000   1.34409571 -2.7940723411902724e-06
    6.850000   1.40886724 -2.7587966541304631e-06
    6.850000   1.47363885 -2.7353185861599865e-06
    6.850000   1.53841049 -2.7235928161389844e-06
    6.850000   1.60318216 -2.7235928071458725e-06
    6.850000   1.66795381 -2.7353185592531603e-06
    6.850000   1.73272541 -2.7587966095255632e-06
    6.850000   1.79749694 -2.7940722792466691e-06
    6.850000   1.86226837 -2.8411940439466170e-06
    6.850000   1.92703964 -2.9001898314930082e-06
    6.850000   1.99181073 -2.9710350930818553e-06
    6.850000   2.05658157 -3.0536126992225561e-06
    6.850000   2.12135212 -3.1476651437759908e-06
    6.850000   2.18612229 -3.2527402401158589e-06
    6.850000   2.25089198 -3.3681324867585065e-06
    6.850000   2.31566107 -3.4928235436228299e-06
    6.850000   2.38042940 -3.6254267060650743e-06
    6.850000   2.44519674 -3.7641417166986097e-06
    6.850000   2.50996278 -3.9067274440692316e-06
    6.850000   2.57472706 -4.0505005303446099e-06
    6.850000   2.63948889 -4.1923676812439411e-06
    6.850000   2.70424717 -4.3288975034579773e-06
    6.850000   2.76900006 -4.4564345134554381e-06
    6.850000   2.83374417 -4.5712532523195423e-06
    6.850000   2.89847256 -4.6697448174276650e-06
    6.850000   2.96316844 -4.7486224421887296e-06
    6.850000   3.02777863 -4.8051285150384580e-06
    6.850000   3.09200950 -4.8372305310125767e-06
    6.900000   0.04958315 -4.5538750456134040e-06
    6.900000   0.11381403 -4.5239189772715246e-06
    6.900000   0.17842421 -4.4711772265253085e-06
    6.900000   0.24312010 -4.3975261763589183e-06
    6.900000   0.30784849 -4.3055139175905074e-06
    6.900000   0.37259260 -4.1981810312089175e-06
    6.900000   0.43734549 -4.0788711044354235e-06
    6.900000   0.50210377 -3.9510421165534486e-06
    6.900000   0.56686560 -3.8180947251257922e-06
    6.900000   0.63162987 -3.6832297143281843e-06
    6.900000   0.69639591 -3.5493417619387232e-06
    6.900000   0.76116325 -3.4189515965316770e-06
    6.900000   0.82593158 -3.2941743473525020e-06
    6.900000   0.89070068 -3.1767188712106778e-06
    6.900000   0.95547037 -3.0679111794917817e-06
    6.900000   1.02024053 -2.9687346373998523e-06
    6.900000   1.08501108 -2.8798800716603375e-06
    6.900000   1.14978193 -2.8017999583897966e-06
    6.900000   1.21455301 -2.7347621535065438e-06
    6.900000   1.27932429 -2.6788999278431867e-06
    6.900000   1.34409571 -2.6342562165817180e-06
    6.900000   1.40886724 -2.6008209038620274e-06
    6.900000   1.47363885 -2.5785606152092440e-06
    6.900000   1.53841049 -2.5674408997317357e-06
    6.900000   1.60318216 -2.5674408908970812e-06
    6.900000   1.66795381 -2.5785605887729336e-06
    6.900000   1.73272541 -2.6008208600259336e-06
    6.900000   1.79749694 -2.6342561556784042e-06
    6.900000   1.86226837 -2.6788998503371826e-06
    6.900000   1.92703964 -2.7347620599800508e-06
    6.900000   1.99181073 -2.8017998495420581e-06
    6.900000   2.05658157 -2.8798799482951997e-06
    6.900000   2.12135212 -2.9687345004156906e-06
    6.900000   2.18612229 -3.0679110298702751e-06
    6.900000   2.25089198 -3.1767187099974800e-06
    6.900000   2.31566107 -3.2941741756422485e-06
    6.900000   2.38042940 -3.4189514154510817e-06
    6.900000   2.44519674 -3.5493415726216409e-06
    6.900000   2.50996278 -3.6832295178984631e-06
    6.900000   2.57472706 -3.8180945226716609e-06
    6.900000   2.63948889 -3.9510419091051221e-06
    6.900000   2.70424717 -4.0788708929477408e-06
    6.900000   2.76900006 -4.1981808165416189e-06
    6.900000   2.83374417 -4.3055137004972192e-06
    6.900000   2.89847256 -4.3975259574847314e-06
    6.900000   2.96316844 -4.4711770064091748e-06
    6.900000   3.02777863 -4.5239187563611052e-06
    6.900000   3.09200950 -4.5538748242860336e-06
    6.950000   0.04958315 -4.2877708640991368e-06
    6.950000   0.11381403 -4.2597965703455449e-06
    6.950000   0.17842421 -4.2105322330764609e-06
    6.950000   0.24312010 -4.1417117291782074e-06
    6.950000   0.30784849 -4.0556917223780031e-06
    6.950000   0.37259260 -3.9552875898771329e-06
    6.950000   0.43734549 -3.8435998218223741e-06
    6.950000   0.50210377 -3.7238408103334657e-06
    6.950000   0.56686560 -3.5991766348613583e-06
    6.950000   0.63162987 -3.4725950994196063e-06
    6.950000   0.69639591 -3.3468066850924074e-06
    6.950000   0.76116325 -3.2241804798115732e-06
    6.950000   0.82593158 -3.1067132579020837e-06
    6.950000   0.89070068 -2.9960271042084072e-06
    6.950000   0.95547037 -2.8933894169873188e-06
    6.950000   1.02024053 -2.7997486579040123e-06
    6.950000   1.08501108 -2.7157795874986869e-06
    6.950000   1.14978193 -2.6419326248173210e-06
    6.950000   1.21455301 -2.5784831161702224e-06
    6.950000   1.27932429 -2.5255774666772247e-06
    6.950000   1.34409571 -2.4832741304963545e-06
    6.950000   1.40886724 -2.4515782920131248e-06
    6.950000   1.47363885 -2.4304696764064449e-06
    6.950000   1.53841049 -2.4199233164743298e-06
    6.950000   1.60318216 -2.4199233078184010e-06
    6.950000   1.66795381 -2.4304696505013712e-06
    6.950000   1.73272541 -2.4515782490469016e-06
    6.950000   1.79749694 -2.4832740707789842e-06
    6.950000   1.86226837 -2.5255773906426930e-06
    6.950000   1.92703964 -2.5784830243620755e-06
    6.950000   1.99181073 -2.6419325178916489e-06
    6.950000   2.05658157 -2.7157794662099559e-06
    6.950000   2.12135212 -2.7997485230983630e-06
    6.950000   2.18612229 -2.8933892695917161e-06
    6.950000   2.25089198 -2.9960269452136336e-06
    6.950000   2.31566107 -3.1067130883512496e-06
    6.950000   2.38042940 -3.2241803007801111e-06
    6.950000   2.44519674 -3.3468064976703178e-06
    6.950000   2.50996278 -3.4725949046911418e-06
    6.950000   2.57472706 -3.5991764338854918e-06
    6.950000   2.63948889 -3.7238406041185314e-06
    6.950000   2.70424717 -3.8435996113132992e-06
    6.950000   2.76900006 -3.9552873759354671e-06
    6.950000   2.83374417 -4.0556915057717749e-06
    6.950000   2.89847256 -4.1417115105795307e-06
    6.950000   2.96316844 -4.2105320130605168e-06
    6.950000   3.02777863 -4.2597963494082492e-06
    6.950000   3.09200950 -4.2877706426717952e-06
    7.000000   0.04958315 -4.0377721488349287e-06
    7.000000   0.11381403 -4.0116299136243592e-06
    7.000000   0.17842421 -3.9655812699293369e-06
    7.000000   0.24312010 -3.9012298875971198e-06
    7.000000   0.30784849 -3.8207573596302992e-06
    7.000000   0.37259260 -3.7267728462873407e-06
    7.000000   0.43734549 -3.6221538740992769e-06
    7.000000   0.50210377 -3.5098871217225634e-06
    7.000000   0.56686560 -3.3929225138824584e-06
    7.000000   0.63162987 -3.2740509637734637e-06
    7.000000   0.69639591 -3.1558119706237330e-06
    7.000000   0.76116325 -3.0404331119272030e-06
    7.000000   0.82593158 -2.9297999235190518e-06
    7.000000   0.89070068 -2.8254521025853942e-06
    7.000000   0.95547037 -2.7286005030652235e-06
    7.000000   1.02024053 -2.6401589179783901e-06
    7.000000   1.08501108 -2.5607849323819501e-06
    7.000000   1.14978193 -2.4909249120254897e-06
    7.000000   1.21455301 -2.4308592105408754e-06
    7.000000   1.27932429 -2.3807447291182969e-06
    7.000000   1.34409571 -2.3406529096884371e-06
    7.000000   1.40886724 -2.3106020107026903e-06
    7.000000   1.47363885 -2.2905830783710343e-06
    7.000000   1.53841049 -2.2805793947045377e-06
    7.000000   1.60318216 -2.2805793862435650e-06
    7.000000   1.66795381 -2.2905830530481373e-06
    7.000000   1.73272541 -2.3106019686913245e-06
    7.000000   1.79749694 -2.3406528512780831e-06
    7.000000   1.86226837 -2.3807446547122936e-06
    7.000000   1.92703964 -2.4308591206495225e-06
    7.000000   1.99181073 -2.4909248072606846e-06
    7.000000   2.05658157 -2.5607848134536170e-06
    7.000000   2.12135212 -2.6401587856825290e-06
    7.000000   2.18612229 -2.7286003582764362e-06
    7.000000   2.25089198 -2.8254519462419497e-06
    7.000000   2.31566107 -2.9297997566116711e-06
    7.000000   2.38042940 -3.0404329354829886e-06
    7.000000   2.44519674 -3.1558117856867402e-06
    7.000000   2.50996278 -3.2740507713915189e-06
    7.000000   2.57472706 -3.3929223150805667e-06
    7.000000   2.63948889 -3.5098869174890666e-06
    7.000000   2.70424717 -3.6221536653646805e-06
    7.000000   2.76900006 -3.7267726339109117e-06
    7.000000   2.83374417 -3.8207571443908908e-06
    7.000000   2.89847256 -3.9012296701852151e-06
    7.000000   2.96316844 -3.9655810509528547e-06
    7.000000   3.02777863 -4.0116296936174716e-06
    7.000000   3.09200950 -4.0377719282742247e-06
    7.100000   0.04958315 -3.5819347808226802e-06
    7.100000   0.11381403 -3.5590584228721607e-06
    7.100000   0.17842421 -3.5187447269734447e-06
    7.100000   0.24312010 -3.4623692423062148e-06
    7.100000   0.30784849 -3.3918064117974090e-06
    7.100000   0.37259260 -3.3093029368557886e-06
    7.100000   0.43734549 -3.2173435082904251e-06
    7.100000   0.50210377 -3.1185159109358615e-06
    7.100000   0.56686560 -3.0153866116265297e-06
    7.100000   0.63162987 -2.9103955791008595e-06
    7.100000   0.69639591 -2.8057757272209033e-06
    7.100000   0.76116325 -2.7034989467725748e-06
    7.100000   0.82593158 -2.6052477358353084e-06
    7.100000   0.89070068 -2.5124092652061584e-06
    7.100000   0.95547037 -2.4260874233030431e-06
    7.100000   1.02024053 -2.3471279059688404e-06
    7.100000   1.08501108 -2.2761515770794533e-06
    7.100000   1.14978193 -2.2135919105486469e-06
    7.100000   1.21455301 -2.1597331261396964e-06
    7.100000   1.27932429 -2.1147464823211658e-06
    7.100000   1.34409571 -2.0787229726310370e-06
    7.100000   1.40886724 -2.0517013205244679e-06
    7.100000   1.47363885 -2.0336906559068159e-06
    7.100000   1.53841049 -2.0246875874169471e-06
    7.100000   1.60318216 -2.0246875793843092e-06
    7.100000   1.66795381 -2.0336906318600596e-06
    7.100000   1.73272541 -2.0517012806145179e-06
    7.100000   1.79749694 -2.0787229171093593e-06
    7.100000   1.86226837 -2.1147464115368890e-06
    7.100000   1.92703964 -2.1597330405381648e-06
    7.100000   1.99181073 -2.2135918106651157e-06
    7.100000   2.05658157 -2.2761514635359975e-06
    7.100000   2.12135212 -2.3471277794710113e-06
    7.100000   2.18612229 -2.4260872846264359e-06
    7.100000   2.25089198 -2.5124091151913350e-06
    7.100000   2.31566107 -2.6052475753754778e-06
    7.100000   2.38042940 -2.7034987768002372e-06
    7.100000   2.44519674 -2.8057755486933936e-06
    7.100000   2.50996278 -2.9103953929865379e-06
    7.100000   2.57472706 -3.0153864188879544e-06
    7.100000   2.63948889 -3.1185157125106517e-06
    7.100000   2.70424717 -3.2173433050762376e-06
    7.100000   2.76900006 -3.3093027296984365e-06
    7.100000   2.83374417 -3.3918062014798283e-06
    7.100000   2.89847256 -3.4623690295459211e-06
    7.100000   2.96316844 -3.5187445124197141e-06
    7.100000   3.02777863 -3.5590582071198544e-06
    7.100000   3.09200950 -3.5819345644203790e-06
    7.200000   0.04958315 -3.1788043524233865e-06
    7.200000   0.11381403 -3.1587358186486553e-06
    7.200000   0.17842421 -3.1233556285848496e-06
    7.200000   0.24312010 -3.0738477332379548e-06
    7.200000   0.30784849 -3.0118281123431792e-06
    7.200000   0.37259260 -2.9392377061560852e-06
    7.200000   0.43734549 -2.8582287473056521e-06
    7.200000   0.50210377 -2.7710500549279101e-06
    7.200000   0.56686560 -2.6799405897276006e-06
    7.200000   0.63162987 -2.5870386958026741e-06
    7.200000   0.69639591 -2.4943117197284151e-06
    7.200000   0.76116325 -2.4035078711579964e-06
    7.200000   0.82593158 -2.3161297185749903e-06
    7.200000   0.89070068 -2.2334268624717854e-06
    7.200000   0.95547037 -2.1564041897600859e-06
    7.200000   1.02024053 -2.0858416437574528e-06
    7.200000   1.08501108 -2.0223215110999807e-06
    7.200000   1.14978193 -1.9662596598932915e-06
    7.200000   1.21455301 -1.9179377942197949e-06
    7.200000   1.27932429 -1.8775344797725877e-06
    7.200000   1.34409571 -1.8451533441614151e-06
    7.200000   1.40886724 -1.8208474042376059e-06
    7.200000   1.47363885 -1.8046388959266051e-06
    7.200000   1.53841049 -1.7965342786039079e-06
    7.200000   1.60318216 -1.7965342710336208e-06
    7.200000   1.66795381 -1.8046388732577116e-06
    7.200000   1.73272541 -1.8208473666008018e-06
    7.200000   1.79749694 -1.8451532917740894e-06
    7.200000   1.86226837 -1.8775344129380931e-06
    7.200000   1.92703964 -1.9179377133238789e-06
    7.200000   1.99181073 -1.9662595654049308e-06
    7.200000   2.05658157 -2.0223214035652411e-06
    7.200000   2.12135212 -2.0858415237955574e-06
    7.200000   2.18612229 -2.1564040580615182e-06
    7.200000   2.25089198 -2.2334267197838609e-06
    7.200000   2.31566107 -2.3161295657021985e-06
    7.200000   2.38042940 -2.4035077089448495e-06
    7.200000   2.44519674 -2.4943115490474600e-06
    7.200000   2.50996278 -2.5870385175474431e-06
    7.200000   2.57472706 -2.6799404047937588e-06
    7.200000   2.63948889 -2.7710498641971375e-06
    7.200000   2.70424717 -2.8582285516380046e-06
    7.200000   2.76900006 -2.9392375063725760e-06
    7.200000   2.83374417 -3.0118279092196882e-06
    7.200000   2.89847256 -3.0738475274982653e-06
    7.200000   2.96316844 -3.1233554209050565e-06
    7.200000   3.02777863 -3.1587356096577069e-06
    7.200000   3.09200950 -3.1788041427151410e-06
    7.300000   0.04958315 -2.8218886426130851e-06
    7.300000   0.11381403 -2.8042433487521956e-06
    7.300000   0.17842421 -2.7731233496937090e-06
    7.300000   0.24312010 -2.7295510137010584e-06
    7.300000   0.30784849 -2.6749239379031590e-06
    7.300000   0.37259260 -2.6109240825941713e-06
    7.300000   0.43734549 -2.5394211896436399e-06
    7.300000   0.50210377 -2.4623749012833823e-06
    7.300000   0.56686560 -2.3817433902579068e-06
    7.300000   0.63162987 -2.2994048243924838e-06
    7.300000   0.69639591 -2.2170957526392250e-06
    7.300000   0.76116325 -2.1363681602867890e-06
    7.300000   0.82593158 -2.0585648689003542e-06
    7.300000   0.89070068 -1.9848113756934624e-06
    7.300000   0.95547037 -1.9160212241306594e-06
    7.300000   1.02024053 -1.8529115466998845e-06
    7.300000   1.08501108 -1.7960254210251819e-06
    7.300000   1.14978193 -1.7457579966834567e-06
    7.300000   1.21455301 -1.7023838457476675e-06
    7.300000   1.27932429 -1.6660835495597022e-06
    7.300000   1.34409571 -1.6369680728651368e-06
    7.300000   1.40886724 -1.6150999417155960e-06
    7.300000   1.47363885 -1.6005106086642262e-06
    7.300000   1.53841049 -1.5932136541983300e-06
    7.300000   1.60318216 -1.5932136471050470e-06
    7.300000   1.66795381 -1.6005105874242698e-06
    7.300000   1.73272541 -1.6150999064397381e-06
    7.300000   1.79749694 -1.6369680237428660e-06
    7.300000   1.86226837 -1.6660834868525000e-06
    7.300000   1.92703964 -1.7023837697909266e-06
    7.300000   1.99181073 -1.7457579078849658e-06
    7.300000   2.05658157 -1.7960253198629702e-06
    7.300000   2.12135212 -1.8529114337207733e-06
    7.300000   2.18612229 -1.9160210999418786e-06
    7.300000   2.25089198 -1.9848112409632367e-06
    7.300000   2.31566107 -2.0585647243484592e-06
    7.300000   2.38042940 -2.1363680066752637e-06
    7.300000   2.44519674 -2.2170955907646431e-06
    7.300000   2.50996278 -2.2994046550727068e-06
    7.300000   2.57472706 -2.3817432143229981e-06
    7.300000   2.63948889 -2.4623747195599491e-06
    7.300000   2.70424717 -2.5394210029448859e-06
    7.300000   2.76900006 -2.6109238917118260e-06
    7.300000   2.83374417 -2.6749237435934832e-06
    7.300000   2.89847256 -2.7295508166828216e-06
    7.300000   2.96316844 -2.7731231506505303e-06
    7.300000   3.02777863 -2.8042431483317510e-06
    7.300000   3.09200950 -2.8218884414371934e-06
    7.400000   0.04958315 -2.5055890505041105e-06
    7.400000   0.11381403 -2.4900426443690459e-06
    7.400000   0.17842421 -2.4626146150611322e-06
    7.400000   0.24312010 -2.4241905069717591e-06
    7.400000   0.30784849 -2.3759826539999150e-06
    7.400000   0.37259260 -2.3194527830767597e-06
    7.400000   0.43734549 -2.2562296590158745e-06
    7.400000   0.50210377 -2.1880252777655723e-06
    7.400000   0.56686560 -2.1165561927550656e-06
    7.400000   0.63162987 -2.0434753750141981e-06
    7.400000   0.69639591 -1.9703181737076632e-06
    7.400000   0.76116325 -1.8984640006422866e-06
    7.400000   0.82593158 -1.8291136188452117e-06
    7.400000   0.89070068 -1.7632805620750051e-06
    7.400000   0.95547037 -1.7017943287616126e-06
    7.400000   1.02024053 -1.6453125671781239e-06
    7.400000   1.08501108 -1.5943394223724584e-06
    7.400000   1.14978193 -1.5492474420314601e-06
    7.400000   1.21455301 -1.5103008271996589e-06
    7.400000   1.27932429 -1.4776782682640416e-06
    7.400000   1.34409571 -1.4514940546660993e-06
    7.400000   1.40886724 -1.4318165420065601e-06
    7.400000   1.47363885 -1.4186833792078071e-06
    7.400000   1.53841049 -1.4121131354810644e-06
    7.400000   1.60318216 -1.4121131288710859e-06
    7.400000   1.66795381 -1.4186833594104567e-06
    7.400000   1.73272541 -1.4318165091182302e-06
    7.400000   1.79749694 -1.4514940088487574e-06
    7.400000   1.86226837 -1.4776782097450130e-06
    7.400000   1.92703964 -1.5103007562686432e-06
    7.400000   1.99181073 -1.5492473590440824e-06
    7.400000   2.05658157 -1.5943393277469405e-06
    7.400000   2.12135212 -1.6453124613932483e-06
    7.400000   2.18612229 -1.7017942123560955e-06
    7.400000   2.25089198 -1.7632804356429092e-06
    7.400000   2.31566107 -1.8291134830281682e-06
    7.400000   2.38042940 -1.8984638561281987e-06
    7.400000   2.44519674 -1.9703180212177824e-06
    7.400000   2.50996278 -2.0434752152975004e-06
    7.400000   2.57472706 -2.1165560265767347e-06
    7.400000   2.63948889 -2.1880251058964370e-06
    7.400000   2.70424717 -2.2562294822220269e-06
    7.400000   2.76900006 -2.3194526021109107e-06
    7.400000   2.83374417 -2.3759824695930976e-06
    7.400000   2.89847256 -2.4241903198293106e-06
    7.400000   2.96316844 -2.4626144258607418e-06
    7.400000   3.02777863 -2.4900424537618697e-06
    7.400000   3.09200950 -2.5055888591218945e-06
    7.500000   0.04958315 -2.2250590617356682e-06
    7.500000   0.11381403 -2.2113367515487786e-06
    7.500000   0.17842421 -2.1871189891891814e-06
    7.500000   0.24312010 -2.1531749978865812e-06
    7.500000   0.30784849 -2.1105593237650873e-06
    7.500000   0.37259260 -2.0605456809824470e-06
    7.500000   0.43734549 -2.0045564879974495e-06
    7.500000   0.50210377 -1.9440908801054633e-06
    7.500000   0.56686560 -1.8806567685516206e-06
    7.500000   0.63162987 -1.8157115728010787e-06
    7.500000   0.69639591 -1.7506147430413833e-06
    7.500000   0.76116325 -1.6865935704187615e-06
    7.500000   0.82593158 -1.6247223109555890e-06
    7.500000   0.89070068 -1.5659134878911270e-06
    7.500000   0.95547037 -1.5109194590571482e-06
    7.500000   1.02024053 -1.4603419366563860e-06
    7.500000   1.08501108 -1.4146470690393779e-06
    7.500000   1.14978193 -1.3741838525070803e-06
    7.500000   1.21455301 -1.3392039453371175e-06
    7.500000   1.27932429 -1.3098813258937937e-06
    7.500000   1.34409571 -1.2863306101361599e-06
    7.500000   1.40886724 -1.2686231802546446e-06
    7.500000   1.47363885 -1.2568005535736431e-06
    7.500000   1.53841049 -1.2508846325109939e-06
    7.500000   1.60318216 -1.2508846263787915e-06
    7.500000   1.66795381 -1.2568005352038284e-06
    7.500000   1.73272541 -1.2686231497304789e-06
    7.500000   1.79749694 -1.2863305675967122e-06
    7.500000   1.86226837 -1.3098812715351934e-06
    7.500000   1.92703964 -1.3392038794110257e-06
    7.500000   1.99181073 -1.3741837753220415e-06
    7.500000   2.05658157 -1.4146469809610020e-06
    7.500000   2.12135212 -1.4603418381040469e-06
    7.500000   2.18612229 -1.5109193505063058e-06
    7.500000   2.25089198 -1.5659133698684633e-06
    7.500000   2.31566107 -1.6247221840356403e-06
    7.500000   2.38042940 -1.6865934352187629e-06
    7.500000   2.44519674 -1.7506146002150164e-06
    7.500000   2.50996278 -1.8157114230311700e-06
    7.500000   2.57472706 -1.8806566125410779e-06
    7.500000   2.63948889 -1.9440907185701211e-06
    7.500000   2.70424717 -2.0045563216537706e-06
    7.500000   2.76900006 -2.0605455105424523e-06
    7.500000   2.83374417 -2.1105591499280793e-06
    7.500000   2.89847256 -2.1531748213343413e-06
    7.500000   2.96316844 -2.1871188105859690e-06
    7.500000   3.02777863 -2.2113365715390714e-06
    7.500000   3.09200950 -2.2250588809487561e-06
    7.600000   0.04958315 -1.9760880214200153e-06
    7.600000   0.11381403 -1.9639559587458623e-06
    7.600000   0.17842421 -1.9425382754064027e-06
    7.600000   0.24312010 -1.9125049207705314e-06
    7.600000   0.30784849 -1.8747755400210854e-06
    7.600000   0.37259260 -1.8304627392048800e-06
    7.600000   0.43734549 -1.7808116000860440e-06
    7.600000   0.50210377 -1.7271376562539262e-06
    7.600000   0.56686560 -1.6707680586772815e-06
    7.600000   0.63162987 -1.6129899054639618e-06
    7.600000   0.69639591 -1.5550084638166067e-06
    7.600000   0.76116325 -1.4979166576284659e-06
    7.600000   0.82593158 -1.4426759481676153e-06
    7.600000   0.89070068 -1.3901077366201420e-06
    7.600000   0.95547037 -1.3408937316166296e-06
    7.600000   1.02024053 -1.2955833546026497e-06
    7.600000   1.08501108 -1.2546061579261204e-06
    7.600000   1.14978193 -1.2182873371581281e-06
    7.600000   1.21455301 -1.1868646565466432e-06
    7.600000   1.27932429 -1.1605054074720358e-06
    7.600000   1.34409571 -1.1393223318024409e-06
    7.600000   1.40886724 -1.1233877288525682e-06
    7.600000   1.47363885 -1.1127452062951614e-06
    7.600000   1.53841049 -1.1074187240522612e-06
    7.600000   1.60318216 -1.1074187183832796e-06
    7.600000   1.66795381 -1.1127451893155249e-06
    7.600000   1.73272541 -1.1233877006322258e-06
    7.600000   1.79749694 -1.1393222924614708e-06
    7.600000   1.86226837 -1.1605053571796900e-06
    7.600000   1.92703964 -1.1868645955191626e-06
    7.600000   1.99181073 -1.2182872656658591e-06
    7.600000   2.05658157 -1.2546060762860335e-06
    7.600000   2.12135212 -1.2955832631841832e-06
    7.600000   2.18612229 -1.3408936308371520e-06
    7.600000   2.25089198 -1.3901076269482298e-06
    7.600000   2.31566107 -1.4426758301143062e-06
    7.600000   2.38042940 -1.4979165317480076e-06
    7.600000   2.44519674 -1.5550083307007816e-06
    7.600000   2.50996278 -1.6129897657322478e-06
    7.600000   2.57472706 -1.6707679129741650e-06
    7.600000   2.63948889 -1.7271375052408370e-06
    7.600000   2.70424717 -1.7808114444313280e-06
    7.600000   2.76900006 -1.8304625795775854e-06
    7.600000   2.83374417 -1.8747753770840436e-06
    7.600000   2.89847256 -1.9125047551787781e-06
    7.600000   2.96316844 -1.9425381078007590e-06
    7.600000   3.02777863 -1.9639557897557289e-06
    7.600000   3.09200950 -1.9760878516645398e-06
    7.700000   0.04958315 -1.7550053944235970e-06
    7.700000   0.11381403 -1.7442637013336917e-06
    7.700000   0.17842421 -1.7252952790106230e-06
    7.700000   0.24312010 -1.6986850363751245e-06
    7.700000   0.30784849 -1.6652368621901295e-06
    7.700000   0.37259260 -1.6259248148489997e-06
    7.700000   0.43734549 -1.5818410431946665e-06
    7.700000   0.50210377 -1.5341421936227593e-06
    7.700000   0.56686560 -1.4839983299870522e-06
    7.700000   0.63162987 -1.4325477903838969e-06
    7.700000   0.69639591 -1.3808603714681315e-06
    7.700000   0.76116325 -1.3299100942575253e-06
    7.700000   0.82593158 -1.2805577470921134e-06
    7.700000   0.89070068 -1.2335425406069367e-06
    7.700000   0.95547037 -1.1894816052848376e-06
    7.700000   1.02024053 -1.1488757210586869e-06
    7.700000   1.08501108 -1.1121195585910231e-06
    7.700000   1.14978193 -1.0795147795028999e-06
    7.700000   1.21455301 -1.0512845274016040e-06
    7.700000   1.27932429 -1.0275880869734165e-06
    7.700000   1.34409571 -1.0085347495351382e-06
    7.700000   1.40886724 -9.9419616861766280e-07
    7.700000   1.47363885 -9.8461669963822744e-07
    7.700000   1.53841049 -9.7982138603027994e-07
    7.700000   1.60318216 -9.7982138080931962e-07
    7.700000   1.66795381 -9.8461668399613142e-07
    7.700000   1.73272541 -9.9419614261703251e-07
    7.700000   1.79749694 -1.0085347132772711e-06
    7.700000   1.86226837 -1.0275880406031837e-06
    7.700000   1.92703964 -1.0512844711095359e-06
    7.700000   1.99181073 -1.0795147135209883e-06
    7.700000   2.05658157 -1.1121194831964718e-06
    7.700000   2.12135212 -1.1488756365755871e-06
    7.700000   2.18612229 -1.1894815120816439e-06
    7.700000   2.25089198 -1.2335424390957692e-06
    7.700000   2.31566107 -1.2805576377312628e-06
    7.700000   2.38042940 -1.3299099775421837e-06
    7.700000   2.44519674 -1.3808602479318585e-06
    7.700000   2.50996278 -1.4325476605889936e-06
    7.700000   2.57472706 -1.4839981945242375e-06
    7.700000   2.63948889 -1.5341420530992302e-06
    7.700000   2.70424717 -1.5818408982306292e-06
    7.700000   2.76900006 -1.6259246660697177e-06
    7.700000   2.83374417 -1.6652367102227791e-06
    7.700000   2.89847256 -1.6986848818404992e-06
    7.700000   2.96316844 -1.7252951225228846e-06
    7.700000   3.02777863 -1.7442635435006153e-06
    7.700000   3.09200950 -1.7550052358452779e-06
    7.800000   0.04958315 -1.5586016060731556e-06
    7.800000   0.11381403 -1.5490787178422916e-06
    7.800000   0.17842421 -1.5322582510382929e-06
    7.800000   0.24312010 -1.5086520083460841e-06
    7.800000   0.30784849 -1.4789642040295719e-06
    7.800000   0.37259260 -1.4440493466145249e-06
    7.800000   0.43734549 -1.4048672679233193e-06
    7.800000   0.50210377 -1.3624366906520487e-06
    7.800000   0.56686560 -1.3177907742834012e-06
    7.800000   0.63162987 -1.2719375965580048e-06
    7.800000   0.69639591 -1.2258276682654436e-06
    7.800000   0.76116325 -1.1803296219139711e-06
    7.800000   0.82593158 -1.1362143134262748e-06
    7.800000   0.89070068 -1.0941468323796631e-06
    7.800000   0.95547037 -1.0546853835206388e-06
    7.800000   1.02024053 -1.0182856898152579e-06
    7.800000   1.08501108 -9.8530945167998682e-07
    7.800000   1.14978193 -9.5603543550175007e-07
    7.800000   1.21455301 -9.3067190752759405e-07
    7.800000   1.27932429 -9.0936932950577803e-07
    7.800000   1.34409571 -8.9223245151055121e-07
    7.800000   1.40886724 -8.7933114725566949e-07
    7.800000   1.47363885 -8.7070952092354458e-07
    7.800000   1.53841049 -8.6639296441832477e-07
    7.800000   1.60318216 -8.6639295962312853e-07
    7.800000   1.66795381 -8.7070950655635173e-07
    7.800000   1.73272541 -8.7933112336976760e-07
    7.800000   1.79749694 -8.9223241819521470e-07
    7.800000   1.86226837 -9.0936928688448885e-07
    7.800000   1.92703964 -9.3067185576414952e-07
    7.800000   1.99181073 -9.5603537479790020e-07
    7.800000   2.05658157 -9.8530938227734448e-07
    7.800000   2.12135212 -1.0182856119983154e-06
    7.800000   2.18612229 -1.0546852976128565e-06
    7.800000   2.25089198 -1.0941467387474299e-06
    7.800000   2.31566107 -1.1362142124750643e-06
    7.800000   2.38042940 -1.1803295140881658e-06
    7.800000   2.44519674 -1.2258275540456432e-06
    7.800000   2.50996278 -1.2719374764537209e-06
    7.800000   2.57472706 -1.3177906488328528e-06
    7.800000   2.63948889 -1.3624365604144769e-06
    7.800000   2.70424717 -1.4048671334708307e-06
    7.800000   2.76900006 -1.4440492085292311e-06
    7.800000   2.83374417 -1.4789640628980129e-06
    7.800000   2.89847256 -1.5086518647562843e-06
    7.800000   2.96316844 -1.5322581055731250e-06
    7.800000   3.02777863 -1.5490785710843416e-06
    7.800000   3.09200950 -1.5586014585958474e-06
    7.900000   0.04958315 -1.3840623105301474e-06
    7.900000   0.11381403 -1.3756103712770817e-06
    7.900000   0.17842421 -1.3606780408411062e-06
    7.900000   0.24312010 -1.3397140643955058e-06
    7.900000   0.30784849 -1.3133365479645307e-06
    7.900000   0.37259260 -1.2822965151609828e-06
    7.900000   0.43734549 -1.2474389693622513e-06
    7.900000   0.50210377 -1.2096625644345243e-06
    7.900000   0.56686560 -1.1698808313728434e-06
    7.900000   0.63162987 -1.1289875210610680e-06
    7.900000   0.69639591 -1.0878279061187532e-06
    7.900000   0.76116325 -1.0471770761016941e-06
    7.900000   0.82593158 -1.0077254903826254e-06
    7.900000   0.89070068 -9.7007140924179358e-07
    7.900000   0.95547037 -9.3471935386342148e-07
    7.900000   1.02024053 -9.0208346087201454e-07
    7.900000   1.08501108 -8.7249448007435996e-07
    7.900000   1.14978193 -8.4620918097165002e-07
    7.900000   1.21455301 -8.2342104375562382e-07
    7.900000   1.27932429 -8.0427127419909430e-07
    7.900000   1.34409571 -7.8885936595108338e-07
    7.900000   1.40886724 -7.7725261376872010e-07
    7.900000   1.47363885 -7.6949414169129401e-07
    7.900000   1.53841049 -7.6560914364076174e-07
    7.900000   1.60318216 -7.6560913924937077e-07
    7.900000   1.66795381 -7.6949412853127556e-07
    7.900000   1.73272541 -7.7725259188434870e-07
    7.900000   1.79749694 -7.8885933541949673e-07
    7.900000   1.86226837 -8.0427123512736085e-07
    7.900000   1.92703964 -8.2342099628554429e-07
    7.900000   1.99181073 -8.4620912527871726e-07
    7.900000   2.05658157 -8.7249441636893375e-07
    7.900000   2.12135212 -9.0208338940208463e-07
    7.900000   2.18612229 -9.3471927491358449e-07
    7.900000   2.25089198 -9.7007132313760123e-07
    7.900000   2.31566107 -1.0077253974832605e-06
    7.900000   2.38042940 -1.0471769768063909e-06
    7.900000   2.44519674 -1.0878278008577875e-06
    7.900000   2.50996278 -1.1289874102981096e-06
    7.900000   2.57472706 -1.1698807155953164e-06
    7.900000   2.63948889 -1.2096624441545905e-06
    7.900000   2.70424717 -1.2474388451067760e-06
    7.900000   2.76900006 -1.2822963874713737e-06
    7.900000   2.83374417 -1.3133364173868326e-06
    7.900000   2.89847256 -1.3397139314818255e-06
    7.900000   2.96316844 -1.3606779061429051e-06
    7.900000   3.02777863 -1.3756102353447134e-06
    7.900000   3.09200950 -1.3840621739132154e-06
    8.000000   0.04958315 -1.2289135509008551e-06
    8.000000   0.11381403 -1.2214046527730120e-06
    8.000000   0.17842421 -1.2081355671801045e-06
    8.000000   0.24312010 -1.1895004782661310e-06
    8.000000   0.30784849 -1.1660428755482547e-06
    8.000000   0.37259260 -1.1384239386527356e-06
    8.000000   0.43734549 -1.1073887385319964e-06
    8.000000   0.50210377 -1.0737311279835405e-06
    8.000000   0.56686560 -1.0382598540367110e-06
    8.000000   0.63162987 -1.0017681137950310e-06
    8.000000   0.69639591 -9.6500817459033017e-07
    8.000000   0.76116325 -9.2867199408164174e-07
    8.000000   0.82593158 -8.9337811631983765e-07
    8.000000   0.89070068 -8.5966456149414874e-07
    8.000000   0.95547037 -8.2798701246185864e-07
    8.000000   1.02024053 -7.9872134213743289e-07
    8.000000   1.08501108 -7.7216941050265210e-07
    8.000000   1.14978193 -7.4856706124705110e-07
    8.000000   1.21455301 -7.2809333233159245e-07
    8.000000   1.27932429 -7.1088002869069493e-07
    8.000000   1.34409571 -6.9702096034771250e-07
    8.000000   1.40886724 -6.8658030388712697e-07
    8.000000   1.47363885 -6.7959968556239001e-07
    8.000000   1.53841049 -6.7610370312195290e-07
    8.000000   1.60318216 -6.7610369910880366e-07
    8.000000   1.66795381 -6.7959967353357909e-07
    8.000000   1.73272541 -6.8658028388372077e-07
    8.000000   1.79749694 -6.9702093243340905e-07
    8.000000   1.86226837 -7.1087999295898889e-07
    8.000000   1.92703964 -7.2809328890375458e-07
    8.000000   1.99181073 -7.4856701027699438e-07
    8.000000   2.05658157 -7.7216935217211020e-07
    8.000000   2.12135212 -7.9872127666295211e-07
    8.000000   2.18612229 -8.2798694009646224e-07
    8.000000   2.25089198 -8.5966448252381038e-07
    8.000000   2.31566107 -8.9337803106542782e-07
    8.000000   2.38042940 -9.2867190289809848e-07
    8.000000   2.44519674 -9.6500807786623799e-07
    8.000000   2.50996278 -1.0017680119471395e-06
    8.000000   2.57472706 -1.0382597475103186e-06
    8.000000   2.63948889 -1.0737310172435007e-06
    8.000000   2.70424717 -1.1073886240641591e-06
    8.000000   2.76900006 -1.1384238209557136e-06
    8.000000   2.83374417 -1.1660427551315471e-06
    8.000000   2.89847256 -1.1895003556448810e-06
    8.000000   2.96316844 -1.2081354428716974e-06
    8.000000   3.02777863 -1.2214045272966977e-06
    8.000000   3.09200950 -1.2289134247751323e-06
    8.100000   0.04958315 -1.0909757755837202e-06
    8.100000   0.11381403 -1.0842988747750930e-06
    8.100000   0.17842421 -1.0724976890667336e-06
    8.100000   0.24312010 -1.0559190549945736e-06
    8.100000   0.30784849 -1.0350416195103457e-06
    8.100000   0.37259260 -1.0104483473247743e-06
    8.100000   0.43734549 -9.8279711463378674e-07
    8.100000   0.50210377 -9.5279007850592538e-07
    8.100000   0.56686560 -9.2114400393155288e-07
    8.100000   0.63162987 -8.8856348031412019e-07
    8.100000   0.69639591 -8.5571845449893654e-07
    8.100000   0.76116325 -8.2322692491880073e-07
    8.100000   0.82593158 -7.9164307498706914e-07
    8.100000   0.89070068 -7.6145063874784308e-07
    8.100000   0.95547037 -7.3306092577287854e-07
    8.100000   1.02024053 -7.0681469760286575e-07
    8.100000   1.08501108 -6.8298697652232969e-07
    8.100000   1.14978193 -6.6179385750453106e-07
    8.100000   1.21455301 -6.4340045815248766e-07
    8.100000   1.27932429 -6.2792925109035318e-07
    8.100000   1.34409571 -6.1546815415295855e-07
    8.100000   1.40886724 -6.0607788683960388e-07
    8.100000   1.47363885 -5.9979822431386380e-07
    8.100000   1.53841049 -5.9665288597413407e-07
    8.100000   1.60318216 -5.9665288231339670e-07
    8.100000   1.66795381 -5.9979821334471746e-07
    8.100000   1.73272541 -6.0607786859268852e-07
    8.100000   1.79749694 -6.1546812868609698e-07
    8.100000   1.86226837 -6.2792921848103505e-07
    8.100000   1.92703964 -6.4340041850798311e-07
    8.100000   1.99181073 -6.6179381095737704e-07
    8.100000   2.05658157 -6.8298692323148326e-07
    8.100000   2.12135212 -7.0681463775921416e-07
    8.100000   2.18612229 -7.3306085959701965e-07
    8.100000   2.25089198 -7.6145056649297134e-07
    8.100000   2.31566107 -7.9164299693770780e-07
    8.100000   2.38042940 -8.2322684139349040e-07
    8.100000   2.44519674 -8.5571836584448712e-07
    8.100000   2.50996278 -8.8856338690827122e-07
    8.100000   2.57472706 -9.2114390617777780e-07
    8.100000   2.63948889 -9.5278997682882869e-07
    8.100000   2.70424717 -9.8279700947753747e-07
    8.100000   2.76900006 -1.0104482391498696e-06
    8.100000   2.83374417 -1.0350415087874057e-06
    8.100000   2.89847256 -1.0559189422023943e-06
    8.100000   2.96316844 -1.0724975746886806e-06
    8.100000   3.02777863 -1.0842987592983460e-06
    8.100000   3.09200950 -1.0909756594953115e-06
    8.200000   0.04958315 -9.6832507886487700e-07
    8.200000   0.11381403 -9.6238345574988516e-07
    8.200000   0.17842421 -9.5187993753267457e-07
    8.200000   0.24312010 -9.3712016152657346e-07
    8.200000   0.30784849 -9.1852627763700880e-07
    8.200000   0.37259260 -8.9661298781090150e-07
    8.200000   0.43734549 -8.7196190648986050e-07
    8.200000   0.50210377 -8.4519478500451829e-07
    8.200000   0.56686560 -8.1694748460512759e-07
    8.200000   0.63162987 -7.8784638123102475e-07
    8.200000   0.69639591 -7.5848845972261501e-07
    8.200000   0.76116325 -7.2942585856695192e-07
    8.200000   0.82593158 -7.0115513860932390e-07
    8.200000   0.89070068 -6.7411112690748002e-07
    8.200000   0.95547037 -6.4866486361656920e-07
    8.200000   1.02024053 -6.2512496770827973e-07
    8.200000   1.08501108 -6.0374163097784741e-07
    8.200000   1.14978193 -5.8471243210628642e-07
    8.200000   1.21455301 -5.6818921054315263e-07
    8.200000   1.27932429 -5.5428532990802416e-07
    8.200000   1.34409571 -5.4308277118601077e-07
    8.200000   1.40886724 -5.3463861087274285e-07
    8.200000   1.47363885 -5.2899054670750465e-07
    8.200000   1.53841049 -5.2616122782613061e-07
    8.200000   1.60318216 -5.2616122449388542e-07
    8.200000   1.66795381 -5.2899053672044378e-07
    8.200000   1.73272541 -5.3463859425835665e-07
    8.200000   1.79749694 -5.4308274799340683e-07
    8.200000   1.86226837 -5.5428530020440871e-07
    8.200000   1.92703964 -5.6818917442247253e-07
    8.200000   1.99181073 -5.8471238968025357e-07
    8.200000   2.05658157 -6.0374158238756363e-07
    8.200000   2.12135212 -6.2512491311993299e-07
    8.200000   2.18612229 -6.4866480322509407e-07
    8.200000   2.25089198 -6.7411106093594856e-07
    8.200000   2.31566107 -7.0115506731177886e-07
    8.200000   2.38042940 -7.2942578222565835e-07
    8.200000   2.44519674 -7.5848837865087770e-07
    8.200000   2.50996278 -7.8784629576780637e-07
    8.200000   2.57472706 -8.1694739511546726e-07
    8.200000   2.63948889 -8.4519469187516988e-07
    8.200000   2.70424717 -8.7196181012825819e-07
    8.200000   2.76900006 -8.9661288863796783e-07
    8.200000   2.83374417 -9.1852617608800297e-07
    8.200000   2.89847256 -9.3712005804549553e-07
    8.200000   2.96316844 -9.5187983256932975e-07
    8.200000   3.02777863 -9.6238334975880847e-07
    8.200000   3.09200950 -9.6832497229959456e-07
    8.300000   0.04958315 -8.5926035741218694e-07
    8.300000   0.11381403 -8.5396951522362035e-07
    8.300000   0.17842421 -8.4461487417516312e-07
    8.300000   0.24312010 -8.3146613291835362e-07
    8.300000   0.30784849 -8.1489609689792740e-07
    8.300000   0.37259260 -7.9535975364211921e-07
    8.300000   0.43734549 -7.7337187331395521e-07
    8.300000   0.50210377 -7.4948356080171166e-07
    8.300000   0.56686560 -7.2425939109376672e-07
    8.300000   0.63162987 -6.9825659702947764e-07
    8.300000   0.69639591 -6.7200741886332086e-07
    8.300000   0.76116325 -6.4600530051241427e-07
    8.300000   0.82593158 -6.2069519655511435e-07
    8.300000   0.89070068 -5.9646788590435262e-07
    8.300000   0.95547037 -5.7365790241879901e-07
    8.300000   1.02024053 -5.5254450143494450e-07
    8.300000   1.08501108 -5.3335498088195655e-07
    8.300000   1.14978193 -5.1626965281606284e-07
    8.300000   1.21455301 -5.0142779668647617e-07
    8.300000   1.27932429 -4.8893399948099949e-07
    8.300000   1.34409571 -4.7886438152863194e-07
    8.300000   1.40886724 -4.7127230594833497e-07
    8.300000   1.47363885 -4.6619326401592697e-07
    8.300000   1.53841049 -4.6364871244744514e-07
    8.300000   1.60318216 -4.6364870941945069e-07
    8.300000   1.66795381 -4.6619325493796508e-07
    8.300000   1.73272541 -4.7127229084593446e-07
    8.300000   1.79749694 -4.7886436044267803e-07
    8.300000   1.86226837 -4.8893397247091917e-07
    8.300000   1.92703964 -5.0142776382973844e-07
    8.300000   1.99181073 -5.1626961421391894e-07
    8.300000   2.05658157 -5.3335493665612787e-07
    8.300000   2.12135212 -5.5254445173008829e-07
    8.300000   2.18612229 -5.7365784740685194e-07
    8.300000   2.25089198 -5.9646782578288364e-07
    8.300000   2.31566107 -6.2069513154919209e-07
    8.300000   2.38042940 -6.4600523087530305e-07
    8.300000   2.44519674 -6.7200734487418072e-07
    8.300000   2.50996278 -6.9825651899447372e-07
    8.300000   2.57472706 -7.2425930934316596e-07
    8.300000   2.63948889 -7.4948347568698117e-07
    8.300000   2.70424717 -7.7337178520578370e-07
    8.300000   2.76900006 -7.9535966292748714e-07
    8.300000   2.83374417 -8.1489600397681537e-07
    8.300000   2.89847256 -8.3146603820083368e-07
    8.300000   2.96316844 -8.4461477807839847e-07
    8.300000   3.02777863 -8.5396941816727802e-07
    8.300000   3.09200950 -8.5926025982223798e-07
    8.400000   0.04958315 -7.6227533303623414e-07
    8.400000   0.11381403 -7.5756125103136754e-07
    8.400000   0.17842421 -7.4922508582676578e-07
    8.400000   0.24312010 -7.3750511464529591e-07
    8.400000   0.30784849 -7.2273095048191560e-07
    8.400000   0.37259260 -7.0530523450385636e-07
    8.400000   0.43734549 -6.8568403181638173e-07
    8.400000   0.50210377 -6.6435626389702652e-07
    8.400000   0.56686560 -6.4182359353394127e-07
    8.400000   0.63162987 -6.1858204670999009e-07
    8.400000   0.69639591 -5.9510635093591199e-07
    8.400000   0.76116325 -5.7183760554761041e-07
    8.400000   0.82593158 -5.4917453561184358e-07
    8.400000   0.89070068 -5.2746825961584958e-07
    8.400000   0.95547037 -5.0702024860889900e-07
    8.400000   1.02024053 -4.8808298219487849e-07
    8.400000   1.08501108 -4.7086271302227185e-07
    8.400000   1.14978193 -4.5552372531028427e-07
    8.400000   1.21455301 -4.4219349876029545e-07
    8.400000   1.27932429 -4.3096824974744146e-07
    8.400000   1.34409571 -4.2191840125560382e-07
    8.400000   1.40886724 -4.1509361869675473e-07
    8.400000   1.47363885 -4.1052713160026835e-07
    8.400000   1.53841049 -4.0823913557418542e-07
    8.400000   1.60318216 -4.0823913282520659e-07
    8.400000   1.66795381 -4.1052712336197228e-07
    8.400000   1.73272541 -4.1509360498745443e-07
    8.400000   1.79749694 -4.2191838211334441e-07
    8.400000   1.86226837 -4.3096822522248111e-07
    8.400000   1.92703964 -4.4219346892087490e-07
    8.400000   1.99181073 -4.5552369024264141e-07
    8.400000   2.05658157 -4.7086267283161565e-07
    8.400000   2.12135212 -4.8808293700989681e-07
    8.400000   2.18612229 -5.0702019857951122e-07
    8.400000   2.25089198 -5.2746820491795205e-07
    8.400000   2.31566107 -5.4917447644508587e-07
    8.400000   2.38042940 -5.7183754213772247e-07
    8.400000   2.44519674 -5.9510628353412146e-07
    8.400000   2.50996278 -6.1858197558994028e-07
    8.400000   2.57472706 -6.4182351899495721e-07
    8.400000   2.63948889 -6.6435618625794285e-07
    8.400000   2.70424717 -6.8568395141432296e-07
    8.400000   2.76900006 -7.0530515169377832e-07
    8.400000   2.83374417 -7.2273086562983139e-07
    8.400000   2.89847256 -7.3750502812857987e-07
    8.400000   2.96316844 -7.4922499803084513e-07
    8.400000   3.02777863 -7.5756116234534729e-07
    8.400000   3.09200950 -7.6227524385480815e-07
    8.500000   0.04958315 -6.7603459832883767e-07
    8.500000   0.11381403 -6.7183227249040914e-07
    8.500000   0.17842421 -6.6440001869974663e-07
    8.500000   0.24312010 -6.5394858496607882e-07
    8.500000   0.30784849 -6.4076970098473251e-07
    8.500000   0.37259260 -6.2522003298815043e-07
    8.500000   0.43734549 -6.0770399749720031e-07
    8.500000   0.50210377 -5.8865569321024668e-07
    8.500000   0.56686560 -5.6852118199652845e-07
    8.500000   0.63162987 -5.4774224378054710e-07
    8.500000   0.69639591 -5.2674247072134488e-07
    8.500000   0.76116325 -5.0591625336424702e-07
    8.500000   0.82593158 -4.8562089608741862e-07
    8.500000   0.89070068 -4.6617181805722600e-07
    8.500000   0.95547037 -4.4784057263533837e-07
    8.500000   1.02024053 -4.3085526325266967e-07
    8.500000   1.08501108 -4.1540284669749857e-07
    8.500000   1.14978193 -4.0163278692754806e-07
    8.500000   1.21455301 -3.8966154071457217e-07
    8.500000   1.27932429 -3.7957740623571447e-07
    8.500000   1.34409571 -3.7144533328483989e-07
    8.500000   1.40886724 -3.6531136807936987e-07
    8.500000   1.47363885 -3.6120647830379125e-07
    8.500000   1.53841049 -3.5914957029775597e-07
    8.500000   1.60318216 -3.5914956780701101e-07
    8.500000   1.66795381 -3.6120647083561616e-07
    8.500000   1.73272541 -3.6531135565282743e-07
    8.500000   1.79749694 -3.7144531593025378e-07
    8.500000   1.86226837 -3.7957738399666079e-07
    8.500000   1.92703964 -3.8966151365087806e-07
    8.500000   1.99181073 -4.0163275511308569e-07
    8.500000   2.05658157 -4.1540281022587796e-07
    8.500000   2.12135212 -4.3085522223444253e-07
    8.500000   2.18612229 -4.4784052720481148e-07
    8.500000   2.25089198 -4.6617176836858915e-07
    8.500000   2.31566107 -4.8562084231825734e-07
    8.500000   2.38042940 -5.0591619571595469e-07
    8.500000   2.44519674 -5.2674240941711774e-07
    8.500000   2.50996278 -5.4774217906952835e-07
    8.500000   2.57472706 -5.6852111414750335e-07
    8.500000   2.63948889 -5.8865562251187263e-07
    8.500000   2.70424717 -6.0770392425639980e-07
    8.500000   2.76900006 -6.2521995752883701e-07
    8.500000   2.83374417 -6.4076962364272309e-07
    8.500000   2.89847256 -6.5394850608658136e-07
    8.500000   2.96316844 -6.6439993863743849e-07
    8.500000   3.02777863 -6.7183219160744614e-07
    8.500000   3.09200950 -6.7603451698637688e-07
    8.600000   0.04958315 -5.9935300586845052e-07
    8.600000   0.11381403 -5.9560522371538344e-07
    8.600000   0.17842421 -5.8897600977253629e-07
    8.600000   0.24312010 -5.7965194728709525e-07
    8.600000   0.30784849 -5.6789147877652338e-07
    8.600000   0.37259260 -5.5401082185557367e-07
    8.600000   0.43734549 -5.3836887996006471e-07
    8.600000   0.50210377 -5.2135134825954012e-07
    8.600000   0.56686560 -5.0335508700116821e-07
    8.600000   0.63162987 -4.8477374867012425e-07
    8.600000   0.69639591 -4.6598542413169719e-07
    8.600000   0.76116325 -4.4734280356672691e-07
    8.600000   0.82593158 -4.2916607418666041e-07
    8.600000   0.89070068 -4.1173853063894487e-07
    8.600000   0.95547037 -3.9530467640087128e-07
    8.600000   1.02024053 -3.8007045537600189e-07
    8.600000   1.08501108 -3.6620517248316216e-07
    8.600000   1.14978193 -3.5384463348174366e-07
    8.600000   1.21455301 -3.4309504667897957e-07
    8.600000   1.27932429 -3.3403727004116547e-07
    8.600000   1.34409571 -3.2673104483593400e-07
    8.600000   1.40886724 -3.2121892129329020e-07
    8.600000   1.47363885 -3.1752964571238557e-07
    8.600000   1.53841049 -3.1568083733567873e-07
    8.600000   1.60318216 -3.1568083507987996e-07
    8.600000   1.66795381 -3.1752963895108377e-07
    8.600000   1.73272541 -3.2121891004155075e-07
    8.600000   1.79749694 -3.2673102912020122e-07
    8.600000   1.86226837 -3.3403724989896196e-07
    8.600000   1.92703964 -3.4309502216234582e-07
    8.600000   1.99181073 -3.5384460465541326e-07
    8.600000   2.05658157 -3.6620513942794777e-07
    8.600000   2.12135212 -3.8007041819031350e-07
    8.600000   2.18612229 -3.9530463520147449e-07
    8.600000   2.25089198 -4.1173848556218065e-07
    8.600000   2.31566107 -4.2916602538999398e-07
    8.600000   2.38042940 -4.4734275123061701e-07
    8.600000   2.44519674 -4.6598536845713324e-07
    8.600000   2.50996278 -4.8477368987829498e-07
    8.600000   2.57472706 -5.0335502533649001e-07
    8.600000   2.63948889 -5.2135128398151318e-07
    8.600000   2.70424717 -5.3836881334894322e-07
    8.600000   2.76900006 -5.5401075320604198e-07
    8.600000   2.83374417 -5.6789140839542744e-07
    8.600000   2.89847256 -5.7965187549010349e-07
    8.600000   2.96316844 -5.8897593688693439e-07
    8.600000   3.02777863 -5.9560515007177673e-07
    8.600000   3.09200950 -5.9935293180159542e-07
    8.700000   0.04958315 -5.3117785214817710e-07
    8.700000   0.11381403 -5.2783415895495403e-07
    8.700000   0.17842421 -5.2191899594864790e-07
    8.700000   0.24312010 -5.1359769853848834e-07
    8.700000   0.30784849 -5.0309941250836258e-07
    8.700000   0.37259260 -4.9070471361871529e-07
    8.700000   0.43734549 -4.7673234119105763e-07
    8.700000   0.50210377 -4.6152519907242955e-07
    8.700000   0.56686560 -4.4543655961722085e-07
    8.700000   0.63162987 -4.2881733681574516e-07
    8.700000   0.69639591 -4.1200510556793901e-07
    8.700000   0.76116325 -3.9531531156097505e-07
    8.700000   0.82593158 -3.7903487808194105e-07
    8.700000   0.89070068 -3.6341820031556301e-07
    8.700000   0.95547037 -3.4868534282865368e-07
    8.700000   1.02024053 -3.3502213111477359e-07
    8.700000   1.08501108 -3.2258175415000745e-07
    8.700000   1.14978193 -3.1148746648303622e-07
    8.700000   1.21455301 -3.0183598623280902e-07
    8.700000   1.27932429 -2.9370121905860316e-07
    8.700000   1.34409571 -2.8713798721060158e-07
    8.700000   1.40886724 -2.8218549873793986e-07
    8.700000   1.47363885 -2.7887034810585704e-07
    8.700000   1.53841049 -2.7720889190788886e-07
    8.700000   1.60318216 -2.7720888986810503e-07
    8.700000   1.66795381 -2.7887034199128253e-07
    8.700000   1.73272541 -2.8218548856112640e-07
    8.700000   1.79749694 -2.8713797299533388e-07
    8.700000   1.86226837 -2.9370120083585847e-07
    8.700000   1.92703964 -3.0183596404813670e-07
    8.700000   1.99181073 -3.1148744039271764e-07
    8.700000   2.05658157 -3.2258172422584834e-07
    8.700000   2.12135212 -3.3502209744016530e-07
    8.700000   2.18612229 -3.4868530550876960e-07
    8.700000   2.25089198 -3.6341815947101824e-07
    8.700000   2.31566107 -3.7903483385272774e-07
    8.700000   2.38042940 -3.9531526410768583e-07
    8.700000   2.44519674 -4.1200505506997117e-07
    8.700000   2.50996278 -4.2881728347301156e-07
    8.700000   2.57472706 -4.4543650364883260e-07
    8.700000   2.63948889 -4.6152514071490103e-07
    8.700000   2.70424717 -4.7673228069642606e-07
    8.700000   2.76900006 -4.9070465125439031e-07
    8.700000   2.83374417 -5.0309934855553912e-07
    8.700000   2.89847256 -5.1359763328568487e-07
    8.700000   2.96316844 -5.2191892969582114e-07
    8.700000   3.02777863 -5.2783409200407037e-07
    8.700000   3.09200950 -5.3117778480969931e-07
    8.800000   0.04958315 -4.7057341107743257e-07
    8.800000   0.11381403 -4.6758923330226597e-07
    8.800000   0.17842421 -4.6230947905763369e-07
    8.800000   0.24312010 -4.5488077183612433e-07
    8.800000   0.30784849 -4.4550643457967950e-07
    8.800000   0.37259260 -4.3443559289312993e-07
    8.800000   0.43734549 -4.2195149664509142e-07
    8.800000   0.50210377 -4.0835917611444692e-07
    8.800000   0.56686560 -3.9397325042022158e-07
    8.800000   0.63162987 -3.7910664970358774e-07
    8.800000   0.69639591 -3.6406085040607607e-07
    8.800000   0.76116325 -3.4911802183368356e-07
    8.800000   0.82593158 -3.3453527475594762e-07
    8.800000   0.89070068 -3.2054101338734208e-07
    8.800000   0.95547037 -3.0733323727874232e-07
    8.800000   1.02024053 -2.9507952775497190e-07
    8.800000   1.08501108 -2.8391838583456116e-07
    8.800000   1.14978193 -2.7396156076966755e-07
    8.800000   1.21455301 -2.6529701280533207e-07
    8.800000   1.27932429 -2.5799218143545526e-07
    8.800000   1.34409571 -2.5209727234964524e-07
    8.800000   1.40886724 -2.4764832491008680e-07
    8.800000   1.47363885 -2.4466987145788879e-07
    8.800000   1.53841049 -2.4317704635932219e-07
    8.800000   1.60318216 -2.4317704451607246e-07
    8.800000   1.66795381 -2.4466986593277774e-07
    8.800000   1.73272541 -2.4764831571418541e-07
    8.800000   1.79749694 -2.5209725950193928e-07
    8.800000   1.86226837 -2.5799216496566485e-07
    8.800000   1.92703964 -2.6529699275097377e-07
    8.800000   1.99181073 -2.7396153717956756e-07
    8.800000   2.05658157 -2.8391835877153800e-07
    8.800000   2.12135212 -2.9507949729334259e-07
    8.800000   2.18612229 -3.0733320350993142e-07
    8.800000   2.25089198 -3.2054097641873363e-07
    8.800000   2.31566107 -3.3453523471244799e-07
    8.800000   2.38042940 -3.4911797885759959e-07
    8.800000   2.44519674 -3.6406080465769630e-07
    8.800000   2.50996278 -3.7910660136361983e-07
    8.800000   2.57472706 -3.9397319968415204e-07
    8.800000   2.63948889 -4.0835912319696172e-07
    8.800000   2.70424717 -4.2195144177547224e-07
    8.800000   2.76900006 -4.3443553631289839e-07
    8.800000   2.83374417 -4.4550637654492859e-07
    8.800000   2.89847256 -4.5488071261166255e-07
    8.800000   2.96316844 -4.6230941891538556e-07
    8.800000   3.02777863 -4.6758917252054339e-07
    8.800000   3.09200950 -4.7057334993886941e-07
    8.900000   0.04958315 -4.1670745436718969e-07
    8.900000   0.11381403 -4.1404335282341683e-07
    8.900000   0.17842421 -4.0932940247373793e-07
    8.900000   0.24312010 -4.0269572519683736e-07
    8.900000   0.30784849 -3.9432285275447239e-07
    8.900000   0.37259260 -3.8443212457413369e-07
    8.900000   0.43734549 -3.7327539553223219e-07
    8.900000   0.50210377 -3.6112414041422561e-07
    8.900000   0.56686560 -3.4825867080484315e-07
    8.900000   0.63162987 -3.3495813457896289e-07
    8.900000   0.69639591 -3.2149182891403327e-07
    8.900000   0.76116325 -3.0811218338141068e-07
    8.900000   0.82593158 -2.9504958865559972e-07
    8.900000   0.89070068 -2.8250908002345731e-07
    8.900000   0.95547037 -2.7066874767837570e-07
    8.900000   1.02024053 -2.5967964559737405e-07
    8.900000   1.08501108 -2.4966690896536551e-07
    8.900000   1.14978193 -2.4073176336847829e-07
    8.900000   1.21455301 -2.3295411084028097e-07
    8.900000   1.27932429 -2.2639540059668043e-07
    8.900000   1.34409571 -2.2110152819815968e-07
    8.900000   1.40886724 -2.1710554915443091e-07
    8.900000   1.47363885 -2.1443003661664871e-07
    8.900000   1.53841049 -2.1308895419401782e-07
    8.900000   1.60318216 -2.1308895253006207e-07
    8.900000   1.66795381 -2.1443003162941245e-07
    8.900000   1.73272541 -2.1710554085223361e-07
    8.900000   1.79749694 -2.2110151659770235e-07
    8.900000   1.86226837 -2.2639538572388376e-07
    8.900000   1.92703964 -2.3295409272770657e-07
    8.900000   1.99181073 -2.4073174205869862e-07
    8.900000   2.05658157 -2.4966688451241026e-07
    8.900000   2.12135212 -2.5967961806832342e-07
    8.900000   2.18612229 -2.7066871715259021e-07
    8.900000   2.25089198 -2.8250904659534874e-07
    8.900000   2.31566107 -2.9504955243721310e-07
    8.900000   2.38042940 -3.0811214449954876e-07
    8.900000   2.44519674 -3.2149178751328346e-07
    8.900000   2.50996278 -3.3495809081868893e-07
    8.900000   2.57472706 -3.4825862486333045e-07
    8.900000   2.63948889 -3.6112409248494792e-07
    8.900000   2.70424717 -3.7327534582162515e-07
    8.900000   2.76900006 -3.8443207330179901e-07
    8.900000   2.83374417 -3.9432280015391583e-07
    8.900000   2.89847256 -4.0269567150747628e-07
    8.900000   2.96316844 -4.0932934794520945e-07
    8.900000   3.02777863 -4.1404329771043911e-07
    8.900000   3.09200950 -4.1670739892776823e-07
    9.000000   0.04958315 -3.6883946184917379e-07
    9.000000   0.11381403 -3.6646049246305422e-07
    9.000000   0.17842421 -3.6225065696459297e-07
    9.000000   0.24312010 -3.5632550660295566e-07
    9.000000   0.30784849 -3.4884543365865547e-07
    9.000000   0.37259260 -3.4000720096383090e-07
    9.000000   0.43734549 -3.3003486191849945e-07
    9.000000   0.50210377 -3.1917013436158172e-07
    9.000000   0.56686560 -3.0766285566524435e-07
    9.000000   0.63162987 -2.9576210945182714e-07
    9.000000   0.69639591 -2.8370849449160234e-07
    9.000000   0.76116325 -2.7172785490991409e-07
    9.000000   0.82593158 -2.6002663269618669e-07
    9.000000   0.89070068 -2.4878885714757159e-07
    9.000000   0.95547037 -2.3817466437495644e-07
    9.000000   1.02024053 -2.2832015025201108e-07
    9.000000   1.08501108 -2.1933830392190943e-07
    9.000000   1.14978193 -2.1132074348734134e-07
    9.000000   1.21455301 -2.0433997549805482e-07
    9.000000   1.27932429 -1.9845191849465263e-07
    9.000000   1.34409571 -1.9369846166517936e-07
    9.000000   1.40886724 -1.9010986650782840e-07
    9.000000   1.47363885 -1.8770685781484007e-07
    9.000000   1.53841049 -1.8650228714251231e-07
    9.000000   1.60318216 -1.8650228564137749e-07
    9.000000   1.66795381 -1.8770685331592261e-07
    9.000000   1.73272541 -1.9010985901856894e-07
    9.000000   1.79749694 -1.9369845119912009e-07
    9.000000   1.86226837 -1.9845190507496902e-07
    9.000000   1.92703964 -2.0433995915183394e-07
    9.000000   1.99181073 -2.1132072425211146e-07
    9.000000   2.05658157 -2.1933828184547265e-07
    9.000000   2.12135212 -2.2832012539349360e-07
    9.000000   2.18612229 -2.3817463680434270e-07
    9.000000   2.25089198 -2.4878882694862854e-07
    9.000000   2.31566107 -2.6002659996818129e-07
    9.000000   2.38042940 -2.7172781976629444e-07
    9.000000   2.44519674 -2.8370845705927516e-07
    9.000000   2.50996278 -2.9576206987661852e-07
    9.000000   2.57472706 -3.0766281410628816e-07
    9.000000   2.63948889 -3.1917009099429193e-07
    9.000000   2.70424717 -3.3003481692774597e-07
    9.000000   2.76900006 -3.4000715455006345e-07
    9.000000   2.83374417 -3.4884538603239985e-07
    9.000000   2.89847256 -3.5632545798438887e-07
    9.000000   2.96316844 -3.6225060758063985e-07
    9.000000   3.02777863 -3.6646044254489601e-07
    9.000000   3.09200950 -3.6883941163215307e-07
    9.100000   0.04958315 -3.2631027713690738e-07
    9.100000   0.11381403 -3.2418544140044803e-07
    9.100000   0.17842421 -3.2042498281901635e-07
    9.100000   0.24312010 -3.1513157255647770e-07
    9.100000   0.30784849 -3.0844778752377019e-07
    9.100000   0.37259260 -3.0054863099584915e-07
    9.100000   0.43734549 -2.9163351450250850e-07
    9.100000   0.50210377 -2.8191774602333841e-07
    9.100000   0.56686560 -2.7162407503579863e-07
    9.100000   0.63162987 -2.6097481504806847e-07
    9.100000   0.69639591 -2.5018496086103856e-07
    9.100000   0.76116325 -2.3945658610041391e-07
    9.100000   0.82593158 -2.2897466818200150e-07
    9.100000   0.89070068 -2.1890435908419366e-07
    9.100000   0.95547037 -2.0938961253156772e-07
    9.100000   1.02024053 -2.0055299793647362e-07
    9.100000   1.08501108 -1.9249648033175607e-07
    9.100000   1.14978193 -1.8530292145856077e-07
    9.100000   1.21455301 -1.7903805573658401e-07
    9.100000   1.27932429 -1.7375271021556127e-07
    9.100000   1.34409571 -1.6948506397936110e-07
    9.100000   1.40886724 -1.6626277460889430e-07
    9.100000   1.47363885 -1.6410483321429600e-07
    9.100000   1.53841049 -1.6302304229353915e-07
    9.100000   1.60318216 -1.6302304094079852e-07
    9.100000   1.66795381 -1.6410482915806274e-07
    9.100000   1.73272541 -1.6626276785649879e-07
    9.100000   1.79749694 -1.6948505454278265e-07
    9.100000   1.86226837 -1.7375269811447769e-07
    9.100000   1.92703964 -1.7903804099411586e-07
    9.100000   1.99181073 -1.8530290410947358e-07
    9.100000   2.05658157 -1.9249646041638504e-07
    9.100000   2.12135212 -2.0055297550607905e-07
    9.100000   2.18612229 -2.0938958764836958e-07
    9.100000   2.25089198 -2.1890433182476987e-07
    9.100000   2.31566107 -2.2897463863101134e-07
    9.100000   2.38042940 -2.3945655435997687e-07
    9.100000   2.44519674 -2.5018492704745689e-07
    9.100000   2.50996278 -2.6097477928963620e-07
    9.100000   2.57472706 -2.7162403747539695e-07
    9.100000   2.63948889 -2.8191770681940921e-07
    9.100000   2.70424717 -2.9163347382296374e-07
    9.100000   2.76900006 -3.0054858902157059e-07
    9.100000   2.83374417 -3.0844774444610341e-07
    9.100000   2.89847256 -3.1513152857330851e-07
    9.100000   2.96316844 -3.2042493813763700e-07
    9.100000   3.02777863 -3.2418539623308687e-07
    9.100000   3.09200950 -3.2631023169667899e-07
    9.200000   0.04958315 -2.8853300610039612e-07
    9.200000   0.11381403 -2.8663477668403049e-07
    9.200000   0.17842421 -2.8327507491208985e-07
    9.200000   0.24312010 -2.7854517477807121e-07
    9.200000   0.30784849 -2.7257187860520414e-07
    9.200000   0.37259260 -2.6551090696469430e-07
    9.200000   0.43734549 -2.5753981217899873e-07
    9.200000   0.50210377 -2.4885044604474503e-07
    9.200000   0.56686560 -2.3964146548337302e-07
    9.200000   0.63162987 -2.3011133563459260e-07
    9.200000   0.69639591 -2.2045220049256597e-07
    9.200000   0.76116325 -2.1084487652438699e-07
    9.200000   0.82593158 -2.0145510343783933e-07
    9.200000   0.89070068 -1.9243107282865155e-07
    9.200000   0.95547037 -1.8390215986879028e-07
    9.200000   1.02024053 -1.7597871142917434e-07
    9.200000   1.08501108 -1.6875269763697218e-07
    9.200000   1.14978193 -1.6229901140258298e-07
    9.200000   1.21455301 -1.5667719793787836e-07
    9.200000   1.27932429 -1.5193340893751593e-07
    9.200000   1.34409571 -1.4810239874501691e-07
    9.200000   1.40886724 -1.4520940789532431e-07
    9.200000   1.47363885 -1.4327180927446028e-07
    9.200000   1.53841049 -1.4230042137866204e-07
    9.200000   1.60318216 -1.4230042016000451e-07
    9.200000   1.66795381 -1.4327180562073914e-07
    9.200000   1.73272541 -1.4520940181228245e-07
    9.200000   1.79749694 -1.4810239024365501e-07
    9.200000   1.86226837 -1.5193339803204114e-07
    9.200000   1.92703964 -1.5667718465216092e-07
    9.200000   1.99181073 -1.6229899576445803e-07
    9.200000   2.05658157 -1.6875267968261388e-07
    9.200000   2.12135212 -1.7597869120431383e-07
    9.200000   2.18612229 -1.8390213742844334e-07
    9.200000   2.25089198 -1.9243104823749065e-07
    9.200000   2.31566107 -2.0145507677509707e-07
    9.200000   2.38042940 -2.1084484788006766e-07
    9.200000   2.44519674 -2.2045216997041060e-07
    9.200000   2.50996278 -2.3011130334921549e-07
    9.200000   2.57472706 -2.3964143156469050e-07
    9.200000   2.63948889 -2.4885041063267349e-07
    9.200000   2.70424717 -2.5753977542822613e-07
    9.200000   2.76900006 -2.6551086903744148e-07
    9.200000   2.83374417 -2.7257183967387894e-07
    9.200000   2.89847256 -2.7854513502446337e-07
    9.200000   2.96316844 -2.8327503452245005e-07
    9.200000   3.02777863 -2.8663473585088540e-07
    9.200000   3.09200950 -2.8853296501973964e-07
    9.300000   0.04958315 -2.5498498928589481e-07
    9.300000   0.11381403 -2.5328889894401900e-07
    9.300000   0.17842421 -2.5028672920698107e-07
    9.300000   0.24312010 -2.4605965994840913e-07
    9.300000   0.30784849 -2.4072051390053696e-07
    9.300000   0.37259260 -2.3440791016041561e-07
    9.300000   0.43734549 -2.2727999613414786e-07
    9.300000   0.50210377 -2.1950777740532170e-07
    9.300000   0.56686560 -2.1126847091777213e-07
    9.300000   0.63162987 -2.0273928734972718e-07
    9.300000   0.69639591 -1.9409197114170426e-07
    9.300000   0.76116325 -1.8548832658881860e-07
    9.300000   0.82593158 -1.7707685206997356e-07
    9.300000   0.89070068 -1.6899050446479507e-07
    9.300000   0.95547037 -1.6134553104138803e-07
    9.300000   1.02024053 -1.5424124192434547e-07
    9.300000   1.08501108 -1.4776055429242520e-07
    9.300000   1.14978193 -1.4197111845986043e-07
    9.300000   1.21455301 -1.3692683289352192e-07
    9.300000   1.27932429 -1.3266956549740556e-07
    9.300000   1.34409571 -1.2923091804902327e-07
    9.300000   1.40886724 -1.2663389515536803e-07
    9.300000   1.47363885 -1.2489436547958376e-07
    9.300000   1.53841049 -1.2402222893371632e-07
    9.300000   1.60318216 -1.2402222783657217e-07
    9.300000   1.66795381 -1.2489436218880676e-07
    9.300000   1.73272541 -1.2663388967732586e-07
    9.300000   1.79749694 -1.2923091039161673e-07
    9.300000   1.86226837 -1.3266955567589127e-07
    9.300000   1.92703964 -1.3692682092684402e-07
    9.300000   1.99181073 -1.4197110437287330e-07
    9.300000   2.05658157 -1.4776053811503723e-07
    9.300000   2.12135212 -1.5424122369910428e-07
    9.300000   2.18612229 -1.6134551081556135e-07
    9.300000   2.25089198 -1.6899048229732398e-07
    9.300000   2.31566107 -1.7707682802950475e-07
    9.300000   2.38042940 -1.8548830075664323e-07
    9.300000   2.44519674 -1.9409194360958607e-07
    9.300000   2.50996278 -2.0273925822110144e-07
    9.300000   2.57472706 -2.1126844030973326e-07
    9.300000   2.63948889 -2.1950774544314266e-07
    9.300000   2.70424717 -2.2727996295656082e-07
    9.300000   2.76900006 -2.3440787591520718e-07
    9.300000   2.83374417 -2.4072047874537294e-07
    9.300000   2.89847256 -2.4605962404452908e-07
    9.300000   2.96316844 -2.5028669272640626e-07
    9.300000   3.02777863 -2.5328886206074424e-07
    9.300000   3.09200950 -2.5498495217679546e-07
    9.400000   0.04958315 -2.2520070665581817e-07
    9.400000   0.11381403 -2.2368499073094216e-07
    9.400000   0.17842421 -2.2100189492792705e-07
    9.400000   0.24312010 -2.1722365181455939e-07
    9.400000   0.30784849 -2.1245068575120287e-07
    9.400000   0.37259260 -2.0680643796985657e-07
    9.400000   0.43734549 -2.0043181850363637e-07
    9.400000   0.50210377 -1.9347929571765022e-07
    9.400000   0.56686560 -1.8610699801300765e-07
    9.400000   0.63162987 -1.7847318638559343e-07
    9.400000   0.69639591 -1.7073138949870203e-07
    9.400000   0.76116325 -1.6302640544895330e-07
    9.400000   0.82593158 -1.5549128109987377e-07
    9.400000   0.89070068 -1.4824529156965987e-07
    9.400000   0.95547037 -1.4139286727019255e-07
    9.400000   1.02024053 -1.3502335853785931e-07
    9.400000   1.08501108 -1.2921148994664609e-07
    9.400000   1.14978193 -1.2401833697000296e-07
    9.400000   1.21455301 -1.1949265405896748e-07
    9.400000   1.27932429 -1.1567239166313075e-07
    9.400000   1.34409571 -1.1258625652226686e-07
    9.400000   1.40886724 -1.1025519097084110e-07
    9.400000   1.47363885 -1.0869367032103332e-07
    9.400000   1.53841049 -1.0791074044534005e-07
    9.400000   1.60318216 -1.0791073945812273e-07
    9.400000   1.66795381 -1.0869366735900646e-07
    9.400000   1.73272541 -1.1025518603965887e-07
    9.400000   1.79749694 -1.1258624963065267e-07
    9.400000   1.86226837 -1.1567238282205452e-07
    9.400000   1.92703964 -1.1949264328519475e-07
    9.400000   1.99181073 -1.2401832428548491e-07
    9.400000   2.05658157 -1.2921147537915636e-07
    9.400000   2.12135212 -1.3502334212340352e-07
    9.400000   2.18612229 -1.4139284905017761e-07
    9.400000   2.25089198 -1.4824527159796695e-07
    9.400000   2.31566107 -1.5549125943729197e-07
    9.400000   2.38042940 -1.6302638216614075e-07
    9.400000   2.44519674 -1.7073136467894754e-07
    9.400000   2.50996278 -1.7847316012253296e-07
    9.400000   2.57472706 -1.8610697041032990e-07
    9.400000   2.63948889 -1.9347926689015960e-07
    9.400000   2.70424717 -2.0043178857389063e-07
    9.400000   2.76900006 -2.0680640707282233e-07
    9.400000   2.83374417 -2.1245065402705584e-07
    9.400000   2.89847256 -2.1722361941220383e-07
    9.400000   2.96316844 -2.2100186200184006e-07
    9.400000   3.02777863 -2.2368495743857088e-07
    9.400000   3.09200950 -2.2520067315975270e-07
    9.500000   0.04958315 -1.9876549509592419e-07
    9.500000   0.11381403 -1.9741077960515177e-07
    9.500000   0.17842421 -1.9501251754461960e-07
    9.500000   0.24312010 -1.9163500492322364e-07
    9.500000   0.30784849 -1.8736766251053707e-07
    9.500000   0.37259260 -1.8232045228709952e-07
    9.500000   0.43734549 -1.7661896344247053e-07
    9.500000   0.50210377 -1.7039917202116617e-07
    9.500000   0.56686560 -1.6380220424555009e-07
    9.500000   0.63162987 -1.5696942080152128e-07
    9.500000   0.69639591 -1.5003808107521175e-07
    9.500000   0.76116325 -1.4313776988687987e-07
    9.500000   0.82593158 -1.3638768720859782e-07
    9.500000   0.89070068 -1.2989482346782292e-07
    9.500000   0.95547037 -1.2375297626190301e-07
    9.500000   1.02024053 -1.1804251306227218e-07
    9.500000   1.08501108 -1.1283075024931490e-07
    9.500000   1.14978193 -1.0817280086996529e-07
    9.500000   1.21455301 -1.0411273963695106e-07
    9.500000   1.27932429 -1.0068494063718486e-07
    9.500000   1.34409571 -9.7915457649810448e-08
    9.500000   1.40886724 -9.5823335770302424e-08
    9.500000   1.47363885 -9.4421763573789685e-08
    9.500000   1.53841049 -9.3718995652170214e-08
    9.500000   1.60318216 -9.3718994763367796e-08
    9.500000   1.66795381 -9.4421760909785833e-08
    9.500000   1.73272541 -9.5823331333541663e-08
    9.500000   1.79749694 -9.7915451449570792e-08
    9.500000   1.86226837 -1.0068493268128814e-07
    9.500000   1.92703964 -1.0411272994138068e-07
    9.500000   1.99181073 -1.0817278945405586e-07
    9.500000   2.05658157 -1.1283073713792429e-07
    9.500000   2.12135212 -1.1804249828603380e-07
    9.500000   2.18612229 -1.2375295985812351e-07
    9.500000   2.25089198 -1.2989480548385587e-07
    9.500000   2.31566107 -1.3638766769806929e-07
    9.500000   2.38042940 -1.4313774891463397e-07
    9.500000   2.44519674 -1.5003805871492980e-07
    9.500000   2.50996278 -1.5696939713464588e-07
    9.500000   2.57472706 -1.6380217936816884e-07
    9.500000   2.63948889 -1.7039914603488099e-07
    9.500000   2.70424717 -1.7661893645893935e-07
    9.500000   2.76900006 -1.8232042442669995e-07
    9.500000   2.83374417 -1.8736763390144029e-07
    9.500000   2.89847256 -1.9163497569994271e-07
    9.500000   2.96316844 -1.9501248784564299e-07
    9.500000   3.02777863 -1.9741074957438668e-07
    9.500000   3.09200950 -1.9876546487933607e-07
    9.600000   0.04958315 -1.7530997710374287e-07
    9.600000   0.11381403 -1.7409900581364282e-07
    9.600000   0.17842421 -1.7195507478806491e-07
    9.600000   0.24312010 -1.6893543544939244e-07
    9.600000   0.30784849 -1.6511973680483264e-07
    9.600000   0.37259260 -1.6060596322948902e-07
    9.600000   0.43734549 -1.5550607946073061e-07
    9.600000   0.50210377 -1.4994138190241200e-07
    9.600000   0.56686560 -1.4403784726294148e-07
    9.600000   0.63162987 -1.3792175934194422e-07
    9.600000   0.69639591 -1.3171584404539832e-07
    9.600000   0.76116325 -1.2553607577354477e-07
    9.600000   0.82593158 -1.1948924618218137e-07
    9.600000   0.89070068 -1.1367131745831591e-07
    9.600000   0.95547037 -1.0816652300832314e-07
    9.600000   1.02024053 -1.0304713267542512e-07
    9.600000   1.08501108 -9.8373768690369833e-08
    9.600000   1.14978193 -9.4196142089422530e-08
    9.600000   1.21455301 -9.0554075318929119e-08
    9.600000   1.27932429 -8.7478682388832324e-08
    9.600000   1.34409571 -8.4993590454443891e-08
    9.600000   1.40886724 -8.3116103084548438e-08
    9.600000   1.47363885 -8.1858223701086000e-08
    9.600000   1.53841049 -8.1227475944854935e-08
    9.600000   1.60318216 -8.1227475146241594e-08
    9.600000   1.66795381 -8.1858221305875692e-08
    9.600000   1.73272541 -8.3116099095744399e-08
    9.600000   1.79749694 -8.4993584877991604e-08
    9.600000   1.86226837 -8.7478675234049031e-08
    9.600000   1.92703964 -9.0554066597761639e-08
    9.600000   1.99181073 -9.4196131820315084e-08
    9.600000   2.05658157 -9.8373756893553022e-08
    9.600000   2.12135212 -1.0304711937923037e-07
    9.600000   2.18612229 -1.0816650824595307e-07
    9.600000   2.25089198 -1.1367130127057313e-07
    9.600000   2.31566107 -1.1948922861883999e-07
    9.600000   2.38042940 -1.2553605688937322e-07
    9.600000   2.44519674 -1.3171582390817333e-07
    9.600000   2.50996278 -1.3792173802611229e-07
    9.600000   2.57472706 -1.4403782485273052e-07
    9.600000   2.63948889 -1.4994135849004901e-07
    9.600000   2.70424717 -1.5550605514655394e-07
    9.600000   2.76900006 -1.6060593812212221e-07
    9.600000   2.83374417 -1.6511971101972737e-07
    9.600000   2.89847256 -1.6893540910774886e-07
    9.600000   2.96316844 -1.7195504801669107e-07
    9.600000   3.02777863 -1.7409897874094483e-07
    9.600000   3.09200950 -1.7530994986364670e-07
    9.700000   0.04958315 -1.5450511389335745e-07
    9.700000   0.11381403 -1.5342250885163922e-07
    9.700000   0.17842421 -1.5150572194148800e-07
    9.700000   0.24312010 -1.4880574804236650e-07
    9.700000   0.30784849 -1.4539355351681118e-07
    9.700000   0.37259260 -1.4135647400868302e-07
    9.700000   0.43734549 -1.3679435274380778e-07
    9.700000   0.50210377 -1.3181541466346435e-07
    9.700000   0.56686560 -1.2653213326127249e-07
    9.700000   0.63162987 -1.2105733874432060e-07
    9.700000   0.69639591 -1.1550077202477999e-07
    9.700000   0.76116325 -1.0996623031340340e-07
    9.700000   0.82593158 -1.0454938660307805e-07
    9.700000   0.89070068 -9.9336304478978644e-08
    9.700000   0.95547037 -9.4402617044012694e-08
    9.700000   1.02024053 -8.9813297888097161e-08
    9.700000   1.08501108 -8.5622924166752545e-08
    9.700000   1.14978193 -8.1876316749527431e-08
    9.700000   1.21455301 -7.8609438353743511e-08
    9.700000   1.27932429 -7.5850435189591276e-08
    9.700000   1.34409571 -7.3620718430079024e-08
    9.700000   1.40886724 -7.1935996184798080e-08
    9.700000   1.47363885 -7.0807182782366037e-08
    9.700000   1.53841049 -7.0241128395036805e-08
    9.700000   1.60318216 -7.0241127676369583e-08
    9.700000   1.66795381 -7.0807180627212887e-08
    9.700000   1.73272541 -7.1935992598697022e-08
    9.700000   1.79749694 -7.3620713416764786e-08
    9.700000   1.86226837 -7.5850428757169341e-08
    9.700000   1.92703964 -7.8609430512736490e-08
    9.700000   1.99181073 -8.1876307515282792e-08
    9.700000   2.05658157 -8.5622913557603298e-08
    9.700000   2.12135212 -8.9813285928596939e-08
    9.700000   2.18612229 -9.4402603763580460e-08
    9.700000   2.25089198 -9.9336289914795437e-08
    9.700000   2.31566107 -1.0454937079789106e-07
    9.700000   2.38042940 -1.0996621331815501e-07
    9.700000   2.44519674 -1.1550075389986439e-07
    9.700000   2.50996278 -1.2105731955520322e-07
    9.700000   2.57472706 -1.2653211308373688e-07
    9.700000   2.63948889 -1.3181539358006626e-07
    9.700000   2.70424717 -1.3679433084591458e-07
    9.700000   2.76900006 -1.4135645139397578e-07
    9.700000   2.83374417 -1.4539353028936104e-07
    9.700000   2.89847256 -1.4880572431121507e-07
    9.700000   2.96316844 -1.5150569782084861e-07
    9.700000   3.02777863 -1.5342248445881863e-07
    9.700000   3.09200950 -1.5450508934934058e-07
    9.800000   0.04958315 -1.3605780827130325e-07
    9.800000   0.11381403 -1.3508985921773325e-07
    9.800000   0.17842421 -1.3337597426562517e-07
    9.800000   0.24312010 -1.3096158870650890e-07
    9.800000   0.30784849 -1.2790995013278402e-07
    9.800000   0.37259260 -1.2429892252438087e-07
    9.800000   0.43734549 -1.2021756025263781e-07
    9.800000   0.50210377 -1.1576244460413866e-07
    9.800000   0.56686560 -1.1103400967796883e-07
    9.800000   0.63162987 -1.0613307792205139e-07
    9.800000   0.69639591 -1.0115778710723431e-07
    9.800000   0.76116325 -9.6201038992132558e-08
    9.800000   0.82593158 -9.1348544010596045e-08
    9.800000   0.89070068 -8.6677482487745133e-08
    9.800000   0.95547037 -8.2255756148887845e-08
    9.800000   1.02024053 -7.8141767161186374e-08
    9.800000   1.08501108 -7.4384636883236529e-08
    9.800000   1.14978193 -7.1024762689885134e-08
    9.800000   1.21455301 -6.8094607219208943e-08
    9.800000   1.27932429 -6.5619618151467165e-08
    9.800000   1.34409571 -6.3619185956427906e-08
    9.800000   1.40886724 -6.2107559623731919e-08
    9.800000   1.47363885 -6.1094654674406449e-08
    9.800000   1.53841049 -6.0586702183725817e-08
    9.800000   1.60318216 -6.0586701538501169e-08
    9.800000   1.66795381 -6.1094652738239533e-08
    9.800000   1.73272541 -6.2107556400480361e-08
    9.800000   1.79749694 -6.3619181450459536e-08
    9.800000   1.86226837 -6.5619612369976060e-08
    9.800000   1.92703964 -6.8094600170535228e-08
    9.800000   1.99181073 -7.1024754388213805e-08
    9.800000   2.05658157 -7.4384627344366761e-08
    9.800000   2.12135212 -7.8141756407958134e-08
    9.800000   2.18612229 -8.2255744207493164e-08
    9.800000   2.25089198 -8.6677469389000394e-08
    9.800000   2.31566107 -9.1348529793914140e-08
    9.800000   2.38042940 -9.6201023703517223e-08
    9.800000   2.44519674 -1.0115777079930476e-07
    9.800000   2.50996278 -1.0613306065417957e-07
    9.800000   2.57472706 -1.1103399151843845e-07
    9.800000   2.63948889 -1.1576242562728114e-07
    9.800000   2.70424717 -1.2021754053985663e-07
    9.800000   2.76900006 -1.2429890216418681e-07
    9.800000   2.83374417 -1.2790992921841713e-07
    9.800000   2.89847256 -1.3096156733739551e-07
    9.800000   2.96316844 -1.3337595254417754e-07
    9.800000   3.02777863 -1.3508983725008358e-07
    9.800000   3.09200950 -1.3605778616697347e-07
    9.900000   0.04958315 -1.1970699284942158e-07
    9.900000   0.11381403 -1.1884147161109930e-07
    9.900000   0.17842421 -1.1730886410828525e-07
    9.900000   0.24312010 -1.1514966299931269e-07
    9.900000   0.30784849 -1.1242025089574415e-07
    9.900000   0.37259260 -1.0919006356311607e-07
    9.900000   0.43734549 -1.0553854907137333e-07
    9.900000   0.50210377 -1.0155191354112579e-07
    9.900000   0.56686560 -9.7319853963546918e-08
    9.900000   0.63162987 -9.2932473346766643e-08
    9.900000   0.69639591 -8.8477539818648425e-08
    9.900000   0.76116325 -8.4038206091373660e-08
    9.900000   0.82593158 -7.9691256351671997e-08
    9.900000   0.89070068 -7.5505900036207729e-08
    9.900000   0.95547037 -7.1543090416648416e-08
    9.900000   1.02024053 -6.7855313312481325e-08
    9.900000   1.08501108 -6.4486768682910407e-08
    9.900000   1.14978193 -6.1473855252441708e-08
    9.900000   1.21455301 -5.8845864428998728e-08
    9.900000   1.27932429 -5.6625792799163562e-08
    9.900000   1.34409571 -5.4831190564444470e-08
    9.900000   1.40886724 -5.3474974320285689e-08
    9.900000   1.47363885 -5.2566145205499708e-08
    9.900000   1.53841049 -5.2110366307707739e-08
    9.900000   1.60318216 -5.2110365729032452e-08
    9.900000   1.66795381 -5.2566143466807505e-08
    9.900000   1.73272541 -5.3474971424783001e-08
    9.900000   1.79749694 -5.4831186516259457e-08
    9.900000   1.86226837 -5.6625787604053634e-08
    9.900000   1.92703964 -5.8845858094558904e-08
    9.900000   1.99181073 -6.1473847791694034e-08
    9.900000   2.05658157 -6.4486760109517459e-08
    9.900000   2.12135212 -6.7855303647017481e-08
    9.900000   2.18612229 -7.1543079681063276e-08
    9.900000   2.25089198 -7.5505888259000975e-08
    9.900000   2.31566107 -7.9691243568725942e-08
    9.900000   2.38042940 -8.4038192342016627e-08
    9.900000   2.44519674 -8.8477525150613487e-08
    9.900000   2.50996278 -9.2932457813561955e-08
    9.900000   2.57472706 -9.7319837625836135e-08
    9.900000   2.63948889 -1.0155189646609608e-07
    9.900000   2.70424717 -1.0553853133210565e-07
    9.900000   2.76900006 -1.0919004523904667e-07
    9.900000   2.83374417 -1.1242023207205170e-07
    9.900000   2.89847256 -1.1514964376489030e-07
    9.900000   2.96316844 -1.1730884455508615e-07
    9.900000   3.02777863 -1.1884145183545101e-07
    9.900000   3.09200950 -1.1970697294919733e-07
   10.000000   0.04958315 -1.0522014758984652e-07
   10.000000   0.11381403 -1.0444614420857866e-07
   10.000000   0.17842421 -1.0307551835427994e-07
   10.000000   0.24312010 -1.0114436665474204e-07
   10.000000   0.30784849 -9.8702963600627151e-08
   10.000000   0.37259260 -9.5813242429422136e-08
   10.000000   0.43734549 -9.2546094957604347e-08
   10.000000   0.50210377 -8.8978479741251550e-08
   10.000000   0.56686560 -8.5190515803965821e-08
   10.000000   0.63162987 -8.1262735101773837e-08
   10.000000   0.69639591 -7.7273637460530279e-08
   10.000000   0.76116325 -7.3297652009983217e-08
   10.000000   0.82593158 -6.9403565564009594e-08
   10.000000   0.89070068 -6.5653436300977507e-08
   10.000000   0.95547037 -6.2101974149984634e-08
   10.000000   1.02024053 -5.8796340201014572e-08
   10.000000   1.08501108 -5.5776297145555777e-08
   10.000000   1.14978193 -5.3074631307630622e-08
   10.000000   1.21455301 -5.0717763018992046e-08
   10.000000   1.27932429 -4.8726464630747172e-08
   10.000000   1.34409571 -4.7116612319851128e-08
   10.000000   1.40886724 -4.5899907656826393e-08
   10.000000   1.47363885 -4.5084515997173512e-08
   10.000000   1.53841049 -4.4675580247915659e-08
   10.000000   1.60318216 -4.4675579727581169e-08
   10.000000   1.66795381 -4.5084514435890553e-08
   10.000000   1.73272541 -4.5899905055063825e-08
   10.000000   1.79749694 -4.7116608683417296e-08
   10.000000   1.86226837 -4.8726459964220246e-08
   10.000000   1.92703964 -5.0717757328484482e-08
   10.000000   1.99181073 -5.3074624603795780e-08
   10.000000   2.05658157 -5.5776289442979953e-08
   10.000000   2.12135212 -5.8796331514040680e-08
   10.000000   2.18612229 -6.2101964500816023e-08
   10.000000   2.25089198 -6.5653425714126072e-08
   10.000000   2.31566107 -6.9403554072473450e-08
   10.000000   2.38042940 -7.3297639648670629e-08
   10.000000   2.44519674 -7.7273624271521738e-08
   10.000000   2.50996278 -8.1262721132469188e-08
   10.000000   2.57472706 -8.5190501111617344e-08
   10.000000   2.63948889 -8.8978464383086288e-08
   10.000000   2.70424717 -9.2546079000367237e-08
   10.000000   2.76900006 -9.5813225944204403e-08
   10.000000   2.83374417 -9.8702946664653330e-08
   10.000000   2.89847256 -1.0114434934800567e-07
   10.000000   2.96316844 -1.0307550075926407e-07
   10.000000   3.02777863 -1.0444612641372379e-07
   10.000000   3.09200950 -1.0522012968270276e-07
   10.100000   0.04958315 -9.2390197875907978e-08
   10.100000   0.11381403 -9.1697975666093349e-08
   10.100000   0.17842421 -9.0472108740721232e-08
   10.100000   0.24312010 -8.8744782318125241e-08
   10.100000   0.30784849 -8.6560834188944248e-08
   10.100000   0.37259260 -8.3975516799445367e-08
   10.100000   0.43734549 -8.1052098660102081e-08
   10.100000   0.50210377 -7.7859293642978025e-08
   10.100000   0.56686560 -7.4468674969748062e-08
   10.100000   0.63162987 -7.0952227530769892e-08
   10.100000   0.69639591 -6.7380166403421932e-08
   10.100000   0.76116325 -6.3819114481616767e-08
   10.100000   0.82593158 -6.0330693726863706e-08
   10.100000   0.89070068 -5.6970547205765239e-08
   10.100000   0.95547037 -5.3787776261133369e-08
   10.100000   1.02024053 -5.0824751211109168e-08
   10.100000   1.08501108 -4.8117235693110311e-08
   10.100000   1.14978193 -4.5694754354543905e-08
   10.100000   1.21455301 -4.3581130004970449e-08
   10.100000   1.27932429 -4.1795118326729535e-08
   10.100000   1.34409571 -4.0351074257914854e-08
   10.100000   1.40886724 -3.9259592717118029e-08
   10.100000   1.47363885 -3.8528076185704295e-08
   10.100000   1.53841049 -3.8161191909694908e-08
   10.100000   1.60318216 -3.8161191441936235e-08
   10.100000   1.66795381 -3.8528074783087290e-08
   10.100000   1.73272541 -3.9259590380935304e-08
   10.100000   1.79749694 -4.0351070991670862e-08
   10.100000   1.86226837 -4.1795114134321282e-08
   10.100000   1.92703964 -4.3581124894042520e-08
   10.100000   1.99181073 -4.5694748332998158e-08
   10.100000   2.05658157 -4.8117228773031225e-08
   10.100000   2.12135212 -5.0824743406995653e-08
   10.100000   2.18612229 -5.3787767590996328e-08
   10.100000   2.25089198 -5.6970537693049507e-08
   10.100000   2.31566107 -6.0330683400021236e-08
   10.100000   2.38042940 -6.3819103370865369e-08
   10.100000   2.44519674 -6.7380154547437210e-08
   10.100000   2.50996278 -7.0952214973072715e-08
   10.100000   2.57472706 -7.4468661758530026e-08
   10.100000   2.63948889 -7.7859279833282058e-08
   10.100000   2.70424717 -8.1052084310204208e-08
   10.100000   2.76900006 -8.3975501973113457e-08
   10.100000   2.83374417 -8.6560818956651218e-08
   10.100000   2.89847256 -8.8744766750664543e-08
   10.100000   2.96316844 -9.0472092914539442e-08
   10.100000   3.02777863 -9.1697959658751580e-08
   10.100000   3.09200950 -9.2390181767147977e-08
   10.200000   0.04958315 -8.1032750323306495e-08
   10.200000   0.11381403 -8.0413617507879918e-08
   10.200000   0.17842421 -7.9317133393047111e-08
   10.200000   0.24312010 -7.7772001749072045e-08
   10.200000   0.30784849 -7.5818219660841339e-08
   10.200000   0.37259260 -7.3505088681170923e-08
   10.200000   0.43734549 -7.0889083355009882e-08
   10.200000   0.50210377 -6.8031565226668340e-08
   10.200000   0.56686560 -6.4996481168128992e-08
   10.200000   0.63162987 -6.1848182335606865e-08
   10.200000   0.69639591 -5.8649477562739727e-08
   10.200000   0.76116325 -5.5460004196385366e-08
   10.200000   0.82593158 -5.2334965453012229e-08
   10.200000   0.89070068 -4.9324250300843318e-08
   10.200000   0.95547037 -4.6471922698885259e-08
   10.200000   1.02024053 -4.3816043834294383e-08
   10.200000   1.08501108 -4.1388774608522884e-08
   10.200000   1.14978193 -3.9216696134574711e-08
   10.200000   1.21455301 -3.7321282643724312e-08
   10.200000   1.27932429 -3.5719462750580418e-08
   10.200000   1.34409571 -3.4424210264428034e-08
   10.200000   1.40886724 -3.3445113244650934e-08
   10.200000   1.47363885 -3.2788878713488996e-08
   10.200000   1.53841049 -3.2459739569171565e-08
   10.200000   1.60318216 -3.2459739148491619e-08
   10.200000   1.66795381 -3.2788877453855785e-08
   10.200000   1.73272541 -3.3445111146500911e-08
   10.200000   1.79749694 -3.4424207331307171e-08
   10.200000   1.86226837 -3.5719458985937335e-08
   10.200000   1.92703964 -3.7321278053890297e-08
   10.200000   1.99181073 -3.9216690726844796e-08
   10.200000   2.05658157 -4.1388768392769839e-08
   10.200000   2.12135212 -4.3816036824815483e-08
   10.200000   2.18612229 -4.6471914910247188e-08
   10.200000   2.25089198 -4.9324241755555347e-08
   10.200000   2.31566107 -5.2334956173964002e-08
   10.200000   2.38042940 -5.5459994212760826e-08
   10.200000   2.44519674 -5.8649466907587446e-08
   10.200000   2.50996278 -6.1848171049693607e-08
   10.200000   2.57472706 -6.4996469293724400e-08
   10.200000   2.63948889 -6.8031552812229911e-08
   10.200000   2.70424717 -7.0889070453662664e-08
   10.200000   2.76900006 -7.3505075351153036e-08
   10.200000   2.83374417 -7.5818205964045189e-08
   10.200000   2.89847256 -7.7771987750486089e-08
   10.200000   2.96316844 -7.9317119161985062e-08
   10.200000   3.02777863 -8.0413603112707194e-08
   10.200000   3.09200950 -8.1032735837057956e-08
   10.300000   0.04958315 -7.0983628795077809e-08
   10.300000   0.11381403 -7.0429824662023441e-08
   10.300000   0.17842421 -6.9448992935692150e-08
   10.300000   0.24312010 -6.8066737632552355e-08
   10.300000   0.30784849 -6.6318744473981768e-08
   10.300000   0.37259260 -6.4249012778421861e-08
   10.300000   0.43734549 -6.1907960706848705e-08
   10.300000   0.50210377 -5.9350391830891736e-08
   10.300000   0.56686560 -5.6633445982828629e-08
   10.300000   0.63162987 -5.3814655412870290e-08
   10.300000   0.69639591 -5.0950207525682312e-08
   10.300000   0.76116325 -4.8093488364206197e-08
   10.300000   0.82593158 -4.5293951014578624e-08
   10.300000   0.89070068 -4.2596323777951018e-08
   10.300000   0.95547037 -4.0040147056563640e-08
   10.300000   1.02024053 -3.7659607121103495e-08
   10.300000   1.08501108 -3.5483620309496422e-08
   10.300000   1.14978193 -3.3536112505966938e-08
   10.300000   1.21455301 -3.1836435641721297e-08
   10.300000   1.27932429 -3.0399864176198805e-08
   10.300000   1.34409571 -2.9238119031396519e-08
   10.300000   1.40886724 -2.8359873092487868e-08
   10.300000   1.47363885 -2.7771200081348110e-08
   10.300000   1.53841049 -2.7475936763531907e-08
   10.300000   1.60318216 -2.7475936386852944e-08
   10.300000   1.66795381 -2.7771198950202670e-08
   10.300000   1.73272541 -2.8359871209316511e-08
   10.300000   1.79749694 -2.9238116398377360e-08
   10.300000   1.86226837 -3.0399860795888386e-08
   10.300000   1.92703964 -3.1836431519990829e-08
   10.300000   1.99181073 -3.3536107649400700e-08
   10.300000   2.05658157 -3.5483614727800419e-08
   10.300000   2.12135212 -3.7659600825466687e-08
   10.300000   2.18612229 -4.0040140061069750e-08
   10.300000   2.25089198 -4.2596316101706278e-08
   10.300000   2.31566107 -4.5293942678400403e-08
   10.300000   2.38042940 -4.8093479394765750e-08
   10.300000   2.44519674 -5.0950197952157243e-08
   10.300000   2.50996278 -5.3814645271087751e-08
   10.300000   2.57472706 -5.6633435310570213e-08
   10.300000   2.63948889 -5.9350380672975287e-08
   10.300000   2.70424717 -6.1907949111118945e-08
   10.300000   2.76900006 -6.4249000796466015e-08
   10.300000   2.83374417 -6.6318732161840236e-08
   10.300000   2.89847256 -6.8066725048461566e-08
   10.300000   2.96316844 -6.9448980140765397e-08
   10.300000   3.02777863 -7.0429811719234051e-08
   10.300000   3.09200950 -7.0983615770408019e-08
   10.400000   0.04958315 -6.2096677469257004e-08
   10.400000   0.11381403 -6.1601271308692423e-08
   10.400000   0.17842421 -6.0723828843064538e-08
   10.400000   0.24312010 -5.9487193357669476e-08
   10.400000   0.30784849 -5.7923209595846047e-08
   10.400000   0.37259260 -5.6071151376786167e-08
   10.400000   0.43734549 -5.3976036735986727e-08
   10.400000   0.50210377 -5.1686818628730970e-08
   10.400000   0.56686560 -4.9254560155172113e-08
   10.400000   0.63162987 -4.6730701772681696e-08
   10.400000   0.69639591 -4.4165510656270205e-08
   10.400000   0.76116325 -4.1606778478904797e-08
   10.400000   0.82593158 -3.9098807320397948e-08
   10.400000   0.89070068 -3.6681697478505240e-08
   10.400000   0.95547037 -3.4390927851873105e-08
   10.400000   1.02024053 -3.2257201075502251e-08
   10.400000   1.08501108 -3.0306512405950980e-08
   10.400000   1.14978193 -2.8560393535304426e-08
   10.400000   1.21455301 -2.7036279553513136e-08
   10.400000   1.27932429 -2.5747948239504293e-08
   10.400000   1.34409571 -2.4705984805155332e-08
   10.400000   1.40886724 -2.3918231022881758e-08
   10.400000   1.47363885 -2.3390184497118881e-08
   10.400000   1.53841049 -2.3125321111846750e-08
   10.400000   1.60318216 -2.3125320773083252e-08
   10.400000   1.66795381 -2.3390183482179767e-08
   10.400000   1.73272541 -2.3918229331663139e-08
   10.400000   1.79749694 -2.4705982440702574e-08
   10.400000   1.86226837 -2.5747945204471913e-08
   10.400000   1.92703964 -2.7036275852948135e-08
   10.400000   1.99181073 -2.8560389175671745e-08
   10.400000   2.05658157 -3.0306507393787404e-08
   10.400000   2.12135212 -3.2257195422210139e-08
   10.400000   2.18612229 -3.4390921569558253e-08
   10.400000   2.25089198 -3.6681690584472921e-08
   10.400000   2.31566107 -3.9098799832810838e-08
   10.400000   2.38042940 -4.1606770422317177e-08
   10.400000   2.44519674 -4.4165502057216420e-08
   10.400000   2.50996278 -4.6730692660722450e-08
   10.400000   2.57472706 -4.9254550566990126e-08
   10.400000   2.63948889 -5.1686808603097143e-08
   10.400000   2.70424717 -5.3976026315761430e-08
   10.400000   2.76900006 -5.6071140608650895e-08
   10.400000   2.83374417 -5.7923198529811590e-08
   10.400000   2.89847256 -5.9487182046370118e-08
   10.400000   2.96316844 -6.0723817342297786e-08
   10.400000   3.02777863 -6.1601259675763583e-08
   10.400000   3.09200950 -6.2096665762158769e-08
   10.500000   0.04958315 -5.4241801728825009e-08
   10.500000   0.11381403 -5.3798603025505955e-08
   10.500000   0.17842421 -5.3013595405363883e-08
   10.500000   0.24312010 -5.1907162702947728e-08
   10.500000   0.30784849 -5.0507726865466836e-08
   10.500000   0.37259260 -4.8850349215784839e-08
   10.500000   0.43734549 -4.6975231782457405e-08
   10.500000   0.50210377 -4.4926107010114089e-08
   10.500000   0.56686560 -4.2748612399955422e-08
   10.500000   0.63162987 -4.0488745582603675e-08
   10.500000   0.69639591 -3.8191480081489561e-08
   10.500000   0.76116325 -3.5899600969530589e-08
   10.500000   0.82593158 -3.3652796150237630e-08
   10.500000   0.89070068 -3.1487015939242970e-08
   10.500000   0.95547037 -2.9434093122169872e-08
   10.500000   1.02024053 -2.7521599118845675e-08
   10.500000   1.08501108 -2.5772900089701398e-08
   10.500000   1.14978193 -2.4207369704461250e-08
   10.500000   1.21455301 -2.2840712569717619e-08
   10.500000   1.27932429 -2.1685353030648966e-08
   10.500000   1.34409571 -2.0750847503126115e-08
   10.500000   1.40886724 -2.0044283575016686e-08
   10.500000   1.47363885 -1.9570635223097784e-08
   10.500000   1.53841049 -1.9333049892270933e-08
   10.500000   1.60318216 -1.9333049588551272e-08
   10.500000   1.66795381 -1.9570634312495679e-08
   10.500000   1.73272541 -2.0044282057633126e-08
   10.500000   1.79749694 -2.0750845380925452e-08
   10.500000   1.86226837 -2.1685350306483031e-08
   10.500000   1.92703964 -2.2840709248035198e-08
   10.500000   1.99181073 -2.4207365790318973e-08
   10.500000   2.05658157 -2.5772895589868379e-08
   10.500000   2.12135212 -2.7521594042744799e-08
   10.500000   2.18612229 -2.9434087480582875e-08
   10.500000   2.25089198 -3.1487009748278662e-08
   10.500000   2.31566107 -3.3652789425738346e-08
   10.500000   2.38042940 -3.5899593732757400e-08
   10.500000   2.44519674 -3.8191472356293602e-08
   10.500000   2.50996278 -4.0488737397302483e-08
   10.500000   2.57472706 -4.2748603786451619e-08
   10.500000   2.63948889 -4.4926098003002930e-08
   10.500000   2.70424717 -4.6975222420496219e-08
   10.500000   2.76900006 -4.8850339540419934e-08
   10.500000   2.83374417 -5.0507716921734226e-08
   10.500000   2.89847256 -5.1907152539808643e-08
   10.500000   2.96316844 -5.3013585070804441e-08
   10.500000   3.02777863 -5.3798592570296828e-08
   10.500000   3.09200950 -5.4241791207163407e-08
   10.600000   0.04958315 -4.7303220931437531e-08
   10.600000   0.11381403 -4.6906699491388891e-08
   10.600000   0.17842421 -4.6204339960554335e-08
   10.600000   0.24312010 -4.5214334564603454e-08
   10.600000   0.30784849 -4.3962054386205709e-08
   10.600000   0.37259260 -4.2478804738042263e-08
   10.600000   0.43734549 -4.0800491737566978e-08
   10.600000   0.50210377 -3.8966188761164737e-08
   10.600000   0.56686560 -3.7016688400278382e-08
   10.600000   0.63162987 -3.4993124783139162e-08
   10.600000   0.69639591 -3.2935737721196955e-08
   10.600000   0.76116325 -3.0882831605331786e-08
   10.600000   0.82593158 -2.8869961133182611e-08
   10.600000   0.89070068 -2.6929355561308157e-08
   10.600000   0.95547037 -2.5089574884112885e-08
   10.600000   1.02024053 -2.3375376617845757e-08
   10.600000   1.08501108 -2.1807761232429976e-08
   10.600000   1.14978193 -2.0404157897276307e-08
   10.600000   1.21455301 -1.9178709626928474e-08
   10.600000   1.27932429 -1.8142617492474656e-08
   10.600000   1.34409571 -1.7304506520709441e-08
   10.600000   1.40886724 -1.6670780419501630e-08
   10.600000   1.47363885 -1.6245937625014728e-08
   10.600000   1.53841049 -1.6032826936300611e-08
   10.600000   1.60318216 -1.6032826663715816e-08
   10.600000   1.66795381 -1.6245936807611155e-08
   10.600000   1.73272541 -1.6670779056678723e-08
   10.600000   1.79749694 -1.7304504616322212e-08
   10.600000   1.86226837 -1.8142615047232058e-08
   10.600000   1.92703964 -1.9178706645463191e-08
   10.600000   1.99181073 -2.0404154383590346e-08
   10.600000   2.05658157 -2.1807757192691268e-08
   10.600000   2.12135212 -2.3375372060623765e-08
   10.600000   2.18612229 -2.5089569819442705e-08
   10.600000   2.25089198 -2.6929350001596076e-08
   10.600000   2.31566107 -2.8869955095553319e-08
   10.600000   2.38042940 -3.0882825107289838e-08
   10.600000   2.44519674 -3.2935730783234966e-08
   10.600000   2.50996278 -3.4993117432105853e-08
   10.600000   2.57472706 -3.7016680664127283e-08
   10.600000   2.63948889 -3.8966180669351399e-08
   10.600000   2.70424717 -4.0800483326881727e-08
   10.600000   2.76900006 -4.2478796045133013e-08
   10.600000   2.83374417 -4.3962045452177803e-08
   10.600000   2.89847256 -4.5214325432762611e-08
   10.600000   2.96316844 -4.6204330675224458e-08
   10.600000   3.02777863 -4.6906690098021642e-08
   10.600000   3.09200950 -4.7303211477830054e-08
   10.700000   0.04958315 -4.1177910085108684e-08
   10.700000   0.11381403 -4.0823124952748146e-08
   10.700000   0.17842421 -4.0194668839135361e-08
   10.700000   0.24312010 -3.9308780581964853e-08
   10.700000   0.30784849 -3.8188111315898009e-08
   10.700000   0.37259260 -3.6860616680363914e-08
   10.700000   0.43734549 -3.5358370106505741e-08
   10.700000   0.50210377 -3.3716286308256671e-08
   10.700000   0.56686560 -3.1970830943759379e-08
   10.700000   0.63162987 -3.0158791861444262e-08
   10.700000   0.69639591 -2.8316175615350546e-08
   10.700000   0.76116325 -2.6477276481912697e-08
   10.700000   0.82593158 -2.4673946857093431e-08
   10.700000   0.89070068 -2.2935079742390406e-08
   10.700000   0.95547037 -2.1286297785262198e-08
   10.700000   1.02024053 -1.9749830181520329e-08
   10.700000   1.08501108 -1.8344549224257255e-08
   10.700000   1.14978193 -1.7086132507491301e-08
   10.700000   1.21455301 -1.5987314393357227e-08
   10.700000   1.27932429 -1.5058190827575865e-08
   10.700000   1.34409571 -1.4306544103189758e-08
   10.700000   1.40886724 -1.3738158187090101e-08
   10.700000   1.47363885 -1.3357099968943427e-08
   10.700000   1.53841049 -1.3165946910274122e-08
   10.700000   1.60318216 -1.3165946666129675e-08
   10.700000   1.66795381 -1.3357099235919195e-08
   10.700000   1.73272541 -1.3738156964373074e-08
   10.700000   1.79749694 -1.4306542393099408e-08
   10.700000   1.86226837 -1.5058188633048554e-08
   10.700000   1.92703964 -1.5987311717240748e-08
   10.700000   1.99181073 -1.7086129353612856e-08
   10.700000   2.05658157 -1.8344545598596669e-08
   10.700000   2.12135212 -1.9749826089941779e-08
   10.700000   2.18612229 -2.1286293238058732e-08
   10.700000   2.25089198 -2.2935074751226487e-08
   10.700000   2.31566107 -2.4673941435630621e-08
   10.700000   2.38042940 -2.6477270646553043e-08
   10.700000   2.44519674 -2.8316169385804642e-08
   10.700000   2.50996278 -3.0158785259615671e-08
   10.700000   2.57472706 -3.1970823994238607e-08
   10.700000   2.63948889 -3.3716279040637526e-08
   10.700000   2.70424717 -3.5358362551762855e-08
   10.700000   2.76900006 -3.6860608871950780e-08
   10.700000   2.83374417 -3.8188103289888907e-08
   10.700000   2.89847256 -3.9308772377605777e-08
   10.700000   2.96316844 -4.0194660496212072e-08
   10.700000   3.02777863 -4.0823116514208859e-08
   10.700000   3.09200950 -4.1177901591519614e-08
   10.800000   0.04958315 -3.5774209977729619e-08
   10.800000   0.11381403 -3.5456746134067842e-08
   10.800000   0.17842421 -3.4894379008674769e-08
   10.800000   0.24312010 -3.4101605999159144e-08
   10.800000   0.30784849 -3.3098652819392898e-08
   10.800000   0.37259260 -3.1910487247520542e-08
   10.800000   0.43734549 -3.0565762718094694e-08
   10.800000   0.50210377 -2.9095681388413717e-08
   10.800000   0.56686560 -2.7532844105963834e-08
   10.800000   0.63162987 -2.5910154303277584e-08
   10.800000   0.69639591 -2.4259832578426084e-08
   10.800000   0.76116325 -2.2612584154872158e-08
   10.800000   0.82593158 -2.0996945153326461e-08
   10.800000   0.89070068 -1.9438817499485089e-08
   10.800000   0.95547037 -1.7961187824565274e-08
   10.800000   1.02024053 -1.6584013956075991e-08
   10.800000   1.08501108 -1.5324254083811148e-08
   10.800000   1.14978193 -1.4196008436511148e-08
   10.800000   1.21455301 -1.3210741122995538e-08
   10.800000   1.27932429 -1.2377550115207427e-08
   10.800000   1.34409571 -1.1703455570400728e-08
   10.800000   1.40886724 -1.1193680169850679e-08
   10.800000   1.47363885 -1.0851899437293206e-08
   10.800000   1.53841049 -1.0680444486910973e-08
   10.800000   1.60318216 -1.0680444267587794e-08
   10.800000   1.66795381 -1.0851898778375283e-08
   10.800000   1.73272541 -1.1193679072611523e-08
   10.800000   1.79749694 -1.1703454035978065e-08
   10.800000   1.86226837 -1.2377548145583439e-08
   10.800000   1.92703964 -1.3210738720843770e-08
   10.800000   1.99181073 -1.4196005605785925e-08
   10.800000   2.05658157 -1.5324250829003460e-08
   10.800000   2.12135212 -1.6584010283401830e-08
   10.800000   2.18612229 -1.7961183742621214e-08
   10.800000   2.25089198 -1.9438813018369113e-08
   10.800000   2.31566107 -2.0996940285658596e-08
   10.800000   2.38042940 -2.2612578915596138e-08
   10.800000   2.44519674 -2.4259826984532399e-08
   10.800000   2.50996278 -2.5910148374171212e-08
   10.800000   2.57472706 -2.7532837865142191e-08
   10.800000   2.63948889 -2.9095674862415459e-08
   10.800000   2.70424717 -3.0565755932484114e-08
   10.800000   2.76900006 -3.1910480234887577e-08
   10.800000   2.83374417 -3.3098645610467233e-08
   10.800000   2.89847256 -3.4101598629889382e-08
   10.800000   2.96316844 -3.4894371514709163e-08
   10.800000   3.02777863 -3.5456738553524411e-08
   10.800000   3.09200950 -3.5774202348293772e-08
   10.900000   0.04958315 -3.1010587597487561e-08
   10.900000   0.11381403 -3.0726499558854733e-08
   10.900000   0.17842421 -3.0223237565255921e-08
   10.900000   0.24312010 -2.9513746213341226e-08
   10.900000   0.30784849 -2.8616088013828373e-08
   10.900000   0.37259260 -2.7552565139598725e-08
   10.900000   0.43734549 -2.6348778790380841e-08
   10.900000   0.50210377 -2.5032616360515920e-08
   10.900000   0.56686560 -2.3633226245672453e-08
   10.900000   0.63162987 -2.2180039933358145e-08
   10.900000   0.69639591 -2.0701891910070222e-08
   10.900000   0.76116325 -1.9226275104622920e-08
   10.900000   0.82593158 -1.7778755165551052e-08
   10.900000   0.89070068 -1.6382552541712759e-08
   10.900000   0.95547037 -1.5058288479445984e-08
   10.900000   1.02024053 -1.3823880563508239e-08
   10.900000   1.08501108 -1.2694565741877743e-08
   10.900000   1.14978193 -1.1683024114907805e-08
   10.900000   1.21455301 -1.0799574693809998e-08
   10.900000   1.27932429 -1.0052414588908811e-08
   10.900000   1.34409571 -9.4478750141792649e-09
   10.900000   1.40886724 -8.9906705792426603e-09
   10.900000   1.47363885 -8.6841220932188588e-09
   10.900000   1.53841049 -8.5303371660369940e-09
   10.900000   1.60318216 -8.5303369685572561e-09
   10.900000   1.66795381 -8.6841215020725615e-09
   10.900000   1.73272541 -8.9906695944287514e-09
   10.900000   1.79749694 -9.4478736371349988e-09
   10.900000   1.86226837 -1.0052412820559188e-08
   10.900000   1.92703964 -1.0799572537239910e-08
   10.900000   1.99181073 -1.1683021573720657e-08
   10.900000   2.05658157 -1.2694562820187474e-08
   10.900000   2.12135212 -1.3823877266506244e-08
   10.900000   2.18612229 -1.5058284815823654e-08
   10.900000   2.25089198 -1.6382548518848301e-08
   10.900000   2.31566107 -1.7778750795452905e-08
   10.900000   2.38042940 -1.9226270399820736e-08
   10.900000   2.44519674 -2.0701886886359399e-08
   10.900000   2.50996278 -2.2180034609998412e-08
   10.900000   2.57472706 -2.3633220641413216e-08
   10.900000   2.63948889 -2.5032610498551133e-08
   10.900000   2.70424717 -2.6348772697084713e-08
   10.900000   2.76900006 -2.7552558841109858e-08
   10.900000   2.83374417 -2.8616081539133105e-08
   10.900000   2.89847256 -2.9513739594143279e-08
   10.900000   2.96316844 -3.0223230834603618e-08
   10.900000   3.02777863 -3.0726492748932395e-08
   10.900000   3.09200950 -3.1010580743593308e-08
   11.000000   0.04958315 -2.6814530635197622e-08
   11.000000   0.11381403 -2.6560292177571416e-08
   11.000000   0.17842421 -2.6109893177588722e-08
   11.000000   0.24312010 -2.5474893366098126e-08
   11.000000   0.30784849 -2.4671425575554047e-08
   11.000000   0.37259260 -2.3719413474469739e-08
   11.000000   0.43734549 -2.2641733830868911e-08
   11.000000   0.50210377 -2.1463314044723395e-08
   11.000000   0.56686560 -2.0210218093186330e-08
   11.000000   0.63162987 -1.8908773917970016e-08
   11.000000   0.69639591 -1.7584787330504001e-08
   11.000000   0.76116325 -1.6262876095304959e-08
   11.000000   0.82593158 -1.4965945147126581e-08
   11.000000   0.89070068 -1.3714811103368101e-08
   11.000000   0.95547037 -1.2527972851275322e-08
   11.000000   1.02024053 -1.1421515556385733e-08
   11.000000   1.08501108 -1.0409128626360579e-08
   11.000000   1.14978193 -9.5022138842734222e-09
   11.000000   1.21455301 -8.7100583556892551e-09
   11.000000   1.27932429 -8.0400462279922396e-09
   11.000000   1.34409571 -7.4978862010610118e-09
   11.000000   1.40886724 -7.0878331963128748e-09
   11.000000   1.47363885 -6.8128867080971542e-09
   11.000000   1.53841049 -6.6749516857364860e-09
   11.000000   1.60318216 -6.6749515085469318e-09
   11.000000   1.66795381 -6.8128861774053255e-09
   11.000000   1.73272541 -7.0878323128573032e-09
   11.000000   1.79749694 -7.4978849645612037e-09
   11.000000   1.86226837 -8.0400446411731388e-09
   11.000000   1.92703964 -8.7100564201421785e-09
   11.000000   1.99181073 -9.5022116028129543e-09
   11.000000   2.05658157 -1.0409126003284529e-08
   11.000000   2.12135212 -1.1421512597308028e-08
   11.000000   2.18612229 -1.2527969561768799e-08
   11.000000   2.25089198 -1.3714807491291600e-08
   11.000000   2.31566107 -1.4965941223682175e-08
   11.000000   2.38042940 -1.6262871871874240e-08
   11.000000   2.44519674 -1.7584782820320339e-08
   11.000000   2.50996278 -1.8908769138382105e-08
   11.000000   2.57472706 -2.0210213061229148e-08
   11.000000   2.63948889 -2.1463308780933650e-08
   11.000000   2.70424717 -2.2641728358661382e-08
   11.000000   2.76900006 -2.3719407817900036e-08
   11.000000   2.83374417 -2.4671419761544729e-08
   11.000000   2.89847256 -2.5474887422062199e-08
   11.000000   2.96316844 -2.6109887131913620e-08
   11.000000   3.02777863 -2.6560286061759706e-08
   11.000000   3.09200950 -2.6814524479902652e-08
   11.250000   0.04958315 -1.8401769094613554e-08
   11.250000   0.11381403 -1.8209087201653163e-08
   11.250000   0.17842421 -1.7867711657207734e-08
   11.250000   0.24312010 -1.7386359093934805e-08
   11.250000   0.30784849 -1.6777199323245738e-08
   11.250000   0.37259260 -1.6055269087479065e-08
   11.250000   0.43734549 -1.5237844392021946e-08
   11.250000   0.50210377 -1.4343763600934340e-08
   11.250000   0.56686560 -1.3392740800546260e-08
   11.250000   0.63162987 -1.2404709077417813e-08
   11.250000   0.69639591 -1.1399227510481687e-08
   11.250000   0.76116325 -1.0394977291571272e-08
   11.250000   0.82593158 -9.4093629653817403e-09
   11.250000   0.89070068 -8.4582252751551946e-09
   11.250000   0.95547037 -7.5556635532165111e-09
   11.250000   1.02024053 -6.7139585177132165e-09
   11.250000   1.08501108 -5.9435811291225700e-09
   11.250000   1.14978193 -5.2532698906408682e-09
   11.250000   1.21455301 -4.6501574537386488e-09
   11.250000   1.27932429 -4.1399274374568154e-09
   11.250000   1.34409571 -3.7269835443469201e-09
   11.250000   1.40886724 -3.4146150380462256e-09
   11.250000   1.47363885 -3.2051451428273605e-09
   11.250000   1.53841049 -3.1000516101317105e-09
   11.250000   1.60318216 -3.1000514749755749e-09
   11.250000   1.66795381 -3.2051447369424712e-09
   11.250000   1.73272541 -3.4146143630554452e-09
   11.250000   1.79749694 -3.7269826011592253e-09
   11.250000   1.86226837 -4.1399262257895210e-09
   11.250000   1.92703964 -4.6501559764472658e-09
   11.250000   1.99181073 -5.2532681493798001e-09
   11.250000   2.05658157 -5.9435791264857210e-09
   11.250000   2.12135212 -6.7139562583781525e-09
   11.250000   2.18612229 -7.5556610419595450e-09
   11.250000   2.25089198 -8.4582225169250138e-09
   11.250000   2.31566107 -9.4093599686151751e-09
   11.250000   2.38042940 -1.0394974065629426e-08
   11.250000   2.44519674 -1.1399224065167569e-08
   11.250000   2.50996278 -1.2404705425550090e-08
   11.250000   2.57472706 -1.3392736955559841e-08
   11.250000   2.63948889 -1.4343759579698952e-08
   11.250000   2.70424717 -1.5237840210241948e-08
   11.250000   2.76900006 -1.6055264763823334e-08
   11.250000   2.83374417 -1.6777194879252000e-08
   11.250000   2.89847256 -1.7386354550698260e-08
   11.250000   2.96316844 -1.7867707036325035e-08
   11.250000   3.02777863 -1.8209082525588729e-08
   11.250000   3.09200950 -1.8401764389437634e-08
   11.500000   0.04958315 -1.2325597588209306e-08
   11.500000   0.11381403 -1.2179506220158964e-08
   11.500000   0.17842421 -1.1920655909691575e-08
   11.500000   0.24312010 -1.1555624591920345e-08
   11.500000   0.30784849 -1.1093599485731192e-08
   11.500000   0.37259260 -1.0545937200135291e-08
   11.500000   0.43734549 -9.9256928938166301e-09
   11.500000   0.50210377 -9.2471119862297251e-09
   11.500000   0.56686560 -8.5251138440615440e-09
   11.500000   0.63162987 -7.7747971250754906e-09
   11.500000   0.69639591 -7.0109921336287373e-09
   11.500000   0.76116325 -6.2478793993082367e-09
   11.500000   0.82593158 -5.4986866628132042e-09
   11.500000   0.89070068 -4.7754693898965783e-09
   11.500000   0.95547037 -4.0889735128555002e-09
   11.500000   1.02024053 -3.4485737770281068e-09
   11.500000   1.08501108 -2.8622771156352427e-09
   11.500000   1.14978193 -2.3367779350265850e-09
   11.500000   1.21455301 -1.8775510234708072e-09
   11.500000   1.27932429 -1.4889677117441163e-09
   11.500000   1.34409571 -1.1744218002804297e-09
   11.500000   1.40886724 -9.3645318092071376e-10
   11.500000   1.47363885 -7.7685894567529102e-10
   11.500000   1.53841049 -6.9678380249877151e-10
   11.500000   1.60318216 -6.9678369969820821e-10
   11.500000   1.66795381 -7.7685863663166831e-10
   11.500000   1.73272541 -9.3645266571035561e-10
   11.500000   1.79749694 -1.1744210801534695e-09
   11.500000   1.86226837 -1.4889667869335356e-09
   11.500000   1.92703964 -1.8775498953854480e-09
   11.500000   1.99181073 -2.3367766055801530e-09
   11.500000   2.05658157 -2.8622755852255286e-09
   11.500000   2.12135212 -3.4485720512887830e-09
   11.500000   2.18612229 -4.0889715944466703e-09
   11.500000   2.25089198 -4.7754672841872653e-09
   11.500000   2.31566107 -5.4986843743528420e-09
   11.500000   2.38042940 -6.2478769350513156e-09
   11.500000   2.44519674 -7.0109895019566096e-09
   11.500000   2.50996278 -7.7747943354163160e-09
   11.500000   2.57472706 -8.5251109065132574e-09
   11.500000   2.63948889 -9.2471089130372912e-09
   11.500000   2.70424717 -9.9256896985296163e-09
   11.500000   2.76900006 -1.0545933896189734e-08
   11.500000   2.83374417 -1.1093596089254820e-08
   11.500000   2.89847256 -1.1555621118931411e-08
   11.500000   2.96316844 -1.1920652377240277e-08
   11.500000   3.02777863 -1.2179502647588242e-08
   11.500000   3.09200950 -1.2325593990944752e-08
   11.750000   0.04958315 -7.9702806170902675e-09
   11.750000   0.11381403 -7.8594670628186792e-09
   11.750000   0.17842421 -7.6631096259414634e-09
   11.750000   0.24312010 -7.3861759472277949e-09
   11.750000   0.30784849 -7.0356065507400243e-09
   11.750000   0.37259260 -6.6199844070658627e-09
   11.750000   0.43734549 -6.1491813503031014e-09
   11.750000   0.50210377 -5.6339759964254920e-09
   11.750000   0.56686560 -5.0856651619460200e-09
   11.750000   0.63162987 -4.5156909711777076e-09
   11.750000   0.69639591 -3.9353027366662033e-09
   11.750000   0.76116325 -3.3552681137920579e-09
   11.750000   0.82593158 -2.7856428138434933e-09
   11.750000   0.89070068 -2.2356029017947169e-09
   11.750000   0.95547037 -1.7133388721394904e-09
   11.750000   1.02024053 -1.2260066890840723e-09
   11.750000   1.08501108 -7.7972797898389522e-10
   11.750000   1.14978193 -3.7962961127571912e-10
   11.750000   1.21455301 -2.9911950094404667e-11
   11.750000   1.27932429  2.6606498699228822e-10
   11.750000   1.34409571  5.0568768047085276e-10
   11.750000   1.40886724  6.8699667353189749e-10
   11.750000   1.47363885  8.0860331877394316e-10
   11.750000   1.53841049  8.6962193752440032e-10
   11.750000   1.60318216  8.6962201647772986e-10
   11.750000   1.66795381  8.0860355526208359e-10
   11.750000   1.73272541  6.8699706655300054e-10
   11.750000   1.79749694  5.0568823127647349e-10
   11.750000   1.86226837  2.6606569434284000e-10
   11.750000   1.92703964 -2.9911088348667186e-11
   11.750000   1.99181073 -3.7962859570625142e-10
   11.750000   2.05658157 -7.7972681086453031e-10
   11.750000   2.12135212 -1.2260053704752240e-09
   11.750000   2.18612229 -1.7133374064338420e-09
   11.750000   2.25089198 -2.2356012926468263e-09
   11.750000   2.31566107 -2.7856410646208568e-09
   11.750000   2.38042940 -3.3552662302090626e-09
   11.750000   2.44519674 -3.9353007248153539e-09
   11.750000   2.50996278 -4.5156888379339724e-09
   11.750000   2.57472706 -5.0856629165780156e-09
   11.750000   2.63948889 -5.6339736475114371e-09
   11.750000   2.70424717 -6.1491789077111523e-09
   11.750000   2.76900006 -6.6199818815462655e-09
   11.750000   2.83374417 -7.0356039535698249e-09
   11.750000   2.89847256 -7.3861732920595605e-09
   11.750000   2.96316844 -7.6631069251133174e-09
   11.750000   3.02777863 -7.8594643303399743e-09
   11.750000   3.09200950 -7.9702778678690778e-09
   12.000000   0.04958315 -4.8782105423414681e-09
   12.000000   0.11381403 -4.7941200261750030e-09
   12.000000   0.17842421 -4.6451050877952900e-09
   12.000000   0.24312010 -4.4349198956718475e-09
   12.000000   0.30784849 -4.1688112436132692e-09
   12.000000   0.37259260 -3.8532700805553312e-09
   12.000000   0.43734549 -3.4957657026817809e-09
   12.000000   0.50210377 -3.1044582812095925e-09
   12.000000   0.56686560 -2.6879061502799974e-09
   12.000000   0.63162987 -2.2547844981090744e-09
   12.000000   0.69639591 -1.8136298165653853e-09
   12.000000   0.76116325 -1.3726210656068129e-09
   12.000000   0.82593158 -9.3940463256727066e-10
   12.000000   0.89070068 -5.2096622587008693e-10
   12.000000   0.95547037 -1.2354922012153084e-10
   12.000000   1.02024053  2.4738404784690633e-10
   12.000000   1.08501108  5.8715381377369484e-10
   12.000000   1.14978193  8.9183453937196433e-10
   12.000000   1.21455301  1.1582047028648278e-09
   12.000000   1.27932429  1.3836828389203210e-09
   12.000000   1.34409571  1.5662575198937303e-09
   12.000000   1.40886724  1.7044181907733582e-09
   12.000000   1.47363885  1.7970927416590677e-09
   12.000000   1.53841049  1.8435965639415918e-09
   12.000000   1.60318216  1.8435966246125185e-09
   12.000000   1.66795381  1.7970929232664666e-09
   12.000000   1.73272541  1.7044184913884418e-09
   12.000000   1.79749694  1.5662579407533848e-09
   12.000000   1.86226837  1.3836833795873364e-09
   12.000000   1.92703964  1.1582053620165136e-09
   12.000000   1.99181073  8.9183531526898260e-10
   12.000000   2.05658157  5.8715470745114125e-10
   12.000000   2.12135212  2.4738505647116766e-10
   12.000000   2.18612229 -1.2354809926254963e-10
   12.000000   2.25089198 -5.2096499488511562e-10
   12.000000   2.31566107 -9.3940329537245418e-10
   12.000000   2.38042940 -1.3726196250616327e-09
   12.000000   2.44519674 -1.8136282781793633e-09
   12.000000   2.50996278 -2.2547828675556148e-09
   12.000000   2.57472706 -2.6879044329583894e-09
   12.000000   2.63948889 -3.1044564841281676e-09
   12.000000   2.70424717 -3.4957638333757247e-09
   12.000000   2.76900006 -3.8532681488296843e-09
   12.000000   2.83374417 -4.1688092572829369e-09
   12.000000   2.89847256 -4.4349178646819206e-09
   12.000000   2.96316844 -4.6451030224676947e-09
   12.000000   3.02777863 -4.7941179370343610e-09
   12.000000   3.09200950 -4.8782084394653621e-09
   12.250000   0.04958315 -2.7098582679337665e-09
   12.250000   0.11381403 -2.6460189918700095e-09
   12.250000   0.17842421 -2.5328839065747819e-09
   12.250000   0.24312010 -2.3732920280988436e-09
   12.250000   0.30784849 -2.1712123250072080e-09
   12.250000   0.37259260 -1.9315567022770869e-09
   12.250000   0.43734549 -1.6599799915262666e-09
   12.250000   0.50210377 -1.3626634667695579e-09
   12.250000   0.56686560 -1.0460941666043884e-09
   12.250000   0.63162987 -7.1685252341276587e-10
   12.250000   0.69639591 -3.8141910425001489e-10
   12.250000   0.76116325 -4.6008743833371661e-11
   12.250000   0.82593158  2.8356253565272995e-10
   12.250000   0.89070068  6.0197536630512687e-10
   12.250000   0.95547037  9.0446993142032162e-10
   12.250000   1.02024053  1.1868764417219227e-09
   12.250000   1.08501108  1.4456175083156104e-09
   12.250000   1.14978193  1.6776878299025022e-09
   12.250000   1.21455301  1.8806172217083220e-09
   12.250000   1.27932429  2.0524230794645762e-09
   12.250000   1.34409571  2.1915580934281498e-09
   12.250000   1.40886724  2.2968584609587809e-09
   12.250000   1.47363885  2.3674970359885123e-09
   12.250000   1.53841049  2.4029450503687934e-09
   12.250000   1.60318216  2.4029450968903679e-09
   12.250000   1.66795381  2.3674971741581947e-09
   12.250000   1.73272541  2.2968586914338862e-09
   12.250000   1.79749694  2.1915584152525071e-09
   12.250000   1.86226837  2.0524234931688072e-09
   12.250000   1.92703964  1.8806177264860653e-09
   12.250000   1.99181073  1.6776884244663313e-09
   12.250000   2.05658157  1.4456181912376736e-09
   12.250000   2.12135212  1.1868772130155317e-09
   12.250000   2.18612229  9.0447078941323394e-10
   12.250000   2.25089198  6.0197630852004839e-10
   12.250000   2.31566107  2.8356355855524705e-10
   12.250000   2.38042940 -4.6007641278538007e-11
   12.250000   2.44519674 -3.8141792679699821e-10
   12.250000   2.50996278 -7.1685127533770543e-10
   12.250000   2.57472706 -1.0460928524259641e-09
   12.250000   2.63948889 -1.3626620920098948e-09
   12.250000   2.70424717 -1.6599785618858790e-09
   12.250000   2.76900006 -1.9315552239308625e-09
   12.250000   2.83374417 -2.1712108049243098e-09
   12.250000   2.89847256 -2.3732904735907054e-09
   12.250000   2.96316844 -2.5328823250155294e-09
   12.250000   3.02777863 -2.6460173925898091e-09
   12.250000   3.09200950 -2.7098566580785438e-09
   12.500000   0.04958315 -1.2137792092228397e-09
   12.500000   0.11381403 -1.1652932149499022e-09
   12.500000   0.17842421 -1.0793620527265721e-09
   12.500000   0.24312010 -9.5813405950186498e-10
   12.500000   0.30784849 -8.0461346515389168e-10
   12.500000   0.37259260 -6.2251951295378734e-10
   12.500000   0.43734549 -4.1613582185981145e-10
   12.500000   0.50210377 -1.9014722235891560e-10
   12.500000   0.56686560  5.0526744705680970e-11
   12.500000   0.63162987  3.0089225851680893e-10
   12.500000   0.69639591  5.5602746756253613e-10
   12.500000   0.76116325  8.1120825871659085e-10
   12.500000   0.82593158  1.0620094601495359e-09
   12.500000   0.89070068  1.3043795696099913e-09
   12.500000   0.95547037  1.5346891585411079e-09
   12.500000   1.02024053  1.7497548101062553e-09
   12.500000   1.08501108  1.9468417809268947e-09
   12.500000   1.14978193  2.1236494426760945e-09
   12.500000   1.21455301  2.2782840319338507e-09
   12.500000   1.27932429  2.4092232825749084e-09
   12.500000   1.34409571  2.5152773602165222e-09
   12.500000   1.40886724  2.5955500413272257e-09
   12.500000   1.47363885  2.6494035373020107e-09
   12.500000   1.53841049  2.6764297103787075e-09
   12.500000   1.60318216  2.6764297459721631e-09
   12.500000   1.66795381  2.6494036431889546e-09
   12.500000   1.73272541  2.5955502176744189e-09
   12.500000   1.79749694  2.5152776070940363e-09
   12.500000   1.86226837  2.4092235985202752e-09
   12.500000   1.92703964  2.2782844190239169e-09
   12.500000   1.99181073  2.1236498984640552e-09
   12.500000   2.05658157  1.9468423036138882e-09
   12.500000   2.12135212  1.7497554014080239e-09
   12.500000   2.18612229  1.5346898145810968e-09
   12.500000   2.25089198  1.3043802909831216e-09
   12.500000   2.31566107  1.0620102444149826e-09
   12.500000   2.38042940  8.1120910350247974e-10
   12.500000   2.44519674  5.5602836938633711e-10
   12.500000   2.50996278  3.0089321442014968e-10
   12.500000   2.57472706  5.0527750453169424e-11
   12.500000   2.63948889 -1.9014616910595753e-10
   12.500000   2.70424717 -4.1613472661936481e-10
   12.500000   2.76900006 -6.2251837999660190e-10
   12.500000   2.83374417 -8.0461230049056441e-10
   12.500000   2.89847256 -9.5813286944395786e-10
   12.500000   2.96316844 -1.0793608419991350e-09
   12.500000   3.02777863 -1.1652919885877268e-09
   12.500000   3.09200950 -1.2137779763305631e-09
   12.750000   0.04958315 -2.0416789648296776e-10
   12.750000   0.11381403 -1.6732683055291360e-10
   12.750000   0.17842421 -1.0203029108946950e-10
   12.750000   0.24312010 -9.9049719362765537e-12
   12.750000   0.30784849  1.0677375303613483e-10
   12.750000   0.37259260  2.4518805735851540e-10
   12.750000   0.43734549  4.0209120352798438e-10
   12.750000   0.50210377  5.7393062732946778e-10
   12.750000   0.56686560  7.5697364457750181e-10
   12.750000   0.63162987  9.4742874391013040e-10
   12.750000   0.69639591  1.1415563039945031e-09
   12.750000   0.76116325  1.3357640176615607e-09
   12.750000   0.82593158  1.5266838637613176e-09
   12.750000   0.89070068  1.7112291901421026e-09
   12.750000   0.95547037  1.8866319435823762e-09
   12.750000   1.02024053  2.0504614176895796e-09
   12.750000   1.08501108  2.2006268999469131e-09
   12.750000   1.14978193  2.3353672382930827e-09
   12.750000   1.21455301  2.4532307280585607e-09
   12.750000   1.27932429  2.5530487874432825e-09
   12.750000   1.34409571  2.6339067323442966e-09
   12.750000   1.40886724  2.6951146578943322e-09
   12.750000   1.47363885  2.7361810128650531e-09
   12.750000   1.53841049  2.7567909394532411e-09
   12.750000   1.60318216  2.7567909669099096e-09
   12.750000   1.66795381  2.7361810942495813e-09
   12.750000   1.73272541  2.6951147929318844e-09
   12.750000   1.79749694  2.6339069211372919e-09
   12.750000   1.86226837  2.5530490304219225e-09
   12.750000   1.92703964  2.4532310242916469e-09
   12.750000   1.99181073  2.3353675873227222e-09
   12.750000   2.05658157  2.2006273019021610e-09
   12.750000   2.12135212  2.0504618715961048e-09
   12.750000   2.18612229  1.8866324476722220e-09
   12.750000   2.25089198  1.7112297440403188e-09
   12.750000   2.31566107  1.5266844648572887e-09
   12.750000   2.38042940  1.3357646648348866e-09
   12.750000   2.44519674  1.1415569962750341e-09
   12.750000   2.50996278  9.4742947757280048e-10
   12.750000   2.57472706  7.5697441701450744e-10
   12.750000   2.63948889  5.7393143434729203e-10
   12.750000   2.70424717  4.0209204423044401e-10
   12.750000   2.76900006  2.4518892523504128e-10
   12.750000   2.83374417  1.0677464593365284e-10
   12.750000   2.89847256 -9.9040587705326292e-12
   12.750000   2.96316844 -1.0202936171785847e-10
   12.750000   3.02777863 -1.6732589095990644e-10
   12.750000   3.09200950 -2.0416695057867210e-10
   13.000000   0.04958315  4.5592524470114860e-10
   13.000000   0.11381403  4.8393020982222535e-10
   13.000000   0.17842421  5.3356833519917907e-10
   13.000000   0.24312010  6.0360716408154935e-10
   13.000000   0.30784849  6.9232233678751632e-10
   13.000000   0.37259260  7.9757774675833600e-10
   13.000000   0.43734549  9.1691120233947115e-10
   13.000000   0.50210377  1.0476273306298510e-09
   13.000000   0.56686560  1.1868925755325244e-09
   13.000000   0.63162987  1.3318269357929879e-09
   13.000000   0.69639591  1.4795878501459604e-09
   13.000000   0.76116325  1.6274426184686149e-09
   13.000000   0.82593158  1.7728269724743060e-09
   13.000000   0.89070068  1.9133886695770409e-09
   13.000000   0.95547037  2.0470161230292234e-09
   13.000000   1.02024053  2.1718530574916754e-09
   13.000000   1.08501108  2.2863009661910990e-09
   13.000000   1.14978193  2.3890116349532297e-09
   13.000000   1.21455301  2.4788722909767471e-09
   13.000000   1.27932429  2.5549859797554473e-09
   13.000000   1.34409571  2.6166496916082775e-09
   13.000000   1.40886724  2.6633325057396352e-09
   13.000000   1.47363885  2.6946557202393632e-09
   13.000000   1.53841049  2.7103765441339660e-09
   13.000000   1.60318216  2.7103765648335806e-09
   13.000000   1.66795381  2.6946557824170748e-09
   13.000000   1.73272541  2.6633326097317614e-09
   13.000000   1.79749694  2.6166498369532363e-09
   13.000000   1.86226837  2.5549861666293571e-09
   13.000000   1.92703964  2.4788725187697155e-09
   13.000000   1.99181073  2.3890119036326637e-09
   13.000000   2.05658157  2.2863012747757094e-09
   13.000000   2.12135212  2.1718534060481064e-09
   13.000000   2.18612229  2.0470165103915867e-09
   13.000000   2.25089198  1.9133890950927290e-09
   13.000000   2.31566107  1.7728274343113616e-09
   13.000000   2.38042940  1.6274431161113908e-09
   13.000000   2.44519674  1.4795883819004668e-09
   13.000000   2.50996278  1.3318274987031433e-09
   13.000000   2.57472706  1.1868931689144763e-09
   13.000000   2.63948889  1.0476279512611303e-09
   13.000000   2.70424717  9.1691184724917320e-10
   13.000000   2.76900006  7.9757841425725273e-10
   13.000000   2.83374417  6.9232302257571082e-10
   13.000000   2.89847256  6.0360786530123638e-10
   13.000000   2.96316844  5.3356904828725643e-10
   13.000000   3.02777863  4.8393093146234356e-10
   13.000000   3.09200950  4.5592597097725484e-10
   13.250000   0.04958315  8.6713332167499213e-10
   13.250000   0.11381403  8.8843058234068136e-10
   13.250000   0.17842421  9.2618130759001471e-10
   13.250000   0.24312010  9.7945118437219284e-10
   13.250000   0.30784849  1.0469326831215149e-09
   13.250000   0.37259260  1.1270055882748354e-09
   13.250000   0.43734549  1.2178016668753162e-09
   13.250000   0.50210377  1.3172748604769073e-09
   13.250000   0.56686560  1.4232731058542665e-09
   13.250000   0.63162987  1.5336077824101761e-09
   13.250000   0.69639591  1.6461172922937599e-09
   13.250000   0.76116325  1.7587220501936202e-09
   13.250000   0.82593158  1.8694690640804817e-09
   13.250000   0.89070068  1.9765652387302925e-09
   13.250000   0.95547037  2.0783993770726015e-09
   13.250000   1.02024053  2.1735536204389771e-09
   13.250000   1.08501108  2.2608056339846373e-09
   13.250000   1.14978193  2.3391232619015519e-09
   13.250000   1.21455301  2.4076535385114807e-09
   13.250000   1.27932429  2.4657080581979678e-09
   13.250000   1.34409571  2.5127465873539009e-09
   13.250000   1.40886724  2.5483606503072904e-09
   13.250000   1.47363885  2.5722585736285663e-09
   13.250000   1.53841049  2.5842532069673157e-09
   13.250000   1.60318216  2.5842532225987268e-09
   13.250000   1.66795381  2.5722586224629394e-09
   13.250000   1.73272541  2.5483607305982321e-09
   13.250000   1.79749694  2.5127466998233479e-09
   13.250000   1.86226837  2.4657082016255749e-09
   13.250000   1.92703964  2.4076537134867787e-09
   13.250000   1.99181073  2.3391234684612791e-09
   13.250000   2.05658157  2.2608058715020688e-09
   13.250000   2.12135212  2.1735538880510251e-09
   13.250000   2.18612229  2.0783996756139799e-09
   13.250000   2.25089198  1.9765655659014324e-09
   13.250000   2.31566107  1.8694694186691463e-09
   13.250000   2.38042940  1.7587224323923227e-09
   13.250000   2.44519674  1.6461177013929707e-09
   13.250000   2.50996278  1.5336082156753310e-09
   13.250000   2.57472706  1.4232735618346925e-09
   13.250000   2.63948889  1.3172753374315189e-09
   13.250000   2.70424717  1.2178021626894102e-09
   13.250000   2.76900006  1.1270061012644248e-09
   13.250000   2.83374417  1.0469332103694042e-09
   13.250000   2.89847256  9.7945172317362480e-10
   13.250000   2.96316844  9.2618185521687165e-10
   13.250000   3.02777863  8.8843113667294755e-10
   13.250000   3.09200950  8.6713388032006058e-10
   13.500000   0.04958315  1.1031341322869063e-09
   13.500000   0.11381403  1.1193371762693158e-09
   13.500000   0.17842421  1.1480594169579539e-09
   13.500000   0.24312010  1.1885921617809137e-09
   13.500000   0.30784849  1.2399433967841300e-09
   13.500000   0.37259260  1.3008835356116077e-09
   13.500000   0.43734549  1.3699942810394920e-09
   13.500000   0.50210377  1.4457216857368922e-09
   13.500000   0.56686560  1.5264304922446873e-09
   13.500000   0.63162987  1.6104567373123818e-09
   13.500000   0.69639591  1.6961559655890671e-09
   13.500000   0.76116325  1.7819450044194861e-09
   13.500000   0.82593158  1.8663359107804443e-09
   13.500000   0.89070068  1.9479614109638344e-09
   13.500000   0.95547037  2.0255918043180337e-09
   13.500000   1.02024053  2.0981438807935771e-09
   13.500000   1.08501108  2.1646828206802685e-09
   13.500000   1.14978193  2.2244183599252313e-09
   13.500000   1.21455301  2.2766966669540055e-09
   13.500000   1.27932429  2.3209894219798388e-09
   13.500000   1.34409571  2.3568815229185492e-09
   13.500000   1.40886724  2.3840587565905240e-09
   13.500000   1.47363885  2.4022965346505441e-09
   13.500000   1.53841049  2.4114506357883602e-09
   13.500000   1.60318216  2.4114506486968611e-09
   13.500000   1.66795381  2.4022965719460529e-09
   13.500000   1.73272541  2.3840588186069359e-09
   13.500000   1.79749694  2.3568816092707747e-09
   13.500000   1.86226837  2.3209895326628561e-09
   13.500000   1.92703964  2.2766968026424599e-09
   13.500000   1.99181073  2.2244185187625561e-09
   13.500000   2.05658157  2.1646830031955560e-09
   13.500000   2.12135212  2.0981440867972892e-09
   13.500000   2.18612229  2.0255920333477918e-09
   13.500000   2.25089198  1.9479616627950345e-09
   13.500000   2.31566107  1.8663361850480334e-09
   13.500000   2.38042940  1.7819452986566951e-09
   13.500000   2.44519674  1.6961562802541447e-09
   13.500000   2.50996278  1.6104570707048574e-09
   13.500000   2.57472706  1.5264308436269652e-09
   13.500000   2.63948889  1.4457220532194958e-09
   13.500000   2.70424717  1.3699946630606427e-09
   13.500000   2.76900006  1.3008839303055962e-09
   13.500000   2.83374417  1.2399438015942171e-09
   13.500000   2.89847256  1.1885925768985705e-09
   13.500000   2.96316844  1.1480598388479950e-09
   13.500000   3.02777863  1.1193376026583191e-09
   13.500000   3.09200950  1.1031345624469218e-09
   13.750000   0.04958315  1.2176326644368396e-09
   13.750000   0.11381403  1.2299651720271600e-09
   13.750000   0.17842421  1.2518272941941487e-09
   13.750000   0.24312010  1.2826811774095063e-09
   13.750000   0.30784849  1.3217737799873668e-09
   13.750000   0.37259260  1.3681714723804748e-09
   13.750000   0.43734549  1.4207969815763557e-09
   13.750000   0.50210377  1.4784695269000219e-09
   13.750000   0.56686560  1.5399459682174104e-09
   13.750000   0.63162987  1.6039606639559189e-09
   13.750000   0.69639591  1.6692620607272038e-09
   13.750000   0.76116325  1.7346444436583147e-09
   13.750000   0.82593158  1.7989737860938503e-09
   13.750000   0.89070068  1.8612071907477503e-09
   13.750000   0.95547037  1.9204058789323305e-09
   13.750000   1.02024053  1.9757421243414818e-09
   13.750000   1.08501108  2.0265008738536793e-09
   13.750000   1.14978193  2.0720770010908709e-09
   13.750000   1.21455301  2.1119692947699821e-09
   13.750000   1.27932429  2.1457722938838861e-09
   13.750000   1.34409571  2.1731670719021447e-09
   13.750000   1.40886724  2.1939119563790913e-09
   13.750000   1.47363885  2.2078340488330180e-09
   13.750000   1.53841049  2.2148222362424225e-09
   13.750000   1.60318216  2.2148222460598094e-09
   13.750000   1.66795381  2.2078340773681340e-09
   13.750000   1.73272541  2.1939120042098792e-09
   13.750000   1.79749694  2.1731671388627552e-09
   13.750000   1.86226837  2.1457723796008990e-09
   13.750000   1.92703964  2.1119693986973600e-09
   13.750000   1.99181073  2.0720771247026903e-09
   13.750000   2.05658157  2.0265010148446923e-09
   13.750000   2.12135212  1.9757422834238733e-09
   13.750000   2.18612229  1.9204060556210769e-09
   13.750000   2.25089198  1.8612073855392308e-09
   13.750000   2.31566107  1.7989739971166468e-09
   13.750000   2.38042940  1.7346446713789815e-09
   13.750000   2.44519674  1.6692623041651060e-09
   13.750000   2.50996278  1.6039609206109658e-09
   13.750000   2.57472706  1.5399462388569977e-09
   13.750000   2.63948889  1.4784698109790615e-09
   13.750000   2.70424717  1.4207972764282835e-09
   13.750000   2.76900006  1.3681717772873595e-09
   13.750000   2.83374417  1.3217740924987254e-09
   13.750000   2.89847256  1.2826814971034635e-09
   13.750000   2.96316844  1.2518276198091394e-09
   13.750000   3.02777863  1.2299655004080234e-09
   13.750000   3.09200950  1.2176329957064975e-09
   14.000000   0.04958315  1.2495645904376323e-09
   14.000000   0.11381403  1.2589550181222027e-09
   14.000000   0.17842421  1.2756023520243936e-09
   14.000000   0.24312010  1.2990981748858996e-09
   14.000000   0.30784849  1.3288705476887093e-09
   14.000000   0.37259260  1.3642102010927958e-09
   14.000000   0.43734549  1.4042984750996905e-09
   14.000000   0.50210377  1.4482377137804686e-09
   14.000000   0.56686560  1.4950824305090555e-09
   14.000000   0.63162987  1.5438695385473625e-09
   14.000000   0.69639591  1.5936461201560820e-09
   14.000000   0.76116325  1.6434935767353616e-09
   14.000000   0.82593158  1.6925473184272486e-09
   14.000000   0.89070068  1.7400116234902088e-09
   14.000000   0.95547037  1.7851696124239230e-09
   14.000000   1.02024053  1.8273886444738297e-09
   14.000000   1.08501108  1.8661216694263688e-09
   14.000000   1.14978193  1.9009052674556830e-09
   14.000000   1.21455301  1.9313551912907311e-09
   14.000000   1.27932429  1.9571602666528621e-09
   14.000000   1.34409571  1.9780754673193125e-09
   14.000000   1.40886724  1.9939149354654628e-09
   14.000000   1.47363885  2.0045455833989180e-09
   14.000000   1.53841049  2.0098818220435372e-09
   14.000000   1.60318216  2.0098818292654919e-09
   14.000000   1.66795381  2.0045456049570204e-09
   14.000000   1.73272541  1.9939149725635545e-09
   14.000000   1.79749694  1.9780755193623241e-09
   14.000000   1.86226837  1.9571603328759547e-09
   14.000000   1.92703964  1.9313552718968406e-09
   14.000000   1.99181073  1.9009053621118006e-09
   14.000000   2.05658157  1.8661217785516289e-09
   14.000000   2.12135212  1.8273887680317869e-09
   14.000000   2.18612229  1.7851697485555421e-09
   14.000000   2.25089198  1.7400117732803279e-09
   14.000000   2.31566107  1.6925474823003244e-09
   14.000000   2.38042940  1.6434937517564668e-09
   14.000000   2.44519674  1.5936463078105026e-09
   14.000000   2.50996278  1.5438697369293408e-09
   14.000000   2.57472706  1.4950826399401538e-09
   14.000000   2.63948889  1.4482379330305625e-09
   14.000000   2.70424717  1.4042987023464440e-09
   14.000000   2.76900006  1.3642104365436974e-09
   14.000000   2.83374417  1.3288707901331701e-09
   14.000000   2.89847256  1.2990984225537090e-09
   14.000000   2.96316844  1.2756026040266551e-09
   14.000000   3.02777863  1.2589552724050884e-09
   14.000000   3.09200950  1.2495648462446381e-09
   14.250000   0.04958315  1.2269700597678681e-09
   14.250000   0.11381403  1.2341231820861236e-09
   14.250000   0.17842421  1.2468047351968330e-09
   14.250000   0.24312010  1.2647044282425275e-09
   14.250000   0.30784849  1.2873876513245154e-09
   14.250000   0.37259260  1.3143153045618713e-09
   14.250000   0.43734549  1.3448649586291274e-09
   14.250000   0.50210377  1.3783538746480726e-09
   14.250000   0.56686560  1.4140626268485284e-09
   14.250000   0.63162987  1.4512580403892536e-09
   14.250000   0.69639591  1.4892142862005067e-09
   14.250000   0.76116325  1.5272312462580635e-09
   14.250000   0.82593158  1.5646495241939878e-09
   14.250000   0.89070068  1.6008618030227570e-09
   14.250000   0.95547037  1.6353205036996590e-09
   14.250000   1.02024053  1.6675419778161379e-09
   14.250000   1.08501108  1.6971076256092266e-09
   14.250000   1.14978193  1.7236624999499752e-09
   14.250000   1.21455301  1.7469119972461593e-09
   14.250000   1.27932429  1.7666172934197092e-09
   14.250000   1.34409571  1.7825901407394496e-09
   14.250000   1.40886724  1.7946876158586223e-09
   14.250000   1.47363885  1.8028072866794437e-09
   14.250000   1.53841049  1.8068832375959007e-09
   14.250000   1.60318216  1.8068832430740819e-09
   14.250000   1.66795381  1.8028073039164037e-09
   14.250000   1.73272541  1.7946876449781633e-09
   14.250000   1.79749694  1.7825901809892626e-09
   14.250000   1.86226837  1.7666173438607520e-09
   14.250000   1.92703964  1.7469120600504706e-09
   14.250000   1.99181073  1.7236625734991989e-09
   14.250000   2.05658157  1.6971077101044362e-09
   14.250000   2.12135212  1.6675420731336374e-09
   14.250000   2.18612229  1.6353206099824877e-09
   14.250000   2.25089198  1.6008619196916923e-09
   14.250000   2.31566107  1.5646496503812660e-09
   14.250000   2.38042940  1.5272313822049530e-09
   14.250000   2.44519674  1.4892144311079017e-09
   14.250000   2.50996278  1.4512581944031647e-09
   14.250000   2.57472706  1.4140627888506882e-09
   14.250000   2.63948889  1.3783540444015020e-09
   14.250000   2.70424717  1.3448651351797152e-09
   14.250000   2.76900006  1.3143154865658534e-09
   14.250000   2.83374417  1.2873878382227199e-09
   14.250000   2.89847256  1.2647046197626230e-09
   14.250000   2.96316844  1.2468049303821526e-09
   14.250000   3.02777863  1.2341233788538669e-09
   14.250000   3.09200950  1.2269702575065078e-09
   14.500000   0.04958315  1.1698742661781100e-09
   14.500000   0.11381403  1.1753252974023891e-09
   14.500000   0.17842421  1.1849896391695375e-09
   14.500000   0.24312010  1.1986314298997240e-09
   14.500000   0.30784849  1.2159202503053739e-09
   14.500000   0.37259260  1.2364461448516773e-09
   14.500000   0.43734549  1.2597356543902093e-09
   14.500000   0.50210377  1.2852692625729696e-09
   14.500000   0.56686560  1.3124993136567196e-09
   14.500000   0.63162987  1.3408674272461270e-09
   14.500000   0.69639591  1.3698205244368868e-09
   14.500000   0.76116325  1.3988248077356878e-09
   14.500000   0.82593158  1.4273772055019340e-09
   14.500000   0.89070068  1.4550140517995291e-09
   14.500000   0.95547037  1.4813169696476024e-09
   14.500000   1.02024053  1.5059161263813609e-09
   14.500000   1.08501108  1.5284911514445203e-09
   14.500000   1.14978193  1.5487701368774557e-09
   14.500000   1.21455301  1.5665271832410010e-09
   14.500000   1.27932429  1.5815789863717810e-09
   14.500000   1.34409571  1.5937809213138691e-09
   14.500000   1.40886724  1.6030230821813026e-09
   14.500000   1.47363885  1.6092266387519734e-09
   14.500000   1.53841049  1.6123408323413017e-09
   14.500000   1.60318216  1.6123408367390310e-09
   14.500000   1.66795381  1.6092266521936586e-09
   14.500000   1.73272541  1.6030231048948190e-09
   14.500000   1.79749694  1.5937809528096148e-09
   14.500000   1.86226837  1.5815790261544175e-09
   14.500000   1.92703964  1.5665272324473719e-09
   14.500000   1.99181073  1.5487701936598226e-09
   14.500000   2.05658157  1.5284912165149444e-09
   14.500000   2.12135212  1.5059162005876222e-09
   14.500000   2.18612229  1.4813170514511241e-09
   14.500000   2.25089198  1.4550141411398284e-09
   14.500000   2.31566107  1.4273773043565180e-09
   14.500000   2.38042940  1.3988249135214612e-09
   14.500000   2.44519674  1.3698206376046714e-09
   14.500000   2.50996278  1.3408675461049382e-09
   14.500000   2.57472706  1.3124994395249512e-09
   14.500000   2.63948889  1.2852693935403217e-09
   14.500000   2.70424717  1.2597357911846923e-09
   14.500000   2.76900006  1.2364462857461778e-09
   14.500000   2.83374417  1.2159203959693606e-09
   14.500000   2.89847256  1.1986315789791063e-09
   14.500000   2.96316844  1.1849897902587485e-09
   14.500000   3.02777863  1.1753254511996324e-09
   14.500000   3.09200950  1.1698744197306678e-09
   14.750000   0.04958315  1.0924265729388246e-09
   14.750000   0.11381403  1.0965821459221162e-09
   14.750000   0.17842421  1.1039499919079840e-09
   14.750000   0.24312010  1.1143507392064759e-09
   14.750000   0.30784849  1.1275330583702461e-09
   14.750000   0.37259260  1.1431850550531677e-09
   14.750000   0.43734549  1.1609464204376633e-09
   14.750000   0.50210377  1.1804216619941212e-09
   14.750000   0.56686560  1.2011937037236044e-09
   14.750000   0.63162987  1.2228371125969001e-09
   14.750000   0.69639591  1.2449302818213716e-09
   14.750000   0.76116325  1.2670660758219150e-09
   14.750000   0.82593158  1.2888605558377649e-09
   14.750000   0.89070068  1.3099596203643429e-09
   14.750000   0.95547037  1.3300435235479090e-09
   14.750000   1.02024053  1.3488293962414110e-09
   14.750000   1.08501108  1.3660719946500361e-09
   14.750000   1.14978193  1.3815629899881868e-09
   14.750000   1.21455301  1.3951291477313329e-09
   14.750000   1.27932429  1.4066297640787146e-09
   14.750000   1.34409571  1.4159537240353465e-09
   14.750000   1.40886724  1.4230165149561346e-09
   14.750000   1.47363885  1.4277574738859123e-09
   14.750000   1.53841049  1.4301375172093938e-09
   14.750000   1.60318216  1.4301375201255872e-09
   14.750000   1.66795381  1.4277574839384484e-09
   14.750000   1.73272541  1.4230165316123754e-09
   14.750000   1.79749694  1.4159537481376595e-09
   14.750000   1.86226837  1.4066297949212013e-09
   14.750000   1.92703964  1.3951291862236492e-09
   14.750000   1.99181073  1.3815630350662403e-09
   14.750000   2.05658157  1.3660720457269984e-09
   14.750000   2.12135212  1.3488294542405106e-09
   14.750000   2.18612229  1.3300435882042657e-09
   14.750000   2.25089198  1.3099596904792213e-09
   14.750000   2.31566107  1.2888606322199755e-09
   14.750000   2.38042940  1.2670661579280510e-09
   14.750000   2.44519674  1.2449303695824929e-09
   14.750000   2.50996278  1.2228372054057486e-09
   14.750000   2.57472706  1.2011938023706734e-09
   14.750000   2.63948889  1.1804217642351647e-09
   14.750000   2.70424717  1.1609465269830625e-09
   14.750000   2.76900006  1.1431851655678100e-09
   14.750000   2.83374417  1.1275331714146286e-09
   14.750000   2.89847256  1.1143508538818009e-09
   14.750000   2.96316844  1.1039501087823161e-09
   14.750000   3.02777863  1.0965822643815646e-09
   14.750000   3.09200950  1.0924266924092556e-09
   15.000000   0.04958315  1.0044865640902103e-09
   15.000000   0.11381403  1.0076557546091092e-09
   15.000000   0.17842421  1.0132749413060789e-09
   15.000000   0.24312010  1.0212076463979654e-09
   15.000000   0.30784849  1.0312626110071239e-09
   15.000000   0.37259260  1.0432024361076534e-09
   15.000000   0.43734549  1.0567527978967460e-09
   15.000000   0.50210377  1.0716124904299911e-09
   15.000000   0.56686560  1.0874637507443220e-09
   15.000000   0.63162987  1.1039823069912202e-09
   15.000000   0.69639591  1.1208466519702409e-09
   15.000000   0.76116325  1.1377461471186695e-09
   15.000000   0.82593158  1.1543876760651653e-09
   15.000000   0.89070068  1.1705007304302084e-09
   15.000000   0.95547037  1.1858408765297043e-09
   15.000000   1.02024053  1.2001917051560931e-09
   15.000000   1.08501108  1.2133654472354056e-09
   15.000000   1.14978193  1.2252024593985289e-09
   15.000000   1.21455301  1.2355698753486546e-09
   15.000000   1.27932429  1.2443596828459257e-09
   15.000000   1.34409571  1.2514865095885920e-09
   15.000000   1.40886724  1.2568853711578664e-09
   15.000000   1.47363885  1.2605095843188760e-09
   15.000000   1.53841049  1.2623290565351508e-09
   15.000000   1.60318216  1.2623290594198950e-09
   15.000000   1.66795381  1.2605095921547350e-09
   15.000000   1.73272541  1.2568853842669459e-09
   15.000000   1.79749694  1.2514865293539590e-09
   15.000000   1.86226837  1.2443597066866342e-09
   15.000000   1.92703964  1.2355699047251361e-09
   15.000000   1.99181073  1.2252024944169695e-09
   15.000000   2.05658157  1.2133654869182852e-09
   15.000000   2.12135212  1.2001917501104004e-09
   15.000000   2.18612229  1.1858409258162488e-09
   15.000000   2.25089198  1.1705007857216248e-09
   15.000000   2.31566107  1.1543877355909723e-09
   15.000000   2.38042940  1.1377462112571065e-09
   15.000000   2.44519674  1.1208467218604615e-09
   15.000000   2.50996278  1.1039823794226596e-09
   15.000000   2.57472706  1.0874638273017453e-09
   15.000000   2.63948889  1.0716125704487714e-09
   15.000000   2.70424717  1.0567528808343470e-09
   15.000000   2.76900006  1.0432025223378291e-09
   15.000000   2.83374417  1.0312626992262803e-09
   15.000000   2.89847256  1.0212077364856745e-09
   15.000000   2.96316844  1.0132750322421535e-09
   15.000000   3.02777863  1.0076558472453609e-09
   15.000000   3.09200950  1.0044866572666244e-09
   15.250000   0.04958315  9.1279783676512295e-10
   15.250000   0.11381403  9.1521567499641535e-10
   15.250000   0.17842421  9.1950280818251182e-10
   15.250000   0.24312010  9.2555535033101382e-10
   15.250000   0.30784849  9.3322768745978122e-10
   15.250000   0.37259260  9.4233904331850008e-10
   15.250000   0.43734549  9.5268046803159127e-10
   15.250000   0.50210377  9.6402246821990090e-10
   15.250000   0.56686560  9.7612284540913686e-10
   15.250000   0.63162987  9.8873434128864364e-10
   15.250000   0.69639591  1.0016116892220531e-09
   15.250000   0.76116325  1.0145177928777856e-09
   15.250000   0.82593158  1.0272288022244578e-09
   15.250000   0.89070068  1.0395380069754668e-09
   15.250000   0.95547037  1.0512584933196986e-09
   15.250000   1.02024053  1.0622246618014056e-09
   15.250000   1.08501108  1.0722927154480486e-09
   15.250000   1.14978193  1.0813402980029703e-09
   15.250000   1.21455301  1.0892654932808190e-09
   15.250000   1.27932429  1.0959853745304030e-09
   15.250000   1.34409571  1.1014343475485486e-09
   15.250000   1.40886724  1.1055624395339807e-09
   15.250000   1.47363885  1.1083337287790968e-09
   15.250000   1.53841049  1.1097250462602188e-09
   15.250000   1.60318216  1.1097250483533886e-09
   15.250000   1.66795381  1.1083337347537351e-09
   15.250000   1.73272541  1.1055624505914778e-09
   15.250000   1.79749694  1.1014343628362420e-09
   15.250000   1.86226837  1.0959853945696501e-09
   15.250000   1.92703964  1.0892655151925847e-09
   15.250000   1.99181073  1.0813403258239066e-09
   15.250000   2.05658157  1.0722927464602490e-09
   15.250000   2.12135212  1.0622246973590929e-09
   15.250000   2.18612229  1.0512585328796972e-09
   15.250000   2.25089198  1.0395380498247369e-09
   15.250000   2.31566107  1.0272288491750108e-09
   15.250000   2.38042940  1.0145178424270898e-09
   15.250000   2.44519674  1.0016117431469585e-09
   15.250000   2.50996278  9.8873439777040302e-10
   15.250000   2.57472706  9.7612290537001748e-10
   15.250000   2.63948889  9.6402252969162670e-10
   15.250000   2.70424717  9.5268053281598290e-10
   15.250000   2.76900006  9.4233910955240372e-10
   15.250000   2.83374417  9.3322775620587974e-10
   15.250000   2.89847256  9.2555542009860264e-10
   15.250000   2.96316844  9.1950287959809257e-10
   15.250000   3.02777863  9.1521574676182133e-10
   15.250000   3.09200950  9.1279790977228802e-10
   15.500000   0.04958315  8.2185477207151623e-10
   15.500000   0.11381403  8.2370005588845143e-10
   15.500000   0.17842421  8.2697208366952328e-10
   15.500000   0.24312010  8.3159174388666901e-10
   15.500000   0.30784849  8.3744812427435494e-10
   15.500000   0.37259260  8.4440350484816366e-10
   15.500000   0.43734549  8.5229866776195854e-10
   15.500000   0.50210377  8.6095868298698859e-10
   15.500000   0.56686560  8.7019887719990618e-10
   15.500000   0.63162987  8.7983064074601993e-10
   15.500000   0.69639591  8.8966680172958731e-10
   15.500000   0.76116325  8.9952633290108059e-10
   15.500000   0.82593158  9.0923822999820195e-10
   15.500000   0.89070068  9.1864448554193303e-10
   15.500000   0.95547037  9.2760213448806855e-10
   15.500000   1.02024053  9.3598442386020702e-10
   15.500000   1.08501108  9.4368120979879453e-10
   15.500000   1.14978193  9.5059870032000020e-10
   15.500000   1.21455301  9.5665870488726976e-10
   15.500000   1.27932429  9.6179755477460207e-10
   15.500000   1.34409571  9.6596484481903089e-10
   15.500000   1.40886724  9.6912214610259681e-10
   15.500000   1.47363885  9.7124181760675048e-10
   15.500000   1.53841049  9.7230602206204627e-10
   15.500000   1.60318216  9.7230602414554218e-10
   15.500000   1.66795381  9.7124182271822912e-10
   15.500000   1.73272541  9.6912215435790626e-10
   15.500000   1.79749694  9.6596485646083370e-10
   15.500000   1.86226837  9.6179756977603016e-10
   15.500000   1.92703964  9.5665872261622397e-10
   15.500000   1.99181073  9.5059872182211479e-10
   15.500000   2.05658157  9.4368123369942849e-10
   15.500000   2.12135212  9.3598445137846328e-10
   15.500000   2.18612229  9.2760216499797993e-10
   15.500000   2.25089198  9.1864452008582942e-10
   15.500000   2.31566107  9.0923826738966180e-10
   15.500000   2.38042940  8.9952637229787616e-10
   15.500000   2.44519674  8.8966684385861069e-10
   15.500000   2.50996278  8.7983068528057905e-10
   15.500000   2.57472706  8.7019892358422436e-10
   15.500000   2.63948889  8.6095873213504304e-10
   15.500000   2.70424717  8.5229871849688123e-10
   15.500000   2.76900006  8.4440355727477400e-10
   15.500000   2.83374417  8.3744817761800159e-10
   15.500000   2.89847256  8.3159179802087151e-10
   15.500000   2.96316844  8.2697214040400153e-10
   15.500000   3.02777863  8.2370011167856529e-10
   15.500000   3.09200950  8.2185482900172092e-10
   15.750000   0.04958315  7.3454087925802780e-10
   15.750000   0.11381403  7.3594968751939535e-10
   15.750000   0.17842421  7.3844784423909701e-10
   15.750000   0.24312010  7.4197507276815197e-10
   15.750000   0.30784849  7.4644686088495361e-10
   15.750000   0.37259260  7.5175824708070390e-10
   15.750000   0.43734549  7.5778785462195508e-10
   15.750000   0.50210377  7.6440229556762701e-10
   15.750000   0.56686560  7.7146070104351694e-10
   15.750000   0.63162987  7.7881914834695600e-10
   15.750000   0.69639591  7.8633474976526411e-10
   15.750000   0.76116325  7.9386924040761837e-10
   15.750000   0.82593158  8.0129194542826481e-10
   15.750000   0.89070068  8.0848205078524495e-10
   15.750000   0.95547037  8.1533017661522139e-10
   15.750000   1.02024053  8.2173928315778153e-10
   15.750000   1.08501108  8.2762498539803927e-10
   15.750000   1.14978193  8.3291537418461005e-10
   15.750000   1.21455301  8.3755045395820534e-10
   15.750000   1.27932429  8.4148133457038723e-10
   15.750000   1.34409571  8.4466928213034322e-10
   15.750000   1.40886724  8.4708474294027900e-10
   15.750000   1.47363885  8.4870644800762751e-10
   15.750000   1.53841049  8.4952066589235794e-10
   15.750000   1.60318216  8.4952066716276043e-10
   15.750000   1.66795381  8.4870645286471585e-10
   15.750000   1.73272541  8.4708474932813981e-10
   15.750000   1.79749694  8.4466929116012296e-10
   15.750000   1.86226837  8.4148134656572972e-10
   15.750000   1.92703964  8.3755046706615414e-10
   15.750000   1.99181073  8.3291539054162442e-10
   15.750000   2.05658157  8.2762500521502699e-10
   15.750000   2.12135212  8.2173930487741918e-10
   15.750000   2.18612229  8.1533020067524592e-10
   15.750000   2.25089198  8.0848207726878739e-10
   15.750000   2.31566107  8.0129197490490674e-10
   15.750000   2.38042940  7.9386927126042765e-10
   15.750000   2.44519674  7.8633478188357939e-10
   15.750000   2.50996278  7.7881918352174573e-10
   15.750000   2.57472706  7.7146073793763569e-10
   15.750000   2.63948889  7.6440233439773975e-10
   15.750000   2.70424717  7.5778789470891127e-10
   15.750000   2.76900006  7.5175828821762826e-10
   15.750000   2.83374417  7.4644690317294580e-10
   15.750000   2.89847256  7.4197511556414536e-10
   15.750000   2.96316844  7.3844788786877916e-10
   15.750000   3.02777863  7.3594973109640936e-10
   15.750000   3.09200950  7.3454092381145790e-10
   16.000000   0.04958315  6.5259741848727896e-10
   16.000000   0.11381403  6.5367336106121819e-10
   16.000000   0.17842421  6.5558132633365062e-10
   16.000000   0.24312010  6.5827537003839946e-10
   16.000000   0.30784849  6.6169106763285220e-10
   16.000000   0.37259260  6.6574839193205771e-10
   16.000000   0.43734549  6.7035477873137311e-10
   16.000000   0.50210377  6.7540847504076830e-10
   16.000000   0.56686560  6.8080198872159964e-10
   16.000000   0.63162987  6.8642545495063996e-10
   16.000000   0.69639591  6.9216975581291541e-10
   16.000000   0.76116325  6.9792925471678016e-10
   16.000000   0.82593158  7.0360406253705416e-10
   16.000000   0.89070068  7.0910177873697558e-10
   16.000000   0.95547037  7.1433869627711622e-10
   16.000000   1.02024053  7.1924050653880892e-10
   16.000000   1.08501108  7.2374254698404211e-10
   16.000000   1.14978193  7.2778967369527554e-10
   16.000000   1.21455301  7.3133584815639019e-10
   16.000000   1.27932429  7.3434352359762917e-10
   16.000000   1.34409571  7.3678293164954759e-10
   16.000000   1.40886724  7.3863134479817854e-10
   16.000000   1.47363885  7.3987239569770655e-10
   16.000000   1.53841049  7.4049551192066978e-10
   16.000000   1.60318216  7.4049551302809795e-10
   16.000000   1.66795381  7.3987239832088394e-10
   16.000000   1.73272541  7.3863134942677539e-10
   16.000000   1.79749694  7.3678293873525395e-10
   16.000000   1.86226837  7.3434353243192173e-10
   16.000000   1.92703964  7.3133585888847899e-10
   16.000000   1.99181073  7.2778968630275287e-10
   16.000000   2.05658157  7.2374256218276053e-10
   16.000000   2.12135212  7.1924052291634615e-10
   16.000000   2.18612229  7.1433871436450981e-10
   16.000000   2.25089198  7.0910179895324255e-10
   16.000000   2.31566107  7.0360408505101639e-10
   16.000000   2.38042940  6.9792927950447909e-10
   16.000000   2.44519674  6.9216978136025194e-10
   16.000000   2.50996278  6.8642548287854490e-10
   16.000000   2.57472706  6.8080201764149732e-10
   16.000000   2.63948889  6.7540850543730599e-10
   16.000000   2.70424717  6.7035480962128662e-10
   16.000000   2.76900006  6.6574842364625877e-10
   16.000000   2.83374417  6.6169110075479895e-10
   16.000000   2.89847256  6.5827540387669289e-10
   16.000000   2.96316844  6.5558136029867732e-10
   16.000000   3.02777863  6.5367339684455104e-10
   16.000000   3.09200950  6.5259745311995199e-10
   16.250000   0.04958315  5.7696607122287258e-10
   16.250000   0.11381403  5.7778807116672338e-10
   16.250000   0.17842421  5.7924575957522536e-10
   16.250000   0.24312010  5.8130410685000550e-10
   16.250000   0.30784849  5.8391398180707319e-10
   16.250000   0.37259260  5.8701434478599229e-10
   16.250000   0.43734549  5.9053457442659513e-10
   16.250000   0.50210377  5.9439702331252045e-10
   16.250000   0.56686560  5.9851963824059549e-10
   16.250000   0.63162987  6.0281852402961440e-10
   16.250000   0.69639591  6.0721032116559746e-10
   16.250000   0.76116325  6.1161429792579555e-10
   16.250000   0.82593158  6.1595407639392401e-10
   16.250000   0.89070068  6.2015896587834328e-10
   16.250000   0.95547037  6.2416489263450760e-10
   16.250000   1.02024053  6.2791494002266799e-10
   16.250000   1.08501108  6.3135954583144433e-10
   16.250000   1.14978193  6.3445642076709088e-10
   16.250000   1.21455301  6.3717022702437106e-10
   16.250000   1.27932429  6.3947212785250176e-10
   16.250000   1.34409571  6.4133924126064187e-10
   16.250000   1.40886724  6.4275409211290032e-10
   16.250000   1.47363885  6.4370408067613530e-10
   16.250000   1.53841049  6.4418107086728176e-10
   16.250000   1.60318216  6.4418107196589466e-10
   16.250000   1.66795381  6.4370408309730319e-10
   16.250000   1.73272541  6.4275409514388540e-10
   16.250000   1.79749694  6.4133924767560805e-10
   16.250000   1.86226837  6.3947213496369128e-10
   16.250000   1.92703964  6.3717023555803951e-10
   16.250000   1.99181073  6.3445643090297343e-10
   16.250000   2.05658157  6.3135955832616238e-10
   16.250000   2.12135212  6.2791495272577517e-10
   16.250000   2.18612229  6.2416490698350174e-10
   16.250000   2.25089198  6.2015898263205476e-10
   16.250000   2.31566107  6.1595409477881094e-10
   16.250000   2.38042940  6.1161431745198555e-10
   16.250000   2.44519674  6.0721034193682653e-10
   16.250000   2.50996278  6.0281854598257810e-10
   16.250000   2.57472706  5.9851966128607958e-10
   16.250000   2.63948889  5.9439704775805054e-10
   16.250000   2.70424717  5.9053459900745590e-10
   16.250000   2.76900006  5.8701437031542832e-10
   16.250000   2.83374417  5.8391400854210407e-10
   16.250000   2.89847256  5.8130413405338853e-10
   16.250000   2.96316844  5.7924578731083945e-10
   16.250000   3.02777863  5.7778809833008906e-10
   16.250000   3.09200950  5.7696609930406650e-10
   16.500000   0.04958315  5.0803832454218915e-10
   16.500000   0.11381403  5.0866651829320718e-10
   16.500000   0.17842421  5.0978055345702926e-10
   16.500000   0.24312010  5.1135370883468489e-10
   16.500000   0.30784849  5.1334850220564063e-10
   16.500000   0.37259260  5.1571835709201294e-10
   16.500000   0.43734549  5.1840937713942053e-10
   16.500000   0.50210377  5.2136228634037803e-10
   16.500000   0.56686560  5.2451442838371769e-10
   16.500000   0.63162987  5.2780171511895515e-10
   16.500000   0.69639591  5.3116044857502143e-10
   16.500000   0.76116325  5.3452890889442857e-10
   16.500000   0.82593158  5.3784867842863267e-10
   16.500000   0.89070068  5.4106566148613820e-10
   16.500000   0.95547037  5.4413079973240232e-10
   16.500000   1.02024053  5.4700048856920841e-10
   16.500000   1.08501108  5.4963673521429831e-10
   16.500000   1.14978193  5.5200709809902526e-10
   16.500000   1.21455301  5.5408445130468767e-10
   16.500000   1.27932429  5.5584664502315366e-10
   16.500000   1.34409571  5.5727609236965327e-10
   16.500000   1.40886724  5.5835934863269684e-10
   16.500000   1.47363885  5.5908672115730493e-10
   16.500000   1.53841049  5.5945194395307704e-10
   16.500000   1.60318216  5.5945194467884717e-10
   16.500000   1.66795381  5.5908672286541873e-10
   16.500000   1.73272541  5.5835935094766053e-10
   16.500000   1.79749694  5.5727609696988921e-10
   16.500000   1.86226837  5.5584665108299735e-10
   16.500000   1.92703964  5.5408445920331054e-10
   16.500000   1.99181073  5.5200710624905313e-10
   16.500000   2.05658157  5.4963674519242760e-10
   16.500000   2.12135212  5.4700049947917279e-10
   16.500000   2.18612229  5.4413081121346057e-10
   16.500000   2.25089198  5.4106567435038719e-10
   16.500000   2.31566107  5.3784869257872648e-10
   16.500000   2.38042940  5.3452892391527007e-10
   16.500000   2.44519674  5.3116046483128458e-10
   16.500000   2.50996278  5.2780173188352792e-10
   16.500000   2.57472706  5.2451444666214451e-10
   16.500000   2.63948889  5.2136230574714735e-10
   16.500000   2.70424717  5.1840939682502116e-10
   16.500000   2.76900006  5.1571837674182643e-10
   16.500000   2.83374417  5.1334852286997615e-10
   16.500000   2.89847256  5.1135372990067646e-10
   16.500000   2.96316844  5.0978057499011907e-10
   16.500000   3.02777863  5.0866654049990935e-10
   16.500000   3.09200950  5.0803834714071469e-10
   16.750000   0.04958315  4.4583588669873058e-10
   16.750000   0.11381403  4.4631611834565485e-10
   16.750000   0.17842421  4.4716778212156845e-10
   16.750000   0.24312010  4.4837048715541240e-10
   16.750000   0.30784849  4.4989562829232873e-10
   16.750000   0.37259260  4.5170765079732705e-10
   16.750000   0.43734549  4.5376540756538779e-10
   16.750000   0.50210377  4.5602363272047883e-10
   16.750000   0.56686560  4.5843446181028291e-10
   16.750000   0.63162987  4.6094892715965589e-10
   16.750000   0.69639591  4.6351833469617164e-10
   16.750000   0.76116325  4.6609548867453503e-10
   16.750000   0.82593158  4.6863569345885726e-10
   16.750000   0.89070068  4.7109754257423907e-10
   16.750000   0.95547037  4.7344346547912845e-10
   16.750000   1.02024053  4.7564004925154531e-10
   16.750000   1.08501108  4.7765816185196026e-10
   16.750000   1.14978193  4.7947291363711588e-10
   16.750000   1.21455301  4.8106348092510410e-10
   16.750000   1.27932429  4.8241284533012897e-10
   16.750000   1.34409571  4.8350748816178972e-10
   16.750000   1.40886724  4.8433706925518712e-10
   16.750000   1.47363885  4.8489412797527503e-10
   16.750000   1.53841049  4.8517384071975057e-10
   16.750000   1.60318216  4.8517384143481946e-10
   16.750000   1.66795381  4.8489412937815763e-10
   16.750000   1.73272541  4.8433707227421096e-10
   16.750000   1.79749694  4.8350749211214604e-10
   16.750000   1.86226837  4.8241285030420701e-10
   16.750000   1.92703964  4.8106348575895259e-10
   16.750000   1.99181073  4.7947292017559491e-10
   16.750000   2.05658157  4.7765816978965614e-10
   16.750000   2.12135212  4.7564005748746824e-10
   16.750000   2.18612229  4.7344347523785180e-10
   16.750000   2.25089198  4.7109755335658281e-10
   16.750000   2.31566107  4.6863570466308132e-10
   16.750000   2.38042940  4.6609550110208859e-10
   16.750000   2.44519674  4.6351834811143247e-10
   16.750000   2.50996278  4.6094894071932885e-10
   16.750000   2.57472706  4.5843447623581799e-10
   16.750000   2.63948889  4.5602364750394158e-10
   16.750000   2.70424717  4.5376542358293995e-10
   16.750000   2.76900006  4.5170766666572744e-10
   16.750000   2.83374417  4.4989564440980741e-10
   16.750000   2.89847256  4.4837050494814115e-10
   16.750000   2.96316844  4.4716779982700235e-10
   16.750000   3.02777863  4.4631613499695790e-10
   16.750000   3.09200950  4.4583590321309626e-10
   17.000000   0.04958315  3.9014025901643244e-10
   17.000000   0.11381403  3.9050749176257663e-10
   17.000000   0.17842421  3.9115877290836773e-10
   17.000000   0.24312010  3.9207853862340661e-10
   17.000000   0.30784849  3.9324494911869691e-10
   17.000000   0.37259260  3.9463085503042184e-10
   17.000000   0.43734549  3.9620483169545804e-10
   17.000000   0.50210377  3.9793229937240271e-10
   17.000000   0.56686560  3.9977668348205653e-10
   17.000000   0.63162987  4.0170055506258873e-10
   17.000000   0.69639591  4.0366668023899110e-10
   17.000000   0.76116325  4.0563895665772512e-10
   17.000000   0.82593158  4.0758318097700174e-10
   17.000000   0.89070068  4.0946765041605862e-10
   17.000000   0.95547037  4.1126358597903632e-10
   17.000000   1.02024053  4.1294537626561289e-10
   17.000000   1.08501108  4.1449068179427625e-10
   17.000000   1.14978193  4.1588040356798685e-10
   17.000000   1.21455301  4.1709855232627129e-10
   17.000000   1.27932429  4.1813205193841160e-10
   17.000000   1.34409571  4.1897051086504139e-10
   17.000000   1.40886724  4.1960597291380750e-10
   17.000000   1.47363885  4.2003269827932208e-10
   17.000000   1.53841049  4.2024697279145040e-10
   17.000000   1.60318216  4.2024697300018839e-10
   17.000000   1.66795381  4.2003269947618284e-10
   17.000000   1.73272541  4.1960597502357255e-10
   17.000000   1.79749694  4.1897051341936799e-10
   17.000000   1.86226837  4.1813205574084807e-10
   17.000000   1.92703964  4.1709855671042837e-10
   17.000000   1.99181073  4.1588040950302692e-10
   17.000000   2.05658157  4.1449068763416016e-10
   17.000000   2.12135212  4.1294538248413453e-10
   17.000000   2.18612229  4.1126359320470666e-10
   17.000000   2.25089198  4.0946765914923750e-10
   17.000000   2.31566107  4.0758318967943732e-10
   17.000000   2.38042940  4.0563896669669028e-10
   17.000000   2.44519674  4.0366669127904726e-10
   17.000000   2.50996278  4.0170056643155729e-10
   17.000000   2.57472706  3.9977669543900631e-10
   17.000000   2.63948889  3.9793231130605604e-10
   17.000000   2.70424717  3.9620484429986741e-10
   17.000000   2.76900006  3.9463086766711023e-10
   17.000000   2.83374417  3.9324496175229899e-10
   17.000000   2.89847256  3.9207855197500456e-10
   17.000000   2.96316844  3.9115878691654546e-10
   17.000000   3.02777863  3.9050750543840022e-10
   17.000000   3.09200950  3.9014027251544898e-10
   17.250000   0.04958315  3.4058493187306940e-10
   17.250000   0.11381403  3.4086583520011406e-10
   17.250000   0.17842421  3.4136402694428181e-10
   17.250000   0.24312010  3.4206761930956892e-10
   17.250000   0.30784849  3.4295993403985878e-10
   17.250000   0.37259260  3.4402023308925883e-10
   17.250000   0.43734549  3.4522450801547367e-10
   17.250000   0.50210377  3.4654633394666967e-10
   17.250000   0.56686560  3.4795775513150795e-10
   17.250000   0.63162987  3.4943015118492304e-10
   17.250000   0.69639591  3.5093504705509852e-10
   17.250000   0.76116325  3.5244481534588942e-10
   17.250000   0.82593158  3.5393327489669367e-10
   17.250000   0.89070068  3.5537614832043208e-10
   17.250000   0.95547037  3.5675138385879831e-10
   17.250000   1.02024053  3.5803934896041914e-10
   17.250000   1.08501108  3.5922290734424055e-10
   17.250000   1.14978193  3.6028740151558989e-10
   17.250000   1.21455301  3.6122055306524136e-10
   17.250000   1.27932429  3.6201231422284406e-10
   17.250000   1.34409571  3.6265469398077748e-10
   17.250000   1.40886724  3.6314157351949170e-10
   17.250000   1.47363885  3.6346853388973313e-10
   17.250000   1.53841049  3.6363271636528276e-10
   17.250000   1.60318216  3.6363271679744989e-10
   17.250000   1.66795381  3.6346853520473974e-10
   17.250000   1.73272541  3.6314157509344580e-10
   17.250000   1.79749694  3.6265469648180505e-10
   17.250000   1.86226837  3.6201231678099461e-10
   17.250000   1.92703964  3.6122055680737636e-10
   17.250000   1.99181073  3.6028740571191762e-10
   17.250000   2.05658157  3.5922291211915449e-10
   17.250000   2.12135212  3.5803935443910191e-10
   17.250000   2.18612229  3.5675138983803537e-10
   17.250000   2.25089198  3.5537615550998802e-10
   17.250000   2.31566107  3.5393328227791894e-10
   17.250000   2.38042940  3.5244482290979588e-10
   17.250000   2.44519674  3.5093505542466835e-10
   17.250000   2.50996278  3.4943016075234769e-10
   17.250000   2.57472706  3.4795776494597324e-10
   17.250000   2.63948889  3.4654634342162685e-10
   17.250000   2.70424717  3.4522451810905617e-10
   17.250000   2.76900006  3.4402024379234533e-10
   17.250000   2.83374417  3.4295994441565923e-10
   17.250000   2.89847256  3.4206763079290864e-10
   17.250000   2.96316844  3.4136403822490618e-10
   17.250000   3.02777863  3.4086584684335373e-10
   17.250000   3.09200950  3.4058494310791061e-10
   17.500000   0.04958315  2.9672018782339303e-10
   17.500000   0.11381403  2.9693511756498489e-10
   17.500000   0.17842421  2.9731631085238632e-10
   17.500000   0.24312010  2.9785468990541186e-10
   17.500000   0.30784849  2.9853750893822492e-10
   17.500000   0.37259260  2.9934892436090095e-10
   17.500000   0.43734549  3.0027058732872855e-10
   17.500000   0.50210377  3.0128229755748390e-10
   17.500000   0.56686560  3.0236268091841489e-10
   17.500000   0.63162987  3.0348984774166784e-10
   17.500000   0.69639591  3.0464201141517813e-10
   17.500000   0.76116325  3.0579802819821790e-10
   17.500000   0.82593158  3.0693785183279196e-10
   17.500000   0.89070068  3.0804288366625588e-10
   17.500000   0.95547037  3.0909622636340674e-10
   17.500000   1.02024053  3.1008282469238523e-10
   17.500000   1.08501108  3.1098953584026033e-10
   17.500000   1.14978193  3.1180510289586913e-10
   17.500000   1.21455301  3.1252010019801732e-10
   17.500000   1.27932429  3.1312680385636952e-10
   17.500000   1.34409571  3.1361907068126925e-10
   17.500000   1.40886724  3.1399219241451348e-10
   17.500000   1.47363885  3.1424276819167128e-10
   17.500000   1.53841049  3.1436859766934913e-10
   17.500000   1.60318216  3.1436859703829009e-10
   17.500000   1.66795381  3.1424276954966672e-10
   17.500000   1.73272541  3.1399219326031905e-10
   17.500000   1.79749694  3.1361907258111576e-10
   17.500000   1.86226837  3.1312680622385923e-10
   17.500000   1.92703964  3.1252010293008947e-10
   17.500000   1.99181073  3.1180510636686627e-10
   17.500000   2.05658157  3.1098953873441655e-10
   17.500000   2.12135212  3.1008282911759998e-10
   17.500000   2.18612229  3.0909623102395748e-10
   17.500000   2.25089198  3.0804288905172356e-10
   17.500000   2.31566107  3.0693785685277573e-10
   17.500000   2.38042940  3.0579803404753482e-10
   17.500000   2.44519674  3.0464201805171555e-10
   17.500000   2.50996278  3.0348985482214379e-10
   17.500000   2.57472706  3.0236268762907167e-10
   17.500000   2.63948889  3.0128230469082698e-10
   17.500000   2.70424717  3.0027059492501965e-10
   17.500000   2.76900006  2.9934893224237988e-10
   17.500000   2.83374417  2.9853751756709995e-10
   17.500000   2.89847256  2.9785469829518873e-10
   17.500000   2.96316844  2.9731632010490528e-10
   17.500000   3.02777863  2.9693512657716367e-10
   17.500000   3.09200950  2.9672019665922652e-10
   17.750000   0.04958315  2.5805795466074911e-10
   17.750000   0.11381403  2.5822245081594483e-10
   17.750000   0.17842421  2.5851420269204701e-10
   17.750000   0.24312010  2.5892627281666929e-10
   17.750000   0.30784849  2.5944892227635670e-10
   17.750000   0.37259260  2.6007004017261174e-10
   17.750000   0.43734549  2.6077559928992376e-10
   17.750000   0.50210377  2.6155015299389093e-10
   17.750000   0.56686560  2.6237735523023831e-10
   17.750000   0.63162987  2.6324045818914281e-10
   17.750000   0.69639591  2.6412278872145871e-10
   17.750000   0.76116325  2.6500816008649556e-10
   17.750000   0.82593158  2.6588121901669636e-10
   17.750000   0.89070068  2.6672771725447313e-10
   17.750000   0.95547037  2.6753470102901388e-10
   17.750000   1.02024053  2.6829062601980694e-10
   17.750000   1.08501108  2.6898540361813634e-10
   17.750000   1.14978193  2.6961039726074615e-10
   17.750000   1.21455301  2.7015836214182601e-10
   17.750000   1.27932429  2.7062336538167922e-10
   17.750000   1.34409571  2.7100067965484387e-10
   17.750000   1.40886724  2.7128668492411302e-10
   17.750000   1.47363885  2.7147876288391323e-10
   17.750000   1.53841049  2.7157521804375648e-10
   17.750000   1.60318216  2.7157521767101360e-10
   17.750000   1.66795381  2.7147876344761738e-10
   17.750000   1.73272541  2.7128668556146432e-10
   17.750000   1.79749694  2.7100068133438830e-10
   17.750000   1.86226837  2.7062336684458820e-10
   17.750000   1.92703964  2.7015836480662258e-10
   17.750000   1.99181073  2.6961040004060923e-10
   17.750000   2.05658157  2.6898540728033230e-10
   17.750000   2.12135212  2.6829062872862554e-10
   17.750000   2.18612229  2.6753470490899398e-10
   17.750000   2.25089198  2.6672772226350824e-10
   17.750000   2.31566107  2.6588122411270418e-10
   17.750000   2.38042940  2.6500816490496883e-10
   17.750000   2.44519674  2.6412279378905071e-10
   17.750000   2.50996278  2.6324046367373977e-10
   17.750000   2.57472706  2.6237736174173058e-10
   17.750000   2.63948889  2.6155015998327713e-10
   17.750000   2.70424717  2.6077560597429982e-10
   17.750000   2.76900006  2.6007004716550374e-10
   17.750000   2.83374417  2.5944892961323843e-10
   17.750000   2.89847256  2.5892627995880607e-10
   17.750000   2.96316844  2.5851420987613498e-10
   17.750000   3.02777863  2.5822245745420821e-10
   17.750000   3.09200950  2.5805796172279005e-10
   18.000000   0.04958315  2.2410218357847233e-10
   18.000000   0.11381403  2.2422811295685351e-10
   18.000000   0.17842421  2.2445146820354108e-10
   18.000000   0.24312010  2.2476694563025611e-10
   18.000000   0.30784849  2.2516710147896498e-10
   18.000000   0.37259260  2.2564267365716850e-10
   18.000000   0.43734549  2.2618293680996962e-10
   18.000000   0.50210377  2.2677607691458041e-10
   18.000000   0.56686560  2.2740958701277358e-10
   18.000000   0.63162987  2.2807065111216247e-10
   18.000000   0.69639591  2.2874650613070105e-10
   18.000000   0.76116325  2.2942475696627886e-10
   18.000000   0.82593158  2.3009364326773561e-10
   18.000000   0.89070068  2.3074224512529245e-10
   18.000000   0.95547037  2.3136062936312346e-10
   18.000000   1.02024053  2.3193994212848287e-10
   18.000000   1.08501108  2.3247244287648334e-10
   18.000000   1.14978193  2.3295149784716363e-10
   18.000000   1.21455301  2.3337154216583355e-10
   18.000000   1.27932429  2.3372801509402663e-10
   18.000000   1.34409571  2.3401728288514426e-10
   18.000000   1.40886724  2.3423655697262720e-10
   18.000000   1.47363885  2.3438382401881697e-10
   18.000000   1.53841049  2.3445777785947032e-10
   18.000000   1.60318216  2.3445777759568780e-10
   18.000000   1.66795381  2.3438382377594175e-10
   18.000000   1.73272541  2.3423655757076357e-10
   18.000000   1.79749694  2.3401728352788040e-10
   18.000000   1.86226837  2.3372801700446457e-10
   18.000000   1.92703964  2.3337154458548335e-10
   18.000000   1.99181073  2.3295150070636139e-10
   18.000000   2.05658157  2.3247244606631598e-10
   18.000000   2.12135212  2.3193994548058983e-10
   18.000000   2.18612229  2.3136063233887291e-10
   18.000000   2.25089198  2.3074224794004215e-10
   18.000000   2.31566107  2.3009364702733038e-10
   18.000000   2.38042940  2.2942476119780083e-10
   18.000000   2.44519674  2.2874651018057906e-10
   18.000000   2.50996278  2.2807065580320206e-10
   18.000000   2.57472706  2.2740959185595652e-10
   18.000000   2.63948889  2.2677608241139434e-10
   18.000000   2.70424717  2.2618294227540846e-10
   18.000000   2.76900006  2.2564267855790064e-10
   18.000000   2.83374417  2.2516710655418987e-10
   18.000000   2.89847256  2.2476695183241795e-10
   18.000000   2.96316844  2.2445147367716231e-10
   18.000000   3.02777863  2.2422811814999863e-10
   18.000000   3.09200950  2.2410218884982332e-10
   18.250000   0.04958315  1.9436879883280496e-10
   18.250000   0.11381403  1.9446522847008414e-10
   18.250000   0.17842421  1.9463626514230355e-10
   18.250000   0.24312010  1.9487785338072047e-10
   18.250000   0.30784849  1.9518430018789185e-10
   18.250000   0.37259260  1.9554852318335776e-10
   18.250000   0.43734549  1.9596231728618860e-10
   18.250000   0.50210377  1.9641664401979118e-10
   18.250000   0.56686560  1.9690193224797832e-10
   18.250000   0.63162987  1.9740837180919550e-10
   18.250000   0.69639591  1.9792619037331762e-10
   18.250000   0.76116325  1.9844589346479927e-10
   18.250000   0.82593158  1.9895847060835343e-10
   18.250000   0.89070068  1.9945555042646284e-10
   18.250000   0.95547037  1.9992951760026747e-10
   18.250000   1.02024053  2.0037357789865638e-10
   18.250000   1.08501108  2.0078179120134420e-10
   18.250000   1.14978193  2.0114906198932783e-10
   18.250000   1.21455301  2.0147111521315990e-10
   18.250000   1.27932429  2.0174444365552526e-10
   18.250000   1.34409571  2.0196625445171811e-10
   18.250000   1.40886724  2.0213440169593903e-10
   18.250000   1.47363885  2.0224733440428561e-10
   18.250000   1.53841049  2.0230404789178399e-10
   18.250000   1.60318216  2.0230404864824459e-10
   18.250000   1.66795381  2.0224733514595379e-10
   18.250000   1.73272541  2.0213440232419416e-10
   18.250000   1.79749694  2.0196625550244860e-10
   18.250000   1.86226837  2.0174444542488442e-10
   18.250000   1.92703964  2.0147111668142064e-10
   18.250000   1.99181073  2.0114906316975662e-10
   18.250000   2.05658157  2.0078179352947324e-10
   18.250000   2.12135212  2.0037358039339097e-10
   18.250000   2.18612229  1.9992951987644559e-10
   18.250000   2.25089198  1.9945555304444913e-10
   18.250000   2.31566107  1.9895847335376059e-10
   18.250000   2.38042940  1.9844589700792256e-10
   18.250000   2.44519674  1.9792619349543618e-10
   18.250000   2.50996278  1.9740837564689757e-10
   18.250000   2.57472706  1.9690193578829377e-10
   18.250000   2.63948889  1.9641664817814537e-10
   18.250000   2.70424717  1.9596232202972388e-10
   18.250000   2.76900006  1.9554852698264957e-10
   18.250000   2.83374417  1.9518430483631801e-10
   18.250000   2.89847256  1.9487785864721526e-10
   18.250000   2.96316844  1.9463626937618706e-10
   18.250000   3.02777863  1.9446523305724432e-10
   18.250000   3.09200950  1.9436880396634187e-10
   18.500000   0.04958315  1.6839821616973799e-10
   18.500000   0.11381403  1.6847207486954646e-10
   18.500000   0.17842421  1.6860307974659258e-10
   18.500000   0.24312010  1.6878812985676842e-10
   18.500000   0.30784849  1.6902286898593777e-10
   18.500000   0.37259260  1.6930188055909218e-10
   18.500000   0.43734549  1.6961888557028166e-10
   18.500000   0.50210377  1.6996696752153352e-10
   18.500000   0.56686560  1.7033879819298216e-10
   18.500000   0.63162987  1.7072686873698041e-10
   18.500000   0.69639591  1.7112369386881492e-10
   18.500000   0.76116325  1.7152199986208525e-10
   18.500000   0.82593158  1.7191488016945467e-10
   18.500000   0.89070068  1.7229591761954828e-10
   18.500000   0.95547037  1.7265927124219300e-10
   18.500000   1.02024053  1.7299972866717286e-10
   18.500000   1.08501108  1.7331272576103052e-10
   18.500000   1.14978193  1.7359435395928282e-10
   18.500000   1.21455301  1.7384132508269425e-10
   18.500000   1.27932429  1.7405094411105366e-10
   18.500000   1.34409571  1.7422106213287018e-10
   18.500000   1.40886724  1.7435002787051200e-10
   18.500000   1.47363885  1.7443664792980181e-10
   18.500000   1.53841049  1.7448014769279878e-10
   18.500000   1.60318216  1.7448014864024370e-10
   18.500000   1.66795381  1.7443664883090114e-10
   18.500000   1.73272541  1.7435002804467754e-10
   18.500000   1.79749694  1.7422106237326143e-10
   18.500000   1.86226837  1.7405094539102899e-10
   18.500000   1.92703964  1.7384132627155452e-10
   18.500000   1.99181073  1.7359435523952119e-10
   18.500000   2.05658157  1.7331272764542207e-10
   18.500000   2.12135212  1.7299972947010852e-10
   18.500000   2.18612229  1.7265927417094384e-10
   18.500000   2.25089198  1.7229592047084081e-10
   18.500000   2.31566107  1.7191488242105346e-10
   18.500000   2.38042940  1.7152200232420767e-10
   18.500000   2.44519674  1.7112369721821532e-10
   18.500000   2.50996278  1.7072687158981984e-10
   18.500000   2.57472706  1.7033880106081365e-10
   18.500000   2.63948889  1.6996696990948517e-10
   18.500000   2.70424717  1.6961888929747605e-10
   18.500000   2.76900006  1.6930188338413875e-10
   18.500000   2.83374417  1.6902287315432458e-10
   18.500000   2.89847256  1.6878813309011432e-10
   18.500000   2.96316844  1.6860308343716234e-10
   18.500000   3.02777863  1.6847207848080500e-10
   18.500000   3.09200950  1.6839822013578693e-10
   18.750000   0.04958315  1.4576260309840433e-10
   18.750000   0.11381403  1.4581918680935394e-10
   18.750000   0.17842421  1.4591955339113772e-10
   18.750000   0.24312010  1.4606132913891428e-10
   18.750000   0.30784849  1.4624118209126695e-10
   18.750000   0.37259260  1.4645496708587590e-10
   18.750000   0.43734549  1.4669787770874818e-10
   18.750000   0.50210377  1.4696461942152642e-10
   18.750000   0.56686560  1.4724958342966217e-10
   18.750000   0.63162987  1.4754701547582542e-10
   18.750000   0.69639591  1.4785118447285063e-10
   18.750000   0.76116325  1.4815651413511613e-10
   18.750000   0.82593158  1.4845771285117608e-10
   18.750000   0.89070068  1.4874985767299869e-10
   18.750000   0.95547037  1.4902846979050318e-10
   18.750000   1.02024053  1.4928954549214098e-10
   18.750000   1.08501108  1.4952958446465627e-10
   18.750000   1.14978193  1.4974558194054603e-10
   18.750000   1.21455301  1.4993501148244867e-10
   18.750000   1.27932429  1.5009580134032361e-10
   18.750000   1.34409571  1.5022629707791613e-10
   18.750000   1.40886724  1.5032523014648972e-10
   18.750000   1.47363885  1.5039168072928999e-10
   18.750000   1.53841049  1.5042505225290153e-10
   18.750000   1.60318216  1.5042505194970326e-10
   18.750000   1.66795381  1.5039168096538347e-10
   18.750000   1.73272541  1.5032523103233832e-10
   18.750000   1.79749694  1.5022629821696348e-10
   18.750000   1.86226837  1.5009580197120419e-10
   18.750000   1.92703964  1.4993501232272735e-10
   18.750000   1.99181073  1.4974558312340769e-10
   18.750000   2.05658157  1.4952958573216022e-10
   18.750000   2.12135212  1.4928954696920126e-10
   18.750000   2.18612229  1.4902847060275042e-10
   18.750000   2.25089198  1.4874986035371124e-10
   18.750000   2.31566107  1.4845771446327068e-10
   18.750000   2.38042940  1.4815651663174424e-10
   18.750000   2.44519674  1.4785118619921837e-10
   18.750000   2.50996278  1.4754701818665948e-10
   18.750000   2.57472706  1.4724958550921778e-10
   18.750000   2.63948889  1.4696462208090630e-10
   18.750000   2.70424717  1.4669787969587463e-10
   18.750000   2.76900006  1.4645497008975464e-10
   18.750000   2.83374417  1.4624118463618356e-10
   18.750000   2.89847256  1.4606133249948759e-10
   18.750000   2.96316844  1.4591955595452983e-10
   18.750000   3.02777863  1.4581918987148442e-10
   18.750000   3.09200950  1.4576260618604687e-10
   19.000000   0.04958315  1.2606948757260831e-10
   19.000000   0.11381403  1.2611284737041085e-10
   19.000000   0.17842421  1.2618975807463985e-10
   19.000000   0.24312010  1.2629840319382595e-10
   19.000000   0.30784849  1.2643623435639815e-10
   19.000000   0.37259260  1.2660007720447157e-10
   19.000000   0.43734549  1.2678625222545541e-10
   19.000000   0.50210377  1.2699070576206956e-10
   19.000000   0.56686560  1.2720914237686147e-10
   19.000000   0.63162987  1.2743715492480990e-10
   19.000000   0.69639591  1.2767034916753101e-10
   19.000000   0.76116325  1.2790445458430949e-10
   19.000000   0.82593158  1.2813541262118612e-10
   19.000000   0.89070068  1.2835944718812776e-10
   19.000000   0.95547037  1.2857312087167969e-10
   19.000000   1.02024053  1.2877336309105038e-10
   19.000000   1.08501108  1.2895748427996968e-10
   19.000000   1.14978193  1.2912317623942512e-10
   19.000000   1.21455301  1.2926849733171304e-10
   19.000000   1.27932429  1.2939185489475757e-10
   19.000000   1.34409571  1.2949197519733130e-10
   19.000000   1.40886724  1.2956788261844870e-10
   19.000000   1.47363885  1.2961886831929937e-10
   19.000000   1.53841049  1.2964447392797947e-10
   19.000000   1.60318216  1.2964447429674615e-10
   19.000000   1.66795381  1.2961886830656901e-10
   19.000000   1.73272541  1.2956788291584042e-10
   19.000000   1.79749694  1.2949197532581842e-10
   19.000000   1.86226837  1.2939185490446723e-10
   19.000000   1.92703964  1.2926849795642251e-10
   19.000000   1.99181073  1.2912317663720273e-10
   19.000000   2.05658157  1.2895748562780483e-10
   19.000000   2.12135212  1.2877336423254465e-10
   19.000000   2.18612229  1.2857312275545589e-10
   19.000000   2.25089198  1.2835944808668768e-10
   19.000000   2.31566107  1.2813541378123589e-10
   19.000000   2.38042940  1.2790445665430132e-10
   19.000000   2.44519674  1.2767035101401214e-10
   19.000000   2.50996278  1.2743715613933678e-10
   19.000000   2.57472706  1.2720914436547336e-10
   19.000000   2.63948889  1.2699070773314514e-10
   19.000000   2.70424717  1.2678625361851865e-10
   19.000000   2.76900006  1.2660007874769033e-10
   19.000000   2.83374417  1.2643623633638125e-10
   19.000000   2.89847256  1.2629840634272697e-10
   19.000000   2.96316844  1.2618976001497013e-10
   19.000000   3.02777863  1.2611284976663001e-10
   19.000000   3.09200950  1.2606949046640717e-10
   19.250000   0.04958315  1.0896287968936929e-10
   19.250000   0.11381403  1.0899611161647787e-10
   19.250000   0.17842421  1.0905506119794678e-10
   19.250000   0.24312010  1.0913833652064067e-10
   19.250000   0.30784849  1.0924398603373235e-10
   19.250000   0.37259260  1.0936957987062139e-10
   19.250000   0.43734549  1.0951230090629805e-10
   19.250000   0.50210377  1.0966904415713937e-10
   19.250000   0.56686560  1.0983651803541517e-10
   19.250000   0.63162987  1.1001134741340905e-10
   19.250000   0.69639591  1.1019016549165745e-10
   19.250000   0.76116325  1.1036969508967543e-10
   19.250000   0.82593158  1.1054682617261688e-10
   19.250000   0.89070068  1.1071866175803679e-10
   19.250000   0.95547037  1.1088256410960817e-10
   19.250000   1.02024053  1.1103617534294825e-10
   19.250000   1.08501108  1.1117742981976674e-10
   19.250000   1.14978193  1.1130455528844843e-10
   19.250000   1.21455301  1.1141605723890313e-10
   19.250000   1.27932429  1.1151071299247210e-10
   19.250000   1.34409571  1.1158754083012628e-10
   19.250000   1.40886724  1.1164579129644256e-10
   19.250000   1.47363885  1.1168491833700946e-10
   19.250000   1.53841049  1.1170456947659868e-10
   19.250000   1.60318216  1.1170456971342522e-10
   19.250000   1.66795381  1.1168491862201788e-10
   19.250000   1.73272541  1.1164579203964866e-10
   19.250000   1.79749694  1.1158754181283014e-10
   19.250000   1.86226837  1.1151071270507549e-10
   19.250000   1.92703964  1.1141605792077697e-10
   19.250000   1.99181073  1.1130455535922945e-10
   19.250000   2.05658157  1.1117743098995416e-10
   19.250000   2.12135212  1.1103617630293270e-10
   19.250000   2.18612229  1.1088256536633616e-10
   19.250000   2.25089198  1.1071866345068990e-10
   19.250000   2.31566107  1.1054682682350207e-10
   19.250000   2.38042940  1.1036969713977079e-10
   19.250000   2.44519674  1.1019016647558354e-10
   19.250000   2.50996278  1.1001134949484107e-10
   19.250000   2.57472706  1.0983651969865946e-10
   19.250000   2.63948889  1.0966904551638998e-10
   19.250000   2.70424717  1.0951230227781549e-10
   19.250000   2.76900006  1.0936958124748738e-10
   19.250000   2.83374417  1.0924398786064313e-10
   19.250000   2.89847256  1.0913833882850624e-10
   19.250000   2.96316844  1.0905506334728199e-10
   19.250000   3.02777863  1.0899611406812703e-10
   19.250000   3.09200950  1.0896288146911560e-10
   19.500000   0.04958315  9.4122729413431241e-11
   19.500000   0.11381403  9.4148205349945799e-11
   19.500000   0.17842421  9.4193397361534075e-11
   19.500000   0.24312010  9.4257239590819577e-11
   19.500000   0.30784849  9.4338238650587967e-11
   19.500000   0.37259260  9.4434531000408746e-11
   19.500000   0.43734549  9.4543962851459401e-11
   19.500000   0.50210377  9.4664151805078900e-11
   19.500000   0.56686560  9.4792578897821868e-11
   19.500000   0.63162987  9.4926656317339800e-11
   19.500000   0.69639591  9.5063801573037263e-11
   19.500000   0.76116325  9.5201504923832344e-11
   19.500000   0.82593158  9.5337378673025853e-11
   19.500000   0.89070068  9.5469201304936067e-11
   19.500000   0.95547037  9.5594947363688409e-11
   19.500000   1.02024053  9.5712806782901417e-11
   19.500000   1.08501108  9.5821193691722480e-11
   19.500000   1.14978193  9.5918743957054336e-11
   19.500000   1.21455301  9.6004312751193733e-11
   19.500000   1.27932429  9.6076956104509740e-11
   19.500000   1.34409571  9.6135920434014443e-11
   19.500000   1.40886724  9.6180627733517185e-11
   19.500000   1.47363885  9.6210659928447445e-11
   19.500000   1.53841049  9.6225742539997538e-11
   19.500000   1.60318216  9.6225742777569135e-11
   19.500000   1.66795381  9.6210659980035714e-11
   19.500000   1.73272541  9.6180629105920173e-11
   19.500000   1.79749694  9.6135920993317396e-11
   19.500000   1.86226837  9.6076956521316344e-11
   19.500000   1.92703964  9.6004313481712759e-11
   19.500000   1.99181073  9.5918744848457509e-11
   19.500000   2.05658157  9.5821194206732742e-11
   19.500000   2.12135212  9.5712807436654102e-11
   19.500000   2.18612229  9.5594948054765550e-11
   19.500000   2.25089198  9.5469201961284806e-11
   19.500000   2.31566107  9.5337379192769281e-11
   19.500000   2.38042940  9.5201506315563376e-11
   19.500000   2.44519674  9.5063802976452039e-11
   19.500000   2.50996278  9.4926657068951596e-11
   19.500000   2.57472706  9.4792580997410731e-11
   19.500000   2.63948889  9.4664154009008598e-11
   19.500000   2.70424717  9.4543963897724977e-11
   19.500000   2.76900006  9.4434532863392314e-11
   19.500000   2.83374417  9.4338240183917573e-11
   19.500000   2.89847256  9.4257241642942529e-11
   19.500000   2.96316844  9.4193399250971216e-11
   19.500000   3.02777863  9.4148207812734573e-11
   19.500000   3.09200950  9.4122731387460847e-11
   19.750000   0.04958315  8.1263345422003002e-11
   19.750000   0.11381403  8.1282879226745060e-11
   19.750000   0.17842421  8.1317531453630307e-11
   19.750000   0.24312010  8.1366484746987403e-11
   19.750000   0.30784849  8.1428595797021704e-11
   19.750000   0.37259260  8.1502438636409423e-11
   19.750000   0.43734549  8.1586359822199962e-11
   19.750000   0.50210377  8.1678538313883964e-11
   19.750000   0.56686560  8.1777040383499154e-11
   19.750000   0.63162987  8.1879881839179987e-11
   19.750000   0.69639591  8.1985087031818504e-11
   19.750000   0.76116325  8.2090726293487588e-11
   19.750000   0.82593158  8.2194970327698342e-11
   19.750000   0.89070068  8.2296114212450802e-11
   19.750000   0.95547037  8.2392602465188452e-11
   19.750000   1.02024053  8.2483045615321385e-11
   19.750000   1.08501108  8.2566226002682648e-11
   19.750000   1.14978193  8.2641094811285196e-11
   19.750000   1.21455301  8.2706770827677478e-11
   19.750000   1.27932429  8.2762529785593422e-11
   19.750000   1.34409571  8.2807791373302921e-11
   19.750000   1.40886724  8.2842109607848469e-11
   19.750000   1.47363885  8.2865163052927656e-11
   19.750000   1.53841049  8.2876741692096411e-11
   19.750000   1.60318216  8.2876740940798465e-11
   19.750000   1.66795381  8.2865163851677825e-11
   19.750000   1.73272541  8.2842110054675474e-11
   19.750000   1.79749694  8.2807791533446677e-11
   19.750000   1.86226837  8.2762530201310410e-11
   19.750000   1.92703964  8.2706771664465289e-11
   19.750000   1.99181073  8.2641095884092439e-11
   19.750000   2.05658157  8.2566226724467177e-11
   19.750000   2.12135212  8.2483046735774295e-11
   19.750000   2.18612229  8.2392602890653880e-11
   19.750000   2.25089198  8.2296114991224004e-11
   19.750000   2.31566107  8.2194971241551948e-11
   19.750000   2.38042940  8.2090727306701508e-11
   19.750000   2.44519674  8.1985087669747896e-11
   19.750000   2.50996278  8.1879883762175509e-11
   19.750000   2.57472706  8.1777041588901226e-11
   19.750000   2.63948889  8.1678540016163025e-11
   19.750000   2.70424717  8.1586361303775022e-11
   19.750000   2.76900006  8.1502440588105954e-11
   19.750000   2.83374417  8.1428596631128481e-11
   19.750000   2.89847256  8.1366486344505319e-11
   19.750000   2.96316844  8.1317532210057586e-11
   19.750000   3.02777863  8.1282881310089402e-11
   19.750000   3.09200950  8.1263346298929469e-11
   20.000000   0.04958315  7.0131170773118102e-11
   20.000000   0.11381403  7.0146151962305160e-11
   20.000000   0.17842421  7.0172726740547530e-11
   20.000000   0.24312010  7.0210270622843242e-11
   20.000000   0.30784849  7.0257908275785860e-11
   20.000000   0.37259260  7.0314544448003514e-11
   20.000000   0.43734549  7.0378915231188406e-11
   20.000000   0.50210377  7.0449622279562453e-11
   20.000000   0.56686560  7.0525184988586969e-11
   20.000000   0.63162987  7.0604082735245431e-11
   20.000000   0.69639591  7.0684797920605601e-11
   20.000000   0.76116325  7.0765853053206217e-11
   20.000000   0.82593158  7.0845843424354295e-11
   20.000000   0.89070068  7.0923460349473669e-11
   20.000000   0.95547037  7.0997510911984058e-11
   20.000000   1.02024053  7.1066926422825948e-11
   20.000000   1.08501108  7.1130771593334718e-11
   20.000000   1.14978193  7.1188240781408180e-11
   20.000000   1.21455301  7.1238656655802261e-11
   20.000000   1.27932429  7.1281460899658696e-11
   20.000000   1.34409571  7.1316208750639782e-11
   20.000000   1.40886724  7.1342555951595263e-11
   20.000000   1.47363885  7.1360254937835333e-11
   20.000000   1.53841049  7.1369144770755280e-11
   20.000000   1.60318216  7.1369145015772498e-11
   20.000000   1.66795381  7.1360255548905705e-11
   20.000000   1.73272541  7.1342556347000417e-11
   20.000000   1.79749694  7.1316208346000281e-11
   20.000000   1.86226837  7.1281460451023720e-11
   20.000000   1.92703964  7.1238656796196085e-11
   20.000000   1.99181073  7.1188240793189170e-11
   20.000000   2.05658157  7.1130772173485854e-11
   20.000000   2.12135212  7.1066927143440818e-11
   20.000000   2.18612229  7.0997511455998207e-11
   20.000000   2.25089198  7.0923461734824773e-11
   20.000000   2.31566107  7.0845844480745453e-11
   20.000000   2.38042940  7.0765854222081712e-11
   20.000000   2.44519674  7.0684799262766697e-11
   20.000000   2.50996278  7.0604084043432914e-11
   20.000000   2.57472706  7.0525186051012643e-11
   20.000000   2.63948889  7.0449622905223941e-11
   20.000000   2.70424717  7.0378915660567729e-11
   20.000000   2.76900006  7.0314545738989583e-11
   20.000000   2.83374417  7.0257908619133088e-11
   20.000000   2.89847256  7.0210271787359857e-11
   20.000000   2.96316844  7.0172727519768585e-11
   20.000000   3.02777863  7.0146153153556536e-11
   20.000000   3.09200950  7.0131172345055135e-11
   20.500000   0.04958315  5.2179510892466045e-11
   20.500000   0.11381403  5.2188326796457915e-11
   20.500000   0.17842421  5.2203964444767162e-11
   20.500000   0.24312010  5.2226058737122140e-11
   20.500000   0.30784849  5.2254093568917194e-11
   20.500000   0.37259260  5.2287428912411761e-11
   20.500000   0.43734549  5.2325319334756499e-11
   20.500000   0.50210377  5.2366943459444639e-11
   20.500000   0.56686560  5.2411431932940664e-11
   20.500000   0.63162987  5.2457889134920824e-11
   20.500000   0.69639591  5.2505423023812354e-11
   20.500000   0.76116325  5.2553164122457827e-11
   20.500000   0.82593158  5.2600283467343410e-11
   20.500000   0.89070068  5.2646011402075634e-11
   20.500000   0.95547037  5.2689644075515324e-11
   20.500000   1.02024053  5.2730551648883832e-11
   20.500000   1.08501108  5.2768180111086458e-11
   20.500000   1.14978193  5.2802055811022730e-11
   20.500000   1.21455301  5.2831775979873582e-11
   20.500000   1.27932429  5.2857011178972745e-11
   20.500000   1.34409571  5.2877498928401256e-11
   20.500000   1.40886724  5.2893035131302112e-11
   20.500000   1.47363885  5.2903471299195312e-11
   20.500000   1.53841049  5.2908713184213719e-11
   20.500000   1.60318216  5.2908713213201300e-11
   20.500000   1.66795381  5.2903470824259572e-11
   20.500000   1.73272541  5.2893034456524280e-11
   20.500000   1.79749694  5.2877498790648956e-11
   20.500000   1.86226837  5.2857011783105669e-11
   20.500000   1.92703964  5.2831775797316294e-11
   20.500000   1.99181073  5.2802055945031753e-11
   20.500000   2.05658157  5.2768180264709453e-11
   20.500000   2.12135212  5.2730552114997813e-11
   20.500000   2.18612229  5.2689645491097230e-11
   20.500000   2.25089198  5.2646012394290320e-11
   20.500000   2.31566107  5.2600284258307484e-11
   20.500000   2.38042940  5.2553164942375109e-11
   20.500000   2.44519674  5.2505424075251887e-11
   20.500000   2.50996278  5.2457889986793999e-11
   20.500000   2.57472706  5.2411432138178928e-11
   20.500000   2.63948889  5.2366944315123879e-11
   20.500000   2.70424717  5.2325320009291644e-11
   20.500000   2.76900006  5.2287429509964192e-11
   20.500000   2.83374417  5.2254094339421000e-11
   20.500000   2.89847256  5.2226059551768608e-11
   20.500000   2.96316844  5.2203964834346361e-11
   20.500000   3.02777863  5.2188326957437111e-11
   20.500000   3.09200950  5.2179511640006393e-11
   21.000000   0.04958315  3.8783151459981727e-11
   21.000000   0.11381403  3.8788341643254937e-11
   21.000000   0.17842421  3.8797550186756527e-11
   21.000000   0.24312010  3.8810559595359742e-11
   21.000000   0.30784849  3.8827069318553481e-11
   21.000000   0.37259260  3.8846701646017501e-11
   21.000000   0.43734549  3.8869017343610250e-11
   21.000000   0.50210377  3.8893535796778642e-11
   21.000000   0.56686560  3.8919743629133941e-11
   21.000000   0.63162987  3.8947114660898950e-11
   21.000000   0.69639591  3.8975123214813099e-11
   21.000000   0.76116325  3.9003256963042172e-11
   21.000000   0.82593158  3.9031027860167042e-11
   21.000000   0.89070068  3.9057983005127012e-11
   21.000000   0.95547037  3.9083704557553119e-11
   21.000000   1.02024053  3.9107822724124614e-11
   21.000000   1.08501108  3.9130011084808629e-11
   21.000000   1.14978193  3.9149988197664761e-11
   21.000000   1.21455301  3.9167516219468264e-11
   21.000000   1.27932429  3.9182401560033513e-11
   21.000000   1.34409571  3.9194485816543742e-11
   21.000000   1.40886724  3.9203650323326773e-11
   21.000000   1.47363885  3.9209807048959345e-11
   21.000000   1.53841049  3.9212898966735616e-11
   21.000000   1.60318216  3.9212899428521097e-11
   21.000000   1.66795381  3.9209807823548228e-11
   21.000000   1.73272541  3.9203650111533413e-11
   21.000000   1.79749694  3.9194485922553232e-11
   21.000000   1.86226837  3.9182401688349453e-11
   21.000000   1.92703964  3.9167517272368901e-11
   21.000000   1.99181073  3.9149988508358083e-11
   21.000000   2.05658157  3.9130012442753087e-11
   21.000000   2.12135212  3.9107823478147835e-11
   21.000000   2.18612229  3.9083705020270179e-11
   21.000000   2.25089198  3.9057983064857640e-11
   21.000000   2.31566107  3.9031028921251907e-11
   21.000000   2.38042940  3.9003257043511129e-11
   21.000000   2.44519674  3.8975123383471064e-11
   21.000000   2.50996278  3.8947115430411923e-11
   21.000000   2.57472706  3.8919743544044754e-11
   21.000000   2.63948889  3.8893536122365791e-11
   21.000000   2.70424717  3.8869017988974509e-11
   21.000000   2.76900006  3.8846701632476871e-11
   21.000000   2.83374417  3.8827070484430724e-11
   21.000000   2.89847256  3.8810560689271109e-11
   21.000000   2.96316844  3.8797550150099650e-11
   21.000000   3.02777863  3.8788342263031158e-11
   21.000000   3.09200950  3.8783151962053036e-11
   21.500000   0.04958315  2.8805722541722410e-11
   21.500000   0.11381403  2.8808780232639890e-11
   21.500000   0.17842421  2.8814204578803431e-11
   21.500000   0.24312010  2.8821869764198525e-11
   21.500000   0.30784849  2.8831597493280835e-11
   21.500000   0.37259260  2.8843163704072250e-11
   21.500000   0.43734549  2.8856314666149485e-11
   21.500000   0.50210377  2.8870764084518844e-11
   21.500000   0.56686560  2.8886209716508395e-11
   21.500000   0.63162987  2.8902343409075939e-11
   21.500000   0.69639591  2.8918853831584670e-11
   21.500000   0.76116325  2.8935440451854018e-11
   21.500000   0.82593158  2.8951815738052155e-11
   21.500000   0.89070068  2.8967710553999637e-11
   21.500000   0.95547037  2.8982880817188085e-11
   21.500000   1.02024053  2.8997105483817956e-11
   21.500000   1.08501108  2.9010194522529654e-11
   21.500000   1.14978193  2.9021979095258561e-11
   21.500000   1.21455301  2.9032320201981773e-11
   21.500000   1.27932429  2.9041103243498680e-11
   21.500000   1.34409571  2.9048233800630684e-11
   21.500000   1.40886724  2.9053641506853703e-11
   21.500000   1.47363885  2.9057274652516160e-11
   21.500000   1.53841049  2.9059098828812996e-11
   21.500000   1.60318216  2.9059099542647485e-11
   21.500000   1.66795381  2.9057274643671186e-11
   21.500000   1.73272541  2.9053641469474930e-11
   21.500000   1.79749694  2.9048234225046187e-11
   21.500000   1.86226837  2.9041103019071942e-11
   21.500000   1.92703964  2.9032320977536060e-11
   21.500000   1.99181073  2.9021978866982703e-11
   21.500000   2.05658157  2.9010194584207637e-11
   21.500000   2.12135212  2.8997105920397169e-11
   21.500000   2.18612229  2.8982880244767711e-11
   21.500000   2.25089198  2.8967710942464397e-11
   21.500000   2.31566107  2.8951816212099163e-11
   21.500000   2.38042940  2.8935440489484438e-11
   21.500000   2.44519674  2.8918853969131380e-11
   21.500000   2.50996278  2.8902343407235369e-11
   21.500000   2.57472706  2.8886209729267068e-11
   21.500000   2.63948889  2.8870763856560698e-11
   21.500000   2.70424717  2.8856314928803540e-11
   21.500000   2.76900006  2.8843164599754917e-11
   21.500000   2.83374417  2.8831597694194543e-11
   21.500000   2.89847256  2.8821870071044104e-11
   21.500000   2.96316844  2.8814205327651400e-11
   21.500000   3.02777863  2.8808780257801202e-11
   21.500000   3.09200950  2.8805722407927106e-11
   22.000000   0.04958315  2.1385170984260906e-11
   22.000000   0.11381403  2.1386973299432319e-11
   22.000000   0.17842421  2.1390170759948000e-11
   22.000000   0.24312010  2.1394688734220900e-11
   22.000000   0.30784849  2.1400421468692389e-11
   22.000000   0.37259260  2.1407240188441634e-11
   22.000000   0.43734549  2.1414991872667787e-11
   22.000000   0.50210377  2.1423509896751473e-11
   22.000000   0.56686560  2.1432616797662551e-11
   22.000000   0.63162987  2.1442129770795901e-11
   22.000000   0.69639591  2.1451866924309762e-11
   22.000000   0.76116325  2.1461648739340928e-11
   22.000000   0.82593158  2.1471307803216970e-11
   22.000000   0.89070068  2.1480682928447116e-11
   22.000000   0.95547037  2.1489632293395628e-11
   22.000000   1.02024053  2.1498025333921708e-11
   22.000000   1.08501108  2.1505748123903193e-11
   22.000000   1.14978193  2.1512702056151341e-11
   22.000000   1.21455301  2.1518804972788264e-11
   22.000000   1.27932429  2.1523987858034729e-11
   22.000000   1.34409571  2.1528196260380625e-11
   22.000000   1.40886724  2.1531388173172322e-11
   22.000000   1.47363885  2.1533532107401763e-11
   22.000000   1.53841049  2.1534609815964978e-11
   22.000000   1.60318216  2.1534608976224555e-11
   22.000000   1.66795381  2.1533532849155278e-11
   22.000000   1.73272541  2.1531387489992328e-11
   22.000000   1.79749694  2.1528196601659769e-11
   22.000000   1.86226837  2.1523987887836566e-11
   22.000000   1.92703964  2.1518804518389661e-11
   22.000000   1.99181073  2.1512702196413592e-11
   22.000000   2.05658157  2.1505748397017432e-11
   22.000000   2.12135212  2.1498025164886969e-11
   22.000000   2.18612229  2.1489632169443004e-11
   22.000000   2.25089198  2.1480684022482398e-11
   22.000000   2.31566107  2.1471307062736696e-11
   22.000000   2.38042940  2.1461649264214013e-11
   22.000000   2.44519674  2.1451867255046475e-11
   22.000000   2.50996278  2.1442130612233951e-11
   22.000000   2.57472706  2.1432617644090313e-11
   22.000000   2.63948889  2.1423510811660471e-11
   22.000000   2.70424717  2.1414992414279131e-11
   22.000000   2.76900006  2.1407240379315305e-11
   22.000000   2.83374417  2.1400422263756170e-11
   22.000000   2.89847256  2.1394688614440252e-11
   22.000000   2.96316844  2.1390169976048111e-11
   22.000000   3.02777863  2.1386973484011501e-11
   22.000000   3.09200950  2.1385171527865050e-11
   22.500000   0.04958315  1.5871787893948085e-11
   22.500000   0.11381403  1.5872850465501244e-11
   22.500000   0.17842421  1.5874735149221750e-11
   22.500000   0.24312010  1.5877399022804657e-11
   22.500000   0.30784849  1.5880779064584574e-11
   22.500000   0.37259260  1.5884799524236760e-11
   22.500000   0.43734549  1.5889370164921817e-11
   22.500000   0.50210377  1.5894393442289508e-11
   22.500000   0.56686560  1.5899764860509484e-11
   22.500000   0.63162987  1.5905375283039808e-11
   22.500000   0.69639591  1.5911118310721901e-11
   22.500000   0.76116325  1.5916888906365564e-11
   22.500000   0.82593158  1.5922585841082747e-11
   22.500000   0.89070068  1.5928117831635383e-11
   22.500000   0.95547037  1.5933398544424931e-11
   22.500000   1.02024053  1.5938350923791611e-11
   22.500000   1.08501108  1.5942907869329933e-11
   22.500000   1.14978193  1.5947011910474447e-11
   22.500000   1.21455301  1.5950613178398969e-11
   22.500000   1.27932429  1.5953673245071942e-11
   22.500000   1.34409571  1.5956156401606227e-11
   22.500000   1.40886724  1.5958040492621919e-11
   22.500000   1.47363885  1.5959306559629049e-11
   22.500000   1.53841049  1.5959942406166917e-11
   22.500000   1.60318216  1.5959942393118288e-11
   22.500000   1.66795381  1.5959306721976896e-11
   22.500000   1.73272541  1.5958041216929630e-11
   22.500000   1.79749694  1.5956156319365833e-11
   22.500000   1.86226837  1.5953672447331036e-11
   22.500000   1.92703964  1.5950613300184787e-11
   22.500000   1.99181073  1.5947012057127421e-11
   22.500000   2.05658157  1.5942907483467035e-11
   22.500000   2.12135212  1.5938350950267766e-11
   22.500000   2.18612229  1.5933398996814570e-11
   22.500000   2.25089198  1.5928117878948860e-11
   22.500000   2.31566107  1.5922585477986864e-11
   22.500000   2.38042940  1.5916888708562918e-11
   22.500000   2.44519674  1.5911117884452874e-11
   22.500000   2.50996278  1.5905375590714962e-11
   22.500000   2.57472706  1.5899764546694282e-11
   22.500000   2.63948889  1.5894393867017013e-11
   22.500000   2.70424717  1.5889370568182354e-11
   22.500000   2.76900006  1.5884799418260897e-11
   22.500000   2.83374417  1.5880779886973132e-11
   22.500000   2.89847256  1.5877398856440513e-11
   22.500000   2.96316844  1.5874735757976339e-11
   22.500000   3.02777863  1.5872851019404892e-11
   22.500000   3.09200950  1.5871787888845531e-11
   23.000000   0.04958315  1.1778229119304509e-11
   23.000000   0.11381403  1.1778855963288347e-11
   23.000000   0.17842421  1.1779967599458686e-11
   23.000000   0.24312010  1.1781538137702296e-11
   23.000000   0.30784849  1.1783531413902605e-11
   23.000000   0.37259260  1.1785902489083060e-11
   23.000000   0.43734549  1.1788597742314904e-11
   23.000000   0.50210377  1.1791561058568415e-11
   23.000000   0.56686560  1.1794728551276903e-11
   23.000000   0.63162987  1.1798037304843645e-11
   23.000000   0.69639591  1.1801424957587785e-11
   23.000000   0.76116325  1.1804829194847715e-11
   23.000000   0.82593158  1.1808190939110314e-11
   23.000000   0.89070068  1.1811454404205165e-11
   23.000000   0.95547037  1.1814569955954819e-11
   23.000000   1.02024053  1.1817492453482884e-11
   23.000000   1.08501108  1.1820181554535867e-11
   23.000000   1.14978193  1.1822603832275111e-11
   23.000000   1.21455301  1.1824729047456688e-11
   23.000000   1.27932429  1.1826534730978818e-11
   23.000000   1.34409571  1.1828000831536481e-11
   23.000000   1.40886724  1.1829113105800130e-11
   23.000000   1.47363885  1.1829860029926644e-11
   23.000000   1.53841049  1.1830235000680984e-11
   23.000000   1.60318216  1.1830234963124853e-11
   23.000000   1.66795381  1.1829859860016937e-11
   23.000000   1.73272541  1.1829112856054406e-11
   23.000000   1.79749694  1.1828000602460918e-11
   23.000000   1.86226837  1.1826534692200327e-11
   23.000000   1.92703964  1.1824729511493352e-11
   23.000000   1.99181073  1.1822604009225626e-11
   23.000000   2.05658157  1.1820182140232735e-11
   23.000000   2.12135212  1.1817492340215015e-11
   23.000000   2.18612229  1.1814569431306486e-11
   23.000000   2.25089198  1.1811454355870086e-11
   23.000000   2.31566107  1.1808190653687781e-11
   23.000000   2.38042940  1.1804829391719804e-11
   23.000000   2.44519674  1.1801425463088873e-11
   23.000000   2.50996278  1.1798037926790523e-11
   23.000000   2.57472706  1.1794727962158819e-11
   23.000000   2.63948889  1.1791560867793852e-11
   23.000000   2.70424717  1.1788598565808203e-11
   23.000000   2.76900006  1.1785902780401287e-11
   23.000000   2.83374417  1.1783530606144520e-11
   23.000000   2.89847256  1.1781537700409740e-11
   23.000000   2.96316844  1.1779967293576696e-11
   23.000000   3.02777863  1.1778856516359889e-11
   23.000000   3.09200950  1.1778229474703220e-11
   23.500000   0.04958315  8.7402216688133335e-12
   23.500000   0.11381403  8.7405907202685168e-12
   23.500000   0.17842421  8.7412462391640333e-12
   23.500000   0.24312010  8.7421724589055225e-12
   23.500000   0.30784849  8.7433481026308568e-12
   23.500000   0.37259260  8.7447460500001196e-12
   23.500000   0.43734549  8.7463357954068293e-12
   23.500000   0.50210377  8.7480830334907793e-12
   23.500000   0.56686560  8.7499508534146948e-12
   23.500000   0.63162987  8.7519025397328664e-12
   23.500000   0.69639591  8.7539011056205633e-12
   23.500000   0.76116325  8.7559088417282643e-12
   23.500000   0.82593158  8.7578926195932517e-12
   23.500000   0.89070068  8.7598175025277285e-12
   23.500000   0.95547037  8.7616553930567265e-12
   23.500000   1.02024053  8.7633794168016601e-12
   23.500000   1.08501108  8.7649659961133478e-12
   23.500000   1.14978193  8.7663949577104467e-12
   23.500000   1.21455301  8.7676497986318364e-12
   23.500000   1.27932429  8.7687147510554554e-12
   23.500000   1.34409571  8.7695796643894922e-12
   23.500000   1.40886724  8.7702354702209933e-12
   23.500000   1.47363885  8.7706764015225797e-12
   23.500000   1.53841049  8.7708980697705559e-12
   23.500000   1.60318216  8.7708980342926049e-12
   23.500000   1.66795381  8.7706762613010677e-12
   23.500000   1.73272541  8.7702357149735471e-12
   23.500000   1.79749694  8.7695793643267798e-12
   23.500000   1.86226837  8.7687144405021800e-12
   23.500000   1.92703964  8.7676496125987050e-12
   23.500000   1.99181073  8.7663948272983097e-12
   23.500000   2.05658157  8.7649659652193927e-12
   23.500000   2.12135212  8.7633791322214455e-12
   23.500000   2.18612229  8.7616551133835816e-12
   23.500000   2.25089198  8.7598166455390293e-12
   23.500000   2.31566107  8.7578920678373699e-12
   23.500000   2.38042940  8.7559089679569596e-12
   23.500000   2.44519674  8.7539012674781571e-12
   23.500000   2.50996278  8.7519029913428315e-12
   23.500000   2.57472706  8.7499510648964692e-12
   23.500000   2.63948889  8.7480833638248787e-12
   23.500000   2.70424717  8.7463356583675135e-12
   23.500000   2.76900006  8.7447456459549977e-12
   23.500000   2.83374417  8.7433480065955948e-12
   23.500000   2.89847256  8.7421729903931916e-12
   23.500000   2.96316844  8.7412465544244576e-12
   23.500000   3.02777863  8.7405914036356810e-12
   23.500000   3.09200950  8.7402215091895054e-12
   24.000000   0.04958315  6.4861810316164803e-12
   24.000000   0.11381403  6.4863988637042644e-12
   24.000000   0.17842421  6.4867854884697306e-12
   24.000000   0.24312010  6.4873315405856233e-12
   24.000000   0.30784849  6.4880248852424666e-12
   24.000000   0.37259260  6.4888487721381032e-12
   24.000000   0.43734549  6.4897863989589733e-12
   24.000000   0.50210377  6.4908160033242645e-12
   24.000000   0.56686560  6.4919173544409786e-12
   24.000000   0.63162987  6.4930685767474916e-12
   24.000000   0.69639591  6.4942471646152152e-12
   24.000000   0.76116325  6.4954310739122229e-12
   24.000000   0.82593158  6.4966003040147071e-12
   24.000000   0.89070068  6.4977355684895159e-12
   24.000000   0.95547037  6.4988194170729243e-12
   24.000000   1.02024053  6.4998360943104361e-12
   24.000000   1.08501108  6.5007717431511673e-12
   24.000000   1.14978193  6.5016149167483671e-12
   24.000000   1.21455301  6.5023542680553394e-12
   24.000000   1.27932429  6.5029824031054771e-12
   24.000000   1.34409571  6.5034926332558588e-12
   24.000000   1.40886724  6.5038800288583274e-12
   24.000000   1.47363885  6.5041392078896335e-12
   24.000000   1.53841049  6.5042700214014014e-12
   24.000000   1.60318216  6.5042705135390604e-12
   24.000000   1.66795381  6.5041400956671123e-12
   24.000000   1.73272541  6.5038801913503865e-12
   24.000000   1.79749694  6.5034927843755076e-12
   24.000000   1.86226837  6.5029822958380047e-12
   24.000000   1.92703964  6.5023544817010990e-12
   24.000000   1.99181073  6.5016146167017056e-12
   24.000000   2.05658157  6.5007714573177022e-12
   24.000000   2.12135212  6.4998362689294832e-12
   24.000000   2.18612229  6.4988189409019497e-12
   24.000000   2.25089198  6.4977352017290141e-12
   24.000000   2.31566107  6.4966009454848445e-12
   24.000000   2.38042940  6.4954307515608421e-12
   24.000000   2.44519674  6.4942468686086766e-12
   24.000000   2.50996278  6.4930681934945691e-12
   24.000000   2.57472706  6.4919177378373200e-12
   24.000000   2.63948889  6.4908165321694882e-12
   24.000000   2.70424717  6.4897857007164756e-12
   24.000000   2.76900006  6.4888479514345814e-12
   24.000000   2.83374417  6.4880244492182459e-12
   24.000000   2.89847256  6.4873313542391617e-12
   24.000000   2.96316844  6.4867856065965270e-12
   24.000000   3.02777863  6.4863990477158326e-12
   24.000000   3.09200950  6.4861811753571158e-12
   24.500000   0.04958315  4.8140112295835704e-12
   24.500000   0.11381403  4.8141395352915809e-12
   24.500000   0.17842421  4.8143665987446883e-12
   24.500000   0.24312010  4.8146886530557865e-12
   24.500000   0.30784849  4.8150967964093141e-12
   24.500000   0.37259260  4.8155827896645822e-12
   24.500000   0.43734549  4.8161358515910081e-12
   24.500000   0.50210377  4.8167423161957126e-12
   24.500000   0.56686560  4.8173917566079203e-12
   24.500000   0.63162987  4.8180699799249767e-12
   24.500000   0.69639591  4.8187645557322576e-12
   24.500000   0.76116325  4.8194614284794070e-12
   24.500000   0.82593158  4.8201508516510136e-12
   24.500000   0.89070068  4.8208207834033946e-12
   24.500000   0.95547037  4.8214589256599800e-12
   24.500000   1.02024053  4.8220577838716184e-12
   24.500000   1.08501108  4.8226096205035374e-12
   24.500000   1.14978193  4.8231063001869621e-12
   24.500000   1.21455301  4.8235431570338916e-12
   24.500000   1.27932429  4.8239128705551379e-12
   24.500000   1.34409571  4.8242129504243951e-12
   24.500000   1.40886724  4.8244417310861584e-12
   24.500000   1.47363885  4.8245941069625788e-12
   24.500000   1.53841049  4.8246714718379110e-12
   24.500000   1.60318216  4.8246715562019033e-12
   24.500000   1.66795381  4.8245948348158321e-12
   24.500000   1.73272541  4.8244415212343548e-12
   24.500000   1.79749694  4.8242138803541514e-12
   24.500000   1.86226837  4.8239128490109071e-12
   24.500000   1.92703964  4.8235421277252478e-12
   24.500000   1.99181073  4.8231070967634195e-12
   24.500000   2.05658157  4.8226097016050794e-12
   24.500000   2.12135212  4.8220580176812730e-12
   24.500000   2.18612229  4.8214592637025287e-12
   24.500000   2.25089198  4.8208193322499130e-12
   24.500000   2.31566107  4.8201508126207000e-12
   24.500000   2.38042940  4.8194619828981859e-12
   24.500000   2.44519674  4.8187641957352223e-12
   24.500000   2.50996278  4.8180693711698819e-12
   24.500000   2.57472706  4.8173915140053722e-12
   24.500000   2.63948889  4.8167420945426088e-12
   24.500000   2.70424717  4.8161346795652921e-12
   24.500000   2.76900006  4.8155832809328453e-12
   24.500000   2.83374417  4.8150970989176635e-12
   24.500000   2.89847256  4.8146884768919716e-12
   24.500000   2.96316844  4.8143664251420167e-12
   24.500000   3.02777863  4.8141394270534944e-12
   24.500000   3.09200950  4.8140105199787987e-12
   25.000000   0.04958315  3.5735241383399820e-12
   25.000000   0.11381403  3.5735993172327228e-12
   25.000000   0.17842421  3.5737342046917062e-12
   25.000000   0.24312010  3.5739244149877222e-12
   25.000000   0.30784849  3.5741635042602009e-12
   25.000000   0.37259260  3.5744498862253114e-12
   25.000000   0.43734549  3.5747750408842699e-12
   25.000000   0.50210377  3.5751329738437158e-12
   25.000000   0.56686560  3.5755155659551782e-12
   25.000000   0.63162987  3.5759144812532225e-12
   25.000000   0.69639591  3.5763238627435292e-12
   25.000000   0.76116325  3.5767346963707719e-12
   25.000000   0.82593158  3.5771395176974900e-12
   25.000000   0.89070068  3.5775341721275891e-12
   25.000000   0.95547037  3.5779101239213445e-12
   25.000000   1.02024053  3.5782625321150716e-12
   25.000000   1.08501108  3.5785878380778208e-12
   25.000000   1.14978193  3.5788795154445593e-12
   25.000000   1.21455301  3.5791365037130874e-12
   25.000000   1.27932429  3.5793544817537902e-12
   25.000000   1.34409571  3.5795315025457928e-12
   25.000000   1.40886724  3.5796660623342545e-12
   25.000000   1.47363885  3.5797555969439541e-12
   25.000000   1.53841049  3.5798017016624468e-12
   25.000000   1.60318216  3.5798012384416947e-12
   25.000000   1.66795381  3.5797561764693348e-12
   25.000000   1.73272541  3.5796659893573124e-12
   25.000000   1.79749694  3.5795319938476735e-12
   25.000000   1.86226837  3.5793542253289546e-12
   25.000000   1.92703964  3.5791367771243765e-12
   25.000000   1.99181073  3.5788801958619417e-12
   25.000000   2.05658157  3.5785874282588765e-12
   25.000000   2.12135212  3.5782629849444718e-12
   25.000000   2.18612229  3.5779104008887703e-12
   25.000000   2.25089198  3.5775336936352686e-12
   25.000000   2.31566107  3.5771409861714474e-12
   25.000000   2.38042940  3.5767344384875143e-12
   25.000000   2.44519674  3.5763231519970176e-12
   25.000000   2.50996278  3.5759150202325606e-12
   25.000000   2.57472706  3.5755154248912139e-12
   25.000000   2.63948889  3.5751329079095002e-12
   25.000000   2.70424717  3.5747751267889092e-12
   25.000000   2.76900006  3.5744502621280956e-12
   25.000000   2.83374417  3.5741636842167742e-12
   25.000000   2.89847256  3.5739231592072811e-12
   25.000000   2.96316844  3.5737339099866099e-12
   25.000000   3.02777863  3.5735998649552073e-12
   25.000000   3.09200950  3.5735239237794015e-12
