# R_ang  theta_rad  Veff_hartree
    1.500000   0.04958315  6.8820809615277471e+02
    1.500000   0.11381403  3.8475775992910332e+02
    1.500000   0.17842421  1.5458170917540161e+02
    1.500000   0.24312010  5.0883394988585991e+01
    1.500000   0.30784849  1.5218423776287263e+01
    1.500000   0.37259260  4.6592405160016872e+00
    1.500000   0.43734549  1.7986557001344867e+00
    1.500000   0.50210377  1.0351441772062915e+00
    1.500000   0.56686560  7.8344746197987947e-01
    1.500000   0.63162987  6.4326824309438335e-01
    1.500000   0.69639591  5.2966021745570391e-01
    1.500000   0.76116325  4.3081623606389180e-01
    1.500000   0.82593158  3.4717078542180380e-01
    1.500000   0.89070068  2.7882768375916478e-01
    1.500000   0.95547037  2.2438077990958138e-01
    1.500000   1.02024053  1.8168168162772239e-01
    1.500000   1.08501108  1.4851037480297655e-01
    1.500000   1.14978193  1.2291145294735252e-01
    1.500000   1.21455301  1.0330230330427012e-01
    1.500000   1.27932429  8.8467040006326589e-02
    1.500000   1.34409571  7.7506343765575761e-02
    1.500000   1.40886724  6.9778748807145893e-02
    1.500000   1.47363885  6.4848852237612317e-02
    1.500000   1.53841049  6.2447905479677886e-02
    1.500000   1.60318216  6.2447904943507021e-02
    1.500000   1.66795381  6.4848850726371421e-02
    1.500000   1.73272541  6.9778746649122786e-02
    1.500000   1.79749694  7.7506341640560833e-02
    1.500000   1.86226837  8.8467039187028099e-02
    1.500000   1.92703964  1.0330230609479629e-01
    1.500000   1.99181073  1.2291146346246544e-01
    1.500000   2.05658157  1.4851040035574470e-01
    1.500000   2.12135212  1.8168173522841483e-01
    1.500000   2.18612229  2.2438088483655347e-01
    1.500000   2.25089198  2.7882788207573350e-01
    1.500000   2.31566107  3.4717115417945804e-01
    1.500000   2.38042940  4.3081691884404999e-01
    1.500000   2.44519674  5.2966148732051610e-01
    1.500000   2.50996278  6.4327063161599152e-01
    1.500000   2.57472706  7.8345203115176876e-01
    1.500000   2.63948889  1.0351531084470247e+00
    1.500000   2.70424717  1.7986736016867240e+00
    1.500000   2.76900006  4.6592773684107271e+00
    1.500000   2.83374417  1.5218501502284784e+01
    1.500000   2.89847256  5.0883561027766554e+01
    1.500000   2.96316844  1.5458205736755883e+02
    1.500000   3.02777863  3.8475842829057740e+02
    1.500000   3.09200950  6.8820913567201740e+02
    1.550000   0.04958315  2.4651726904916865e+02
    1.550000   0.11381403  1.5076726970309048e+02
    1.550000   0.17842421  6.8297322623252555e+01
    1.550000   0.24312010  2.5457218449102729e+01
    1.550000   0.30784849  8.6863224050433914e+00
    1.550000   0.37259260  3.1332713092887783e+00
    1.550000   0.43734549  1.4522576757001353e+00
    1.550000   0.50210377  9.2959438069401712e-01
    1.550000   0.56686560  7.1652169826425471e-01
    1.550000   0.63162987  5.8187854384220095e-01
    1.550000   0.69639591  4.7293520927256805e-01
    1.550000   0.76116325  3.8090205443993336e-01
    1.550000   0.82593158  3.0475540667476392e-01
    1.550000   0.89070068  2.4340723860245328e-01
    1.550000   0.95547037  1.9494790652278085e-01
    1.550000   1.02024053  1.5714656456251017e-01
    1.550000   1.08501108  1.2788475782766329e-01
    1.550000   1.14978193  1.0536202791799580e-01
    1.550000   1.21455301  8.8145712024010739e-02
    1.550000   1.27932429  7.5144240995420400e-02
    1.550000   1.34409571  6.5553365202375855e-02
    1.550000   1.40886724  5.8800289834861519e-02
    1.550000   1.47363885  5.4496330769389721e-02
    1.550000   1.53841049  5.2401517584307250e-02
    1.550000   1.60318216  5.2401517185099000e-02
    1.550000   1.66795381  5.4496329646675043e-02
    1.550000   1.73272541  5.8800288241721510e-02
    1.550000   1.79749694  6.5553363663668818e-02
    1.550000   1.86226837  7.5144240495160108e-02
    1.550000   1.92703964  8.8145714345207765e-02
    1.550000   1.99181073  1.0536203624519121e-01
    1.550000   2.05658157  1.2788477781638077e-01
    1.550000   2.12135212  1.5714660625635624e-01
    1.550000   2.18612229  1.9494798783862566e-01
    1.550000   2.25089198  2.4340739177130621e-01
    1.550000   2.31566107  3.0475569036350308e-01
    1.550000   2.38042940  3.8090257701453417e-01
    1.550000   2.44519674  4.7293617436647878e-01
    1.550000   2.50996278  5.8188034148086143e-01
    1.550000   2.57472706  7.1652509070150483e-01
    1.550000   2.63948889  9.2960088757546044e-01
    1.550000   2.70424717  1.4522703787384996e+00
    1.550000   2.76900006  3.1332965163968822e+00
    1.550000   2.83374417  8.6863729196012773e+00
    1.550000   2.89847256  2.5457319050803065e+01
    1.550000   2.96316844  6.8297515127387840e+01
    1.550000   3.02777863  1.5076760247028420e+02
    1.550000   3.09200950  2.4651774385032959e+02
    1.600000   0.04958315  9.5934642387970726e+01
    1.600000   0.11381403  6.2805926426694420e+01
    1.600000   0.17842421  3.1417825690394157e+01
    1.600000   0.24312010  1.3154236905615271e+01
    1.600000   0.30784849  5.1594043733702479e+00
    1.600000   0.37259260  2.2112118211823257e+00
    1.600000   0.43734549  1.2026625587774646e+00
    1.600000   0.50210377  8.3066595312906510e-01
    1.600000   0.56686560  6.4729339866036950e-01
    1.600000   0.63162987  5.2095804123450984e-01
    1.600000   0.69639591  4.1902656917657127e-01
    1.600000   0.76116325  3.3473009451845387e-01
    1.600000   0.82593158  2.6616388938368279e-01
    1.600000   0.89070068  2.1153167314264540e-01
    1.600000   0.95547037  1.6867544202841434e-01
    1.600000   1.02024053  1.3539335098476551e-01
    1.600000   1.08501108  1.0970875254962134e-01
    1.600000   1.14978193  8.9985401141537344e-02
    1.600000   1.21455301  7.4938160921933450e-02
    1.600000   1.27932429  6.3594099475303728e-02
    1.600000   1.34409571  5.5238415327318123e-02
    1.600000   1.40886724  4.9362496301664345e-02
    1.600000   1.47363885  4.5621200755170503e-02
    1.600000   1.53841049  4.3801355457246373e-02
    1.600000   1.60318216  4.3801355164678084e-02
    1.600000   1.66795381  4.5621199934971629e-02
    1.600000   1.73272541  4.9362495148290629e-02
    1.600000   1.79749694  5.5238414244545793e-02
    1.600000   1.86226837  6.3594099220939157e-02
    1.600000   1.92703964  7.4938162869755645e-02
    1.600000   1.99181073  8.9985407744462051e-02
    1.600000   2.05658157  1.0970876815860627e-01
    1.600000   2.12135212  1.3539338330919024e-01
    1.600000   2.18612229  1.6867550477272414e-01
    1.600000   2.25089198  2.1153179083524168e-01
    1.600000   2.31566107  2.6616410635843019e-01
    1.600000   2.38042940  3.3473049188941462e-01
    1.600000   2.44519674  4.1902729743191292e-01
    1.600000   2.50996278  5.2095938373907602e-01
    1.600000   2.57472706  6.4729589678786081e-01
    1.600000   2.63948889  8.3067065398026041e-01
    1.600000   2.70424717  1.2026715013078795e+00
    1.600000   2.76900006  2.2112289565049781e+00
    1.600000   2.83374417  5.1594371466125359e+00
    1.600000   2.89847256  1.3154298335810156e+01
    1.600000   2.96316844  3.1417934868966050e+01
    1.600000   3.02777863  6.2806100992392132e+01
    1.600000   3.09200950  9.5934877024367637e+01
    1.650000   0.04958315  4.0215993111124575e+01
    1.650000   0.11381403  2.7845127859939069e+01
    1.650000   0.17842421  1.5219659002573565e+01
    1.650000   0.24312010  7.1526685244551391e+00
    1.650000   0.30784849  3.2490261784494026e+00
    1.650000   0.37259260  1.6443201185222207e+00
    1.650000   0.43734549  1.0153326524889670e+00
    1.650000   0.50210377  7.3828044420570926e-01
    1.650000   0.56686560  5.7875692241940280e-01
    1.650000   0.63162987  4.6238888937364542e-01
    1.650000   0.69639591  3.6880605949121020e-01
    1.650000   0.76116325  2.9260931158178571e-01
    1.650000   0.82593158  2.3142800435439889e-01
    1.650000   0.89070068  1.8310325561760221e-01
    1.650000   0.95547037  1.4540773026908060e-01
    1.650000   1.02024053  1.1624235578837688e-01
    1.650000   1.08501108  9.3794500319896598e-02
    1.650000   1.14978193  7.6592805648923915e-02
    1.650000   1.21455301  6.3493107157856610e-02
    1.650000   1.27932429  5.3633393010609896e-02
    1.650000   1.34409571  4.6381646460013540e-02
    1.650000   1.40886724  4.1288390443672732e-02
    1.650000   1.47363885  3.8048537592363152e-02
    1.650000   1.53841049  3.6473559607268287e-02
    1.650000   1.60318216  3.6473559396942558e-02
    1.650000   1.66795381  3.8048537005400347e-02
    1.650000   1.73272541  4.1288389629017784e-02
    1.650000   1.79749694  4.6381645727245215e-02
    1.650000   1.86226837  5.3633392941178915e-02
    1.650000   1.92703964  6.3493108805996235e-02
    1.650000   1.99181073  7.6592810895785388e-02
    1.650000   2.05658157  9.3794512497011109e-02
    1.650000   2.12135212  1.1624238078318042e-01
    1.650000   2.18612229  1.4540777850604358e-01
    1.650000   2.25089198  1.8310334565162686e-01
    1.650000   2.31566107  2.3142816947133837e-01
    1.650000   2.38042940  2.9260961207377933e-01
    1.650000   2.44519674  3.6880660574180490e-01
    1.650000   2.50996278  4.6238988563679057e-01
    1.650000   2.57472706  5.7875875009121258e-01
    1.650000   2.63948889  7.3828381911349528e-01
    1.650000   2.70424717  1.0153389144461638e+00
    1.650000   2.76900006  1.6443317317693722e+00
    1.650000   2.83374417  3.2490474765276232e+00
    1.650000   2.89847256  7.1527064209748055e+00
    1.650000   2.96316844  1.5219722439292704e+01
    1.650000   3.02777863  2.7845223434684236e+01
    1.650000   3.09200950  4.0216116153078573e+01
    1.700000   0.04958315  1.8165987460997066e+01
    1.700000   0.11381403  1.3229570884839958e+01
    1.700000   0.17842421  7.8758116216418914e+00
    1.700000   0.24312010  4.1657904479203411e+00
    1.700000   0.30784849  2.1913206471269637e+00
    1.700000   0.37259260  1.2812794810444803e+00
    1.700000   0.43734549  8.6781578946549032e-01
    1.700000   0.50210377  6.5241489477384007e-01
    1.700000   0.56686560  5.1293640945561969e-01
    1.700000   0.63162987  4.0736421429525022e-01
    1.700000   0.69639591  3.2272998683644988e-01
    1.700000   0.76116325  2.5460114097754594e-01
    1.700000   0.82593158  2.0043004801109177e-01
    1.700000   0.89070068  1.5793317188454353e-01
    1.700000   0.95547037  1.2493399555244379e-01
    1.700000   1.02024053  9.9481682304163835e-02
    1.700000   1.08501108  7.9936982868140147e-02
    1.700000   1.14978193  6.4988478743940759e-02
    1.700000   1.21455301  5.3624025592637535e-02
    1.700000   1.27932429  4.5083816854134789e-02
    1.700000   1.34409571  3.8811542438281825e-02
    1.700000   1.40886724  3.4411635119184554e-02
    1.700000   1.47363885  3.1615490748730879e-02
    1.700000   1.53841049  3.0257032030232833e-02
    1.700000   1.60318216  3.0257031882705326e-02
    1.700000   1.66795381  3.1615490339742362e-02
    1.700000   1.73272541  3.4411634562481551e-02
    1.700000   1.79749694  3.8811541970466976e-02
    1.700000   1.86226837  4.5083816919804606e-02
    1.700000   1.92703964  5.3624026997790189e-02
    1.700000   1.99181073  6.4988482925450328e-02
    1.700000   2.05658157  7.9936992365984186e-02
    1.700000   2.12135212  9.9481701593705049e-02
    1.700000   2.18612229  1.2493403252418868e-01
    1.700000   2.25089198  1.5793324050101887e-01
    1.700000   2.31566107  2.0043017312405098e-01
    1.700000   2.38042940  2.5460136713876586e-01
    1.700000   2.44519674  3.2273039451722746e-01
    1.700000   2.50996278  4.0736494980919813e-01
    1.700000   2.57472706  5.1293773986832492e-01
    1.700000   2.63948889  6.5241730680289889e-01
    1.700000   2.70424717  8.6782016009375806e-01
    1.700000   2.76900006  1.2812873457989804e+00
    1.700000   2.83374417  2.1913345397311286e+00
    1.700000   2.89847256  4.1658140887404373e+00
    1.700000   2.96316844  7.8758493029757650e+00
    1.700000   3.02777863  1.3229625087266998e+01
    1.700000   3.09200950  1.8166055026867578e+01
    1.750000   0.04958315  8.9098963123217931e+00
    1.750000   0.11381403  6.8143398318659454e+00
    1.750000   0.17842421  4.4183405010727803e+00
    1.750000   0.24312010  2.6285480224290843e+00
    1.750000   0.30784849  1.5804583319034995e+00
    1.750000   0.37259260  1.0346615842070448e+00
    1.750000   0.43734549  7.4648608436689556e-01
    1.750000   0.50210377  5.7314686075319854e-01
    1.750000   0.56686560  4.5113168494143113e-01
    1.750000   0.63162987  3.5656948012314982e-01
    1.750000   0.69639591  2.8096340441274209e-01
    1.750000   0.76116325  2.2060457194527111e-01
    1.750000   0.82593158  1.7296114947500851e-01
    1.750000   0.89070068  1.3578152911198829e-01
    1.750000   0.95547037  1.0701590165505470e-01
    1.750000   1.02024053  8.4886331145121410e-02
    1.750000   1.08501108  6.7927356625830507e-02
    1.750000   1.14978193  5.4978999973972438e-02
    1.750000   1.21455301  4.5150940309458765e-02
    1.750000   1.27932429  3.7776524702529291e-02
    1.750000   1.34409571  3.2368051875972442e-02
    1.750000   1.40886724  2.8578701702311988e-02
    1.750000   1.47363885  2.6172845322263692e-02
    1.750000   1.53841049  2.5004704709706810e-02
    1.750000   1.60318216  2.5004704609616814e-02
    1.750000   1.66795381  2.6172845047565649e-02
    1.750000   1.73272541  2.8578701339627963e-02
    1.750000   1.79749694  3.2368051605584917e-02
    1.750000   1.86226837  3.7776524863288578e-02
    1.750000   1.92703964  4.5150941515428970e-02
    1.750000   1.99181073  5.4979003318590451e-02
    1.750000   2.05658157  6.7927364037941126e-02
    1.750000   2.12135212  8.4886346012495326e-02
    1.750000   2.18612229  1.0701592992393237e-01
    1.750000   2.25089198  1.3578158124072415e-01
    1.750000   2.31566107  1.7296124392928061e-01
    1.750000   2.38042940  2.2060474148321868e-01
    1.750000   2.44519674  2.8096370740693305e-01
    1.750000   2.50996278  3.5657002087487188e-01
    1.750000   2.57472706  4.5113264963552496e-01
    1.750000   2.63948889  5.7314857918933315e-01
    1.750000   2.70424717  7.4648912964646019e-01
    1.750000   2.76900006  1.0346669146266410e+00
    1.750000   2.83374417  1.5804674388385151e+00
    1.750000   2.89847256  2.6285629368596064e+00
    1.750000   2.96316844  4.4183633305471082e+00
    1.750000   3.02777863  6.8143714847568413e+00
    1.750000   3.09200950  8.9099348020502553e+00
    1.800000   0.04958315  4.7967486271784177e+00
    1.800000   0.11381403  3.8495478815789252e+00
    1.800000   0.17842421  2.7119049968615432e+00
    1.800000   0.24312010  1.7969251084325799e+00
    1.800000   0.30784849  1.2052388340798168e+00
    1.800000   0.37259260  8.5567011935129544e-01
    1.800000   0.43734549  6.4344169145883245e-01
    1.800000   0.50210377  5.0057306318245998e-01
    1.800000   0.56686560  3.9410514674884062e-01
    1.800000   0.63162987  3.1032511173158128e-01
    1.800000   0.69639591  2.4347329116514382e-01
    1.800000   0.76116325  1.9041720503532206e-01
    1.800000   0.82593158  1.4876203800756066e-01
    1.800000   0.89070068  1.1638499131377403e-01
    1.800000   0.95547037  9.1406495432171928e-02
    1.800000   1.02024053  7.2231284928761283e-02
    1.800000   1.08501108  5.7562018249255095e-02
    1.800000   1.14978193  4.6379550260734766e-02
    1.800000   1.21455301  3.7904693646816187e-02
    1.800000   1.27932429  3.1554974550878100e-02
    1.800000   1.34409571  2.6904422291289368e-02
    1.800000   1.40886724  2.3650008239765603e-02
    1.800000   1.47363885  2.1585722546134181e-02
    1.800000   1.53841049  2.0584028531443650e-02
    1.800000   1.60318216  2.0584028466759847e-02
    1.800000   1.66795381  2.1585722371497300e-02
    1.800000   1.73272541  2.3650008020965202e-02
    1.800000   1.79749694  2.6904422165301773e-02
    1.800000   1.86226837  3.1554974775163301e-02
    1.800000   1.92703964  3.7904694687673185e-02
    1.800000   1.99181073  4.6379552947359459e-02
    1.800000   2.05658157  5.7562024041057938e-02
    1.800000   2.12135212  7.2231296380463314e-02
    1.800000   2.18612229  9.1406517007140337e-02
    1.800000   2.25089198  1.1638503081379947e-01
    1.800000   2.31566107  1.4876210909645671e-01
    1.800000   2.38042940  1.9041733169978037e-01
    1.800000   2.44519674  2.4347351557722660e-01
    1.800000   2.50996278  3.1032550796810127e-01
    1.800000   2.57472706  3.9410584421135264e-01
    1.800000   2.63948889  5.0057428491932698e-01
    1.800000   2.70424717  6.4344381201409895e-01
    1.800000   2.76900006  8.5567373871854646e-01
    1.800000   2.83374417  1.2052448371792124e+00
    1.800000   2.89847256  1.7969346203014638e+00
    1.800000   2.96316844  2.7119190733510696e+00
    1.800000   3.02777863  3.8495668267211332e+00
    1.800000   3.09200950  4.7967712179092299e+00
    1.850000   0.04958315  2.8535234550404200e+00
    1.850000   0.11381403  2.3950721242727759e+00
    1.850000   0.17842421  1.8170076578054060e+00
    1.850000   0.24312010  1.3157446428982227e+00
    1.850000   0.30784849  9.5697210718317061e-01
    1.850000   0.37259260  7.1765146343899178e-01
    1.850000   0.43734549  5.5419590441686228e-01
    1.850000   0.50210377  4.3472567475029350e-01
    1.850000   0.56686560  3.4222495643069017e-01
    1.850000   0.63162987  2.6869564020809816e-01
    1.850000   0.69639591  2.1009683508503380e-01
    1.850000   0.76116325  1.6377800910584939e-01
    1.850000   0.82593158  1.2755067540841442e-01
    1.850000   0.89070068  9.9475139356268366e-02
    1.850000   0.95547037  7.7862625828599388e-02
    1.850000   1.02024053  6.1299974930582278e-02
    1.850000   1.08501108  4.8648361011846490e-02
    1.850000   1.14978193  3.9017764402338728e-02
    1.850000   1.21455301  3.1729437981622699e-02
    1.850000   1.27932429  2.6276440705362950e-02
    1.850000   1.34409571  2.2288012334460421e-02
    1.850000   1.40886724  1.9500249070513592e-02
    1.850000   1.47363885  1.7733605624095709e-02
    1.850000   1.53841049  1.6876852217244189e-02
    1.850000   1.60318216  1.6876852178621275e-02
    1.850000   1.66795381  1.7733605522930702e-02
    1.850000   1.73272541  1.9500248956647714e-02
    1.850000   1.79749694  2.2288012311682065e-02
    1.850000   1.86226837  2.6276440968719183e-02
    1.850000   1.92703964  3.1729438884103262e-02
    1.850000   1.99181073  3.9017766570701426e-02
    1.850000   2.05658157  4.8648365546565819e-02
    1.850000   2.12135212  6.1299983751439698e-02
    1.850000   2.18612229  7.7862642273928390e-02
    1.850000   2.25089198  9.9475169225121868e-02
    1.850000   2.31566107  1.2755072877521254e-01
    1.850000   2.38042940  1.6377810347345614e-01
    1.850000   2.44519674  2.1009700082277907e-01
    1.850000   2.50996278  2.6869592978079354e-01
    1.850000   2.57472706  3.4222545959578510e-01
    1.850000   2.63948889  4.3472654225279034e-01
    1.850000   2.70424717  5.5419738135903429e-01
    1.850000   2.76900006  7.1765392712669451e-01
    1.850000   2.83374417  9.5697608730592065e-01
    1.850000   2.89847256  1.3157507716399859e+00
    1.850000   2.96316844  1.8170164734108325e+00
    1.850000   3.02777863  2.3950837028366978e+00
    1.850000   3.09200950  2.8535370458929972e+00
    1.900000   0.04958315  1.8676524248774284e+00
    1.900000   0.11381403  1.6280619046260361e+00
    1.900000   0.17842421  1.3107908020944339e+00
    1.900000   0.24312010  1.0140869072542240e+00
    1.900000   0.30784849  7.7991725765028452e-01
    1.900000   0.37259260  6.0616670608041812e-01
    1.900000   0.43734549  4.7616578724845032e-01
    1.900000   0.50210377  3.7552446269121154e-01
    1.900000   0.56686560  2.9557536121926703e-01
    1.900000   0.63162987  2.3157157162328038e-01
    1.900000   0.69639591  1.8059055845440683e-01
    1.900000   0.76116325  1.4039663388211701e-01
    1.900000   0.82593158  1.0904042078425466e-01
    1.900000   0.89070068  8.4790153355141881e-02
    1.900000   0.95547037  6.6152630989070191e-02
    1.900000   1.02024053  5.1889365016008396e-02
    1.900000   1.08501108  4.1008085423120941e-02
    1.900000   1.14978193  3.2735794030318309e-02
    1.900000   1.21455301  2.6483802834471305e-02
    1.900000   1.27932429  2.1812532939539667e-02
    1.900000   1.34409571  1.8400346798204580e-02
    1.900000   1.40886724  1.6018129337843336e-02
    1.900000   1.47363885  1.4509872478660459e-02
    1.900000   1.53841049  1.3778857536052775e-02
    1.900000   1.60318216  1.3778857516292884e-02
    1.900000   1.66795381  1.4509872430493577e-02
    1.900000   1.73272541  1.6018129298936881e-02
    1.900000   1.79749694  1.8400346846996991e-02
    1.900000   1.86226837  2.1812533223382762e-02
    1.900000   1.92703964  2.6483803619787721e-02
    1.900000   1.99181073  3.2735795789383682e-02
    1.900000   2.05658157  4.1008088983108065e-02
    1.900000   2.12135212  5.1889371814886787e-02
    1.900000   2.18612229  6.6152643515585099e-02
    1.900000   2.25089198  8.4790175905830045e-02
    1.900000   2.31566107  1.0904046076386122e-01
    1.900000   2.38042940  1.4039670402498822e-01
    1.900000   2.44519674  1.8059068057391794e-01
    1.900000   2.50996278  2.3157178280242843e-01
    1.900000   2.57472706  2.9557572364587548e-01
    1.900000   2.63948889  3.7552507826580567e-01
    1.900000   2.70424717  4.7616681672203448e-01
    1.900000   2.76900006  6.0616838793667716e-01
    1.900000   2.83374417  7.7991991182917608e-01
    1.900000   2.89847256  1.0140908939015378e+00
    1.900000   2.96316844  1.3107963996118954e+00
    1.900000   3.02777863  1.6280691086967574e+00
    1.900000   3.09200950  1.8676607726190451e+00
    1.950000   0.04958315  1.3238239277245869e+00
    1.950000   0.11381403  1.1877041331358014e+00
    1.950000   0.17842421  9.9862498754530515e-01
    1.950000   0.24312010  8.0873064560532715e-01
    1.950000   0.30784849  6.4534655017510767e-01
    1.950000   0.37259260  5.1332033951766132e-01
    1.950000   0.43734549  4.0776537944782371e-01
    1.950000   0.50210377  3.2276512418824904e-01
    1.950000   0.56686560  2.5404176958712443e-01
    1.950000   0.63162987  1.9872989747787639e-01
    1.950000   0.69639591  1.5466514227916719e-01
    1.950000   0.76116325  1.1997310877218645e-01
    1.950000   0.82593158  9.2951568686391192e-02
    1.950000   0.89070068  7.2081842257028336e-02
    1.950000   0.95547037  5.6060713771921879e-02
    1.950000   1.02024053  4.3812651130157608e-02
    1.950000   1.08501108  3.4478775296382339e-02
    1.950000   1.14978193  2.7391097826225376e-02
    1.950000   1.21455301  2.2041121313520241e-02
    1.950000   1.27932429  1.8049015071915985e-02
    1.950000   1.34409571  1.5136643154780692e-02
    1.950000   1.40886724  1.3105690153971960e-02
    1.950000   1.47363885  1.1820994381932065e-02
    1.950000   1.53841049  1.1198696859820638e-02
    1.950000   1.60318216  1.1198696853430612e-02
    1.950000   1.66795381  1.1820994371141785e-02
    1.950000   1.73272541  1.3105690167185453e-02
    1.950000   1.79749694  1.5136643251133309e-02
    1.950000   1.86226837  1.8049015362430532e-02
    1.950000   1.92703964  2.2041121998711600e-02
    1.950000   1.99181073  2.7391099260912630e-02
    1.950000   2.05658157  3.4478778100432442e-02
    1.950000   2.12135212  4.3812656377379133e-02
    1.950000   2.18612229  5.6060723312116326e-02
    1.950000   2.25089198  7.2081859264244319e-02
    1.950000   2.31566107  9.2951598588216736e-02
    1.950000   2.38042940  1.1997316081066230e-01
    1.950000   2.44519674  1.5466523208996516e-01
    1.950000   2.50996278  1.9873005123452669e-01
    1.950000   2.57472706  2.5404203035506556e-01
    1.950000   2.63948889  3.2276556091092190e-01
    1.950000   2.70424717  4.0776609785370482e-01
    1.950000   2.76900006  5.1332149118219039e-01
    1.950000   2.83374417  6.4534833010626558e-01
    1.950000   2.89847256  8.0873326165108517e-01
    1.950000   2.96316844  9.9862858538490273e-01
    1.950000   3.02777863  1.1877086851032845e+00
    1.950000   3.09200950  1.3238291461130705e+00
    2.000000   0.04958315  9.9491524737118842e-01
    2.000000   0.11381403  9.1081163717706604e-01
    2.000000   0.17842421  7.8880439807988800e-01
    2.000000   0.24312010  6.5845767075465922e-01
    2.000000   0.30784849  5.3820501935866749e-01
    2.000000   0.37259260  4.3464138894149534e-01
    2.000000   0.43734549  3.4789943559000891e-01
    2.000000   0.50210377  2.7613223945252863e-01
    2.000000   0.56686560  2.1737607595603656e-01
    2.000000   0.63162987  1.6987829668965701e-01
    2.000000   0.69639591  1.3200979194537868e-01
    2.000000   0.76116325  1.0221079788213348e-01
    2.000000   0.82593158  7.9018354477788905e-02
    2.000000   0.89070068  6.1119520178349186e-02
    2.000000   0.95547037  4.7389072904160584e-02
    2.000000   1.02024053  3.6900339803211460e-02
    2.000000   1.08501108  2.8914292540355383e-02
    2.000000   1.14978193  2.2856366906325313e-02
    2.000000   1.21455301  1.8289022446700044e-02
    2.000000   1.27932429  1.4885158252050057e-02
    2.000000   1.34409571  1.2404994913703475e-02
    2.000000   1.40886724  1.0677375609790854e-02
    2.000000   1.47363885  9.5855303117429059e-03
    2.000000   1.53841049  9.0569526036323091e-03
    2.000000   1.60318216  9.0569526064582170e-03
    2.000000   1.66795381  9.5855303265279922e-03
    2.000000   1.73272541  1.0677375657910116e-02
    2.000000   1.79749694  1.2404995039636471e-02
    2.000000   1.86226837  1.4885158539235742e-02
    2.000000   1.92703964  1.8289023045639001e-02
    2.000000   1.99181073  2.2856368082834377e-02
    2.000000   2.05658157  2.8914294757608473e-02
    2.000000   2.12135212  3.6900343860770644e-02
    2.000000   2.18612229  4.7389080173064757e-02
    2.000000   2.25089198  6.1119532997165722e-02
    2.000000   2.31566107  7.9018376815143412e-02
    2.000000   2.38042940  1.0221083643129827e-01
    2.000000   2.44519674  1.3200985789548228e-01
    2.000000   2.50996278  1.6987840849649252e-01
    2.000000   2.57472706  2.1737626344293287e-01
    2.000000   2.63948889  2.7613254932891962e-01
    2.000000   2.70424717  3.4789993762110327e-01
    2.000000   2.76900006  4.3464218002093674e-01
    2.000000   2.83374417  5.3820621940859270e-01
    2.000000   2.89847256  6.5845940119461455e-01
    2.000000   2.96316844  7.8880673578927418e-01
    2.000000   3.02777863  9.1081455213401330e-01
    2.000000   3.09200950  9.9491855909315330e-01
    2.050000   0.04958315  7.7728051207928828e-01
    2.050000   0.11381403  7.2122991656158397e-01
    2.050000   0.17842421  6.3692615898942684e-01
    2.050000   0.24312010  5.4231580660151657e-01
    2.050000   0.30784849  4.5032801302850056e-01
    2.050000   0.37259260  3.6742026354826851e-01
    2.050000   0.43734549  2.9570056104470194e-01
    2.050000   0.50210377  2.3522475444700497e-01
    2.050000   0.56686560  1.8524634589350977e-01
    2.050000   0.63162987  1.4468706026217851e-01
    2.050000   0.69639591  1.1230904435566681e-01
    2.050000   0.76116325  8.6824682743653361e-02
    2.050000   0.82593158  6.6992914752044136e-02
    2.050000   0.89070068  5.1691799021122663e-02
    2.050000   0.95547037  3.9958561007847872e-02
    2.050000   1.02024053  3.1000266353411677e-02
    2.050000   1.08501108  2.4184403325164607e-02
    2.050000   1.14978193  1.9018893542366581e-02
    2.050000   1.21455301  1.5128623234940804e-02
    2.050000   1.27932429  1.2232809615084437e-02
    2.050000   1.34409571  1.0125354667765684e-02
    2.050000   1.40886724  8.6589584916282099e-03
    2.050000   1.47363885  7.7330175286259885e-03
    2.050000   1.53841049  7.2850111267533050e-03
    2.050000   1.60318216  7.2850111356876895e-03
    2.050000   1.66795381  7.7330175601690527e-03
    2.050000   1.73272541  8.6589585618360027e-03
    2.050000   1.79749694  1.0125354810023565e-02
    2.050000   1.86226837  1.2232809891949690e-02
    2.050000   1.92703964  1.5128623759078547e-02
    2.050000   1.99181073  1.9018894512369312e-02
    2.050000   2.05658157  2.4184405086156116e-02
    2.050000   2.12135212  3.1000269499104661e-02
    2.050000   2.18612229  3.9958566551730280e-02
    2.050000   2.25089198  5.1691808681922864e-02
    2.050000   2.31566107  6.6992931425172222e-02
    2.050000   2.38042940  8.6824711267575017e-02
    2.050000   2.44519674  1.1230909272688812e-01
    2.050000   2.50996278  1.4468714148652603e-01
    2.050000   2.57472706  1.8524648063167359e-01
    2.050000   2.63948889  2.3522497439876935e-01
    2.050000   2.70424717  2.9570091240563356e-01
    2.050000   2.76900006  3.6742080861701781e-01
    2.050000   2.83374417  4.5032882618986231e-01
    2.050000   2.89847256  5.4231695959204052e-01
    2.050000   2.96316844  6.3692769258889559e-01
    2.050000   3.02777863  7.2123180512947882e-01
    2.050000   3.09200950  7.7728264131692093e-01
    2.100000   0.04958315  6.2184385534758579e-01
    2.100000   0.11381403  5.8213384971782489e-01
    2.100000   0.17842421  5.2071878228769219e-01
    2.100000   0.24312010  4.4921766945086561e-01
    2.100000   0.30784849  3.7702352820038326e-01
    2.100000   0.37259260  3.0984661598712138e-01
    2.100000   0.43734549  2.5040448771252644e-01
    2.100000   0.50210377  1.9958508933753799e-01
    2.100000   0.56686560  1.5727405522591509e-01
    2.100000   0.63162987  1.2281183367795465e-01
    2.100000   0.69639591  9.5254139812920607e-02
    2.100000   0.76116325  7.3546429413954839e-02
    2.100000   0.82593158  5.6647231742334561e-02
    2.100000   0.89070068  4.3607038365448283e-02
    2.100000   0.95547037  3.3608409967396259e-02
    2.100000   1.02024053  2.5976951445719626e-02
    2.100000   1.08501108  2.0173933076630606e-02
    2.100000   1.14978193  1.5779607806523609e-02
    2.100000   1.21455301  1.2473492130952798e-02
    2.100000   1.27932429  1.0015309529250701e-02
    2.100000   1.34409571  8.2284223435862714e-03
    2.100000   1.40886724  6.9864109831350336e-03
    2.100000   1.47363885  6.2028324776998668e-03
    2.100000   1.53841049  5.8239192913115603e-03
    2.100000   1.60318216  5.8239193040579285e-03
    2.100000   1.66795381  6.2028325194962482e-03
    2.100000   1.73272541  6.9864110660235283e-03
    2.100000   1.79749694  8.2284224925778734e-03
    2.100000   1.86226837  1.0015309791141009e-02
    2.100000   1.92703964  1.2473492589870561e-02
    2.100000   1.99181073  1.5779608610440494e-02
    2.100000   2.05658157  2.0173934482006401e-02
    2.100000   2.12135212  2.5976953892230651e-02
    2.100000   2.18612229  3.3608414202307098e-02
    2.100000   2.25089198  4.3607045648968279e-02
    2.100000   2.31566107  5.6647244182545568e-02
    2.100000   2.38042940  7.3546450502764898e-02
    2.100000   2.44519674  9.5254175258923560e-02
    2.100000   2.50996278  1.2281189264309061e-01
    2.100000   2.57472706  1.5727415203218489e-01
    2.100000   2.63948889  1.9958524553956866e-01
    2.100000   2.70424717  2.5040473400937191e-01
    2.100000   2.76900006  3.0984699266435872e-01
    2.100000   2.83374417  3.7702408177884200e-01
    2.100000   2.89847256  4.4921844276010747e-01
    2.100000   2.96316844  5.2071979698637316e-01
    2.100000   3.02777863  5.8213508585708684e-01
    2.100000   3.09200950  6.2184523986976636e-01
    2.150000   0.04958315  5.0432757486674240e-01
    2.150000   0.11381403  4.7490220887208018e-01
    2.150000   0.17842421  4.2845507392289900e-01
    2.150000   0.24312010  3.7293593039211270e-01
    2.150000   0.30784849  3.1536385963702146e-01
    2.150000   0.37259260  2.6057528855277012e-01
    2.150000   0.43734549  2.1129870018337710e-01
    2.150000   0.50210377  1.6872648978226448e-01
    2.150000   0.56686560  1.3306143825067923e-01
    2.150000   0.63162987  1.0390950684570162e-01
    2.150000   0.69639591  8.0550486694638795e-02
    2.150000   0.76116325  6.2127247815072242e-02
    2.150000   0.82593158  4.7773759765545751e-02
    2.150000   0.89070068  3.6692954553361426e-02
    2.150000   0.95547037  2.8195392909265933e-02
    2.150000   1.02024053  2.1710571700540349e-02
    2.150000   1.08501108  1.6781658345503079e-02
    2.150000   1.14978193  1.3051940546952573e-02
    2.150000   1.21455301  1.0248505618096896e-02
    2.150000   1.27932429  8.1663519346183919e-03
    2.150000   1.34409571  6.6545133355949259e-03
    2.150000   1.40886724  5.6047811489300693e-03
    2.150000   1.47363885  4.9430739790015362e-03
    2.150000   1.53841049  4.6232713434319348e-03
    2.150000   1.60318216  4.6232713583174269e-03
    2.150000   1.66795381  4.9430740263255437e-03
    2.150000   1.73272541  5.6047812377140287e-03
    2.150000   1.79749694  6.6545134845451123e-03
    2.150000   1.86226837  8.1663521786672060e-03
    2.150000   1.92703964  1.0248506019912727e-02
    2.150000   1.99181073  1.3051941216500886e-02
    2.150000   2.05658157  1.6781659472845739e-02
    2.150000   2.12135212  2.1710573610419892e-02
    2.150000   2.18612229  2.8195396151274341e-02
    2.150000   2.25089198  3.6692960049409959e-02
    2.150000   2.31566107  4.7773769047492108e-02
    2.150000   2.38042940  6.2127263399209751e-02
    2.150000   2.44519674  8.0550512652429296e-02
    2.150000   2.50996278  1.0390954963003367e-01
    2.150000   2.57472706  1.3306150779728532e-01
    2.150000   2.63948889  1.6872660077720006e-01
    2.150000   2.70424717  2.1129887310144266e-01
    2.150000   2.76900006  2.6057554959031359e-01
    2.150000   2.83374417  3.1536423811728420e-01
    2.150000   2.89847256  3.7293645213490123e-01
    2.150000   2.96316844  4.2845575039248057e-01
    2.150000   3.02777863  4.7490302525068478e-01
    2.150000   3.09200950  5.0432848404590269e-01
    2.200000   0.04958315  4.1203239342297798e-01
    2.200000   0.11381403  3.8954888898197770e-01
    2.200000   0.17842421  3.5353881488361927e-01
    2.200000   0.24312010  3.0968353757568162e-01
    2.200000   0.30784849  2.6333852305894362e-01
    2.200000   0.37259260  2.1851481433556147e-01
    2.200000   0.43734549  1.7770696786396781e-01
    2.200000   0.50210377  1.4215597141108471e-01
    2.200000   0.56686560  1.1221102771202472e-01
    2.200000   0.63162987  8.7648994694271967e-02
    2.200000   0.69639591  6.7922312589914477e-02
    2.200000   0.76116325  5.2339236003644977e-02
    2.200000   0.82593158  4.0185201666461390e-02
    2.200000   0.89070068  3.0795723059505377e-02
    2.200000   0.95547037  2.3592669618662080e-02
    2.200000   1.02024053  1.8095730165826392e-02
    2.200000   1.08501108  1.3919076857955067e-02
    2.200000   1.14978193  1.0760620782302652e-02
    2.200000   1.21455301  8.3886809496468463e-03
    2.200000   1.27932429  6.6288520243880959e-03
    2.200000   1.34409571  5.3524568928050220e-03
    2.200000   1.40886724  4.4671157653630150e-03
    2.200000   1.47363885  3.9095030013066561e-03
    2.200000   1.53841049  3.6401573519682330e-03
    2.200000   1.60318216  3.6401573677961939e-03
    2.200000   1.66795381  3.9095030507901810e-03
    2.200000   1.73272541  4.4671158552556985e-03
    2.200000   1.79749694  5.3524570370798961e-03
    2.200000   1.86226837  6.6288522490733411e-03
    2.200000   1.92703964  8.3886813013175007e-03
    2.200000   1.99181073  1.0760621342470153e-02
    2.200000   2.05658157  1.3919077767097804e-02
    2.200000   2.12135212  1.8095731663163958e-02
    2.200000   2.18612229  2.3592672107395154e-02
    2.200000   2.25089198  3.0795727212545317e-02
    2.200000   2.31566107  4.0185208594833238e-02
    2.200000   2.38042940  5.2339247517995229e-02
    2.200000   2.44519674  6.7922331591606835e-02
    2.200000   2.50996278  8.7649025727710786e-02
    2.200000   2.57472706  1.1221107767590592e-01
    2.200000   2.63948889  1.4215605033220982e-01
    2.200000   2.70424717  1.7770708944661462e-01
    2.200000   2.76900006  2.1851499570585248e-01
    2.200000   2.83374417  2.6333878283723944e-01
    2.200000   2.89847256  3.0968389146717479e-01
    2.200000   2.96316844  3.5353926889944948e-01
    2.200000   3.02777863  3.8954943239576062e-01
    2.200000   3.09200950  4.1203299560970374e-01
    2.250000   0.04958315  3.3782770026611447e-01
    2.250000   0.11381403  3.2030297829547855e-01
    2.250000   0.17842421  2.9194238358551888e-01
    2.250000   0.24312010  2.5693857730755992e-01
    2.250000   0.30784849  2.1943750333491843e-01
    2.250000   0.37259260  1.8272813985585754e-01
    2.250000   0.43734549  1.4898935153824169e-01
    2.250000   0.50210377  1.1939199867883775e-01
    2.250000   0.56686560  9.4339097361297433e-02
    2.250000   0.63162987  7.3718216149606039e-02
    2.250000   0.69639591  5.7115287827586222e-02
    2.250000   0.76116325  4.3975686507472717e-02
    2.250000   0.82593158  3.3713747483772809e-02
    2.250000   0.89070068  2.5778793654960122e-02
    2.250000   0.95547037  1.9688477079550196e-02
    2.250000   1.02024053  1.5040148652666088e-02
    2.250000   1.08501108  1.1509148722917159e-02
    2.250000   1.14978193  8.8404785458054951e-03
    2.250000   1.21455301  6.8380392879343107e-03
    2.250000   1.27932429  5.3538627152860943e-03
    2.250000   1.34409571  4.2785566635754266e-03
    2.250000   1.40886724  3.5334546163692617e-03
    2.250000   1.47363885  3.0645597770963735e-03
    2.250000   1.53841049  2.8381918296428200e-03
    2.250000   1.60318216  2.8381918455768012e-03
    2.250000   1.66795381  3.0645598263978374e-03
    2.250000   1.73272541  3.5334547040935930e-03
    2.250000   1.79749694  4.2785568001513404e-03
    2.250000   1.86226837  5.3538629200765237e-03
    2.250000   1.92703964  6.8380395954792160e-03
    2.250000   1.99181073  8.8404790163733246e-03
    2.250000   2.05658157  1.1509149460060698e-02
    2.250000   2.12135212  1.5040149832135004e-02
    2.250000   2.18612229  1.9688478996399542e-02
    2.250000   2.25089198  2.5778796799238959e-02
    2.250000   2.31566107  3.3713752659749616e-02
    2.250000   2.38042940  4.3975695016172087e-02
    2.250000   2.44519674  5.7115301734836789e-02
    2.250000   2.50996278  7.3718238655537879e-02
    2.250000   2.57472706  9.4339133260013169e-02
    2.250000   2.63948889  1.1939205482986638e-01
    2.250000   2.70424717  1.4898943714564405e-01
    2.250000   2.76900006  1.8272826617320320e-01
    2.250000   2.83374417  2.1943768226867122e-01
    2.250000   2.89847256  2.5693881848962447e-01
    2.250000   2.96316844  2.9194269011138146e-01
    2.250000   3.02777863  3.2030334251782727e-01
    2.250000   3.09200950  3.3782810212583042e-01
    2.300000   0.04958315  2.7736134851237504e-01
    2.300000   0.11381403  2.6353029115128390e-01
    2.300000   0.17842421  2.4097847196477568e-01
    2.300000   0.24312010  2.1287046915674968e-01
    2.300000   0.30784849  1.8244727805394600e-01
    2.300000   0.37259260  1.5238778197935424e-01
    2.300000   0.43734549  1.2454723859217688e-01
    2.300000   0.50210377  9.9977066683448371e-02
    2.300000   0.56686560  7.9084411524865450e-02
    2.300000   0.63162987  6.1828259738924488e-02
    2.300000   0.69639591  4.7897692189463555e-02
    2.300000   0.76116325  3.6850686631634488e-02
    2.300000   0.82593158  2.8209984038213922e-02
    2.300000   0.89070068  2.1521561226656119e-02
    2.300000   0.95547037  1.6384768928644759e-02
    2.300000   1.02024053  1.2463359686759594e-02
    2.300000   1.08501108  9.4850676430849063e-03
    2.300000   1.14978193  7.2352976434619356e-03
    2.300000   1.21455301  5.5485325839767369e-03
    2.300000   1.27932429  4.2995646836251535e-03
    2.300000   1.34409571  3.3956317354824823e-03
    2.300000   1.40886724  2.7699099854325785e-03
    2.300000   1.47363885  2.3764690206611564e-03
    2.300000   1.53841049  2.1866318437820556e-03
    2.300000   1.60318216  2.1866318592556775e-03
    2.300000   1.66795381  2.3764690682080950e-03
    2.300000   1.73272541  2.7699100688395651e-03
    2.300000   1.79749694  3.3956318625307075e-03
    2.300000   1.86226837  4.2995648687016710e-03
    2.300000   1.92703964  5.5485328526461604e-03
    2.300000   1.99181073  7.2352980401769271e-03
    2.300000   2.05658157  9.4850682439736756e-03
    2.300000   2.12135212  1.2463360620589829e-02
    2.300000   2.18612229  1.6384770410771361e-02
    2.300000   2.25089198  2.1521563613123504e-02
    2.300000   2.31566107  2.8209987910087754e-02
    2.300000   2.38042940  3.6850692922378081e-02
    2.300000   2.44519674  4.7897702368720839e-02
    2.300000   2.50996278  6.1828276059947895e-02
    2.300000   2.57472706  7.9084437321898515e-02
    2.300000   2.63948889  9.9977106658220322e-02
    2.300000   2.70424717  1.2454729894640527e-01
    2.300000   2.76900006  1.5238787014334551e-01
    2.300000   2.83374417  1.8244740169073612e-01
    2.300000   2.89847256  2.1287063421855115e-01
    2.300000   2.96316844  2.4097867999614864e-01
    2.300000   3.02777863  2.6353053675068255e-01
    2.300000   3.09200950  2.7736161845120305e-01
    2.350000   0.04958315  2.2773738091415607e-01
    2.350000   0.11381403  2.1673803980241324e-01
    2.350000   0.17842421  1.9870274586569511e-01
    2.350000   0.24312010  1.7605703468392464e-01
    2.350000   0.30784849  1.5135059059765030e-01
    2.350000   0.37259260  1.2675596890288113e-01
    2.350000   0.43734549  1.0382853932786512e-01
    2.350000   0.50210377  8.3485856619133755e-02
    2.350000   0.56686560  6.6113426868667891e-02
    2.350000   0.63162987  5.1715488506435765e-02
    2.350000   0.69639591  4.0060545012611380e-02
    2.350000   0.76116325  3.0798247077080371e-02
    2.350000   0.82593158  2.3541615965767489e-02
    2.350000   0.89070068  1.7917984570504190e-02
    2.350000   0.95547037  1.3595868922978925e-02
    2.350000   1.02024053  1.0295445751882714e-02
    2.350000   1.08501108  7.7890974067497216e-03
    2.350000   1.14978193  5.8967442095296868e-03
    2.350000   1.21455301  4.4790527893818375e-03
    2.350000   1.27932429  3.4303429152382258e-03
    2.350000   1.34409571  2.6721468557583021e-03
    2.350000   1.40886724  2.1478369708244510e-03
    2.350000   1.47363885  1.8184369019250701e-03
    2.350000   1.53841049  1.6595873009731068e-03
    2.350000   1.60318216  1.6595873156205268e-03
    2.350000   1.66795381  1.8184369467148861e-03
    2.350000   1.73272541  2.1478370485977028e-03
    2.350000   1.79749694  2.6721469723233957e-03
    2.350000   1.86226837  3.4303430812770929e-03
    2.350000   1.92703964  4.4790530237837963e-03
    2.350000   1.99181073  5.8967445450047876e-03
    2.350000   2.05658157  7.7890978991131034e-03
    2.350000   2.12135212  1.0295446495214376e-02
    2.350000   2.18612229  1.3595870074035952e-02
    2.350000   2.25089198  1.7917986387334623e-02
    2.350000   2.31566107  2.3541618867308014e-02
    2.350000   2.38042940  3.0798251732022167e-02
    2.350000   2.44519674  4.0060552465473187e-02
    2.350000   2.50996278  5.1715500343438477e-02
    2.350000   2.57472706  6.6113445410346458e-02
    2.350000   2.63948889  8.3485885093885964e-02
    2.350000   2.70424717  1.0382858192707968e-01
    2.350000   2.76900006  1.2675603055453030e-01
    2.350000   2.83374417  1.5135067626363688e-01
    2.350000   2.89847256  1.7605714806837389e-01
    2.350000   2.96316844  1.9870288769751360e-01
    2.350000   3.02777863  2.1673820628843493e-01
    2.350000   3.09200950  2.2773756327645189e-01
    2.400000   0.04958315  1.8687488910535252e-01
    2.400000   0.11381403  1.7808772923916982e-01
    2.400000   0.17842421  1.6361737373460117e-01
    2.400000   0.24312010  1.4534210620139873e-01
    2.400000   0.30784849  1.2527586681187558e-01
    2.400000   0.37259260  1.0517527671403033e-01
    2.400000   0.43734549  8.6331136697169492e-02
    2.400000   0.50210377  6.9529812956341308e-02
    2.400000   0.56686560  5.5122870144238272e-02
    2.400000   0.63162987  4.3142160710477856e-02
    2.400000   0.69639591  3.3417012006583889e-02
    2.400000   0.76116325  2.5671127066678949e-02
    2.400000   0.82593158  1.9592093791515199e-02
    2.400000   0.89070068  1.4875212390391565e-02
    2.400000   0.95547037  1.1247178002777875e-02
    2.400000   1.02024053  8.4758534120036103e-03
    2.400000   1.08501108  6.3714930000079517e-03
    2.400000   1.14978193  4.7833842608534490e-03
    2.400000   1.21455301  3.5945318708244700e-03
    2.400000   1.27932429  2.7159545854777405e-03
    2.400000   1.34409571  2.0814338907067811e-03
    2.400000   1.40886724  1.6430947055260509e-03
    2.400000   1.47363885  1.3679385820966588e-03
    2.400000   1.53841049  1.2353215868645747e-03
    2.400000   1.60318216  1.2353216004667628e-03
    2.400000   1.66795381  1.3679386235434690e-03
    2.400000   1.73272541  1.6430947769548664e-03
    2.400000   1.79749694  2.0814339964592777e-03
    2.400000   1.86226837  2.7159547334839442e-03
    2.400000   1.92703964  3.5945320750224740e-03
    2.400000   1.99181073  4.7833845452590184e-03
    2.400000   2.05658157  6.3714934054316255e-03
    2.400000   2.12135212  8.4758540069813492e-03
    2.400000   2.18612229  1.1247178901086613e-02
    2.400000   2.25089198  1.4875213778564371e-02
    2.400000   2.31566107  1.9592095970921278e-02
    2.400000   2.38042940  2.5671130515511835e-02
    2.400000   2.44519674  3.3417017466397227e-02
    2.400000   2.50996278  4.3142169297529218e-02
    2.400000   2.57472706  5.5122883474411022e-02
    2.400000   2.63948889  6.9529833249855025e-02
    2.400000   2.70424717  8.6331166794589881e-02
    2.400000   2.76900006  1.0517531989726089e-01
    2.400000   2.83374417  1.2527592631187490e-01
    2.400000   2.89847256  1.4534218433822968e-01
    2.400000   2.96316844  1.6361747081693770e-01
    2.400000   3.02777863  1.7808784261307276e-01
    2.400000   3.09200950  1.8687501291403402e-01
    2.450000   0.04958315  1.5318776920341096e-01
    2.450000   0.11381403  1.4614945094613987e-01
    2.450000   0.17842421  1.3451898582149732e-01
    2.450000   0.24312010  1.1976084634972345e-01
    2.450000   0.30784849  1.0346980875782859e-01
    2.450000   0.37259260  8.7062993992944787e-02
    2.450000   0.43734549  7.1604152155842191e-02
    2.450000   0.50210377  5.7758986220169263e-02
    2.450000   0.56686560  4.5840427072012094e-02
    2.450000   0.63162987  3.5896008505616472e-02
    2.450000   0.69639591  2.7801324522159783e-02
    2.450000   0.76116325  2.1339478387581830e-02
    2.450000   0.82593158  1.6259214704848937e-02
    2.450000   0.89070068  1.2312254083634514e-02
    2.450000   0.95547037  9.2739578592032773e-03
    2.450000   1.02024053  6.9522966964176997e-03
    2.450000   1.08501108  5.1895151345987336e-03
    2.450000   1.14978193  3.8597950257276731e-03
    2.450000   1.21455301  2.8651343694430192e-03
    2.450000   1.27932429  2.1307876991720183e-03
    2.450000   1.34409571  1.6010022241249337e-03
    2.450000   1.40886724  1.2353949499473828e-03
    2.450000   1.47363885  1.0060919885348308e-03
    2.450000   1.53841049  8.9563785227994791e-04
    2.450000   1.60318216  8.9563786472377015e-04
    2.450000   1.66795381  1.0060920263524052e-03
    2.450000   1.73272541  1.2353950147534270e-03
    2.450000   1.79749694  1.6010023191728867e-03
    2.450000   1.86226837  2.1307878303528914e-03
    2.450000   1.92703964  2.8651345470322768e-03
    2.450000   1.99181073  3.8597952673218067e-03
    2.450000   2.05658157  5.1895154699557189e-03
    2.450000   2.12135212  6.9522971753130779e-03
    2.450000   2.18612229  9.2739585639656681e-03
    2.450000   2.25089198  1.2312255148718490e-02
    2.450000   2.31566107  1.6259216346516447e-02
    2.450000   2.38042940  2.1339480947134799e-02
    2.450000   2.44519674  2.7801328525376090e-02
    2.450000   2.50996278  3.5896014737595211e-02
    2.450000   2.57472706  4.5840436658315165e-02
    2.450000   2.63948889  5.7759000689696020e-02
    2.450000   2.70424717  7.1604173438450963e-02
    2.450000   2.76900006  8.7063024282554469e-02
    2.450000   2.83374417  1.0346985016919399e-01
    2.450000   2.89847256  1.1976090034471980e-01
    2.450000   2.96316844  1.3451905249977991e-01
    2.450000   3.02777863  1.4614952845525198e-01
    2.450000   3.09200950  1.5318785361656093e-01
    2.500000   0.04958315  1.2541784945417028e-01
    2.500000   0.11381403  1.1977220065983744e-01
    2.500000   0.17842421  1.1041644320853979e-01
    2.500000   0.24312010  9.8497610725667498e-02
    2.500000   0.30784849  8.5280498905165009e-02
    2.500000   0.37259260  7.1906317330138511e-02
    2.500000   0.43734549  5.9247247661004990e-02
    2.500000   0.50210377  4.7861891804017759e-02
    2.500000   0.56686560  3.8024118359382145e-02
    2.500000   0.63162987  2.9789112747553619e-02
    2.500000   0.69639591  2.3067389191317414e-02
    2.500000   0.76116325  1.7689398141826795e-02
    2.500000   0.82593158  1.3453741332512658e-02
    2.500000   0.89070068  1.0158718626174594e-02
    2.500000   0.95547037  7.6202030905416288e-03
    2.500000   1.02024053  5.6797555983670632e-03
    2.500000   1.08501108  4.2065401828137632e-03
    2.500000   1.14978193  3.0957694048807608e-03
    2.500000   1.21455301  2.2655399531867227e-03
    2.500000   1.27932429  1.6532065246631818e-03
    2.500000   1.34409571  1.2119330938998537e-03
    2.500000   1.40886724  9.0773233172300927e-04
    2.500000   1.47363885  7.1711164348712869e-04
    2.500000   1.53841049  6.2534453751986933e-04
    2.500000   1.60318216  6.2534454876710436e-04
    2.500000   1.66795381  7.1711167760052082e-04
    2.500000   1.73272541  9.0773238992944883e-04
    2.500000   1.79749694  1.2119331786466987e-03
    2.500000   1.86226837  1.6532066403340611e-03
    2.500000   1.92703964  2.2655401073548693e-03
    2.500000   1.99181073  3.0957696104165714e-03
    2.500000   2.05658157  4.2065404613571755e-03
    2.500000   2.12135212  5.6797559859532096e-03
    2.500000   2.18612229  7.6202036465472071e-03
    2.500000   2.25089198  1.0158719447213322e-02
    2.500000   2.31566107  1.3453742573348393e-02
    2.500000   2.38042940  1.7689400045517882e-02
    2.500000   2.44519674  2.3067392130066505e-02
    2.500000   2.50996278  2.9789117273096473e-02
    2.500000   2.57472706  3.8024125255781520e-02
    2.500000   2.63948889  4.7861902125203290e-02
    2.500000   2.70424717  5.9247262720920575e-02
    2.500000   2.76900006  7.1906338600370573e-02
    2.500000   2.83374417  8.5280527776443418e-02
    2.500000   2.89847256  9.8497648124243484e-02
    2.500000   2.96316844  1.1041648913641537e-01
    2.500000   3.02777863  1.1977225382606797e-01
    2.500000   3.09200950  1.2541790721479293e-01
    2.550000   0.04958315  1.0254251268947231e-01
    2.550000   0.11381403  9.8010760580108755e-02
    2.550000   0.17842421  9.0482708907820064e-02
    2.550000   0.24312010  8.0859503945910682e-02
    2.550000   0.30784849  7.0145153344431013e-02
    2.550000   0.37259260  5.9257341068324497e-02
    2.550000   0.43734549  4.8908418213115062e-02
    2.550000   0.50210377  3.9564007950641425e-02
    2.550000   0.56686560  3.1460806374472426e-02
    2.550000   0.63162987  2.4656330399303955e-02
    2.550000   0.69639591  1.9087221724177979e-02
    2.550000   0.76116325  1.4621456019718780e-02
    2.550000   0.82593158  1.1098069564155533e-02
    2.550000   0.89070068  8.3536353438716376e-03
    2.550000   0.95547037  6.2376070278704890e-03
    2.550000   1.02024053  4.6195701256748342e-03
    2.550000   1.08501108  3.3912632599041618e-03
    2.550000   1.14978193  2.4656095906734157e-03
    2.550000   1.21455301  1.7743108248625776e-03
    2.550000   1.27932429  1.2649778700462102e-03
    2.550000   1.34409571  8.9835134546591003e-04
    2.550000   1.40886724  6.4588932714079175e-04
    2.550000   1.47363885  4.8783540461406339e-04
    2.550000   1.53841049  4.1179288016540526e-04
    2.550000   1.60318216  4.1179289022950536e-04
    2.550000   1.66795381  4.8783543509303294e-04
    2.550000   1.73272541  6.4588937897393553e-04
    2.550000   1.79749694  8.9835142050426805e-04
    2.550000   1.86226837  1.2649779715613861e-03
    2.550000   1.92703964  1.7743109584391961e-03
    2.550000   1.99181073  2.4656097657123994e-03
    2.550000   2.05658157  3.3912634921005008e-03
    2.550000   2.12135212  4.6195704410292113e-03
    2.550000   2.18612229  6.2376074690534567e-03
    2.550000   2.25089198  8.3536359800661583e-03
    2.550000   2.31566107  1.1098070505772863e-02
    2.550000   2.38042940  1.4621457439409439e-02
    2.550000   2.44519674  1.9087223884926612e-02
    2.550000   2.50996278  2.4656333688407583e-02
    2.550000   2.57472706  3.1460811337959874e-02
    2.550000   2.63948889  3.9564015315534502e-02
    2.550000   2.70424717  4.8908428875605939e-02
    2.550000   2.76900006  5.9257356018436347e-02
    2.550000   2.83374417  7.0145173500681529e-02
    2.550000   2.89847256  8.0859529898214211e-02
    2.550000   2.96316844  9.0482740617918084e-02
    2.550000   3.02777863  9.8010797149430923e-02
    2.550000   3.09200950  1.0254255233137707e-01
    2.600000   0.04958315  8.3719308917802174e-02
    2.600000   0.11381403  8.0080758840972807e-02
    2.600000   0.17842421  7.4023731645419560e-02
    2.600000   0.24312010  6.6257662237136139e-02
    2.600000   0.30784849  5.7579952985644764e-02
    2.600000   0.37259260  4.8727639539028977e-02
    2.600000   0.43734549  4.0280758172634379e-02
    2.600000   0.50210377  3.2625405496761968e-02
    2.600000   0.56686560  2.5964167431746728e-02
    2.600000   0.63162987  2.0353466542004671e-02
    2.600000   0.69639591  1.5749304346772717e-02
    2.600000   0.76116325  1.2049243782295691e-02
    2.600000   0.82593158  9.1249662267990118e-03
    2.600000   0.89070068  6.8443638843069749e-03
    2.600000   0.95547037  5.0846217977402047e-03
    2.600000   1.02024053  3.7386269965751806e-03
    2.600000   1.08501108  2.7169896606534859e-03
    2.600000   1.14978193  1.9475039608726112e-03
    2.600000   1.21455301  1.3733374383133900e-03
    2.600000   1.27932429  9.5077123820105219e-04
    2.600000   1.34409571  6.4696737831070484e-04
    2.600000   1.40886724  4.3800860217854687e-04
    2.600000   1.47363885  3.0731664632314000e-04
    2.600000   1.53841049  2.4447889573643583e-04
    2.600000   1.60318216  2.4447890466514213e-04
    2.600000   1.66795381  3.0731667333274971e-04
    2.600000   1.73272541  4.3800864799501717e-04
    2.600000   1.79749694  6.4696744434426736e-04
    2.600000   1.86226837  9.5077132690427730e-04
    2.600000   1.92703964  1.3733375538111411e-03
    2.600000   1.99181073  1.9475041100261929e-03
    2.600000   2.05658157  2.7169898548179200e-03
    2.600000   2.12135212  3.7386272544455688e-03
    2.600000   2.18612229  5.0846221498620997e-03
    2.600000   2.25089198  6.8443643800295741e-03
    2.600000   2.31566107  9.1249669446136737e-03
    2.600000   2.38042940  1.2049244844473877e-02
    2.600000   2.44519674  1.5749305938699953e-02
    2.600000   2.50996278  2.0353468935133481e-02
    2.600000   2.57472706  2.5964171006088773e-02
    2.600000   2.63948889  3.2625410753987907e-02
    2.600000   2.70424717  4.0280765724845152e-02
    2.600000   2.76900006  4.8727650053970020e-02
    2.600000   2.83374417  5.7579967072292654e-02
    2.600000   2.89847256  6.6257680273012848e-02
    2.600000   2.96316844  7.4023753580459942e-02
    2.600000   3.02777863  8.0080784050371875e-02
    2.600000   3.09200950  8.3719336190637275e-02
    2.650000   0.04958315  6.8249577045787088e-02
    2.650000   0.11381403  6.5328284921689586e-02
    2.650000   0.17842421  6.0456180590687421e-02
    2.650000   0.24312010  5.4192566926891866e-02
    2.650000   0.30784849  4.7170922766122142e-02
    2.650000   0.37259260  3.9982568368753087e-02
    2.650000   0.43734549  3.3098624678248902e-02
    2.650000   0.50210377  2.6837883436364323e-02
    2.650000   0.56686560  2.1372377129324781e-02
    2.650000   0.63162987  1.6755332079273298e-02
    2.650000   0.69639591  1.2956939433466347e-02
    2.650000   0.76116325  9.8979806533869355e-03
    2.650000   0.82593158  7.4763898236991280e-03
    2.650000   0.89070068  5.5855962305813188e-03
    2.650000   0.95547037  4.1256102992538873e-03
    2.650000   1.02024053  3.0086340866347680e-03
    2.650000   1.08501108  2.1610084624331771e-03
    2.650000   1.14978193  1.5229804042359329e-03
    2.650000   1.21455301  1.0473553539429071e-03
    2.650000   1.27932429  6.9772554090705759e-04
    2.650000   1.34409571  4.4668190836600388e-04
    2.650000   1.40886724  2.7422532502167880e-04
    2.650000   1.47363885  1.6647450061276750e-04
    2.650000   1.53841049  1.1470245739155398e-04
    2.650000   1.60318216  1.1470246525415909e-04
    2.650000   1.66795381  1.6647452437698580e-04
    2.650000   1.73272541  2.7422536525497396e-04
    2.650000   1.79749694  4.4668196615274254e-04
    2.650000   1.86226837  6.9772561809734192e-04
    2.650000   1.92703964  1.0473554535924512e-03
    2.650000   1.99181073  1.5229805313525452e-03
    2.650000   2.05658157  2.1610086252137691e-03
    2.650000   2.12135212  3.0086342984731564e-03
    2.650000   2.18612229  4.1256105819229838e-03
    2.650000   2.25089198  5.5855966191295445e-03
    2.650000   2.31566107  7.4763903736996861e-03
    2.650000   2.38042940  9.8979814511284611e-03
    2.650000   2.44519674  1.2956940609265050e-02
    2.650000   2.50996278  1.6755333823006674e-02
    2.650000   2.57472706  2.1372379705171782e-02
    2.650000   2.63948889  2.6837887190450264e-02
    2.650000   2.70424717  3.3098630029025695e-02
    2.650000   2.76900006  3.9982575767535854e-02
    2.650000   2.83374417  4.7170932618028585e-02
    2.650000   2.89847256  5.4192579474616649e-02
    2.650000   2.96316844  6.0456195785526023e-02
    2.650000   3.02777863  6.5328302329656737e-02
    2.650000   3.09200950  6.8249595844227351e-02
    2.700000   0.04958315  5.5552379110990313e-02
    2.700000   0.11381403  5.3207488105243832e-02
    2.700000   0.17842421  4.9290140740004859e-02
    2.700000   0.24312010  4.4241714869308238e-02
    2.700000   0.30784849  3.8565513020898515e-02
    2.700000   0.37259260  3.2735501693675104e-02
    2.700000   0.43734549  2.7133532780234532e-02
    2.700000   0.50210377  2.2021883962204100e-02
    2.700000   0.56686560  1.7545686813106393e-02
    2.700000   0.63162987  1.3753788221805936e-02
    2.700000   0.69639591  1.0626650700467626e-02
    2.700000   0.76116325  8.1031974198301840e-03
    2.700000   0.82593158  6.1024018537453959e-03
    2.700000   0.89070068  4.5384504689070636e-03
    2.700000   0.95547037  3.3300859505560705e-03
    2.700000   1.02024053  2.4054766335607188e-03
    2.700000   1.08501108  1.7040414579081239e-03
    2.700000   1.14978193  1.1764288978688268e-03
    2.700000   1.21455301  7.8352595873055618e-04
    2.700000   1.27932429  4.9507512160170601e-04
    2.700000   1.34409571  2.8824636965277180e-04
    2.700000   1.40886724  1.4635235616732484e-04
    2.700000   1.47363885  5.7795130638357911e-05
    2.700000   1.53841049  1.5276484853454661e-05
    2.700000   1.60318216  1.5276491731499341e-05
    2.700000   1.66795381  5.7795151413659549e-05
    2.700000   1.73272541  1.4635239128929441e-04
    2.700000   1.79749694  2.8824641996462338e-04
    2.700000   1.86226837  4.9507518851063059e-04
    2.700000   1.92703964  7.8352604451077494e-04
    2.700000   1.99181073  1.1764290061793037e-03
    2.700000   2.05658157  1.7040415946555218e-03
    2.700000   2.12135212  2.4054768083055585e-03
    2.700000   2.18612229  3.3300861787457503e-03
    2.700000   2.25089198  4.5384507753107699e-03
    2.700000   2.31566107  6.1024022775249568e-03
    2.700000   2.38042940  8.1031980216274696e-03
    2.700000   2.44519674  1.0626651571574894e-02
    2.700000   2.50996278  1.3753789494698189e-02
    2.700000   2.57472706  1.7545688671135568e-02
    2.700000   2.63948889  2.2021886644022302e-02
    2.700000   2.70424717  2.7133536572027370e-02
    2.700000   2.76900006  3.2735506900958389e-02
    2.700000   2.83374417  3.8565519913957631e-02
    2.700000   2.89847256  4.4241723604829954e-02
    2.700000   2.96316844  4.9290151275924454e-02
    2.700000   3.02777863  5.3207500140497369e-02
    2.700000   3.09200950  5.5552392085736764e-02
    2.750000   0.04958315  4.5144485485863951e-02
    2.750000   0.11381403  4.3262953562733457e-02
    2.750000   0.17842421  4.0114907509411331e-02
    2.750000   0.24312010  3.6048903705987477e-02
    2.750000   0.30784849  3.1464812389929937e-02
    2.750000   0.37259260  2.6742210127216587e-02
    2.750000   0.43734549  2.2190028022305450e-02
    2.750000   0.50210377  1.8023379531363831e-02
    2.750000   0.56686560  1.4364015209723578e-02
    2.750000   0.63162987  1.1255847703260465e-02
    2.750000   0.69639591  8.6866667386976768e-03
    2.750000   0.76116325  6.6095135362730416e-03
    2.750000   0.82593158  4.9601719164560970e-03
    2.750000   0.89070068  3.6696538268558851e-03
    2.750000   0.95547037  2.6720349500145612e-03
    2.750000   1.02024053  1.9086486865752218e-03
    2.750000   1.08501108  1.3297604106207290e-03
    2.750000   1.14978193  8.9468621462106713e-04
    2.750000   1.21455301  5.7107399355599210e-04
    2.750000   1.27932429  3.3382816902568770e-04
    2.750000   1.34409571  1.6397219404229956e-04
    2.750000   1.40886724  4.7611695128750712e-05
    2.750000   1.47363885 -2.4922480702462739e-05
    2.750000   1.53841049 -5.9720220697268489e-05
    2.750000   1.60318216 -5.9720214716627383e-05
    2.750000   1.66795381 -2.4922462645877764e-05
    2.750000   1.73272541  4.7611725622360120e-05
    2.750000   1.79749694  1.6397223763723158e-04
    2.750000   1.86226837  3.3382822680345405e-04
    2.750000   1.92703964  5.7107406722042874e-04
    2.750000   1.99181073  8.9468630685235213e-04
    2.750000   2.05658157  1.3297605256705240e-03
    2.750000   2.12135212  1.9086488312428328e-03
    2.750000   2.18612229  2.6720351352036409e-03
    2.750000   2.25089198  3.6696540699726419e-03
    2.750000   2.31566107  4.9601722449459703e-03
    2.750000   2.38042940  6.6095139925431380e-03
    2.750000   2.44519674  8.6866673864352349e-03
    2.750000   2.50996278  1.1255848634590020e-02
    2.750000   2.57472706  1.4364016551608651e-02
    2.750000   2.63948889  1.8023381448147968e-02
    2.750000   2.70424717  2.2190030709684137e-02
    2.750000   2.76900006  2.6742213792217084e-02
    2.750000   2.83374417  3.1464817213309869e-02
    2.750000   2.89847256  3.6048909789317324e-02
    2.750000   2.96316844  4.0114914818652064e-02
    2.750000   3.02777863  4.3262961889361053e-02
    2.750000   3.09200950  4.5144494448493347e-02
    2.800000   0.04958315  3.6624271914794157e-02
    2.800000   0.11381403  3.5115255447570923e-02
    2.800000   0.17842421  3.2586970207336752e-02
    2.800000   0.24312010  2.9314801316933790e-02
    2.800000   0.30784849  2.5616410200673193e-02
    2.800000   0.37259260  2.1795536266219485e-02
    2.800000   0.43734549  1.8101705168212377e-02
    2.800000   0.50210377  1.4710861274767943e-02
    2.800000   0.56686560  1.1724637931482923e-02
    2.800000   0.63162987  9.1818787569451880e-03
    2.800000   0.69639591  7.0755088168560866e-03
    2.800000   0.76116325  5.3695149559968283e-03
    2.800000   0.82593158  4.0130765656424469e-03
    2.800000   0.89070068  2.9508109796033801e-03
    2.800000   0.95547037  2.1293151721417419e-03
    2.800000   1.02024053  1.5007531430922913e-03
    2.800000   1.08501108  1.0243657580006943e-03
    2.800000   1.14978193  6.6667593888927355e-04
    2.800000   1.21455301  4.0097524050101947e-04
    2.800000   1.27932429  2.0649108770904044e-04
    2.800000   1.34409571  6.7482741701989447e-05
    2.800000   1.40886724 -2.7593870627935571e-05
    2.800000   1.47363885 -8.6782158318908043e-05
    2.800000   1.53841049 -1.1515236308091963e-04
    2.800000   1.60318216 -1.1515235790954624e-04
    2.800000   1.66795381 -8.6782142710237803e-05
    2.800000   1.73272541 -2.7593844287414569e-05
    2.800000   1.79749694  6.7482779305396828e-05
    2.800000   1.86226837  2.0649113741700938e-04
    2.800000   1.92703964  4.0097530360149234e-04
    2.800000   1.99181073  6.6667601735399969e-04
    2.800000   2.05658157  1.0243658548897687e-03
    2.800000   2.12135212  1.5007532632243209e-03
    2.800000   2.18612229  2.1293153231701917e-03
    2.800000   2.25089198  2.9508111736813174e-03
    2.800000   2.31566107  4.0130768218799035e-03
    2.800000   2.38042940  5.3695153038733363e-03
    2.800000   2.44519674  7.0755093005746197e-03
    2.800000   2.50996278  9.1818794403064966e-03
    2.800000   2.57472706  1.1724638902134661e-02
    2.800000   2.63948889  1.4710862645660357e-02
    2.800000   2.70424717  1.8101707073051556e-02
    2.800000   2.76900006  2.1795538845347989e-02
    2.800000   2.83374417  2.5616413575196957e-02
    2.800000   2.89847256  2.9314805552949755e-02
    2.800000   2.96316844  3.2586975278431879e-02
    2.800000   3.02777863  3.5115261209606848e-02
    2.800000   3.09200950  3.6624278107871257e-02
    2.850000   0.04958315  2.9658405221405559e-02
    2.850000   0.11381403  2.8448847418025357e-02
    2.850000   0.17842421  2.6419711443102505e-02
    2.850000   0.24312010  2.3788638007580153e-02
    2.850000   0.30784849  2.0807936230890774e-02
    2.850000   0.37259260  1.7720470783279343e-02
    2.850000   0.43734549  1.4727480135263513e-02
    2.850000   0.50210377  1.1972510258566309e-02
    2.850000   0.56686560  9.5400265314426001e-03
    2.850000   0.63162987  7.4639398026548759e-03
    2.850000   0.69639591  5.7406950944847192e-03
    2.850000   0.76116325  4.3427354079880543e-03
    2.850000   0.82593158  3.2298894813828170e-03
    2.850000   0.89070068  2.3577526065144852e-03
    2.850000   0.95547037  1.6831255287027775e-03
    2.850000   1.02024053  1.1670638143734308e-03
    2.850000   1.08501108  7.7622020065418629e-04
    2.850000   1.14978193  4.8309740786989773e-04
    2.850000   1.21455301  2.6568823588150772e-04
    2.850000   1.27932429  1.0683294974220702e-04
    2.850000   1.34409571 -6.4977590413697458e-06
    2.850000   1.40886724 -8.3874366296314153e-05
    2.850000   1.47363885 -1.3197289811055541e-04
    2.850000   1.53841049 -1.5500501060000365e-04
    2.850000   1.60318216 -1.5500500615194923e-04
    2.850000   1.66795381 -1.3197288468723932e-04
    2.850000   1.73272541 -8.3874343653722250e-05
    2.850000   1.79749694 -6.4977267483727789e-06
    2.850000   1.86226837  1.0683299235015921e-04
    2.850000   1.92703964  2.6568828978910047e-04
    2.850000   1.99181073  4.8309747453732164e-04
    2.850000   2.05658157  7.7622028228685426e-04
    2.850000   2.12135212  1.1670639143755899e-03
    2.850000   2.18612229  1.6831256524139542e-03
    2.850000   2.25089198  2.3577527623566794e-03
    2.850000   2.31566107  3.2298896825600303e-03
    2.850000   2.38042940  4.3427356748462062e-03
    2.850000   2.44519674  5.7406954575112794e-03
    2.850000   2.50996278  7.4639403058064406e-03
    2.850000   2.57472706  9.5400272349833067e-03
    2.850000   2.63948889  1.1972511239905465e-02
    2.850000   2.70424717  1.4727481485606868e-02
    2.850000   2.76900006  1.7720472597733516e-02
    2.850000   2.83374417  2.0807938590692538e-02
    2.850000   2.89847256  2.3788640955900373e-02
    2.850000   2.96316844  2.6419714960056517e-02
    2.850000   3.02777863  2.8448851404239275e-02
    2.850000   3.09200950  2.9658409499844933e-02
    2.900000   0.04958315  2.3970681685603512e-02
    2.900000   0.11381403  2.3001810315228431e-02
    2.900000   0.17842421  2.1374545919053804e-02
    2.900000   0.24312010  1.9260921239608614e-02
    2.900000   0.30784849  1.6861287905171326e-02
    2.900000   0.37259260  1.4369685161635138e-02
    2.900000   0.43734549  1.1948175536079703e-02
    2.900000   0.50210377  9.7135979581342621e-03
    2.900000   0.56686560  7.7358659926606782e-03
    2.900000   0.63162987  6.0442593997773117e-03
    2.900000   0.69639591  4.6375660819220647e-03
    2.900000   0.76116325  3.4947401297012507e-03
    2.900000   0.82593158  2.5840588205198111e-03
    2.900000   0.89070068  1.8699585511476667e-03
    2.900000   0.95547037  1.3175395718367808e-03
    2.900000   1.02024053  8.9514321545173744e-04
    2.900000   1.08501108  5.7553103588277180e-04
    2.900000   1.14978193  3.3615770421274591e-04
    2.900000   1.21455301  1.5892443215485675e-04
    2.900000   1.27932429  2.9684735075682024e-05
    2.900000   1.34409571 -6.2323308448569386e-05
    2.900000   1.40886724 -1.2501633105368914e-04
    2.900000   1.47363885 -1.6392268278535004e-04
    2.900000   1.53841049 -1.8253257725595664e-04
    2.900000   1.60318216 -1.8253257344949257e-04
    2.900000   1.66795381 -1.6392267129876356e-04
    2.900000   1.73272541 -1.2501631168181896e-04
    2.900000   1.79749694 -6.2323280835800313e-05
    2.900000   1.86226837  2.9684771462452648e-05
    2.900000   1.92703964  1.5892447807890520e-04
    2.900000   1.99181073  3.3615776076551272e-04
    2.900000   2.05658157  5.7553110465896867e-04
    2.900000   2.12135212  8.9514329885057487e-04
    2.900000   2.18612229  1.3175396735591485e-03
    2.900000   2.25089198  1.8699586769794177e-03
    2.900000   2.31566107  2.5840589794999366e-03
    2.900000   2.38042940  3.4947403357488923e-03
    2.900000   2.44519674  4.6375663559019113e-03
    2.900000   2.50996278  6.0442597717770448e-03
    2.900000   2.57472706  7.7358665039011570e-03
    2.900000   2.63948889  9.7135986614622100e-03
    2.900000   2.70424717  1.1948176493551781e-02
    2.900000   2.76900006  1.4369686437627384e-02
    2.900000   2.83374417  1.6861289554203400e-02
    2.900000   2.89847256  1.9260923289975949e-02
    2.900000   2.96316844  2.1374548356141537e-02
    2.900000   3.02777863  2.3001813070751227e-02
    2.900000   3.09200950  2.3970684639130185e-02
    2.950000   0.04958315  1.9332617885968538e-02
    2.950000   0.11381403  1.8557146939982887e-02
    2.950000   0.17842421  1.7253308438671077e-02
    2.950000   0.24312010  1.5557089559604689e-02
    2.950000   0.30784849  1.3627531782269987e-02
    2.950000   0.37259260  1.1619540668556553e-02
    2.950000   0.43734549  9.6634464782657994e-03
    2.950000   0.50210377  7.8541372117092081e-03
    2.950000   0.56686560  6.2492631979259123e-03
    2.950000   0.63162987  4.8738663456764884e-03
    2.950000   0.69639591  3.7282308878341134e-03
    2.950000   0.76116325  2.7963084065848972e-03
    2.950000   0.82593158  2.0530664491947340e-03
    2.950000   0.89070068  1.4700496065923291e-03
    2.950000   0.95547037  1.0190972292952001e-03
    2.950000   1.02024053  6.7451012384115263e-04
    2.950000   1.08501108  4.1407556580532189e-04
    2.950000   1.14978193  2.1934136062383723e-04
    2.950000   1.21455301  7.5451795471221641e-05
    2.950000   1.27932429 -2.9231357615028734e-05
    2.950000   1.34409571 -1.0357773793211430e-04
    2.950000   1.40886724 -1.5412089638663405e-04
    2.950000   1.47363885 -1.8542789523374149e-04
    2.950000   1.53841049 -2.0038400415551619e-04
    2.950000   1.60318216 -2.0038400091439233e-04
    2.950000   1.66795381 -1.8542788545260287e-04
    2.950000   1.73272541 -1.5412087989060124e-04
    2.950000   1.79749694 -1.0357771442328335e-04
    2.950000   1.86226837 -2.9231326658579338e-05
    2.950000   1.92703964  7.5451834476468103e-05
    2.950000   1.99181073  2.1934140850374094e-04
    2.950000   2.05658157  4.1407562371982548e-04
    2.950000   2.12135212  6.7451019347913573e-04
    2.950000   2.18612229  1.0190973132041348e-03
    2.950000   2.25089198  1.4700497087066565e-03
    2.950000   2.31566107  2.0530665756327755e-03
    2.950000   2.38042940  2.7963085667656882e-03
    2.950000   2.44519674  3.7282310958983151e-03
    2.950000   2.50996278  4.8738666220491025e-03
    2.950000   2.57472706  6.2492635706137573e-03
    2.950000   2.63948889  7.8541377166040875e-03
    2.950000   2.70424717  9.6634471574356517e-03
    2.950000   2.76900006  1.1619541565482575e-02
    2.950000   2.83374417  1.3627532933528514e-02
    2.950000   2.89847256  1.5557090983802663e-02
    2.950000   2.96316844  1.7253310125286241e-02
    2.950000   3.02777863  1.8557148842291041e-02
    2.950000   3.09200950  1.9332619922230003e-02
    3.000000   0.04958315  1.5555511309683703e-02
    3.000000   0.11381403  1.4935396720064926e-02
    3.000000   0.17842421  1.3891739319864829e-02
    3.000000   0.24312010  1.2532023738068627e-02
    3.000000   0.30784849  1.0982446477338417e-02
    3.000000   0.37259260  9.3665671450943472e-03
    3.000000   0.43734549  7.7890499207971522e-03
    3.000000   0.50210377  6.3267875916462142e-03
    3.000000   0.56686560  5.0271475676741924e-03
    3.000000   0.63162987  3.9113680265179503e-03
    3.000000   0.69639591  2.9806300958042991e-03
    3.000000   0.76116325  2.2227094591044695e-03
    3.000000   0.82593158  1.6178630473829461e-03
    3.000000   0.89070068  1.1433418468194346e-03
    3.000000   0.95547037  7.7644879237516700e-04
    3.000000   1.02024053  4.9635135627061470e-04
    3.000000   1.08501108  2.8496440252487819e-04
    3.000000   1.14978193  1.2721296885769571e-04
    3.000000   1.21455301  1.0927371730475129e-05
    3.000000   1.27932429 -7.3446700404122058e-05
    3.000000   1.34409571 -1.3320274564265392e-04
    3.000000   1.40886724 -1.7371998243739209e-04
    3.000000   1.47363885 -1.9876194486472990e-04
    3.000000   1.53841049 -2.1070769327965040e-04
    3.000000   1.60318216 -2.1070769053375772e-04
    3.000000   1.66795381 -1.9876193657684789e-04
    3.000000   1.73272541 -1.7371996845662156e-04
    3.000000   1.79749694 -1.3320272571583087e-04
    3.000000   1.86226837 -7.3446674170609151e-05
    3.000000   1.92703964  1.0927404752558583e-05
    3.000000   1.99181073  1.2721300930288877e-04
    3.000000   2.05658157  2.8496445124466031e-04
    3.000000   2.12135212  4.9635141445469291e-04
    3.000000   2.18612229  7.7644886176470864e-04
    3.000000   2.25089198  1.1433419300578165e-03
    3.000000   2.31566107  1.6178631485539285e-03
    3.000000   2.38042940  2.2227095844947120e-03
    3.000000   2.44519674  2.9806302548792542e-03
    3.000000   2.50996278  3.9113682329972952e-03
    3.000000   2.57472706  5.0271478404223481e-03
    3.000000   2.63948889  6.3267879548733336e-03
    3.000000   2.70424717  7.7890504028757133e-03
    3.000000   2.76900006  9.3665677752932750e-03
    3.000000   2.83374417  1.0982447280163708e-02
    3.000000   2.89847256  1.2532024725792817e-02
    3.000000   2.96316844  1.3891740485057667e-02
    3.000000   3.02777863  1.4935398030925499e-02
    3.000000   3.09200950  1.5555512710922993e-02
    3.050000   0.04958315  1.2483750637255132e-02
    3.050000   0.11381403  1.1988386599791519e-02
    3.050000   0.17842421  1.1153934287840055e-02
    3.050000   0.24312010  1.0065331312549837e-02
    3.050000   0.30784849  8.8226604642102340e-03
    3.050000   0.37259260  7.5243880292509158e-03
    3.050000   0.43734549  6.2544455392098998e-03
    3.050000   0.50210377  5.0750076584500344e-03
    3.050000   0.56686560  4.0248574694407438e-03
    3.050000   0.63162987  3.1218705917051602e-03
    3.050000   0.69639591  2.3677086627107756e-03
    3.050000   0.76116325  1.7530650795938539e-03
    3.050000   0.82593158  1.2623727115739802e-03
    3.050000   0.89070068  8.7745749836762625e-04
    3.050000   0.95547037  5.8004558776915600e-04
    3.050000   1.02024053  3.5327264524005899e-04
    3.050000   1.08501108  1.8243798265098928e-04
    3.050000   1.14978193  5.5248397180537175e-05
    3.050000   1.21455301 -3.8245131468303973e-05
    3.050000   1.27932429 -1.0586878864980090e-04
    3.050000   1.34409571 -1.5360579390440231e-04
    3.050000   1.40886724 -1.8587386476632853e-04
    3.050000   1.47363885 -2.0576624122488712e-04
    3.050000   1.53841049 -2.1523926876628214e-04
    3.050000   1.60318216 -2.1523926645190895e-04
    3.050000   1.66795381 -2.0576623423773527e-04
    3.050000   1.73272541 -1.8587385297482662e-04
    3.050000   1.79749694 -1.5360577709062556e-04
    3.050000   1.86226837 -1.0586876650985569e-04
    3.050000   1.92703964 -3.8245103608763717e-05
    3.050000   1.99181073  5.5248431256084429e-05
    3.050000   2.05658157  1.8243802357578425e-04
    3.050000   2.12135212  3.5327269385518182e-04
    3.050000   2.18612229  5.8004564525656807e-04
    3.050000   2.25089198  8.7745756647789616e-04
    3.050000   2.31566107  1.2623727929849326e-03
    3.050000   2.38042940  1.7530651784273966e-03
    3.050000   2.44519674  2.3677087852016464e-03
    3.050000   2.50996278  3.1218707469431355e-03
    3.050000   2.57472706  4.0248576699892288e-03
    3.050000   2.63948889  5.0750079204926061e-03
    3.050000   2.70424717  6.2544458817497869e-03
    3.050000   2.76900006  7.5243884718937766e-03
    3.050000   2.83374417  8.8226610233330099e-03
    3.050000   2.89847256  1.0065331996268264e-02
    3.050000   2.96316844  1.1153935091009299e-02
    3.050000   3.02777863  1.1988387500913663e-02
    3.050000   3.09200950  1.2483751599111045e-02
    3.100000   0.04958315  9.9891930867999496e-03
    3.100000   0.11381403  9.5939609186022606e-03
    3.100000   0.17842421  8.9276378950914111e-03
    3.100000   0.24312010  8.0573202908631788e-03
    3.100000   0.30784849  7.0623303657516645e-03
    3.100000   0.37259260  6.0210577730667207e-03
    3.100000   0.43734549  5.0007066485084767e-03
    3.100000   0.50210377  4.0514394090792561e-03
    3.100000   0.56686560  3.2049012272393779e-03
    3.100000   0.63162987  2.4760316775776369e-03
    3.100000   0.69639591  1.8666907435649718e-03
    3.100000   0.76116325  1.3697918042765306e-03
    3.100000   0.82593158  9.7306058775107089e-04
    3.100000   0.89070068  6.6198654986787892e-04
    3.100000   0.95547037  4.2187212708307502e-04
    3.100000   1.02024053  2.3908393828893417e-04
    3.100000   1.08501108  1.0169207721331821e-04
    3.100000   1.14978193 -3.0919850696411071e-07
    3.100000   1.21455301 -7.5036224172246133e-05
    3.100000   1.27932429 -1.2888475537370365e-04
    3.100000   1.34409571 -1.6675084628175525e-04
    3.100000   1.40886724 -1.9225292443480501e-04
    3.100000   1.47363885 -2.0792621825049958e-04
    3.100000   1.53841049 -2.1537481437779141e-04
    3.100000   1.60318216 -2.1537481243757799e-04
    3.100000   1.66795381 -2.0792621239096540e-04
    3.100000   1.73272541 -1.9225291454026355e-04
    3.100000   1.79749694 -1.6675083216254898e-04
    3.100000   1.86226837 -1.2888473677000149e-04
    3.100000   1.92703964 -7.5036200756947393e-05
    3.100000   1.99181073 -3.0916988380683314e-07
    3.100000   2.05658157  1.0169211152342853e-04
    3.100000   2.12135212  2.3908397888516790e-04
    3.100000   2.18612229  4.2187217476307543e-04
    3.100000   2.25089198  6.6198660577099818e-04
    3.100000   2.31566107  9.7306065359304751e-04
    3.100000   2.38042940  1.3697918826964339e-03
    3.100000   2.44519674  1.8666908385819602e-03
    3.100000   2.50996278  2.4760317951047659e-03
    3.100000   2.57472706  3.2049013755188968e-03
    3.100000   2.63948889  4.0514395988000395e-03
    3.100000   2.70424717  5.0007068922798244e-03
    3.100000   2.76900006  6.0210580839313351e-03
    3.100000   2.83374417  7.0623307546092071e-03
    3.100000   2.89847256  8.0573207630917302e-03
    3.100000   2.96316844  8.9276384472034530e-03
    3.100000   3.02777863  9.5939615361897001e-03
    3.100000   3.09200950  9.9891937449700201e-03
    3.150000   0.04958315  7.9664522143772110e-03
    3.150000   0.11381403  7.6515522571487743e-03
    3.150000   0.17842421  7.1202696527206460e-03
    3.150000   0.24312010  6.4255798398384755e-03
    3.150000   0.30784849  5.6303022537795315e-03
    3.150000   0.37259260  4.7967726336220935e-03
    3.150000   0.43734549  3.9787146048469836e-03
    3.150000   0.50210377  3.2165061908263899e-03
    3.150000   0.56686560  2.5358788340103058e-03
    3.150000   0.63162987  1.9492348131434920e-03
    3.150000   0.69639591  1.4584475814217782e-03
    3.150000   0.76116325  1.0581151833597795e-03
    3.150000   0.82593158  7.3855717489674621e-04
    3.150000   0.89070068  4.8819359214534642e-04
    3.150000   0.95547037  2.9521492028300835e-04
    3.150000   1.02024053  1.4861487896880528e-04
    3.150000   1.08501108  3.8728531953918590e-05
    3.150000   1.14978193 -4.2571939590332055e-05
    3.150000   1.21455301 -1.0189301881806955e-04
    3.150000   1.27932429 -1.4444862819372749e-04
    3.150000   1.34409571 -1.7423451874838940e-04
    3.150000   1.40886724 -1.9420600349479903e-04
    3.150000   1.47363885 -2.0643473063106419e-04
    3.150000   1.53841049 -2.1223185860077545e-04
    3.150000   1.60318216 -2.1223185698350365e-04
    3.150000   1.66795381 -2.0643472574470169e-04
    3.150000   1.73272541 -1.9420599523695288e-04
    3.150000   1.79749694 -1.7423450695251450e-04
    3.150000   1.86226837 -1.4444861263485610e-04
    3.150000   1.92703964 -1.0189299921952282e-04
    3.150000   1.99181073 -4.2571915629030146e-05
    3.150000   2.05658157  3.8728560648219181e-05
    3.150000   2.12135212  1.4861491282850138e-04
    3.150000   2.18612229  2.9521495984439632e-04
    3.150000   2.25089198  4.8819363813440349e-04
    3.150000   2.31566107  7.3855722837879139e-04
    3.150000   2.38042940  1.0581152459693322e-03
    3.150000   2.44519674  1.4584476556731044e-03
    3.150000   2.50996278  1.9492349027873032e-03
    3.150000   2.57472706  2.5358789443445749e-03
    3.150000   2.63948889  3.2165063287969177e-03
    3.150000   2.70424717  3.9787147787149913e-03
    3.150000   2.76900006  4.7967728519820677e-03
    3.150000   2.83374417  5.6303025238414921e-03
    3.150000   2.89847256  6.4255801651709578e-03
    3.150000   2.96316844  7.1202700310178425e-03
    3.150000   3.02777863  7.6515526788604044e-03
    3.150000   3.09200950  7.9664526629980338e-03
    3.200000   0.04958315  6.3289601561261595e-03
    3.200000   0.11381403  6.0784713498284910e-03
    3.200000   0.17842421  5.6555820688724877e-03
    3.200000   0.24312010  5.1020901165718165e-03
    3.200000   0.30784849  4.4676988536593836e-03
    3.200000   0.37259260  3.8019141885937214e-03
    3.200000   0.43734549  3.1476079572483489e-03
    3.200000   0.50210377  2.5372034999844723e-03
    3.200000   0.56686560  1.9915492060763166e-03
    3.200000   0.63162987  1.5208739541191364e-03
    3.200000   0.69639591  1.1269493634337466e-03
    3.200000   0.76116325  8.0564877915090857e-04
    3.200000   0.82593158  5.4933319276807607e-04
    3.200000   0.89070068  3.4876473814748823e-04
    3.200000   0.95547037  1.9446354482077337e-04
    3.200000   1.02024053  7.7556650192958001e-05
    3.200000   1.08501108 -9.7721078670301076e-06
    3.200000   1.14978193 -7.4111328591770908e-05
    3.200000   1.21455301 -1.2082577420504782e-04
    3.200000   1.27932429 -1.5415473650903013e-04
    3.200000   1.34409571 -1.7734986217762160e-04
    3.200000   1.40886724 -1.9281744354728874e-04
    3.200000   1.47363885 -2.0224480833287391e-04
    3.200000   1.53841049 -2.0670004801921768e-04
    3.200000   1.60318216 -2.0670004667945924e-04
    3.200000   1.66795381 -2.0224480428278864e-04
    3.200000   1.73272541 -1.9281743669580392e-04
    3.200000   1.79749694 -1.7734985237746037e-04
    3.200000   1.86226837 -1.5415472356335104e-04
    3.200000   1.92703964 -1.2082575787620175e-04
    3.200000   1.99181073 -7.4111308610767714e-05
    3.200000   2.05658157 -9.7720839406767317e-06
    3.200000   2.12135212  7.7556678382804860e-05
    3.200000   2.18612229  1.9446357763487523e-04
    3.200000   2.25089198  3.4876477603644230e-04
    3.200000   2.31566107  5.4933323636415486e-04
    3.200000   2.38042940  8.0564882941760400e-04
    3.200000   2.44519674  1.1269494218755765e-03
    3.200000   2.50996278  1.5208740230299885e-03
    3.200000   2.57472706  1.9915492887645548e-03
    3.200000   2.63948889  2.5372036008627498e-03
    3.200000   2.70424717  3.1476080816352859e-03
    3.200000   2.76900006  3.8019143420784684e-03
    3.200000   2.83374417  4.4676990409695657e-03
    3.200000   2.89847256  5.1020903400755512e-03
    3.200000   2.96316844  5.6555823270919899e-03
    3.200000   3.02777863  6.0784716365243144e-03
    3.200000   3.09200950  6.3289604604800749e-03
    3.250000   0.04958315  5.0056859932365609e-03
    3.250000   0.11381403  4.8068087365731411e-03
    3.250000   0.17842421  4.4708599836503242e-03
    3.250000   0.24312010  4.0307893204636286e-03
    3.250000   0.30784849  3.5258782291121005e-03
    3.250000   0.37259260  2.9953856578529168e-03
    3.250000   0.43734549  2.4734574702940967e-03
    3.250000   0.50210377  1.9860617237376739e-03
    3.250000   0.56686560  1.5500275663585252e-03
    3.250000   0.63162987  1.1737365418318015e-03
    3.250000   0.69639591  8.5879208098111216e-04
    3.250000   0.76116325  6.0203079330415341e-04
    3.250000   0.82593158  3.9741926023695930e-04
    3.250000   0.89070068  2.3758986483957229e-04
    3.250000   0.95547037  1.1493996760442980e-04
    3.250000   1.02024053  2.2326761473841057e-05
    3.250000   1.08501108 -4.6559047246953087e-05
    3.250000   1.14978193 -9.7046486541482022e-05
    3.250000   1.21455301 -1.3348090381111420e-04
    3.250000   1.27932429 -1.5929934645399994e-04
    3.250000   1.34409571 -1.7713967928735994e-04
    3.250000   1.40886724 -1.8895458368415065e-04
    3.250000   1.47363885 -1.9611346277067170e-04
    3.250000   1.53841049 -1.9948316151909386e-04
    3.250000   1.60318216 -1.9948316041679023e-04
    3.250000   1.66795381 -1.9611345943622196e-04
    3.250000   1.73272541 -1.8895457803627278e-04
    3.250000   1.79749694 -1.7713967119512689e-04
    3.250000   1.86226837 -1.5929933574374634e-04
    3.250000   1.92703964 -1.3348089027602394e-04
    3.250000   1.99181073 -9.7046469953171341e-05
    3.250000   2.05658157 -4.6559027367115741e-05
    3.250000   2.12135212  2.2326784885501169e-05
    3.250000   2.18612229  1.1493999479246393e-04
    3.250000   2.25089198  2.3758989607460028e-04
    3.250000   2.31566107  3.9741929586860982e-04
    3.250000   2.38042940  6.0203083385586330e-04
    3.250000   2.44519674  8.5879212729059716e-04
    3.250000   2.50996278  1.1737365952243816e-03
    3.250000   2.57472706  1.5500276288125771e-03
    3.250000   2.63948889  1.9860617979662086e-03
    3.250000   2.70424717  2.4734575596373244e-03
    3.250000   2.76900006  2.9953857658788622e-03
    3.250000   2.83374417  3.5258783588818141e-03
    3.250000   2.89847256  4.0307894735462152e-03
    3.250000   2.96316844  4.4708601591379312e-03
    3.250000   3.02777863  4.8068089304672771e-03
    3.250000   3.09200950  5.0056861985559656e-03
    3.300000   0.04958315  3.9384076946023918e-03
    3.300000   0.11381403  3.7808543076162156e-03
    3.300000   0.17842421  3.5145807702373225e-03
    3.300000   0.24312010  3.1655328592559754e-03
    3.300000   0.30784849  2.7647135924921931e-03
    3.300000   0.37259260  2.3432033148854539e-03
    3.300000   0.43734549  1.9281392681510486e-03
    3.300000   0.50210377  1.5402604990997506e-03
    3.300000   0.56686560  1.1930979658138887e-03
    3.300000   0.63162987  8.9347386408213374e-04
    3.300000   0.69639591  6.4279082248605243e-04
    3.300000   0.76116325  4.3861163160862260e-04
    3.300000   0.82593158  2.7616504484965110e-04
    3.300000   0.89070068  1.4957582876375764e-04
    3.300000   0.95547037  5.2752512503875790e-05
    3.300000   1.02024053 -2.0046262618529490e-05
    3.300000   1.08501108 -7.3903371383817295e-05
    3.300000   1.14978193 -1.1311878760352596e-04
    3.300000   1.21455301 -1.4120244410634455e-04
    3.300000   1.27932429 -1.6093231073095499e-04
    3.300000   1.34409571 -1.7444100472381935e-04
    3.300000   1.40886724 -1.8330723203272163e-04
    3.300000   1.47363885 -1.8863798442836710e-04
    3.300000   1.53841049 -1.9113386844970003e-04
    3.300000   1.60318216 -1.9113386754972307e-04
    3.300000   1.66795381 -1.8863798170378068e-04
    3.300000   1.73272541 -1.8330722741082244e-04
    3.300000   1.79749694 -1.7444099808779356e-04
    3.300000   1.86226837 -1.6093230192660847e-04
    3.300000   1.92703964 -1.4120243295177889e-04
    3.300000   1.99181073 -1.1311877390146785e-04
    3.300000   2.05658157 -7.3903354935494394e-05
    3.300000   2.12135212 -2.0046243236503019e-05
    3.300000   2.18612229  5.2752534988516025e-05
    3.300000   2.25089198  1.4957585450689728e-04
    3.300000   2.31566107  2.7616507402132003e-04
    3.300000   2.38042940  4.3861166445074247e-04
    3.300000   2.44519674  6.4279085940532074e-04
    3.300000   2.50996278  8.9347390577123903e-04
    3.300000   2.57472706  1.1930980133748345e-03
    3.300000   2.63948889  1.5402605541179934e-03
    3.300000   2.70424717  1.9281393326483550e-03
    3.300000   2.76900006  2.3432033910792661e-03
    3.300000   2.83374417  2.7647136823288317e-03
    3.300000   2.89847256  3.1655329637709983e-03
    3.300000   2.96316844  3.5145808889071595e-03
    3.300000   3.02777863  3.7808544379460988e-03
    3.300000   3.09200950  3.9384078321824997e-03
    3.350000   0.04958315  3.0794492768455250e-03
    3.350000   0.11381403  2.9549533313715727e-03
    3.350000   0.17842421  2.7444648340815185e-03
    3.350000   0.24312010  2.4683866580101164e-03
    3.350000   0.30784849  2.1511486657345416e-03
    3.350000   0.37259260  1.8173083061119300e-03
    3.350000   0.43734549  1.4883802426348923e-03
    3.350000   0.50210377  1.1808755803619463e-03
    3.350000   0.56686560  9.0562680130997712e-04
    3.350000   0.63162987  6.6814815038895013e-04
    3.350000   0.69639591  4.6963147947016402e-04
    3.350000   0.76116325  3.0818620522072367e-04
    3.350000   0.82593158  1.8003299127926432e-04
    3.350000   0.89070068  8.0486717967734718e-05
    3.350000   0.95547037  4.6712445752771939e-06
    3.350000   1.02024053 -5.2020987098645450e-05
    3.350000   1.08501108 -9.3676140850649736e-05
    3.350000   1.14978193 -1.2375485937749433e-04
    3.350000   1.21455301 -1.4508370545740718e-04
    3.350000   1.27932429 -1.5990026635847722e-04
    3.350000   1.34409571 -1.6992213837027179e-04
    3.350000   1.40886724 -1.7642039829288085e-04
    3.350000   1.47363885 -1.8028595282280115e-04
    3.350000   1.53841049 -1.8208241894390211e-04
    3.350000   1.60318216 -1.8208241821558637e-04
    3.350000   1.66795381 -1.8028595061576422e-04
    3.350000   1.73272541 -1.7642039454202432e-04
    3.350000   1.79749694 -1.6992213297112359e-04
    3.350000   1.86226837 -1.5990025917351876e-04
    3.350000   1.92703964 -1.4508369632533917e-04
    3.350000   1.99181073 -1.2375484812546630e-04
    3.350000   2.05658157 -9.3676127308853200e-05
    3.350000   2.12135212 -5.2020971115553965e-05
    3.350000   2.18612229  4.6712631203203442e-06
    3.350000   2.25089198  8.0486739159915256e-05
    3.350000   2.31566107  1.8003301517872974e-04
    3.350000   2.38042940  3.0818623189553566e-04
    3.350000   2.44519674  4.6963150905661547e-04
    3.350000   2.50996278  6.6814818317646643e-04
    3.350000   2.57472706  9.0562683783416726e-04
    3.350000   2.63948889  1.1808756214716654e-03
    3.350000   2.70424717  1.4883802894836461e-03
    3.350000   2.76900006  1.8173083600225562e-03
    3.350000   2.83374417  2.1511487279117511e-03
    3.350000   2.89847256  2.4683867291322632e-03
    3.350000   2.96316844  2.7444649138777806e-03
    3.350000   3.02777863  2.9549534183448529e-03
    3.350000   3.09200950  3.0794493682944164e-03
    3.400000   0.04958315  2.3898075214748662e-03
    3.400000   0.11381403  2.2917288883543647e-03
    3.400000   0.17842421  2.1258551230040482e-03
    3.400000   0.24312010  1.9082036796398871e-03
    3.400000   0.30784849  1.6579880322856472e-03
    3.400000   0.37259260  1.3945676179092834e-03
    3.400000   0.43734549  1.1349521610092127e-03
    3.400000   0.50210377  8.9224066042664250e-04
    3.400000   0.56686560  6.7506428266887373e-04
    3.400000   0.63162987  4.8784664932854119e-04
    3.400000   0.69639591  3.3157349009874668e-04
    3.400000   0.76116325  2.0476530065006795e-04
    3.400000   0.82593158  1.0442219382143014e-04
    3.400000   0.89070068  2.6807604125468976e-05
    3.400000   0.95547037 -3.1978101275717025e-05
    3.400000   1.02024053 -7.5626338914001881e-05
    3.400000   1.08501108 -1.0741444846947309e-04
    3.400000   1.14978193 -1.3011965516960435e-04
    3.400000   1.21455301 -1.4601058843780696e-04
    3.400000   1.27932429 -1.5688269208347021e-04
    3.400000   1.34409571 -1.6411341542753530e-04
    3.400000   1.40886724 -1.6872137917216005e-04
    3.400000   1.47363885 -1.7141999159235995e-04
    3.400000   1.53841049 -1.7266027017501099e-04
    3.400000   1.60318216 -1.7266026959170407e-04
    3.400000   1.66795381 -1.7141998982264905e-04
    3.400000   1.73272541 -1.6872137615773589e-04
    3.400000   1.79749694 -1.6411341107485045e-04
    3.400000   1.86226837 -1.5688268626951401e-04
    3.400000   1.92703964 -1.4601058101869279e-04
    3.400000   1.99181073 -1.3011964599217774e-04
    3.400000   2.05658157 -1.0741443738566076e-04
    3.400000   2.12135212 -7.5626325796840458e-05
    3.400000   2.18612229 -3.1978086034621943e-05
    3.400000   2.25089198  2.6807621534197782e-05
    3.400000   2.31566107  1.0442221339449172e-04
    3.400000   2.38042940  2.0476532235375641e-04
    3.400000   2.44519674  3.3157351390708214e-04
    3.400000   2.50996278  4.8784667528273392e-04
    3.400000   2.57472706  6.7506431094836803e-04
    3.400000   2.63948889  8.9224069140916493e-04
    3.400000   2.70424717  1.1349521952857078e-03
    3.400000   2.76900006  1.3945676562171912e-03
    3.400000   2.83374417  1.6579880753400690e-03
    3.400000   2.89847256  1.9082037278795711e-03
    3.400000   2.96316844  2.1258551763191605e-03
    3.400000   3.02777863  2.2917289459001046e-03
    3.400000   3.09200950  2.3898075816715823e-03
    3.450000   0.04958315  1.8376038535247252e-03
    3.450000   0.11381403  1.7606108124610222e-03
    3.450000   0.17842421  1.6303728838119281e-03
    3.450000   0.24312010  1.4594393943981859e-03
    3.450000   0.30784849  1.2628868563167215e-03
    3.450000   0.37259260  1.0559364423647060e-03
    3.450000   0.43734549  8.5199335601181085e-04
    3.450000   0.50210377  6.6140829681189640e-04
    3.450000   0.56686560  4.9102201412053366e-04
    3.450000   0.63162987  3.4435382801686220e-04
    3.450000   0.69639591  2.2219692886001839e-04
    3.450000   0.76116325  1.2338089731148450e-04
    3.450000   0.82593158  4.5518429646071006e-05
    3.450000   0.89070068 -1.4371358210427222e-05
    3.450000   0.95547037 -5.9404188017510566e-05
    3.450000   1.02024053 -9.2532130680001177e-05
    3.450000   1.08501108 -1.1637717609689916e-04
    3.450000   1.14978193 -1.3316107298633569e-04
    3.450000   1.21455301 -1.4469783869045061e-04
    3.450000   1.27932429 -1.5242194521480773e-04
    3.450000   1.34409571 -1.5743271868550761e-04
    3.450000   1.40886724 -1.6054212076229479e-04
    3.450000   1.47363885 -1.6231814042115338e-04
    3.450000   1.53841049 -1.6311949463848407e-04
    3.450000   1.60318216 -1.6311949417711344e-04
    3.450000   1.66795381 -1.6231813901932513e-04
    3.450000   1.73272541 -1.6054211836779799e-04
    3.450000   1.79749694 -1.5743271521454608e-04
    3.450000   1.86226837 -1.5242194055716134e-04
    3.450000   1.92703964 -1.4469783271725165e-04
    3.450000   1.99181073 -1.3316106556074950e-04
    3.450000   2.05658157 -1.1637716708767886e-04
    3.450000   2.12135212 -9.2532119977252879e-05
    3.450000   2.18612229 -5.9404175548900892e-05
    3.450000   2.25089198 -1.4371343954787110e-05
    3.450000   2.31566107  4.5518445652284214e-05
    3.450000   2.38042940  1.2338091498019353e-04
    3.450000   2.44519674  2.2219694807465182e-04
    3.450000   2.50996278  3.4435384867394973e-04
    3.450000   2.57472706  4.9102203618443341e-04
    3.450000   2.63948889  6.6140832036803694e-04
    3.450000   2.70424717  8.5199338129488607e-04
    3.450000   2.76900006  1.0559364697355076e-03
    3.450000   2.83374417  1.2628868861706733e-03
    3.450000   2.89847256  1.4594394270131730e-03
    3.450000   2.96316844  1.6303729191762353e-03
    3.450000   3.02777863  1.7606108501479431e-03
    3.450000   3.09200950  1.8376038926796771e-03
    3.500000   0.04958315  1.3968068728116196e-03
    3.500000   0.11381403  1.3366202569180387e-03
    3.500000   0.17842421  1.2348045726390915e-03
    3.500000   0.24312010  1.1011680718799976e-03
    3.500000   0.30784849  9.4750900785517346e-04
    3.500000   0.37259260  7.8575760286723453e-04
    3.500000   0.43734549  6.2643931873050890e-04
    3.500000   0.50210377  4.7769582537087715e-04
    3.500000   0.56686560  3.4491609778949413e-04
    3.500000   0.63162987  2.3087374488564111e-04
    3.500000   0.69639591  1.3618793980334839e-04
    3.500000   0.76116325  5.9920849709879839e-05
    3.500000   0.82593158  1.6680358239346833e-07
    3.500000   0.89070068 -4.5453278613444978e-05
    3.500000   0.95547037 -7.9426376736757413e-05
    3.500000   1.02024053 -1.0410865676315626e-04
    3.500000   1.08501108 -1.2159195970327310e-04
    3.500000   1.14978193 -1.3364739237246701e-04
    3.500000   1.21455301 -1.4171933083338345e-04
    3.500000   1.27932429 -1.4694823163218320e-04
    3.500000   1.34409571 -1.5020658527852384e-04
    3.500000   1.40886724 -1.5213763821387164e-04
    3.500000   1.47363885 -1.5319057802443313e-04
    3.500000   1.53841049 -1.5364868213739514e-04
    3.500000   1.60318216 -1.5364868177806582e-04
    3.500000   1.66795381 -1.5319057693060302e-04
    3.500000   1.73272541 -1.5213763633882676e-04
    3.500000   1.79749694 -1.5020658254722647e-04
    3.500000   1.86226837 -1.4694822794581022e-04
    3.500000   1.92703964 -1.4171932607623568e-04
    3.500000   1.99181073 -1.3364738642159511e-04
    3.500000   2.05658157 -1.2159195244092129e-04
    3.500000   2.12135212 -1.0410864809164426e-04
    3.500000   2.18612229 -7.9426366594525632e-05
    3.500000   2.25089198 -4.5453266989917107e-05
    3.500000   2.31566107  1.6681663680958314e-07
    3.500000   2.38042940  5.9920864083135192e-05
    3.500000   2.44519674  1.3618795533483141e-04
    3.500000   2.50996278  2.3087376139515863e-04
    3.500000   2.57472706  3.4491611511975408e-04
    3.500000   2.63948889  4.7769584343417909e-04
    3.500000   2.70424717  6.2643933754340784e-04
    3.500000   2.76900006  7.8575762255398915e-04
    3.500000   2.83374417  9.4750902860573174e-04
    3.500000   2.89847256  1.1011680938643291e-03
    3.500000   2.96316844  1.2348045959013308e-03
    3.500000   3.02777863  1.3366202812922501e-03
    3.500000   3.09200950  1.3968068979017961e-03
    3.550000   0.04958315  1.0461796198974862e-03
    3.550000   0.11381403  9.9936689167242471e-04
    3.550000   0.17842421  9.2018162139035123e-04
    3.550000   0.24312010  8.1626729417757181e-04
    3.550000   0.30784849  6.9682691241451818e-04
    3.550000   0.37259260  5.7117689529534389e-04
    3.550000   0.43734549  4.4754584260792743e-04
    3.550000   0.50210377  3.3230382311315516e-04
    3.550000   0.56686560  2.2966638048658677e-04
    3.550000   0.63162987  1.4179553723941494e-04
    3.550000   0.69639591  6.9157178962345826e-05
    3.550000   0.76116325  1.0988866691516530e-05
    3.550000   0.82593158 -3.4236135963371545e-05
    3.550000   0.89070068 -6.8417784520378395e-05
    3.550000   0.95547037 -9.3539218160369341e-05
    3.550000   1.02024053 -1.1147694704323612e-04
    3.550000   1.08501108 -1.2389466762009413e-04
    3.550000   1.14978193 -1.3219862183761819e-04
    3.550000   1.21455301 -1.3753331331080369e-04
    3.550000   1.27932429 -1.4080031962412343e-04
    3.550000   1.34409571 -1.4268762896155112e-04
    3.550000   1.40886724 -1.4370115041773844e-04
    3.550000   1.47363885 -1.4419331339463813e-04
    3.550000   1.53841049 -1.4438593290271514e-04
    3.550000   1.60318216 -1.4438593262833436e-04
    3.550000   1.66795381 -1.4419331255734584e-04
    3.550000   1.73272541 -1.4370114897579262e-04
    3.550000   1.79749694 -1.4268762684781265e-04
    3.550000   1.86226837 -1.4080031674999904e-04
    3.550000   1.92703964 -1.3753330957229999e-04
    3.550000   1.99181073 -1.3219861712387065e-04
    3.550000   2.05658157 -1.2389466182456652e-04
    3.550000   2.12135212 -1.1147694007737750e-04
    3.550000   2.18612229 -9.3539209968838499e-05
    3.550000   2.25089198 -6.8417775095994880e-05
    3.550000   2.31566107 -3.4236125358813806e-05
    3.550000   2.38042940  1.0988878359063698e-05
    3.550000   2.44519674  6.9157191517595838e-05
    3.550000   2.50996278  1.4179555046905579e-04
    3.550000   2.57472706  2.2966639417242943e-04
    3.550000   2.63948889  3.3230383707266790e-04
    3.550000   2.70424717  4.4754585673097131e-04
    3.550000   2.76900006  5.7117690956288829e-04
    3.550000   2.83374417  6.9682692688748939e-04
    3.550000   2.89847256  8.1626730895376814e-04
    3.550000   2.96316844  9.2018163654204190e-04
    3.550000   3.02777863  9.9936690718987662e-04
    3.550000   3.09200950  1.0461796356658836e-03
    3.600000   0.04958315  7.6841305729859254e-04
    3.600000   0.11381403  7.3222257111895609e-04
    3.600000   0.17842421  6.7102070366872966e-04
    3.600000   0.24312010  5.9074298187466166e-04
    3.600000   0.30784849  4.9854029158595645e-04
    3.600000   0.37259260  4.0165611860862728e-04
    3.600000   0.43734549  3.0649052495821717e-04
    3.600000   0.50210377  2.1799625666479367e-04
    3.600000   0.56686560  1.3944361299268984e-04
    3.600000   0.63162987  7.2495809144590377e-05
    3.600000   0.69639591  1.7486562978945405e-05
    3.600000   0.76116325 -2.6213796750698567e-05
    3.600000   0.82593158 -5.9833571507938536e-05
    3.600000   0.89070068 -8.4891337665406836e-05
    3.600000   0.95547037 -1.0296684384428255e-04
    3.600000   1.02024053 -1.1555105364689044e-04
    3.600000   1.08501108 -1.2396251746036617e-04
    3.600000   1.14978193 -1.2931269392839543e-04
    3.600000   1.21455301 -1.3250340882170087e-04
    3.600000   1.27932429 -1.3424268519418285e-04
    3.600000   1.34409571 -1.3506888672811310e-04
    3.600000   1.40886724 -1.3537648297710973e-04
    3.600000   1.47363885 -1.3543936314512465e-04
    3.600000   1.53841049 -1.3542944241153469e-04
    3.600000   1.60318216 -1.3542944220746618e-04
    3.600000   1.66795381 -1.3543936252030726e-04
    3.600000   1.73272541 -1.3537648189429973e-04
    3.600000   1.79749694 -1.3506888512731049e-04
    3.600000   1.86226837 -1.3424268299602686e-04
    3.600000   1.92703964 -1.3250340593270722e-04
    3.600000   1.99181073 -1.2931269024841973e-04
    3.600000   2.05658157 -1.2396251289252094e-04
    3.600000   2.12135212 -1.1555104810984118e-04
    3.600000   2.18612229 -1.0296683728627860e-04
    3.600000   2.25089198 -8.4891330078613880e-05
    3.600000   2.31566107 -5.9833562940642413e-05
    3.600000   2.38042940 -2.6213787314173005e-05
    3.600000   2.44519674  1.7486573112498758e-05
    3.600000   2.50996278  7.2495819755814068e-05
    3.600000   2.57472706  1.3944362384101441e-04
    3.600000   2.63948889  2.1799626752329806e-04
    3.600000   2.70424717  3.0649053564969054e-04
    3.600000   2.76900006  4.0165612903219933e-04
    3.600000   2.83374417  4.9854030172429031e-04
    3.600000   2.89847256  5.9074299177763973e-04
    3.600000   2.96316844  6.7102071341912308e-04
    3.600000   3.02777863  7.3222258079484444e-04
    3.600000   3.09200950  7.6841306694959346e-04
    3.650000   0.04958315  5.4941356882748122e-04
    3.650000   0.11381403  5.2164117590472057e-04
    3.650000   0.17842421  4.7469728329557016e-04
    3.650000   0.24312010  4.1317150212490008e-04
    3.650000   0.30784849  3.4259436636991438e-04
    3.650000   0.37259260  2.6856818475905615e-04
    3.650000   0.43734549  1.9604039130589171e-04
    3.650000   0.50210377  1.2883289775899516e-04
    3.650000   0.56686560  6.9457351765964958e-05
    3.650000   0.63162987  1.9172487799671182e-05
    3.650000   0.69639591 -2.1799794190650614e-05
    3.650000   0.76116325 -5.3988074354130517e-05
    3.650000   0.82593158 -7.8385296507364684e-05
    3.650000   0.89070068 -9.6206493445200750e-05
    3.650000   0.95547037 -1.0870874112345044e-04
    3.650000   1.02024053 -1.1707355976575837e-04
    3.650000   1.08501108 -1.2234179979278686e-04
    3.650000   1.14978193 -1.2538730957906350e-04
    3.650000   1.21455301 -1.2691604647915722e-04
    3.650000   1.27932429 -1.2747967099329796e-04
    3.650000   1.34409571 -1.2749560288064787e-04
    3.650000   1.40886724 -1.2726820405063480e-04
    3.650000   1.47363885 -1.2700784861717059e-04
    3.650000   1.53841049 -1.2684609652198413e-04
    3.650000   1.60318216 -1.2684609637574689e-04
    3.650000   1.66795381 -1.2700784816723154e-04
    3.650000   1.73272541 -1.2726820326382213e-04
    3.650000   1.79749694 -1.2749560170342866e-04
    3.650000   1.86226837 -1.2747966935466548e-04
    3.650000   1.92703964 -1.2691604429512744e-04
    3.650000   1.99181073 -1.2538730675913662e-04
    3.650000   2.05658157 -1.2234179624861811e-04
    3.650000   2.12135212 -1.1707355542206985e-04
    3.650000   2.18612229 -1.0870873593069204e-04
    3.650000   2.25089198 -9.6206487392865128e-05
    3.650000   2.31566107 -7.8385289635975457e-05
    3.650000   2.38042940 -5.3988066763144647e-05
    3.650000   2.44519674 -2.1799786039147213e-05
    3.650000   2.50996278  1.9172496302258526e-05
    3.650000   2.57472706  6.9457360380217106e-05
    3.650000   2.63948889  1.2883290624521573e-04
    3.650000   2.70424717  1.9604039945788590e-04
    3.650000   2.76900006  2.6856819243394758e-04
    3.650000   2.83374417  3.4259437350552717e-04
    3.650000   2.89847256  4.1317150873966253e-04
    3.650000   2.96316844  4.7469728947212232e-04
    3.650000   3.02777863  5.2164118176502468e-04
    3.650000   3.09200950  5.4941357451001953e-04
    3.700000   0.04958315  3.7771764721058489e-04
    3.700000   0.11381403  3.5659933028937395e-04
    3.700000   0.17842421  3.2092963697842862e-04
    3.700000   0.24312010  2.7423912923523836e-04
    3.700000   0.30784849  2.2078107195523861e-04
    3.700000   0.37259260  1.6486101004428252e-04
    3.700000   0.43734549  1.1027515774997653e-04
    3.700000   0.50210377  5.9945889874460980e-05
    3.700000   0.56686560  1.5778396103762766e-05
    3.700000   0.63162987 -2.1294570104189795e-05
    3.700000   0.69639591 -5.1144041203347643e-05
    3.700000   0.76116325 -7.4220984410764714e-05
    3.700000   0.82593158 -9.1332402645576520e-05
    3.700000   0.89070068 -1.0345173594608216e-04
    3.700000   0.95547037 -1.1157819632348733e-04
    3.700000   1.02024053 -1.1664533548256125e-04
    3.700000   1.08501108 -1.1947103903271021e-04
    3.700000   1.14978193 -1.2073811594716239e-04
    3.700000   1.21455301 -1.2099489986409531e-04
    3.700000   1.27932429 -1.2066715080350865e-04
    3.700000   1.34409571 -1.2007488221223336e-04
    3.700000   1.40886724 -1.1944988245843612e-04
    3.700000   1.47363885 -1.1895137526367057e-04
    3.700000   1.53841049 -1.1867842637020839e-04
    3.700000   1.60318216 -1.1867842627118990e-04
    3.700000   1.66795381 -1.1895137495664414e-04
    3.700000   1.73272541 -1.1944988191391139e-04
    3.700000   1.79749694 -1.2007488138253057e-04
    3.700000   1.86226837 -1.2066714962519663e-04
    3.700000   1.92703964 -1.2099489826181691e-04
    3.700000   1.99181073 -1.2073811383917727e-04
    3.700000   2.05658157 -1.1947103633840984e-04
    3.700000   2.12135212 -1.1664533213202576e-04
    3.700000   2.18612229 -1.1157819226875675e-04
    3.700000   2.25089198 -1.0345173117324819e-04
    3.700000   2.31566107 -9.1332397186101661e-05
    3.700000   2.38042940 -7.4220978349695804e-05
    3.700000   2.44519674 -5.1144034681670510e-05
    3.700000   2.50996278 -2.1294563312746451e-05
    3.700000   2.57472706  1.5778402940251278e-05
    3.700000   2.63948889  5.9945896522516459e-05
    3.700000   2.70424717  1.1027516399802685e-04
    3.700000   2.76900006  1.6486101573272185e-04
    3.700000   2.83374417  2.2078107699877630e-04
    3.700000   2.89847256  2.7423913363208420e-04
    3.700000   2.96316844  3.2092964080505644e-04
    3.700000   3.02777863  3.5659933368424195e-04
    3.700000   3.09200950  3.7771765035314662e-04
    3.750000   0.04958315  2.4401147123668954e-04
    3.750000   0.11381403  2.2813692938038199e-04
    3.750000   0.17842421  2.0135429729807507e-04
    3.750000   0.24312010  1.6636230416154415e-04
    3.750000   0.30784849  1.2640940988888825e-04
    3.750000   0.37259260  8.4778910906979857e-05
    3.750000   0.43734549  4.4357190353757485e-05
    3.750000   0.50210377  7.3535091057507180e-06
    3.750000   0.56686560 -2.4809583699465572e-05
    3.750000   0.63162987 -5.1460298962139928e-05
    3.750000   0.69639591 -7.2545550184696729e-05
    3.750000   0.76116325 -8.8456056547272515e-05
    3.750000   0.82593158 -9.9851595391437761e-05
    3.750000   0.89070068 -1.0751330088083571e-04
    3.750000   0.95547037 -1.1223451418367347e-04
    3.750000   1.02024053 -1.1475042140869644e-04
    3.750000   1.08501108 -1.1570030215118179e-04
    3.750000   1.14978193 -1.1561380042160231e-04
    3.750000   1.21455301 -1.1491281756229926e-04
    3.750000   1.27932429 -1.1392211448095930e-04
    3.750000   1.34409571 -1.1288357478457009e-04
    3.750000   1.40886724 -1.1197079383896968e-04
    3.750000   1.47363885 -1.1130199679580765e-04
    3.750000   1.53841049 -1.1095021419763989e-04
    3.750000   1.60318216 -1.1095021413685395e-04
    3.750000   1.66795381 -1.1130199660461257e-04
    3.750000   1.73272541 -1.1197079349120140e-04
    3.750000   1.79749694 -1.1288357423784424e-04
    3.750000   1.86226837 -1.1392211367871658e-04
    3.750000   1.92703964 -1.1491281643703415e-04
    3.750000   1.99181073 -1.1561379889958230e-04
    3.750000   2.05658157 -1.1570030015890737e-04
    3.750000   2.12135212 -1.1475041888119696e-04
    3.750000   2.18612229 -1.1223451107441678e-04
    3.750000   2.25089198 -1.0751329717254018e-04
    3.750000   2.31566107 -9.9851591106493183e-05
    3.750000   2.38042940 -8.8456051755784698e-05
    3.750000   2.44519674 -7.2545545007792834e-05
    3.750000   2.50996278 -5.1460293568142742e-05
    3.750000   2.57472706 -2.4809578291380767e-05
    3.750000   2.63948889  7.3535143113245584e-06
    3.750000   2.70424717  4.4357195153831689e-05
    3.750000   2.76900006  8.4778915140777469e-05
    3.750000   2.83374417  1.2640941346182596e-04
    3.750000   2.89847256  1.6636230705929209e-04
    3.750000   2.96316844  2.0135429958795457e-04
    3.750000   3.02777863  2.2813693120094509e-04
    3.750000   3.09200950  2.4401147277893805e-04
    3.800000   0.04958315  1.4073688099242403e-04
    3.800000   0.11381403  1.2897997728400612e-04
    3.800000   0.17842421  1.0917704136735355e-04
    3.800000   0.24312010  8.3374846253440117e-05
    3.800000   0.30784849  5.4033277332613549e-05
    3.800000   0.37259260  2.3631977698451602e-05
    3.800000   0.43734549 -5.6594309397725280e-06
    3.800000   0.50210377 -3.2194817520741706e-05
    3.800000   0.56686560 -5.4933807689876187e-05
    3.800000   0.63162987 -7.3411977963434998e-05
    3.800000   0.69639591 -8.7637054536294630e-05
    3.800000   0.76116325 -9.7952334861558838e-05
    3.800000   0.82593158 -1.0490070926841202e-04
    3.800000   0.89070068 -1.0911020357731476e-04
    3.800000   0.95547037 -1.1120996611587031e-04
    3.800000   1.02024053 -1.1177679497769098e-04
    3.800000   1.08501108 -1.1130726176564163e-04
    3.800000   1.14978193 -1.1020859597074023e-04
    3.800000   1.21455301 -1.0880165775433610e-04
    3.800000   1.27932429 -1.0733052266732326e-04
    3.800000   1.34409571 -1.0597469615575968e-04
    3.800000   1.40886724 -1.0486134694197971e-04
    3.800000   1.47363885 -1.0407601603271910e-04
    3.800000   1.53841049 -1.0367099227206919e-04
    3.800000   1.60318216 -1.0367099224193575e-04
    3.800000   1.66795381 -1.0407601593450102e-04
    3.800000   1.73272541 -1.0486134675251213e-04
    3.800000   1.79749694 -1.0597469583744558e-04
    3.800000   1.86226837 -1.0733052216983265e-04
    3.800000   1.92703964 -1.0880165701731439e-04
    3.800000   1.99181073 -1.1020859492780083e-04
    3.800000   2.05658157 -1.1130726034987996e-04
    3.800000   2.12135212 -1.1177679312883103e-04
    3.800000   2.18612229 -1.1120996378889273e-04
    3.800000   2.25089198 -1.0911020075201839e-04
    3.800000   2.31566107 -1.0490070595882074e-04
    3.800000   2.38042940 -9.7952331123537227e-05
    3.800000   2.44519674 -8.7637050471310265e-05
    3.800000   2.50996278 -7.3411973716330458e-05
    3.800000   2.57472706 -5.4933803439096358e-05
    3.800000   2.63948889 -3.2194813460755960e-05
    3.800000   2.70424717 -5.6594272573464116e-06
    3.800000   2.76900006  2.3631980850459963e-05
    3.800000   2.83374417  5.4033279858900623e-05
    3.800000   2.89847256  8.3374848132349486e-05
    3.800000   2.96316844  1.0917704265601659e-04
    3.800000   3.02777863  1.2897997811187249e-04
    3.800000   3.09200950  1.4073688154482924e-04
    3.850000   0.04958315  6.1768446226779969e-05
    3.850000   0.11381403  5.3231229802995602e-05
    3.850000   0.17842421  3.8886229459769219e-05
    3.850000   0.24312010  2.0270564905772517e-05
    3.850000   0.30784849 -7.7299753739918430e-07
    3.850000   0.37259260 -2.2394594774300252e-05
    3.850000   0.43734549 -4.2987167937952092e-05
    3.850000   0.50210377 -6.1347282910916977e-05
    3.850000   0.56686560 -7.6735446963984748e-05
    3.850000   0.63162987 -8.8850620921980869e-05
    3.850000   0.69639591 -9.7748261206644218e-05
    3.850000   0.76116325 -1.0373371581839014e-04
    3.850000   0.82593158 -1.0725677400615012e-04
    3.850000   0.89070068 -1.0882351753225795e-04
    3.850000   0.95547037 -1.0893228393960380e-04
    3.850000   1.02024053 -1.0803366458897532e-04
    3.850000   1.08501108 -1.0651053016424006e-04
    3.850000   1.14978193 -1.0467261774665036e-04
    3.850000   1.21455301 -1.0276037430974894e-04
    3.850000   1.27932429 -1.0095372481839224e-04
    3.850000   1.34409571 -9.9382637309360333e-05
    3.850000   1.40886724 -9.8137456883250090e-05
    3.850000   1.47363885 -9.7277831908397595e-05
    3.850000   1.53841049 -9.6839635932704051e-05
    3.850000   1.60318216 -9.6839635926852612e-05
    3.850000   1.66795381 -9.7277831883944363e-05
    3.850000   1.73272541 -9.8137456819730114e-05
    3.850000   1.79749694 -9.9382637173496099e-05
    3.850000   1.86226837 -1.0095372456549265e-04
    3.850000   1.92703964 -1.0276037388597184e-04
    3.850000   1.99181073 -1.0467261709235477e-04
    3.850000   2.05658157 -1.0651052921866793e-04
    3.850000   2.12135212 -1.0803366329636645e-04
    3.850000   2.18612229 -1.0893228225665846e-04
    3.850000   2.25089198 -1.0882351543649993e-04
    3.850000   2.31566107 -1.0725677150431954e-04
    3.850000   2.38042940 -1.0373371295347007e-04
    3.850000   2.44519674 -9.7748258061768610e-05
    3.850000   2.50996278 -8.8850617619327227e-05
    3.850000   2.57472706 -7.6735443657179519e-05
    3.850000   2.63948889 -6.1347279770470266e-05
    3.850000   2.70424717 -4.2987165130850780e-05
    3.850000   2.76900006 -2.2394592440597536e-05
    3.850000   2.83374417 -7.7299576804573909e-07
    3.850000   2.89847256  2.0270566085320489e-05
    3.850000   2.96316844  3.8886230096593383e-05
    3.850000   3.02777863  5.3231230012878819e-05
    3.850000   3.09200950  6.1768446180078854e-05
    3.900000   0.04958315  2.1489809208570503e-06
    3.900000   0.11381403 -3.8833628150431473e-06
    3.900000   0.17842421 -1.3982453774896588e-05
    3.900000   0.24312010 -2.7008345610598571e-05
    3.900000   0.30784849 -4.1599580978787166e-05
    3.900000   0.37259260 -5.6397954430517613e-05
    3.900000   0.43734549 -7.0236017771195495e-05
    3.900000   0.50210377 -8.2256535382248618e-05
    3.900000   0.56686560 -9.1955309348583922e-05
    3.900000   0.63162987 -9.9158764908906453e-05
    3.900000   0.69639591 -1.0395890283472747e-04
    3.900000   0.76116325 -1.0663012727958997e-04
    3.900000   0.82593158 -1.0754778949330944e-04
    3.900000   0.89070068 -1.0712079886231903e-04
    3.900000   0.95547037 -1.0574339721111585e-04
    3.900000   1.02024053 -1.0376584169544391e-04
    3.900000   1.08501108 -1.0148070317517257e-04
    3.900000   1.14978193 -9.9120386323173118e-05
    3.900000   1.21455301 -9.6861647154697974e-05
    3.900000   1.27932429 -9.4833686793089974e-05
    3.900000   1.34409571 -9.3127376649412185e-05
    3.900000   1.40886724 -9.1804054110248079e-05
    3.900000   1.47363885 -9.0903006441994257e-05
    3.900000   1.53841049 -9.0447217323915248e-05
    3.900000   1.60318216 -9.0447217337018116e-05
    3.900000   1.66795381 -9.0903006475225528e-05
    3.900000   1.73272541 -9.1804054145570342e-05
    3.900000   1.79749694 -9.3127376657435227e-05
    3.900000   1.86226837 -9.4833686734223474e-05
    3.900000   1.92703964 -9.6861646981017988e-05
    3.900000   1.99181073 -9.9120385981234739e-05
    3.900000   2.05658157 -1.0148070260995150e-04
    3.900000   2.12135212 -1.0376584085555030e-04
    3.900000   2.18612229 -1.0574339605520004e-04
    3.900000   2.25089198 -1.0712079736634245e-04
    3.900000   2.31566107 -1.0754778765794378e-04
    3.900000   2.38042940 -1.0663012513659695e-04
    3.900000   2.44519674 -1.0395890045081344e-04
    3.900000   2.50996278 -9.9158762385387813e-05
    3.900000   2.57472706 -9.1955306815522990e-05
    3.900000   2.63948889 -8.2256532986461721e-05
    3.900000   2.70424717 -7.0236015658880466e-05
    3.900000   2.76900006 -5.6397952726746706e-05
    3.900000   2.83374417 -4.1599579767383034e-05
    3.900000   2.89847256 -2.7008344918440126e-05
    3.900000   2.96316844 -1.3982453564160487e-05
    3.900000   3.02777863 -3.8833629852813562e-06
    3.900000   3.09200950  2.1489805207446531e-06
    3.950000   0.04958315 -4.2126931855786839e-05
    3.950000   0.11381403 -4.6222332264275588e-05
    3.950000   0.17842421 -5.3038922360535208e-05
    3.950000   0.24312010 -6.1745118191831375e-05
    3.950000   0.30784849 -7.1353331343640994e-05
    3.950000   0.37259260 -8.0887457063440521e-05
    3.950000   0.43734549 -8.9521802028005125e-05
    3.950000   0.50210377 -9.6668190083775505e-05
    3.950000   0.56686560 -1.0200496979560644e-04
    3.950000   0.63162987 -1.0545683753302903e-04
    3.950000   0.69639591 -1.0714290561174659e-04
    3.950000   0.76116325 -1.0731183503096294e-04
    3.950000   0.82593158 -1.0627919881997038e-04
    3.950000   0.89070068 -1.0437642119200462e-04
    3.950000   0.95547037 -1.0191500938026053e-04
    3.950000   1.02024053 -9.9165658727477842e-05
    3.950000   1.08501108 -9.6349486014274529e-05
    3.950000   1.14978193 -9.3637837727953208e-05
    3.950000   1.21455301 -9.1157303144982879e-05
    3.950000   1.27932429 -8.8997234189398317e-05
    3.950000   1.34409571 -8.7217871117215107e-05
    3.950000   1.40886724 -8.5857885849530924e-05
    3.950000   1.47363885 -8.4940695618383773e-05
    3.950000   1.53841049 -8.4479257553592632e-05
    3.950000   1.60318216 -8.4479257581212167e-05
    3.950000   1.66795381 -8.4940695695903226e-05
    3.950000   1.73272541 -8.5857885961087738e-05
    3.950000   1.79749694 -8.7217871236914117e-05
    3.950000   1.86226837 -8.8997234282246749e-05
    3.950000   1.92703964 -9.1157303168434579e-05
    3.950000   1.99181073 -9.3637837634237984e-05
    3.950000   2.05658157 -9.6349485753717369e-05
    3.950000   2.12135212 -9.9165658252912427e-05
    3.950000   2.18612229 -1.0191500865250381e-04
    3.950000   2.25089198 -1.0437642018613592e-04
    3.950000   2.31566107 -1.0627919753180995e-04
    3.950000   2.38042940 -1.0731183348278635e-04
    3.950000   2.44519674 -1.0714290385596009e-04
    3.950000   2.50996278 -1.0545683565236903e-04
    3.950000   2.57472706 -1.0200496789863779e-04
    3.950000   2.63948889 -9.6668188295079686e-05
    3.950000   2.70424717 -8.9521800473533119e-05
    3.950000   2.76900006 -8.0887455852787579e-05
    3.950000   2.83374417 -7.1353330552200133e-05
    3.950000   2.89847256 -6.1745117846346897e-05
    3.950000   2.96316844 -5.3038922431320708e-05
    3.950000   3.02777863 -4.6222332666142387e-05
    3.950000   3.09200950 -4.2126932458085263e-05
    4.000000   0.04958315 -7.4290005917251967e-05
    4.000000   0.11381403 -7.6898673208378998e-05
    4.000000   0.17842421 -8.1196774745482191e-05
    4.000000   0.24312010 -8.6591059286938150e-05
    4.000000   0.30784849 -9.2382938848379692e-05
    4.000000   0.37259260 -9.7891662977105494e-05
    4.000000   0.43734549 -1.0255557577774605e-04
    4.000000   0.50210377 -1.0599405870007273e-04
    4.000000   0.56686560 -1.0802572963282022e-04
    4.000000   0.63162987 -1.0864995168321934e-04
    4.000000   0.69639591 -1.0800509759970696e-04
    4.000000   0.76116325 -1.0631797209525017e-04
    4.000000   0.82593158 -1.0385590225246632e-04
    4.000000   0.89070068 -1.0088847209823546e-04
    4.000000   0.95547037 -9.7661519032849563e-05
    4.000000   1.02024053 -9.4382829921719691e-05
    4.000000   1.08501108 -9.1217215963806467e-05
    4.000000   1.14978193 -8.8288073295466287e-05
    4.000000   1.21455301 -8.5682734151127353e-05
    4.000000   1.27932429 -8.3459483757120315e-05
    4.000000   1.34409571 -8.1654773773489050e-05
    4.000000   1.40886724 -8.0289739995970062e-05
    4.000000   1.47363885 -7.9375563157831747e-05
    4.000000   1.53841049 -7.8917490939324502e-05
    4.000000   1.60318216 -7.8917490977785463e-05
    4.000000   1.66795381 -7.9375563268535429e-05
    4.000000   1.73272541 -8.0289740164999566e-05
    4.000000   1.79749694 -8.1654773978081361e-05
    4.000000   1.86226837 -8.3459483966425151e-05
    4.000000   1.92703964 -8.5682734327464772e-05
    4.000000   1.99181073 -8.8288073396261378e-05
    4.000000   2.05658157 -9.1217215944356571e-05
    4.000000   2.12135212 -9.4382829738921646e-05
    4.000000   2.18612229 -9.7661518649863141e-05
    4.000000   2.25089198 -1.0088847148987155e-04
    4.000000   2.31566107 -1.0385590141082181e-04
    4.000000   2.38042940 -1.0631797103478431e-04
    4.000000   2.44519674 -1.0800509636066452e-04
    4.000000   2.50996278 -1.0864995033217721e-04
    4.000000   2.57472706 -1.0802572825927769e-04
    4.000000   2.63948889 -1.0599405740846118e-04
    4.000000   2.70424717 -1.0255557467516707e-04
    4.000000   2.76900006 -9.7891662158197199e-05
    4.000000   2.83374417 -9.2382938379739700e-05
    4.000000   2.89847256 -8.6591059194170139e-05
    4.000000   2.96316844 -8.1196775005813051e-05
    4.000000   3.02777863 -7.6898673750838454e-05
    4.000000   3.09200950 -7.4290006631005473e-05
    4.050000   0.04958315 -9.6940990314243780e-05
    4.050000   0.11381403 -9.8418876220979812e-05
    4.050000   0.17842421 -1.0080273574395430e-04
    4.050000   0.24312010 -1.0368251888142706e-04
    4.050000   0.30784849 -1.0658171925714987e-04
    4.050000   0.37259260 -1.0904639665122112e-04
    4.050000   0.43734549 -1.1071735862168135e-04
    4.050000   0.50210377 -1.1137265443004389e-04
    4.050000   0.56686560 -1.1093741543563970e-04
    4.050000   0.63162987 -1.0946669166833293e-04
    4.050000   0.69639591 -1.0711166551999827e-04
    4.050000   0.76116325 -1.0408022093970458e-04
    4.050000   0.82593158 -1.0060052834765853e-04
    4.050000   0.89070068 -9.6892764257441668e-05
    4.050000   0.95547037 -9.3150715791052367e-05
    4.050000   1.02024053 -8.9532591282165519e-05
    4.050000   1.08501108 -8.6159047727966517e-05
    4.050000   1.14978193 -8.3116062224913138e-05
    4.050000   1.21455301 -8.0460485558430701e-05
    4.050000   1.27932429 -7.8226606653174398e-05
    4.050000   1.34409571 -7.6432600229922083e-05
    4.050000   1.40886724 -7.5086198963551925e-05
    4.050000   1.47363885 -7.4189275311163736e-05
    4.050000   1.53841049 -7.3741234938771438e-05
    4.050000   1.60318216 -7.3741234985048317e-05
    4.050000   1.66795381 -7.4189275445902487e-05
    4.050000   1.73272541 -7.5086199174571319e-05
    4.050000   1.79749694 -7.6432600497262771e-05
    4.050000   1.86226837 -7.8226606949703963e-05
    4.050000   1.92703964 -8.0460485850867512e-05
    4.050000   1.99181073 -8.3116062475417602e-05
    4.050000   2.05658157 -8.6159047896447889e-05
    4.050000   2.12135212 -8.9532591329412054e-05
    4.050000   2.18612229 -9.3150715682683094e-05
    4.050000   2.25089198 -9.6892763968518946e-05
    4.050000   2.31566107 -1.0060052786756183e-04
    4.050000   2.38042940 -1.0408022027660080e-04
    4.050000   2.44519674 -1.0711166470398390e-04
    4.050000   2.50996278 -1.0946669075220748e-04
    4.050000   2.57472706 -1.1093741449233772e-04
    4.050000   2.63948889 -1.1137265354617405e-04
    4.050000   2.70424717 -1.1071735788733642e-04
    4.050000   2.76900006 -1.0904639614715781e-04
    4.050000   2.83374417 -1.0658171904137383e-04
    4.050000   2.89847256 -1.0368251897779653e-04
    4.050000   2.96316844 -1.0080273613539707e-04
    4.050000   3.02777863 -9.8418876849214445e-05
    4.050000   3.09200950 -9.6940991086633311e-05
    4.100000   0.04958315 -1.1216890527362874e-04
    4.100000   0.11381403 -1.1279656895506781e-04
    4.100000   0.17842421 -1.1374256465675870e-04
    4.100000   0.24312010 -1.1473672478589693e-04
    4.100000   0.30784849 -1.1547197128645958e-04
    4.100000   0.37259260 -1.1566714315272981e-04
    4.100000   0.43734549 -1.1511686382500675e-04
    4.100000   0.50210377 -1.1371911677952085e-04
    4.100000   0.56686560 -1.1147870953507770e-04
    4.100000   0.63162987 -1.0849121055045514e-04
    4.100000   0.69639591 -1.0491538175501140e-04
    4.100000   0.76116325 -1.0094243647095683e-04
    4.100000   0.82593158 -9.6768569329494836e-05
    4.100000   0.89070068 -9.2574430108871667e-05
    4.100000   0.95547037 -8.8512614562173119e-05
    4.100000   1.02024053 -8.4702403782405627e-05
    4.100000   1.08501108 -8.1230025483547774e-05
    4.100000   1.14978193 -7.8152475610271171e-05
    4.100000   1.21455301 -7.5503160039908435e-05
    4.100000   1.27932429 -7.3298043248635699e-05
    4.100000   1.34409571 -7.1541445382886819e-05
    4.100000   1.40886724 -7.0231012267139953e-05
    4.100000   1.47363885 -6.9361657448026876e-05
    4.100000   1.53841049 -6.8928442661857285e-05
    4.100000   1.60318216 -6.8928442713474307e-05
    4.100000   1.66795381 -6.9361657599309128e-05
    4.100000   1.73272541 -7.0231012507452592e-05
    4.100000   1.79749694 -7.1541445694771588e-05
    4.100000   1.86226837 -7.3298043608290321e-05
    4.100000   1.92703964 -7.5503160418016177e-05
    4.100000   1.99181073 -7.8152475973299030e-05
    4.100000   2.05658157 -8.1230025795662718e-05
    4.100000   2.12135212 -8.4702404008094235e-05
    4.100000   2.18612229 -8.8512614669578957e-05
    4.100000   2.25089198 -9.2574430073728595e-05
    4.100000   2.31566107 -9.6768569139325843e-05
    4.100000   2.38042940 -1.0094243612898705e-04
    4.100000   2.44519674 -1.0491538128301712e-04
    4.100000   2.50996278 -1.0849120998966361e-04
    4.100000   2.57472706 -1.1147870894427304e-04
    4.100000   2.63948889 -1.1371911622984174e-04
    4.100000   2.70424717 -1.1511686339152369e-04
    4.100000   2.76900006 -1.1566714290367132e-04
    4.100000   2.83374417 -1.1547197127177265e-04
    4.100000   2.89847256 -1.1473672502735142e-04
    4.100000   2.96316844 -1.1374256514187334e-04
    4.100000   3.02777863 -1.1279656963654362e-04
    4.100000   3.09200950 -1.1216890607495583e-04
    4.150000   0.04958315 -1.2164756370476251e-04
    4.150000   0.11381403 -1.2164533720318541e-04
    4.150000   0.17842421 -1.2152764150377552e-04
    4.150000   0.24312010 -1.2113023304688229e-04
    4.150000   0.30784849 -1.2027413777277532e-04
    4.150000   0.37259260 -1.1880850311685595e-04
    4.150000   0.43734549 -1.1664345808187267e-04
    4.150000   0.50210377 -1.1376635135859166e-04
    4.150000   0.56686560 -1.1024043301808654e-04
    4.150000   0.63162987 -1.0618975000726000e-04
    4.150000   0.69639591 -1.0177646380561908e-04
    4.150000   0.76116325 -9.7176875712622608e-05
    4.150000   0.82593158 -9.2560894212518439e-05
    4.150000   0.89070068 -8.8077496492816807e-05
    4.150000   0.95547037 -8.3846735391137576e-05
    4.150000   1.02024053 -7.9957459387917091e-05
    4.150000   1.08501108 -7.6469230028364198e-05
    4.150000   1.14978193 -7.3416801775193197e-05
    4.150000   1.21455301 -7.0815757524474320e-05
    4.150000   1.27932429 -6.8668268972511040e-05
    4.150000   1.34409571 -6.6968334378958672e-05
    4.150000   1.40886724 -6.5706160964225372e-05
    4.150000   1.47363885 -6.4871578756868435e-05
    4.150000   1.53841049 -6.4456500990877629e-05
    4.150000   1.60318216 -6.4456501045826039e-05
    4.150000   1.66795381 -6.4871578918608265e-05
    4.150000   1.73272541 -6.5706161223494974e-05
    4.150000   1.79749694 -6.6968334720526686e-05
    4.150000   1.86226837 -6.8668269375553643e-05
    4.150000   1.92703964 -7.0815757963233795e-05
    4.150000   1.99181073 -7.3416802220044005e-05
    4.150000   2.05658157 -7.6469230447387887e-05
    4.150000   2.12135212 -7.9957459749088863e-05
    4.150000   2.18612229 -8.3846735665140889e-05
    4.150000   2.25089198 -8.8077496656382366e-05
    4.150000   2.31566107 -9.2560894252028908e-05
    4.150000   2.38042940 -9.7176875627520530e-05
    4.150000   2.44519674 -1.0177646361097036e-04
    4.150000   2.50996278 -1.0618974973470971e-04
    4.150000   2.57472706 -1.1024043271449003e-04
    4.150000   2.63948889 -1.1376635108185202e-04
    4.150000   2.70424717 -1.1664345789401238e-04
    4.150000   2.76900006 -1.1880850307502373e-04
    4.150000   2.83374417 -1.2027413791955706e-04
    4.150000   2.89847256 -1.2113023340181178e-04
    4.150000   2.96316844 -1.2152764205797573e-04
    4.150000   3.02777863 -1.2164533791864971e-04
    4.150000   3.09200950 -1.2164756451890482e-04
    4.200000   0.04958315 -1.2671431098410863e-04
    4.200000   0.11381403 -1.2625448450398664e-04
    4.200000   0.17842421 -1.2536570007126358e-04
    4.200000   0.24312010 -1.2396309133472710e-04
    4.200000   0.30784849 -1.2196345243680499e-04
    4.200000   0.37259260 -1.1931296616650333e-04
    4.200000   0.43734549 -1.1600721156502189e-04
    4.200000   0.50210377 -1.1209888482965163e-04
    4.200000   0.56686560 -1.0769297212015422e-04
    4.200000   0.63162987 -1.0293251664431230e-04
    4.200000   0.69639591 -9.7979792322767757e-05
    4.200000   0.76116325 -9.2997595752246246e-05
    4.200000   0.82593158 -8.8134073032853657e-05
    4.200000   0.89070068 -8.3512773828590964e-05
    4.200000   0.95547037 -7.9228087962012058e-05
    4.200000   1.02024053 -7.5345191525499132e-05
    4.200000   1.08501108 -7.1903159170577590e-05
    4.200000   1.14978193 -6.8919868254903205e-05
    4.200000   1.21455301 -6.6397552108191178e-05
    4.200000   1.27932429 -6.4328193704566816e-05
    4.200000   1.34409571 -6.2698277097406667e-05
    4.200000   1.40886724 -6.1492674062170081e-05
    4.200000   1.47363885 -6.0697619376636708e-05
    4.200000   1.53841049 -6.0302825832418149e-05
    4.200000   1.60318216 -6.0302825889081807e-05
    4.200000   1.66795381 -6.0697619543933346e-05
    4.200000   1.73272541 -6.1492674332054632e-05
    4.200000   1.79749694 -6.2698277456626523e-05
    4.200000   1.86226837 -6.4328194134949949e-05
    4.200000   1.92703964 -6.6397552587174052e-05
    4.200000   1.99181073 -6.8919868756388777e-05
    4.200000   2.05658157 -7.1903159666230913e-05
    4.200000   2.12135212 -7.5345191986568371e-05
    4.200000   2.18612229 -7.9228088361687007e-05
    4.200000   2.25089198 -8.3512774144837044e-05
    4.200000   2.31566107 -8.8134073251494490e-05
    4.200000   2.38042940 -9.2997595869919274e-05
    4.200000   2.44519674 -9.7979792349212194e-05
    4.200000   2.50996278 -1.0293251660333759e-04
    4.200000   2.57472706 -1.0769297204867934e-04
    4.200000   2.63948889 -1.1209888477438876e-04
    4.200000   2.70424717 -1.1600721157681102e-04
    4.200000   2.76900006 -1.1931296629283345e-04
    4.200000   2.83374417 -1.2196345271367590e-04
    4.200000   2.89847256 -1.2396309177941099e-04
    4.200000   2.96316844 -1.2536570067764571e-04
    4.200000   3.02777863 -1.2625448524177703e-04
    4.200000   3.09200950 -1.2671431180250595e-04
    4.250000   0.04958315 -1.2843421123925441e-04
    4.250000   0.11381403 -1.2765081843710708e-04
    4.250000   0.17842421 -1.2621856218022651e-04
    4.250000   0.24312010 -1.2411126921191696e-04
    4.250000   0.30784849 -1.2131628966519598e-04
    4.250000   0.37259260 -1.1785087675380385e-04
    4.250000   0.43734549 -1.1377258509415902e-04
    4.250000   0.50210377 -1.0918068660502388e-04
    4.250000   0.56686560 -1.0420884443354379e-04
    4.250000   0.63162987 -9.9011698123841740e-05
    4.250000   0.69639591 -9.3749098003639410e-05
    4.250000   0.76116325 -8.8571492624976933e-05
    4.250000   0.82593158 -8.3608877185373847e-05
    4.250000   0.89070068 -7.8964341597742400e-05
    4.250000   0.95547037 -7.4712078715651116e-05
    4.250000   1.02024053 -7.0898959357420976e-05
    4.250000   1.08501108 -6.7548473848466146e-05
    4.250000   1.14978193 -6.4665875078946390e-05
    4.250000   1.21455301 -6.2243589682928376e-05
    4.250000   1.27932429 -6.0266263010659708e-05
    4.250000   1.34409571 -5.8715083217309206e-05
    4.250000   1.40886724 -5.7571246171244042e-05
    4.250000   1.47363885 -5.6818564334500568e-05
    4.250000   1.53841049 -5.6445296505061063e-05
    4.250000   1.60318216 -5.6445296562154654e-05
    4.250000   1.66795381 -5.6818564503448899e-05
    4.250000   1.73272541 -5.7571246445078972e-05
    4.250000   1.79749694 -5.8715083584530203e-05
    4.250000   1.86226837 -6.0266263455455045e-05
    4.250000   1.92703964 -6.2243590185587271e-05
    4.250000   1.99181073 -6.4665875616550504e-05
    4.250000   2.05658157 -6.7548474395948195e-05
    4.250000   2.12135212 -7.0898959889075449e-05
    4.250000   2.18612229 -7.4712079207108360e-05
    4.250000   2.25089198 -7.8964342028363231e-05
    4.250000   2.31566107 -8.3608877540879389e-05
    4.250000   2.38042940 -8.8571492900006824e-05
    4.250000   2.44519674 -9.3749098203778388e-05
    4.250000   2.50996278 -9.9011698266569394e-05
    4.250000   2.57472706 -1.0420884454758503e-04
    4.250000   2.63948889 -1.0918068672772908e-04
    4.250000   2.70424717 -1.1377258526687948e-04
    4.250000   2.76900006 -1.1785087701571250e-04
    4.250000   2.83374417 -1.2131629004647911e-04
    4.250000   2.89847256 -1.2411126972765158e-04
    4.250000   2.96316844 -1.2621856282635927e-04
    4.250000   3.02777863 -1.2765081918965246e-04
    4.250000   3.09200950 -1.2843421205723440e-04
    4.300000   0.04958315 -1.2765232858377018e-04
    4.300000   0.11381403 -1.2664899929718538e-04
    4.300000   0.17842421 -1.2484922042200992e-04
    4.300000   0.24312010 -1.2226945968069956e-04
    4.300000   0.30784849 -1.1894804894706273e-04
    4.300000   0.37259260 -1.1495314464126379e-04
    4.300000   0.43734549 -1.1038603937604954e-04
    4.300000   0.50210377 -1.0537799999087306e-04
    4.300000   0.56686560 -1.0008123728955409e-04
    4.300000   0.63162987 -9.4656275050508787e-05
    4.300000   0.69639591 -8.9258629351630697e-05
    4.300000   0.76116325 -8.4027378207367985e-05
    4.300000   0.82593158 -7.9077262695421678e-05
    4.300000   0.89070068 -7.4494866972118766e-05
    4.300000   0.95547037 -7.0338523633337580e-05
    4.300000   1.02024053 -6.6641047841081914e-05
    4.300000   1.08501108 -6.3414220766127452e-05
    4.300000   1.14978193 -6.0654026565686783e-05
    4.300000   1.21455301 -5.8345875802379171e-05
    4.300000   1.27932429 -5.6469317623316636e-05
    4.300000   1.34409571 -5.5001984762423269e-05
    4.300000   1.40886724 -5.3922696702196480e-05
    4.300000   1.47363885 -5.3213760435506299e-05
    4.300000   1.53841049 -5.2862563402919156e-05
    4.300000   1.60318216 -5.2862563459433357e-05
    4.300000   1.66795381 -5.3213760603036114e-05
    4.300000   1.73272541 -5.3922696974723700e-05
    4.300000   1.79749694 -5.5001985129996781e-05
    4.300000   1.86226837 -5.6469318072216980e-05
    4.300000   1.92703964 -5.8345876315439014e-05
    4.300000   1.99181073 -6.0654027122841095e-05
    4.300000   2.05658157 -6.3414221345277434e-05
    4.300000   2.12135212 -6.6641048419339746e-05
    4.300000   2.18612229 -7.0338524188677168e-05
    4.300000   2.25089198 -7.4494867485393234e-05
    4.300000   2.31566107 -7.9077263152602236e-05
    4.300000   2.38042940 -8.4027378601750184e-05
    4.300000   2.44519674 -8.9258629685619569e-05
    4.300000   2.50996278 -9.4656275336532148e-05
    4.300000   2.57472706 -1.0008123754964528e-04
    4.300000   2.63948889 -1.0537800025461640e-04
    4.300000   2.70424717 -1.1038603967682263e-04
    4.300000   2.76900006 -1.1495314501114793e-04
    4.300000   2.83374417 -1.1894804941117323e-04
    4.300000   2.89847256 -1.2226946025203588e-04
    4.300000   2.96316844 -1.2484922109800987e-04
    4.300000   3.02777863 -1.2664900005894411e-04
    4.300000   3.09200950 -1.2765232939839053e-04
    4.350000   0.04958315 -1.2503627499661622e-04
    4.350000   0.11381403 -1.2389253204889091e-04
    4.350000   0.17842421 -1.2186019830900485e-04
    4.350000   0.24312010 -1.1898598469677605e-04
    4.350000   0.30784849 -1.1534408557206317e-04
    4.350000   0.37259260 -1.1103798436357791e-04
    4.350000   0.43734549 -1.0619863242826852e-04
    4.350000   0.50210377 -1.0097805024995107e-04
    4.350000   0.56686560 -9.5539212571337792e-05
    4.350000   0.63162987 -9.0044176959065139e-05
    4.350000   0.69639591 -8.4642730094924344e-05
    4.350000   0.76116325 -7.9463428089282537e-05
    4.350000   0.82593158 -7.4608093877245551e-05
    4.350000   0.89070068 -7.0149955291261929e-05
    4.350000   0.95547037 -6.6134920123490760e-05
    4.350000   1.02024053 -6.2585102378819260e-05
    4.350000   1.08501108 -5.9503624004774104e-05
    4.350000   1.14978193 -5.6879834160452635e-05
    4.350000   1.21455301 -5.4694311356180118e-05
    4.350000   1.27932429 -5.2923257644223103e-05
    4.350000   1.34409571 -5.1542104559160127e-05
    4.350000   1.40886724 -5.0528303469325957e-05
    4.350000   1.47363885 -4.9863365455861360e-05
    4.350000   1.53841049 -4.9534256592086266e-05
    4.350000   1.60318216 -4.9534256647242551e-05
    4.350000   1.66795381 -4.9863365619598711e-05
    4.350000   1.73272541 -5.0528303736461595e-05
    4.350000   1.79749694 -5.1542104921109672e-05
    4.350000   1.86226837 -5.2923258089119251e-05
    4.350000   1.92703964 -5.4694311869115441e-05
    4.350000   1.99181073 -5.6879834723916610e-05
    4.350000   2.05658157 -5.9503624599351762e-05
    4.350000   2.12135212 -6.2585102984215094e-05
    4.350000   2.18612229 -6.6134920719903260e-05
    4.350000   2.25089198 -7.0149955861080414e-05
    4.350000   2.31566107 -7.4608094406953231e-05
    4.350000   2.38042940 -7.9463428571350007e-05
    4.350000   2.44519674 -8.4642730529380675e-05
    4.350000   2.50996278 -9.0044177354353921e-05
    4.350000   2.57472706 -9.5539212944081674e-05
    4.350000   2.63948889 -1.0097805062334278e-04
    4.350000   2.70424717 -1.0619863282903606e-04
    4.350000   2.76900006 -1.1103798481780504e-04
    4.350000   2.83374417 -1.1534408610048518e-04
    4.350000   2.89847256 -1.1898598531046297e-04
    4.350000   2.96316844 -1.2186019900643148e-04
    4.350000   3.02777863 -1.2389253281520308e-04
    4.350000   3.09200950 -1.2503627580548530e-04
    4.400000   0.04958315 -1.2111080475618499e-04
    4.400000   0.11381403 -1.1988710835164206e-04
    4.400000   0.17842421 -1.1772477207833897e-04
    4.400000   0.24312010 -1.1469123026603966e-04
    4.400000   0.30784849 -1.1088493403179499e-04
    4.400000   0.37259260 -1.0643274531443421e-04
    4.400000   0.43734549 -1.0148448872148328e-04
    4.400000   0.50210377 -9.6204350349220408e-05
    4.400000   0.56686560 -9.0760156200213142e-05
    4.400000   0.63162987 -8.5312240093402380e-05
    4.400000   0.69639591 -8.0003684783677272e-05
    4.400000   0.76116325 -7.4953279153988105e-05
    4.400000   0.82593158 -7.0251823015979792e-05
    4.400000   0.89070068 -6.5961698795340644e-05
    4.400000   0.95547037 -6.2119106388436221e-05
    4.400000   1.02024053 -5.8738097282434833e-05
    4.400000   1.08501108 -5.5815522625906141e-05
    4.400000   1.14978193 -5.3336150519174590e-05
    4.400000   1.21455301 -5.1277423624170313e-05
    4.400000   1.27932429 -4.9613549674380591e-05
    4.400000   1.34409571 -4.8318802025490089e-05
    4.400000   1.40886724 -4.7370037412783424e-05
    4.400000   1.47363885 -4.6748513393128872e-05
    4.400000   1.53841049 -4.6441117664042651e-05
    4.400000   1.60318216 -4.6441117717254047e-05
    4.400000   1.66795381 -4.6748513551276591e-05
    4.400000   1.73272541 -4.7370037671419731e-05
    4.400000   1.79749694 -4.8318802377233226e-05
    4.400000   1.86226837 -4.9613550108996862e-05
    4.400000   1.92703964 -5.1277424128757245e-05
    4.400000   1.99181073 -5.3336151078500139e-05
    4.400000   2.05658157 -5.5815523222973486e-05
    4.400000   2.12135212 -5.8738097899318561e-05
    4.400000   2.18612229 -6.2119107007426824e-05
    4.400000   2.25089198 -6.5961699400365558e-05
    4.400000   2.31566107 -7.0251823594218841e-05
    4.400000   2.38042940 -7.4953279697495781e-05
    4.400000   2.44519674 -8.0003685290755213e-05
    4.400000   2.50996278 -8.5312240569396624e-05
    4.400000   2.57472706 -9.0760156657408662e-05
    4.400000   2.63948889 -9.6204350805592761e-05
    4.400000   2.70424717 -1.0148448919825563e-04
    4.400000   2.76900006 -1.0643274583265129e-04
    4.400000   2.83374417 -1.1088493460843767e-04
    4.400000   2.89847256 -1.1469123091041995e-04
    4.400000   2.96316844 -1.1772477278961626e-04
    4.400000   3.02777863 -1.1988710911814608e-04
    4.400000   3.09200950 -1.2111080555687821e-04
    4.450000   0.04958315 -1.1628591357469775e-04
    4.450000   0.11381403 -1.1502769789487813e-04
    4.450000   0.17842421 -1.1281235453470864e-04
    4.450000   0.24312010 -1.0972078330161117e-04
    4.450000   0.30784849 -1.0586685109811228e-04
    4.450000   0.37259260 -1.0139170920098359e-04
    4.450000   0.43734549 -9.6455871476631660e-05
    4.450000   0.50210377 -9.1229202532301318e-05
    4.450000   0.56686560 -8.5879953258784689e-05
    4.450000   0.63162987 -8.0564348434847188e-05
    4.450000   0.69639591 -7.5418131854784891e-05
    4.450000   0.76116325 -7.0551009805236683e-05
    4.450000   0.82593158 -6.6044306373607101e-05
    4.450000   0.89070068 -6.1951562722866219e-05
    4.450000   0.95547037 -5.8301415484475949e-05
    4.450000   1.02024053 -5.5101920767911874e-05
    4.450000   1.08501108 -5.2345518293050650e-05
    4.450000   1.14978193 -5.0013984701451140e-05
    4.450000   1.21455301 -4.8082931931553457e-05
    4.450000   1.27932429 -4.6525608198708504e-05
    4.450000   1.34409571 -4.5315921897414360e-05
    4.450000   1.40886724 -4.4430720083712269e-05
    4.450000   1.47363885 -4.3851414923594903e-05
    4.450000   1.53841049 -4.3565072792829524e-05
    4.450000   1.60318216 -4.3565072843666111e-05
    4.450000   1.66795381 -4.3851415074834269e-05
    4.450000   1.73272541 -4.4430720331549922e-05
    4.450000   1.79749694 -4.5315922235523702e-05
    4.450000   1.86226837 -4.6525608618295409e-05
    4.450000   1.92703964 -4.8082932421485866e-05
    4.450000   1.99181073 -5.0013985248525631e-05
    4.450000   2.05658157 -5.2345518882439072e-05
    4.450000   2.12135212 -5.5101921383847630e-05
    4.450000   2.18612229 -5.8301416111198236e-05
    4.450000   2.25089198 -6.1951563345811342e-05
    4.450000   2.31566107 -6.6044306980772745e-05
    4.450000   2.38042940 -7.0551010388571591e-05
    4.450000   2.44519674 -7.5418132411386192e-05
    4.450000   2.50996278 -8.0564348967689635e-05
    4.450000   2.57472706 -8.5879953776709693e-05
    4.450000   2.63948889 -9.1229203049057023e-05
    4.450000   2.70424717 -9.6455872008910877e-05
    4.450000   2.76900006 -1.0139170976562845e-04
    4.450000   2.83374417 -1.0586685170890896e-04
    4.450000   2.89847256 -1.0972078396628805e-04
    4.450000   2.96316844 -1.1281235525284325e-04
    4.450000   3.02777863 -1.1502769865727608e-04
    4.450000   3.09200950 -1.1628591436454953e-04
    4.500000   0.04958315 -1.1087963645799460e-04
    4.500000   0.11381403 -1.0962053560510496e-04
    4.500000   0.17842421 -1.0740910773887495e-04
    4.500000   0.24312010 -1.0433423341198307e-04
    4.500000   0.30784849 -1.0051852408212067e-04
    4.500000   0.37259260 -9.6110578264444290e-05
    4.500000   0.43734549 -9.1275463014756360e-05
    4.500000   0.50210377 -8.6183891513945401e-05
    4.500000   0.56686560 -8.1001288280599200e-05
    4.500000   0.63162987 -7.5878075451476346e-05
    4.500000   0.69639591 -7.0942293626328641e-05
    4.500000   0.76116325 -6.6295197196814231e-05
    4.500000   0.82593158 -6.2009907018313547e-05
    4.500000   0.89070068 -5.8132724858629857e-05
    4.500000   0.95547037 -5.4686413450443659e-05
    4.500000   1.02024053 -5.1674645302567248e-05
    4.500000   1.08501108 -4.9086886033481831e-05
    4.500000   1.14978193 -4.6903139685308711e-05
    4.500000   1.21455301 -4.5098180163311130e-05
    4.500000   1.27932429 -4.3645076841527647e-05
    4.500000   1.34409571 -4.2517966697127810e-05
    4.500000   1.40886724 -4.1694121363158256e-05
    4.500000   1.47363885 -4.1155408441280534e-05
    4.500000   1.53841049 -4.0889261358769480e-05
    4.500000   1.60318216 -4.0889261406930649e-05
    4.500000   1.66795381 -4.1155408584683253e-05
    4.500000   1.73272541 -4.1694121598560571e-05
    4.500000   1.79749694 -4.2517967019127418e-05
    4.500000   1.86226837 -4.3645077242593215e-05
    4.500000   1.92703964 -4.5098180633874185e-05
    4.500000   1.99181073 -4.6903140213963420e-05
    4.500000   2.05658157 -4.9086886607340276e-05
    4.500000   2.12135212 -5.1674645907816782e-05
    4.500000   2.18612229 -5.4686414073125558e-05
    4.500000   2.25089198 -5.8132725485633908e-05
    4.500000   2.31566107 -6.2009907638529624e-05
    4.500000   2.38042940 -6.6295197802319637e-05
    4.500000   2.44519674 -7.0942294213425472e-05
    4.500000   2.50996278 -7.5878076021357321e-05
    4.500000   2.57472706 -8.1001288839399399e-05
    4.500000   2.63948889 -8.6183892072015783e-05
    4.500000   2.70424717 -9.1275463585086358e-05
    4.500000   2.76900006 -9.6110578860389689e-05
    4.500000   2.83374417 -1.0051852471476540e-04
    4.500000   2.89847256 -1.0433423408764804e-04
    4.500000   2.96316844 -1.0740910845735645e-04
    4.500000   3.02777863 -1.0962053635911952e-04
    4.500000   3.09200950 -1.1087963723407522e-04
    4.550000   0.04958315 -1.0513652161330199e-04
    4.550000   0.11381403 -1.0390094379350935e-04
    4.550000   0.17842421 -1.0173465925479237e-04
    4.550000   0.24312010 -9.8730430554569521e-05
    4.550000   0.30784849 -9.5014639859868671e-05
    4.550000   0.37259260 -9.0738250626255600e-05
    4.550000   0.43734549 -8.6066352912378614e-05
    4.550000   0.50210377 -8.1166979798524881e-05
    4.550000   0.56686560 -7.6200402173096999e-05
    4.550000   0.63162987 -7.1310090423302777e-05
    4.550000   0.69639591 -6.6616230843290555e-05
    4.550000   0.76116325 -6.2212213370968199e-05
    4.550000   0.82593158 -5.8164009891625206e-05
    4.550000   0.89070068 -5.4511965234817056e-05
    4.550000   0.95547037 -5.1274295873466139e-05
    4.550000   1.02024053 -4.8451540456912690e-05
    4.550000   1.08501108 -4.6031292122787630e-05
    4.550000   1.14978193 -4.3992706188724788e-05
    4.550000   1.21455301 -4.2310462602605548e-05
    4.550000   1.27932429 -4.0958030378420980e-05
    4.550000   1.34409571 -3.9910209786520318e-05
    4.550000   1.40886724 -3.9145011459529681e-05
    4.550000   1.47363885 -3.8644973963470270e-05
    4.550000   1.53841049 -3.8398031574523060e-05
    4.550000   1.60318216 -3.8398031619814203e-05
    4.550000   1.66795381 -3.8644974098428795e-05
    4.550000   1.73272541 -3.9145011681403266e-05
    4.550000   1.79749694 -3.9910210090713898e-05
    4.550000   1.86226837 -4.0958030758510244e-05
    4.550000   1.92703964 -4.2310463050396739e-05
    4.550000   1.99181073 -4.3992706694401642e-05
    4.550000   2.05658157 -4.6031292675191767e-05
    4.550000   2.12135212 -4.8451541043992751e-05
    4.550000   2.18612229 -5.1274296482917397e-05
    4.550000   2.25089198 -5.4511965854911072e-05
    4.550000   2.31566107 -5.8164010512178612e-05
    4.550000   2.38042940 -6.2212213984355022e-05
    4.550000   2.44519674 -6.6616231445339673e-05
    4.550000   2.50996278 -7.1310091013895578e-05
    4.550000   2.57472706 -7.6200402756270536e-05
    4.550000   2.63948889 -8.1166980381915232e-05
    4.550000   2.70424717 -8.6066353505970833e-05
    4.550000   2.76900006 -9.0738251240529870e-05
    4.550000   2.83374417 -9.5014640503638011e-05
    4.550000   2.89847256 -9.8730431232917551e-05
    4.550000   2.96316844 -1.0173465996759198e-04
    4.550000   3.02777863 -1.0390094453493021e-04
    4.550000   3.09200950 -1.0513652237251229e-04
    4.600000   0.04958315 -9.9242580005883609e-05
    4.600000   0.11381403 -9.8047758007532696e-05
    4.600000   0.17842421 -9.5955638780619097e-05
    4.600000   0.24312010 -9.3059847649033543e-05
    4.600000   0.30784849 -8.9486886499898111e-05
    4.600000   0.37259260 -8.5386373974890320e-05
    4.600000   0.43734549 -8.0920146445923413e-05
    4.600000   0.50210377 -7.6251044629259624e-05
    4.600000   0.56686560 -7.1532580435321950e-05
    4.600000   0.63162987 -6.6900548340977428e-05
    4.600000   0.69639591 -6.2467294321068815e-05
    4.600000   0.76116325 -5.8318894969980754e-05
    4.600000   0.82593158 -5.4515053450813961e-05
    4.600000   0.89070068 -5.1091186401167033e-05
    4.600000   0.95547037 -4.8062004659478507e-05
    4.600000   1.02024053 -4.5425875628970136e-05
    4.600000   1.08501108 -4.3169355431135844e-05
    4.600000   1.14978193 -4.1271440757002414e-05
    4.600000   1.21455301 -3.9707264746195552e-05
    4.600000   1.27932429 -3.8451114478582845e-05
    4.600000   1.34409571 -3.7478762590859678e-05
    4.600000   1.40886724 -3.6769178423120943e-05
    4.600000   1.47363885 -3.6305719666318995e-05
    4.600000   1.53841049 -3.6076912165572051e-05
    4.600000   1.60318216 -3.6076912207884375e-05
    4.600000   1.66795381 -3.6305719792482778e-05
    4.600000   1.73272541 -3.6769178630810129e-05
    4.600000   1.79749694 -3.7478762876184440e-05
    4.600000   1.86226837 -3.8451114836085948e-05
    4.600000   1.92703964 -3.9707265168887632e-05
    4.600000   1.99181073 -4.1271441236470550e-05
    4.600000   2.05658157 -4.3169355957756820e-05
    4.600000   2.12135212 -4.5425876192273222e-05
    4.600000   2.18612229 -4.8062005248668093e-05
    4.600000   2.25089198 -5.1091187005813622e-05
    4.600000   2.31566107 -5.4515054061665601e-05
    4.600000   2.38042940 -5.8318895579823171e-05
    4.600000   2.44519674 -6.2467294925502501e-05
    4.600000   2.50996278 -6.6900548938952453e-05
    4.600000   2.57472706 -7.1532581029265410e-05
    4.600000   2.63948889 -7.6251045224662095e-05
    4.600000   2.70424717 -8.0920147050343112e-05
    4.600000   2.76900006 -8.5386374596451946e-05
    4.600000   2.83374417 -8.9486887145518292e-05
    4.600000   2.89847256 -9.3059848322716549e-05
    4.600000   2.96316844 -9.5955639482218086e-05
    4.600000   3.02777863 -9.8047758732315045e-05
    4.600000   3.09200950 -9.9242580745075926e-05
    4.650000   0.04958315 -9.3337364469710696e-05
    4.650000   0.11381403 -9.2194985627959734e-05
    4.650000   0.17842421 -9.0196622282928774e-05
    4.650000   0.24312010 -8.7434580509905571e-05
    4.650000   0.30784849 -8.4032857253692496e-05
    4.650000   0.37259260 -8.0137081863796336e-05
    4.650000   0.43734549 -7.5903533452484438e-05
    4.650000   0.50210377 -7.1488137053577543e-05
    4.650000   0.56686560 -6.7036599986298152e-05
    4.650000   0.63162987 -6.2676644902739928e-05
    4.650000   0.69639591 -5.8512916876653504e-05
    4.650000   0.76116325 -5.4624698352938558e-05
    4.650000   0.82593158 -5.1066164545462388e-05
    4.650000   0.89070068 -4.7868631018206407e-05
    4.650000   0.95547037 -4.5044116213574352e-05
    4.650000   1.02024053 -4.2589551819849263e-05
    4.650000   1.08501108 -4.0491082187906135e-05
    4.650000   1.14978193 -3.8728051060082411e-05
    4.650000   1.21455301 -3.7276436761542840e-05
    4.650000   1.27932429 -3.6111636924793188e-05
    4.650000   1.34409571 -3.5210606902456205e-05
    4.650000   1.40886724 -3.4553420123720541e-05
    4.650000   1.47363885 -3.4124348762442219e-05
    4.650000   1.53841049 -3.3912567221881894e-05
    4.650000   1.60318216 -3.3912567261173449e-05
    4.650000   1.66795381 -3.4124348879667683e-05
    4.650000   1.73272541 -3.4553420316924711e-05
    4.650000   1.79749694 -3.5210607168360826e-05
    4.650000   1.86226837 -3.6111637258783984e-05
    4.650000   1.92703964 -3.7276437157685357e-05
    4.650000   1.99181073 -3.8728051511196085e-05
    4.650000   2.05658157 -4.0491082685727164e-05
    4.650000   2.12135212 -4.2589552355320081e-05
    4.650000   2.18612229 -4.5044116777269262e-05
    4.650000   2.25089198 -4.7868631600902448e-05
    4.650000   2.31566107 -5.1066165138820873e-05
    4.650000   2.38042940 -5.4624698950234723e-05
    4.650000   2.44519674 -5.8512917473442988e-05
    4.650000   2.50996278 -6.2676645497337393e-05
    4.650000   2.57472706 -6.7036600579916230e-05
    4.650000   2.63948889 -7.1488137650026161e-05
    4.650000   2.70424717 -7.5903534057378082e-05
    4.650000   2.76900006 -8.0137082483339801e-05
    4.650000   2.83374417 -8.4032857893228351e-05
    4.650000   2.89847256 -8.7434581172507692e-05
    4.650000   2.96316844 -9.0196622968367608e-05
    4.650000   3.02777863 -9.2194986332324157e-05
    4.650000   3.09200950 -9.3337365185827844e-05
    4.700000   0.04958315 -8.7523712880552138e-05
    4.700000   0.11381403 -8.6441211669626442e-05
    4.700000   0.17842421 -8.4548964250912451e-05
    4.700000   0.24312010 -8.1936421441071910e-05
    4.700000   0.30784849 -7.8723242535436882e-05
    4.700000   0.37259260 -7.5049245056650962e-05
    4.700000   0.43734549 -7.1063597802200842e-05
    4.700000   0.50210377 -6.6914194579134506e-05
    4.700000   0.56686560 -6.2738322509530483e-05
    4.700000   0.63162987 -5.8655486874224951e-05
    4.700000   0.69639591 -5.4762864204012390e-05
    4.700000   0.76116325 -5.1133432844148070e-05
    4.700000   0.82593158 -4.7816468383688786e-05
    4.700000   0.89070068 -4.4839852087585530e-05
    4.700000   0.95547037 -4.2213543397232393e-05
    4.700000   1.02024053 -3.9933594798174532e-05
    4.700000   1.08501108 -3.7986198802502027e-05
    4.700000   1.14978193 -3.6351407178273599e-05
    4.700000   1.21455301 -3.5006313951278559e-05
    4.700000   1.27932429 -3.3927621401915007e-05
    4.700000   1.34409571 -3.3093600983773316e-05
    4.700000   1.40886724 -3.2485517769932125e-05
    4.700000   1.47363885 -3.2088612768246648e-05
    4.700000   1.53841049 -3.1892739771438530e-05
    4.700000   1.60318216 -3.1892739807721668e-05
    4.700000   1.66795381 -3.2088612876554460e-05
    4.700000   1.73272541 -3.2485517948630062e-05
    4.700000   1.79749694 -3.3093601230113929e-05
    4.700000   1.86226837 -3.3927621712016527e-05
    4.700000   1.92703964 -3.5006314320126760e-05
    4.700000   1.99181073 -3.6351407599768822e-05
    4.700000   2.05658157 -3.7986199269580470e-05
    4.700000   2.12135212 -3.9933595303035977e-05
    4.700000   2.18612229 -4.2213543931686541e-05
    4.700000   2.25089198 -4.4839852643523144e-05
    4.700000   2.31566107 -4.7816468953650331e-05
    4.700000   2.38042940 -5.1133433421940102e-05
    4.700000   2.44519674 -5.4762864785283600e-05
    4.700000   2.50996278 -5.8655487456883059e-05
    4.700000   2.57472706 -6.2738323093892401e-05
    4.700000   2.63948889 -6.6914195167706638e-05
    4.700000   2.70424717 -7.1063598399051156e-05
    4.700000   2.76900006 -7.5049245666430794e-05
    4.700000   2.83374417 -7.8723243162189994e-05
    4.700000   2.89847256 -8.1936422087079382e-05
    4.700000   2.96316844 -8.4548964915826322e-05
    4.700000   3.02777863 -8.6441212350144692e-05
    4.700000   3.09200950 -8.7523713570741431e-05
    4.750000   0.04958315 -8.1875592089660745e-05
    4.750000   0.11381403 -8.0857172313227477e-05
    4.750000   0.17842421 -7.9077911277742694e-05
    4.750000   0.24312010 -7.6623363902804674e-05
    4.750000   0.30784849 -7.3607626216216633e-05
    4.750000   0.37259260 -7.0163511053916212e-05
    4.750000   0.43734549 -6.6432098083252773e-05
    4.750000   0.50210377 -6.2552598240874719e-05
    4.750000   0.56686560 -5.8653589453723444e-05
    4.750000   0.63162987 -5.4846402033454362e-05
    4.750000   0.69639591 -5.1221042877630784e-05
    4.750000   0.76116325 -4.7844648877263137e-05
    4.750000   0.82593158 -4.4762133067899049e-05
    4.750000   0.89070068 -4.1998481570142413e-05
    4.750000   0.95547037 -3.9562086247124607e-05
    4.750000   1.02024053 -3.7448536285829388e-05
    4.750000   1.08501108 -3.5644402954726640e-05
    4.750000   1.14978193 -3.4130694201661914e-05
    4.750000   1.21455301 -3.2885795867634390e-05
    4.750000   1.27932429 -3.1887832763585251e-05
    4.750000   1.34409571 -3.1116466400909089e-05
    4.750000   1.40886724 -3.0554196532397621e-05
    4.750000   1.47363885 -3.0187255863540561e-05
    4.750000   1.53841049 -3.0006188363828858e-05
    4.750000   1.60318216 -3.0006188397158361e-05
    4.750000   1.66795381 -3.0187255963079485e-05
    4.750000   1.73272541 -3.0554196696788298e-05
    4.750000   1.79749694 -3.1116466627862264e-05
    4.750000   1.86226837 -3.1887833049855892e-05
    4.750000   1.92703964 -3.2885796209008475e-05
    4.750000   1.99181073 -3.4130694592983411e-05
    4.750000   2.05658157 -3.5644403389988594e-05
    4.750000   2.12135212 -3.7448536758346433e-05
    4.750000   2.18612229 -3.9562086749816381e-05
    4.750000   2.25089198 -4.1998482095917406e-05
    4.750000   2.31566107 -4.4762133610131899e-05
    4.750000   2.38042940 -4.7844649430312598e-05
    4.750000   2.44519674 -5.1221043437331724e-05
    4.750000   2.50996278 -5.4846402597486534e-05
    4.750000   2.57472706 -5.8653590021758579e-05
    4.750000   2.63948889 -6.2552598814421219e-05
    4.750000   2.70424717 -6.6432098665160965e-05
    4.750000   2.76900006 -7.0163511647587049e-05
    4.750000   2.83374417 -7.3607626824632593e-05
    4.750000   2.89847256 -7.6623364527574373e-05
    4.750000   2.96316844 -7.9077911918385059e-05
    4.750000   3.02777863 -8.0857172966889647e-05
    4.750000   3.09200950 -8.1875592751366096e-05
    4.800000   0.04958315 -7.6444399217793699e-05
    4.800000   0.11381403 -7.5491839724993587e-05
    4.800000   0.17842421 -7.3828318469198304e-05
    4.800000   0.24312010 -7.1534830810163812e-05
    4.800000   0.30784849 -6.8719145511844345e-05
    4.800000   0.37259260 -6.5506356016120616e-05
    4.800000   0.43734549 -6.2028909098009908e-05
    4.800000   0.50210377 -5.8417031212306482e-05
    4.800000   0.56686560 -5.4790546621118292e-05
    4.800000   0.63162987 -5.1252791256046425e-05
    4.800000   0.69639591 -4.7886946608154779e-05
    4.800000   0.76116325 -4.4754744482894412e-05
    4.800000   0.82593158 -4.1897197850175075e-05
    4.800000   0.89070068 -3.9336835160919565e-05
    4.800000   0.95547037 -3.7080860284468524e-05
    4.800000   1.02024053 -3.5124705048376863e-05
    4.800000   1.08501108 -3.3455549494666278e-05
    4.800000   1.14978193 -3.2055518611567404e-05
    4.800000   1.21455301 -3.0904393476927982e-05
    4.800000   1.27932429 -2.9981780900128838e-05
    4.800000   1.34409571 -2.9268761062202430e-05
    4.800000   1.40886724 -2.8749077605908721e-05
    4.800000   1.47363885 -2.8409953962798206e-05
    4.800000   1.53841049 -2.8242619938348064e-05
    4.800000   1.60318216 -2.8242619968810140e-05
    4.800000   1.66795381 -2.8409954053813983e-05
    4.800000   1.73272541 -2.8749077756359049e-05
    4.800000   1.79749694 -2.9268761270194989e-05
    4.800000   1.86226837 -2.9981781162966611e-05
    4.800000   1.92703964 -3.0904393791092055e-05
    4.800000   1.99181073 -3.2055518972725773e-05
    4.800000   2.05658157 -3.3455549897736251e-05
    4.800000   2.12135212 -3.5124705487659785e-05
    4.800000   2.18612229 -3.7080860753874702e-05
    4.800000   2.25089198 -3.9336835654284246e-05
    4.800000   2.31566107 -4.1897198361653013e-05
    4.800000   2.38042940 -4.4754745007396715e-05
    4.800000   2.44519674 -4.7886947141768446e-05
    4.800000   2.50996278 -5.1252791796356979e-05
    4.800000   2.57472706 -5.4790547167349640e-05
    4.800000   2.63948889 -5.8417031765214841e-05
    4.800000   2.70424717 -6.2028909659495322e-05
    4.800000   2.76900006 -6.5506356588588118e-05
    4.800000   2.83374417 -6.8719146097411679e-05
    4.800000   2.89847256 -7.1534831409879998e-05
    4.800000   2.96316844 -7.3828319082448152e-05
    4.800000   3.02777863 -7.5491840349252640e-05
    4.800000   3.09200950 -7.6444399848825194e-05
    4.850000   0.04958315 -7.1264011338224875e-05
    4.850000   0.11381403 -7.0377298672277537e-05
    4.850000   0.17842421 -6.8829231380462046e-05
    4.850000   0.24312010 -6.6695865766427297e-05
    4.850000   0.30784849 -6.4078226815322606e-05
    4.850000   0.37259260 -6.1093332976573905e-05
    4.850000   0.43734549 -5.7864779899473405e-05
    4.850000   0.50210377 -5.4513768208171675e-05
    4.850000   0.56686560 -5.1151503706122953e-05
    4.850000   0.63162987 -4.7873607291066753e-05
    4.850000   0.69639591 -4.4756807677355806e-05
    4.850000   0.76116325 -4.1857842474942642e-05
    4.850000   0.82593158 -3.9214225648905744e-05
    4.850000   0.89070068 -3.6846384340220761e-05
    4.850000   0.95547037 -3.4760626119747797e-05
    4.850000   1.02024053 -3.2952445827400312e-05
    4.850000   1.08501108 -3.1409784648052543e-05
    4.850000   1.14978193 -3.0115978553964837e-05
    4.850000   1.21455301 -2.9052251931714852e-05
    4.850000   1.27932429 -2.8199708871343290e-05
    4.850000   1.34409571 -2.7540842754975767e-05
    4.850000   1.40886724 -2.7060625055972203e-05
    4.850000   1.47363885 -2.6747251248992914e-05
    4.850000   1.53841049 -2.6592621441059306e-05
    4.850000   1.60318216 -2.6592621468764100e-05
    4.850000   1.66795381 -2.6747251331805685e-05
    4.850000   1.73272541 -2.7060625192977783e-05
    4.850000   1.79749694 -2.7540842944621789e-05
    4.850000   1.86226837 -2.8199709111407304e-05
    4.850000   1.92703964 -2.9052252219278709e-05
    4.850000   1.99181073 -3.0115978885412126e-05
    4.850000   2.05658157 -3.1409785019109224e-05
    4.850000   2.12135212 -3.2952446233235793e-05
    4.850000   2.18612229 -3.4760626555154581e-05
    4.850000   2.25089198 -3.6846384799870047e-05
    4.850000   2.31566107 -3.9214226127676806e-05
    4.850000   2.38042940 -4.1857842968285543e-05
    4.850000   2.44519674 -4.4756808181650403e-05
    4.850000   2.50996278 -4.7873607803902844e-05
    4.850000   2.57472706 -5.1151504226430817e-05
    4.850000   2.63948889 -5.4513768736152430e-05
    4.850000   2.70424717 -5.7864780436294068e-05
    4.850000   2.76900006 -6.1093333523851772e-05
    4.850000   2.83374417 -6.4078227374481146e-05
    4.850000   2.89847256 -6.6695866338052767e-05
    4.850000   2.96316844 -6.8829231963811658e-05
    4.850000   3.02777863 -7.0377299265071133e-05
    4.850000   3.09200950 -7.1264011936797376e-05
    4.900000   0.04958315 -6.6354820918045098e-05
    4.900000   0.11381403 -6.5532643818360368e-05
    4.900000   0.17842421 -6.4097547988805178e-05
    4.900000   0.24312010 -6.2120482826186484e-05
    4.900000   0.30784849 -5.9695571244379209e-05
    4.900000   0.37259260 -5.6931667023504580e-05
    4.900000   0.43734549 -5.3943536144100580e-05
    4.900000   0.50210377 -5.0843501864611583e-05
    4.900000   0.56686560 -4.7734415447702967e-05
    4.900000   0.63162987 -4.4704529835348586e-05
    4.900000   0.69639591 -4.1824508681441016e-05
    4.900000   0.76116325 -3.9146481464232036e-05
    4.900000   0.82593158 -3.6704813205175378e-05
    4.900000   0.89070068 -3.4518121287921123e-05
    4.900000   0.95547037 -3.2592039799691363e-05
    4.900000   1.02024053 -3.0922280779197676e-05
    4.900000   1.08501108 -2.9497639505735692e-05
    4.900000   1.14978193 -2.8302706172035962e-05
    4.900000   1.21455301 -2.7320154998301750e-05
    4.900000   1.27932429 -2.6532569779216378e-05
    4.900000   1.34409571 -2.5923826517750270e-05
    4.900000   1.40886724 -2.5480090001052651e-05
    4.900000   1.47363885 -2.5190496228028945e-05
    4.900000   1.53841049 -2.5047592011261410e-05
    4.900000   1.60318216 -2.5047592036336099e-05
    4.900000   1.66795381 -2.5190496303010419e-05
    4.900000   1.73272541 -2.5480090125200783e-05
    4.900000   1.79749694 -2.5923826689804766e-05
    4.900000   1.86226837 -2.6532569997361034e-05
    4.900000   1.92703964 -2.7320155260137432e-05
    4.900000   1.99181073 -2.8302706474565868e-05
    4.900000   2.05658157 -2.9497639845389968e-05
    4.900000   2.12135212 -3.0922281151908449e-05
    4.900000   2.18612229 -3.2592040201031884e-05
    4.900000   2.25089198 -3.4518121713315124e-05
    4.900000   2.31566107 -3.6704813650165004e-05
    4.900000   2.38042940 -3.9146481924786042e-05
    4.900000   2.44519674 -4.1824509154254102e-05
    4.900000   2.50996278 -4.4704530318084244e-05
    4.900000   2.57472706 -4.7734415939118137e-05
    4.900000   2.63948889 -5.0843502364507341e-05
    4.900000   2.70424717 -5.3943536653086900e-05
    4.900000   2.76900006 -5.6931667542583311e-05
    4.900000   2.83374417 -5.9695571774421081e-05
    4.900000   2.89847256 -6.2120483367402129e-05
    4.900000   2.96316844 -6.4097548540338077e-05
    4.900000   3.02777863 -6.5532644378112943e-05
    4.900000   3.09200950 -6.6354821482796130e-05
    4.950000   0.04958315 -6.1726950491841157e-05
    4.950000   0.11381403 -6.0967084326164426e-05
    4.950000   0.17842421 -5.9640935727714976e-05
    4.950000   0.24312010 -5.7814334527822157e-05
    4.950000   0.30784849 -5.5574531976509292e-05
    4.950000   0.37259260 -5.3022320795376226e-05
    4.950000   0.43734549 -5.0263831486517283e-05
    4.950000   0.50210377 -4.7402793230623755e-05
    4.950000   0.56686560 -4.4534055582897704e-05
    4.950000   0.63162987 -4.1738894127824249e-05
    4.950000   0.69639591 -3.9082299919977914e-05
    4.950000   0.76116325 -3.6612156164342797e-05
    4.950000   0.82593158 -3.4359986306366848e-05
    4.950000   0.89070068 -3.2342837654247035e-05
    4.950000   0.95547037 -3.0565839811409782e-05
    4.950000   1.02024053 -2.9025025375053205e-05
    4.950000   1.08501108 -2.7710091698436575e-05
    4.950000   1.14978193 -2.6606888568539368e-05
    4.950000   1.21455301 -2.5699515953238188e-05
    4.950000   1.27932429 -2.4971995890741874e-05
    4.950000   1.34409571 -2.4409538415465962e-05
    4.950000   1.40886724 -2.3999454046988486e-05
    4.950000   1.47363885 -2.3731778811997071e-05
    4.950000   1.53841049 -2.3599677049014511e-05
    4.950000   1.60318216 -2.3599677071598954e-05
    4.950000   1.66795381 -2.3731778879555738e-05
    4.950000   1.73272541 -2.3999454158930829e-05
    4.950000   1.79749694 -2.4409538570780536e-05
    4.950000   1.86226837 -2.4971996087962525e-05
    4.950000   1.92703964 -2.5699516190410619e-05
    4.950000   1.99181073 -2.6606888843202828e-05
    4.950000   2.05658157 -2.7710092007632342e-05
    4.950000   2.12135212 -2.9025025715379652e-05
    4.950000   2.18612229 -3.0565840179129790e-05
    4.950000   2.25089198 -3.2342838045455361e-05
    4.950000   2.31566107 -3.4359986717211661e-05
    4.950000   2.38042940 -3.6612156591280390e-05
    4.950000   2.44519674 -3.9082300360026852e-05
    4.950000   2.50996278 -4.1738894578773057e-05
    4.950000   2.57472706 -4.4534056043417761e-05
    4.950000   2.63948889 -4.7402793700239888e-05
    4.950000   2.70424717 -5.0263831965423247e-05
    4.950000   2.76900006 -5.3022321284100752e-05
    4.950000   2.83374417 -5.5574532475487348e-05
    4.950000   2.89847256 -5.7814335036963226e-05
    4.950000   2.96316844 -5.9640936246068843e-05
    4.950000   3.02777863 -6.0967084851772954e-05
    4.950000   3.09200950 -6.1726951021832491e-05
    5.000000   0.04958315 -5.7382804148126045e-05
    5.000000   0.11381403 -5.6682407831551628e-05
    5.000000   0.17842421 -5.5460146277689716e-05
    5.000000   0.24312010 -5.3776828539126361e-05
    5.000000   0.30784849 -5.1712999417424167e-05
    5.000000   0.37259260 -4.9361631150303635e-05
    5.000000   0.43734549 -4.6820533750054248e-05
    5.000000   0.50210377 -4.4185217779493574e-05
    5.000000   0.56686560 -4.1542941994252393e-05
    5.000000   0.63162987 -3.8968420030619556e-05
    5.000000   0.69639591 -3.6521359651907964e-05
    5.000000   0.76116325 -3.4245736098336691e-05
    5.000000   0.82593158 -3.2170502567940936e-05
    5.000000   0.89070068 -3.0311334371436275e-05
    5.000000   0.95547037 -2.8672983734148248e-05
    5.000000   1.02024053 -2.7251868480017896e-05
    5.000000   1.08501108 -2.6038602447254999e-05
    5.000000   1.14978193 -2.5020272659914230e-05
    5.000000   1.21455301 -2.4182358756726098e-05
    5.000000   1.27932429 -2.3510262740429362e-05
    5.000000   1.34409571 -2.2990467667811542e-05
    5.000000   1.40886724 -2.2611373385634451e-05
    5.000000   1.47363885 -2.2363869506046115e-05
    5.000000   1.53841049 -2.2241705076166674e-05
    5.000000   1.60318216 -2.2241705096405968e-05
    5.000000   1.66795381 -2.2363869566612359e-05
    5.000000   1.73272541 -2.2611373486063712e-05
    5.000000   1.79749694 -2.2990467807305112e-05
    5.000000   1.86226837 -2.3510262917817976e-05
    5.000000   1.92703964 -2.4182358970437827e-05
    5.000000   1.99181073 -2.5020272907948425e-05
    5.000000   2.05658157 -2.6038602727183095e-05
    5.000000   2.12135212 -2.7251868789018266e-05
    5.000000   2.18612229 -2.8672984069090117e-05
    5.000000   2.25089198 -3.0311334729010888e-05
    5.000000   2.31566107 -3.2170502944844855e-05
    5.000000   2.38042940 -3.4245736491481261e-05
    5.000000   2.44519674 -3.6521360058632715e-05
    5.000000   2.50996278 -3.8968420448870785e-05
    5.000000   2.57472706 -4.1542942422682512e-05
    5.000000   2.63948889 -4.4185218217447833e-05
    5.000000   2.70424717 -4.6820534197423068e-05
    5.000000   2.76900006 -4.9361631607256233e-05
    5.000000   2.83374417 -5.1712999884058772e-05
    5.000000   2.89847256 -5.3776829015118314e-05
    5.000000   2.96316844 -5.5460146762013398e-05
    5.000000   3.02777863 -5.6682408322360289e-05
    5.000000   3.09200950 -5.7382804642825711e-05
    5.050000   0.04958315 -5.3319084070376673e-05
    5.050000   0.11381403 -5.2674927577571370e-05
    5.050000   0.17842421 -5.1550844348161483e-05
    5.050000   0.24312010 -5.0002799172970652e-05
    5.050000   0.30784849 -4.8104888892899363e-05
    5.050000   0.37259260 -4.5942599393329893e-05
    5.050000   0.43734549 -4.3605815973177793e-05
    5.050000   0.50210377 -4.1182265382654593e-05
    5.050000   0.56686560 -3.8752060877954212e-05
    5.050000   0.63162987 -3.6383780083863384e-05
    5.050000   0.69639591 -3.4132227722480790e-05
    5.050000   0.76116325 -3.2037786550907818e-05
    5.050000   0.82593158 -3.0127080175968903e-05
    5.050000   0.89070068 -2.8414576538309199e-05
    5.050000   0.95547037 -2.6904745112138160e-05
    5.050000   1.02024053 -2.5594424481737672e-05
    5.050000   1.08501108 -2.4475134774908216e-05
    5.050000   1.14978193 -2.3535158114055568e-05
    5.050000   1.21455301 -2.2761292493934849e-05
    5.050000   1.27932429 -2.2140250313146192e-05
    5.050000   1.34409571 -2.1659718588053777e-05
    5.050000   1.40886724 -2.1309124571343968e-05
    5.050000   1.47363885 -2.1080161434481615e-05
    5.050000   1.53841049 -2.0967127992720898e-05
    5.050000   1.60318216 -2.0967128010765014e-05
    5.050000   1.66795381 -2.1080161488497438e-05
    5.050000   1.73272541 -2.1309124660975206e-05
    5.050000   1.79749694 -2.1659718712681529e-05
    5.050000   1.86226837 -2.2140250471854786e-05
    5.050000   1.92703964 -2.2761292685477991e-05
    5.050000   1.99181073 -2.3535158336828208e-05
    5.050000   2.05658157 -2.4475135026937743e-05
    5.050000   2.12135212 -2.5594424760706916e-05
    5.050000   2.18612229 -2.6904745415446282e-05
    5.050000   2.25089198 -2.8414576863176248e-05
    5.050000   2.31566107 -3.0127080519583793e-05
    5.050000   2.38042940 -3.2037786910601620e-05
    5.050000   2.44519674 -3.4132228095904717e-05
    5.050000   2.50996278 -3.6383780469140827e-05
    5.050000   2.57472706 -3.8752061273767972e-05
    5.050000   2.63948889 -4.1182265788242889e-05
    5.050000   2.70424717 -4.3605816388218631e-05
    5.050000   2.76900006 -4.5942599817725519e-05
    5.050000   2.83374417 -4.8104889326493495e-05
    5.050000   2.89847256 -5.0002799615258962e-05
    5.050000   2.96316844 -5.1550844798065012e-05
    5.050000   3.02777863 -5.2674928033336096e-05
    5.050000   3.09200950 -5.3319084529634278e-05
    5.100000   0.04958315 -4.9528376404948359e-05
    5.100000   0.11381403 -4.8937013394462273e-05
    5.100000   0.17842421 -4.7905045039595293e-05
    5.100000   0.24312010 -4.6483820305060893e-05
    5.100000   0.30784849 -4.4741308042542989e-05
    5.100000   0.37259260 -4.2755902271950154e-05
    5.100000   0.43734549 -4.0610009573497999e-05
    5.100000   0.50210377 -3.8384042007735192e-05
    5.100000   0.56686560 -3.6151429043553059e-05
    5.100000   0.63162987 -3.3975038017849888e-05
    5.100000   0.69639591 -3.1905137512081332e-05
    5.100000   0.76116325 -2.9978811257231185e-05
    5.100000   0.82593158 -2.8220567612451992e-05
    5.100000   0.89070068 -2.6643804805268654e-05
    5.100000   0.95547037 -2.5252779128380551e-05
    5.100000   1.02024053 -2.4044763822620519e-05
    5.100000   1.08501108 -2.3012157510825488e-05
    5.100000   1.14978193 -2.2144381691373884e-05
    5.100000   1.21455301 -2.1429481413846136e-05
    5.100000   1.27932429 -2.0855402903305004e-05
    5.100000   1.34409571 -2.0410963398688092e-05
    5.100000   1.40886724 -2.0086552676469372e-05
    5.100000   1.47363885 -1.9874615678643098e-05
    5.100000   1.53841049 -1.9769965091140660e-05
    5.100000   1.60318216 -1.9769965107139429e-05
    5.100000   1.66795381 -1.9874615726553385e-05
    5.100000   1.73272541 -2.0086552756025719e-05
    5.100000   1.79749694 -2.0410963509422884e-05
    5.100000   1.86226837 -2.0855403044517258e-05
    5.100000   1.92703964 -2.1429481584567005e-05
    5.100000   1.99181073 -2.2144381890335463e-05
    5.100000   2.05658157 -2.3012157736447851e-05
    5.100000   2.12135212 -2.4044764073021496e-05
    5.100000   2.18612229 -2.5252779401421920e-05
    5.100000   2.25089198 -2.6643805098636537e-05
    5.100000   2.31566107 -2.8220567923775723e-05
    5.100000   2.38042940 -2.9978811584224507e-05
    5.100000   2.44519674 -3.1905137852693386e-05
    5.100000   2.50996278 -3.3975038370390353e-05
    5.100000   2.57472706 -3.6151429406769508e-05
    5.100000   2.63948889 -3.8384042380815393e-05
    5.100000   2.70424717 -4.0610009955977014e-05
    5.100000   2.76900006 -4.2755902663539692e-05
    5.100000   2.83374417 -4.4741308442898668e-05
    5.100000   2.89847256 -4.6483820713546726e-05
    5.100000   2.96316844 -4.7905045455098422e-05
    5.100000   3.02777863 -4.8937013815310586e-05
    5.100000   3.09200950 -4.9528376828962773e-05
    5.150000   0.04958315 -4.6000391154576848e-05
    5.150000   0.11381403 -4.5458288333366017e-05
    5.150000   0.17842421 -4.4512236678503934e-05
    5.150000   0.24312010 -4.3209230083226728e-05
    5.150000   0.30784849 -4.1611466745057580e-05
    5.150000   0.37259260 -3.9790678500005139e-05
    5.150000   0.43734549 -3.7822266305015296e-05
    5.150000   0.50210377 -3.5779812113512510e-05
    5.150000   0.56686560 -3.3730526274612326e-05
    5.150000   0.63162987 -3.1731983429537394e-05
    5.150000   0.69639591 -2.9830266574308625e-05
    5.150000   0.76116325 -2.8059432725283049e-05
    5.150000   0.82593158 -2.6442066594854941e-05
    5.150000   0.89070068 -2.4990612539291682e-05
    5.150000   0.95547037 -2.3709164017977967e-05
    5.150000   1.02024053 -2.2595427042391069e-05
    5.150000   1.08501108 -2.1642638781621921e-05
    5.150000   1.14978193 -2.0841295599817924e-05
    5.150000   1.21455301 -2.0180612361939364e-05
    5.150000   1.27932429 -1.9649688843563473e-05
    5.150000   1.34409571 -1.9238396681937018e-05
    5.150000   1.40886724 -1.8938022284133581e-05
    5.150000   1.47363885 -1.8741710197273216e-05
    5.150000   1.53841049 -1.8644751009143976e-05
    5.150000   1.60318216 -1.8644751023246342e-05
    5.150000   1.66795381 -1.8741710239519055e-05
    5.150000   1.73272541 -1.8938022354333320e-05
    5.150000   1.79749694 -1.9238396779750211e-05
    5.150000   1.86226837 -1.9649688968470770e-05
    5.150000   1.92703964 -2.0180612513206093e-05
    5.150000   1.99181073 -2.0841295776463481e-05
    5.150000   2.05658157 -2.1642638982401839e-05
    5.150000   2.12135212 -2.2595427265799394e-05
    5.150000   2.18612229 -2.3709164262277482e-05
    5.150000   2.25089198 -2.4990612802576410e-05
    5.150000   2.31566107 -2.6442066875145699e-05
    5.150000   2.38042940 -2.8059433020642276e-05
    5.150000   2.44519674 -2.9830266882963060e-05
    5.150000   2.50996278 -3.1731983749985991e-05
    5.150000   2.57472706 -3.3730526605691288e-05
    5.150000   2.63948889 -3.5779812454399890e-05
    5.150000   2.70424717 -3.7822266655160109e-05
    5.150000   2.76900006 -3.9790678858987047e-05
    5.150000   2.83374417 -4.1611467112399140e-05
    5.150000   2.89847256 -4.3209230458200875e-05
    5.150000   2.96316844 -4.4512237059982413e-05
    5.150000   3.02777863 -4.5458288719753310e-05
    5.150000   3.09200950 -4.6000391543854536e-05
    5.200000   0.04958315 -4.2722924821025440e-05
    5.200000   0.11381403 -4.2226557348993189e-05
    5.200000   0.17842421 -4.1360251559192426e-05
    5.200000   0.24312010 -4.0166924615653655e-05
    5.200000   0.30784849 -3.8703380655888522e-05
    5.200000   0.37259260 -3.7035135362794236e-05
    5.200000   0.43734549 -3.5231067010156168e-05
    5.200000   0.50210377 -3.3358413489723724e-05
    5.200000   0.56686560 -3.1478623769313402e-05
    5.200000   0.63162987 -2.9644383571737248e-05
    5.200000   0.69639591 -2.7897922552490785e-05
    5.200000   0.76116325 -2.6270523125060357e-05
    5.200000   0.82593158 -2.4783018161627800e-05
    5.200000   0.89070068 -2.3446996280441780e-05
    5.200000   0.95547037 -2.2266423811471235e-05
    5.200000   1.02024053 -2.1239426417568473e-05
    5.200000   1.08501108 -2.0360031910953106e-05
    5.200000   1.14978193 -1.9619741900312973e-05
    5.200000   1.21455301 -1.9008860974729067e-05
    5.200000   1.27932429 -1.8517560976378139e-05
    5.200000   1.34409571 -1.8136691981829924e-05
    5.200000   1.40886724 -1.7858371589588652e-05
    5.200000   1.47363885 -1.7676392447265347e-05
    5.200000   1.53841049 -1.7586487665146970e-05
    5.200000   1.60318216 -1.7586487677497917e-05
    5.200000   1.66795381 -1.7676392484278210e-05
    5.200000   1.73272541 -1.7858371651136845e-05
    5.200000   1.79749694 -1.8136692067679579e-05
    5.200000   1.86226837 -1.8517561086161479e-05
    5.200000   1.92703964 -1.9008861107908782e-05
    5.200000   1.99181073 -1.9619742056152219e-05
    5.200000   2.05658157 -2.0360032088493675e-05
    5.200000   2.12135212 -2.1239426615626019e-05
    5.200000   2.18612229 -2.2266424028655765e-05
    5.200000   2.25089198 -2.3446996515204548e-05
    5.200000   2.31566107 -2.4783018412334865e-05
    5.200000   2.38042940 -2.6270523390087239e-05
    5.200000   2.44519674 -2.7897922830323152e-05
    5.200000   2.50996278 -2.9644383861059292e-05
    5.200000   2.57472706 -3.1478624069063949e-05
    5.200000   2.63948889 -3.3358413799103179e-05
    5.200000   2.70424717 -3.5231067328569093e-05
    5.200000   2.76900006 -3.7035135689736032e-05
    5.200000   2.83374417 -3.8703380990793478e-05
    5.200000   2.89847256 -4.0166924957736673e-05
    5.200000   2.96316844 -4.1360251907326694e-05
    5.200000   3.02777863 -4.2226557701657884e-05
    5.200000   3.09200950 -4.2722925176344432e-05
    5.250000   0.04958315 -3.9682601489931312e-05
    5.250000   0.11381403 -3.9228521849991426e-05
    5.250000   0.17842421 -3.8435935220124691e-05
    5.250000   0.24312010 -3.7343967036151071e-05
    5.250000   0.30784849 -3.6004409826196738e-05
    5.250000   0.37259260 -3.4477011595405966e-05
    5.250000   0.43734549 -3.2824608054260930e-05
    5.250000   0.50210377 -3.1108570357379308e-05
    5.250000   0.56686560 -2.9385029821867886e-05
    5.250000   0.63162987 -2.7702169288632751e-05
    5.250000   0.69639591 -2.6098677854208541e-05
    5.250000   0.76116325 -2.4603296239118164e-05
    5.250000   0.82593158 -2.3235259943856137e-05
    5.250000   0.89070068 -2.2005385549002003e-05
    5.250000   0.95547037 -2.0917536893630872e-05
    5.250000   1.02024053 -1.9970238450884956e-05
    5.250000   1.08501108 -1.9158256029030969e-05
    5.250000   1.14978193 -1.8474024535712020e-05
    5.250000   1.21455301 -1.7908857661953839e-05
    5.250000   1.27932429 -1.7453918489490655e-05
    5.250000   1.34409571 -1.7100960887509411e-05
    5.250000   1.40886724 -1.6842869739437716e-05
    5.250000   1.47363885 -1.6674035708903475e-05
    5.250000   1.53841049 -1.6590600120381739e-05
    5.250000   1.60318216 -1.6590600131121981e-05
    5.250000   1.66795381 -1.6674035741101173e-05
    5.250000   1.73272541 -1.6842869793018116e-05
    5.250000   1.79749694 -1.7100960962328082e-05
    5.250000   1.86226837 -1.7453918585305586e-05
    5.250000   1.92703964 -1.7908857778394042e-05
    5.250000   1.99181073 -1.8474024672245227e-05
    5.250000   2.05658157 -1.9158256184941772e-05
    5.250000   2.12135212 -1.9970238625264395e-05
    5.250000   2.18612229 -2.0917537085387215e-05
    5.250000   2.25089198 -2.2005385756896326e-05
    5.250000   2.31566107 -2.3235260166559161e-05
    5.250000   2.38042940 -2.4603296475285451e-05
    5.250000   2.44519674 -2.6098678102562748e-05
    5.250000   2.50996278 -2.7702169548036225e-05
    5.250000   2.57472706 -2.9385030091371039e-05
    5.250000   2.63948889 -3.1108570636225929e-05
    5.250000   2.70424717 -3.2824608341843632e-05
    5.250000   2.76900006 -3.4477011891173364e-05
    5.250000   2.83374417 -3.6004410129530417e-05
    5.250000   2.89847256 -3.7343967346235535e-05
    5.250000   2.96316844 -3.8435935535849995e-05
    5.250000   3.02777863 -3.9228522169911156e-05
    5.250000   3.09200950 -3.9682601812297306e-05
    5.300000   0.04958315 -3.6865437429152261e-05
    5.300000   0.11381403 -3.6450323680522562e-05
    5.300000   0.17842421 -3.5725655250000154e-05
    5.300000   0.24312010 -3.4727049533893671e-05
    5.300000   0.30784849 -3.3501666015021789e-05
    5.300000   0.37259260 -3.2103925884243245e-05
    5.300000   0.43734549 -3.0591090502010988e-05
    5.300000   0.50210377 -2.9019125679767979e-05
    5.300000   0.56686560 -2.7439269917387665e-05
    5.300000   0.63162987 -2.5895568915354932e-05
    5.300000   0.69639591 -2.4423464008013466e-05
    5.300000   0.76116325 -2.3049368964837587e-05
    5.300000   0.82593158 -2.1791061110076660e-05
    5.300000   0.89070068 -2.0658656871712373e-05
    5.300000   0.95547037 -1.9655933959687756e-05
    5.300000   1.02024053 -1.8781789784774901e-05
    5.300000   1.08501108 -1.8031673186873952e-05
    5.300000   1.14978193 -1.7398880184008498e-05
    5.300000   1.21455301 -1.6875654130170281e-05
    5.300000   1.27932429 -1.6454070538939699e-05
    5.300000   1.34409571 -1.6126714783878656e-05
    5.300000   1.40886724 -1.5887177431742986e-05
    5.300000   1.47363885 -1.5730399036875720e-05
    5.300000   1.53841049 -1.5652896240133511e-05
    5.300000   1.60318216 -1.5652896249397785e-05
    5.300000   1.66795381 -1.5730399064659366e-05
    5.300000   1.73272541 -1.5887177478014878e-05
    5.300000   1.79749694 -1.6126714848566786e-05
    5.300000   1.86226837 -1.6454070621907294e-05
    5.300000   1.92703964 -1.6875654231183365e-05
    5.300000   1.99181073 -1.7398880302707528e-05
    5.300000   2.05658157 -1.8031673322747710e-05
    5.300000   2.12135212 -1.8781789937148169e-05
    5.300000   2.18612229 -1.9655934127725473e-05
    5.300000   2.25089198 -2.0658657054444007e-05
    5.300000   2.31566107 -2.1791061306438410e-05
    5.300000   2.38042940 -2.3049369173734337e-05
    5.300000   2.44519674 -2.4423464228382748e-05
    5.300000   2.50996278 -2.5895569146228859e-05
    5.300000   2.57472706 -2.7439270157930260e-05
    5.300000   2.63948889 -2.9019125929281852e-05
    5.300000   2.70424717 -3.0591090759899737e-05
    5.300000   2.76900006 -3.2103926149938547e-05
    5.300000   2.83374417 -3.3501666287879846e-05
    5.300000   2.89847256 -3.4727049813092881e-05
    5.300000   2.96316844 -3.5725655534459649e-05
    5.300000   3.02777863 -3.6450323968870148e-05
    5.300000   3.09200950 -3.6865437719759473e-05
    5.350000   0.04958315 -3.4257265619992324e-05
    5.350000   0.11381403 -3.3877953740385293e-05
    5.350000   0.17842421 -3.3215682765188082e-05
    5.350000   0.24312010 -3.2302838746363897e-05
    5.350000   0.30784849 -3.1182315889836560e-05
    5.350000   0.37259260 -2.9903634748366950e-05
    5.350000   0.43734549 -2.8518932325771724e-05
    5.350000   0.50210377 -2.7079209648830559e-05
    5.350000   0.56686560 -2.5631215143267587e-05
    5.350000   0.63162987 -2.4215201321419467e-05
    5.350000   0.69639591 -2.2863634530041816e-05
    5.350000   0.76116325 -2.1600799215224599e-05
    5.350000   0.82593158 -2.0443140198755868e-05
    5.350000   0.89070068 -1.9400135921795938e-05
    5.350000   0.95547037 -1.8475488214132040e-05
    5.350000   1.02024053 -1.7668438561778413e-05
    5.350000   1.08501108 -1.6975063362696393e-05
    5.350000   1.14978193 -1.6389448838730734e-05
    5.350000   1.21455301 -1.5904690986686162e-05
    5.350000   1.27932429 -1.5513701929989199e-05
    5.350000   1.34409571 -1.5209829347089903e-05
    5.350000   1.40886724 -1.4987310722261105e-05
    5.350000   1.47363885 -1.4841590699849888e-05
    5.350000   1.53841049 -1.4769529977364473e-05
    5.350000   1.60318216 -1.4769529985280953e-05
    5.350000   1.66795381 -1.4841590723602564e-05
    5.350000   1.73272541 -1.4987310761853459e-05
    5.350000   1.79749694 -1.5209829402509857e-05
    5.350000   1.86226837 -1.5513702001185096e-05
    5.350000   1.92703964 -1.5904691073539281e-05
    5.350000   1.99181073 -1.6389448941023989e-05
    5.350000   2.05658157 -1.6975063480090612e-05
    5.350000   2.12135212 -1.7668438693796118e-05
    5.350000   2.18612229 -1.8475488360156712e-05
    5.350000   2.25089198 -1.9400136081087036e-05
    5.350000   2.31566107 -2.0443140370482077e-05
    5.350000   2.38042940 -2.1600799398510501e-05
    5.350000   2.44519674 -2.2863634724019317e-05
    5.350000   2.50996278 -2.4215201525278206e-05
    5.350000   2.57472706 -2.5631215356284898e-05
    5.350000   2.63948889 -2.7079209870376458e-05
    5.350000   2.70424717 -2.8518932555279902e-05
    5.350000   2.76900006 -2.9903634985273419e-05
    5.350000   2.83374417 -3.1182316133494979e-05
    5.350000   2.89847256 -3.2302838995963846e-05
    5.350000   2.96316844 -3.3215683019688198e-05
    5.350000   3.02777863 -3.3877953998491066e-05
    5.350000   3.09200950 -3.4257265880186466e-05
    5.400000   0.04958315 -3.1844049598898179e-05
    5.400000   0.11381403 -3.1497553647911134e-05
    5.400000   0.17842421 -3.0892473302937785e-05
    5.400000   0.24312010 -3.0058229054259561e-05
    5.400000   0.30784849 -2.9033802075659085e-05
    5.400000   0.37259260 -2.7864218989650869e-05
    5.400000   0.43734549 -2.6596920037332060e-05
    5.400000   0.50210377 -2.5278358051113560e-05
    5.400000   0.56686560 -2.3951170143532616e-05
    5.400000   0.63162987 -2.2652137117445117e-05
    5.400000   0.69639591 -2.1411003411223830e-05
    5.400000   0.76116325 -2.0250105719611668e-05
    5.400000   0.82593158 -1.9184670012482031e-05
    5.400000   0.89070068 -1.8223590872923047e-05
    5.400000   0.95547037 -1.7370500058010243e-05
    5.400000   1.02024053 -1.6624952808555296e-05
    5.400000   1.08501108 -1.5983598420193792e-05
    5.400000   1.14978193 -1.5441244782506070e-05
    5.400000   1.21455301 -1.4991766794310719e-05
    5.400000   1.27932429 -1.4628841008764455e-05
    5.400000   1.34409571 -1.4346511781574374e-05
    5.400000   1.40886724 -1.4139607926617783e-05
    5.400000   1.47363885 -1.4004034931918364e-05
    5.400000   1.53841049 -1.3936968070162724e-05
    5.400000   1.60318216 -1.3936968076853628e-05
    5.400000   1.66795381 -1.4004034952003292e-05
    5.400000   1.73272541 -1.4139607960127848e-05
    5.400000   1.79749694 -1.4346511828545942e-05
    5.400000   1.86226837 -1.4628841069216539e-05
    5.400000   1.92703964 -1.4991766868217280e-05
    5.400000   1.99181073 -1.5441244869768708e-05
    5.400000   2.05658157 -1.5983598520616375e-05
    5.400000   2.12135212 -1.6624952921826769e-05
    5.400000   2.18612229 -1.7370500183698894e-05
    5.400000   2.25089198 -1.8223591010486635e-05
    5.400000   2.31566107 -1.9184670161289883e-05
    5.400000   2.38042940 -2.0250105878981219e-05
    5.400000   2.44519674 -2.1411003580461186e-05
    5.400000   2.50996278 -2.2652137295884716e-05
    5.400000   2.57472706 -2.3951170330561489e-05
    5.400000   2.63948889 -2.5278358246175568e-05
    5.400000   2.70424717 -2.6596920239902337e-05
    5.400000   2.76900006 -2.7864219199185580e-05
    5.400000   2.83374417 -2.9033802291528237e-05
    5.400000   2.89847256 -3.0058229275676945e-05
    5.400000   2.96316844 -3.0892473528910895e-05
    5.400000   3.02777863 -3.1497553877223912e-05
    5.400000   3.09200950 -3.1844049830140938e-05
    5.450000   0.04958315 -2.9612110261033679e-05
    5.450000   0.11381403 -2.9295633316179938e-05
    5.450000   0.17842421 -2.8742868668779703e-05
    5.450000   0.24312010 -2.7980523545222627e-05
    5.450000   0.30784849 -2.7043999746499706e-05
    5.450000   0.37259260 -2.5974214175172374e-05
    5.450000   0.43734549 -2.4814312952095861e-05
    5.450000   0.50210377 -2.3606591553961964e-05
    5.450000   0.56686560 -2.2389929654798586e-05
    5.450000   0.63162987 -2.1197935278265188e-05
    5.450000   0.69639591 -2.0057864932188315e-05
    5.450000   0.76116325 -1.8990274126571807e-05
    5.450000   0.82593158 -1.8009272899200701e-05
    5.450000   0.89070068 -1.7123219420707205e-05
    5.450000   0.95547037 -1.6335678024785458e-05
    5.450000   1.02024053 -1.5646487060410601e-05
    5.450000   1.08501108 -1.5052815816370670e-05
    5.450000   1.14978193 -1.4550128432407604e-05
    5.450000   1.21455301 -1.4133008816479304e-05
    5.450000   1.27932429 -1.3795829828371280e-05
    5.450000   1.34409571 -1.3533270736555208e-05
    5.450000   1.40886724 -1.3340699470387440e-05
    5.450000   1.47363885 -1.3214441794439801e-05
    5.450000   1.53841049 -1.3151959925979791e-05
    5.450000   1.60318216 -1.3151959931559575e-05
    5.450000   1.66795381 -1.3214441811198611e-05
    5.450000   1.73272541 -1.3340699498378826e-05
    5.450000   1.79749694 -1.3533270775854157e-05
    5.450000   1.86226837 -1.3795829879052631e-05
    5.450000   1.92703964 -1.4133008878593400e-05
    5.450000   1.99181073 -1.4550128505953211e-05
    5.450000   2.05658157 -1.5052815901269619e-05
    5.450000   2.12135212 -1.5646487156490907e-05
    5.450000   2.18612229 -1.6335678131771537e-05
    5.450000   2.25089198 -1.7123219538225159e-05
    5.450000   2.31566107 -1.8009273026792746e-05
    5.450000   2.38042940 -1.8990274263723317e-05
    5.450000   2.44519674 -2.0057865078360791e-05
    5.450000   2.50996278 -2.1197935432925321e-05
    5.450000   2.57472706 -2.2389929817438243e-05
    5.450000   2.63948889 -2.3606591724100353e-05
    5.450000   2.70424717 -2.4814313129257434e-05
    5.450000   2.76900006 -2.5974214358846390e-05
    5.450000   2.83374417 -2.7043999936084541e-05
    5.450000   2.89847256 -2.7980523739967865e-05
    5.450000   2.96316844 -2.8742868867748132e-05
    5.450000   3.02777863 -2.9295633518235806e-05
    5.450000   3.09200950 -2.9612110464869647e-05
    5.500000   0.04958315 -2.7548284625424979e-05
    5.500000   0.11381403 -2.7259222816622277e-05
    5.500000   0.17842421 -2.6754237044358329e-05
    5.500000   0.24312010 -2.6057558531662443e-05
    5.500000   0.30784849 -2.5201322980138302e-05
    5.500000   0.37259260 -2.4222697580414087e-05
    5.500000   0.43734549 -2.3160910700477014e-05
    5.500000   0.50210377 -2.2054464779959188e-05
    5.500000   0.56686560 -2.0938810877192966e-05
    5.500000   0.63162987 -1.9844660994042295e-05
    5.500000   0.69639591 -1.8796999367865552e-05
    5.500000   0.76116325 -1.7814752915527023e-05
    5.500000   0.82593158 -1.6911009055247327e-05
    5.500000   0.89070068 -1.6093631400678561e-05
    5.500000   0.95547037 -1.5366117332271603e-05
    5.500000   1.02024053 -1.4728558154330977e-05
    5.500000   1.08501108 -1.4178592647961087e-05
    5.500000   1.14978193 -1.3712279388579792e-05
    5.500000   1.21455301 -1.3324845591608481e-05
    5.500000   1.27932429 -1.3011296586967199e-05
    5.500000   1.34409571 -1.2766888798581485e-05
    5.500000   1.40886724 -1.2587480514766979e-05
    5.500000   1.47363885 -1.2469779933272090e-05
    5.500000   1.53841049 -1.2411510457243286e-05
    5.500000   1.60318216 -1.2411510461819375e-05
    5.500000   1.66795381 -1.2469779947025393e-05
    5.500000   1.73272541 -1.2587480537768944e-05
    5.500000   1.79749694 -1.2766888830936916e-05
    5.500000   1.86226837 -1.3011296628796236e-05
    5.500000   1.92703964 -1.3324845643021838e-05
    5.500000   1.99181073 -1.3712279449654843e-05
    5.500000   2.05658157 -1.4178592718716883e-05
    5.500000   2.12135212 -1.4728558234710624e-05
    5.500000   2.18612229 -1.5366117422130706e-05
    5.500000   2.25089198 -1.6093631499785051e-05
    5.500000   2.31566107 -1.6911009163291400e-05
    5.500000   2.38042940 -1.7814753032140668e-05
    5.500000   2.44519674 -1.8796999492646895e-05
    5.500000   2.50996278 -1.9844661126577863e-05
    5.500000   2.57472706 -2.0938811017072410e-05
    5.500000   2.63948889 -2.2054464926776426e-05
    5.500000   2.70424717 -2.3160910853811695e-05
    5.500000   2.76900006 -2.4222697739796915e-05
    5.500000   2.83374417 -2.5201323145004426e-05
    5.500000   2.89847256 -2.6057558701306398e-05
    5.500000   2.96316844 -2.6754237217903508e-05
    5.500000   3.02777863 -2.7259222993013335e-05
    5.500000   3.09200950 -2.7548284803454320e-05
    5.550000   0.04958315 -2.5640031786671950e-05
    5.550000   0.11381403 -2.5375973254477810e-05
    5.550000   0.17842421 -2.4914565225540016e-05
    5.550000   0.24312010 -2.4277784354504213e-05
    5.550000   0.30784849 -2.3494792274107772e-05
    5.550000   0.37259260 -2.2599341553123151e-05
    5.550000   0.43734549 -2.1627092489640039e-05
    5.550000   0.50210377 -2.0613092268345329e-05
    5.550000   0.56686560 -1.9589667479351672e-05
    5.550000   0.63162987 -1.8584889386899648e-05
    5.550000   0.69639591 -1.7621668211628844e-05
    5.550000   0.76116325 -1.6717441895151150e-05
    5.550000   0.82593158 -1.5884359924566170e-05
    5.550000   0.89070068 -1.5129828507323369e-05
    5.550000   0.95547037 -1.4457277102104655e-05
    5.550000   1.02024053 -1.3867020887553617e-05
    5.550000   1.08501108 -1.3357120460482773e-05
    5.550000   1.14978193 -1.2924170903102075e-05
    5.550000   1.21455301 -1.2563981399066434e-05
    5.550000   1.27932429 -1.2272130287051574e-05
    5.550000   1.34409571 -1.2044397428742299e-05
    5.550000   1.40886724 -1.1877086171710531e-05
    5.550000   1.47363885 -1.1767252011345024e-05
    5.550000   1.53841049 -1.1712855632105587e-05
    5.550000   1.60318216 -1.1712855635778454e-05
    5.550000   1.66795381 -1.1767252022393092e-05
    5.550000   1.73272541 -1.1877086190218038e-05
    5.550000   1.79749694 -1.2044397454837441e-05
    5.550000   1.86226837 -1.2272130320889411e-05
    5.550000   1.92703964 -1.2563981440805617e-05
    5.550000   1.99181073 -1.2924170952882623e-05
    5.550000   2.05658157 -1.3357120518403457e-05
    5.550000   2.12135212 -1.3867020953651489e-05
    5.550000   2.18612229 -1.4457277176344104e-05
    5.550000   2.25089198 -1.5129828589591864e-05
    5.550000   2.31566107 -1.5884360014680366e-05
    5.550000   2.38042940 -1.6717441992869011e-05
    5.550000   2.44519674 -1.7621668316667943e-05
    5.550000   2.50996278 -1.8584889498953979e-05
    5.550000   2.57472706 -1.9589667598101920e-05
    5.550000   2.63948889 -2.0613092393458207e-05
    5.550000   2.70424717 -2.1627092620752446e-05
    5.550000   2.76900006 -2.2599341689812158e-05
    5.550000   2.83374417 -2.3494792415853088e-05
    5.550000   2.89847256 -2.4277784500651179e-05
    5.550000   2.96316844 -2.4914565375275208e-05
    5.550000   3.02777863 -2.5375973406826630e-05
    5.550000   3.09200950 -2.5640031940524016e-05
    5.600000   0.04958315 -2.3875498218972664e-05
    5.600000   0.11381403 -2.3634218422105826e-05
    5.600000   0.17842421 -2.3212514073967444e-05
    5.600000   0.24312010 -2.2630312646268648e-05
    5.600000   0.30784849 -2.1914072329100649e-05
    5.600000   0.37259260 -2.1094441252581638e-05
    5.600000   0.43734549 -2.0203834902787144e-05
    5.600000   0.50210377 -1.9274156983906084e-05
    5.600000   0.56686560 -1.8334889854345812e-05
    5.600000   0.63162987 -1.7411698776314572e-05
    5.600000   0.69639591 -1.6525601791742163e-05
    5.600000   0.76116325 -1.5692675475964467e-05
    5.600000   0.82593158 -1.4924208315146633e-05
    5.600000   0.89070068 -1.4227182276698399e-05
    5.600000   0.95547037 -1.3604957044862512e-05
    5.600000   1.02024053 -1.3058044055049567e-05
    5.600000   1.08501108 -1.2584881114333168e-05
    5.600000   1.14978193 -1.2182545897740680e-05
    5.600000   1.21455301 -1.1847372622025531e-05
    5.600000   1.27932429 -1.1575457531174455e-05
    5.600000   1.34409571 -1.1363054195854824e-05
    5.600000   1.40886724 -1.1206869116458807e-05
    5.600000   1.47363885 -1.1104272597750251e-05
    5.600000   1.53841049 -1.1053440508763066e-05
    5.600000   1.60318216 -1.1053440511625730e-05
    5.600000   1.66795381 -1.1104272606371278e-05
    5.600000   1.73272541 -1.1206869130932242e-05
    5.600000   1.79749694 -1.1363054216326581e-05
    5.600000   1.86226837 -1.1575457557824983e-05
    5.600000   1.92703964 -1.1847372655051943e-05
    5.600000   1.99181073 -1.2182545937332276e-05
    5.600000   2.05658157 -1.2584881160651403e-05
    5.600000   2.12135212 -1.3058044108208542e-05
    5.600000   2.18612229 -1.3604957104916110e-05
    5.600000   2.25089198 -1.4227182343634222e-05
    5.600000   2.31566107 -1.4924208388887431e-05
    5.600000   2.38042940 -1.5692675556376537e-05
    5.600000   2.44519674 -1.6525601878646791e-05
    5.600000   2.50996278 -1.7411698869501939e-05
    5.600000   2.57472706 -1.8334889953579581e-05
    5.600000   2.63948889 -1.9274157088922893e-05
    5.600000   2.70424717 -2.0203835013280826e-05
    5.600000   2.76900006 -2.1094441368179379e-05
    5.600000   2.83374417 -2.1914072449330820e-05
    5.600000   2.89847256 -2.2630312770530895e-05
    5.600000   2.96316844 -2.3212514201514464e-05
    5.600000   3.02777863 -2.3634218552043875e-05
    5.600000   3.09200950 -2.3875498350284366e-05
    5.650000   0.04958315 -2.2243552122267448e-05
    5.650000   0.11381403 -2.2023006601318730e-05
    5.650000   0.17842421 -2.1637446008747800e-05
    5.650000   0.24312010 -2.1104938154372106e-05
    5.650000   0.30784849 -2.0449487348719137e-05
    5.650000   0.37259260 -1.9698923093255727e-05
    5.650000   0.43734549 -1.8882713631373775e-05
    5.650000   0.50210377 -1.8029905867010411e-05
    5.650000   0.56686560 -1.7167395284310550e-05
    5.650000   0.63162987 -1.6318656402751796e-05
    5.650000   0.69639591 -1.5502981539668128e-05
    5.650000   0.76116325 -1.4735202426903016e-05
    5.650000   0.82593158 -1.4025816488170965e-05
    5.650000   0.89070068 -1.3381411220504291e-05
    5.650000   0.95547037 -1.2805274206810719e-05
    5.650000   1.02024053 -1.2298087234127436e-05
    5.650000   1.08501108 -1.1858623901339946e-05
    5.650000   1.14978193 -1.1484394592035928e-05
    5.650000   1.21455301 -1.1172205970698682e-05
    5.650000   1.27932429 -1.0918621346350905e-05
    5.650000   1.34409571 -1.0720322147530125e-05
    5.650000   1.40886724 -1.0574379405347303e-05
    5.650000   1.47363885 -1.0478448300293464e-05
    5.650000   1.53841049 -1.0430899530333384e-05
    5.650000   1.60318216 -1.0430899532472560e-05
    5.650000   1.66795381 -1.0478448306745825e-05
    5.650000   1.73272541 -1.0574379416214154e-05
    5.650000   1.79749694 -1.0720322162969030e-05
    5.650000   1.86226837 -1.0918621366562786e-05
    5.650000   1.92703964 -1.1172205995908398e-05
    5.650000   1.99181073 -1.1484394622471133e-05
    5.650000   2.05658157 -1.1858623937211597e-05
    5.650000   2.12135212 -1.2298087275611471e-05
    5.650000   2.18612229 -1.2805274254033858e-05
    5.650000   2.25089198 -1.3381411273536656e-05
    5.650000   2.31566107 -1.4025816547024104e-05
    5.650000   2.38042940 -1.4735202491535829e-05
    5.650000   2.44519674 -1.5502981609992066e-05
    5.650000   2.50996278 -1.6318656478640907e-05
    5.650000   2.57472706 -1.7167395365604337e-05
    5.650000   2.63948889 -1.8029905953510530e-05
    5.650000   2.70424717 -1.8882713722831266e-05
    5.650000   2.76900006 -1.9698923189348566e-05
    5.650000   2.83374417 -2.0449487449026896e-05
    5.650000   2.89847256 -2.1104938258351526e-05
    5.650000   2.96316844 -2.1637446115718707e-05
    5.650000   3.02777863 -2.2023006710465546e-05
    5.650000   3.09200950 -2.2243552232664254e-05
    5.700000   0.04958315 -2.0733794499525028e-05
    5.700000   0.11381403 -2.0532109950346170e-05
    5.700000   0.17842421 -2.0179431540766101e-05
    5.700000   0.24312010 -1.9692141549478190e-05
    5.700000   0.30784849 -1.9092019601920038e-05
    5.700000   0.37259260 -1.8404338906056365e-05
    5.700000   0.43734549 -1.7655893408964165e-05
    5.700000   0.50210377 -1.6873135973881188e-05
    5.700000   0.56686560 -1.6080610895344221e-05
    5.700000   0.63162987 -1.5299798893225543e-05
    5.700000   0.69639591 -1.4548418674465545e-05
    5.700000   0.76116325 -1.3840163440681021e-05
    5.700000   0.82593158 -1.3184803181709300e-05
    5.700000   0.89070068 -1.2588557779933110e-05
    5.700000   0.95547037 -1.2054640213830451e-05
    5.700000   1.02024053 -1.1583878570434764e-05
    5.700000   1.08501108 -1.1175344027263907e-05
    5.700000   1.14978193 -1.0826933752762287e-05
    5.700000   1.21455301 -1.0535878499790461e-05
    5.700000   1.27932429 -1.0299161915112495e-05
    5.700000   1.34409571 -1.0113851157696819e-05
    5.700000   1.40886724 -9.9773463110140871e-06
    5.700000   1.47363885 -9.8875599374140660e-06
    5.700000   1.53841049 -9.8430388685140376e-06
    5.700000   1.60318216 -9.8430388700093540e-06
    5.700000   1.66795381 -9.8875599419363833e-06
    5.700000   1.73272541 -9.9773463186689102e-06
    5.700000   1.79749694 -1.0113851168650293e-05
    5.700000   1.86226837 -1.0299161929579641e-05
    5.700000   1.92703964 -1.0535878518015757e-05
    5.700000   1.99181073 -1.0826933775002639e-05
    5.700000   2.05658157 -1.1175344053768394e-05
    5.700000   2.12135212 -1.1583878601427849e-05
    5.700000   2.18612229 -1.2054640249497303e-05
    5.700000   2.25089198 -1.2588557820411621e-05
    5.700000   2.31566107 -1.3184803227085455e-05
    5.700000   2.38042940 -1.3840163490990778e-05
    5.700000   2.44519674 -1.4548418729698010e-05
    5.700000   2.50996278 -1.5299798953328636e-05
    5.700000   2.57472706 -1.6080610960225366e-05
    5.700000   2.63948889 -1.6873136043402623e-05
    5.700000   2.70424717 -1.7655893482931423e-05
    5.700000   2.76900006 -1.8404338984198647e-05
    5.700000   2.83374417 -1.9092019683869646e-05
    5.700000   2.89847256 -1.9692141634749058e-05
    5.700000   2.96316844 -2.0179431628744273e-05
    5.700000   3.02777863 -2.0532110040294709e-05
    5.700000   3.09200950 -2.0733794590605047e-05
    5.750000   0.04958315 -1.9336553040230279e-05
    5.750000   0.11381403 -1.9152017349501812e-05
    5.750000   0.17842421 -1.8829240380026555e-05
    5.750000   0.24312010 -1.8383078290823440e-05
    5.750000   0.30784849 -1.7833295781300159e-05
    5.750000   0.37259260 -1.7202849767847149e-05
    5.750000   0.43734549 -1.6516109505441860e-05
    5.750000   0.50210377 -1.5797173993375508e-05
    5.750000   0.56686560 -1.5068451657683889e-05
    5.750000   0.63162987 -1.4349609247822984e-05
    5.750000   0.69639591 -1.3656930668734604e-05
    5.750000   0.76116325 -1.3003067523632426e-05
    5.750000   0.82593158 -1.2397120295897567e-05
    5.750000   0.89070068 -1.1844965592996394e-05
    5.750000   0.95547037 -1.1349739321588595e-05
    5.750000   1.02024053 -1.0912393730952986e-05
    5.750000   1.08501108 -1.0532262516364343e-05
    5.750000   1.14978193 -1.0207587538803128e-05
    5.750000   1.21455301 -9.9359793338098200e-06
    5.750000   1.27932429 -9.7147990833521920e-06
    5.750000   1.34409571 -9.5414610903075036e-06
    5.750000   1.40886724 -9.4136619943722695e-06
    5.750000   1.47363885 -9.3295465564214320e-06
    5.750000   1.53841049 -9.2878206170960764e-06
    5.750000   1.60318216 -9.2878206180211397e-06
    5.750000   1.66795381 -9.3295465592332036e-06
    5.750000   1.73272541 -9.4136619991791492e-06
    5.750000   1.79749694 -9.5414610972807108e-06
    5.750000   1.86226837 -9.7147990927148808e-06
    5.750000   1.92703964 -9.9359793458208031e-06
    5.750000   1.99181073 -1.0207587553740266e-05
    5.750000   2.05658157 -1.0532262534505134e-05
    5.750000   2.12135212 -1.0912393752559204e-05
    5.750000   2.18612229 -1.1349739346892214e-05
    5.750000   2.25089198 -1.1844965622189624e-05
    5.750000   2.31566107 -1.2397120329127020e-05
    5.750000   2.38042940 -1.3003067560998959e-05
    5.750000   2.44519674 -1.3656930710293642e-05
    5.750000   2.50996278 -1.4349609293586148e-05
    5.750000   2.57472706 -1.5068451707619543e-05
    5.750000   2.63948889 -1.5797174047401858e-05
    5.750000   2.70424717 -1.6516109563415746e-05
    5.750000   2.76900006 -1.7202849829548308e-05
    5.750000   2.83374417 -1.7833295846412723e-05
    5.750000   2.89847256 -1.8383078358918702e-05
    5.750000   2.96316844 -1.8829240450556613e-05
    5.750000   3.02777863 -1.9152017421804626e-05
    5.750000   3.09200950 -1.9336553113551358e-05
    5.800000   0.04958315 -1.8042863585733348e-05
    5.800000   0.11381403 -1.7873915322276137e-05
    5.800000   0.17842421 -1.7578321460982748e-05
    5.800000   0.24312010 -1.7169557530720763e-05
    5.800000   0.30784849 -1.6665564712982238e-05
    5.800000   0.37259260 -1.6087202593698484e-05
    5.800000   0.43734549 -1.5456643407135217e-05
    5.800000   0.50210377 -1.4795851312155342e-05
    5.800000   0.56686560 -1.4125295181881133e-05
    5.800000   0.63162987 -1.3462991720543833e-05
    5.800000   0.69639591 -1.2823916541639892e-05
    5.800000   0.76116325 -1.2219767978466095e-05
    5.800000   0.82593158 -1.1659029779499804e-05
    5.800000   0.89070068 -1.1147257430945564e-05
    5.800000   0.95547037 -1.0687507481983063e-05
    5.800000   1.02024053 -1.0280836121247886e-05
    5.800000   1.08501108 -9.9268075495610871e-06
    5.800000   1.14978193 -9.6239698890232723e-06
    5.800000   1.21455301 -9.3702730010489421e-06
    5.800000   1.27932429 -9.1634165123024026e-06
    5.800000   1.34409571 -9.0011266233174178e-06
    5.800000   1.40886724 -8.8813668420073260e-06
    5.800000   1.47363885 -8.8024911173504767e-06
    5.800000   1.53841049 -8.7633486502444974e-06
    5.800000   1.60318216 -8.7633486506664689e-06
    5.800000   1.66795381 -8.8024911186535471e-06
    5.800000   1.73272541 -8.8813668443006321e-06
    5.800000   1.79749694 -9.0011266267745167e-06
    5.800000   1.86226837 -9.1634165171505075e-06
    5.800000   1.92703964 -9.3702730075559322e-06
    5.800000   1.99181073 -9.6239698974808522e-06
    5.800000   2.05658157 -9.9268075602676123e-06
    5.800000   2.12135212 -1.0280836134493255e-05
    5.800000   2.18612229 -1.0687507498034802e-05
    5.800000   2.25089198 -1.1147257450039181e-05
    5.800000   2.31566107 -1.1659029801832026e-05
    5.800000   2.38042940 -1.2219768004190340e-05
    5.800000   2.44519674 -1.2823916570867789e-05
    5.800000   2.50996278 -1.3462991753342675e-05
    5.800000   2.57472706 -1.4125295218271878e-05
    5.800000   2.63948889 -1.4795851352107164e-05
    5.800000   2.70424717 -1.5456643450554000e-05
    5.800000   2.76900006 -1.6087202640412188e-05
    5.800000   2.83374417 -1.6665564762725512e-05
    5.800000   2.89847256 -1.7169557583121325e-05
    5.800000   2.96316844 -1.7578321515556779e-05
    5.800000   3.02777863 -1.7873915378435143e-05
    5.800000   3.09200950 -1.8042863642803697e-05
    5.850000   0.04958315 -1.6844442908318121e-05
    5.850000   0.11381403 -1.6689660638499840e-05
    5.850000   0.17842421 -1.6418775278305578e-05
    5.850000   0.24312010 -1.6044014164787061e-05
    5.850000   0.30784849 -1.5581669188411917e-05
    5.850000   0.37259260 -1.5050701898385523e-05
    5.850000   0.43734549 -1.4471294719401062e-05
    5.850000   0.50210377 -1.3863476306781559e-05
    5.850000   0.56686560 -1.3245954657165343e-05
    5.850000   0.63162987 -1.2635245642915744e-05
    5.850000   0.69639591 -1.2045131768942124e-05
    5.850000   0.76116325 -1.1486438551545630e-05
    5.850000   0.82593158 -1.0967081109685263e-05
    5.850000   0.89070068 -1.0492314050919988e-05
    5.850000   0.95547037 -1.0065112559041400e-05
    5.850000   1.02024053 -9.6866184122161976e-06
    5.850000   1.08501108 -9.3565972149241407e-06
    5.850000   1.14978193 -9.0738683825403032e-06
    5.850000   1.21455301 -8.8366842698232220e-06
    5.850000   1.27932429 -8.6430473428540363e-06
    5.850000   1.34409571 -8.4909635836514533e-06
    5.850000   1.40886724 -8.3786363082178490e-06
    5.850000   1.47363885 -8.3046076747461739e-06
    5.850000   1.53841049 -8.2678559746136676e-06
    5.850000   1.60318216 -8.2678559745943806e-06
    5.850000   1.66795381 -8.3046076747249185e-06
    5.850000   1.73272541 -8.3786363083035246e-06
    5.850000   1.79749694 -8.4909635840172360e-06
    5.850000   1.86226837 -8.6430473437291535e-06
    5.850000   1.92703964 -8.8366842714794730e-06
    5.850000   1.99181073 -9.0738683852773343e-06
    5.850000   2.05658157 -9.3565972190541242e-06
    5.850000   2.12135212 -9.6866184180495559e-06
    5.850000   2.18612229 -1.0065112566872931e-05
    5.850000   2.25089198 -1.0492314061018583e-05
    5.850000   2.31566107 -1.0967081122286685e-05
    5.850000   2.38042940 -1.1486438566848090e-05
    5.850000   2.44519674 -1.2045131787102668e-05
    5.850000   2.50996278 -1.2635245664049181e-05
    5.850000   2.57472706 -1.3245954681339751e-05
    5.850000   2.63948889 -1.3863476334011393e-05
    5.850000   2.70424717 -1.4471294749637376e-05
    5.850000   2.76900006 -1.5050701931502174e-05
    5.850000   2.83374417 -1.5581669224192666e-05
    5.850000   2.89847256 -1.6044014202914545e-05
    5.850000   2.96316844 -1.6418775318357765e-05
    5.850000   3.02777863 -1.6689660679958098e-05
    5.850000   3.09200950 -1.6844442950585197e-05
    5.900000   0.04958315 -1.5733655699447555e-05
    5.900000   0.11381403 -1.5591747396799527e-05
    5.900000   0.17842421 -1.5343321162284848e-05
    5.900000   0.24312010 -1.4999476432702978e-05
    5.900000   0.30784849 -1.4575014058955580e-05
    5.900000   0.37259260 -1.4087178582416202e-05
    5.900000   0.43734549 -1.3554350856472943e-05
    5.900000   0.50210377 -1.2994805146474623e-05
    5.900000   0.56686560 -1.2425650954855876e-05
    5.900000   0.63162987 -1.1862038979652570e-05
    5.900000   0.69639591 -1.1316663396679421e-05
    5.900000   0.76116325 -1.0799550160454356e-05
    5.900000   0.82593158 -1.0318089640331570e-05
    5.900000   0.89070068 -9.8772541274405473e-06
    5.900000   0.95547037 -9.4799357684567276e-06
    5.900000   1.02024053 -9.1273453826020324e-06
    5.900000   1.08501108 -8.8194236257059116e-06
    5.900000   1.14978193 -8.5552294890692428e-06
    5.900000   1.21455301 -8.3332843776323261e-06
    5.900000   1.27932429 -8.1518612439238156e-06
    5.900000   1.34409571 -8.0092166520000383e-06
    5.900000   1.40886724 -7.9037691121727416e-06
    5.900000   1.47363885 -7.8342299028831823e-06
    5.900000   1.53841049 -7.7996934185005242e-06
    5.900000   1.60318216 -7.7996934180964013e-06
    5.900000   1.66795381 -7.8342299017061725e-06
    5.900000   1.73272541 -7.9037691103301857e-06
    5.900000   1.79749694 -8.0092166496634657e-06
    5.900000   1.86226837 -8.1518612413213933e-06
    5.900000   1.92703964 -8.3332843750360515e-06
    5.900000   1.99181073 -8.5552294867827265e-06
    5.900000   2.05658157 -8.8194236240494811e-06
    5.900000   2.12135212 -9.1273453818991526e-06
    5.900000   2.18612229 -9.4799357690222762e-06
    5.900000   2.25089198 -9.8772541295687007e-06
    5.900000   2.31566107 -1.0318089644288569e-05
    5.900000   2.38042940 -1.0799550166473852e-05
    5.900000   2.44519674 -1.1316663404956642e-05
    5.900000   2.50996278 -1.1862038990342487e-05
    5.900000   2.57472706 -1.2425650968067073e-05
    5.900000   2.63948889 -1.2994805162262161e-05
    5.900000   2.70424717 -1.3554350874829340e-05
    5.900000   2.76900006 -1.4087178603258352e-05
    5.900000   2.83374417 -1.4575014082114244e-05
    5.900000   2.89847256 -1.4999476457912842e-05
    5.900000   2.96316844 -1.5343321189183210e-05
    5.900000   3.02777863 -1.5591747424934295e-05
    5.900000   3.09200950 -1.5733655728294830e-05
    5.950000   0.04958315 -1.4703477994400073e-05
    5.950000   0.11381403 -1.4573270736872475e-05
    5.950000   0.17842421 -1.4345261513190635e-05
    5.950000   0.24312010 -1.4029530913660705e-05
    5.950000   0.30784849 -1.3639532231415708e-05
    5.950000   0.37259260 -1.3190957157717533e-05
    5.950000   0.43734549 -1.2700555706956149e-05
    5.950000   0.50210377 -1.2185012075561819e-05
    5.950000   0.56686560 -1.1659984662372712e-05
    5.950000   0.63162987 -1.1139382199898337e-05
    5.950000   0.69639591 -1.0634905784342129e-05
    5.950000   0.76116325 -1.0155848494974689e-05
    5.950000   0.82593158 -9.7091160032153103e-06
    5.950000   0.89070068 -9.2994153601262580e-06
    5.950000   0.95547037 -8.9295543702187254e-06
    5.950000   1.02024053 -8.6007980549224280e-06
    5.950000   1.08501108 -8.3132383449273161e-06
    5.950000   1.14978193 -8.0661451202073468e-06
    5.950000   1.21455301 -7.8582785441320854e-06
    5.950000   1.27932429 -7.6881527219656856e-06
    5.950000   1.34409571 -7.5542483053105060e-06
    5.950000   1.40886724 -7.4551766521782486e-06
    5.950000   1.47363885 -7.3898008229685413e-06
    5.950000   1.53841049 -7.3573195150108958e-06
    5.950000   1.60318216 -7.3573195142727049e-06
    5.950000   1.66795381 -7.3898008207890433e-06
    5.950000   1.73272541 -7.4551766486618404e-06
    5.950000   1.79749694 -7.5542483006259183e-06
    5.950000   1.86226837 -7.6881527163373804e-06
    5.950000   1.92703964 -7.8582785378297130e-06
    5.950000   1.99181073 -8.0661451135345957e-06
    5.950000   2.05658157 -8.3132383382079409e-06
    5.950000   2.12135212 -8.6007980484883522e-06
    5.950000   2.18612229 -8.9295543643969527e-06
    5.950000   2.25089198 -9.2994153552297333e-06
    5.950000   2.31566107 -9.7091159995341458e-06
    5.950000   2.38042940 -1.0155848492769906e-05
    5.950000   2.44519674 -1.0634905783840311e-05
    5.950000   2.50996278 -1.1139382201287847e-05
    5.950000   2.57472706 -1.1659984665796523e-05
    5.950000   2.63948889 -1.2185012081111198e-05
    5.950000   2.70424717 -1.2700555714661263e-05
    5.950000   2.76900006 -1.3190957167535364e-05
    5.950000   2.83374417 -1.3639532243220989e-05
    5.950000   2.89847256 -1.4029530927238347e-05
    5.950000   2.96316844 -1.4345261528233859e-05
    5.950000   3.02777863 -1.4573270752992272e-05
    5.950000   3.09200950 -1.4703478011141094e-05
    6.000000   0.04958315 -1.3747458728308932e-05
    6.000000   0.11381403 -1.3627888817098180e-05
    6.000000   0.17842421 -1.3418444528336329e-05
    6.000000   0.24312010 -1.3128286314330282e-05
    6.000000   0.30784849 -1.2769649802425795e-05
    6.000000   0.37259260 -1.2356822477999503e-05
    6.000000   0.43734549 -1.1905078164180254e-05
    6.000000   0.50210377 -1.1429659894882524e-05
    6.000000   0.56686560 -1.0944908609618766e-05
    6.000000   0.63162987 -1.0463602885121339e-05
    6.000000   0.69639591 -9.9965372769695478e-06
    6.000000   0.76116325 -9.5523326888015625e-06
    6.000000   0.82593158 -9.1374466760245499e-06
    6.000000   0.89070068 -8.7563368052376663e-06
    6.000000   0.95547037 -8.4117256104794603e-06
    6.000000   1.02024053 -8.1049190819963295e-06
    6.000000   1.08501108 -7.8361390449759700e-06
    6.000000   1.14978193 -7.6048403894888569e-06
    6.000000   1.21455301 -7.4099946613506100e-06
    6.000000   1.27932429 -7.2503305753194969e-06
    6.000000   1.34409571 -7.1245288743277023e-06
    6.000000   1.40886724 -7.0313735104695612e-06
    6.000000   1.47363885 -6.9698636035154375e-06
    6.000000   1.53841049 -6.9392914494227063e-06
    6.000000   1.60318216 -6.9392914483971967e-06
    6.000000   1.66795381 -6.9698636004724649e-06
    6.000000   1.73272541 -7.0313735055109930e-06
    6.000000   1.79749694 -7.1245288676173514e-06
    6.000000   1.86226837 -7.2503305670763908e-06
    6.000000   1.92703964 -7.4099946518403587e-06
    6.000000   1.99181073 -7.6048403790119098e-06
    6.000000   2.05658157 -7.8361390338556827e-06
    6.000000   2.12135212 -8.1049190705681491e-06
    6.000000   2.18612229 -8.4117255990776074e-06
    6.000000   2.25089198 -8.7563367941880436e-06
    6.000000   2.31566107 -9.1374466656345913e-06
    6.000000   2.38042940 -9.5523326793531844e-06
    6.000000   2.44519674 -9.9965372687145646e-06
    6.000000   2.50996278 -1.0463602878275095e-05
    6.000000   2.57472706 -1.0944908604354045e-05
    6.000000   2.63948889 -1.1429659891322113e-05
    6.000000   2.70424717 -1.1905078162387997e-05
    6.000000   2.76900006 -1.2356822477969386e-05
    6.000000   2.83374417 -1.2769649804073694e-05
    6.000000   2.89847256 -1.3128286317487291e-05
    6.000000   2.96316844 -1.3418444532749980e-05
    6.000000   3.02777863 -1.3627888822438003e-05
    6.000000   3.09200950 -1.3747458734185150e-05
    6.050000   0.04958315 -1.2859680696421455e-05
    6.050000   0.11381403 -1.2749784284460924e-05
    6.050000   0.17842421 -1.2557226570414489e-05
    6.050000   0.24312010 -1.2290337093252266e-05
    6.050000   0.30784849 -1.1960251252596220e-05
    6.050000   0.37259260 -1.1579986761587539e-05
    6.050000   0.43734549 -1.1163481174038693e-05
    6.050000   0.50210377 -1.0724671164235475e-05
    6.050000   0.56686560 -1.0276701289027995e-05
    6.050000   0.63162987 -9.8313213672883761e-06
    6.050000   0.69639591 -9.3984980069540366e-06
    6.050000   0.76116325 -8.9862351851528213e-06
    6.050000   0.82593158 -8.6005757772774278e-06
    6.050000   0.89070068 -8.2457424412615525e-06
    6.050000   0.95547037 -7.9243718845078453e-06
    6.050000   1.02024053 -7.6377993272248861e-06
    6.050000   1.08501108 -7.3863573245118162e-06
    6.050000   1.14978193 -7.1696624888151824e-06
    6.050000   1.21455301 -6.9868730587507400e-06
    6.050000   1.27932429 -6.8369083844620680e-06
    6.050000   1.34409571 -6.7186276031566009e-06
    6.050000   1.40886724 -6.6309689330898011e-06
    6.050000   1.47363885 -6.5730533171419277e-06
    6.050000   1.53841049 -6.5442569534322987e-06
    6.050000   1.60318216 -6.5442569521614571e-06
    6.050000   1.66795381 -6.5730533133618509e-06
    6.050000   1.73272541 -6.6309689268982054e-06
    6.050000   1.79749694 -6.7186275947119230e-06
    6.050000   1.86226837 -6.8369083739777067e-06
    6.050000   1.92703964 -6.9868730464850473e-06
    6.050000   1.99181073 -7.1696624750633408e-06
    6.050000   2.05658157 -7.3863573095938329e-06
    6.050000   2.12135212 -7.6377993114751792e-06
    6.050000   2.18612229 -7.9243718682652906e-06
    6.050000   2.25089198 -8.2457424248587392e-06
    6.050000   2.31566107 -8.6005757610333840e-06
    6.050000   2.38042940 -8.9862351693658026e-06
    6.050000   2.44519674 -9.3984979918940381e-06
    6.050000   2.50996278 -9.8313213531941307e-06
    6.050000   2.57472706 -1.0276701276096485e-05
    6.050000   2.63948889 -1.0724671152617241e-05
    6.050000   2.70424717 -1.1163481163827097e-05
    6.050000   2.76900006 -1.1579986752810687e-05
    6.050000   2.83374417 -1.1960251245208001e-05
    6.050000   2.89847256 -1.2290337087127489e-05
    6.050000   2.96316844 -1.2557226565349927e-05
    6.050000   3.02777863 -1.2749784280182669e-05
    6.050000   3.09200950 -1.2859680692599708e-05
    6.100000   0.04958315 -1.2034721857889202e-05
    6.100000   0.11381403 -1.1933626141114823e-05
    6.100000   0.17842421 -1.1756435021588799e-05
    6.100000   0.24312010 -1.1510727686285066e-05
    6.100000   0.30784849 -1.1206645371183322e-05
    6.100000   0.37259260 -1.0856057476108663e-05
    6.100000   0.43734549 -1.0471691766831514e-05
    6.100000   0.50210377 -1.0066300493216799e-05
    6.100000   0.56686560 -9.6519414450627696e-06
    6.100000   0.63162987 -9.2394275917016014e-06
    6.100000   0.69639591 -8.8379689500365547e-06
    6.100000   0.76116325 -8.4550028626006945e-06
    6.100000   0.82593158 -8.0961881075370407e-06
    6.100000   0.89070068 -7.7655259511574391e-06
    6.100000   0.95547037 -7.4655670753988105e-06
    6.100000   1.02024053 -7.1976655727069021e-06
    6.100000   1.08501108 -6.9622476021153308e-06
    6.100000   1.14978193 -6.7590705906645207e-06
    6.100000   1.21455301 -6.5874572459979317e-06
    6.100000   1.27932429 -6.4464959369603343e-06
    6.100000   1.34409571 -6.3352046073036649e-06
    6.100000   1.40886724 -6.2526591800657975e-06
    6.100000   1.47363885 -6.1980895484112944e-06
    6.100000   1.53841049 -6.1709470406833235e-06
    6.100000   1.60318216 -6.1709470392048140e-06
    6.100000   1.66795381 -6.1980895440072406e-06
    6.100000   1.73272541 -6.2526591728299042e-06
    6.100000   1.79749694 -6.3352045973889495e-06
    6.100000   1.86226837 -6.4464959245722445e-06
    6.100000   1.92703964 -6.5874572313867040e-06
    6.100000   1.99181073 -6.7590705741182970e-06
    6.100000   2.05658157 -6.9622475839480361e-06
    6.100000   2.12135212 -7.1976655532491984e-06
    6.100000   2.18612229 -7.4655670549893830e-06
    6.100000   2.25089198 -7.7655259301327041e-06
    6.100000   2.31566107 -8.0961880862226780e-06
    6.100000   2.38042940 -8.4550028413057221e-06
    6.100000   2.44519674 -8.8379689290470783e-06
    6.100000   2.50996278 -9.2394275712721866e-06
    6.100000   2.57472706 -9.6519414254117017e-06
    6.100000   2.63948889 -1.0066300474517580e-05
    6.100000   2.70424717 -1.0471691749204090e-05
    6.100000   2.76900006 -1.0856057459611539e-05
    6.100000   2.83374417 -1.1206645355805377e-05
    6.100000   2.89847256 -1.1510727671942211e-05
    6.100000   2.96316844 -1.1756435008124049e-05
    6.100000   3.02777863 -1.1933626128305130e-05
    6.100000   3.09200950 -1.2034721845462127e-05
    6.150000   0.04958315 -1.1267617660347428e-05
    6.150000   0.11381403 -1.1174532658404977e-05
    6.150000   0.17842421 -1.1011332228995293e-05
    6.150000   0.24312010 -1.0784917878509952e-05
    6.150000   0.30784849 -1.0504532385976578e-05
    6.150000   0.37259260 -1.0181006483423090e-05
    6.150000   0.43734549 -9.8259723942259884e-06
    6.150000   0.50210377 -9.4511081672336605e-06
    6.150000   0.56686560 -9.0674840115390049e-06
    6.150000   0.63162987 -8.6850593223291525e-06
    6.150000   0.69639591 -8.3123523016062612e-06
    6.150000   0.76116325 -7.9562794445090549e-06
    6.150000   0.82593158 -7.6221434261517900e-06
    6.150000   0.89070068 -7.3137366840719424e-06
    6.150000   0.95547037 -7.0335240115984115e-06
    6.150000   1.02024053 -6.7828692840442505e-06
    6.150000   1.08501108 -6.5622770057459923e-06
    6.150000   1.14978193 -6.3716266887791911e-06
    6.150000   1.21455301 -6.2103855422414443e-06
    6.150000   1.27932429 -6.0777914937992883e-06
    6.150000   1.34409571 -5.9730036358560996e-06
    6.150000   1.40886724 -5.8952206511746908e-06
    6.150000   1.47363885 -5.8437697579556558e-06
    6.150000   1.53841049 -5.8181694888414255e-06
    6.150000   1.60318216 -5.8181694871894393e-06
    6.150000   1.66795381 -5.8437697530296764e-06
    6.150000   1.73272541 -5.8952206430652329e-06
    6.150000   1.79749694 -5.9730036247087987e-06
    6.150000   1.86226837 -6.0777914798113760e-06
    6.150000   1.92703964 -6.2103855256552086e-06
    6.150000   1.99181073 -6.3716266698726212e-06
    6.150000   2.05658157 -6.5622769848256930e-06
    6.150000   2.12135212 -6.7828692614355961e-06
    6.150000   2.18612229 -7.0335239876357266e-06
    6.150000   2.25089198 -7.3137366590918498e-06
    6.150000   2.31566107 -7.6221434004836797e-06
    6.150000   2.38042940 -7.9562794184687616e-06
    6.150000   2.44519674 -8.3123522754895181e-06
    6.150000   2.50996278 -8.6850592964046097e-06
    6.150000   2.57472706 -9.0674839860417191e-06
    6.150000   2.63948889 -9.4511081423562774e-06
    6.150000   2.70424717 -9.8259723701125647e-06
    6.150000   2.76900006 -1.0181006460158681e-05
    6.150000   2.83374417 -1.0504532363582206e-05
    6.150000   2.89847256 -1.0784917856938629e-05
    6.150000   2.96316844 -1.1011332208132949e-05
    6.150000   3.02777863 -1.1174532638077152e-05
    6.150000   3.09200950 -1.1267617640333210e-05
    6.200000   0.04958315 -1.0553824857827384e-05
    6.200000   0.11381403 -1.0468035791238695e-05
    6.200000   0.17842421 -1.0317580960923142e-05
    6.200000   0.24312010 -1.0108749697097329e-05
    6.200000   0.30784849 -9.8499726204177803e-06
    6.200000   0.37259260 -9.5511407102764440e-06
    6.200000   0.43734549 -9.2228937797218955e-06
    6.200000   0.50210377 -8.8759352623605407e-06
    6.200000   0.56686560 -8.5204375003061955e-06
    6.200000   0.63162987 -8.1655817490455297e-06
    6.200000   0.69639591 -7.8192531953245758e-06
    6.200000   0.76116325 -7.4878891835577341e-06
    6.200000   0.82593158 -7.1764619308980256e-06
    6.200000   0.89070068 -6.8885667455985122e-06
    6.200000   0.95547037 -6.6265829789984063e-06
    6.200000   1.02024053 -6.3918763583555816e-06
    6.200000   1.08501108 -6.1850161785301140e-06
    6.200000   1.14978193 -6.0059872942672267e-06
    6.200000   1.21455301 -5.8543835070238836e-06
    6.200000   1.27932429 -5.7295748115088029e-06
    6.200000   1.34409571 -5.6308455522177438e-06
    6.200000   1.40886724 -5.5575037020287888e-06
    6.200000   1.47363885 -5.5089633179537260e-06
    6.200000   1.53841049 -5.4848029835055202e-06
    6.200000   1.60318216 -5.4848029817108649e-06
    6.200000   1.66795381 -5.5089633125982348e-06
    6.200000   1.73272541 -5.5575036931982975e-06
    6.200000   1.79749694 -5.6308455400516088e-06
    6.200000   1.86226837 -5.7295747961953095e-06
    6.200000   1.92703964 -5.8543834887955431e-06
    6.200000   1.99181073 -6.0059872733926164e-06
    6.200000   2.05658157 -6.1850161553059436e-06
    6.200000   2.12135212 -6.3918763330987524e-06
    6.200000   2.18612229 -6.6265829520389070e-06
    6.200000   2.25089198 -6.8885667172690345e-06
    6.200000   2.31566107 -7.1764619015285363e-06
    6.200000   2.38042940 -7.4878891534673333e-06
    6.200000   2.44519674 -7.8192531648161279e-06
    6.200000   2.50996278 -8.1655817183969859e-06
    6.200000   2.57472706 -8.5204374697659957e-06
    6.200000   2.63948889 -8.8759352321381798e-06
    6.200000   2.70424717 -9.2228937499806341e-06
    6.200000   2.76900006 -9.5511406811261761e-06
    6.200000   2.83374417 -9.8499725919081709e-06
    6.200000   2.89847256 -1.0108749669215139e-05
    6.200000   2.96316844 -1.0317580933594295e-05
    6.200000   3.02777863 -1.0468035764332743e-05
    6.200000   3.09200950 -1.0553824831171274e-05
    6.250000   0.04958315 -9.8891871358460662e-06
    6.250000   0.11381403 -9.8100473922508218e-06
    6.250000   0.17842421 -9.6712116485888164e-06
    6.250000   0.24312010 -9.4784160673938607e-06
    6.250000   0.30784849 -9.2393568820150688e-06
    6.250000   0.37259260 -8.9630745077482314e-06
    6.250000   0.43734549 -8.6593094044405123e-06
    6.250000   0.50210377 -8.3378803315298616e-06
    6.250000   0.56686560 -8.0081428879856455e-06
    6.250000   0.63162987 -7.6785685122702905e-06
    6.250000   0.69639591 -7.3564627534275311e-06
    6.250000   0.76116325 -7.0478217896339218e-06
    6.250000   0.82593158 -6.7573108925739832e-06
    6.250000   0.89070068 -6.4883391566698086e-06
    6.250000   0.95547037 -6.2432012193577826e-06
    6.250000   1.02024053 -6.0232577818720692e-06
    6.250000   1.08501108 -5.8291309241547129e-06
    6.250000   1.14978193 -5.6608959089727710e-06
    6.250000   1.21455301 -5.5182570943660882e-06
    6.250000   1.27932429 -5.4007008420521485e-06
    6.250000   1.34409571 -5.3076224560919454e-06
    6.250000   1.40886724 -5.2384270739485244e-06
    6.250000   1.47363885 -5.1926061430683234e-06
    6.250000   1.53841049 -5.1697918484051139e-06
    6.250000   1.60318216 -5.1697918464947396e-06
    6.250000   1.66795381 -5.1926061373655021e-06
    6.250000   1.73272541 -5.2384270645340988e-06
    6.250000   1.79749694 -5.3076224430982804e-06
    6.250000   1.86226837 -5.4007008256589795e-06
    6.250000   1.92703964 -5.5182570747954437e-06
    6.250000   1.99181073 -5.6608958864820109e-06
    6.250000   2.05658157 -5.8291308990304900e-06
    6.250000   2.12135212 -6.0232577544222250e-06
    6.250000   2.18612229 -6.2432011899040372e-06
    6.250000   2.25089198 -6.4883391255398401e-06
    6.250000   2.31566107 -6.7573108600950351e-06
    6.250000   2.38042940 -7.0478217561262615e-06
    6.250000   2.44519674 -7.3564627191969993e-06
    6.250000   2.50996278 -7.6785684776025771e-06
    6.250000   2.57472706 -8.0081428531383340e-06
    6.250000   2.63948889 -8.3378802967260588e-06
    6.250000   2.70424717 -8.6593093698606768e-06
    6.250000   2.76900006 -8.9630744735235212e-06
    6.250000   2.83374417 -9.2393568482211224e-06
    6.250000   2.89847256 -9.4784160340483928e-06
    6.250000   2.96316844 -9.6712116156535022e-06
    6.250000   3.02777863 -9.8100473596357927e-06
    6.250000   3.09200950 -9.8891871034229409e-06
    6.300000   0.04958315 -9.2699027355050030e-06
    6.300000   0.11381403 -9.1968274073603759e-06
    6.300000   0.17842421 -9.0685915776239593e-06
    6.300000   0.24312010 -8.8904313731661775e-06
    6.300000   0.30784849 -8.6693786959678604e-06
    6.300000   0.37259260 -8.4137037845171727e-06
    6.300000   0.43734549 -8.1323316843778387e-06
    6.300000   0.50210377 -7.8342776908629545e-06
    6.300000   0.56686560 -7.5281540049703717e-06
    6.300000   0.63162987 -7.2217841280361912e-06
    6.300000   0.69639591 -6.9219424343264170e-06
    6.300000   0.76116325 -6.6342185530868207e-06
    6.300000   0.82593158 -6.3629923863765621e-06
    6.300000   0.89070068 -6.1114970158401912e-06
    6.300000   0.95547037 -5.8819433453054210e-06
    6.300000   1.02024053 -5.6756811249282315e-06
    6.300000   1.08501108 -5.4933746187644894e-06
    6.300000   1.14978193 -5.3351762031905006e-06
    6.300000   1.21455301 -5.2008864579826022e-06
    6.300000   1.27932429 -5.0900940396133788e-06
    6.300000   1.34409571 -5.0022923771223684e-06
    6.300000   1.40886724 -4.9369728691591694e-06
    6.300000   1.47363885 -4.8936958492056256e-06
    6.300000   1.53841049 -4.8721412946882342e-06
    6.300000   1.60318216 -4.8721412926874161e-06
    6.300000   1.66795381 -4.8936958432287511e-06
    6.300000   1.73272541 -4.9369728592830600e-06
    6.300000   1.79749694 -5.0022923634721428e-06
    6.300000   1.86226837 -5.0900940223598225e-06
    6.300000   1.92703964 -5.2008864373374616e-06
    6.300000   1.99181073 -5.3351761793996245e-06
    6.300000   2.05658157 -5.4933745921031804e-06
    6.300000   2.12135212 -5.6756810956939651e-06
    6.300000   2.18612229 -5.8819433138102025e-06
    6.300000   2.25089198 -6.1114969824054435e-06
    6.300000   2.31566107 -6.3629923513245455e-06
    6.300000   2.38042940 -6.6342185167357148e-06
    6.300000   2.44519674 -6.9219423969832340e-06
    6.300000   2.50996278 -7.2217840899911016e-06
    6.300000   2.57472706 -7.5281539664877650e-06
    6.300000   2.63948889 -7.8342776521766457e-06
    6.300000   2.70424717 -8.1323316456823650e-06
    6.300000   2.76900006 -8.4137037459626927e-06
    6.300000   2.83374417 -8.6693786576530805e-06
    6.300000   2.89847256 -8.8904313351365310e-06
    6.300000   2.96316844 -9.0685915398736067e-06
    6.300000   3.02777863 -9.1968273698365927e-06
    6.300000   3.09200950 -9.2699026981200062e-06
    6.350000   0.04958315 -8.6924941756902090e-06
    6.350000   0.11381403 -8.6249541447558000e-06
    6.350000   0.17842421 -8.5063961093341229e-06
    6.350000   0.24312010 -8.3416039852160674e-06
    6.350000   0.30784849 -8.1370084298421246e-06
    6.350000   0.37259260 -7.9001819402797575e-06
    6.350000   0.43734549 -7.6393098461506908e-06
    6.350000   0.50210377 -7.3626772951509795e-06
    6.350000   0.56686560 -7.0782193997323549e-06
    6.350000   0.63162987 -6.7931677731418614e-06
    6.350000   0.69639591 -6.5138096265098869e-06
    6.350000   0.76116325 -6.2453596043717805e-06
    6.350000   0.82593158 -5.9919320556088931e-06
    6.350000   0.89070068 -5.7565935971554717e-06
    6.350000   0.95547037 -5.5414726025384281e-06
    6.350000   1.02024053 -5.3479028047219165e-06
    6.350000   1.08501108 -5.1765813204884108e-06
    6.350000   1.14978193 -5.0277258302071987e-06
    6.350000   1.21455301 -4.9012203417742251e-06
    6.350000   1.27932429 -4.7967432102024527e-06
    6.350000   1.34409571 -4.7138744777405774e-06
    6.350000   1.40886724 -4.6521820102188656e-06
    6.350000   1.47363885 -4.6112873799679099e-06
    6.350000   1.53841049 -4.5909131296725273e-06
    6.350000   1.60318216 -4.5909131276025431e-06
    6.350000   1.66795381 -4.6112873737820944e-06
    6.350000   1.73272541 -4.6521819999893977e-06
    6.350000   1.79749694 -4.7138744635863282e-06
    6.350000   1.86226837 -4.7967431922847328e-06
    6.350000   1.92703964 -4.9012203202935789e-06
    6.350000   1.99181073 -5.0277258053983203e-06
    6.350000   2.05658157 -5.1765812926146808e-06
    6.350000   2.12135212 -5.3479027740691164e-06
    6.350000   2.18612229 -5.5414725694088892e-06
    6.350000   2.25089198 -5.7565935618613426e-06
    6.350000   2.31566107 -5.9919320184671082e-06
    6.350000   2.38042940 -6.2453595656958699e-06
    6.350000   2.44519674 -6.5138095866059547e-06
    6.350000   2.50996278 -6.7931677323012785e-06
    6.350000   2.57472706 -7.0782193582251562e-06
    6.350000   2.63948889 -7.3626772532188735e-06
    6.350000   2.70424717 -7.6393098040002916e-06
    6.350000   2.76900006 -7.9001818980768288e-06
    6.350000   2.83374417 -8.1370083877053610e-06
    6.350000   2.89847256 -8.3416039432169382e-06
    6.350000   2.96316844 -8.5063960674951067e-06
    6.350000   3.02777863 -8.6249541030582247e-06
    6.350000   3.09200950 -8.6924941340826411e-06
    6.400000   0.04958315 -8.1537801029005627e-06
    6.400000   0.11381403 -8.0912966422618164e-06
    6.400000   0.17842421 -7.9815819489172563e-06
    6.400000   0.24312010 -7.8290107653508935e-06
    6.400000   0.30784849 -7.6394693045520028e-06
    6.400000   0.37259260 -7.4198975823189712e-06
    6.400000   0.43734549 -7.1778094722812935e-06
    6.400000   0.50210377 -6.9208261626377037e-06
    6.400000   0.56686560 -6.6562656292787906e-06
    6.400000   0.63162987 -6.3908183737622775e-06
    6.400000   0.69639591 -6.1303244266104091e-06
    6.400000   0.76116325 -5.8796522443207212e-06
    6.400000   0.82593158 -5.6426688399980262e-06
    6.400000   0.89070068 -5.4222833153573457e-06
    6.400000   0.95547037 -5.2205429115415570e-06
    6.400000   1.02024053 -5.0387610495629385e-06
    6.400000   1.08501108 -4.8776595122280852e-06
    6.400000   1.14978193 -4.7375108155149307e-06
    6.400000   1.21455301 -4.6182709957202146e-06
    6.400000   1.27932429 -4.5196968463357409e-06
    6.400000   1.34409571 -4.4414447093490308e-06
    6.400000   1.40886724 -4.3831501292950068e-06
    6.400000   1.47363885 -4.3444890474609056e-06
    6.400000   1.53841049 -4.3252218722470899e-06
    6.400000   1.60318216 -4.3252218701272273e-06
    6.400000   1.66795381 -4.3444890411237354e-06
    6.400000   1.73272541 -4.3831501188090735e-06
    6.400000   1.79749694 -4.4414446948257649e-06
    6.400000   1.86226837 -4.5196968279276287e-06
    6.400000   1.92703964 -4.6182709736167484e-06
    6.400000   1.99181073 -4.7375107899395468e-06
    6.400000   2.05658157 -4.8776594834316899e-06
    6.400000   2.12135212 -5.0387610178194395e-06
    6.400000   2.18612229 -5.2205428771418160e-06
    6.400000   2.25089198 -5.4222832786044523e-06
    6.400000   2.31566107 -5.6426688012003724e-06
    6.400000   2.38042940 -5.8796522037874596e-06
    6.400000   2.44519674 -6.1303243846436882e-06
    6.400000   2.50996278 -6.3908183306533107e-06
    6.400000   2.57472706 -6.6562655853006519e-06
    6.400000   2.63948889 -6.9208261180382740e-06
    6.400000   2.70424717 -7.1778094272764484e-06
    6.400000   2.76900006 -7.4198975370875067e-06
    6.400000   2.83374417 -7.6394692592312051e-06
    6.400000   2.89847256 -7.8290107200337058e-06
    6.400000   2.96316844 -7.9815819036529642e-06
    6.400000   3.02777863 -8.0912965970621360e-06
    6.400000   3.09200950 -8.1537800577469219e-06
    6.450000   0.04958315 -7.6508492470004728e-06
    6.450000   0.11381403 -7.5929891086677439e-06
    6.450000   0.17842421 -7.4913624316797166e-06
    6.450000   0.24312010 -7.3499735108517575e-06
    6.450000   0.30784849 -7.1742152501532773e-06
    6.450000   0.37259260 -6.9704539769238558e-06
    6.450000   0.43734549 -6.7455936613770102e-06
    6.450000   0.50210377 -6.5066512889905951e-06
    6.450000   0.56686560 -6.2603819113410565e-06
    6.450000   0.63162987 -6.0129809301439803e-06
    6.450000   0.69639591 -5.7698775326263629e-06
    6.450000   0.76116325 -5.5356202756354729e-06
    6.450000   0.82593158 -5.3138455998955863e-06
    6.450000   0.89070068 -5.1073134912355659e-06
    6.450000   0.95547037 -4.9179916237983649e-06
    6.450000   1.02024053 -4.7471695021602050e-06
    6.450000   1.08501108 -4.5955864180352071e-06
    6.450000   1.14978193 -4.4635604637945967e-06
    6.450000   1.21455301 -4.3511095629048339e-06
    6.450000   1.27932429 -4.2580588949032430e-06
    6.450000   1.34409571 -4.1841318719685038e-06
    6.450000   1.40886724 -4.1290238389980649e-06
    6.450000   1.47363885 -4.0924589402316643e-06
    6.450000   1.53841049 -4.0742312282553543e-06
    6.450000   1.60318216 -4.0742312261028411e-06
    6.450000   1.66795381 -4.0924589337949313e-06
    6.450000   1.73272541 -4.1290238283407413e-06
    6.450000   1.79749694 -4.1841318571961010e-06
    6.450000   1.86226837 -4.2580588761588308e-06
    6.450000   1.92703964 -4.3511095403676335e-06
    6.450000   1.99181073 -4.4635604376753041e-06
    6.450000   2.05658157 -4.5955863885734615e-06
    6.450000   2.12135212 -4.7471694696173533e-06
    6.450000   2.18612229 -4.9179915884534487e-06
    6.450000   2.25089198 -5.1073134533810630e-06
    6.450000   2.31566107 -5.3138455598315979e-06
    6.450000   2.38042940 -5.5356202336638485e-06
    6.450000   2.44519674 -5.7698774890448042e-06
    6.450000   2.50996278 -6.0129808852418515e-06
    6.450000   2.57472706 -6.2603818653921110e-06
    6.450000   2.63948889 -6.5066512422465305e-06
    6.450000   2.70424717 -6.7455936140617726e-06
    6.450000   2.76900006 -6.9704539292276177e-06
    6.450000   2.83374417 -7.1742152022279998e-06
    6.450000   2.89847256 -7.3499734628098181e-06
    6.450000   2.96316844 -7.4913623835943177e-06
    6.450000   3.02777863 -7.5929890605772967e-06
    6.450000   3.09200950 -7.6508491989169094e-06
    6.500000   0.04958315 -7.1810364243271601e-06
    6.500000   0.11381403 -7.1274073791764771e-06
    6.500000   0.17842421 -7.0331847652825130e-06
    6.500000   0.24312010 -6.9020372748150012e-06
    6.500000   0.30784849 -6.7389105389684541e-06
    6.500000   0.37259260 -6.5496501655468916e-06
    6.500000   0.43734549 -6.3406057309351482e-06
    6.500000   0.50210377 -6.1182439767748162e-06
    6.500000   0.56686560 -5.8888060640818346e-06
    6.500000   0.63162987 -5.6580340035261520e-06
    6.500000   0.69639591 -5.4309791796823970e-06
    6.500000   0.76116325 -5.2118942649756256e-06
    6.500000   0.82593158 -5.0042005683331455e-06
    6.500000   0.89070068 -4.8105168521099454e-06
    6.500000   0.95547037 -4.6327329307751194e-06
    6.500000   1.02024053 -4.4721114035980695e-06
    6.500000   1.08501108 -4.3294028380547310e-06
    6.500000   1.14978193 -4.2049627318115448e-06
    6.500000   1.21455301 -4.0988618886931674e-06
    6.500000   1.27932429 -4.0109849117455815e-06
    6.500000   1.34409571 -3.9411140329441287e-06
    6.500000   1.40886724 -3.8889973419530289e-06
    6.500000   1.47363885 -3.8544016566122633e-06
    6.500000   1.53841049 -3.8371508846686330e-06
    6.500000   1.60318216 -3.8371508824976020e-06
    6.500000   1.66795381 -3.8544016501199557e-06
    6.500000   1.73272541 -3.8889973311992324e-06
    6.500000   1.79749694 -3.9411140180269637e-06
    6.500000   1.86226837 -4.0109848927996737e-06
    6.500000   1.92703964 -4.0988618658879691e-06
    6.500000   1.99181073 -4.2049627053457005e-06
    6.500000   2.05658157 -4.3294028081554429e-06
    6.500000   2.12135212 -4.4721113705137393e-06
    6.500000   2.18612229 -4.6327328947734103e-06
    6.500000   2.25089198 -4.8105168134724172e-06
    6.500000   2.31566107 -5.0042005273499061e-06
    6.500000   2.38042940 -5.2118942219398730e-06
    6.500000   2.44519674 -5.4309791348873679e-06
    6.500000   2.50996278 -5.6580339572572423e-06
    6.500000   2.57472706 -5.8888060166122211e-06
    6.500000   2.63948889 -6.1182439283579716e-06
    6.500000   2.70424717 -6.3406056818008253e-06
    6.500000   2.76900006 -6.5496501158943954e-06
    6.500000   2.83374417 -6.7389104889634711e-06
    6.500000   2.89847256 -6.9020372245863074e-06
    6.500000   2.96316844 -7.0331847149240529e-06
    6.500000   3.02777863 -7.1274073287511827e-06
    6.500000   3.09200950 -7.1810363738726693e-06
    6.550000   0.04958315 -6.7419005039748634e-06
    6.550000   0.11381403 -6.6921473005492542e-06
    6.550000   0.17842421 -6.6047091432736123e-06
    6.550000   0.24312010 -6.4829504773611378e-06
    6.550000   0.30784849 -6.3314111110425967e-06
    6.550000   0.37259260 -6.1554636610815396e-06
    6.550000   0.43734549 -5.9609533791080532e-06
    6.550000   0.50210377 -5.7538454983330241e-06
    6.550000   0.56686560 -5.5399116534136459e-06
    6.550000   0.63162987 -5.3244782881943759e-06
    6.550000   0.69639591 -5.1122490445378672e-06
    6.550000   0.76116325 -4.9072026655442975e-06
    6.550000   0.82593158 -4.7125595647777972e-06
    6.550000   0.89070068 -4.5308047053678058e-06
    6.550000   0.95547037 -4.3637518676363179e-06
    6.550000   1.02024053 -4.2126343038832179e-06
    6.550000   1.08501108 -4.0782084515976322e-06
    6.550000   1.14978193 -3.9608600201418161e-06
    6.550000   1.21455301 -3.8607047079582462e-06
    6.550000   1.27932429 -3.7776785613920343e-06
    6.550000   1.34409571 -3.7116152652419575e-06
    6.550000   1.40886724 -3.6623093412305132e-06
    6.550000   1.47363885 -3.6295653266380637e-06
    6.550000   1.53841049 -3.6132335862697195e-06
    6.550000   1.60318216 -3.6132335840942212e-06
    6.550000   1.66795381 -3.6295653201296730e-06
    6.550000   1.73272541 -3.6623093304459224e-06
    6.550000   1.79749694 -3.7116152502727084e-06
    6.550000   1.86226837 -3.7776785423642857e-06
    6.550000   1.92703964 -3.8607046850311497e-06
    6.550000   1.99181073 -3.9608599935028950e-06
    6.550000   2.05658157 -4.0782084214612350e-06
    6.550000   2.12135212 -4.2126342704857879e-06
    6.550000   2.18612229 -4.3637518312334845e-06
    6.550000   2.25089198 -4.5308046662292864e-06
    6.550000   2.31566107 -4.7125595231832194e-06
    6.550000   2.38042940 -4.9072026217787954e-06
    6.550000   2.44519674 -5.1122489988875762e-06
    6.550000   2.50996278 -5.3244782409401704e-06
    6.550000   2.57472706 -5.5399116048260895e-06
    6.550000   2.63948889 -5.7538454486667483e-06
    6.550000   2.70424717 -5.9609533285968553e-06
    6.550000   2.76900006 -6.1554636099321795e-06
    6.550000   2.83374417 -6.3314110594307794e-06
    6.550000   2.89847256 -6.4829504254310505e-06
    6.550000   2.96316844 -6.6047090911373359e-06
    6.550000   3.02777863 -6.6921472482905290e-06
    6.550000   3.09200950 -6.7419004516556626e-06
    6.600000   0.04958315 -6.3312042361524466e-06
    6.600000   0.11381403 -6.2850049453727618e-06
    6.600000   0.17842421 -6.2037896303234358e-06
    6.600000   0.24312010 -6.0906467096228061e-06
    6.600000   0.30784849 -5.9497474958634027e-06
    6.600000   0.37259260 -5.7860346308166039e-06
    6.600000   0.43734549 -5.6048942151504011e-06
    6.600000   0.50210377 -5.4118340055009793e-06
    6.600000   0.56686560 -5.2121962655350480e-06
    6.600000   0.63162987 -5.0109261907846152e-06
    6.600000   0.69639591 -4.8124070457175325e-06
    6.600000   0.76116325 -4.6203637319218739e-06
    6.600000   0.82593158 -4.4378289071944373e-06
    6.600000   0.89070068 -4.2671607263931118e-06
    6.600000   0.95547037 -4.1100988575604548e-06
    6.600000   1.02024053 -3.9678452491508012e-06
    6.600000   1.08501108 -3.8411575422919071e-06
    6.600000   1.14978193 -3.7304453411409466e-06
    6.600000   1.21455301 -3.6358621707784461e-06
    6.600000   1.27932429 -3.5573884249153741e-06
    6.600000   1.34409571 -3.4949026703326416e-06
    6.600000   1.40886724 -3.4482402181662186e-06
    6.600000   1.47363885 -3.4172388901154475e-06
    6.600000   1.53841049 -3.4017724629239512e-06
    6.600000   1.60318216 -3.4017724607550255e-06
    6.600000   1.66795381 -3.4172388836255633e-06
    6.600000   1.73272541 -3.4482402074075022e-06
    6.600000   1.79749694 -3.4949026553910135e-06
    6.600000   1.86226837 -3.5573884059093909e-06
    6.600000   1.92703964 -3.6358621478569053e-06
    6.600000   1.99181073 -3.7304453144805423e-06
    6.600000   2.05658157 -3.8411575120944245e-06
    6.600000   2.12135212 -3.9678452156408725e-06
    6.600000   2.18612229 -4.1100988209814115e-06
    6.600000   2.25089198 -4.2671606870026595e-06
    6.600000   2.31566107 -4.4378288652614385e-06
    6.600000   2.38042940 -4.6203636877227300e-06
    6.600000   2.44519674 -4.8124069995301261e-06
    6.600000   2.50996278 -5.0109261428846115e-06
    6.600000   2.57472706 -5.2121962161894081e-06
    6.600000   2.63948889 -5.4118339549644103e-06
    6.600000   2.70424717 -5.6048941636581450e-06
    6.600000   2.76900006 -5.7860345785811290e-06
    6.600000   2.83374417 -5.9497474430703065e-06
    6.600000   2.89847256 -6.0906466564278918e-06
    6.600000   2.96316844 -6.2037895768554034e-06
    6.600000   3.02777863 -6.2850048917329791e-06
    6.600000   3.09200950 -6.3312041824246809e-06
    6.650000   0.04958315 -5.9468958312728924e-06
    6.650000   0.11381403 -5.9039585451904617e-06
    6.650000   0.17842421 -5.8284567108123826e-06
    6.650000   0.24312010 -5.7232281248825690e-06
    6.650000   0.30784849 -5.5921092282044028e-06
    6.650000   0.37259260 -5.4396514680688827e-06
    6.650000   0.43734549 -5.2708225652975576e-06
    6.650000   0.50210377 -5.0907125980922203e-06
    6.650000   0.56686560 -4.9042708221157649e-06
    6.650000   0.63162987 -4.7160923399538276e-06
    6.650000   0.69639591 -4.5302649681041821e-06
    6.650000   0.76116325 -4.3502781616114294e-06
    6.650000   0.82593158 -4.1789889623236256e-06
    6.650000   0.89070068 -4.0186353059406026e-06
    6.650000   0.95547037 -3.8708847464907802e-06
    6.650000   1.02024053 -3.7369063997411286e-06
    6.650000   1.08501108 -3.6174551034548473e-06
    6.650000   1.14978193 -3.5129588247396463e-06
    6.650000   1.21455301 -3.4236026711517813e-06
    6.650000   1.27932429 -3.3494050829119132e-06
    6.650000   1.34409571 -3.2902836546494027e-06
    6.650000   1.40886724 -3.2461094480403443e-06
    6.650000   1.47363885 -3.2167496022853249e-06
    6.650000   1.53841049 -3.2020985793804354e-06
    6.650000   1.60318216 -3.2020985772277841e-06
    6.650000   1.66795381 -3.2167495958430897e-06
    6.650000   1.73272541 -3.2461094373575609e-06
    6.650000   1.79749694 -3.2902836398057254e-06
    6.650000   1.86226837 -3.3494050640184024e-06
    6.650000   1.92703964 -3.4236026483471298e-06
    6.650000   1.99181073 -3.5129587981899123e-06
    6.650000   2.05658157 -3.6174550733506421e-06
    6.650000   2.12135212 -3.7369063662945377e-06
    6.650000   2.18612229 -3.8708847099328899e-06
    6.650000   2.25089198 -4.0186352665173226e-06
    6.650000   2.31566107 -4.1789889202929842e-06
    6.650000   2.38042940 -4.3502781172398872e-06
    6.650000   2.44519674 -4.5302649216616782e-06
    6.650000   2.50996278 -4.7160922917091967e-06
    6.650000   2.57472706 -4.9042707723320175e-06
    6.650000   2.63948889 -5.0907125470221864e-06
    6.650000   2.70424717 -5.2708225131780855e-06
    6.650000   2.76900006 -5.4396514151158184e-06
    6.650000   2.83374417 -5.5921091746103912e-06
    6.650000   2.89847256 -5.7232280708143460e-06
    6.650000   2.96316844 -5.8284566564113392e-06
    6.650000   3.02777863 -5.9039584905754603e-06
    6.650000   3.09200950 -5.9468957765453178e-06
    6.700000   0.04958315 -5.5870921732812545e-06
    6.700000   0.11381403 -5.5471520274403213e-06
    6.700000   0.17842421 -5.4769013882621283e-06
    6.700000   0.24312010 -5.3789503079152698e-06
    6.700000   0.30784849 -5.2568306535956813e-06
    6.700000   0.37259260 -5.1147376532072042e-06
    6.700000   0.43734549 -4.9572574605453192e-06
    6.700000   0.50210377 -4.7890984637853355e-06
    6.700000   0.56686560 -4.6148498571422627e-06
    6.700000   0.63162987 -4.4387849518429510e-06
    6.700000   0.69639591 -4.2647188437276969e-06
    6.700000   0.76116325 -4.0959224011125337e-06
    6.700000   0.82593158 -3.9350882777295414e-06
    6.700000   0.89070068 -3.7843404058572340e-06
    6.700000   0.95547037 -3.6452762821045817e-06
    6.700000   1.02024053 -3.5190310373242141e-06
    6.700000   1.08501108 -3.4063532857446292e-06
    6.700000   1.14978193 -3.3076845275092421e-06
    6.700000   1.21455301 -3.2232359470443764e-06
    6.700000   1.27932429 -3.1530584443094363e-06
    6.700000   1.34409571 -3.0971034322006525e-06
    6.700000   1.40886724 -3.0552732275956096e-06
    6.700000   1.47363885 -3.0274607419921759e-06
    6.700000   1.53841049 -3.0135786829782843e-06
    6.700000   1.60318216 -3.0135786808502843e-06
    6.700000   1.66795381 -3.0274607356233123e-06
    6.700000   1.73272541 -3.0552732170311809e-06
    6.700000   1.79749694 -3.0971034175148338e-06
    6.700000   1.86226837 -3.1530584256056508e-06
    6.700000   1.92703964 -3.2232359244522933e-06
    6.700000   1.99181073 -3.3076845011848803e-06
    6.700000   2.05658157 -3.4063532558667685e-06
    6.700000   2.12135212 -3.5190310040932879e-06
    6.700000   2.18612229 -3.6452762457394392e-06
    6.700000   2.25089198 -3.7843403665921752e-06
    6.700000   2.31566107 -3.9350882358117816e-06
    6.700000   2.38042940 -4.0959223567981458e-06
    6.700000   2.44519674 -4.2647187972780109e-06
    6.700000   2.50996278 -4.4387849035194207e-06
    6.700000   2.57472706 -4.6148498072034609e-06
    6.700000   2.63948889 -4.7890984124807253e-06
    6.700000   2.70424717 -4.9572574081116767e-06
    6.700000   2.76900006 -5.1147375998631757e-06
    6.700000   2.83374417 -5.2568305995397505e-06
    6.700000   2.89847256 -5.3789502533222346e-06
    6.700000   2.96316844 -5.4769013332850847e-06
    6.700000   3.02777863 -5.5471519722122722e-06
    6.700000   3.09200950 -5.5870921179193055e-06
    6.750000   0.04958315 -5.2500635493641307e-06
    6.750000   0.11381403 -5.2128800400262895e-06
    6.750000   0.17842421 -5.1474607223960513e-06
    6.750000   0.24312010 -5.0562085134049536e-06
    6.750000   0.30784849 -4.9423780193609422e-06
    6.750000   0.37259260 -4.8098398058422595e-06
    6.750000   0.43734549 -4.6628317145121298e-06
    6.750000   0.50210377 -4.5057130043407834e-06
    6.750000   0.56686560 -4.3427426772191584e-06
    6.750000   0.63162987 -4.1778979799557901e-06
    6.750000   0.69639591 -4.0147420239869039e-06
    6.750000   0.76116325 -3.8563425580443763e-06
    6.750000   0.82593158 -3.7052382430006984e-06
    6.750000   0.89070068 -3.5634448759027371e-06
    6.750000   0.95547037 -3.4324919946132795e-06
    6.750000   1.02024053 -3.3134799230021267e-06
    6.750000   1.08501108 -3.2071481528145966e-06
    6.750000   1.14978193 -3.1139475139835127e-06
    6.750000   1.21455301 -3.0341104235099855e-06
    6.750000   1.27932429 -2.9677152949843296e-06
    6.750000   1.34409571 -2.9147427291041670e-06
    6.750000   1.40886724 -2.8751222914858343e-06
    6.750000   1.47363885 -2.8487695003272097e-06
    6.750000   1.53841049 -2.8356131276579916e-06
    6.750000   1.60318216 -2.8356131255620581e-06
    6.750000   1.66795381 -2.8487694940534916e-06
    6.750000   1.73272541 -2.8751222810760378e-06
    6.750000   1.79749694 -2.9147427146279690e-06
    6.750000   1.86226837 -2.9677152765369244e-06
    6.750000   1.92703964 -3.0341104012129774e-06
    6.750000   1.99181073 -3.1139474879828262e-06
    6.750000   2.05658157 -3.2071481232784163e-06
    6.750000   2.12135212 -3.3134798901186742e-06
    6.750000   2.18612229 -3.4324919585900118e-06
    6.750000   2.25089198 -3.5634448369625103e-06
    6.750000   2.31566107 -3.7052382013794094e-06
    6.750000   2.38042940 -3.8563425139872357e-06
    6.750000   2.44519674 -4.0147419777469060e-06
    6.750000   2.50996278 -4.1778979317873566e-06
    6.750000   2.57472706 -4.3427426273745856e-06
    6.750000   2.63948889 -4.5057129530657727e-06
    6.750000   2.70424717 -4.6628316620421623e-06
    6.750000   2.76900006 -4.8098397523973358e-06
    6.750000   2.83374417 -4.9423779651429952e-06
    6.750000   2.89847256 -5.0562084585970032e-06
    6.750000   2.96316844 -5.1474606671600486e-06
    6.750000   3.02777863 -5.2128799845069686e-06
    6.750000   3.09200950 -5.2500634936925836e-06
    6.800000   0.04958315 -4.9342197796169466e-06
    6.800000   0.11381403 -4.8995743489210909e-06
    6.800000   0.17842421 -4.8386046923933191e-06
    6.800000   0.24312010 -4.7535251664102616e-06
    6.800000   0.30784849 -4.6473377496021489e-06
    6.800000   0.37259260 -4.5236168327595364e-06
    6.800000   0.43734549 -4.3862820026942676e-06
    6.800000   0.50210377 -4.2393728664749636e-06
    6.800000   0.56686560 -4.0868453307644933e-06
    6.800000   0.63162987 -3.9324039818662375e-06
    6.800000   0.69639591 -3.7793788824221333e-06
    6.800000   0.76116325 -3.6306488647394380e-06
    6.800000   0.82593158 -3.4886082313537708e-06
    6.800000   0.89070068 -3.3551701882187835e-06
    6.800000   0.95547037 -3.2317984406844140e-06
    6.800000   1.02024053 -3.1195579718713981e-06
    6.800000   1.08501108 -3.0191767140855697e-06
    6.800000   1.14978193 -2.9311111824560412e-06
    6.800000   1.21455301 -2.8556107737016374e-06
    6.800000   1.27932429 -2.7927770431434840e-06
    6.800000   1.34409571 -2.7426156686631708e-06
    6.800000   1.40886724 -2.7050798975020915e-06
    6.800000   1.47363885 -2.6801050304034039e-06
    6.800000   1.53841049 -2.6676339553409830e-06
    6.800000   1.60318216 -2.6676339532832630e-06
    6.800000   1.66795381 -2.6801050242428134e-06
    6.800000   1.73272541 -2.7050798872780980e-06
    6.800000   1.79749694 -2.7426156544393615e-06
    6.800000   1.86226837 -2.7927770250091773e-06
    6.800000   1.92703964 -2.8556107517699131e-06
    6.800000   1.99181073 -2.9311111568631084e-06
    6.800000   2.05658157 -3.0191766849894132e-06
    6.800000   2.12135212 -3.1195579394488349e-06
    6.800000   2.18612229 -3.2317984051314698e-06
    6.800000   2.25089198 -3.3551701497463928e-06
    6.800000   2.31566107 -3.4886081901879009e-06
    6.800000   2.38042940 -3.6306488211142931e-06
    6.800000   2.44519674 -3.7793788365813417e-06
    6.800000   2.50996278 -3.9324039340565148e-06
    6.800000   2.57472706 -4.0868452812313271e-06
    6.800000   2.63948889 -4.2393728154604808e-06
    6.800000   2.70424717 -4.3862819504309795e-06
    6.800000   2.76900006 -4.5236167794683349e-06
    6.800000   2.83374417 -4.6473376954876043e-06
    6.800000   2.89847256 -4.7535251116607099e-06
    6.800000   2.96316844 -4.8386046371786887e-06
    6.800000   3.02777863 -4.8995742933957841e-06
    6.800000   3.09200950 -4.9342197239237680e-06
    6.850000   0.04958315 -4.6380976336907714e-06
    6.850000   0.11381403 -4.6057914976987844e-06
    6.850000   0.17842421 -4.5489242785260371e-06
    6.850000   0.24312010 -4.4695385215709498e-06
    6.850000   0.30784849 -4.3704058063715669e-06
    6.850000   0.37259260 -4.2548300801486926e-06
    6.850000   0.43734549 -4.1264398584931743e-06
    6.850000   0.50210377 -3.9889817998744243e-06
    6.850000   0.56686560 -3.8461333156949221e-06
    6.850000   0.63162987 -3.7013476393120776e-06
    6.850000   0.69639591 -3.5577390912350409e-06
    6.850000   0.76116325 -3.4180106427035921e-06
    6.850000   0.82593158 -3.2844211767178795e-06
    6.850000   0.89070068 -3.1587865496561379e-06
    6.850000   0.95547037 -3.0425067752573051e-06
    6.850000   1.02024053 -2.9366112128119857e-06
    6.850000   1.08501108 -2.8418142068585455e-06
    6.850000   1.14978193 -2.7585748104100110e-06
    6.850000   1.21455301 -2.6871556753813564e-06
    6.850000   1.27932429 -2.6276776410577422e-06
    6.850000   1.34409571 -2.5801678181250443e-06
    6.850000   1.40886724 -2.5445999628674729e-06
    6.850000   1.47363885 -2.5209266413015241e-06
    6.850000   1.53841049 -2.5091031180899519e-06
    6.850000   1.60318216 -2.5091031160753861e-06
    6.850000   1.66795381 -2.5209266352696818e-06
    6.850000   1.73272541 -2.5445999528544669e-06
    6.850000   1.79749694 -2.5801678041907078e-06
    6.850000   1.86226837 -2.6276776232844414e-06
    6.850000   1.92703964 -2.6871556538745711e-06
    6.850000   1.99181073 -2.7585747852962431e-06
    6.850000   2.05658157 -2.8418141782855577e-06
    6.850000   2.12135212 -2.9366111809464050e-06
    6.850000   2.18612229 -3.0425067402837340e-06
    6.850000   2.25089198 -3.1587865117750424e-06
    6.850000   2.31566107 -3.2844211361432865e-06
    6.850000   2.38042940 -3.4180105996607303e-06
    6.850000   2.44519674 -3.5577390459570866e-06
    6.850000   2.50996278 -3.7013475920373913e-06
    6.850000   2.57472706 -3.8461332666632671e-06
    6.850000   2.63948889 -3.9889817493219318e-06
    6.850000   2.70424717 -4.1264398066501950e-06
    6.850000   2.76900006 -4.2548300272347180e-06
    6.850000   2.83374417 -4.3704057525935221e-06
    6.850000   2.89847256 -4.4695384671200932e-06
    6.850000   2.96316844 -4.5489242235791699e-06
    6.850000   3.02777863 -4.6057914424186427e-06
    6.850000   3.09200950 -4.6380975782289937e-06
    6.900000   0.04958315 -4.3603494262504083e-06
    6.900000   0.11381403 -4.3302016227218057e-06
    6.900000   0.17842421 -4.2771206591867527e-06
    6.900000   0.24312010 -4.2029923825928332e-06
    6.900000   0.30784849 -4.1103780440869793e-06
    6.900000   0.37259260 -4.0023344034660767e-06
    6.900000   0.43734549 -3.8822235061192353e-06
    6.900000   0.50210377 -3.7535232694386201e-06
    6.900000   0.56686560 -3.6196549596887013e-06
    6.900000   0.63162987 -3.4838398725540250e-06
    6.900000   0.69639591 -3.3489924188733569e-06
    6.900000   0.76116325 -3.2176517212537654e-06
    6.900000   0.82593158 -3.0919495450867269e-06
    6.900000   0.89070068 -2.9736093556579908e-06
    6.900000   0.95547037 -2.8639696192879705e-06
    6.900000   1.02024053 -2.7640240053261342e-06
    6.900000   1.08501108 -2.6744716028384331e-06
    6.900000   1.14978193 -2.5957712974075954e-06
    6.900000   1.21455301 -2.5281957430312044e-06
    6.900000   1.27932429 -2.4718816650905761e-06
    6.900000   1.34409571 -2.4268743805039442e-06
    6.900000   1.40886724 -2.3931653360273209e-06
    6.900000   1.47363885 -2.3707221213134743e-06
    6.900000   1.53841049 -2.3595108265130251e-06
    6.900000   1.60318216 -2.3595108245459978e-06
    6.900000   1.66795381 -2.3707221154233516e-06
    6.900000   1.73272541 -2.3931653262472735e-06
    6.900000   1.79749694 -2.4268743668889102e-06
    6.900000   1.86226837 -2.4718816477178100e-06
    6.900000   1.92703964 -2.5281957219981498e-06
    6.900000   1.99181073 -2.5957712728324044e-06
    6.900000   2.05658157 -2.6744715748590400e-06
    6.900000   2.12135212 -2.7640239740986502e-06
    6.900000   2.18612229 -2.8639695849868046e-06
    6.900000   2.25089198 -2.9736093184724732e-06
    6.900000   2.31566107 -3.0919495052198071e-06
    6.900000   2.38042940 -3.2176516789210826e-06
    6.900000   2.44519674 -3.3489923742982607e-06
    6.900000   2.50996278 -3.4838398259669914e-06
    6.900000   2.57472706 -3.6196549113217563e-06
    6.900000   2.63948889 -3.7535232195229782e-06
    6.900000   2.70424717 -3.8822234548812383e-06
    6.900000   2.76900006 -4.0023343511239628e-06
    6.900000   2.83374417 -4.1103779908473655e-06
    6.900000   2.89847256 -4.2029923286505098e-06
    6.900000   2.96316844 -4.2771206047228197e-06
    6.900000   3.02777863 -4.3302015679055527e-06
    6.900000   3.09200950 -4.3603493712418974e-06
    6.950000   0.04958315 -4.0997326888323038e-06
    6.950000   0.11381403 -4.0715783234041757e-06
    6.950000   0.17842421 -4.0219954259512083e-06
    6.950000   0.24312010 -3.9527267890678312e-06
    6.950000   0.30784849 -3.8661414696467144e-06
    6.950000   0.37259260 -3.7650700735057870e-06
    6.950000   0.43734549 -3.6526304555198716e-06
    6.950000   0.50210377 -3.5320537536824281e-06
    6.950000   0.56686560 -3.4065254117063356e-06
    6.950000   0.63162987 -3.2790524942282600e-06
    6.950000   0.69639591 -3.1523640001027205e-06
    6.950000   0.76116325 -3.0288462674798454e-06
    6.950000   0.82593158 -2.9105116624752114e-06
    6.950000   0.89070068 -2.7989959526816319e-06
    6.950000   0.95547037 -2.6955781945078606e-06
    6.950000   1.02024053 -2.6012164880545484e-06
    6.950000   1.08501108 -2.5165933167421119e-06
    6.950000   1.14978193 -2.4421650856551706e-06
    6.950000   1.21455301 -2.3782116178924069e-06
    6.950000   1.27932429 -2.3248825380571526e-06
    6.950000   1.34409571 -2.2822385168225769e-06
    6.950000   1.40886724 -2.2502861902673854e-06
    6.950000   1.47363885 -2.2290061774418116e-06
    6.950000   1.53841049 -2.2183740116947081e-06
    6.950000   1.60318216 -2.2183740097786082e-06
    6.950000   1.66795381 -2.2290061717033586e-06
    6.950000   1.73272541 -2.2502861807372618e-06
    6.950000   1.79749694 -2.2822385035516463e-06
    6.950000   1.86226837 -2.3248825211170997e-06
    6.950000   1.92703964 -2.3782115973731091e-06
    6.950000   1.99181073 -2.4421650616672259e-06
    6.950000   2.05658157 -2.5165932894139779e-06
    6.950000   2.12135212 -2.6012164575325890e-06
    6.950000   2.18612229 -2.6955781609559830e-06
    6.950000   2.25089198 -2.7989959162786097e-06
    6.950000   2.31566107 -2.9105116234142421e-06
    6.950000   2.38042940 -3.0288462259657649e-06
    6.950000   2.44519674 -3.1523639563501772e-06
    6.950000   2.50996278 -3.2790524484584070e-06
    6.950000   2.57472706 -3.4065253641445085e-06
    6.950000   2.63948889 -3.5320537045534799e-06
    6.950000   2.70424717 -3.6526304050462176e-06
    6.950000   2.76900006 -3.7650700219028898e-06
    6.950000   2.83374417 -3.8661414171211841e-06
    6.950000   2.89847256 -3.9527267358157948e-06
    6.950000   2.96316844 -4.0219953721570724e-06
    6.950000   3.02777863 -4.0715782692428324e-06
    6.950000   3.09200950 -4.0997326344697843e-06
    7.000000   0.04958315 -3.8551008219422717e-06
    7.000000   0.11381403 -3.8287894931966806e-06
    7.000000   0.17842421 -3.7824417254187829e-06
    7.000000   0.24312010 -3.7176695836346406e-06
    7.000000   0.30784849 -3.6366663264446608e-06
    7.000000   0.37259260 -3.5420554427485491e-06
    7.000000   0.43734549 -3.4367307897073422e-06
    7.000000   0.50210377 -3.3236966661536670e-06
    7.000000   0.56686560 -3.2059211880697060e-06
    7.000000   0.63162987 -3.0862133522098307e-06
    7.000000   0.69639591 -2.9671300339463030e-06
    7.000000   0.76116325 -2.8509149883193215e-06
    7.000000   0.82593158 -2.7394683651838325e-06
    7.000000   0.89070068 -2.6343426792230926e-06
    7.000000   0.95547037 -2.5367596990762059e-06
    7.000000   1.02024053 -2.4476422361707940e-06
    7.000000   1.08501108 -2.3676550969968074e-06
    7.000000   1.14978193 -2.2972502406280533e-06
    7.000000   1.21455301 -2.2367122002678233e-06
    7.000000   1.27932429 -2.1862008798047095e-06
    7.000000   1.34409571 -2.1457897858730593e-06
    7.000000   1.40886724 -2.1154985271378455e-06
    7.000000   1.47363885 -2.0953189797178697e-06
    7.000000   1.53841049 -2.0852348894907105e-06
    7.000000   1.60318216 -2.0852348876280385e-06
    7.000000   1.66795381 -2.0953189741395441e-06
    7.000000   1.73272541 -2.1154985178720153e-06
    7.000000   1.79749694 -2.1457897729661991e-06
    7.000000   1.86226837 -2.1862008633230247e-06
    7.000000   1.92703964 -2.2367121802953899e-06
    7.000000   1.99181073 -2.2972502172668227e-06
    7.000000   2.05658157 -2.3676550703671088e-06
    7.000000   2.12135212 -2.4476422064099094e-06
    7.000000   2.18612229 -2.5367596663376045e-06
    7.000000   2.25089198 -2.6343426436755983e-06
    7.000000   2.31566107 -2.7394683270101790e-06
    7.000000   2.38042940 -2.8509149477151082e-06
    7.000000   2.44519674 -2.9671299911158919e-06
    7.000000   2.50996278 -3.0862133073669773e-06
    7.000000   2.57472706 -3.2059211414314409e-06
    7.000000   2.63948889 -3.3236966179392159e-06
    7.000000   2.70424717 -3.4367307401337602e-06
    7.000000   2.76900006 -3.5420553920284018e-06
    7.000000   2.83374417 -3.6366662747837068e-06
    7.000000   2.89847256 -3.7176695312290310e-06
    7.000000   2.96316844 -3.7824416724557765e-06
    7.000000   3.02777863 -3.8287894398544589e-06
    7.000000   3.09200950 -3.8551007683915943e-06
    7.100000   0.04958315 -3.4096347107005931e-06
    7.100000   0.11381403 -3.3866092982555015e-06
    7.100000   0.17842421 -3.3460319492104258e-06
    7.100000   0.24312010 -3.2892856470842693e-06
    7.100000   0.30784849 -3.2182551592734055e-06
    7.100000   0.37259260 -3.1351998596760400e-06
    7.100000   0.43734549 -3.0426188704171954e-06
    7.100000   0.50210377 -2.9431155332876589e-06
    7.100000   0.56686560 -2.8392723611615678e-06
    7.100000   0.63162987 -2.7335452584855805e-06
    7.100000   0.69639591 -2.6281824367218147e-06
    7.100000   0.76116325 -2.5251700155175987e-06
    7.100000   0.82593158 -2.4262033346111624e-06
    7.100000   0.89070068 -2.3326808173830113e-06
    7.100000   0.95547037 -2.2457159254096268e-06
    7.100000   1.02024053 -2.1661622568398183e-06
    7.100000   1.08501108 -2.0946469967309052e-06
    7.100000   1.14978193 -2.0316085094077655e-06
    7.100000   1.21455301 -1.9773346640872779e-06
    7.100000   1.27932429 -1.9319993369096338e-06
    7.100000   1.34409571 -1.8956953178479363e-06
    7.100000   1.40886724 -1.8684625023324997e-06
    7.100000   1.47363885 -1.8503107386030535e-06
    7.100000   1.53841049 -1.8412370356142088e-06
    7.100000   1.60318216 -1.8412370338643700e-06
    7.100000   1.66795381 -1.8503107333617451e-06
    7.100000   1.73272541 -1.8684624936234497e-06
    7.100000   1.79749694 -1.8956953057109293e-06
    7.100000   1.86226837 -1.9319993214007019e-06
    7.100000   1.92703964 -1.9773346452787373e-06
    7.100000   1.99181073 -2.0316084873871734e-06
    7.100000   2.05658157 -2.0946469716022557e-06
    7.100000   2.12135212 -2.1661622287231767e-06
    7.100000   2.18612229 -2.2457158944403163e-06
    7.100000   2.25089198 -2.3326807837105590e-06
    7.100000   2.31566107 -2.4262032983994151e-06
    7.100000   2.38042940 -2.5251699769426332e-06
    7.100000   2.44519674 -2.6281823959706001e-06
    7.100000   2.50996278 -2.7335452157539965e-06
    7.100000   2.57472706 -2.8392723166519134e-06
    7.100000   2.63948889 -2.9431154872058826e-06
    7.100000   2.70424717 -3.0426188229698703e-06
    7.100000   2.76900006 -3.1351998110678468e-06
    7.100000   2.83374417 -3.2182551097049807e-06
    7.100000   2.89847256 -3.2892855967508327e-06
    7.100000   2.96316844 -3.3460318982999811e-06
    7.100000   3.02777863 -3.3866092469508798e-06
    7.100000   3.09200950 -3.4096346591788484e-06
    7.200000   0.04958315 -3.0163938853181801e-06
    7.200000   0.11381403 -2.9961940017398392e-06
    7.200000   0.17842421 -2.9605814904557305e-06
    7.200000   0.24312010 -2.9107468770954827e-06
    7.200000   0.30784849 -2.8483152677601493e-06
    7.200000   0.37259260 -2.7752387984154553e-06
    7.200000   0.43734549 -2.6936824430737271e-06
    7.200000   0.50210377 -2.6059087464002054e-06
    7.200000   0.56686560 -2.5141708156689266e-06
    7.200000   0.63162987 -2.4206210337249189e-06
    7.200000   0.69639591 -2.3272402136971060e-06
    7.200000   0.76116325 -2.2357890818467004e-06
    7.200000   0.82593158 -2.1477814949911531e-06
    7.200000   0.89070068 -2.0644769382622264e-06
    7.200000   0.95547037 -1.9868887022076682e-06
    7.200000   1.02024053 -1.9158036622564569e-06
    7.200000   1.08501108 -1.8518096461459798e-06
    7.200000   1.14978193 -1.7953268054939669e-06
    7.200000   1.21455301 -1.7466400380794389e-06
    7.200000   1.27932429 -1.7059301979299204e-06
    7.200000   1.34409571 -1.6733024810543284e-06
    7.200000   1.40886724 -1.6488109259060842e-06
    7.200000   1.47363885 -1.6324783934235634e-06
    7.200000   1.53841049 -1.6243116906148766e-06
    7.200000   1.60318216 -1.6243116889822835e-06
    7.200000   1.66795381 -1.6324783885321709e-06
    7.200000   1.73272541 -1.6488109177757796e-06
    7.200000   1.79749694 -1.6733024697189621e-06
    7.200000   1.86226837 -1.7059301834371111e-06
    7.200000   1.92703964 -1.7466400204904609e-06
    7.200000   1.99181073 -1.7953267848843604e-06
    7.200000   2.05658157 -1.8518096226055614e-06
    7.200000   2.12135212 -1.9158036358890459e-06
    7.200000   2.18612229 -1.9868886731324258e-06
    7.200000   2.25089198 -2.0644769066107922e-06
    7.200000   2.31566107 -2.1477814609099849e-06
    7.200000   2.38042940 -2.2357890454943147e-06
    7.200000   2.44519674 -2.3272401752426538e-06
    7.200000   2.50996278 -2.4206209933477214e-06
    7.200000   2.57472706 -2.5141707735561332e-06
    7.200000   2.63948889 -2.6059087027434382e-06
    7.200000   2.70424717 -2.6936823980684301e-06
    7.200000   2.76900006 -2.7752387522569852e-06
    7.200000   2.83374417 -2.8483152206423314e-06
    7.200000   2.89847256 -2.9107468292085652e-06
    7.200000   2.96316844 -2.9605814419869031e-06
    7.200000   3.02777863 -2.9961939528711284e-06
    7.200000   3.09200950 -3.0163938362282713e-06
    7.300000   0.04958315 -2.6688912951005312e-06
    7.300000   0.11381403 -2.6511302723425482e-06
    7.300000   0.17842421 -2.6198055912649298e-06
    7.300000   0.24312010 -2.5759454284173156e-06
    7.300000   0.30784849 -2.5209554406446605e-06
    7.300000   0.37259260 -2.4565274711823843e-06
    7.300000   0.43734549 -2.3845425036482736e-06
    7.300000   0.50210377 -2.3069722837300311e-06
    7.300000   0.56686560 -2.2257874518148239e-06
    7.300000   0.63162987 -2.1428785412642246e-06
    7.300000   0.69639591 -2.0599939559244746e-06
    7.300000   0.76116325 -1.9786966937883933e-06
    7.300000   0.82593158 -1.9003395033574200e-06
    7.300000   0.89070068 -1.8260565701714602e-06
    7.300000   0.95547037 -1.7567688208653791e-06
    7.300000   1.02024053 -1.6931994755498841e-06
    7.300000   1.08501108 -1.6358964757570750e-06
    7.300000   1.14978193 -1.5852587293521294e-06
    7.300000   1.21455301 -1.5415636091060557e-06
    7.300000   1.27932429 -1.5049937019624451e-06
    7.300000   1.34409571 -1.4756613463658429e-06
    7.300000   1.40886724 -1.4536299624264267e-06
    7.300000   1.47363885 -1.4389315491717636e-06
    7.300000   1.53841049 -1.4315799907397448e-06
    7.300000   1.60318216 -1.4315799892247847e-06
    7.300000   1.66795381 -1.4389315446332094e-06
    7.300000   1.73272541 -1.4536299548805540e-06
    7.300000   1.79749694 -1.4756613358415107e-06
    7.300000   1.86226837 -1.5049936884995463e-06
    7.300000   1.92703964 -1.5415635927565773e-06
    7.300000   1.99181073 -1.5852587101807435e-06
    7.300000   2.05658157 -1.6358964538408026e-06
    7.300000   2.12135212 -1.6931994509793190e-06
    7.300000   2.18612229 -1.7567687937433301e-06
    7.300000   2.25089198 -1.8260565406152579e-06
    7.300000   2.31566107 -1.9003394714961809e-06
    7.300000   2.38042940 -1.9786966597643588e-06
    7.300000   2.44519674 -2.0599939198910438e-06
    7.300000   2.50996278 -2.1428785033844008e-06
    7.300000   2.57472706 -2.2257874122608485e-06
    7.300000   2.63948889 -2.3069722426797905e-06
    7.300000   2.70424717 -2.3845424612840876e-06
    7.300000   2.76900006 -2.4565274276900648e-06
    7.300000   2.83374417 -2.5209553962090330e-06
    7.300000   2.89847256 -2.5759453832222603e-06
    7.300000   2.96316844 -2.6198055454928287e-06
    7.300000   3.02777863 -2.6511302261730752e-06
    7.300000   3.09200950 -2.6688912487109389e-06
    7.400000   0.04958315 -2.3615366191026940e-06
    7.400000   0.11381403 -2.3458882519442873e-06
    7.400000   0.17842421 -2.3182798974728351e-06
    7.400000   0.24312010 -2.2796022273077740e-06
    7.400000   0.30784849 -2.2310746880686251e-06
    7.400000   0.37259260 -2.1741677255253070e-06
    7.400000   0.43734549 -2.1105200183084775e-06
    7.400000   0.50210377 -2.0418542317046696e-06
    7.400000   0.56686560 -1.9698979048567814e-06
    7.400000   0.63162987 -1.8963148999669793e-06
    7.400000   0.69639591 -1.8226510034234957e-06
    7.400000   0.76116325 -1.7502953191626217e-06
    7.400000   0.82593158 -1.6804573438147081e-06
    7.400000   0.89070068 -1.6141582527315977e-06
    7.400000   0.95547037 -1.5522340363116653e-06
    7.400000   1.02024053 -1.4953476944285829e-06
    7.400000   1.08501108 -1.4440076471438145e-06
    7.400000   1.14978193 -1.3985897448592740e-06
    7.400000   1.21455301 -1.3593606494782817e-06
    7.400000   1.27932429 -1.3265008134169429e-06
    7.400000   1.34409571 -1.3001257328508194e-06
    7.400000   1.40886724 -1.2803045486970321e-06
    7.400000   1.47363885 -1.2670753898376157e-06
    7.400000   1.53841049 -1.2604570921541238e-06
    7.400000   1.60318216 -1.2604570907559409e-06
    7.400000   1.66795381 -1.2670753856476273e-06
    7.400000   1.73272541 -1.2803045417294799e-06
    7.400000   1.79749694 -1.3001257231293391e-06
    7.400000   1.86226837 -1.3265008009753447e-06
    7.400000   1.92703964 -1.3593606343602077e-06
    7.400000   1.99181073 -1.3985897271200307e-06
    7.400000   2.05658157 -1.4440076268495999e-06
    7.400000   2.12135212 -1.4953476716569244e-06
    7.400000   2.18612229 -1.5522340111530762e-06
    7.400000   2.25089198 -1.6141582252886342e-06
    7.400000   2.31566107 -1.6804573142018338e-06
    7.400000   2.38042940 -1.7502952875068791e-06
    7.400000   2.44519674 -1.8226509698625913e-06
    7.400000   2.50996278 -1.8963148646491339e-06
    7.400000   2.57472706 -1.9698978679395683e-06
    7.400000   2.63948889 -2.0418541933524996e-06
    7.400000   2.70424717 -2.1105199786912358e-06
    7.400000   2.76900006 -2.1741676848170818e-06
    7.400000   2.83374417 -2.2310746464450589e-06
    7.400000   2.89847256 -2.2796021849450741e-06
    7.400000   2.96316844 -2.3182798545465708e-06
    7.400000   3.02777863 -2.3458882086286817e-06
    7.400000   3.09200950 -2.3615365755710768e-06
    7.500000   0.04958315 -2.0894941260730445e-06
    7.500000   0.11381403 -2.0756819799327957e-06
    7.500000   0.17842421 -2.0513053403618813e-06
    7.500000   0.24312010 -2.0171379540030306e-06
    7.500000   0.30784849 -1.9742406407812220e-06
    7.500000   0.37259260 -1.9238948034484555e-06
    7.500000   0.43734549 -1.8675316003822242e-06
    7.500000   0.50210377 -1.8066595700471563e-06
    7.500000   0.56686560 -1.7427963027709317e-06
    7.500000   0.63162987 -1.6774088110355243e-06
    7.500000   0.69639591 -1.6118657357722161e-06
    7.500000   0.76116325 -1.5474029008036430e-06
    7.500000   0.82593158 -1.4851022495255558e-06
    7.500000   0.89070068 -1.4258830304173599e-06
    7.500000   0.95547037 -1.3705033142889507e-06
    7.500000   1.02024053 -1.3195695226434579e-06
    7.500000   1.08501108 -1.2735515658788341e-06
    7.500000   1.14978193 -1.2328013470098124e-06
    7.500000   1.21455301 -1.1975726905114603e-06
    7.500000   1.27932429 -1.1680411262282853e-06
    7.500000   1.34409571 -1.1443223330832005e-06
    7.500000   1.40886724 -1.1264883853901112e-06
    7.500000   1.47363885 -1.1145812237573557e-06
    7.500000   1.53841049 -1.1086229859536785e-06
    7.500000   1.60318216 -1.1086229846689782e-06
    7.500000   1.66795381 -1.1145812199068081e-06
    7.500000   1.73272541 -1.1264883789852780e-06
    7.500000   1.79749694 -1.1443223241437352e-06
    7.500000   1.86226837 -1.1680411147826251e-06
    7.500000   1.92703964 -1.1975726765967904e-06
    7.500000   1.99181073 -1.2328013306722469e-06
    7.500000   2.05658157 -1.2735515471753931e-06
    7.500000   2.12135212 -1.3195695016406075e-06
    7.500000   2.18612229 -1.3705032910654818e-06
    7.500000   2.25089198 -1.4258830050628929e-06
    7.500000   2.31566107 -1.4851022221416300e-06
    7.500000   2.38042940 -1.5474028715029429e-06
    7.500000   2.44519674 -1.6118657046785984e-06
    7.500000   2.50996278 -1.6774087782835048e-06
    7.500000   2.57472706 -1.7427962685036124e-06
    7.500000   2.63948889 -1.8066595344159306e-06
    7.500000   2.70424717 -1.8675315635442760e-06
    7.500000   2.76900006 -1.9238947655663325e-06
    7.500000   2.83374417 -1.9742406020201740e-06
    7.500000   2.89847256 -2.0171379145299142e-06
    7.500000   2.96316844 -2.0513053003449901e-06
    7.500000   3.02777863 -2.0756819395396012e-06
    7.500000   3.09200950 -2.0894940854705845e-06
    7.600000   0.04958315 -1.8485659132586467e-06
    7.600000   0.11381403 -1.8363546868348334e-06
    7.600000   0.17842421 -1.8147970024239301e-06
    7.600000   0.24312010 -1.7845667984928788e-06
    7.600000   0.30784849 -1.7465892521457806e-06
    7.600000   0.37259260 -1.7019837476623702e-06
    7.600000   0.43734549 -1.6520030703763686e-06
    7.600000   0.50210377 -1.5979710403712219e-06
    7.600000   0.56686560 -1.5412233365845723e-06
    7.600000   0.63162987 -1.4830555077698734e-06
    7.600000   0.69639591 -1.4246809162260446e-06
    7.600000   0.76116325 -1.3672000005366646e-06
    7.600000   0.82593158 -1.3115809918321701e-06
    7.600000   0.89070068 -1.2586512138694347e-06
    7.600000   0.95547037 -1.2090974067429520e-06
    7.600000   1.02024053 -1.1634731400092663e-06
    7.600000   1.08501108 -1.1222112805218187e-06
    7.600000   1.14978193 -1.0856395856467481e-06
    7.600000   1.21455301 -1.0539977296806370e-06
    7.600000   1.27932429 -1.0274543729061959e-06
    7.600000   1.34409571 -1.0061231958595703e-06
    7.600000   1.40886724 -9.9007710972054227e-07
    7.600000   1.47363885 -9.7936009685889329e-07
    7.600000   1.53841049 -9.7399632583255929e-07
    7.600000   1.60318216 -9.7399632465623763e-07
    7.600000   1.66795381 -9.7936009333391169e-07
    7.600000   1.73272541 -9.9007710385582336e-07
    7.600000   1.79749694 -1.0061231876719582e-06
    7.600000   1.86226837 -1.0274543624192624e-06
    7.600000   1.92703964 -1.0539977169249407e-06
    7.600000   1.99181073 -1.0856395706619812e-06
    7.600000   2.05658157 -1.1222112633559901e-06
    7.600000   2.12135212 -1.1634731207201036e-06
    7.600000   2.18612229 -1.2090973853979646e-06
    7.600000   2.25089198 -1.2586511905476751e-06
    7.600000   2.31566107 -1.3115809666224511e-06
    7.600000   2.38042940 -1.3671999735393379e-06
    7.600000   2.44519674 -1.4246808875524227e-06
    7.600000   2.50996278 -1.4830554775406251e-06
    7.600000   2.57472706 -1.5412233049298582e-06
    7.600000   2.63948889 -1.5979710074297328e-06
    7.600000   2.70424717 -1.6520030362936071e-06
    7.600000   2.76900006 -1.7019837125887558e-06
    7.600000   2.83374417 -1.7465892162355944e-06
    7.600000   2.89847256 -1.7845667619041048e-06
    7.600000   2.96316844 -1.8147969653150620e-06
    7.600000   3.02777863 -1.8363546493658645e-06
    7.600000   3.09200950 -1.8485658755893274e-06
    7.700000   0.04958315 -1.6350957020043996e-06
    7.700000   0.11381403 -1.6242842349813313e-06
    7.700000   0.17842421 -1.6051924182502617e-06
    7.700000   0.24312010 -1.5784086777259966e-06
    7.700000   0.30784849 -1.5447417789304157e-06
    7.700000   0.37259260 -1.5051717550395356e-06
    7.700000   0.43734549 -1.4607975444956509e-06
    7.700000   0.50210377 -1.4127830961715372e-06
    7.700000   0.56686560 -1.3623059884040980e-06
    7.700000   0.63162987 -1.3105120050378120e-06
    7.700000   0.69639591 -1.2584780749032270e-06
    7.700000   0.76116325 -1.2071848398480418e-06
    7.700000   0.82593158 -1.1574990531673995e-06
    7.700000   0.89070068 -1.1101651445590868e-06
    7.700000   0.95547037 -1.0658046792140071e-06
    7.700000   1.02024053 -1.0249220942724259e-06
    7.700000   1.08501108 -9.8791498384598827e-07
    7.700000   1.14978193 -9.5508727034062790e-07
    7.700000   1.21455301 -9.2666378421046003e-07
    7.700000   1.27932429 -9.0280502023195315e-07
    7.700000   1.34409571 -8.8362110053390137e-07
    7.700000   1.40886724 -8.6918422106032592e-07
    7.700000   1.47363885 -8.5953907003318129e-07
    7.700000   1.53841049 -8.5471087657493029e-07
    7.700000   1.60318216 -8.5471087550202235e-07
    7.700000   1.66795381 -8.5953906681749324e-07
    7.700000   1.73272541 -8.6918421570995538e-07
    7.700000   1.79749694 -8.8362109306179949e-07
    7.700000   1.86226837 -9.0280501065746912e-07
    7.700000   1.92703964 -9.2666377256018221e-07
    7.700000   1.99181073 -9.5508725664725230e-07
    7.700000   2.05658157 -9.8791496815035023e-07
    7.700000   2.12135212 -1.0249220766241735e-06
    7.700000   2.18612229 -1.0658046596715710e-06
    7.700000   2.25089198 -1.1101651231905807e-06
    7.700000   2.31566107 -1.1574990300520790e-06
    7.700000   2.38042940 -1.2071848150743008e-06
    7.700000   2.44519674 -1.2584780485703408e-06
    7.700000   2.50996278 -1.3105119772542900e-06
    7.700000   2.57472706 -1.3623059592882004e-06
    7.700000   2.63948889 -1.4127830658495721e-06
    7.700000   2.70424717 -1.4607975131009039e-06
    7.700000   2.76900006 -1.5051717227113964e-06
    7.700000   2.83374417 -1.5447417458129845e-06
    7.700000   2.89847256 -1.5784086439664135e-06
    7.700000   2.96316844 -1.6051923839975074e-06
    7.700000   3.02777863 -1.6242842003867086e-06
    7.700000   3.09200950 -1.6350956672196510e-06
    7.800000   0.04958315 -1.4458892786692427e-06
    7.800000   0.11381403 -1.4363048761501156e-06
    7.800000   0.17842421 -1.4193756219103382e-06
    7.800000   0.24312010 -1.3956164189851390e-06
    7.800000   0.30784849 -1.3657357804310799e-06
    7.800000   0.37259260 -1.3305934811282406e-06
    7.800000   0.43734549 -1.2911553370830760e-06
    7.800000   0.50210377 -1.2484465068873993e-06
    7.800000   0.56686560 -1.2035067725716316e-06
    7.800000   0.63162987 -1.1573507738708170e-06
    7.800000   0.69639591 -1.1109353074988959e-06
    7.800000   0.76116325 -1.0651348417868932e-06
    7.800000   0.82593158 -1.0207254912171831e-06
    7.800000   0.89070068 -9.7837694744479282e-07
    7.800000   0.95547037 -9.3865132692946000e-07
    7.800000   1.02024053 -9.0200757993459791e-07
    7.800000   1.08501108 -8.6880998812397097e-07
    7.800000   1.14978193 -8.3933931549920273e-07
    7.800000   1.21455301 -8.1380532021236119e-07
    7.800000   1.27932429 -7.9235953557810051e-07
    7.800000   1.34409571 -7.7510744854449387e-07
    7.800000   1.40886724 -7.6211941487890192e-07
    7.800000   1.47363885 -7.5343983524532873e-07
    7.800000   1.53841049 -7.4909426739229485e-07
    7.800000   1.60318216 -7.4909426641684906e-07
    7.800000   1.66795381 -7.5343983232117745e-07
    7.800000   1.73272541 -7.6211941001275650e-07
    7.800000   1.79749694 -7.7510744174758015e-07
    7.800000   1.86226837 -7.9235952686598082e-07
    7.800000   1.92703964 -8.1380530960660903e-07
    7.800000   1.99181073 -8.3933930302759878e-07
    7.800000   2.05658157 -8.6880997382088463e-07
    7.800000   2.12135212 -9.0200756384271045e-07
    7.800000   2.18612229 -9.3865130909902470e-07
    7.800000   2.25089198 -9.7837692793532774e-07
    7.800000   2.31566107 -1.0207254700976518e-06
    7.800000   2.38042940 -1.0651348191359346e-06
    7.800000   2.44519674 -1.1109352834046778e-06
    7.800000   2.50996278 -1.1573507484309790e-06
    7.800000   2.57472706 -1.2035067458929491e-06
    7.800000   2.63948889 -1.2484464790852551e-06
    7.800000   2.70424717 -1.2911553082788510e-06
    7.800000   2.76900006 -1.3305934514504382e-06
    7.800000   2.83374417 -1.3657357500124893e-06
    7.800000   2.89847256 -1.3956163879633194e-06
    7.800000   2.96316844 -1.4193755904245034e-06
    7.800000   3.02777863 -1.4363048443424386e-06
    7.800000   3.09200950 -1.4458892466816880e-06
    7.900000   0.04958315 -1.2781484225718529e-06
    7.900000   0.11381403 -1.2696422338404241e-06
    7.900000   0.17842421 -1.2546139630119421e-06
    7.900000   0.24312010 -1.2335150882361329e-06
    7.900000   0.30784849 -1.2069675048803850e-06
    7.900000   0.37259260 -1.1757268787039275e-06
    7.900000   0.43734549 -1.1406434879247965e-06
    7.900000   0.50210377 -1.1026216594698008e-06
    7.900000   0.56686560 -1.0625807621353181e-06
    7.900000   0.63162987 -1.0214203316651418e-06
    7.900000   0.69639591 -9.7999118283811637e-07
    7.900000   0.76116325 -9.3907355145527388e-07
    7.900000   0.82593158 -8.9936253522930480e-07
    7.900000   0.89070068 -8.6146045507186963e-07
    7.900000   0.95547037 -8.2587528513368311e-07
    7.900000   1.02024053 -7.9302401242157363e-07
    7.900000   1.08501108 -7.6323966812273006e-07
    7.900000   1.14978193 -7.3678078886568499e-07
    7.900000   1.21455301 -7.1384217612169296e-07
    7.900000   1.27932429 -6.9456598607554544e-07
    7.900000   1.34409571 -6.7905236716823291e-07
    7.900000   1.40886724 -6.6736904352623986e-07
    7.900000   1.47363885 -6.5955940401170633e-07
    7.900000   1.53841049 -6.5564879112178786e-07
    7.900000   1.60318216 -6.5564879023762268e-07
    7.900000   1.66795381 -6.5955940136085553e-07
    7.900000   1.73272541 -6.6736903911363178e-07
    7.900000   1.79749694 -6.7905236100324824e-07
    7.900000   1.86226837 -6.9456597817086330e-07
    7.900000   1.92703964 -7.1384216649546336e-07
    7.900000   1.99181073 -7.3678077754096238e-07
    7.900000   2.05658157 -7.6323965512872192e-07
    7.900000   2.12135212 -7.9302399779407093e-07
    7.900000   2.18612229 -8.2587526891633334e-07
    7.900000   2.25089198 -8.6146043731650157e-07
    7.900000   2.31566107 -8.9936251599572375e-07
    7.900000   2.38042940 -9.3907353081332924e-07
    7.900000   2.44519674 -9.7999116086615689e-07
    7.900000   2.50996278 -1.0214203084509356e-06
    7.900000   2.57472706 -1.0625807377745812e-06
    7.900000   2.63948889 -1.1026216340670024e-06
    7.900000   2.70424717 -1.1406434615910534e-06
    7.900000   2.76900006 -1.1757268515571282e-06
    7.900000   2.83374417 -1.2069674770427901e-06
    7.900000   2.89847256 -1.2335150598352086e-06
    7.900000   2.96316844 -1.2546139341772071e-06
    7.900000   3.02777863 -1.2696422047040094e-06
    7.900000   3.09200950 -1.2781483932675650e-06
    8.000000   0.04958315 -1.1294157791226865e-06
    8.000000   0.11381403 -1.1218590214257398e-06
    8.000000   0.17842421 -1.1085052949320424e-06
    8.000000   0.24312010 -1.0897511930562062e-06
    8.000000   0.30784849 -1.0661435458685401e-06
    8.000000   0.37259260 -1.0383476254217237e-06
    8.000000   0.43734549 -1.0071131530272588e-06
    8.000000   0.50210377 -9.7323898321428315e-07
    8.000000   0.56686560 -9.3753901047899700e-07
    8.000000   0.63162987 -9.0081153340099401e-07
    8.000000   0.69639591 -8.6381370768718243e-07
    8.000000   0.76116325 -8.2724203129848551e-07
    8.000000   0.82593158 -7.9171914181601519e-07
    8.000000   0.89070068 -7.5778664458714366e-07
    8.000000   0.95547037 -7.2590327270303504e-07
    8.000000   1.02024053 -6.9644741865093452e-07
    8.000000   1.08501108 -6.6972296067266707e-07
    8.000000   1.14978193 -6.4596730739093814e-07
    8.000000   1.21455301 -6.2536066840250722e-07
    8.000000   1.27932429 -6.0803569282573211e-07
    8.000000   1.34409571 -5.9408677352828793e-07
    8.000000   1.40886724 -5.8357847030149719e-07
    8.000000   1.47363885 -5.7655264649302588e-07
    8.000000   1.53841049 -5.7303403330960500e-07
    8.000000   1.60318216 -5.7303403251044424e-07
    8.000000   1.66795381 -5.7655264409576329e-07
    8.000000   1.73272541 -5.8357846631116384e-07
    8.000000   1.79749694 -5.9408676795159474e-07
    8.000000   1.86226837 -6.0803568567337150e-07
    8.000000   1.92703964 -6.2536065968922699e-07
    8.000000   1.99181073 -6.4596729713645054e-07
    8.000000   2.05658157 -6.6972294890066426e-07
    8.000000   2.12135212 -6.9644740539217544e-07
    8.000000   2.18612229 -7.2590325799529152e-07
    8.000000   2.25089198 -7.5778662847478966e-07
    8.000000   2.31566107 -7.9171912435202943e-07
    8.000000   2.38042940 -8.2724201254378735e-07
    8.000000   2.44519674 -8.6381368771167664e-07
    8.000000   2.50996278 -9.0081151228266809e-07
    8.000000   2.57472706 -9.3753898830486526e-07
    8.000000   2.63948889 -9.7323896007791510e-07
    8.000000   2.70424717 -1.0071131290298163e-06
    8.000000   2.76900006 -1.0383476006707207e-06
    8.000000   2.83374417 -1.0661435204771969e-06
    8.000000   2.89847256 -1.0897511671410074e-06
    8.000000   2.96316844 -1.1085052686135395e-06
    8.000000   3.02777863 -1.1218589948266003e-06
    8.000000   3.09200950 -1.1294157523669422e-06
    8.100000   0.04958315 -9.9752863671426380e-07
    8.100000   0.11381403 -9.9080949733229139e-07
    8.100000   0.17842421 -9.7893361029562764e-07
    8.100000   0.24312010 -9.6224993631425299e-07
    8.100000   0.30784849 -9.4124006770743234e-07
    8.100000   0.37259260 -9.1649057765465456e-07
    8.100000   0.43734549 -8.8866344307504131e-07
    8.100000   0.50210377 -8.5846523206141423e-07
    8.100000   0.56686560 -8.2661724979858219e-07
    8.100000   0.63162987 -7.9382858617678294e-07
    8.100000   0.69639591 -7.6077350159316891e-07
    8.100000   0.76116325 -7.2807400214047967e-07
    8.100000   0.82593158 -6.9628788594767243e-07
    8.100000   0.89070068 -6.6590205440174411e-07
    8.100000   0.95547037 -6.3733051344978504e-07
    8.100000   1.02024053 -6.1091625355937509e-07
    8.100000   1.08501108 -5.8693608410343741e-07
    8.100000   1.14978193 -5.6560748734147708e-07
    8.100000   1.21455301 -5.4709662102016568e-07
    8.100000   1.27932429 -5.3152670858856510e-07
    8.100000   1.34409571 -5.1898618748110021e-07
    8.100000   1.40886724 -5.0953611980958445e-07
    8.100000   1.47363885 -5.0321649343608921e-07
    8.100000   1.53841049 -5.0005114790937374e-07
    8.100000   1.60318216 -5.0005114718838353e-07
    8.100000   1.66795381 -5.0321649127450136e-07
    8.100000   1.73272541 -5.0953611620981884e-07
    8.100000   1.79749694 -5.1898618244959141e-07
    8.100000   1.86226837 -5.3152670213324124e-07
    8.100000   1.92703964 -5.4709661315325803e-07
    8.100000   1.99181073 -5.6560747807934470e-07
    8.100000   2.05658157 -5.8693607346622783e-07
    8.100000   2.12135212 -6.1091624157312323e-07
    8.100000   2.18612229 -6.3733050014612241e-07
    8.100000   2.25089198 -6.6590203981980416e-07
    8.100000   2.31566107 -6.9628787013312864e-07
    8.100000   2.38042940 -7.2807398514745979e-07
    8.100000   2.44519674 -7.6077348348303402e-07
    8.100000   2.50996278 -7.9382856701947540e-07
    8.100000   2.57472706 -8.2661722967204534e-07
    8.100000   2.63948889 -8.5846521105038345e-07
    8.100000   2.70424717 -8.8866342127104402e-07
    8.100000   2.76900006 -9.1649055515600417e-07
    8.100000   2.83374417 -9.4124004461706051e-07
    8.100000   2.89847256 -9.6224991273979315e-07
    8.100000   2.96316844 -9.7893358634765591e-07
    8.100000   3.02777863 -9.9080947312410182e-07
    8.100000   3.09200950 -9.9752861236092752e-07
    8.200000   0.04958315 -8.8057996962690513e-07
    8.200000   0.11381403 -8.7460105348846184e-07
    8.200000   0.17842421 -8.6403157901067960e-07
    8.200000   0.24312010 -8.4917905667369454e-07
    8.200000   0.30784849 -8.3046823385647609e-07
    8.200000   0.37259260 -8.0841699500168368e-07
    8.200000   0.43734549 -7.8361057157162370e-07
    8.200000   0.50210377 -7.5667460616800993e-07
    8.200000   0.56686560 -7.2824896600310928e-07
    8.200000   0.63162987 -6.9896399887946251e-07
    8.200000   0.69639591 -6.6942049764833704e-07
    8.200000   0.76116325 -6.4017414005923707e-07
    8.200000   0.82593158 -6.1172468063508419e-07
    8.200000   0.89070068 -5.8450974637814554e-07
    8.200000   0.95547037 -5.5890276264537094e-07
    8.200000   1.02024053 -5.3521432172035667e-07
    8.200000   1.08501108 -5.1369619913951070e-07
    8.200000   1.14978193 -4.9454720455479410e-07
    8.200000   1.21455301 -4.7792010181755882e-07
    8.200000   1.27932429 -4.6392892314547564e-07
    8.200000   1.34409571 -4.5265611337991938e-07
    8.200000   1.40886724 -4.4415905581069660e-07
    8.200000   1.47363885 -4.3847563932778910e-07
    8.200000   1.53841049 -4.3562862144369382e-07
    8.200000   1.60318216 -4.3562862079484223e-07
    8.200000   1.66795381 -4.3847563738228031e-07
    8.200000   1.73272541 -4.4415905257085264e-07
    8.200000   1.79749694 -4.5265610885033314e-07
    8.200000   1.86226837 -4.6392891733273507e-07
    8.200000   1.92703964 -4.7792009473198782e-07
    8.200000   1.99181073 -4.9454719620892913e-07
    8.200000   2.05658157 -5.1369618955066014e-07
    8.200000   2.12135212 -5.3521431091028503e-07
    8.200000   2.18612229 -5.5890275064167826e-07
    8.200000   2.25089198 -5.8450973321399855e-07
    8.200000   2.31566107 -6.1172466635050585e-07
    8.200000   2.38042940 -6.4017412470160340e-07
    8.200000   2.44519674 -6.6942048127222100e-07
    8.200000   2.50996278 -6.9896398154689899e-07
    8.200000   2.57472706 -7.2824894778367580e-07
    8.200000   2.63948889 -7.5667458713820065e-07
    8.200000   2.70424717 -7.8361055181460498e-07
    8.200000   2.76900006 -8.0841697460607327e-07
    8.200000   2.83374417 -8.3046821291641566e-07
    8.200000   2.89847256 -8.4917903528793374e-07
    8.200000   2.96316844 -8.6403155728069107e-07
    8.200000   3.02777863 -8.7460103151882345e-07
    8.200000   3.09200950 -8.8057994752280005e-07
    8.300000   0.04958315 -7.7688543323591257e-07
    8.300000   0.11381403 -7.7156165040857530e-07
    8.300000   0.17842421 -7.6214874925420559e-07
    8.300000   0.24312010 -7.4891808063187544e-07
    8.300000   0.30784849 -7.3224474124439774e-07
    8.300000   0.37259260 -7.1258652621030769e-07
    8.300000   0.43734549 -6.9046139704276292e-07
    8.300000   0.50210377 -6.6642389255432022e-07
    8.300000   0.56686560 -6.4104212364880119e-07
    8.300000   0.63162987 -6.1487682994745638e-07
    8.300000   0.69639591 -5.8846361495817426e-07
    8.300000   0.76116325 -5.6229904977833248e-07
    8.300000   0.82593158 -5.3683091222371495e-07
    8.300000   0.89070068 -5.1245245786906457e-07
    8.300000   0.95547037 -4.8950033191310095e-07
    8.300000   1.02024053 -4.6825553797707198e-07
    8.300000   1.08501108 -4.4894677865157530e-07
    8.300000   1.14978193 -4.3175545923396293e-07
    8.300000   1.21455301 -4.1682168152279732e-07
    8.300000   1.27932429 -4.0425062854102402e-07
    8.300000   1.34409571 -3.9411883521682698e-07
    8.300000   1.40886724 -3.8647993977118231e-07
    8.300000   1.47363885 -3.8136960552058918e-07
    8.300000   1.53841049 -3.7880938709894831e-07
    8.300000   1.60318216 -3.7880938651656594e-07
    8.300000   1.66795381 -3.8136960377345572e-07
    8.300000   1.73272541 -3.8647993686166855e-07
    8.300000   1.79749694 -3.9411883114818146e-07
    8.300000   1.86226837 -4.0425062331893921e-07
    8.300000   1.92703964 -4.1682167515426909e-07
    8.300000   1.99181073 -4.3175545173055354e-07
    8.300000   2.05658157 -4.4894677002729732e-07
    8.300000   2.12135212 -4.6825552825016469e-07
    8.300000   2.18612229 -4.8950032110685716e-07
    8.300000   2.25089198 -5.1245244601230097e-07
    8.300000   2.31566107 -5.3683089935110834e-07
    8.300000   2.38042940 -5.6229903593157106e-07
    8.300000   2.44519674 -5.8846360018530121e-07
    8.300000   2.50996278 -6.1487681430387328e-07
    8.300000   2.57472706 -6.4104210719640857e-07
    8.300000   2.63948889 -6.6642387536202356e-07
    8.300000   2.70424717 -6.9046137918525296e-07
    8.300000   2.76900006 -7.1258650776846020e-07
    8.300000   2.83374417 -7.3224472230340643e-07
    8.300000   2.89847256 -7.4891806128184282e-07
    8.300000   2.96316844 -7.6214872958855812e-07
    8.300000   3.02777863 -7.7156163052190644e-07
    8.300000   3.09200950 -7.7688541322609623e-07
    8.400000   0.04958315 -6.8495525694227122e-07
    8.400000   0.11381403 -6.8021206585736940e-07
    8.400000   0.17842421 -6.7182441575652697e-07
    8.400000   0.24312010 -6.6003204158013923e-07
    8.400000   0.30784849 -6.4516657805920514e-07
    8.400000   0.37259260 -6.2763314398511328e-07
    8.400000   0.43734549 -6.0789062118701969e-07
    8.400000   0.50210377 -5.8643096257741112e-07
    8.400000   0.56686560 -5.6375895319797963e-07
    8.400000   0.63162987 -5.4037371652076390e-07
    8.400000   0.69639591 -5.1675295187985704e-07
    8.400000   0.76116325 -4.9334052308209754e-07
    8.400000   0.82593158 -4.7053765232364206e-07
    8.400000   0.89070068 -4.4869765009617777e-07
    8.400000   0.95547037 -4.2812385757033424e-07
    8.400000   1.02024053 -4.0907030435260678e-07
    8.400000   1.08501108 -3.9174448986694999e-07
    8.400000   1.14978193 -3.7631167006445522e-07
    8.400000   1.21455301 -3.6290005687114860e-07
    8.400000   1.27932429 -3.5160639854491347e-07
    8.400000   1.34409571 -3.4250148904984588e-07
    8.400000   1.40886724 -3.3563524077687802e-07
    8.400000   1.47363885 -3.3104103829680499e-07
    8.400000   1.53841049 -3.2873916580158132e-07
    8.400000   1.60318216 -3.2873916527950198e-07
    8.400000   1.66795381 -3.3104103673150965e-07
    8.400000   1.73272541 -3.3563523816897724e-07
    8.400000   1.79749694 -3.4250148540296035e-07
    8.400000   1.86226837 -3.5160639386286659e-07
    8.400000   1.92703964 -3.6290005116026252e-07
    8.400000   1.99181073 -3.7631166333321255e-07
    8.400000   2.05658157 -3.9174448212663549e-07
    8.400000   2.12135212 -4.0907029561895589e-07
    8.400000   2.18612229 -4.2812384786310945e-07
    8.400000   2.25089198 -4.4869763944011302e-07
    8.400000   2.31566107 -4.7053764074899332e-07
    8.400000   2.38042940 -4.9334051062545367e-07
    8.400000   2.44519674 -5.1675293858360690e-07
    8.400000   2.50996278 -5.4037370243354455e-07
    8.400000   2.57472706 -5.6375893837547321e-07
    8.400000   2.63948889 -5.8643094708123103e-07
    8.400000   2.70424717 -6.0789060508435881e-07
    8.400000   2.76900006 -6.2763312734917825e-07
    8.400000   2.83374417 -6.4516656096757983e-07
    8.400000   2.89847256 -6.6003202411422922e-07
    8.400000   2.96316844 -6.7182439800155045e-07
    8.400000   3.02777863 -6.8021204790028426e-07
    8.400000   3.09200950 -6.8495523887227352e-07
    8.500000   0.04958315 -6.0347018696148719e-07
    8.500000   0.11381403 -5.9924212630486277e-07
    8.500000   0.17842421 -5.9176435425082844e-07
    8.500000   0.24312010 -5.8124890533451903e-07
    8.500000   0.30784849 -5.6798929374558955e-07
    8.500000   0.37259260 -5.5234437289795033e-07
    8.500000   0.43734549 -5.3472104628647538e-07
    8.500000   0.50210377 -5.1555608975815732e-07
    8.500000   0.56686560 -4.9529832330410749e-07
    8.500000   0.63162987 -4.7439226401357975e-07
    8.500000   0.69639591 -4.5326413123220140e-07
    8.500000   0.76116325 -4.3231076056957057e-07
    8.500000   0.82593158 -4.1189166628391880e-07
    8.500000   0.89070068 -3.9232420872836964e-07
    8.500000   0.95547037 -3.7388159875638182e-07
    8.500000   1.02024053 -3.5679331492114813e-07
    8.500000   1.08501108 -3.4124742144529547e-07
    8.500000   1.14978193 -3.2739424668046335e-07
    8.500000   1.21455301 -3.1535089992935079e-07
    8.500000   1.27932429 -3.0520615442978419e-07
    8.500000   1.34409571 -2.9702529225450781e-07
    8.500000   1.40886724 -2.9085458158030898e-07
    8.500000   1.47363885 -2.8672512996676088e-07
    8.500000   1.53841049 -2.8465592398439818e-07
    8.500000   1.60318216 -2.8465592351766486e-07
    8.500000   1.66795381 -2.8672512856663935e-07
    8.500000   1.73272541 -2.9085457924825580e-07
    8.500000   1.79749694 -2.9702528899218693e-07
    8.500000   1.86226837 -3.0520615024017379e-07
    8.500000   1.92703964 -3.1535089481765349e-07
    8.500000   1.99181073 -3.2739424065325812e-07
    8.500000   2.05658157 -3.4124741451236955e-07
    8.500000   2.12135212 -3.5679330709507832e-07
    8.500000   2.18612229 -3.7388159005417226e-07
    8.500000   2.25089198 -3.9232419917151469e-07
    8.500000   2.31566107 -4.1189165589829870e-07
    8.500000   2.38042940 -4.3231074938694874e-07
    8.500000   2.44519674 -4.5326411928985466e-07
    8.500000   2.50996278 -4.7439225135529741e-07
    8.500000   2.57472706 -4.9529830997892577e-07
    8.500000   2.63948889 -5.1555607582118753e-07
    8.500000   2.70424717 -5.3472103179825369e-07
    8.500000   2.76900006 -5.5234435792466210e-07
    8.500000   2.83374417 -5.6798927835725020e-07
    8.500000   2.89847256 -5.8124888960497003e-07
    8.500000   2.96316844 -5.9176433825729294e-07
    8.500000   3.02777863 -5.9924211012740973e-07
    8.500000   3.09200950 -6.0347017068067178e-07
    8.600000   0.04958315 -5.3126079566563436e-07
    8.600000   0.11381403 -5.2749025140796572e-07
    8.600000   0.17842421 -5.2082077585815262e-07
    8.600000   0.24312010 -5.1144008808098337e-07
    8.600000   0.30784849 -4.9960820623683196e-07
    8.600000   0.37259260 -4.8564327942792055e-07
    8.600000   0.43734549 -4.6990640775208409e-07
    8.600000   0.50210377 -4.5278565159254589e-07
    8.600000   0.56686560 -4.3468030867946233e-07
    8.600000   0.63162987 -4.1598645133705108e-07
    8.600000   0.69639591 -3.9708449404486744e-07
    8.600000   0.76116325 -3.7832929062553324e-07
    8.600000   0.82593158 -3.6004298500716507e-07
    8.600000   0.89070068 -3.4251059187299561e-07
    8.600000   0.95547037 -3.2597808461694931e-07
    8.600000   1.02024053 -3.1065262789488755e-07
    8.600000   1.08501108 -2.9670451095595546e-07
    8.600000   1.14978193 -2.8427030903292745e-07
    8.600000   1.21455301 -2.7345681238895620e-07
    8.600000   1.27932429 -2.6434530365332198e-07
    8.600000   1.34409571 -2.5699582196408191e-07
    8.600000   1.40886724 -2.5145111720781034e-07
    8.600000   1.47363885 -2.4774006199102508e-07
    8.600000   1.53841049 -2.4588034828514890e-07
    8.600000   1.60318216 -2.4588034786848481e-07
    8.600000   1.66795381 -2.4774006074110187e-07
    8.600000   1.73272541 -2.5145111512572750e-07
    8.600000   1.79749694 -2.5699581905111707e-07
    8.600000   1.86226837 -2.6434529991163287e-07
    8.600000   1.92703964 -2.7345680782238934e-07
    8.600000   1.99181073 -2.8427030364681694e-07
    8.600000   2.05658157 -2.9670450475826123e-07
    8.600000   2.12135212 -3.1065262089630053e-07
    8.600000   2.18612229 -3.2597807683161279e-07
    8.600000   2.25089198 -3.4251058331882702e-07
    8.600000   2.31566107 -3.6004297570683394e-07
    8.600000   2.38042940 -3.7832928060695836e-07
    8.600000   2.44519674 -3.9708448334095883e-07
    8.600000   2.50996278 -4.1598643998579802e-07
    8.600000   2.57472706 -4.3468029672518248e-07
    8.600000   2.63948889 -4.5278563908401940e-07
    8.600000   2.70424717 -4.6990639474393310e-07
    8.600000   2.76900006 -4.8564326597938384e-07
    8.600000   2.83374417 -4.9960819241147158e-07
    8.600000   2.89847256 -5.1144007394531479e-07
    8.600000   2.96316844 -5.2082076148265481e-07
    8.600000   3.02777863 -5.2749023686467726e-07
    8.600000   3.09200950 -5.3126078102865241e-07
    8.700000   0.04958315 -4.6728960510015905e-07
    8.700000   0.11381403 -4.6392576986279814e-07
    8.700000   0.17842421 -4.5797497839200438e-07
    8.700000   0.24312010 -4.4960356922048165e-07
    8.700000   0.30784849 -4.3904207987755087e-07
    8.700000   0.37259260 -4.2657279245872753e-07
    8.700000   0.43734549 -4.1251638728775410e-07
    8.700000   0.50210377 -3.9721785869541931e-07
    8.700000   0.56686560 -3.8103263408205567e-07
    8.700000   0.63162987 -3.6431376770239383e-07
    8.700000   0.69639591 -3.4740089054613789e-07
    8.700000   0.76116325 -3.3061136386376369e-07
    8.700000   0.82593158 -3.1423384439663112e-07
    8.700000   0.89070068 -2.9852425224622795e-07
    8.700000   0.95547037 -2.8370395630051282e-07
    8.700000   1.02024053 -2.6995986642199214e-07
    8.700000   1.08501108 -2.5744604706123479e-07
    8.700000   1.14978193 -2.4628643820143429e-07
    8.700000   1.21455301 -2.3657827734884646e-07
    8.700000   1.27932429 -2.2839585005375323e-07
    8.700000   1.34409571 -2.2179424579941339e-07
    8.700000   1.40886724 -2.1681285236872976e-07
    8.700000   1.47363885 -2.1347837837037966e-07
    8.700000   1.53841049 -2.1180724637427356e-07
    8.700000   1.60318216 -2.1180724600317609e-07
    8.700000   1.66795381 -2.1347837725701311e-07
    8.700000   1.73272541 -2.1681285051350926e-07
    8.700000   1.79749694 -2.2179424320337503e-07
    8.700000   1.86226837 -2.2839584671812247e-07
    8.700000   1.92703964 -2.3657827327702843e-07
    8.700000   1.99181073 -2.4628643339728100e-07
    8.700000   2.05658157 -2.5744604153135627e-07
    8.700000   2.12135212 -2.6995986017461360e-07
    8.700000   2.18612229 -2.8370394934788846e-07
    8.700000   2.25089198 -2.9852424460377942e-07
    8.700000   2.31566107 -3.1423383608411050e-07
    8.700000   2.38042940 -3.3061135490513608e-07
    8.700000   2.44519674 -3.4740088097028134e-07
    8.700000   2.50996278 -3.6431375754327532e-07
    8.700000   2.57472706 -3.8103262337852050e-07
    8.700000   2.63948889 -3.9721784749174834e-07
    8.700000   2.70424717 -4.1251637563208772e-07
    8.700000   2.76900006 -4.2657278040408968e-07
    8.700000   2.83374417 -4.3904206748163985e-07
    8.700000   2.89847256 -4.4960355654304117e-07
    8.700000   2.96316844 -4.5797496549715553e-07
    8.700000   3.02777863 -4.6392575681534466e-07
    8.700000   3.09200950 -4.6728959196807337e-07
    8.800000   0.04958315 -4.1063557641802142e-07
    8.800000   0.11381403 -4.0763356687527188e-07
    8.800000   0.17842421 -4.0232226959425972e-07
    8.800000   0.24312010 -3.9484919433174729e-07
    8.800000   0.30784849 -3.8541889381115552e-07
    8.800000   0.37259260 -3.7428200165693572e-07
    8.800000   0.43734549 -3.6172348353072588e-07
    8.800000   0.50210377 -3.4805021814817591e-07
    8.800000   0.56686560 -3.3357873079207210e-07
    8.800000   0.63162987 -3.1862384544900301e-07
    8.800000   0.69639591 -3.0348885877989316e-07
    8.800000   0.76116325 -2.8845763684847939e-07
    8.800000   0.82593158 -2.7378882687588770e-07
    8.800000   0.89070068 -2.5971218572616746e-07
    8.800000   0.95547037 -2.4642687097326637e-07
    8.800000   1.02024053 -2.3410142772394252e-07
    8.800000   1.08501108 -2.2287513612112664e-07
    8.800000   1.14978193 -2.1286035637907007e-07
    8.800000   1.21455301 -2.0414551258965628e-07
    8.800000   1.27932429 -1.9679838431557952e-07
    8.800000   1.34409571 -1.9086941715687494e-07
    8.800000   1.40886724 -1.8639481238409122e-07
    8.800000   1.47363885 -1.8339920555177573e-07
    8.800000   1.53841049 -1.8189779091091796e-07
    8.800000   1.60318216 -1.8189779058083983e-07
    8.800000   1.66795381 -1.8339920456151295e-07
    8.800000   1.73272541 -1.8639481073383938e-07
    8.800000   1.79749694 -1.9086941484717920e-07
    8.800000   1.86226837 -1.9679838134796952e-07
    8.800000   1.92703964 -2.0414550896553926e-07
    8.800000   1.99181073 -2.1286035210187831e-07
    8.800000   2.05658157 -2.2287513119606265e-07
    8.800000   2.12135212 -2.3410142215767845e-07
    8.800000   2.18612229 -2.4642686477619545e-07
    8.800000   2.25089198 -2.5971217891130925e-07
    8.800000   2.31566107 -2.7378881946027079e-07
    8.800000   2.38042940 -2.8845762885308389e-07
    8.800000   2.44519674 -3.0348885022965867e-07
    8.800000   2.50996278 -3.1862383637411828e-07
    8.800000   2.57472706 -3.3357872122692046e-07
    8.800000   2.63948889 -3.4805020813184588e-07
    8.800000   2.70424717 -3.6172347310681640e-07
    8.800000   2.76900006 -3.7428199087255559e-07
    8.800000   2.83374417 -3.8541888271813432e-07
    8.800000   2.89847256 -3.9484918298467444e-07
    8.800000   2.96316844 -4.0232225804998734e-07
    8.800000   3.02777863 -4.0763355519307045e-07
    8.800000   3.09200950 -4.1063556465889119e-07
    8.900000   0.04958315 -3.6048059985680396e-07
    8.900000   0.11381403 -3.5780070460973439e-07
    8.900000   0.17842421 -3.5305881537190221e-07
    8.900000   0.24312010 -3.4638583734275750e-07
    8.900000   0.30784849 -3.3796338937749596e-07
    8.900000   0.37259260 -3.2801414419071162e-07
    8.900000   0.43734549 -3.1679147399687013e-07
    8.900000   0.50210377 -3.0456848868998838e-07
    8.900000   0.56686560 -2.9162718661188001e-07
    8.900000   0.63162987 -2.7824839218976358e-07
    8.900000   0.69639591 -2.6470301476096483e-07
    8.900000   0.76116325 -2.5124498756290999e-07
    8.900000   0.82593158 -2.3810606378629713e-07
    8.900000   0.89070068 -2.2549247917890065e-07
    8.900000   0.95547037 -2.1358335261727054e-07
    8.900000   1.02024053 -2.0253059515379338e-07
    8.900000   1.08501108 -1.9246003574916537e-07
    8.900000   1.14978193 -1.8347344489032511e-07
    8.900000   1.21455301 -1.7565113910334712e-07
    8.900000   1.27932429 -1.6905487221292837e-07
    8.900000   1.34409571 -1.6373075528740544e-07
    8.900000   1.40886724 -1.5971198977241893e-07
    8.900000   1.47363885 -1.5702124219685815e-07
    8.900000   1.53841049 -1.5567253054825598e-07
    8.900000   1.60318216 -1.5567253025525797e-07
    8.900000   1.66795381 -1.5702124131792936e-07
    8.900000   1.73272541 -1.5971198830736671e-07
    8.900000   1.79749694 -1.6373075323648297e-07
    8.900000   1.86226837 -1.6905486957716158e-07
    8.900000   1.92703964 -1.7565113588378425e-07
    8.900000   1.99181073 -1.8347344108932508e-07
    8.900000   2.05658157 -1.9246003137058631e-07
    8.900000   2.12135212 -2.0253059020366587e-07
    8.900000   2.18612229 -2.1358334710379330e-07
    8.900000   2.25089198 -2.2549247311292200e-07
    8.900000   2.31566107 -2.3810605718289535e-07
    8.900000   2.38042940 -2.5124498043992554e-07
    8.900000   2.44519674 -2.6470300714074875e-07
    8.900000   2.50996278 -2.7824838409827176e-07
    8.900000   2.57472706 -2.9162717807976774e-07
    8.900000   2.63948889 -3.0456847975213023e-07
    8.900000   2.70424717 -3.1679146469184252e-07
    8.900000   2.76900006 -3.2801413456100019e-07
    8.900000   2.83374417 -3.3796337946962732e-07
    8.900000   2.89847256 -3.4638582720520265e-07
    8.900000   2.96316844 -3.5305880505652655e-07
    8.900000   3.02777863 -3.5780069416995109e-07
    8.900000   3.09200950 -3.6048058934736633e-07
    9.000000   0.04958315 -3.1609768594343710e-07
    9.000000   0.11381403 -3.1370472163935565e-07
    9.000000   0.17842421 -3.0947012834662035e-07
    9.000000   0.24312010 -3.0351014992110699e-07
    9.000000   0.30784849 -2.9598613998904359e-07
    9.000000   0.37259260 -2.8709604066469386e-07
    9.000000   0.43734549 -2.7706524774074767e-07
    9.000000   0.50210377 -2.6613692607240199e-07
    9.000000   0.56686560 -2.5456240628729538e-07
    9.000000   0.63162987 -2.4259225686106482e-07
    9.000000   0.69639591 -2.3046850509991741e-07
    9.000000   0.76116325 -2.1841832830922533e-07
    9.000000   0.82593158 -2.0664937733286458e-07
    9.000000   0.89070068 -1.9534674739492571e-07
    9.000000   0.95547037 -1.8467148886351020e-07
    9.000000   1.02024053 -1.7476046019665118e-07
    9.000000   1.08501108 -1.6572726864329464e-07
    9.000000   1.14978193 -1.5766401855605380e-07
    9.000000   1.21455301 -1.5064358708064653e-07
    9.000000   1.27932429 -1.4472216575047395e-07
    9.000000   1.34409571 -1.3994183744569197e-07
    9.000000   1.40886724 -1.3633299526507037e-07
    9.000000   1.47363885 -1.3391644851685930e-07
    9.000000   1.53841049 -1.3270509815012259e-07
    9.000000   1.60318216 -1.3270509789035080e-07
    9.000000   1.66795381 -1.3391644773810708e-07
    9.000000   1.73272541 -1.3633299396695239e-07
    9.000000   1.79749694 -1.3994183562791675e-07
    9.000000   1.86226837 -1.4472216341366000e-07
    9.000000   1.92703964 -1.5064358422538904e-07
    9.000000   1.99181073 -1.5766401518388156e-07
    9.000000   2.05658157 -1.6572726475753827e-07
    9.000000   2.12135212 -1.7476045580218543e-07
    9.000000   2.18612229 -1.8467148396695236e-07
    9.000000   2.25089198 -1.9534674200553044e-07
    9.000000   2.31566107 -2.0664937146318859e-07
    9.000000   2.38042940 -2.1841832197529585e-07
    9.000000   2.44519674 -2.3046849832036364e-07
    9.000000   2.50996278 -2.4259224965957789e-07
    9.000000   2.57472706 -2.5456239869047764e-07
    9.000000   2.63948889 -2.6613691811139771e-07
    9.000000   2.70424717 -2.7706523944962787e-07
    9.000000   2.76900006 -2.8709603208172013e-07
    9.000000   2.83374417 -2.9598613115528850e-07
    9.000000   2.89847256 -3.0351014088097856e-07
    9.000000   2.96316844 -3.0947011914632895e-07
    9.000000   3.02777863 -3.1370471232684259e-07
    9.000000   3.09200950 -3.1609767656792200e-07
    9.100000   0.04958315 -2.7684061136177548e-07
    9.100000   0.11381403 -2.7470336907850871e-07
    9.100000   0.17842421 -2.7092096177142577e-07
    9.100000   0.24312010 -2.6559667324910815e-07
    9.100000   0.30784849 -2.5887393090984801e-07
    9.100000   0.37259260 -2.5092878152018851e-07
    9.100000   0.43734549 -2.4196182472491671e-07
    9.100000   0.50210377 -2.3218964960731208e-07
    9.100000   0.56686560 -2.2183632816968476e-07
    9.100000   0.63162987 -2.1112548957418691e-07
    9.100000   0.69639591 -2.0027339502078596e-07
    9.100000   0.76116325 -1.8948330070162683e-07
    9.100000   0.82593158 -1.7894125706406808e-07
    9.100000   0.89070068 -1.6881336301104850e-07
    9.100000   0.95547037 -1.5924438522220291e-07
    9.100000   1.02024053 -1.5035757196114809e-07
    9.100000   1.08501108 -1.4225543923173848e-07
    9.100000   1.14978193 -1.3502128290394350e-07
    9.100000   1.21455301 -1.2872116891445423e-07
    9.100000   1.27932429 -1.2340616909428625e-07
    9.100000   1.34409571 -1.1911463669131722e-07
    9.100000   1.40886724 -1.1587434800960643e-07
    9.100000   1.47363885 -1.1370437067713360e-07
    9.100000   1.53841049 -1.1261655206837505e-07
    9.100000   1.60318216 -1.1261655183873050e-07
    9.100000   1.66795381 -1.1370436998808333e-07
    9.100000   1.73272541 -1.1587434686101239e-07
    9.100000   1.79749694 -1.1911463508295428e-07
    9.100000   1.86226837 -1.2340616702609826e-07
    9.100000   1.92703964 -1.2872116638661141e-07
    9.100000   1.99181073 -1.3502127991819407e-07
    9.100000   2.05658157 -1.4225543578977449e-07
    9.100000   2.12135212 -1.5035756806669095e-07
    9.100000   2.18612229 -1.5924438088109640e-07
    9.100000   2.25089198 -1.6881335823154817e-07
    9.100000   2.31566107 -1.7894125185611211e-07
    9.100000   2.38042940 -1.8948329507891061e-07
    9.100000   2.44519674 -2.0027338900063177e-07
    9.100000   2.50996278 -2.1112548317636662e-07
    9.100000   2.57472706 -2.2183632141780506e-07
    9.100000   2.63948889 -2.3218964252917218e-07
    9.100000   2.70424717 -2.4196181735089812e-07
    9.100000   2.76900006 -2.5092877388401804e-07
    9.100000   2.83374417 -2.5887392304875869e-07
    9.100000   2.89847256 -2.6559666520212384e-07
    9.100000   2.96316844 -2.7092095358041446e-07
    9.100000   3.02777863 -2.7470336078696317e-07
    9.100000   3.09200950 -2.7684060301331875e-07
    9.200000   0.04958315 -2.4213481519813134e-07
    9.200000   0.11381403 -2.4022558249367843e-07
    9.200000   0.17842421 -2.3684641377296922e-07
    9.200000   0.24312010 -2.3208912516001811e-07
    9.200000   0.30784849 -2.2608127169623745e-07
    9.200000   0.37259260 -2.1897949767144635e-07
    9.200000   0.43734549 -2.1096240741282615e-07
    9.200000   0.50210377 -2.0222298740755793e-07
    9.200000   0.56686560 -1.9296106639703550e-07
    9.200000   0.63162987 -1.8337627576227669e-07
    9.200000   0.69639591 -1.7366188265975077e-07
    9.200000   0.76116325 -1.6399975299721188e-07
    9.200000   0.82593158 -1.5455657938521016e-07
    9.200000   0.89070068 -1.4548139501777605e-07
    9.200000   0.95547037 -1.3690429828871906e-07
    9.200000   1.02024053 -1.2893624066351646e-07
    9.200000   1.08501108 -1.2166968363085250e-07
    9.200000   1.14978193 -1.1517990788294946e-07
    9.200000   1.21455301 -1.0952675532748745e-07
    9.200000   1.27932429 -1.0475659724051768e-07
    9.200000   1.34409571 -1.0090434463700977e-07
    9.200000   1.40886724 -9.7995345188610367e-08
    9.200000   1.47363885 -9.6047041080426800e-08
    9.200000   1.53841049 -9.5070291584302928e-08
    9.200000   1.60318216 -9.5070291381493039e-08
    9.200000   1.66795381 -9.6047040472347671e-08
    9.200000   1.73272541 -9.7995344174669035e-08
    9.200000   1.79749694 -1.0090434321691045e-07
    9.200000   1.86226837 -1.0475659541348779e-07
    9.200000   1.92703964 -1.0952675309414499e-07
    9.200000   1.99181073 -1.1517990524386443e-07
    9.200000   2.05658157 -1.2166968058758944e-07
    9.200000   2.12135212 -1.2893623721894724e-07
    9.200000   2.18612229 -1.3690429444757573e-07
    9.200000   2.25089198 -1.4548139078600435e-07
    9.200000   2.31566107 -1.5455657477250635e-07
    9.200000   2.38042940 -1.6399974801530784e-07
    9.200000   2.44519674 -1.7366187732314946e-07
    9.200000   2.50996278 -1.8337627008853640e-07
    9.200000   2.57472706 -1.9296106040714376e-07
    9.200000   2.63948889 -2.0222298112545681e-07
    9.200000   2.70424717 -2.1096240086627169e-07
    9.200000   2.76900006 -2.1897949089020547e-07
    9.200000   2.83374417 -2.2608126471300608e-07
    9.200000   2.89847256 -2.3208911801048866e-07
    9.200000   2.96316844 -2.3684640649404681e-07
    9.200000   3.02777863 -2.4022557512402232e-07
    9.200000   3.09200950 -2.4213480777773997e-07
    9.300000   0.04958315 -2.1146937525500958e-07
    9.300000   0.11381403 -2.0976352195708797e-07
    9.300000   0.17842421 -2.0674407897446295e-07
    9.300000   0.24312010 -2.0249270610641492e-07
    9.300000   0.30784849 -1.9712289254689451e-07
    9.300000   0.37259260 -1.9077407541676204e-07
    9.300000   0.43734549 -1.8360533399677418e-07
    9.300000   0.50210377 -1.7578867930321822e-07
    9.300000   0.56686560 -1.6750236700312324e-07
    9.300000   0.63162987 -1.5892464201634072e-07
    9.300000   0.69639591 -1.5022824534071631e-07
    9.300000   0.76116325 -1.4157591298199375e-07
    9.300000   0.82593158 -1.3311698991638816e-07
    9.300000   0.89070068 -1.2498518134556885e-07
    9.300000   0.95547037 -1.1729737821729805e-07
    9.300000   1.02024053 -1.1015342936422045e-07
    9.300000   1.08501108 -1.0363669036033211e-07
    9.300000   1.14978193 -9.7815158056706894e-08
    9.300000   1.21455301 -9.2742996564805550e-08
    9.300000   1.27932429 -8.8462270843209151e-08
    9.300000   1.34409571 -8.5004723652722028e-08
    9.300000   1.40886724 -8.2393456316171341e-08
    9.300000   1.47363885 -8.0644400261672842e-08
    9.300000   1.53841049 -7.9767492455457663e-08
    9.300000   1.60318216 -7.9767492276973977e-08
    9.300000   1.66795381 -8.0644399725497810e-08
    9.300000   1.73272541 -8.2393455422552376e-08
    9.300000   1.79749694 -8.5004722400479305e-08
    9.300000   1.86226837 -8.8462269232603980e-08
    9.300000   1.92703964 -9.2742994595405389e-08
    9.300000   1.99181073 -9.7815155728568176e-08
    9.300000   2.05658157 -1.0363668767421569e-07
    9.300000   2.12135212 -1.1015342632319939e-07
    9.300000   2.18612229 -1.1729737482428610e-07
    9.300000   2.25089198 -1.2498517760646549e-07
    9.300000   2.31566107 -1.3311698583855382e-07
    9.300000   2.38042940 -1.4157590857587471e-07
    9.300000   2.44519674 -1.5022824061884027e-07
    9.300000   2.50996278 -1.5892463699382953e-07
    9.300000   2.57472706 -1.6750236169886330e-07
    9.300000   2.63948889 -1.7578867373808393e-07
    9.300000   2.70424717 -1.8360532819483783e-07
    9.300000   2.76900006 -1.9077406940499954e-07
    9.300000   2.83374417 -1.9712288635491604e-07
    9.300000   2.89847256 -2.0249269976495821e-07
    9.300000   2.96316844 -2.0674407251756314e-07
    9.300000   3.02777863 -2.0976351541906186e-07
    9.300000   3.09200950 -2.1146936867115866e-07
    9.400000   0.04958315 -1.8438992155354122e-07
    9.400000   0.11381403 -1.8286553953393978e-07
    9.400000   0.17842421 -1.8016711051111856e-07
    9.400000   0.24312010 -1.7636729208351007e-07
    9.400000   0.30784849 -1.7156709893519209e-07
    9.400000   0.37259260 -1.6589069702119901e-07
    9.400000   0.43734549 -1.5947982216897154e-07
    9.400000   0.50210377 -1.5248783401417082e-07
    9.400000   0.56686560 -1.4507378208398397e-07
    9.400000   0.63162987 -1.3739684494194231e-07
    9.400000   0.69639591 -1.2961143584808043e-07
    9.400000   0.76116325 -1.2186318044019159e-07
    9.400000   0.82593158 -1.1428587805538353e-07
    9.400000   0.89070068 -1.0699946948098254e-07
    9.400000   0.95547037 -1.0010895826289373e-07
    9.400000   1.02024053 -9.3704174942050972e-08
    9.400000   1.08501108 -8.7860235398640068e-08
    9.400000   1.14978193 -8.2638524909542361e-08
    9.400000   1.21455301 -7.8088035864234425e-08
    9.400000   1.27932429 -7.4246895615537538e-08
    9.400000   1.34409571 -7.1143937806141427e-08
    9.400000   1.40886724 -6.8800192097054718e-08
    9.400000   1.47363885 -6.7230190658839473e-08
    9.400000   1.53841049 -6.6443013035356547e-08
    9.400000   1.60318216 -6.6443012878232028e-08
    9.400000   1.66795381 -6.7230190187405406e-08
    9.400000   1.73272541 -6.8800191310875106e-08
    9.400000   1.79749694 -7.1143936704793892e-08
    9.400000   1.86226837 -7.4246894198141073e-08
    9.400000   1.92703964 -7.8088034130563546e-08
    9.400000   1.99181073 -8.2638522859529002e-08
    9.400000   2.05658157 -8.7860233032815571e-08
    9.400000   2.12135212 -9.3704172262244436e-08
    9.400000   2.18612229 -1.0010895527172937e-07
    9.400000   2.25089198 -1.0699946618332376e-07
    9.400000   2.31566107 -1.1428587445746162e-07
    9.400000   2.38042940 -1.2186317655050989e-07
    9.400000   2.44519674 -1.2961143167769553e-07
    9.400000   2.50996278 -1.3739684050442548e-07
    9.400000   2.57472706 -1.4507377739542466e-07
    9.400000   2.63948889 -1.5248782909327429e-07
    9.400000   2.70424717 -1.5947981703680410e-07
    9.400000   2.76900006 -1.6589069170176190e-07
    9.400000   2.83374417 -1.7156709345450267e-07
    9.400000   2.89847256 -1.7636728646966332e-07
    9.400000   2.96316844 -1.8016710479374307e-07
    9.400000   3.02777863 -1.8286553374404027e-07
    9.400000   3.09200950 -1.8438991572307826e-07
    9.500000   0.04958315 -1.6049236642640862e-07
    9.500000   0.11381403 -1.5912995530332657e-07
    9.500000   0.17842421 -1.5671807654900202e-07
    9.500000   0.24312010 -1.5332140273791539e-07
    9.500000   0.30784849 -1.4902987773314525e-07
    9.500000   0.37259260 -1.4395410583466206e-07
    9.500000   0.43734549 -1.3822040832333040e-07
    9.500000   0.50210377 -1.3196555162954121e-07
    9.500000   0.56686560 -1.2533147915485532e-07
    9.500000   0.63162987 -1.1846036597367575e-07
    9.500000   0.69639591 -1.1149025701275815e-07
    9.500000   0.76116325 -1.0455147241165436e-07
    9.500000   0.82593158 -9.7763881234778375e-08
    9.500000   0.89070068 -9.1235066301558933e-08
    9.500000   0.95547037 -8.5059335737212246e-08
    9.500000   1.02024053 -7.9317485242217112e-08
    9.500000   1.08501108 -7.4077180610874801e-08
    9.500000   1.14978193 -6.9393811959548802e-08
    9.500000   1.21455301 -6.5311667199713725e-08
    9.500000   1.27932429 -6.1865279280541228e-08
    9.500000   1.34409571 -5.9080816244430692e-08
    9.500000   1.40886724 -5.6977402046350143e-08
    9.500000   1.47363885 -5.5568276774280209e-08
    9.500000   1.53841049 -5.4861725613891470e-08
    9.500000   1.60318216 -5.4861725475982786e-08
    9.500000   1.66795381 -5.5568276360789846e-08
    9.500000   1.73272541 -5.6977401355994587e-08
    9.500000   1.79749694 -5.9080815277559272e-08
    9.500000   1.86226837 -6.1865278035740470e-08
    9.500000   1.92703964 -6.5311665676674384e-08
    9.500000   1.99181073 -6.9393810157982304e-08
    9.500000   2.05658157 -7.4077178531312870e-08
    9.500000   2.12135212 -7.9317482885642518e-08
    9.500000   2.18612229 -8.5059333105665320e-08
    9.500000   2.25089198 -9.1235063398841768e-08
    9.500000   2.31566107 -9.7763878066215830e-08
    9.500000   2.38042940 -1.0455146898483050e-07
    9.500000   2.44519674 -1.1149025333694167e-07
    9.500000   2.50996278 -1.1846036206019125e-07
    9.500000   2.57472706 -1.2533147501838962e-07
    9.500000   2.63948889 -1.3196554728632483e-07
    9.500000   2.70424717 -1.3822040379221968e-07
    9.500000   2.76900006 -1.4395410113642836e-07
    9.500000   2.83374417 -1.4902987289112847e-07
    9.500000   2.89847256 -1.5332139777736431e-07
    9.500000   2.96316844 -1.5671807149565076e-07
    9.500000   3.02777863 -1.5912995018540138e-07
    9.500000   3.09200950 -1.6049236127215917e-07
    9.600000   0.04958315 -1.3941734874101267e-07
    9.600000   0.11381403 -1.3819954086156629e-07
    9.600000   0.17842421 -1.3604351265497053e-07
    9.600000   0.24312010 -1.3300684929823795e-07
    9.600000   0.30784849 -1.2916966350457425e-07
    9.600000   0.37259260 -1.2463050915912008e-07
    9.600000   0.43734549 -1.1950200027641439e-07
    9.600000   0.50210377 -1.1390613446171382e-07
    9.600000   0.56686560 -1.0796961367631543e-07
    9.600000   0.63162987 -1.0181944482174011e-07
    9.600000   0.69639591 -9.5579051657073485e-08
    9.600000   0.76116325 -8.9365062223478532e-08
    9.600000   0.82593158 -8.3284863363222816e-08
    9.600000   0.89070068 -7.7434944652026058e-08
    9.600000   0.95547037 -7.1899994437859369e-08
    9.600000   1.02024053 -6.6752664589219585e-08
    9.600000   1.08501108 -6.2053889459268717e-08
    9.600000   1.14978193 -5.7853627968999584e-08
    9.600000   1.21455301 -5.4191893655930465e-08
    9.600000   1.27932429 -5.1099943234541106e-08
    9.600000   1.34409571 -4.8601506763365410e-08
    9.600000   1.40886724 -4.6713959038528274e-08
    9.600000   1.47363885 -4.5449350150592239e-08
    9.600000   1.53841049 -4.4815231538190221e-08
    9.600000   1.60318216 -4.4815231417723806e-08
    9.600000   1.66795381 -4.5449349788380436e-08
    9.600000   1.73272541 -4.6713958434255029e-08
    9.600000   1.79749694 -4.8601505916442941e-08
    9.600000   1.86226837 -5.1099942144058456e-08
    9.600000   1.92703964 -5.4191892320820484e-08
    9.600000   1.99181073 -5.7853626389546015e-08
    9.600000   2.05658157 -6.2053887634951721e-08
    9.600000   2.12135212 -6.6752662520991722e-08
    9.600000   2.18612229 -7.1899992127193749e-08
    9.600000   2.25089198 -7.7434942102143511e-08
    9.600000   2.31566107 -8.3284860578650216e-08
    9.600000   2.38042940 -8.9365059209720774e-08
    9.600000   2.44519674 -9.5579048422938745e-08
    9.600000   2.50996278 -1.0181944137705628e-07
    9.600000   2.57472706 -1.0796961003391776e-07
    9.600000   2.63948889 -1.1390613063585577e-07
    9.600000   2.70424717 -1.1950199628330633e-07
    9.600000   2.76900006 -1.2463050501766448e-07
    9.600000   2.83374417 -1.2916965923524963e-07
    9.600000   2.89847256 -1.3300684492313289e-07
    9.600000   2.96316844 -1.3604350819752878e-07
    9.600000   3.02777863 -1.3819953634635446e-07
    9.600000   3.09200950 -1.3941734419332673e-07
    9.700000   0.04958315 -1.2084530473384776e-07
    9.700000   0.11381403 -1.1975662388470258e-07
    9.700000   0.17842421 -1.1782908554795802e-07
    9.700000   0.24312010 -1.1511398053179884e-07
    9.700000   0.30784849 -1.1168268641768884e-07
    9.700000   0.37259260 -1.0762304400173648e-07
    9.700000   0.43734549 -1.0303547256365661e-07
    9.700000   0.50210377 -9.8028819371094613e-08
    9.700000   0.56686560 -9.2716201833303889e-08
    9.700000   0.63162987 -8.7211092456995969e-08
    9.700000   0.69639591 -8.1623852351508769e-08
    9.700000   0.76116325 -7.6058859984557029e-08
    9.700000   0.82593158 -7.0612317999577753e-08
    9.700000   0.89070068 -6.5370759679780875e-08
    9.700000   0.95547037 -6.0410223685513106e-08
    9.700000   1.02024053 -5.5796024538417677e-08
    9.700000   1.08501108 -5.1583018303202873e-08
    9.700000   1.14978193 -4.7816247695672255e-08
    9.700000   1.21455301 -4.4531846763436846e-08
    9.700000   1.27932429 -4.1758089938170841e-08
    9.700000   1.34409571 -3.9516481083237384e-08
    9.700000   1.40886724 -3.7822792649007497e-08
    9.700000   1.47363885 -3.6687981245128987e-08
    9.700000   1.53841049 -3.6118922299543589e-08
    9.700000   1.60318216 -3.6118922193933959e-08
    9.700000   1.66795381 -3.6687980928287949e-08
    9.700000   1.73272541 -3.7822792121174158e-08
    9.700000   1.79749694 -3.9516480342943128e-08
    9.700000   1.86226837 -4.1758088985082070e-08
    9.700000   1.92703964 -4.4531845596321549e-08
    9.700000   1.99181073 -4.7816246313898044e-08
    9.700000   2.05658157 -5.1583016706428573e-08
    9.700000   2.12135212 -5.5796022727334069e-08
    9.700000   2.18612229 -6.0410221661010011e-08
    9.700000   2.25089198 -6.5370757444622591e-08
    9.700000   2.31566107 -7.0612315557265889e-08
    9.700000   2.38042940 -7.6058857340190511e-08
    9.700000   2.44519674 -8.1623849512549812e-08
    9.700000   2.50996278 -8.7211089431699346e-08
    9.700000   2.57472706 -9.2716198632767134e-08
    9.700000   2.63948889 -9.8028816007526819e-08
    9.700000   2.70424717 -1.0303546905190522e-07
    9.700000   2.76900006 -1.0762304035826195e-07
    9.700000   2.83374417 -1.1168268266073069e-07
    9.700000   2.89847256 -1.1511397668076979e-07
    9.700000   2.96316844 -1.1782908162374846e-07
    9.700000   3.02777863 -1.1975661990887297e-07
    9.700000   3.09200950 -1.2084530072967989e-07
    9.800000   0.04958315 -1.0449209022694295e-07
    9.800000   0.11381403 -1.0351873944087323e-07
    9.800000   0.17842421 -1.0179529549011728e-07
    9.800000   0.24312010 -9.9367456154192255e-08
    9.800000   0.30784849 -9.6298833838739341e-08
    9.800000   0.37259260 -9.2667740761297678e-08
    9.800000   0.43734549 -8.8563742578348593e-08
    9.800000   0.50210377 -8.4083973109500987e-08
    9.800000   0.56686560 -7.9329438373490942e-08
    9.800000   0.63162987 -7.4401531560345289e-08
    9.800000   0.69639591 -6.9398941832465922e-08
    9.800000   0.76116325 -6.4415088032070758e-08
    9.800000   0.82593158 -5.9536152096664048e-08
    9.800000   0.89070068 -5.4839732823283772e-08
    9.800000   0.95547037 -5.0394093600639197e-08
    9.800000   1.02024053 -4.6257940958437934e-08
    9.800000   1.08501108 -4.2480645569175096e-08
    9.800000   1.14978193 -3.9102803411871157e-08
    9.800000   1.21455301 -3.6157030778548713e-08
    9.800000   1.27932429 -3.3668890585056370e-08
    9.800000   1.34409571 -3.1657856806668980e-08
    9.800000   1.40886724 -3.0138236557171990e-08
    9.800000   1.47363885 -2.9119983662736402e-08
    9.800000   1.53841049 -2.8609352139046316e-08
    9.800000   1.60318216 -2.8609352047336024e-08
    9.800000   1.66795381 -2.9119983386710675e-08
    9.800000   1.73272541 -3.0138236096980201e-08
    9.800000   1.79749694 -3.1657856161314942e-08
    9.800000   1.86226837 -3.3668889753929967e-08
    9.800000   1.92703964 -3.6157029760076687e-08
    9.800000   1.99181073 -3.9102802205844365e-08
    9.800000   2.05658157 -4.2480644174803368e-08
    9.800000   2.12135212 -4.6257939376460015e-08
    9.800000   2.18612229 -5.0394091831522080e-08
    9.800000   2.25089198 -5.4839730868585436e-08
    9.800000   2.31566107 -5.9536149959534827e-08
    9.800000   2.38042940 -6.4415085717037056e-08
    9.800000   2.44519674 -6.9398939345732818e-08
    9.800000   2.50996278 -7.4401528908998028e-08
    9.800000   2.57472706 -7.9329435567046787e-08
    9.800000   2.63948889 -8.4083970159095112e-08
    9.800000   2.70424717 -8.8563739496699185e-08
    9.800000   2.76900006 -9.2667737562865562e-08
    9.800000   2.83374417 -9.6298830539442766e-08
    9.800000   2.89847256 -9.9367452771467845e-08
    9.800000   2.96316844 -1.0179529204247183e-07
    9.800000   3.02777863 -1.0351873594755455e-07
    9.800000   3.09200950 -1.0449208670810160e-07
    9.900000   0.04958315 -9.0105089258480723e-08
    9.900000   0.11381403 -8.9234763815305335e-08
    9.900000   0.17842421 -8.7693654370755605e-08
    9.900000   0.24312010 -8.5522486499759874e-08
    9.900000   0.30784849 -8.2777966577507498e-08
    9.900000   0.37259260 -7.9529928254938681e-08
    9.900000   0.43734549 -7.5858273571011195e-08
    9.900000   0.50210377 -7.1849699394510391e-08
    9.900000   0.56686560 -6.7594410879879212e-08
    9.900000   0.63162987 -6.3183018377940638e-08
    9.900000   0.69639591 -5.8703780415773140e-08
    9.900000   0.76116325 -5.4240309868069087e-08
    9.900000   0.82593158 -4.9869810811468312e-08
    9.900000   0.89070068 -4.5661865644265008e-08
    9.900000   0.95547037 -4.1677750269169591e-08
    9.900000   1.02024053 -3.7970222312712348e-08
    9.900000   1.08501108 -3.4583704659297894e-08
    9.900000   1.14978193 -3.1554773882274320e-08
    9.900000   1.21455301 -2.8912859225773218e-08
    9.900000   1.27932429 -2.6681060861980324e-08
    9.900000   1.34409571 -2.4877004234589930e-08
    9.900000   1.40886724 -2.3513658450119858e-08
    9.900000   1.47363885 -2.2600059347470639e-08
    9.900000   1.53841049 -2.2141890849438248e-08
    9.900000   1.60318216 -2.2141890769908167e-08
    9.900000   1.66795381 -2.2600059107827188e-08
    9.900000   1.73272541 -2.3513658050144862e-08
    9.900000   1.79749694 -2.4877003673737136e-08
    9.900000   1.86226837 -2.6681060138863146e-08
    9.900000   1.92703964 -2.8912858339481382e-08
    9.900000   1.99181073 -3.1554772832379814e-08
    9.900000   2.05658157 -3.4583703444948877e-08
    9.900000   2.12135212 -3.7970220934046775e-08
    9.900000   2.18612229 -4.1677748726539993e-08
    9.900000   2.25089198 -4.5661863938777589e-08
    9.900000   2.31566107 -4.9869808946187591e-08
    9.900000   2.38042940 -5.4240307846211395e-08
    9.900000   2.44519674 -5.8703778242560785e-08
    9.900000   2.50996278 -6.3183016059601522e-08
    9.900000   2.57472706 -6.7594408424564241e-08
    9.900000   2.63948889 -7.1849696812111308e-08
    9.900000   2.70424717 -7.5858270872602864e-08
    9.900000   2.76900006 -7.9529925453084201e-08
    9.900000   2.83374417 -8.2777963686462023e-08
    9.900000   2.89847256 -8.5522483534965834e-08
    9.900000   2.96316844 -8.7693651348251477e-08
    9.900000   3.02777863 -8.9234760752274228e-08
    9.900000   3.09200950 -9.0105086172700852e-08
   10.000000   0.04958315 -7.7459752729580639e-08
   10.000000   0.11381403 -7.6681475053267916e-08
   10.000000   0.17842421 -7.5303284735152012e-08
   10.000000   0.24312010 -7.3361485153527835e-08
   10.000000   0.30784849 -7.0906638239987858e-08
   10.000000   0.37259260 -6.8001030548184110e-08
   10.000000   0.43734549 -6.4715957120987617e-08
   10.000000   0.50210377 -6.1128812544338137e-08
   10.000000   0.56686560 -5.7320167519303932e-08
   10.000000   0.63162987 -5.3371005149065927e-08
   10.000000   0.69639591 -4.9360261568113409e-08
   10.000000   0.76116325 -4.5362775555177566e-08
   10.000000   0.82593158 -4.1447707980372091e-08
   10.000000   0.89070068 -3.7677449533771796e-08
   10.000000   0.95547037 -3.4106998049008249e-08
   10.000000   1.02024053 -3.0783757423459760e-08
   10.000000   1.08501108 -2.7747689740074542e-08
   10.000000   1.14978193 -2.5031740623686871e-08
   10.000000   1.21455301 -2.2662454085435929e-08
   10.000000   1.27932429 -2.0660695603845719e-08
   10.000000   1.34409571 -1.9042409161135909e-08
   10.000000   1.40886724 -1.7819343768782382e-08
   10.000000   1.47363885 -1.6999696216142260e-08
   10.000000   1.53841049 -1.6588628328489791e-08
   10.000000   1.60318216 -1.6588628259489517e-08
   10.000000   1.66795381 -1.6999696008785114e-08
   10.000000   1.73272541 -1.7819343421781574e-08
   10.000000   1.79749694 -1.9042408674914301e-08
   10.000000   1.86226837 -2.0660694977022684e-08
   10.000000   1.92703964 -2.2662453316557541e-08
   10.000000   1.99181073 -2.5031739712272995e-08
   10.000000   2.05658157 -2.7747688685801931e-08
   10.000000   2.12135212 -3.0783756225254153e-08
   10.000000   2.18612229 -3.4106996707332764e-08
   10.000000   2.25089198 -3.7677448049554191e-08
   10.000000   2.31566107 -4.1447706356252317e-08
   10.000000   2.38042940 -4.5362773793851346e-08
   10.000000   2.44519674 -4.9360259673474315e-08
   10.000000   2.50996278 -5.3371003126830147e-08
   10.000000   2.57472706 -5.7320165377030077e-08
   10.000000   2.63948889 -6.1128810289697791e-08
   10.000000   2.70424717 -6.4715954763760093e-08
   10.000000   2.76900006 -6.8001028099712596e-08
   10.000000   2.83374417 -7.0906635712876720e-08
   10.000000   2.89847256 -7.3361482561170702e-08
   10.000000   2.96316844 -7.5303282091450243e-08
   10.000000   3.02777863 -7.6681472374210992e-08
   10.000000   3.09200950 -7.7459750030457108e-08
   10.100000   0.04958315 -6.6356517901955859e-08
   10.100000   0.11381403 -6.5660491549580428e-08
   10.100000   0.17842421 -6.4427891952902604e-08
   10.100000   0.24312010 -6.2691087921035264e-08
   10.100000   0.30784849 -6.0495172528075824e-08
   10.100000   0.37259260 -5.7895712073697437e-08
   10.100000   0.43734549 -5.4956333349649678e-08
   10.100000   0.50210377 -5.1746137777637291e-08
   10.100000   0.56686560 -4.8337100190146817e-08
   10.100000   0.63162987 -4.4801606795501792e-08
   10.100000   0.69639591 -4.1210260984449875e-08
   10.100000   0.76116325 -3.7630050456850591e-08
   10.100000   0.82593158 -3.4122930508499201e-08
   10.100000   0.89070068 -3.0744840750030863e-08
   10.100000   0.95547037 -2.7545139519100357e-08
   10.100000   1.02024053 -2.4566414101399111e-08
   10.100000   1.08501108 -2.1844606521830673e-08
   10.100000   1.14978193 -1.9409384155275355e-08
   10.100000   1.21455301 -1.7284680805287527e-08
   10.100000   1.27932429 -1.5489335897512099e-08
   10.100000   1.34409571 -1.4037765478508848e-08
   10.100000   1.40886724 -1.2940607325985118e-08
   10.100000   1.47363885 -1.2205292394287566e-08
   10.100000   1.53841049 -1.1836505104404581e-08
   10.100000   1.60318216 -1.1836505044587999e-08
   10.100000   1.66795381 -1.2205292214954227e-08
   10.100000   1.73272541 -1.2940607026451579e-08
   10.100000   1.79749694 -1.4037765058215690e-08
   10.100000   1.86226837 -1.5489335355455925e-08
   10.100000   1.92703964 -1.7284680140605563e-08
   10.100000   1.99181073 -1.9409383366694160e-08
   10.100000   2.05658157 -2.1844605608986803e-08
   10.100000   2.12135212 -2.4566413063446337e-08
   10.100000   2.18612229 -2.7545138355977663e-08
   10.100000   2.25089198 -3.0744839462646080e-08
   10.100000   2.31566107 -3.4122929098752992e-08
   10.100000   2.38042940 -3.7630048926337170e-08
   10.100000   2.44519674 -4.1210259337293022e-08
   10.100000   2.50996278 -4.4801605036530966e-08
   10.100000   2.57472706 -4.8337098325030050e-08
   10.100000   2.63948889 -5.1746135814208845e-08
   10.100000   2.70424717 -5.4956331296030268e-08
   10.100000   2.76900006 -5.7895709939338165e-08
   10.100000   2.83374417 -6.0495170324571241e-08
   10.100000   2.89847256 -6.2691085659689528e-08
   10.100000   2.96316844 -6.4427889646748136e-08
   10.100000   3.02777863 -6.5660489211894696e-08
   10.100000   3.09200950 -6.6356515546283355e-08
   10.200000   0.04958315 -5.6618065708535942e-08
   10.200000   0.11381403 -5.5995546062272659e-08
   10.200000   0.17842421 -5.4893067614215889e-08
   10.200000   0.24312010 -5.3339497216828214e-08
   10.200000   0.30784849 -5.1375058757939071e-08
   10.200000   0.37259260 -4.9049332685642153e-08
   10.200000   0.43734549 -4.6419111998942482e-08
   10.200000   0.50210377 -4.3546102824265176e-08
   10.200000   0.56686560 -4.0494609246258230e-08
   10.200000   0.63162987 -3.7329339531824150e-08
   10.200000   0.69639591 -3.4113448229711649e-08
   10.200000   0.76116325 -3.0906897662184130e-08
   10.200000   0.82593158 -2.7765188185897727e-08
   10.200000   0.89070068 -2.4738473317667757e-08
   10.200000   0.95547037 -2.1871046487275194e-08
   10.200000   1.02024053 -1.9201162812835044e-08
   10.200000   1.08501108 -1.6761142833830098e-08
   10.200000   1.14978193 -1.4577695570043271e-08
   10.200000   1.21455301 -1.2672394883562632e-08
   10.200000   1.27932429 -1.1062244702510965e-08
   10.200000   1.34409571 -9.7602739135448301e-09
   10.200000   1.40886724 -8.7761092973586655e-09
   10.200000   1.47363885 -8.1164836630352390e-09
   10.200000   1.53841049 -7.7856454987405800e-09
   10.200000   1.60318216 -7.7856454471924246e-09
   10.200000   1.66795381 -8.1164835088539890e-09
   10.200000   1.73272541 -8.7761090394797527e-09
   10.200000   1.79749694 -9.7602735517292522e-09
   10.200000   1.86226837 -1.1062244235656065e-08
   10.200000   1.92703964 -1.2672394310852847e-08
   10.200000   1.99181073 -1.4577694890191493e-08
   10.200000   2.05658157 -1.6761142045924425e-08
   10.200000   2.12135212 -1.9201161916701208e-08
   10.200000   2.18612229 -2.1871045482166089e-08
   10.200000   2.25089198 -2.4738472204655225e-08
   10.200000   2.31566107 -2.7765186965665021e-08
   10.200000   2.38042940 -3.0906896336836508e-08
   10.200000   2.44519674 -3.4113446802089094e-08
   10.200000   2.50996278 -3.7329338006529213e-08
   10.200000   2.57472706 -4.0494607627934432e-08
   10.200000   2.63948889 -4.3546101119016388e-08
   10.200000   2.70424717 -4.6419110214536454e-08
   10.200000   2.76900006 -4.9049330830430708e-08
   10.200000   2.83374417 -5.1375056841580292e-08
   10.200000   2.89847256 -5.3339495249569279e-08
   10.200000   2.96316844 -5.4893065607720939e-08
   10.200000   3.02777863 -5.5995544027836064e-08
   10.200000   3.09200950 -5.6618063658453854e-08
   10.300000   0.04958315 -4.8086878098145588e-08
   10.300000   0.11381403 -4.7530057699144308e-08
   10.300000   0.17842421 -4.6543887297482653e-08
   10.300000   0.24312010 -4.5154115822664745e-08
   10.300000   0.30784849 -4.3396630564573382e-08
   10.300000   0.37259260 -4.1315678756768670e-08
   10.300000   0.43734549 -3.8961961710609668e-08
   10.300000   0.50210377 -3.6390589474484302e-08
   10.300000   0.56686560 -3.3659019712023333e-08
   10.300000   0.63162987 -3.0825102548929488e-08
   10.300000   0.69639591 -2.7945333277260707e-08
   10.300000   0.76116325 -2.5073387524607867e-08
   10.300000   0.82593158 -2.2258983332146152e-08
   10.300000   0.89070068 -1.9547085078428121e-08
   10.300000   0.95547037 -1.6977438114702367e-08
   10.300000   1.02024053 -1.4584402099886771e-08
   10.300000   1.08501108 -1.2397036264873261e-08
   10.300000   1.14978193 -1.0439381142432824e-08
   10.300000   1.21455301 -8.7308781120630277e-09
   10.300000   1.27932429 -7.2868693735314272e-09
   10.300000   1.34409571 -6.1191254927942307e-09
   10.300000   1.40886724 -5.2363543368768542e-09
   10.300000   1.47363885 -4.6446529809027668e-09
   10.300000   1.53841049 -4.3478723376604754e-09
   10.300000   1.60318216 -4.3478722938372920e-09
   10.300000   1.66795381 -4.6446528484985925e-09
   10.300000   1.73272541 -5.2363541159931642e-09
   10.300000   1.79749694 -6.1191251826922435e-09
   10.300000   1.86226837 -7.2868689729144256e-09
   10.300000   1.92703964 -8.7308776202353437e-09
   10.300000   1.99181073 -1.0439380558370737e-08
   10.300000   2.05658157 -1.2397035587761866e-08
   10.300000   2.12135212 -1.4584401328688300e-08
   10.300000   2.18612229 -1.6977437249377383e-08
   10.300000   2.25089198 -1.9547084119230154e-08
   10.300000   2.31566107 -2.2258982279566922e-08
   10.300000   2.38042940 -2.5073386380508690e-08
   10.300000   2.44519674 -2.7945332043937240e-08
   10.300000   2.50996278 -3.0825101230091638e-08
   10.300000   2.57472706 -3.3659018311671096e-08
   10.300000   2.63948889 -3.6390587998259340e-08
   10.300000   2.70424717 -3.8961960164949425e-08
   10.300000   2.76900006 -4.1315677148981896e-08
   10.300000   2.83374417 -4.3396628903137368e-08
   10.300000   2.89847256 -4.5154114116678761e-08
   10.300000   2.96316844 -4.6543885556601585e-08
   10.300000   3.02777863 -4.7530055933531790e-08
   10.300000   3.09200950 -4.8086876318813665e-08
   10.400000   0.04958315 -4.0623062110030089e-08
   10.400000   0.11381403 -4.0124968872066523e-08
   10.400000   0.17842421 -3.9242770201915537e-08
   10.400000   0.24312010 -3.7999438198236126e-08
   10.400000   0.30784849 -3.6426996804629913e-08
   10.400000   0.37259260 -3.4564940288756767e-08
   10.400000   0.43734549 -3.2458538528695147e-08
   10.400000   0.50210377 -3.0157017154749385e-08
   10.400000   0.56686560 -2.7711722146290982e-08
   10.400000   0.63162987 -2.5174377000924519e-08
   10.400000   0.69639591 -2.2595523178426821e-08
   10.400000   0.76116325 -2.0023210475884769e-08
   10.400000   0.82593158 -1.7501977299951062e-08
   10.400000   0.89070068 -1.5072134674827477e-08
   10.400000   0.95547037 -1.2769344600017691e-08
   10.400000   1.02024053 -1.0624464766326530e-08
   10.400000   1.08501108 -8.6636183661889658e-09
   10.400000   1.14978193 -6.9084398770261183e-09
   10.400000   1.21455301 -5.3764447053753719e-09
   10.400000   1.27932429 -4.0814715671220547e-09
   10.400000   1.34409571 -3.0341504237584871e-09
   10.400000   1.40886724 -2.2423546500334128e-09
   10.400000   1.47363885 -1.7116029954146001e-09
   10.400000   1.53841049 -1.4453841799971909e-09
   10.400000   1.60318216 -1.4453841423260288e-09
   10.400000   1.66795381 -1.7116028826300414e-09
   10.400000   1.73272541 -2.2423544614215105e-09
   10.400000   1.79749694 -3.0341501587280975e-09
   10.400000   1.86226837 -4.0814712248710884e-09
   10.400000   1.92703964 -5.3764442849364130e-09
   10.400000   1.99181073 -6.9084393777048281e-09
   10.400000   2.05658157 -8.6636177864384843e-09
   10.400000   2.12135212 -1.0624464105886019e-08
   10.400000   2.18612229 -1.2769343857865574e-08
   10.400000   2.25089198 -1.5072133851469924e-08
   10.400000   2.31566107 -1.7501976395786497e-08
   10.400000   2.38042940 -2.0023209492147650e-08
   10.400000   2.44519674 -2.2595522117530446e-08
   10.400000   2.50996278 -2.5174375864712601e-08
   10.400000   2.57472706 -2.7711720939267818e-08
   10.400000   2.63948889 -3.0157015881302297e-08
   10.400000   2.70424717 -3.2458537194373740e-08
   10.400000   2.76900006 -3.4564938900184581e-08
   10.400000   2.83374417 -3.6426995368811699e-08
   10.400000   2.89847256 -3.7999436723262159e-08
   10.400000   2.96316844 -3.9242768696390885e-08
   10.400000   3.02777863 -4.0124967345129904e-08
   10.400000   3.09200950 -4.0623060571115510e-08
   10.500000   0.04958315 -3.4102411295123013e-08
   10.500000   0.11381403 -3.3656818060519429e-08
   10.500000   0.17842421 -3.2867571895093927e-08
   10.500000   0.24312010 -3.1755171169036820e-08
   10.500000   0.30784849 -3.0348197196303123e-08
   10.500000   0.37259260 -2.8681907386814061e-08
   10.500000   0.43734549 -2.6796727838632965e-08
   10.500000   0.50210377 -2.4736633670939169e-08
   10.500000   0.56686560 -2.2547514235268181e-08
   10.500000   0.63162987 -2.0275619261515086e-08
   10.500000   0.69639591 -1.7966166692857843e-08
   10.500000   0.76116325 -1.5662171752684422e-08
   10.500000   0.82593158 -1.3403533194337534e-08
   10.500000   0.89070068 -1.1226389482069233e-08
   10.500000   0.95547037 -9.1627370224588317e-09
   10.500000   1.02024053 -7.2402859330763661e-09
   10.500000   1.08501108 -5.4825169411646623e-09
   10.500000   1.14978193 -3.9088958830418226e-09
   10.500000   1.21455301 -2.5351994947327921e-09
   10.500000   1.27932429 -1.3739069428900937e-09
   10.500000   1.34409571 -4.3461497992401123e-10
   10.500000   1.40886724  2.7556025500637046e-10
   10.500000   1.47363885  7.5162564334583653e-10
   10.500000   1.53841049  9.9042209658221981e-10
   10.500000   1.60318216  9.9042212836057554e-10
   10.500000   1.66795381  7.5162573880577688e-10
   10.500000   1.73272541  2.7556041484249263e-10
   10.500000   1.79749694 -4.3461475497772547e-10
   10.500000   1.86226837 -1.3739066521533691e-09
   10.500000   1.92703964 -2.5351991373901062e-09
   10.500000   1.99181073 -3.9088954581476449e-09
   10.500000   2.05658157 -5.4825164472407123e-09
   10.500000   2.12135212 -7.2402853697021665e-09
   10.500000   2.18612229 -9.1627363888206187e-09
   10.500000   2.25089198 -1.1226388778363363e-08
   10.500000   2.31566107 -1.3403532420687819e-08
   10.500000   2.38042940 -1.5662170910178826e-08
   10.500000   2.44519674 -1.7966165782908179e-08
   10.500000   2.50996278 -2.0275618286726046e-08
   10.500000   2.57472706 -2.2547513198789261e-08
   10.500000   2.63948889 -2.4736632576730209e-08
   10.500000   2.70424717 -2.6796726691402260e-08
   10.500000   2.76900006 -2.8681906191894816e-08
   10.500000   2.83374417 -3.0348195960033410e-08
   10.500000   2.89847256 -3.1755169898770752e-08
   10.500000   2.96316844 -3.2867570597891681e-08
   10.500000   3.02777863 -3.3656816744108468e-08
   10.500000   3.09200950 -3.4102409968188925e-08
   10.600000   0.04958315 -2.8414678449944156e-08
   10.600000   0.11381403 -2.8016022561080905e-08
   10.600000   0.17842421 -2.7309884716643250e-08
   10.600000   0.24312010 -2.6314559017481280e-08
   10.600000   0.30784849 -2.5055558318121098e-08
   10.600000   0.37259260 -2.3564362403241269e-08
   10.600000   0.43734549 -2.1877076808545394e-08
   10.600000   0.50210377 -2.0032990953526130e-08
   10.600000   0.56686560 -1.8073121720653899e-08
   10.600000   0.63162987 -1.6038827842910567e-08
   10.600000   0.69639591 -1.3970567003723172e-08
   10.600000   0.76116325 -1.1906848856736247e-08
   10.600000   0.82593158 -9.8834162702300562e-09
   10.600000   0.89070068 -7.9326665324868173e-09
   10.600000   0.95547037 -6.0833058900814333e-09
   10.600000   1.02024053 -4.3602159489565481e-09
   10.600000   1.08501108 -2.7844997956547925e-09
   10.600000   1.14978193 -1.3736692586330864e-09
   10.600000   1.21455301 -1.4193213776215753e-10
   10.600000   1.27932429  8.9946117322219828e-10
   10.600000   1.34409571  1.7418492846404320e-09
   10.600000   1.40886724  2.3788026991537642e-09
   10.600000   1.47363885  2.8058056523505165e-09
   10.600000   1.53841049  3.0199987862141557e-09
   10.600000   1.60318216  3.0199988129066368e-09
   10.600000   1.66795381  2.8058057330066366e-09
   10.600000   1.73272541  2.3788028344276907e-09
   10.600000   1.79749694  1.7418494742624516e-09
   10.600000   1.86226837  8.9946141887503181e-10
   10.600000   1.92703964 -1.4193183569285982e-10
   10.600000   1.99181073 -1.3736688989462260e-09
   10.600000   2.05658157 -2.7844993772719321e-09
   10.600000   2.12135212 -4.3602154709490867e-09
   10.600000   2.18612229 -6.0833053522711380e-09
   10.600000   2.25089198 -7.9326659342862609e-09
   10.600000   2.31566107 -9.8834156119225165e-09
   10.600000   2.38042940 -1.1906848138861187e-08
   10.600000   2.44519674 -1.3970566227435934e-08
   10.600000   2.50996278 -1.6038827010665356e-08
   10.600000   2.57472706 -1.8073120834831554e-08
   10.600000   2.63948889 -2.0032990016846120e-08
   10.600000   2.70424717 -2.1877075825983522e-08
   10.600000   2.76900006 -2.3564361379066747e-08
   10.600000   2.83374417 -2.5055557257977219e-08
   10.600000   2.89847256 -2.6314557927545185e-08
   10.600000   2.96316844 -2.7309883603533921e-08
   10.600000   3.02777863 -2.8016021431389133e-08
   10.600000   3.09200950 -2.8414677310942056e-08
   10.700000   0.04958315 -2.3462036604910317e-08
   10.700000   0.11381403 -2.3105348330105944e-08
   10.700000   0.17842421 -2.2473523230139590e-08
   10.700000   0.24312010 -2.1582890783804211e-08
   10.700000   0.30784849 -2.0456228284289848e-08
   10.700000   0.37259260 -1.9121646657627397e-08
   10.700000   0.43734549 -1.7611396866406406e-08
   10.700000   0.50210377 -1.5960586014444566e-08
   10.700000   0.56686560 -1.4205879564136446e-08
   10.700000   0.63162987 -1.2384265533901387e-08
   10.700000   0.69639591 -1.0531944733396196e-08
   10.700000   0.76116325 -8.6833945570147298e-09
   10.700000   0.82593158 -6.8706353742041198e-09
   10.700000   0.89070068 -5.1227102905948672e-09
   10.700000   0.95547037 -3.4653727070964040e-09
   10.700000   1.02024053 -1.9209628660343743e-09
   10.700000   1.08501108 -5.0844499096232802e-10
   10.700000   1.14978193  7.5642918224031665e-10
   10.700000   1.21455301  1.8608670944348301e-09
   10.700000   1.27932429  2.7947284206894397e-09
   10.700000   1.34409571  3.5501980883798993e-09
   10.700000   1.40886724  4.1214688354667368e-09
   10.700000   1.47363885  4.5044580884501704e-09
   10.700000   1.53841049  4.6965788127529450e-09
   10.700000   1.60318216  4.6965788349485483e-09
   10.700000   1.66795381  4.5044581558079567e-09
   10.700000   1.73272541  4.1214689483319265e-09
   10.700000   1.79749694  3.5501982476111833e-09
   10.700000   1.86226837  2.7947286265572030e-09
   10.700000   1.92703964  1.8608673479750468e-09
   10.700000   1.99181073  7.5642948464513303e-10
   10.700000   2.05658157 -5.0844463908197246e-10
   10.700000   2.12135212 -1.9209624631769436e-09
   10.700000   2.18612229 -3.4653722532057607e-09
   10.700000   2.25089198 -5.1227097850981650e-09
   10.700000   2.31566107 -6.8706348170894424e-09
   10.700000   2.38042940 -8.6833939487224706e-09
   10.700000   2.44519674 -1.0531944074909028e-08
   10.700000   2.50996278 -1.2384264826820815e-08
   10.700000   2.57472706 -1.4205878810361451e-08
   10.700000   2.63948889 -1.5960585217158393e-08
   10.700000   2.70424717 -1.7611396028976953e-08
   10.700000   2.76900006 -1.9121645784072595e-08
   10.700000   2.83374417 -2.0456227379318269e-08
   10.700000   2.89847256 -2.1582889853104552e-08
   10.700000   2.96316844 -2.2473522278823271e-08
   10.700000   3.02777863 -2.3105347364920755e-08
   10.700000   3.09200950 -2.3462035631371989e-08
   10.800000   0.04958315 -1.9157707766976695e-08
   10.800000   0.11381403 -1.8838546568384464e-08
   10.800000   0.17842421 -1.8273174639013961e-08
   10.800000   0.24312010 -1.7476170047302861e-08
   10.800000   0.30784849 -1.6467870803820818e-08
   10.800000   0.37259260 -1.5273382937460133e-08
   10.800000   0.43734549 -1.3921517975545279e-08
   10.800000   0.50210377 -1.2443649451691909e-08
   10.800000   0.56686560 -1.0872556252448963e-08
   10.800000   0.63162987 -9.2413202501272636e-09
   10.800000   0.69639591 -7.5823352923800377e-09
   10.800000   0.76116325 -5.9264700042877566e-09
   10.800000   0.82593158 -4.3024104879593022e-09
   10.800000   0.89070068 -2.7361927893146474e-09
   10.800000   0.95547037 -1.2509204630990370e-09
   10.800000   1.02024053  1.3334926911163182e-10
   10.800000   1.08501108  1.3995758471949794e-09
   10.800000   1.14978193  2.5335925290317367e-09
   10.800000   1.21455301  3.5238829223506006e-09
   10.800000   1.27932429  4.3613091189791532e-09
   10.800000   1.34409571  5.0388214151569587e-09
   10.800000   1.40886724  5.5511760879846692e-09
   10.800000   1.47363885  5.8946834217731796e-09
   10.800000   1.53841049  6.0670036218259051e-09
   10.800000   1.60318216  6.0670036403875080e-09
   10.800000   1.66795381  5.8946834779491194e-09
   10.800000   1.73272541  5.5511761817930651e-09
   10.800000   1.79749694  5.0388215473456525e-09
   10.800000   1.86226837  4.3613092902598435e-09
   10.800000   1.92703964  3.5238831333842528e-09
   10.800000   1.99181073  2.5335927810898602e-09
   10.800000   2.05658157  1.3995761413489267e-09
   10.800000   2.12135212  1.3334960588111688e-10
   10.800000   2.18612229 -1.2509200826438520e-09
   10.800000   2.25089198 -2.7361923648797709e-09
   10.800000   2.31566107 -4.3024100194843413e-09
   10.800000   2.38042940 -5.9264694921373517e-09
   10.800000   2.44519674 -7.5823347371384165e-09
   10.800000   2.50996278 -9.2413196526204933e-09
   10.800000   2.57472706 -1.0872555614997679e-08
   10.800000   2.63948889 -1.2443648776928445e-08
   10.800000   2.70424717 -1.3921517265699421e-08
   10.800000   2.76900006 -1.5273382196657757e-08
   10.800000   2.83374417 -1.6467870035648613e-08
   10.800000   2.89847256 -1.7476169256774162e-08
   10.800000   2.96316844 -1.8273173830626409e-08
   10.800000   3.02777863 -1.8838545747804204e-08
   10.800000   3.09200950 -1.9157706939204112e-08
   10.900000   0.04958315 -1.5424741207039255e-08
   10.900000   0.11381403 -1.5139138960319609e-08
   10.900000   0.17842421 -1.4633196292000137e-08
   10.900000   0.24312010 -1.3919929614442493e-08
   10.900000   0.30784849 -1.3017501425907462e-08
   10.900000   0.37259260 -1.1948337017987096e-08
   10.900000   0.43734549 -1.0738178412694131e-08
   10.900000   0.50210377 -9.4150657007541767e-09
   10.900000   0.56686560 -8.0083059701384089e-09
   10.900000   0.63162987 -6.5474898166464710e-09
   10.900000   0.69639591 -5.0616062796563667e-09
   10.900000   0.76116325 -3.5782941345605685e-09
   10.900000   0.82593158 -2.1232529768495057e-09
   10.900000   0.89070068 -7.1982311963365726e-10
   10.900000   0.95547037  6.1126961023369292e-10
   10.900000   1.02024053  1.8520186500873436e-09
   10.900000   1.08501108  2.9871132337736544e-09
   10.900000   1.14978193  4.0038135812864886e-09
   10.900000   1.21455301  4.8917537074748839e-09
   10.900000   1.27932429  5.6427005648939752e-09
   10.900000   1.34409571  6.2502963024443384e-09
   10.900000   1.40886724  6.7098073085136563e-09
   10.900000   1.47363885  7.0178999324290823e-09
   10.900000   1.53841049  7.1724586973757375e-09
   10.900000   1.60318216  7.1724587127990842e-09
   10.900000   1.66795381  7.0178999784410394e-09
   10.900000   1.73272541  6.7098073856600027e-09
   10.900000   1.79749694  6.2502964109820492e-09
   10.900000   1.86226837  5.6427007061301687e-09
   10.900000   1.92703964  4.8917538817128393e-09
   10.900000   1.99181073  4.0038137896353955e-09
   10.900000   2.05658157  2.9871134769770811e-09
   10.900000   2.12135212  1.8520189293699193e-09
   10.900000   2.18612229  6.1126992598348650e-10
   10.900000   2.25089198 -7.1982276631834403e-10
   10.900000   2.31566107 -2.1232525861673689e-09
   10.900000   2.38042940 -3.5782937062067472e-09
   10.900000   2.44519674 -5.0616058145446188e-09
   10.900000   2.50996278 -6.5474893160400093e-09
   10.900000   2.57472706 -8.0083054347281269e-09
   10.900000   2.63948889 -9.4150651329856297e-09
   10.900000   2.70424717 -1.0738177815150528e-08
   10.900000   2.76900006 -1.1948336393518373e-08
   10.900000   2.83374417 -1.3017500777786251e-08
   10.900000   2.89847256 -1.3919928946943814e-08
   10.900000   2.96316844 -1.4633195609068547e-08
   10.900000   3.02777863 -1.5139138266543552e-08
   10.900000   3.09200950 -1.5424740507094066e-08
   11.000000   0.04958315 -1.2194925072705649e-08
   11.000000   0.11381403 -1.1939335458358283e-08
   11.000000   0.17842421 -1.1486544358989870e-08
   11.000000   0.24312010 -1.0848175458165931e-08
   11.000000   0.30784849 -1.0040450637955291e-08
   11.000000   0.37259260 -9.0834032402508275e-09
   11.000000   0.43734549 -8.0000355053027772e-09
   11.000000   0.50210377 -6.8154109249474683e-09
   11.000000   0.56686560 -5.5557349556627984e-09
   11.000000   0.63162987 -4.2474774495994005e-09
   11.000000   0.69639591 -2.9165821244695189e-09
   11.000000   0.76116325 -1.5877969535255566e-09
   11.000000   0.82593158 -2.8414652421779803e-10
   11.000000   0.89070068  9.7344539688529004e-10
   11.000000   0.95547037  2.1663863671814124e-09
   11.000000   1.02024053  3.2785115498396471e-09
   11.000000   1.08501108  4.2960653747930533e-09
   11.000000   1.14978193  5.2075924660031723e-09
   11.000000   1.21455301  6.0037635875816535e-09
   11.000000   1.27932429  6.6771622127906570e-09
   11.000000   1.34409571  7.2220556296564048e-09
   11.000000   1.40886724  7.6341717555044486e-09
   11.000000   1.47363885  7.9104994804365562e-09
   11.000000   1.53841049  8.0491267266921478e-09
   11.000000   1.60318216  8.0491267391865819e-09
   11.000000   1.66795381  7.9104995177689395e-09
   11.000000   1.73272541  7.6341718178645147e-09
   11.000000   1.79749694  7.2220557178900295e-09
   11.000000   1.86226837  6.6771623273801792e-09
   11.000000   1.92703964  6.0037637294990799e-09
   11.000000   1.99181073  5.2075926360884328e-09
   11.000000   2.05658157  4.2960655741185661e-09
   11.000000   2.12135212  3.2785117787542691e-09
   11.000000   2.18612229  2.1663866269158754e-09
   11.000000   2.25089198  9.7344568799366124e-10
   11.000000   2.31566107 -2.8414620154818755e-10
   11.000000   2.38042940 -1.5877965990125616e-09
   11.000000   2.44519674 -2.9165817386449671e-09
   11.000000   2.50996278 -4.2474770333385035e-09
   11.000000   2.57472706 -5.5557345099051412e-09
   11.000000   2.63948889 -6.8154104512863596e-09
   11.000000   2.70424717 -8.0000350059046552e-09
   11.000000   2.76900006 -9.0834027178355099e-09
   11.000000   2.83374417 -1.0040450095478049e-08
   11.000000   2.89847256 -1.0848174898744356e-08
   11.000000   2.96316844 -1.1486543786074926e-08
   11.000000   3.02777863 -1.1939334876222840e-08
   11.000000   3.09200950 -1.2194924485334305e-08
   11.250000   0.04958315 -5.9418180242164158e-09
   11.250000   0.11381403 -5.7481188319173184e-09
   11.250000   0.17842421 -5.4049421034916170e-09
   11.250000   0.24312010 -4.9210523817665686e-09
   11.250000   0.30784849 -4.3086862161553295e-09
   11.250000   0.37259260 -3.5829625787121188e-09
   11.250000   0.43734549 -2.7612516049986825e-09
   11.250000   0.50210377 -1.8624938235486659e-09
   11.250000   0.56686560 -9.0650961816970684e-10
   11.250000   0.63162987  8.6661200957646404e-11
   11.250000   0.69639591  1.0973557289197751e-09
   11.250000   0.76116325  2.1067946203809033e-09
   11.250000   0.82593158  3.0974830035229801e-09
   11.250000   0.89070068  4.0534991159770906e-09
   11.250000   0.95547037  4.9606727518496847e-09
   11.250000   1.02024053  5.8066627091599660e-09
   11.250000   1.08501108  6.5809476749672699e-09
   11.250000   1.14978193  7.2747482764550870e-09
   11.250000   1.21455301  7.8808995467272945e-09
   11.250000   1.27932429  8.3936930161300537e-09
   11.250000   1.34409571  8.8087064590862113e-09
   11.250000   1.40886724  9.1226373169892196e-09
   11.250000   1.47363885  9.3331533277206016e-09
   11.250000   1.53841049  9.4387711747250622e-09
   11.250000   1.60318216  9.4387711812989179e-09
   11.250000   1.66795381  9.3331533480766992e-09
   11.250000   1.73272541  9.1226373509799735e-09
   11.250000   1.79749694  8.8087065072000501e-09
   11.250000   1.86226837  8.3936930792429104e-09
   11.250000   1.92703964  7.8808996252771744e-09
   11.250000   1.99181073  7.2747483715206461e-09
   11.250000   2.05658157  6.5809477873722312e-09
   11.250000   2.12135212  5.8066628394045000e-09
   11.250000   2.18612229  4.9606729007299990e-09
   11.250000   2.25089198  4.0534992848323443e-09
   11.250000   2.31566107  3.0974831924064647e-09
   11.250000   2.38042940  2.1067948294033275e-09
   11.250000   2.44519674  1.0973559584220963e-09
   11.250000   2.50996278  8.6661450512343352e-11
   11.250000   2.57472706 -9.0650934897611615e-10
   11.250000   2.63948889 -1.8624935361694838e-09
   11.250000   2.70424717 -2.7612513003063300e-09
   11.250000   2.76900006 -3.5829622582379274e-09
   11.250000   2.83374417 -4.3086858821379684e-09
   11.250000   2.89847256 -4.9210520365044920e-09
   11.250000   2.96316844 -5.4049417491853411e-09
   11.250000   3.02777863 -5.7481184710797203e-09
   11.250000   3.09200950 -5.9418176598965346e-09
   11.500000   0.04958315 -1.7037526094622760e-09
   11.500000   0.11381403 -1.5568942768899358e-09
   11.500000   0.17842421 -1.2966859040370870e-09
   11.500000   0.24312010 -9.2974137661580795e-10
   11.500000   0.30784849 -4.6529800564021137e-10
   11.500000   0.37259260  8.5225852356787551e-11
   11.500000   0.43734549  7.0870431645169870e-10
   11.500000   0.50210377  1.3908151597784832e-09
   11.500000   0.56686560  2.1165590357646490e-09
   11.500000   0.63162987  2.8707569154530552e-09
   11.500000   0.69639591  3.6385002218256570e-09
   11.500000   0.76116325  4.4055343406303568e-09
   11.500000   0.82593158  5.1585632591980348e-09
   11.500000   0.89070068  5.8854701815439491e-09
   11.500000   0.95547037  6.5754554291487741e-09
   11.500000   1.02024053  7.2190982964114637e-09
   11.500000   1.08501108  7.8083535014769373e-09
   11.500000   1.14978193  8.3364954272101295e-09
   11.500000   1.21455301  8.7980245362767121e-09
   11.500000   1.27932429  9.1885504005708136e-09
   11.500000   1.34409571  9.5046649322254434e-09
   11.500000   1.40886724  9.7438179460413222e-09
   11.500000   1.47363885  9.9042053254868539e-09
   11.500000   1.53841049  9.9846780228847007e-09
   11.500000   1.60318216  9.9846780254792867e-09
   11.500000   1.66795381  9.9042053337320232e-09
   11.500000   1.73272541  9.7438179603302386e-09
   11.500000   1.79749694  9.5046649527508566e-09
   11.500000   1.86226837  9.1885504278826332e-09
   11.500000   1.92703964  8.7980245708563888e-09
   11.500000   1.99181073  8.3364954701176257e-09
   11.500000   2.05658157  7.8083535537124632e-09
   11.500000   2.12135212  7.2190983581211202e-09
   11.500000   2.18612229  6.5754555014675505e-09
   11.500000   2.25089198  5.8854702647113530e-09
   11.500000   2.31566107  5.1585633543858810e-09
   11.500000   2.38042940  4.4055344479759787e-09
   11.500000   2.44519674  3.6385003415124204e-09
   11.500000   2.50996278  2.8707570476939098e-09
   11.500000   2.57472706  2.1165591802391624e-09
   11.500000   2.63948889  1.3908153160668298e-09
   11.500000   2.70424717  7.0870448365673806e-10
   11.500000   2.76900006  8.5226029760519847e-11
   11.500000   2.83374417 -4.6529781928324412e-10
   11.500000   2.89847256 -9.2974118257979747e-10
   11.500000   2.96316844 -1.2966857039799453e-09
   11.500000   3.02777863 -1.5568940731707143e-09
   11.500000   3.09200950 -1.7037524027674200e-09
   11.750000   0.04958315  1.0868945048931627e-09
   11.750000   0.11381403  1.1982869966309613e-09
   11.750000   0.17842421  1.3956696322169721e-09
   11.750000   0.24312010  1.6740477588665169e-09
   11.750000   0.30784849  2.0264432005025421e-09
   11.750000   0.37259260  2.4442265539571705e-09
   11.750000   0.43734549  2.9174727802854276e-09
   11.750000   0.50210377  3.4353454389516136e-09
   11.750000   0.56686560  3.9864874588955673e-09
   11.750000   0.63162987  4.5593961123584069e-09
   11.750000   0.69639591  5.1427630067839041e-09
   11.750000   0.76116325  5.7257645051636308e-09
   11.750000   0.82593158  6.2982932384904241e-09
   11.750000   0.89070068  6.8511266677995887e-09
   11.750000   0.95547037  7.3760335043219212e-09
   11.750000   1.02024053  7.8658228322232398e-09
   11.750000   1.08501108  8.3143437976454912e-09
   11.750000   1.14978193  8.7164456886299243e-09
   11.750000   1.21455301  9.0679091776424972e-09
   11.750000   1.27932429  9.3653595723447369e-09
   11.750000   1.34409571  9.6061723348737018e-09
   11.750000   1.40886724  9.7883800431204837e-09
   11.750000   1.47363885  9.9105885968967192e-09
   11.750000   1.53841049  9.9719089351829534e-09
   11.750000   1.60318216  9.9719089354512130e-09
   11.750000   1.66795381  9.9105885974330648e-09
   11.750000   1.73272541  9.7883800439569866e-09
   11.750000   1.79749694  9.6061723368577574e-09
   11.750000   1.86226837  9.3653595757525258e-09
   11.750000   1.92703964  9.0679091827121251e-09
   11.750000   1.99181073  8.7164456961450338e-09
   11.750000   2.05658157  8.3143438086026532e-09
   11.750000   2.12135212  7.8658228472219384e-09
   11.750000   2.18612229  7.3760335240567259e-09
   11.750000   2.25089198  6.8511266928099744e-09
   11.750000   2.31566107  6.2982932697999837e-09
   11.750000   2.38042940  5.7257645429950893e-09
   11.750000   2.44519674  5.1427630514120658e-09
   11.750000   2.50996278  4.5593961641646700e-09
   11.750000   2.57472706  3.9864875174687939e-09
   11.750000   2.63948889  3.4353455045966290e-09
   11.750000   2.70424717  2.9174728525060879e-09
   11.750000   2.76900006  2.4442266325384184e-09
   11.750000   2.83374417  2.0264432846904139e-09
   11.750000   2.89847256  1.6740478476681935e-09
   11.750000   2.96316844  1.3956697246367043e-09
   11.750000   3.02777863  1.1982870916319339e-09
   11.750000   3.09200950  1.0868946012623448e-09
   12.000000   0.04958315  2.8468021791189326e-09
   12.000000   0.11381403  2.9313301814905679e-09
   12.000000   0.17842421  3.0811198898013525e-09
   12.000000   0.24312010  3.2923968110107436e-09
   12.000000   0.30784849  3.5598858130141940e-09
   12.000000   0.37259260  3.8770609883608344e-09
   12.000000   0.43734549  4.2364129611164355e-09
   12.000000   0.50210377  4.6297379752260548e-09
   12.000000   0.56686560  5.0484322483780456e-09
   12.000000   0.63162987  5.4837748426100543e-09
   12.000000   0.69639591  5.9271846241325916e-09
   12.000000   0.76116325  6.3704402856926084e-09
   12.000000   0.82593158  6.8058563151476147e-09
   12.000000   0.89070068  7.2264117576653382e-09
   12.000000   0.95547037  7.6258322497767144e-09
   12.000000   1.02024053  7.9986288557826321e-09
   12.000000   1.08501108  8.3400995247491273e-09
   12.000000   1.14978193  8.6463004947247615e-09
   12.000000   1.21455301  8.9139957137592263e-09
   12.000000   1.27932429  9.1405924381530834e-09
   12.000000   1.34409571  9.3240707470116048e-09
   12.000000   1.40886724  9.4629139252172966e-09
   12.000000   1.47363885  9.5560456321231432e-09
   12.000000   1.53841049  9.6027786289915230e-09
   12.000000   1.60318216  9.6027786275319876e-09
   12.000000   1.66795381  9.5560456276838749e-09
   12.000000   1.73272541  9.4629139175878293e-09
   12.000000   1.79749694  9.3240707367196168e-09
   12.000000   1.86226837  9.1405924257189772e-09
   12.000000   1.92703964  8.9139956994671004e-09
   12.000000   1.99181073  8.6463004790447887e-09
   12.000000   2.05658157  8.3400995087312247e-09
   12.000000   2.12135212  7.9986288401134490e-09
   12.000000   2.18612229  7.6258322348300455e-09
   12.000000   2.25089198  7.2264117442734371e-09
   12.000000   2.31566107  6.8058563036728965e-09
   12.000000   2.38042940  6.3704402767027929e-09
   12.000000   2.44519674  5.9271846182966843e-09
   12.000000   2.50996278  5.4837748399403984e-09
   12.000000   2.57472706  5.0484322493383122e-09
   12.000000   2.63948889  4.6297379800800350e-09
   12.000000   2.70424717  4.2364129695603407e-09
   12.000000   2.76900006  3.8770610000159995e-09
   12.000000   2.83374417  3.5598858278028334e-09
   12.000000   2.89847256  3.2923968283486585e-09
   12.000000   2.96316844  3.0811199091750131e-09
   12.000000   3.02777863  2.9313302023328045e-09
   12.000000   3.09200950  2.8468022007312905e-09
   12.250000   0.04958315  3.8807012425530377e-09
   12.250000   0.11381403  3.9448714436274596e-09
   12.250000   0.17842421  4.0585926228401600e-09
   12.250000   0.24312010  4.2190104540773606e-09
   12.250000   0.30784849  4.4221346152271606e-09
   12.250000   0.37259260  4.6630268498938980e-09
   12.250000   0.43734549  4.9360020995958645e-09
   12.250000   0.50210377  5.2348462028726527e-09
   12.250000   0.56686560  5.5530378034090204e-09
   12.250000   0.63162987  5.8839618958933016e-09
   12.250000   0.69639591  6.2211041475135356e-09
   12.250000   0.76116325  6.5582176601642653e-09
   12.250000   0.82593158  6.8894567534814168e-09
   12.250000   0.89070068  7.2094753075780203e-09
   12.250000   0.95547037  7.5134899472267619e-09
   12.250000   1.02024053  7.7973106302292377e-09
   12.250000   1.08501108  8.0573429652097867e-09
   12.250000   1.14978193  8.2905677192647907e-09
   12.250000   1.21455301  8.4945035701653108e-09
   12.250000   1.27932429  8.6671592465066221e-09
   12.250000   1.34409571  8.8069808959022444e-09
   12.250000   1.40886724  8.9127999530814795e-09
   12.250000   1.47363885  8.9837859925655232e-09
   12.250000   1.53841049  9.0194082031456461e-09
   12.250000   1.60318216  9.0194082006500951e-09
   12.250000   1.66795381  8.9837859847513580e-09
   12.250000   1.73272541  8.9127999401536920e-09
   12.250000   1.79749694  8.8069808780184656e-09
   12.250000   1.86226837  8.6671592243349954e-09
   12.250000   1.92703964  8.4945035440708230e-09
   12.250000   1.99181073  8.2905676895626738e-09
   12.250000   2.05658157  8.0573429323142150e-09
   12.250000   2.12135212  7.7973105950275444e-09
   12.250000   2.18612229  7.5134899103170018e-09
   12.250000   2.25089198  7.2094752696066351e-09
   12.250000   2.31566107  6.8894567146569982e-09
   12.250000   2.38042940  6.5582176214763506e-09
   12.250000   2.44519674  6.2211041090936539e-09
   12.250000   2.50996278  5.8839618583353570e-09
   12.250000   2.57472706  5.5530377668361478e-09
   12.250000   2.63948889  5.2348461676895452e-09
   12.250000   2.70424717  4.9360020656810152e-09
   12.250000   2.76900006  4.6630268175531502e-09
   12.250000   2.83374417  4.4221345844614169e-09
   12.250000   2.89847256  4.2190104244514138e-09
   12.250000   2.96316844  4.0585925944042019e-09
   12.250000   3.02777863  3.9448714155422980e-09
   12.250000   3.09200950  3.8807012151091992e-09
   12.500000   0.04958315  4.4104612130420666e-09
   12.500000   0.11381403  4.4591977520904961e-09
   12.500000   0.17842421  4.5455726747596400e-09
   12.500000   0.24312010  4.6674261011490762e-09
   12.500000   0.30784849  4.8217376926050070e-09
   12.500000   0.37259260  5.0047683211253861e-09
   12.500000   0.43734549  5.2122115479729652e-09
   12.500000   0.50210377  5.4393577015166024e-09
   12.500000   0.56686560  5.6812613006165501e-09
   12.500000   0.63162987  5.9329023761570553e-09
   12.500000   0.69639591  6.1893335130417593e-09
   12.500000   0.76116325  6.4458063006207053e-09
   12.500000   0.82593158  6.6978730681428170e-09
   12.500000   0.89070068  6.9414619927172595e-09
   12.500000   0.95547037  7.1729257274399668e-09
   12.500000   1.02024053  7.3890654257885221e-09
   12.500000   1.08501108  7.5871333675704154e-09
   12.500000   1.14978193  7.7648182706766611e-09
   12.500000   1.21455301  7.9202178349886272e-09
   12.500000   1.27932429  8.0518031368590705e-09
   12.500000   1.34409571  8.1583793004354968e-09
   12.500000   1.40886724  8.2390464236005102e-09
   12.500000   1.47363885  8.2931641780625361e-09
   12.500000   1.53841049  8.3203228408923367e-09
   12.500000   1.60318216  8.3203228377367800e-09
   12.500000   1.66795381  8.2931641683293666e-09
   12.500000   1.73272541  8.2390464076563243e-09
   12.500000   1.79749694  8.1583792784584826e-09
   12.500000   1.86226837  8.0518031089618518e-09
   12.500000   1.92703964  7.9202178020553609e-09
   12.500000   1.99181073  7.7648182325639868e-09
   12.500000   2.05658157  7.5871333246360805e-09
   12.500000   2.12135212  7.3890653792743638e-09
   12.500000   2.18612229  7.1729256773435018e-09
   12.500000   2.25089198  6.9414619399524604e-09
   12.500000   2.31566107  6.6978730131561702e-09
   12.500000   2.38042940  6.4458062439976802e-09
   12.500000   2.44519674  6.1893334550570527e-09
   12.500000   2.50996278  5.9329023171095795e-09
   12.500000   2.57472706  5.6812612408937525e-09
   12.500000   2.63948889  5.4393576416603061e-09
   12.500000   2.70424717  5.2122114881623169e-09
   12.500000   2.76900006  5.0047682615904412e-09
   12.500000   2.83374417  4.8217376334046981e-09
   12.500000   2.89847256  4.6674260419233711e-09
   12.500000   2.96316844  4.5455726159780094e-09
   12.500000   3.02777863  4.4591976937648918e-09
   12.500000   3.09200950  4.4104611544801798e-09
   12.750000   0.04958315  4.5967571436256933e-09
   12.750000   0.11381403  4.6337880500231062e-09
   12.750000   0.17842421  4.6994208539539801e-09
   12.750000   0.24312010  4.7920201456738096e-09
   12.750000   0.30784849  4.9092983891015566e-09
   12.750000   0.37259260  5.0484227369879343e-09
   12.750000   0.43734549  5.2061292090827312e-09
   12.750000   0.50210377  5.3788464584052151e-09
   12.750000   0.56686560  5.5628221785419889e-09
   12.750000   0.63162987  5.7542450604552570e-09
   12.750000   0.69639591  5.9493561157879102e-09
   12.750000   0.76116325  6.1445446096598146e-09
   12.750000   0.82593158  6.3364254430534361e-09
   12.750000   0.89070068  6.5218965185374365e-09
   12.750000   0.95547037  6.6981761450645050e-09
   12.750000   1.02024053  6.8628218572275537e-09
   12.750000   1.08501108  7.0137330353088075e-09
   12.750000   1.14978193  7.1491403779478853e-09
   12.750000   1.21455301  7.2675856392292146e-09
   12.750000   1.27932429  7.3678951218691605e-09
   12.750000   1.34409571  7.4491502588064528e-09
   12.750000   1.40886724  7.5106583071169897e-09
   12.750000   1.47363885  7.5519257496532549e-09
   12.750000   1.53841049  7.5726364997291258e-09
   12.750000   1.60318216  7.5726364963350896e-09
   12.750000   1.66795381  7.5519257394215187e-09
   12.750000   1.73272541  7.5106582897218645e-09
   12.750000   1.79749694  7.4491502346616769e-09
   12.750000   1.86226837  7.3678950915765955e-09
   12.750000   1.92703964  7.2675856028083927e-09
   12.750000   1.99181073  7.1491403356810752e-09
   12.750000   2.05658157  7.0137329880719001e-09
   12.750000   2.12135212  6.8628218051468280e-09
   12.750000   2.18612229  6.6981760887267009e-09
   12.750000   2.25089198  6.5218964584494172e-09
   12.750000   2.31566107  6.3364253792600720e-09
   12.750000   2.38042940  6.1445445433146247e-09
   12.750000   2.44519674  5.9493560471585347e-09
   12.750000   2.50996278  5.7542449898266861e-09
   12.750000   2.57472706  5.5628221063919384e-09
   12.750000   2.63948889  5.3788463845546846e-09
   12.750000   2.70424717  5.2061291349295834e-09
   12.750000   2.76900006  5.0484226617631376e-09
   12.750000   2.83374417  4.9092983133856859e-09
   12.750000   2.89847256  4.7920200696712373e-09
   12.750000   2.96316844  4.6994207779499338e-09
   12.750000   3.02777863  4.6337879737853268e-09
   12.750000   3.09200950  4.5967570673543701e-09
   13.000000   0.04958315  4.5551869329834449e-09
   13.000000   0.11381403  4.5833358472884887e-09
   13.000000   0.17842421  4.6332289650802059e-09
   13.000000   0.24312010  4.7036272432092605e-09
   13.000000   0.30784849  4.7927971298456833e-09
   13.000000   0.37259260  4.8985911638389642e-09
   13.000000   0.43734549  5.0185341103261792e-09
   13.000000   0.50210377  5.1499163862846138e-09
   13.000000   0.56686560  5.2898895765891749e-09
   13.000000   0.63162987  5.4355586818972910e-09
   13.000000   0.69639591  5.5840664569573055e-09
   13.000000   0.76116325  5.7326662172364367e-09
   13.000000   0.82593158  5.8787807203488354e-09
   13.000000   0.89070068  6.0200459798043912e-09
   13.000000   0.95547037  6.1543400249480535e-09
   13.000000   1.02024053  6.2797976143515669e-09
   13.000000   1.08501108  6.3948126760148056e-09
   13.000000   1.14978193  6.4980307622773666e-09
   13.000000   1.21455301  6.5883340859688089e-09
   13.000000   1.27932429  6.6648217641600672e-09
   13.000000   1.34409571  6.7267877985091250e-09
   13.000000   1.40886724  6.7736990788169749e-09
   13.000000   1.47363885  6.8051753826071182e-09
   13.000000   1.53841049  6.8209729674118094e-09
   13.000000   1.60318216  6.8209729638585261e-09
   13.000000   1.66795381  6.8051753719287086e-09
   13.000000   1.73272541  6.7736990612748928e-09
   13.000000   1.79749694  6.7267877741023819e-09
   13.000000   1.86226837  6.6648217333155701e-09
   13.000000   1.92703964  6.5883340488112941e-09
   13.000000   1.99181073  6.4980307191936263e-09
   13.000000   2.05658157  6.3948126271580941e-09
   13.000000   2.12135212  6.2797975604698771e-09
   13.000000   2.18612229  6.1543399662232039e-09
   13.000000   2.25089198  6.0200459168240025e-09
   13.000000   2.31566107  5.8787806534074899e-09
   13.000000   2.38042940  5.7326661469671682e-09
   13.000000   2.44519674  5.5840663838751631e-09
   13.000000   2.50996278  5.4355586059736856e-09
   13.000000   2.57472706  5.2898894985146633e-09
   13.000000   2.63948889  5.1499163064494656e-09
   13.000000   2.70424717  5.0185340288680579e-09
   13.000000   2.76900006  4.8985910813721632e-09
   13.000000   2.83374417  4.7927970463067173e-09
   13.000000   2.89847256  4.7036271588906139e-09
   13.000000   2.96316844  4.6332288801612015e-09
   13.000000   3.02777863  4.5833357622622328e-09
   13.000000   3.09200950  4.5551868476811961e-09
   13.250000   0.04958315  4.3682425849301260e-09
   13.250000   0.11381403  4.3896490681337699e-09
   13.250000   0.17842421  4.4275932809112244e-09
   13.250000   0.24312010  4.4811359307882646e-09
   13.250000   0.30784849  4.5489625343240534e-09
   13.250000   0.37259260  4.6294442839377000e-09
   13.250000   0.43734549  4.7207030751992047e-09
   13.250000   0.50210377  4.8206820873173643e-09
   13.250000   0.56686560  4.9272180001908885e-09
   13.250000   0.63162987  5.0381108214514543e-09
   13.250000   0.69639591  5.1511878118665540e-09
   13.250000   0.76116325  5.2643587671957608e-09
   13.250000   0.82593158  5.3756608362702063e-09
   13.250000   0.89070068  5.4832919881738697e-09
   13.250000   0.95547037  5.5856331161668687e-09
   13.250000   1.02024053  5.6812595226978035e-09
   13.250000   1.08501108  5.7689430965761037e-09
   13.250000   1.14978193  5.8476469115580570e-09
   13.250000   1.21455301  5.9165141598209706e-09
   13.250000   1.27932429  5.9748534193174575e-09
   13.250000   1.34409571  6.0221221573800601e-09
   13.250000   1.40886724  6.0579102090895303e-09
   13.250000   1.47363885  6.0819247276657937e-09
   13.250000   1.53841049  6.0939778254789572e-09
   13.250000   1.60318216  6.0939778218335930e-09
   13.250000   1.66795381  6.0819247175422751e-09
   13.250000   1.73272541  6.0579101921315030e-09
   13.250000   1.79749694  6.0221221336789648e-09
   13.250000   1.86226837  5.9748533889769897e-09
   13.250000   1.92703964  5.9165141232380362e-09
   13.250000   1.99181073  5.8476468692090822e-09
   13.250000   2.05658157  5.7689430487023367e-09
   13.250000   2.12135212  5.6812594694284383e-09
   13.250000   2.18612229  5.5856330582649099e-09
   13.250000   2.25089198  5.4832919255089413e-09
   13.250000   2.31566107  5.3756607695540102e-09
   13.250000   2.38042940  5.2643586967512500e-09
   13.250000   2.44519674  5.1511877383817027e-09
   13.250000   2.50996278  5.0381107449721372e-09
   13.250000   2.57472706  4.9272179212014820e-09
   13.250000   2.63948889  4.8206820061126540e-09
   13.250000   2.70424717  4.7207029921470237e-09
   13.250000   2.76900006  4.6294441994809307e-09
   13.250000   2.83374417  4.5489624486602564e-09
   13.250000   2.89847256  4.4811358439348950e-09
   13.250000   2.96316844  4.4275931933477335e-09
   13.250000   3.02777863  4.3896489800403028e-09
   13.250000   3.09200950  4.3682424969533823e-09
   13.500000   0.04958315  4.0941874575319695e-09
   13.500000   0.11381403  4.1104734226991972e-09
   13.500000   0.17842421  4.1393425672220152e-09
   13.500000   0.24312010  4.1800824279766453e-09
   13.500000   0.30784849  4.2316957278990601e-09
   13.500000   0.37259260  4.2929463751762844e-09
   13.500000   0.43734549  4.3624085948238933e-09
   13.500000   0.50210377  4.4385202831399442e-09
   13.500000   0.56686560  4.5196376490866962e-09
   13.500000   0.63162987  4.6040881011280082e-09
   13.500000   0.69639591  4.6902187261293009e-09
   13.500000   0.76116325  4.7764382852206804e-09
   13.500000   0.82593158  4.8612513371029518e-09
   13.500000   0.89070068  4.9432838063394199e-09
   13.500000   0.95547037  5.0212999667005173e-09
   13.500000   1.02024053  5.0942113914868246e-09
   13.500000   1.08501108  5.1610788465924917e-09
   13.500000   1.14978193  5.2211084202753159e-09
   13.500000   1.21455301  5.2736433363728275e-09
   13.500000   1.27932429  5.3181529581157213e-09
   13.500000   1.34409571  5.3542204170343383e-09
   13.500000   1.40886724  5.3815301979562855e-09
   13.500000   1.47363885  5.3998568062874944e-09
   13.500000   1.53841049  5.4090554518718131e-09
   13.500000   1.60318216  5.4090554487999497e-09
   13.500000   1.66795381  5.3998567964234450e-09
   13.500000   1.73272541  5.3815301817633895e-09
   13.500000   1.79749694  5.3542203944520610e-09
   13.500000   1.86226837  5.3181529294487986e-09
   13.500000   1.92703964  5.2736433019390754e-09
   13.500000   1.99181073  5.2211083797183924e-09
   13.500000   2.05658157  5.1610788007231694e-09
   13.500000   2.12135212  5.0942113403366564e-09
   13.500000   2.18612229  5.0212999109693947e-09
   13.500000   2.25089198  4.9432837462564844e-09
   13.500000   2.31566107  4.8612512730531328e-09
   13.500000   2.38042940  4.7764382170819695e-09
   13.500000   2.44519674  4.6902186549751882e-09
   13.500000   2.50996278  4.6040880269097480e-09
   13.500000   2.57472706  4.5196375721774438e-09
   13.500000   2.63948889  4.4385202040382124e-09
   13.500000   2.70424717  4.3624085136913272e-09
   13.500000   2.76900006  4.2929462924964563e-09
   13.500000   2.83374417  4.2316956432781054e-09
   13.500000   2.89847256  4.1800823426868390e-09
   13.500000   2.96316844  4.1393424811470722e-09
   13.500000   3.02777863  4.1104733360087656e-09
   13.500000   3.09200950  4.0941873707323336e-09
   13.750000   0.04958315  3.7736271931674284e-09
   13.750000   0.11381403  3.7860226868834059e-09
   13.750000   0.17842421  3.8079964016109621e-09
   13.750000   0.24312010  3.8390076273375322e-09
   13.750000   0.30784849  3.8782993360418453e-09
   13.750000   0.37259260  3.9249329696400865e-09
   13.750000   0.43734549  3.9778255854366903e-09
   13.750000   0.50210377  4.0357902197050509e-09
   13.750000   0.56686560  4.0975772563758856e-09
   13.750000   0.63162987  4.1619145062157440e-09
   13.750000   0.69639591  4.2275439917319676e-09
   13.750000   0.76116325  4.2932538652601322e-09
   13.750000   0.82593158  4.3579043972034018e-09
   13.750000   0.89070068  4.4204475120687161e-09
   13.750000   0.95547037  4.4799398376291236e-09
   13.750000   1.02024053  4.5355496676729946e-09
   13.750000   1.08501108  4.5865585769030798e-09
   13.750000   1.14978193  4.6323586482754102e-09
   13.750000   1.21455301  4.6724464136798390e-09
   13.750000   1.27932429  4.7064146356092551e-09
   13.750000   1.34409571  4.7339430283200855e-09
   13.750000   1.40886724  4.7547889179791072e-09
   13.750000   1.47363885  4.7687787059846378e-09
   13.750000   1.53841049  4.7758008409893299e-09
   13.750000   1.60318216  4.7758008379619564e-09
   13.750000   1.66795381  4.7687786968270329e-09
   13.750000   1.73272541  4.7547889028649110e-09
   13.750000   1.79749694  4.7339430073238534e-09
   13.750000   1.86226837  4.7064146089448068e-09
   13.750000   1.92703964  4.6724463814025715e-09
   13.750000   1.99181073  4.6323586109028161e-09
   13.750000   2.05658157  4.5865585340402605e-09
   13.750000   2.12135212  4.5355496199549369e-09
   13.750000   2.18612229  4.4799397852950987e-09
   13.750000   2.25089198  4.4204474557614656e-09
   13.750000   2.31566107  4.3579043368059698e-09
   13.750000   2.38042940  4.2932538012621327e-09
   13.750000   2.44519674  4.2275439245323258e-09
   13.750000   2.50996278  4.1619144358090345e-09
   13.750000   2.57472706  4.0975771835087513e-09
   13.750000   2.63948889  4.0357901447212930e-09
   13.750000   2.70424717  3.9778255083392734e-09
   13.750000   2.76900006  3.9249328908698018e-09
   13.750000   2.83374417  3.8782992558037584e-09
   13.750000   2.89847256  3.8390075459114104e-09
   13.750000   2.96316844  3.8079963194530833e-09
   13.750000   3.02777863  3.7860226039829645e-09
   13.750000   3.09200950  3.7736271099769064e-09
   14.000000   0.04958315  3.4343635085210551e-09
   14.000000   0.11381403  3.4438018026795740e-09
   14.000000   0.17842421  3.4605339438406484e-09
   14.000000   0.24312010  3.4841493504779636e-09
   14.000000   0.30784849  3.5140730632906461e-09
   14.000000   0.37259260  3.5495920735609330e-09
   14.000000   0.43734549  3.5898834239150251e-09
   14.000000   0.50210377  3.6340447661674385e-09
   14.000000   0.56686560  3.6811256991625313e-09
   14.000000   0.63162987  3.7301581614688634e-09
   14.000000   0.69639591  3.7801843558518518e-09
   14.000000   0.76116325  3.8302810189366040e-09
   14.000000   0.82593158  3.8795792213236720e-09
   14.000000   0.89070068  3.9272792970269167e-09
   14.000000   0.95547037  3.9726608657040104e-09
   14.000000   1.02024053  4.0150882487043869e-09
   14.000000   1.08501108  4.0540118196428428e-09
   14.000000   1.14978193  4.0889660240539558e-09
   14.000000   1.21455301  4.1195648866301070e-09
   14.000000   1.27932429  4.1454958690107249e-09
   14.000000   1.34409571  4.1665129020873708e-09
   14.000000   1.40886724  4.1824293558419012e-09
   14.000000   1.47363885  4.1931116042153015e-09
   14.000000   1.53841049  4.1984737206568905e-09
   14.000000   1.60318216  4.1984737178325849e-09
   14.000000   1.66795381  4.1931115956580966e-09
   14.000000   1.73272541  4.1824293420209027e-09
   14.000000   1.79749694  4.1665128830532749e-09
   14.000000   1.86226837  4.1454958445795096e-09
   14.000000   1.92703964  4.1195648568434589e-09
   14.000000   1.99181073  4.0889659893629910e-09
   14.000000   2.05658157  4.0540117804153218e-09
   14.000000   2.12135212  4.0150882049141823e-09
   14.000000   2.18612229  3.9726608174582702e-09
   14.000000   2.25089198  3.9272792446970641e-09
   14.000000   2.31566107  3.8795791657633052e-09
   14.000000   2.38042940  3.8302809596112072e-09
   14.000000   2.44519674  3.7801842935279765e-09
   14.000000   2.50996278  3.7301580962351909e-09
   14.000000   2.57472706  3.6811256315435710e-09
   14.000000   2.63948889  3.6340446963252338e-09
   14.000000   2.70424717  3.5898833518434070e-09
   14.000000   2.76900006  3.5495920001382080e-09
   14.000000   2.83374417  3.5140729886944628e-09
   14.000000   2.89847256  3.4841492745219711e-09
   14.000000   2.96316844  3.4605338671811504e-09
   14.000000   3.02777863  3.4438017253525069e-09
   14.000000   3.09200950  3.4343634307565753e-09
   14.250000   0.04958315  3.0949710657705967e-09
   14.250000   0.11381403  3.1021605773551794e-09
   14.250000   0.17842421  3.1149066069537791e-09
   14.250000   0.24312010  3.1328972219570889e-09
   14.250000   0.30784849  3.1556955209028590e-09
   14.250000   0.37259260  3.1827595688257752e-09
   14.250000   0.43734549  3.2134636748983400e-09
   14.250000   0.50210377  3.2471215373835145e-09
   14.250000   0.56686560  3.2830099990729566e-09
   14.250000   0.63162987  3.3203921058389102e-09
   14.250000   0.69639591  3.3585383177933562e-09
   14.250000   0.76116325  3.3967449696859448e-09
   14.250000   0.82593158  3.4343493621684059e-09
   14.250000   0.89070068  3.4707411721259720e-09
   14.250000   0.95547037  3.5053701522782815e-09
   14.250000   1.02024053  3.5377503351460735e-09
   14.250000   1.08501108  3.5674611541024270e-09
   14.250000   1.14978193  3.5941460279861005e-09
   14.250000   1.21455301  3.6175090300250510e-09
   14.250000   1.27932429  3.6373102903150330e-09
   14.250000   1.34409571  3.6533607611478032e-09
   14.250000   1.40886724  3.6655169244359301e-09
   14.250000   1.47363885  3.6736759343263692e-09
   14.250000   1.53841049  3.6777716138273375e-09
   14.250000   1.60318216  3.6777716112222091e-09
   14.250000   1.66795381  3.6736759268486829e-09
   14.250000   1.73272541  3.6655169122369628e-09
   14.250000   1.79749694  3.6533607438253603e-09
   14.250000   1.86226837  3.6373102679903443e-09
   14.250000   1.92703964  3.6175090032649360e-09
   14.250000   1.99181073  3.5941459966738410e-09
   14.250000   2.05658157  3.5674611183897445e-09
   14.250000   2.12135212  3.5377502952483993e-09
   14.250000   2.18612229  3.5053701086315804e-09
   14.250000   2.25089198  3.4707411247312212e-09
   14.250000   2.31566107  3.4343493110981863e-09
   14.250000   2.38042940  3.3967449156802254e-09
   14.250000   2.44519674  3.3585382606818677e-09
   14.250000   2.50996278  3.3203920463564851e-09
   14.250000   2.57472706  3.2830099370347407e-09
   14.250000   2.63948889  3.2471214734794823e-09
   14.250000   2.70424717  3.2134636091161198e-09
   14.250000   2.76900006  3.1827595013881457e-09
   14.250000   2.83374417  3.1556954521208584e-09
   14.250000   2.89847256  3.1328971520980147e-09
   14.250000   2.96316844  3.1149065364436501e-09
   14.250000   3.02777863  3.1021605062328238e-09
   14.250000   3.09200950  3.0949709941637160e-09
   14.500000   0.04958315  2.7674260464609129e-09
   14.500000   0.11381403  2.7729047517979388e-09
   14.500000   0.17842421  2.7826181288918193e-09
   14.500000   0.24312010  2.7963290724409155e-09
   14.500000   0.30784849  2.8137054229290445e-09
   14.500000   0.37259260  2.8343350735365955e-09
   14.500000   0.43734549  2.8577420886304864e-09
   14.500000   0.50210377  2.8834042464641217e-09
   14.500000   0.56686560  2.9107710566844083e-09
   14.500000   0.63162987  2.9392812652547856e-09
   14.500000   0.69639591  2.9683789721403354e-09
   14.500000   0.76116325  2.9975276810648562e-09
   14.500000   0.82593158  3.0262218040398166e-09
   14.500000   0.89070068  3.0539953856800508e-09
   14.500000   0.95547037  3.0804280146259330e-09
   14.500000   1.02024053  3.1051480883686391e-09
   14.500000   1.08501108  3.1278337323347961e-09
   14.500000   1.14978193  3.1482117901119611e-09
   14.500000   1.21455301  3.1660553501429334e-09
   14.500000   1.27932429  3.1811803052806061e-09
   14.500000   1.34409571  3.1934414164148625e-09
   14.500000   1.40886724  3.2027283214918932e-09
   14.500000   1.47363885  3.2089618723290940e-09
   14.500000   1.53841049  3.2120911082231933e-09
   14.500000   1.60318216  3.2120911059712557e-09
   14.500000   1.66795381  3.2089618657536554e-09
   14.500000   1.73272541  3.2027283105840477e-09
   14.500000   1.79749694  3.1934414008507359e-09
   14.500000   1.86226837  3.1811802853654156e-09
   14.500000   1.92703964  3.1660553260934024e-09
   14.500000   1.99181073  3.1482117617806686e-09
   14.500000   2.05658157  3.1278337000726809e-09
   14.500000   2.12135212  3.1051480524311471e-09
   14.500000   2.18612229  3.0804279751243691e-09
   14.500000   2.25089198  3.0539953426369690e-09
   14.500000   2.31566107  3.0262217584183776e-09
   14.500000   2.38042940  2.9975276323492319e-09
   14.500000   2.44519674  2.9683789209765014e-09
   14.500000   2.50996278  2.9392812112357880e-09
   14.500000   2.57472706  2.9107710007099069e-09
   14.500000   2.63948889  2.8834041883704054e-09
   14.500000   2.70424717  2.8577420290671738e-09
   14.500000   2.76900006  2.8343350124371593e-09
   14.500000   2.83374417  2.8137053606696728e-09
   14.500000   2.89847256  2.7963290091074166e-09
   14.500000   2.96316844  2.7826180648664170e-09
   14.500000   3.02777863  2.7729046874309212e-09
   14.500000   3.09200950  2.7674259814706776e-09
   14.750000   0.04958315  2.4590314949952624e-09
   14.750000   0.11381403  2.4632081195458217e-09
   14.750000   0.17842421  2.4706132686604227e-09
   14.750000   0.24312010  2.4810666257559361e-09
   14.750000   0.30784849  2.4943155413777935e-09
   14.750000   0.37259260  2.5100464865431704e-09
   14.750000   0.43734549  2.5278972711018265e-09
   14.750000   0.50210377  2.5474703481072906e-09
   14.750000   0.56686560  2.5683464872402935e-09
   14.750000   0.63162987  2.5900980699526330e-09
   14.750000   0.69639591  2.6123013436184585e-09
   14.750000   0.76116325  2.6345471182826868e-09
   14.750000   0.82593158  2.6564495400468642e-09
   14.750000   0.89070068  2.6776527624262064e-09
   14.750000   0.95547037  2.6978354870656444e-09
   14.750000   1.02024053  2.7167134941236453e-09
   14.750000   1.08501108  2.7340403925435048e-09
   14.750000   1.14978193  2.7496068983499730e-09
   14.750000   1.21455301  2.7632390014613247e-09
   14.750000   1.27932429  2.7747953839872542e-09
   14.750000   1.34409571  2.7841644596228946e-09
   14.750000   1.40886724  2.7912613658654087e-09
   14.750000   1.47363885  2.7960251949296294e-09
   14.750000   1.53841049  2.7984167076016659e-09
   14.750000   1.60318216  2.7984167055403359e-09
   14.750000   1.66795381  2.7960251888854947e-09
   14.750000   1.73272541  2.7912613557214674e-09
   14.750000   1.79749694  2.7841644457162779e-09
   14.750000   1.86226837  2.7747953660610398e-09
   14.750000   1.92703964  2.7632389801834993e-09
   14.750000   1.99181073  2.7496068734680646e-09
   14.750000   2.05658157  2.7340403637073542e-09
   14.750000   2.12135212  2.7167134622799450e-09
   14.750000   2.18612229  2.6978354520402249e-09
   14.750000   2.25089198  2.6776527241517873e-09
   14.750000   2.31566107  2.6564494991402555e-09
   14.750000   2.38042940  2.6345470746414193e-09
   14.750000   2.44519674  2.6123012976322027e-09
   14.750000   2.50996278  2.5900980215181778e-09
   14.750000   2.57472706  2.5683464371435030e-09
   14.750000   2.63948889  2.5474702960454875e-09
   14.750000   2.70424717  2.5278972174961718e-09
   14.750000   2.76900006  2.5100464316223275e-09
   14.750000   2.83374417  2.4943154852031690e-09
   14.750000   2.89847256  2.4810665685394387e-09
   14.750000   2.96316844  2.4706132108376172e-09
   14.750000   3.02777863  2.4632080615393958e-09
   14.750000   3.09200950  2.4590314364757004e-09
   15.000000   0.04958315  2.1738220235924650e-09
   15.000000   0.11381403  2.1770072324608085e-09
   15.000000   0.17842421  2.1826548028820329e-09
   15.000000   0.24312010  2.1906275411203067e-09
   15.000000   0.30784849  2.2007331852281068e-09
   15.000000   0.37259260  2.2127330942267916e-09
   15.000000   0.43734549  2.2263515157403706e-09
   15.000000   0.50210377  2.2412856817912923e-09
   15.000000   0.56686560  2.2572161910795546e-09
   15.000000   0.63162987  2.2738171112690283e-09
   15.000000   0.69639591  2.2907653011175914e-09
   15.000000   0.76116325  2.3077485573162888e-09
   15.000000   0.82593158  2.3244723066356361e-09
   15.000000   0.89070068  2.3406647101796580e-09
   15.000000   0.95547037  2.3560801495932278e-09
   15.000000   1.02024053  2.3705011868557254e-09
   15.000000   1.08501108  2.3837391747256201e-09
   15.000000   1.14978193  2.3956337407651309e-09
   15.000000   1.21455301  2.4060514251597819e-09
   15.000000   1.27932429  2.4148837459832277e-09
   15.000000   1.34409571  2.4220449695877423e-09
   15.000000   1.40886724  2.4274698414719768e-09
   15.000000   1.47363885  2.4311114923999828e-09
   15.000000   1.53841049  2.4329397102376120e-09
   15.000000   1.60318216  2.4329397085305908e-09
   15.000000   1.66795381  2.4311114868907589e-09
   15.000000   1.73272541  2.4274698325119535e-09
   15.000000   1.79749694  2.4220449574625910e-09
   15.000000   1.86226837  2.4148837301246236e-09
   15.000000   1.92703964  2.4060514059091177e-09
   15.000000   1.99181073  2.3956337183874903e-09
   15.000000   2.05658157  2.3837391490946244e-09
   15.000000   2.12135212  2.3705011583965830e-09
   15.000000   2.18612229  2.3560801180207898e-09
   15.000000   2.25089198  2.3406646764271569e-09
   15.000000   2.31566107  2.3244722701428337e-09
   15.000000   2.38042940  2.3077485184435340e-09
   15.000000   2.44519674  2.2907652604801981e-09
   15.000000   2.50996278  2.2738170681372863e-09
   15.000000   2.57472706  2.2572161464362274e-09
   15.000000   2.63948889  2.2412856355862079e-09
   15.000000   2.70424717  2.2263514678621145e-09
   15.000000   2.76900006  2.2127330453167443e-09
   15.000000   2.83374417  2.2007331351774519e-09
   15.000000   2.89847256  2.1906274902274897e-09
   15.000000   2.96316844  2.1826547511758442e-09
   15.000000   3.02777863  2.1770071803605957e-09
   15.000000   3.09200950  2.1738219713987104e-09
   15.250000   0.04958315  1.9135837862424192e-09
   15.250000   0.11381403  1.9160138140477406e-09
   15.250000   0.17842421  1.9203225486580482e-09
   15.250000   0.24312010  1.9264055582111816e-09
   15.250000   0.30784849  1.9341164681272789e-09
   15.250000   0.37259260  1.9432735574568388e-09
   15.250000   0.43734549  1.9536667917674508e-09
   15.250000   0.50210377  1.9650654890070777e-09
   15.250000   0.56686560  1.9772262057546618e-09
   15.250000   0.63162987  1.9899004189327808e-09
   15.250000   0.69639591  2.0028416200575849e-09
   15.250000   0.76116325  2.0158115210163089e-09
   15.250000   0.82593158  2.0285851621485498e-09
   15.250000   0.89070068  2.0409548182309957e-09
   15.250000   0.95547037  2.0527326737786019e-09
   15.250000   1.02024053  2.0637523424579400e-09
   15.250000   1.08501108  2.0738693578378521e-09
   15.250000   1.14978193  2.0829608071526327e-09
   15.250000   1.21455301  2.0909243187819036e-09
   15.250000   1.27932429  2.0976766088431682e-09
   15.250000   1.34409571  2.1031518041667923e-09
   15.250000   1.40886724  2.1072997262173930e-09
   15.250000   1.47363885  2.1100843099411682e-09
   15.250000   1.53841049  2.1114822951546019e-09
   15.250000   1.60318216  2.1114822935072494e-09
   15.250000   1.66795381  2.1100843051326060e-09
   15.250000   1.73272541  2.1072997185174297e-09
   15.250000   1.79749694  2.1031517933211906e-09
   15.250000   1.86226837  2.0976765951036184e-09
   15.250000   1.92703964  2.0909243016711139e-09
   15.250000   1.99181073  2.0829607875174006e-09
   15.250000   2.05658157  2.0738693353891703e-09
   15.250000   2.12135212  2.0637523175325265e-09
   15.250000   2.18612229  2.0527326462175233e-09
   15.250000   2.25089198  2.0409547883035573e-09
   15.250000   2.31566107  2.0285851299619951e-09
   15.250000   2.38042940  2.0158114864012152e-09
   15.250000   2.44519674  2.0028415838882891e-09
   15.250000   2.50996278  1.9899003808926507e-09
   15.250000   2.57472706  1.9772261660007649e-09
   15.250000   2.63948889  1.9650654475614264e-09
   15.250000   2.70424717  1.9536667493034483e-09
   15.250000   2.76900006  1.9432735136473410e-09
   15.250000   2.83374417  1.9341164236063277e-09
   15.250000   2.89847256  1.9264055128828024e-09
   15.250000   2.96316844  1.9203225028639179e-09
   15.250000   3.02777863  1.9160137677364909e-09
   15.250000   3.09200950  1.9135837399257221e-09
   15.500000   0.04958315  1.6785907733091133e-09
   15.500000   0.11381403  1.6804453347049045e-09
   15.500000   0.17842421  1.6837338042337909e-09
   15.500000   0.24312010  1.6883766540387957e-09
   15.500000   0.30784849  1.6942623949506826e-09
   15.500000   0.37259260  1.7012525903797492e-09
   15.500000   0.43734549  1.7091871949438590e-09
   15.500000   0.50210377  1.7178903770771072e-09
   15.500000   0.56686560  1.7271765148511076e-09
   15.500000   0.63162987  1.7368560379748938e-09
   15.500000   0.69639591  1.7467408282018792e-09
   15.500000   0.76116325  1.7566489520532023e-09
   15.500000   0.82593158  1.7664085585674718e-09
   15.500000   0.89070068  1.7758608676181037e-09
   15.500000   0.95547037  1.7848622254070246e-09
   15.500000   1.02024053  1.7932852808471086e-09
   15.500000   1.08501108  1.8010193785261858e-09
   15.500000   1.14978193  1.8079702998558596e-09
   15.500000   1.21455301  1.8140595083956081e-09
   15.500000   1.27932429  1.8192230602580090e-09
   15.500000   1.34409571  1.8234103381895184e-09
   15.500000   1.40886724  1.8265827559187190e-09
   15.500000   1.47363885  1.8287125622005782e-09
   15.500000   1.53841049  1.8297818498490611e-09
   15.500000   1.60318216  1.8297818485249499e-09
   15.500000   1.66795381  1.8287125581562773e-09
   15.500000   1.73272541  1.8265827490297783e-09
   15.500000   1.79749694  1.8234103285801580e-09
   15.500000   1.86226837  1.8192230482330967e-09
   15.500000   1.92703964  1.8140594933783953e-09
   15.500000   1.99181073  1.8079702824707450e-09
   15.500000   2.05658157  1.8010193584713292e-09
   15.500000   2.12135212  1.7932852587127598e-09
   15.500000   2.18612229  1.7848622010968014e-09
   15.500000   2.25089198  1.7758608414268271e-09
   15.500000   2.31566107  1.7664085303367636e-09
   15.500000   2.38042940  1.7566489218644129e-09
   15.500000   2.44519674  1.7467407964137795e-09
   15.500000   2.50996278  1.7368560043753329e-09
   15.500000   2.57472706  1.7271764797459274e-09
   15.500000   2.63948889  1.7178903409499346e-09
   15.500000   2.70424717  1.7091871573959684e-09
   15.500000   2.76900006  1.7012525518958108e-09
   15.500000   2.83374417  1.6942623555198205e-09
   15.500000   2.89847256  1.6883766137806868e-09
   15.500000   2.96316844  1.6837337640234168e-09
   15.500000   3.02777863  1.6804452935757478e-09
   15.500000   3.09200950  1.6785907322851890e-09
   15.750000   0.04958315  1.4681324767713408e-09
   15.750000   0.11381403  1.4695483468814998e-09
   15.750000   0.17842421  1.4720590174321156e-09
   15.750000   0.24312010  1.4756038977243599e-09
   15.750000   0.30784849  1.4800980356815407e-09
   15.750000   0.37259260  1.4854359242227302e-09
   15.750000   0.43734549  1.4914955593264973e-09
   15.750000   0.50210377  1.4981428654254380e-09
   15.750000   0.56686560  1.5052362535857648e-09
   15.750000   0.63162987  1.5126310689806020e-09
   15.750000   0.69639591  1.5201837036832082e-09
   15.750000   0.76116325  1.5277552037389672e-09
   15.750000   0.82593158  1.5352142481888932e-09
   15.750000   0.89070068  1.5424394350709923e-09
   15.750000   0.95547037  1.5493208595321664e-09
   15.750000   1.02024053  1.5557610247255127e-09
   15.750000   1.08501108  1.5616751565130986e-09
   15.750000   1.14978193  1.5669910189572487e-09
   15.750000   1.21455301  1.5716483531527842e-09
   15.750000   1.27932429  1.5755980589576834e-09
   15.750000   1.34409571  1.5788012392088405e-09
   15.750000   1.40886724  1.5812282208860153e-09
   15.750000   1.47363885  1.5828576503476002e-09
   15.750000   1.53841049  1.5836757416123817e-09
   15.750000   1.60318216  1.5836757404754935e-09
   15.750000   1.66795381  1.5828576470240657e-09
   15.750000   1.73272541  1.5812282148296553e-09
   15.750000   1.79749694  1.5788012308609315e-09
   15.750000   1.86226837  1.5755980482956376e-09
   15.750000   1.92703964  1.5716483398828800e-09
   15.750000   1.99181073  1.5669910036724839e-09
   15.750000   2.05658157  1.5616751392781892e-09
   15.750000   2.12135212  1.5557610054096009e-09
   15.750000   2.18612229  1.5493208381602484e-09
   15.750000   2.25089198  1.5424394118941385e-09
   15.750000   2.31566107  1.5352142236949468e-09
   15.750000   2.38042940  1.5277551771881076e-09
   15.750000   2.44519674  1.5201836756044258e-09
   15.750000   2.50996278  1.5126310395938310e-09
   15.750000   2.57472706  1.5052362228748863e-09
   15.750000   2.63948889  1.4981428335331499e-09
   15.750000   2.70424717  1.4914955264374965e-09
   15.750000   2.76900006  1.4854358904849041e-09
   15.750000   2.83374417  1.4800980011152569e-09
   15.750000   2.89847256  1.4756038626236167e-09
   15.750000   2.96316844  1.4720589816602886e-09
   15.750000   3.02777863  1.4695483107807277e-09
   15.750000   3.09200950  1.4681324406643667e-09
   16.000000   0.04958315  1.2808885975793716e-09
   16.000000   0.11381403  1.2819699156727175e-09
   16.000000   0.17842421  1.2838874052794068e-09
   16.000000   0.24312010  1.2865948846845821e-09
   16.000000   0.30784849  1.2900275946920025e-09
   16.000000   0.37259260  1.2941050930779048e-09
   16.000000   0.43734549  1.2987343386958890e-09
   16.000000   0.50210377  1.3038130557968284e-09
   16.000000   0.56686560  1.3092332037352063e-09
   16.000000   0.63162987  1.3148843614404228e-09
   16.000000   0.69639591  1.3206568619393410e-09
   16.000000   0.76116325  1.3264445439023116e-09
   16.000000   0.82593158  1.3321470271213912e-09
   16.000000   0.89070068  1.3376714621154831e-09
   16.000000   0.95547037  1.3429337431218577e-09
   16.000000   1.02024053  1.3478592119295120e-09
   16.000000   1.08501108  1.3523829089169238e-09
   16.000000   1.14978193  1.3564494423742474e-09
   16.000000   1.21455301  1.3600125714698433e-09
   16.000000   1.27932429  1.3630345892725478e-09
   16.000000   1.34409571  1.3654856032313633e-09
   16.000000   1.40886724  1.3673427940779818e-09
   16.000000   1.47363885  1.3685897301179718e-09
   16.000000   1.53841049  1.3692157981304215e-09
   16.000000   1.60318216  1.3692157970114420e-09
   16.000000   1.66795381  1.3685897268462626e-09
   16.000000   1.73272541  1.3673427886189510e-09
   16.000000   1.79749694  1.3654855958590708e-09
   16.000000   1.86226837  1.3630345798271498e-09
   16.000000   1.92703964  1.3600125599843694e-09
   16.000000   1.99181073  1.3564494289961960e-09
   16.000000   2.05658157  1.3523828937602893e-09
   16.000000   2.12135212  1.3478591947715573e-09
   16.000000   2.18612229  1.3429337241150954e-09
   16.000000   2.25089198  1.3376714416947115e-09
   16.000000   2.31566107  1.3321470052906142e-09
   16.000000   2.38042940  1.3264445208393719e-09
   16.000000   2.44519674  1.3206568373104752e-09
   16.000000   2.50996278  1.3148843357160039e-09
   16.000000   2.57472706  1.3092331768980594e-09
   16.000000   2.63948889  1.3038130280022436e-09
   16.000000   2.70424717  1.2987343096965421e-09
   16.000000   2.76900006  1.2941050632915209e-09
   16.000000   2.83374417  1.2900275643484081e-09
   16.000000   2.89847256  1.2865948537968154e-09
   16.000000   2.96316844  1.2838873740295589e-09
   16.000000   3.02777863  1.2819698843796876e-09
   16.000000   3.09200950  1.2808885658369836e-09
   16.250000   0.04958315  1.1151920231898122e-09
   16.250000   0.11381403  1.1160181132693767e-09
   16.250000   0.17842421  1.1174830510553969e-09
   16.250000   0.24312010  1.1195516244167064e-09
   16.250000   0.30784849  1.1221744477139402e-09
   16.250000   0.37259260  1.1252901652874562e-09
   16.250000   0.43734549  1.1288277947263607e-09
   16.250000   0.50210377  1.1327092900744138e-09
   16.250000   0.56686560  1.1368521802721576e-09
   16.250000   0.63162987  1.1411721466846100e-09
   16.250000   0.69639591  1.1455854138420904e-09
   16.250000   0.76116325  1.1500108485974112e-09
   16.250000   0.82593158  1.1543716994705739e-09
   16.250000   0.89070068  1.1585969343093958e-09
   16.250000   0.95547037  1.1626221746341357e-09
   16.250000   1.02024053  1.1663902380395509e-09
   16.250000   1.08501108  1.1698513372130664e-09
   16.250000   1.14978193  1.1729629912319866e-09
   16.250000   1.21455301  1.1756897100219212e-09
   16.250000   1.27932429  1.1780025340022083e-09
   16.250000   1.34409571  1.1798784878141069e-09
   16.250000   1.40886724  1.1813000232713135e-09
   16.250000   1.47363885  1.1822544949708485e-09
   16.250000   1.53841049  1.1827337330029086e-09
   16.250000   1.60318216  1.1827337320587193e-09
   16.250000   1.66795381  1.1822544920451307e-09
   16.250000   1.73272541  1.1813000184525036e-09
   16.250000   1.79749694  1.1798784815781379e-09
   16.250000   1.86226837  1.1780025257446752e-09
   16.250000   1.92703964  1.1756897001168879e-09
   16.250000   1.99181073  1.1729629796636041e-09
   16.250000   2.05658157  1.1698513241907130e-09
   16.250000   2.12135212  1.1663902229700266e-09
   16.250000   2.18612229  1.1626221582925187e-09
   16.250000   2.25089198  1.1585969168415238e-09
   16.250000   2.31566107  1.1543716804621897e-09
   16.250000   2.38042940  1.1500108284180692e-09
   16.250000   2.44519674  1.1455853923797330e-09
   16.250000   2.50996278  1.1411721242647669e-09
   16.250000   2.57472706  1.1368521567755955e-09
   16.250000   2.63948889  1.1327092657804778e-09
   16.250000   2.70424717  1.1288277693799110e-09
   16.250000   2.76900006  1.1252901394005180e-09
   16.250000   2.83374417  1.1221744213895730e-09
   16.250000   2.89847256  1.1195515977425191e-09
   16.250000   2.96316844  1.1174830240043416e-09
   16.250000   3.02777863  1.1160180855349541e-09
   16.250000   3.09200950  1.1151919956688759e-09
   16.500000   0.04958315  9.6921056191038564e-10
   16.500000   0.11381403  9.6984186816129670e-10
   16.500000   0.17842421  9.7096141972676719e-10
   16.500000   0.24312010  9.7254235677832756e-10
   16.500000   0.30784849  9.7454700334240213e-10
   16.500000   0.37259260  9.7692854359884754e-10
   16.500000   0.43734549  9.7963280533624958e-10
   16.500000   0.50210377  9.8260020972071839e-10
   16.500000   0.56686560  9.8576778214080943e-10
   16.500000   0.63162987  9.8907111415548073e-10
   16.500000   0.69639591  9.9244618890875935e-10
   16.500000   0.76116325  9.9583098223956389e-10
   16.500000   0.82593158  9.9916679166068310e-10
   16.500000   0.89070068  1.0023992619658437e-09
   16.500000   0.95547037  1.0054791024624260e-09
   16.500000   1.02024053  1.0083625065264720e-09
   16.500000   1.08501108  1.0110113086371985e-09
   16.500000   1.14978193  1.0133929224650695e-09
   16.500000   1.21455301  1.0154801061616137e-09
   16.500000   1.27932429  1.0172506157147582e-09
   16.500000   1.34409571  1.0186867921484566e-09
   16.500000   1.40886724  1.0197751378629907e-09
   16.500000   1.47363885  1.0205059228396550e-09
   16.500000   1.53841049  1.0208728570205158e-09
   16.500000   1.60318216  1.0208728562069554e-09
   16.500000   1.66795381  1.0205059203447619e-09
   16.500000   1.73272541  1.0197751336446971e-09
   16.500000   1.79749694  1.0186867865298893e-09
   16.500000   1.86226837  1.0172506086856472e-09
   16.500000   1.92703964  1.0154800979047729e-09
   16.500000   1.99181073  1.0133929122414718e-09
   16.500000   2.05658157  1.0110112972324739e-09
   16.500000   2.12135212  1.0083624936780966e-09
   16.500000   2.18612229  1.0054790882408404e-09
   16.500000   2.25089198  1.0023992466123694e-09
   16.500000   2.31566107  9.9916677495477429e-10
   16.500000   2.38042940  9.9583096451660880e-10
   16.500000   2.44519674  9.9244617028822480e-10
   16.500000   2.50996278  9.8907109441048326e-10
   16.500000   2.57472706  9.8576776181866674e-10
   16.500000   2.63948889  9.8260018865405029e-10
   16.500000   2.70424717  9.7963278345680808e-10
   16.500000   2.76900006  9.7692852096421991e-10
   16.500000   2.83374417  9.7454698021234833e-10
   16.500000   2.89847256  9.7254233324355868e-10
   16.500000   2.96316844  9.7096139592884652e-10
   16.500000   3.02777863  9.6984184431314735e-10
   16.500000   3.09200950  9.6921053801823462e-10
   16.750000   0.04958315  8.4106992400212803e-10
   16.750000   0.11381403  8.4155252397252477e-10
   16.750000   0.17842421  8.4240838470517611e-10
   16.750000   0.24312010  8.4361701006005398e-10
   16.750000   0.30784849  8.4514964676413729e-10
   16.750000   0.37259260  8.4697055961081538e-10
   16.750000   0.43734549  8.4903839092995094e-10
   16.750000   0.50210377  8.5130764408899072e-10
   16.750000   0.56686560  8.5373021416099601e-10
   16.750000   0.63162987  8.5625688748449816e-10
   16.750000   0.69639591  8.5883872910415785e-10
   16.750000   0.76116325  8.6142830991416627e-10
   16.750000   0.82593158  8.6398071919332907e-10
   16.750000   0.89070068  8.6645435286482206e-10
   16.750000   0.95547037  8.6881146269698187e-10
   16.750000   1.02024053  8.7101848179813680e-10
   16.750000   1.08501108  8.7304614797003996e-10
   16.750000   1.14978193  8.7486946087948032e-10
   16.750000   1.21455301  8.7646750771884892e-10
   16.750000   1.27932429  8.7782319977235975e-10
   16.750000   1.34409571  8.7892296303251780e-10
   16.750000   1.40886724  8.7975641626015189e-10
   16.750000   1.47363885  8.8031607141047228e-10
   16.750000   1.53841049  8.8059708607550476e-10
   16.750000   1.60318216  8.8059708551847979e-10
   16.750000   1.66795381  8.8031606926792560e-10
   16.750000   1.73272541  8.7975641287250121e-10
   16.750000   1.79749694  8.7892295820850800e-10
   16.750000   1.86226837  8.7782319362862165e-10
   16.750000   1.92703964  8.7646749995078121e-10
   16.750000   1.99181073  8.7486945218674814e-10
   16.750000   2.05658157  8.7304613807014541e-10
   16.750000   2.12135212  8.7101847060593034e-10
   16.750000   2.18612229  8.6881145047578547e-10
   16.750000   2.25089198  8.6645433965316373e-10
   16.750000   2.31566107  8.6398070497967554e-10
   16.750000   2.38042940  8.6142829466589270e-10
   16.750000   2.44519674  8.5883871302561052e-10
   16.750000   2.50996278  8.5625687031504436e-10
   16.750000   2.57472706  8.5373019649754344e-10
   16.750000   2.63948889  8.5130762555470080e-10
   16.750000   2.70424717  8.4903837187540661e-10
   16.750000   2.76900006  8.4697054001326875e-10
   16.750000   2.83374417  8.4514962660499085e-10
   16.750000   2.89847256  8.4361698987029804e-10
   16.750000   2.96316844  8.4240836431777612e-10
   16.750000   3.02777863  8.4155250287369796e-10
   16.750000   3.09200950  8.4106990272012620e-10
   17.000000   0.04958315  7.2893451124406063e-10
   17.000000   0.11381403  7.2930354432695935e-10
   17.000000   0.17842421  7.2995801750170569e-10
   17.000000   0.24312010  7.3088228552814914e-10
   17.000000   0.30784849  7.3205439665139630e-10
   17.000000   0.37259260  7.3344706434599186e-10
   17.000000   0.43734549  7.3502870297198776e-10
   17.000000   0.50210377  7.3676455778604902e-10
   17.000000   0.56686560  7.3861787159581266e-10
   17.000000   0.63162987  7.4055102746240037e-10
   17.000000   0.69639591  7.4252660914857009e-10
   17.000000   0.76116325  7.4450833696512995e-10
   17.000000   0.82593158  7.4646184308036141e-10
   17.000000   0.89070068  7.4835527464472534e-10
   17.000000   0.95547037  7.5015971712795324e-10
   17.000000   1.02024053  7.5184944359991425e-10
   17.000000   1.08501108  7.5340201440246818e-10
   17.000000   1.14978193  7.5479824642073115e-10
   17.000000   1.21455301  7.5602208260597441e-10
   17.000000   1.27932429  7.5706039387356775e-10
   17.000000   1.34409571  7.5790274588926214e-10
   17.000000   1.40886724  7.5854115248634094e-10
   17.000000   1.47363885  7.5896985180187366e-10
   17.000000   1.53841049  7.5918511586548217e-10
   17.000000   1.60318216  7.5918511513430456e-10
   17.000000   1.66795381  7.5896985002163271e-10
   17.000000   1.73272541  7.5854114956960449e-10
   17.000000   1.79749694  7.5790274159365469e-10
   17.000000   1.86226837  7.5706038859078455e-10
   17.000000   1.92703964  7.5602207609494516e-10
   17.000000   1.99181073  7.5479823900242280e-10
   17.000000   2.05658157  7.5340200572195139e-10
   17.000000   2.12135212  7.5184943379857890e-10
   17.000000   2.18612229  7.5015970634668504e-10
   17.000000   2.25089198  7.4835526306119916e-10
   17.000000   2.31566107  7.4646183042101261e-10
   17.000000   2.38042940  7.4450832365570363e-10
   17.000000   2.44519674  7.4252659533979913e-10
   17.000000   2.50996278  7.4055101285314895e-10
   17.000000   2.57472706  7.3861785615167234e-10
   17.000000   2.63948889  7.3676454176988300e-10
   17.000000   2.70424717  7.3502868650887621e-10
   17.000000   2.76900006  7.3344704720964452e-10
   17.000000   2.83374417  7.3205437908199955e-10
   17.000000   2.89847256  7.3088226781923648e-10
   17.000000   2.96316844  7.2995799963152445e-10
   17.000000   3.02777863  7.2930352611006898e-10
   17.000000   3.09200950  7.2893449287041436e-10
   17.250000   0.04958315  6.3105816529851055e-10
   17.250000   0.11381403  6.3134043779586374e-10
   17.250000   0.17842421  6.3184105548575707e-10
   17.250000   0.24312010  6.3254807076691775e-10
   17.250000   0.30784849  6.3344471917034505e-10
   17.250000   0.37259260  6.3451015825420854e-10
   17.250000   0.43734549  6.3572025767876429e-10
   17.250000   0.50210377  6.3704845936768934e-10
   17.250000   0.56686560  6.3846666808464057e-10
   17.250000   0.63162987  6.3994612222993969e-10
   17.250000   0.69639591  6.4145820533522843e-10
   17.250000   0.76116325  6.4297515732025952e-10
   17.250000   0.82593158  6.4447067210667448e-10
   17.250000   0.89070068  6.4592035698805334e-10
   17.250000   0.95547037  6.4730205810719921e-10
   17.250000   1.02024053  6.4859605409222554e-10
   17.250000   1.08501108  6.4978513361694102e-10
   17.250000   1.14978193  6.5085457494851038e-10
   17.250000   1.21455301  6.5179204792341023e-10
   17.250000   1.27932429  6.5258746474111842e-10
   17.250000   1.34409571  6.5323280249621001e-10
   17.250000   1.40886724  6.5372191910036650e-10
   17.250000   1.47363885  6.5405037935538866e-10
   17.250000   1.53841049  6.5421531363449878e-10
   17.250000   1.60318216  6.5421531309167340e-10
   17.250000   1.66795381  6.5405037793423819e-10
   17.250000   1.73272541  6.5372191647918086e-10
   17.250000   1.79749694  6.5323279903311653e-10
   17.250000   1.86226837  6.5258745998046786e-10
   17.250000   1.92703964  6.5179204246656332e-10
   17.250000   1.99181073  6.5085456846380822e-10
   17.250000   2.05658157  6.4978512621625306e-10
   17.250000   2.12135212  6.4859604572556165e-10
   17.250000   2.18612229  6.4730204879003397e-10
   17.250000   2.25089198  6.4592034708643795e-10
   17.250000   2.31566107  6.4447066133235097e-10
   17.250000   2.38042940  6.4297514590337808e-10
   17.250000   2.44519674  6.4145819321452320e-10
   17.250000   2.50996278  6.3994610956978366e-10
   17.250000   2.57472706  6.3846665471559127e-10
   17.250000   2.63948889  6.3704844549758376e-10
   17.250000   2.70424717  6.3572024331493425e-10
   17.250000   2.76900006  6.3451014362227458e-10
   17.250000   2.83374417  6.3344470400838302e-10
   17.250000   2.89847256  6.3254805571918161e-10
   17.250000   2.96316844  6.3184103992559877e-10
   17.250000   3.02777863  6.3134042218698233e-10
   17.250000   3.09200950  6.3105814965508287e-10
   17.500000   0.04958315  5.4581375757579832e-10
   17.500000   0.11381403  5.4602972752141219e-10
   17.500000   0.17842421  5.4641276487259918e-10
   17.500000   0.24312010  5.4695374380614810e-10
   17.500000   0.30784849  5.4763985583515449e-10
   17.500000   0.37259260  5.4845517617356456e-10
   17.500000   0.43734549  5.4938126399290447e-10
   17.500000   0.50210377  5.5039781813390875e-10
   17.500000   0.56686560  5.5148335790530439e-10
   17.500000   0.63162987  5.5261588638798412e-10
   17.500000   0.69639591  5.5377350987092939e-10
   17.500000   0.76116325  5.5493498313201426e-10
   17.500000   0.82593158  5.5608016483351038e-10
   17.500000   0.89070068  5.5719037031174588e-10
   17.500000   0.95547037  5.5824862291804346e-10
   17.500000   1.02024053  5.5923980147245383e-10
   17.500000   1.08501108  5.6015070334058130e-10
   17.500000   1.14978193  5.6097002727318857e-10
   17.500000   1.21455301  5.6168830501062064e-10
   17.500000   1.27932429  5.6229778391601524e-10
   17.500000   1.34409571  5.6279229595874944e-10
   17.500000   1.40886724  5.6316711571239183e-10
   17.500000   1.47363885  5.6341882987685903e-10
   17.500000   1.53841049  5.6354522940884062e-10
   17.500000   1.60318216  5.6354522875172566e-10
   17.500000   1.66795381  5.6341882869552269e-10
   17.500000   1.73272541  5.6316711323991951e-10
   17.500000   1.79749694  5.6279229301575901e-10
   17.500000   1.86226837  5.6229777991505025e-10
   17.500000   1.92703964  5.6168830021469703e-10
   17.500000   1.99181073  5.6097002166429945e-10
   17.500000   2.05658157  5.6015069657006932e-10
   17.500000   2.12135212  5.5923979413489961e-10
   17.500000   2.18612229  5.5824861490895838e-10
   17.500000   2.25089198  5.5719036165196671e-10
   17.500000   2.31566107  5.5608015520697576e-10
   17.500000   2.38042940  5.5493497310767421e-10
   17.500000   2.44519674  5.5377349938290291e-10
   17.500000   2.50996278  5.5261587522827965e-10
   17.500000   2.57472706  5.5148334617300555e-10
   17.500000   2.63948889  5.5039780607169512e-10
   17.500000   2.70424717  5.4938125135893037e-10
   17.500000   2.76900006  5.4845516335134948e-10
   17.500000   2.83374417  5.4763984265518203e-10
   17.500000   2.89847256  5.4695373042410887e-10
   17.500000   2.96316844  5.4641275156612290e-10
   17.500000   3.02777863  5.4602971393776836e-10
   17.500000   3.09200950  5.4581374398902527e-10
   17.750000   0.04958315  4.7170809948785353e-10
   17.750000   0.11381403  4.7187338514210759e-10
   17.750000   0.17842421  4.7216653711683357e-10
   17.750000   0.24312010  4.7258058209858475e-10
   17.750000   0.30784849  4.7310573172852018e-10
   17.750000   0.37259260  4.7372981447824774e-10
   17.750000   0.43734549  4.7443873283121941e-10
   17.750000   0.50210377  4.7521696428926456e-10
   17.750000   0.56686560  4.7604808056343496e-10
   17.750000   0.63162987  4.7691525300480717e-10
   17.750000   0.69639591  4.7780172738587290e-10
   17.750000   0.76116325  4.7869123982657587e-10
   17.750000   0.82593158  4.7956836523310972e-10
   17.750000   0.89070068  4.8041878901705008e-10
   17.750000   0.95547037  4.8122949792759498e-10
   17.750000   1.02024053  4.8198889662702347e-10
   17.750000   1.08501108  4.8268685405436533e-10
   17.750000   1.14978193  4.8331469644177259e-10
   17.750000   1.21455301  4.8386514946311998e-10
   17.750000   1.27932429  4.8433225654642309e-10
   17.750000   1.34409571  4.8471127358260779e-10
   17.750000   1.40886724  4.8499856609777010e-10
   17.750000   1.47363885  4.8519150678274259e-10
   17.750000   1.53841049  4.8528839464916103e-10
   17.750000   1.60318216  4.8528839408287422e-10
   17.750000   1.66795381  4.8519150572654721e-10
   17.750000   1.73272541  4.8499856407131491e-10
   17.750000   1.79749694  4.8471127099251070e-10
   17.750000   1.86226837  4.8433225289994480e-10
   17.750000   1.92703964  4.8386514547481634e-10
   17.750000   1.99181073  4.8331469163265762e-10
   17.750000   2.05658157  4.8268684860896339e-10
   17.750000   2.12135212  4.8198889007324356e-10
   17.750000   2.18612229  4.8122949090525985e-10
   17.750000   2.25089198  4.8041878164754435e-10
   17.750000   2.31566107  4.7956835730931202e-10
   17.750000   2.38042940  4.7869123114455681e-10
   17.750000   2.44519674  4.7780171830660407e-10
   17.750000   2.50996278  4.7691524338711967e-10
   17.750000   2.57472706  4.7604807053425508e-10
   17.750000   2.63948889  4.7521695405197928e-10
   17.750000   2.70424717  4.7443872205967244e-10
   17.750000   2.76900006  4.7372980361911920e-10
   17.750000   2.83374417  4.7310572065630805e-10
   17.750000   2.89847256  4.7258057060192754e-10
   17.750000   2.96316844  4.7216652553108621e-10
   17.750000   3.02777863  4.7187337331217341e-10
   17.750000   3.09200950  4.7170808756920248e-10
   18.000000   0.04958315  4.0738685762380762e-10
   18.000000   0.11381403  4.0751338633246705e-10
   18.000000   0.17842421  4.0773780387298593e-10
   18.000000   0.24312010  4.0805477965290855e-10
   18.000000   0.30784849  4.0845683192263021e-10
   18.000000   0.37259260  4.0893465350956639e-10
   18.000000   0.43734549  4.0947746499833783e-10
   18.000000   0.50210377  4.1007339422453098e-10
   18.000000   0.56686560  4.1070987280706012e-10
   18.000000   0.63162987  4.1137402334097072e-10
   18.000000   0.69639591  4.1205302062573313e-10
   18.000000   0.76116325  4.1273441131273148e-10
   18.000000   0.82593158  4.1340637991178220e-10
   18.000000   0.89070068  4.1405795657887474e-10
   18.000000   0.95547037  4.1467916450655710e-10
   18.000000   1.02024053  4.1526111013950861e-10
   18.000000   1.08501108  4.1579601971320609e-10
   18.000000   1.14978193  4.1627723270109749e-10
   18.000000   1.21455301  4.1669916171417926e-10
   18.000000   1.27932429  4.1705722790873342e-10
   18.000000   1.34409571  4.1734778430863264e-10
   18.000000   1.40886724  4.1756803316538435e-10
   18.000000   1.47363885  4.1771595352302766e-10
   18.000000   1.53841049  4.1779023495439456e-10
   18.000000   1.60318216  4.1779023452267375e-10
   18.000000   1.66795381  4.1771595228682655e-10
   18.000000   1.73272541  4.1756803151016084e-10
   18.000000   1.79749694  4.1734778184620110e-10
   18.000000   1.86226837  4.1705722516412944e-10
   18.000000   1.92703964  4.1669915827230549e-10
   18.000000   1.99181073  4.1627722870686664e-10
   18.000000   2.05658157  4.1579601508242962e-10
   18.000000   2.12135212  4.1526110479595355e-10
   18.000000   2.18612229  4.1467915855435256e-10
   18.000000   2.25089198  4.1405794998230731e-10
   18.000000   2.31566107  4.1340637309910871e-10
   18.000000   2.38042940  4.1273440398268847e-10
   18.000000   2.44519674  4.1205301279630206e-10
   18.000000   2.50996278  4.1137401496510848e-10
   18.000000   2.57472706  4.1070986411910320e-10
   18.000000   2.63948889  4.1007338537730111e-10
   18.000000   2.70424717  4.0947745577884209e-10
   18.000000   2.76900006  4.0893464376955029e-10
   18.000000   2.83374417  4.0845682197390834e-10
   18.000000   2.89847256  4.0805477001521982e-10
   18.000000   2.96316844  4.0773779383488036e-10
   18.000000   3.02777863  4.0751337611636685e-10
   18.000000   3.09200950  4.0738684729950558e-10
   18.250000   0.04958315  3.5163284836539312e-10
   18.250000   0.11381403  3.5172973208006432e-10
   18.250000   0.17842421  3.5190157400374913e-10
   18.250000   0.24312010  3.5214429771074484e-10
   18.250000   0.30784849  3.5245218214805555e-10
   18.250000   0.37259260  3.5281810969779058e-10
   18.250000   0.43734549  3.5323383489943836e-10
   18.250000   0.50210377  3.5369027498566204e-10
   18.250000   0.56686560  3.5417781237985883e-10
   18.250000   0.63162987  3.5468658987152701e-10
   18.250000   0.69639591  3.5520678828791095e-10
   18.250000   0.76116325  3.5572886916893640e-10
   18.250000   0.82593158  3.5624378002866402e-10
   18.250000   0.89070068  3.5674311220952721e-10
   18.250000   0.95547037  3.5721921623315357e-10
   18.250000   1.02024053  3.5766526904776957e-10
   18.250000   1.08501108  3.5807530447483574e-10
   18.250000   1.14978193  3.5844420762487391e-10
   18.250000   1.21455301  3.5876768609503164e-10
   18.250000   1.27932429  3.5904222009244193e-10
   18.250000   1.34409571  3.5926500537242687e-10
   18.250000   1.40886724  3.5943388930642118e-10
   18.250000   1.47363885  3.5954731593403471e-10
   18.250000   1.53841049  3.5960427670739544e-10
   18.250000   1.60318216  3.5960427659831937e-10
   18.250000   1.66795381  3.5954731508610329e-10
   18.250000   1.73272541  3.5943388779261847e-10
   18.250000   1.79749694  3.5926500344043581e-10
   18.250000   1.86226837  3.5904221772201790e-10
   18.250000   1.92703964  3.5876768296110316e-10
   18.250000   1.99181073  3.5844420372499417e-10
   18.250000   2.05658157  3.5807530028661836e-10
   18.250000   2.12135212  3.5766526446941504e-10
   18.250000   2.18612229  3.5721921101011898e-10
   18.250000   2.25089198  3.5674310665261140e-10
   18.250000   2.31566107  3.5624377392848866e-10
   18.250000   2.38042940  3.5572886288065194e-10
   18.250000   2.44519674  3.5520678141574416e-10
   18.250000   2.50996278  3.5468658270144037e-10
   18.250000   2.57472706  3.5417780467565949e-10
   18.250000   2.63948889  3.5369026734895578e-10
   18.250000   2.70424717  3.5323382707294290e-10
   18.250000   2.76900006  3.5281810133181315e-10
   18.250000   2.83374417  3.5245217368763203e-10
   18.250000   2.89847256  3.5214428941027980e-10
   18.250000   2.96316844  3.5190156520242602e-10
   18.250000   3.02777863  3.5172972344542209e-10
   18.250000   3.09200950  3.5163283968965330e-10
   18.500000   0.04958315  3.0336012194580735e-10
   18.500000   0.11381403  3.0343432435926444e-10
   18.500000   0.17842421  3.0356593888788816e-10
   18.500000   0.24312010  3.0375184837421200e-10
   18.500000   0.30784849  3.0398767620910245e-10
   18.500000   0.37259260  3.0426797792074982e-10
   18.500000   0.43734549  3.0458644440119808e-10
   18.500000   0.50210377  3.0493612558093276e-10
   18.500000   0.56686560  3.0530965867914465e-10
   18.500000   0.63162987  3.0569949799160189e-10
   18.500000   0.69639591  3.0609812309740744e-10
   18.500000   0.76116325  3.0649822695589061e-10
   18.500000   0.82593158  3.0689287202267624e-10
   18.500000   0.89070068  3.0727561208729327e-10
   18.500000   0.95547037  3.0764058053703852e-10
   18.500000   1.02024053  3.0798254227269429e-10
   18.500000   1.08501108  3.0829691684701957e-10
   18.500000   1.14978193  3.0857977721157388e-10
   18.500000   1.21455301  3.0882782464122012e-10
   18.500000   1.27932429  3.0903835352829986e-10
   18.500000   1.34409571  3.0920920692742811e-10
   18.500000   1.40886724  3.0933872886098152e-10
   18.500000   1.47363885  3.0942572145854792e-10
   18.500000   1.53841049  3.0946940815599038e-10
   18.500000   1.60318216  3.0946940819939487e-10
   18.500000   1.66795381  3.0942572080391760e-10
   18.500000   1.73272541  3.0933872751570749e-10
   18.500000   1.79749694  3.0920920498362936e-10
   18.500000   1.86226837  3.0903835140387102e-10
   18.500000   1.92703964  3.0882782192669433e-10
   18.500000   1.99181073  3.0857977402479321e-10
   18.500000   2.05658157  3.0829691334860036e-10
   18.500000   2.12135212  3.0798253807176031e-10
   18.500000   2.18612229  3.0764057634291404e-10
   18.500000   2.25089198  3.0727560743275929e-10
   18.500000   2.31566107  3.0689286676161021e-10
   18.500000   2.38042940  3.0649822159078036e-10
   18.500000   2.44519674  3.0609811736258462e-10
   18.500000   2.50996278  3.0569949171631601e-10
   18.500000   2.57472706  3.0530965213072673e-10
   18.500000   2.63948889  3.0493611861942658e-10
   18.500000   2.70424717  3.0458643774300569e-10
   18.500000   2.76900006  3.0426797056706491e-10
   18.500000   2.83374417  3.0398766898561132e-10
   18.500000   2.89847256  3.0375184078766034e-10
   18.500000   2.96316844  3.0356593120416108e-10
   18.500000   3.02777863  3.0343431670892045e-10
   18.500000   3.09200950  3.0336011438806147e-10
   18.750000   0.04958315  2.6160553638167230e-10
   18.750000   0.11381403  2.6166238007318745e-10
   18.750000   0.17842421  2.6176320724715570e-10
   18.750000   0.24312010  2.6190563300073912e-10
   18.750000   0.30784849  2.6208630892220152e-10
   18.750000   0.37259260  2.6230106901972374e-10
   18.750000   0.43734549  2.6254508437889170e-10
   18.750000   0.50210377  2.6281303498073261e-10
   18.750000   0.56686560  2.6309928426498589e-10
   18.750000   0.63162987  2.6339805307866195e-10
   18.750000   0.69639591  2.6370358110254842e-10
   18.750000   0.76116325  2.6401026878279754e-10
   18.750000   0.82593158  2.6431279924470015e-10
   18.750000   0.89070068  2.6460622895671792e-10
   18.750000   0.95547037  2.6488605843644638e-10
   18.750000   1.02024053  2.6514826942598743e-10
   18.750000   1.08501108  2.6538934655819432e-10
   18.750000   1.14978193  2.6560627262982348e-10
   18.750000   1.21455301  2.6579651328300656e-10
   18.750000   1.27932429  2.6595798828317823e-10
   18.750000   1.34409571  2.6608903856346627e-10
   18.750000   1.40886724  2.6618839013278457e-10
   18.750000   1.47363885  2.6625512104651282e-10
   18.750000   1.53841049  2.6628863313472420e-10
   18.750000   1.60318216  2.6628863286966632e-10
   18.750000   1.66795381  2.6625512038766708e-10
   18.750000   1.73272541  2.6618838916512573e-10
   18.750000   1.79749694  2.6608903717595630e-10
   18.750000   1.86226837  2.6595798638145288e-10
   18.750000   1.92703964  2.6579651104082541e-10
   18.750000   1.99181073  2.6560626999613366e-10
   18.750000   2.05658157  2.6538934340318721e-10
   18.750000   2.12135212  2.6514826604699723e-10
   18.750000   2.18612229  2.6488605436879683e-10
   18.750000   2.25089198  2.6460622509077926e-10
   18.750000   2.31566107  2.6431279466921309e-10
   18.750000   2.38042940  2.6401026411942963e-10
   18.750000   2.44519674  2.6370357578264710e-10
   18.750000   2.50996278  2.6339804779899341e-10
   18.750000   2.57472706  2.6309927875224716e-10
   18.750000   2.63948889  2.6281302912416969e-10
   18.750000   2.70424717  2.6254507823388687e-10
   18.750000   2.76900006  2.6230106287980157e-10
   18.750000   2.83374417  2.6208630272108991e-10
   18.750000   2.89847256  2.6190562673138314e-10
   18.750000   2.96316844  2.6176320073563185e-10
   18.750000   3.02777863  2.6166237341128485e-10
   18.750000   3.09200950  2.6160552970317873e-10
   19.000000   0.04958315  2.2551900658631789e-10
   19.000000   0.11381403  2.2556256210317451e-10
   19.000000   0.17842421  2.2563982071639950e-10
   19.000000   0.24312010  2.2574895701517218e-10
   19.000000   0.30784849  2.2588740901411724e-10
   19.000000   0.37259260  2.2605198763686171e-10
   19.000000   0.43734549  2.2623899634854571e-10
   19.000000   0.50210377  2.2644436178642323e-10
   19.000000   0.56686560  2.2666376793603454e-10
   19.000000   0.63162987  2.2689278765076717e-10
   19.000000   0.69639591  2.2712700717018164e-10
   19.000000   0.76116325  2.2736213562094554e-10
   19.000000   0.82593158  2.2759409644356927e-10
   19.000000   0.89070068  2.2781909850725166e-10
   19.000000   0.95547037  2.2803368924449607e-10
   19.000000   1.02024053  2.2823478550447141e-10
   19.000000   1.08501108  2.2841968741799696e-10
   19.000000   1.14978193  2.2858607778024355e-10
   19.000000   1.21455301  2.2873200851883908e-10
   19.000000   1.27932429  2.2885588065693929e-10
   19.000000   1.34409571  2.2895641755842960e-10
   19.000000   1.40886724  2.2903263931003126e-10
   19.000000   1.47363885  2.2908383600446989e-10
   19.000000   1.53841049  2.2910954720644422e-10
   19.000000   1.60318216  2.2910954713437048e-10
   19.000000   1.66795381  2.2908383527754773e-10
   19.000000   1.73272541  2.2903263836886881e-10
   19.000000   1.79749694  2.2895641600132879e-10
   19.000000   1.86226837  2.2885587884975642e-10
   19.000000   1.92703964  2.2873200637428108e-10
   19.000000   1.99181073  2.2858607528855025e-10
   19.000000   2.05658157  2.2841968483859064e-10
   19.000000   2.12135212  2.2823478259129600e-10
   19.000000   2.18612229  2.2803368604638264e-10
   19.000000   2.25089198  2.2781909469683292e-10
   19.000000   2.31566107  2.2759409239720070e-10
   19.000000   2.38042940  2.2736213152256623e-10
   19.000000   2.44519674  2.2712700279730076e-10
   19.000000   2.50996278  2.2689278277960909e-10
   19.000000   2.57472706  2.2666376302109546e-10
   19.000000   2.63948889  2.2644435666392135e-10
   19.000000   2.70424717  2.2623899085082227e-10
   19.000000   2.76900006  2.2605198197561609e-10
   19.000000   2.83374417  2.2588740341839332e-10
   19.000000   2.89847256  2.2574895165640033e-10
   19.000000   2.96316844  2.2563981500341311e-10
   19.000000   3.02777863  2.2556255658064602e-10
   19.000000   3.09200950  2.2551900102756228e-10
   19.250000   0.04958315  1.9435324454298727e-10
   19.250000   0.11381403  1.9438662492671978e-10
   19.250000   0.17842421  1.9444583636270237e-10
   19.250000   0.24312010  1.9452948145936188e-10
   19.250000   0.30784849  1.9463559865705124e-10
   19.250000   0.37259260  1.9476174690743059e-10
   19.250000   0.43734549  1.9490509560134257e-10
   19.250000   0.50210377  1.9506252512233603e-10
   19.250000   0.56686560  1.9523072923119906e-10
   19.250000   0.63162987  1.9540631680213650e-10
   19.250000   0.69639591  1.9558590502161604e-10
   19.250000   0.76116325  1.9576620425693007e-10
   19.250000   0.82593158  1.9594408912702232e-10
   19.250000   0.89070068  1.9611665143002471e-10
   19.250000   0.95547037  1.9628124226511919e-10
   19.250000   1.02024053  1.9643549440784424e-10
   19.250000   1.08501108  1.9657733485857877e-10
   19.250000   1.14978193  1.9670498367241757e-10
   19.250000   1.21455301  1.9681694306858676e-10
   19.250000   1.27932429  1.9691198411132574e-10
   19.250000   1.34409571  1.9698912450875466e-10
   19.250000   1.40886724  1.9704761032620716e-10
   19.250000   1.47363885  1.9708689525509613e-10
   19.250000   1.53841049  1.9710662492039148e-10
   19.250000   1.60318216  1.9710662476609190e-10
   19.250000   1.66795381  1.9708689479527010e-10
   19.250000   1.73272541  1.9704760971054912e-10
   19.250000   1.79749694  1.9698912353907443e-10
   19.250000   1.86226837  1.9691198241204538e-10
   19.250000   1.92703964  1.9681694128844402e-10
   19.250000   1.99181073  1.9670498153275922e-10
   19.250000   2.05658157  1.9657733258974903e-10
   19.250000   2.12135212  1.9643549181794267e-10
   19.250000   2.18612229  1.9628123937065502e-10
   19.250000   2.25089198  1.9611664849910850e-10
   19.250000   2.31566107  1.9594408566059693e-10
   19.250000   2.38042940  1.9576620089034649e-10
   19.250000   2.44519674  1.9558590120862852e-10
   19.250000   2.50996278  1.9540631283172976e-10
   19.250000   2.57472706  1.9523072507418795e-10
   19.250000   2.63948889  1.9506252073016611e-10
   19.250000   2.70424717  1.9490509094938005e-10
   19.250000   2.76900006  1.9476174207236090e-10
   19.250000   2.83374417  1.9463559389771458e-10
   19.250000   2.89847256  1.9452947669893648e-10
   19.250000   2.96316844  1.9444583146807200e-10
   19.250000   3.02777863  1.9438662011702181e-10
   19.250000   3.09200950  1.9435323955377661e-10
   19.500000   0.04958315  1.6745352514241611e-10
   19.500000   0.11381403  1.6747911258452568e-10
   19.500000   0.17842421  1.6752450147925050e-10
   19.500000   0.24312010  1.6758862187248830e-10
   19.500000   0.30784849  1.6766997199474690e-10
   19.500000   0.37259260  1.6776668166275328e-10
   19.500000   0.43734549  1.6787658438404239e-10
   19.500000   0.50210377  1.6799728949932310e-10
   19.500000   0.56686560  1.6812626454465253e-10
   19.500000   0.63162987  1.6826091041065269e-10
   19.500000   0.69639591  1.6839863423985328e-10
   19.500000   0.76116325  1.6853691425557108e-10
   19.500000   0.82593158  1.6867335291271116e-10
   19.500000   0.89070068  1.6880571962132470e-10
   19.500000   0.95547037  1.6893198115832258e-10
   19.500000   1.02024053  1.6905032039374966e-10
   19.500000   1.08501108  1.6915914531709946e-10
   19.500000   1.14978193  1.6925708770597862e-10
   19.500000   1.21455301  1.6934299739575014e-10
   19.500000   1.27932429  1.6941592891083742e-10
   19.500000   1.34409571  1.6947512617933349e-10
   19.500000   1.40886724  1.6952000967865834e-10
   19.500000   1.47363885  1.6955015882526670e-10
   19.500000   1.53841049  1.6956530045130945e-10
   19.500000   1.60318216  1.6956530029780628e-10
   19.500000   1.66795381  1.6955015854714642e-10
   19.500000   1.73272541  1.6952000931542191e-10
   19.500000   1.79749694  1.6947512535691889e-10
   19.500000   1.86226837  1.6941592754709897e-10
   19.500000   1.92703964  1.6934299605956034e-10
   19.500000   1.99181073  1.6925708612782278e-10
   19.500000   2.05658157  1.6915914326753106e-10
   19.500000   2.12135212  1.6905031812044237e-10
   19.500000   2.18612229  1.6893197854989553e-10
   19.500000   2.25089198  1.6880571695024275e-10
   19.500000   2.31566107  1.6867334981873733e-10
   19.500000   2.38042940  1.6853691124032655e-10
   19.500000   2.44519674  1.6839863101023261e-10
   19.500000   2.50996278  1.6826090679836486e-10
   19.500000   2.57472706  1.6812626119455086e-10
   19.500000   2.63948889  1.6799728606323952e-10
   19.500000   2.70424717  1.6787658044495127e-10
   19.500000   2.76900006  1.6776667785341211e-10
   19.500000   2.83374417  1.6766996790806896e-10
   19.500000   2.89847256  1.6758861780547253e-10
   19.500000   2.96316844  1.6752449725267582e-10
   19.500000   3.02777863  1.6747910857224704e-10
   19.500000   3.09200950  1.6745352088906597e-10
   19.750000   0.04958315  1.4424783415515426e-10
   19.750000   0.11381403  1.4426745174893053e-10
   19.750000   0.17842421  1.4430225132582745e-10
   19.750000   0.24312010  1.4435141342466934e-10
   19.750000   0.30784849  1.4441378802291154e-10
   19.750000   0.37259260  1.4448794311954685e-10
   19.750000   0.43734549  1.4457221806269533e-10
   19.750000   0.50210377  1.4466478225034428e-10
   19.750000   0.56686560  1.4476369460655802e-10
   19.750000   0.63162987  1.4486696222238694e-10
   19.750000   0.69639591  1.4497259884178886e-10
   19.750000   0.76116325  1.4507866965841926e-10
   19.750000   0.82593158  1.4518333557262087e-10
   19.750000   0.89070068  1.4528488554861667e-10
   19.750000   0.95547037  1.4538175865044635e-10
   19.750000   1.02024053  1.4547255978828966e-10
   19.750000   1.08501108  1.4555606635697122e-10
   19.750000   1.14978193  1.4563122667008347e-10
   19.750000   1.21455301  1.4569715685961644e-10
   19.750000   1.27932429  1.4575312985628815e-10
   19.750000   1.34409571  1.4579856434669691e-10
   19.750000   1.40886724  1.4583301377538073e-10
   19.750000   1.47363885  1.4585615450315157e-10
   19.750000   1.53841049  1.4586777659101160e-10
   19.750000   1.60318216  1.4586777633564088e-10
   19.750000   1.66795381  1.4585615436085852e-10
   19.750000   1.73272541  1.4583301317001155e-10
   19.750000   1.79749694  1.4579856346800724e-10
   19.750000   1.86226837  1.4575312895087633e-10
   19.750000   1.92703964  1.4569715567065890e-10
   19.750000   1.99181073  1.4563122545829130e-10
   19.750000   2.05658157  1.4555606468338420e-10
   19.750000   2.12135212  1.4547255803432699e-10
   19.750000   2.18612229  1.4538175650517605e-10
   19.750000   2.25089198  1.4528488323153129e-10
   19.750000   2.31566107  1.4518333314986353e-10
   19.750000   2.38042940  1.4507866677452294e-10
   19.750000   2.44519674  1.4497259607748903e-10
   19.750000   2.50996278  1.4486695952616620e-10
   19.750000   2.57472706  1.4476369137741924e-10
   19.750000   2.63948889  1.4466477927537269e-10
   19.750000   2.70424717  1.4457221490756946e-10
   19.750000   2.76900006  1.4448793977589127e-10
   19.750000   2.83374417  1.4441378448420163e-10
   19.750000   2.89847256  1.4435140985211282e-10
   19.750000   2.96316844  1.4430224743945285e-10
   19.750000   3.02777863  1.4426744828563548e-10
   19.750000   3.09200950  1.4424783042496109e-10
   20.000000   0.04958315  1.2423760330145674e-10
   20.000000   0.11381403  1.2425264652619520e-10
   20.000000   0.17842421  1.2427933183234555e-10
   20.000000   0.24312010  1.2431703173129819e-10
   20.000000   0.30784849  1.2436486570337327e-10
   20.000000   0.37259260  1.2442173576976528e-10
   20.000000   0.43734549  1.2448637018377473e-10
   20.000000   0.50210377  1.2455736558418907e-10
   20.000000   0.56686560  1.2463323452822216e-10
   20.000000   0.63162987  1.2471244958983356e-10
   20.000000   0.69639591  1.2479348704421523e-10
   20.000000   0.76116325  1.2487486324745821e-10
   20.000000   0.82593158  1.2495516764563174e-10
   20.000000   0.89070068  1.2503308663174543e-10
   20.000000   0.95547037  1.2510742248424802e-10
   20.000000   1.02024053  1.2517710370642335e-10
   20.000000   1.08501108  1.2524119081959806e-10
   20.000000   1.14978193  1.2529887610570556e-10
   20.000000   1.21455301  1.2534948018868178e-10
   20.000000   1.27932429  1.2539244336432075e-10
   20.000000   1.34409571  1.2542731902092975e-10
   20.000000   1.40886724  1.2545376308545660e-10
   20.000000   1.47363885  1.2547152690758083e-10
   20.000000   1.53841049  1.2548044867378831e-10
   20.000000   1.60318216  1.2548044873441429e-10
   20.000000   1.66795381  1.2547152669165479e-10
   20.000000   1.73272541  1.2545376271527740e-10
   20.000000   1.79749694  1.2542731804399563e-10
   20.000000   1.86226837  1.2539244207445281e-10
   20.000000   1.92703964  1.2534947903395920e-10
   20.000000   1.99181073  1.2529887488582434e-10
   20.000000   2.05658157  1.2524118947751411e-10
   20.000000   2.12135212  1.2517710209561745e-10
   20.000000   2.18612229  1.2510742072912097e-10
   20.000000   2.25089198  1.2503308495932722e-10
   20.000000   2.31566107  1.2495516556407862e-10
   20.000000   2.38042940  1.2487486107703004e-10
   20.000000   2.44519674  1.2479348471655173e-10
   20.000000   2.50996278  1.2471244728086065e-10
   20.000000   2.57472706  1.2463323182730027e-10
   20.000000   2.63948889  1.2455736268010611e-10
   20.000000   2.70424717  1.2448636719542065e-10
   20.000000   2.76900006  1.2442173283252248e-10
   20.000000   2.83374417  1.2436486260173471e-10
   20.000000   2.89847256  1.2431702887399356e-10
   20.000000   2.96316844  1.2427932871969933e-10
   20.000000   3.02777863  1.2425264353491572e-10
   20.000000   3.09200950  1.2423760035025176e-10
   20.500000   0.04958315  9.2125897132177852e-11
   20.500000   0.11381403  9.2134747035930570e-11
   20.500000   0.17842421  9.2150446148857121e-11
   20.500000   0.24312010  9.2172626489935995e-11
   20.500000   0.30784849  9.2200770402380569e-11
   20.500000   0.37259260  9.2234234084262526e-11
   20.500000   0.43734549  9.2272269507519967e-11
   20.500000   0.50210377  9.2314052726630685e-11
   20.500000   0.56686560  9.2358709059089068e-11
   20.500000   0.63162987  9.2405340642849260e-11
   20.500000   0.69639591  9.2453050930396201e-11
   20.500000   0.76116325  9.2500967149774039e-11
   20.500000   0.82593158  9.2548258128680852e-11
   20.500000   0.89070068  9.2594150725312782e-11
   20.500000   0.95547037  9.2637938345449276e-11
   20.500000   1.02024053  9.2678989479200245e-11
   20.500000   1.08501108  9.2716749206372898e-11
   20.500000   1.14978193  9.2750740957668073e-11
   20.500000   1.21455301  9.2780562604308690e-11
   20.500000   1.27932429  9.2805883465413930e-11
   20.500000   1.34409571  9.2826439604271203e-11
   20.500000   1.40886724  9.2842027183815533e-11
   20.500000   1.47363885  9.2852498208675918e-11
   20.500000   1.53841049  9.2857757469953974e-11
   20.500000   1.60318216  9.2857757333757626e-11
   20.500000   1.66795381  9.2852497893520015e-11
   20.500000   1.73272541  9.2842026580139354e-11
   20.500000   1.79749694  9.2826439144850166e-11
   20.500000   1.86226837  9.2805882925443015e-11
   20.500000   1.92703964  9.2780561598291435e-11
   20.500000   1.99181073  9.2750739986014835e-11
   20.500000   2.05658157  9.2716747882048685e-11
   20.500000   2.12135212  9.2678988204824183e-11
   20.500000   2.18612229  9.2637937279404157e-11
   20.500000   2.25089198  9.2594149249708286e-11
   20.500000   2.31566107  9.2548256742587857e-11
   20.500000   2.38042940  9.2500965512991746e-11
   20.500000   2.44519674  9.2453049268602086e-11
   20.500000   2.50996278  9.2405338809949527e-11
   20.500000   2.57472706  9.2358707072175995e-11
   20.500000   2.63948889  9.2314050678578870e-11
   20.500000   2.70424717  9.2272267400520961e-11
   20.500000   2.76900006  9.2234231744552786e-11
   20.500000   2.83374417  9.2200768310432657e-11
   20.500000   2.89847256  9.2172624215006995e-11
   20.500000   2.96316844  9.2150443785525351e-11
   20.500000   3.02777863  9.2134744623749158e-11
   20.500000   3.09200950  9.2125894797493001e-11
   21.000000   0.04958315  6.8292541211922346e-11
   21.000000   0.11381403  6.8297750271744864e-11
   21.000000   0.17842421  6.8306991379710186e-11
   21.000000   0.24312010  6.8320047948933583e-11
   21.000000   0.30784849  6.8336616231750460e-11
   21.000000   0.37259260  6.8356317496180152e-11
   21.000000   0.43734549  6.8378711886770923e-11
   21.000000   0.50210377  6.8403315250746566e-11
   21.000000   0.56686560  6.8429613098957251e-11
   21.000000   0.63162987  6.8457077290245012e-11
   21.000000   0.69639591  6.8485179876869562e-11
   21.000000   0.76116325  6.8513406897041463e-11
   21.000000   0.82593158  6.8541269055692642e-11
   21.000000   0.89070068  6.8568310730287877e-11
   21.000000   0.95547037  6.8594114565881006e-11
   21.000000   1.02024053  6.8618308449515727e-11
   21.000000   1.08501108  6.8640565074382438e-11
   21.000000   1.14978193  6.8660602915191903e-11
   21.000000   1.21455301  6.8678183830530494e-11
   21.000000   1.27932429  6.8693112652668365e-11
   21.000000   1.34409571  6.8705232698997979e-11
   21.000000   1.40886724  6.8714423975891869e-11
   21.000000   1.47363885  6.8720598376908807e-11
   21.000000   1.53841049  6.8723699553693951e-11
   21.000000   1.60318216  6.8723699566986019e-11
   21.000000   1.66795381  6.8720598451166361e-11
   21.000000   1.73272541  6.8714423585818023e-11
   21.000000   1.79749694  6.8705232456990019e-11
   21.000000   1.86226837  6.8693112248441019e-11
   21.000000   1.92703964  6.8678183303586355e-11
   21.000000   1.99181073  6.8660602216485532e-11
   21.000000   2.05658157  6.8640564624253793e-11
   21.000000   2.12135212  6.8618307689129483e-11
   21.000000   2.18612229  6.8594113506816245e-11
   21.000000   2.25089198  6.8568309400054260e-11
   21.000000   2.31566107  6.8541268143350528e-11
   21.000000   2.38042940  6.8513405635275446e-11
   21.000000   2.44519674  6.8485178484379372e-11
   21.000000   2.50996278  6.8457075956556856e-11
   21.000000   2.57472706  6.8429611588010933e-11
   21.000000   2.63948889  6.8403313845911378e-11
   21.000000   2.70424717  6.8378710401320781e-11
   21.000000   2.76900006  6.8356315725342526e-11
   21.000000   2.83374417  6.8336614762202464e-11
   21.000000   2.89847256  6.8320046360057262e-11
   21.000000   2.96316844  6.8306989527407743e-11
   21.000000   3.02777863  6.8297748586248056e-11
   21.000000   3.09200950  6.8292539415037901e-11
   21.500000   0.04958315  5.0617236447184324e-11
   21.500000   0.11381403  5.0620304042175500e-11
   21.500000   0.17842421  5.0625746001661700e-11
   21.500000   0.24312010  5.0633435266038368e-11
   21.500000   0.30784849  5.0643193152820132e-11
   21.500000   0.37259260  5.0654796404783815e-11
   21.500000   0.43734549  5.0667987563061286e-11
   21.500000   0.50210377  5.0682480759315713e-11
   21.500000   0.56686560  5.0697973363848230e-11
   21.500000   0.63162987  5.0714154751082774e-11
   21.500000   0.69639591  5.0730713780481349e-11
   21.500000   0.76116325  5.0747348017318571e-11
   21.500000   0.82593158  5.0763769003708030e-11
   21.500000   0.89070068  5.0779707915026473e-11
   21.500000   0.95547037  5.0794918935359379e-11
   21.500000   1.02024053  5.0809181926785820e-11
   21.500000   1.08501108  5.0822304439909743e-11
   21.500000   1.14978193  5.0834119199091840e-11
   21.500000   1.21455301  5.0844486521973708e-11
   21.500000   1.27932429  5.0853290520095526e-11
   21.500000   1.34409571  5.0860438458210206e-11
   21.500000   1.40886724  5.0865859203446476e-11
   21.500000   1.47363885  5.0869500943169982e-11
   21.500000   1.53841049  5.0871329934714440e-11
   21.500000   1.60318216  5.0871330006163646e-11
   21.500000   1.66795381  5.0869500594352538e-11
   21.500000   1.73272541  5.0865858885760879e-11
   21.500000   1.79749694  5.0860438237158239e-11
   21.500000   1.86226837  5.0853290158450075e-11
   21.500000   1.92703964  5.0844486155789517e-11
   21.500000   1.99181073  5.0834118733321869e-11
   21.500000   2.05658157  5.0822303956329327e-11
   21.500000   2.12135212  5.0809181276936524e-11
   21.500000   2.18612229  5.0794917853717091e-11
   21.500000   2.25089198  5.0779707082731565e-11
   21.500000   2.31566107  5.0763768241083565e-11
   21.500000   2.38042940  5.0747347052939985e-11
   21.500000   2.44519674  5.0730712697032364e-11
   21.500000   2.50996278  5.0714153718154381e-11
   21.500000   2.57472706  5.0697972198249979e-11
   21.500000   2.63948889  5.0682479544140386e-11
   21.500000   2.70424717  5.0667986470979979e-11
   21.500000   2.76900006  5.0654795382662078e-11
   21.500000   2.83374417  5.0643191839766856e-11
   21.500000   2.89847256  5.0633433949331836e-11
   21.500000   2.96316844  5.0625744815321107e-11
   21.500000   3.02777863  5.0620302668456991e-11
   21.500000   3.09200950  5.0617235068333683e-11
   22.000000   0.04958315  3.7515515195978557e-11
   22.000000   0.11381403  3.7517322270584868e-11
   22.000000   0.17842421  3.7520528164143909e-11
   22.000000   0.24312010  3.7525058045538783e-11
   22.000000   0.30784849  3.7530806220203310e-11
   22.000000   0.37259260  3.7537642791090977e-11
   22.000000   0.43734549  3.7545414735686777e-11
   22.000000   0.50210377  3.7553954394271920e-11
   22.000000   0.56686560  3.7563084010655082e-11
   22.000000   0.63162987  3.7572620184190097e-11
   22.000000   0.69639591  3.7582379900839732e-11
   22.000000   0.76116325  3.7592184579514682e-11
   22.000000   0.82593158  3.7601864585008659e-11
   22.000000   0.89070068  3.7611260776560510e-11
   22.000000   0.95547037  3.7620228910377344e-11
   22.000000   1.02024053  3.7628639104148779e-11
   22.000000   1.08501108  3.7636377078909568e-11
   22.000000   1.14978193  3.7643344332213567e-11
   22.000000   1.21455301  3.7649458671400561e-11
   22.000000   1.27932429  3.7654650926351848e-11
   22.000000   1.34409571  3.7658866870153479e-11
   22.000000   1.40886724  3.7662064322818490e-11
   22.000000   1.47363885  3.7664212117219801e-11
   22.000000   1.53841049  3.7665291257351702e-11
   22.000000   1.60318216  3.7665291031774017e-11
   22.000000   1.66795381  3.7664212327537994e-11
   22.000000   1.73272541  3.7662063878409069e-11
   22.000000   1.79749694  3.7658866780310524e-11
   22.000000   1.86226837  3.7654650741923058e-11
   22.000000   1.92703964  3.7649458129059858e-11
   22.000000   1.99181073  3.7643343996476531e-11
   22.000000   2.05658157  3.7636376734687125e-11
   22.000000   2.12135212  3.7628638482675370e-11
   22.000000   2.18612229  3.7620228439910351e-11
   22.000000   2.25089198  3.7611260439712047e-11
   22.000000   2.31566107  3.7601863531579892e-11
   22.000000   2.38042940  3.7592183927749150e-11
   22.000000   2.44519674  3.7582379106742447e-11
   22.000000   2.50996278  3.7572619436089385e-11
   22.000000   2.57472706  3.7563083419646890e-11
   22.000000   2.63948889  3.7553953791616735e-11
   22.000000   2.70424717  3.7545413875343285e-11
   22.000000   2.76900006  3.7537641784967029e-11
   22.000000   2.83374417  3.7530805549703824e-11
   22.000000   2.89847256  3.7525056986895561e-11
   22.000000   2.96316844  3.7520526922548705e-11
   22.000000   3.02777863  3.7517321395930305e-11
   22.000000   3.09200950  3.7515514463205496e-11
   22.500000   0.04958315  2.7806822470623275e-11
   22.500000   0.11381403  2.7807887232536901e-11
   22.500000   0.17842421  2.7809775897326661e-11
   22.500000   0.24312010  2.7812444932978629e-11
   22.500000   0.30784849  2.7815832016477023e-11
   22.500000   0.37259260  2.7819860291190311e-11
   22.500000   0.43734549  2.7824440157997318e-11
   22.500000   0.50210377  2.7829472905811931e-11
   22.500000   0.56686560  2.7834853551322669e-11
   22.500000   0.63162987  2.7840473799200223e-11
   22.500000   0.69639591  2.7846226579881454e-11
   22.500000   0.76116325  2.7852006146000717e-11
   22.500000   0.82593158  2.7857712295234873e-11
   22.500000   0.89070068  2.7863252209912850e-11
   22.500000   0.95547037  2.7868539784364209e-11
   22.500000   1.02024053  2.7873498682472941e-11
   22.500000   1.08501108  2.7878061216419241e-11
   22.500000   1.14978193  2.7882169895203800e-11
   22.500000   1.21455301  2.7885775546404963e-11
   22.500000   1.27932429  2.7888837999603184e-11
   22.500000   1.34409571  2.7891324210588647e-11
   22.500000   1.40886724  2.7893209857288317e-11
   22.500000   1.47363885  2.7894476905919983e-11
   22.500000   1.53841049  2.7895113252316280e-11
   22.500000   1.60318216  2.7895113238795571e-11
   22.500000   1.66795381  2.7894476717222029e-11
   22.500000   1.73272541  2.7893210054581333e-11
   22.500000   1.79749694  2.7891323915922828e-11
   22.500000   1.86226837  2.7888837500584395e-11
   22.500000   1.92703964  2.7885775317258656e-11
   22.500000   1.99181073  2.7882169645059572e-11
   22.500000   2.05658157  2.7878060864049419e-11
   22.500000   2.12135212  2.7873498262948370e-11
   22.500000   2.18612229  2.7868539482526475e-11
   22.500000   2.25089198  2.7863251654367539e-11
   22.500000   2.31566107  2.7857711747881856e-11
   22.500000   2.38042940  2.7852005526769733e-11
   22.500000   2.44519674  2.7846225810141075e-11
   22.500000   2.50996278  2.7840473359994304e-11
   22.500000   2.57472706  2.7834852761292945e-11
   22.500000   2.63948889  2.7829472285123381e-11
   22.500000   2.70424717  2.7824439524465176e-11
   22.500000   2.76900006  2.7819859581153411e-11
   22.500000   2.83374417  2.7815831678075011e-11
   22.500000   2.89847256  2.7812444202965744e-11
   22.500000   2.96316844  2.7809775346902464e-11
   22.500000   3.02777863  2.7807886588439424e-11
   22.500000   3.09200950  2.7806821742824707e-11
   23.000000   0.04958315  2.0613432292566494e-11
   23.000000   0.11381403  2.0614059667501594e-11
   23.000000   0.17842421  2.0615172624297982e-11
   23.000000   0.24312010  2.0616745145414407e-11
   23.000000   0.30784849  2.0618741021338913e-11
   23.000000   0.37259260  2.0621114575110212e-11
   23.000000   0.43734549  2.0623813242591213e-11
   23.000000   0.50210377  2.0626779090827423e-11
   23.000000   0.56686560  2.0629949824944889e-11
   23.000000   0.63162987  2.0633262087066624e-11
   23.000000   0.69639591  2.0636652495149263e-11
   23.000000   0.76116325  2.0640059036040732e-11
   23.000000   0.82593158  2.0643422629455915e-11
   23.000000   0.89070068  2.0646688018266224e-11
   23.000000   0.95547037  2.0649804915515667e-11
   23.000000   1.02024053  2.0652728366880553e-11
   23.000000   1.08501108  2.0655418196664999e-11
   23.000000   1.14978193  2.0657840612486317e-11
   23.000000   1.21455301  2.0659966371392197e-11
   23.000000   1.27932429  2.0661771969677796e-11
   23.000000   1.34409571  2.0663237861941121e-11
   23.000000   1.40886724  2.0664349985072650e-11
   23.000000   1.47363885  2.0665096859388374e-11
   23.000000   1.53841049  2.0665472006655474e-11
   23.000000   1.60318216  2.0665471897270425e-11
   23.000000   1.66795381  2.0665096799446631e-11
   23.000000   1.73272541  2.0664349706287329e-11
   23.000000   1.79749694  2.0663237663818297e-11
   23.000000   1.86226837  2.0661771768976282e-11
   23.000000   1.92703964  2.0659966406019470e-11
   23.000000   1.99181073  2.0657840491328941e-11
   23.000000   2.05658157  2.0655418196041890e-11
   23.000000   2.12135212  2.0652728074216967e-11
   23.000000   2.18612229  2.0649804470216009e-11
   23.000000   2.25089198  2.0646687711955305e-11
   23.000000   2.31566107  2.0643422174489418e-11
   23.000000   2.38042940  2.0640058643860733e-11
   23.000000   2.44519674  2.0636652212440718e-11
   23.000000   2.50996278  2.0633261712532080e-11
   23.000000   2.57472706  2.0629949097206324e-11
   23.000000   2.63948889  2.0626778586948213e-11
   23.000000   2.70424717  2.0623812964205668e-11
   23.000000   2.76900006  2.0621114209726690e-11
   23.000000   2.83374417  2.0618740140427104e-11
   23.000000   2.89847256  2.0616744479276331e-11
   23.000000   2.96316844  2.0615171965026953e-11
   23.000000   3.02777863  2.0614059215703889e-11
   23.000000   3.09200950  2.0613431815995599e-11
   23.500000   0.04958315  1.5283769750393419e-11
   23.500000   0.11381403  1.5284139220928645e-11
   23.500000   0.17842421  1.5284794859206008e-11
   23.500000   0.24312010  1.5285721126454866e-11
   23.500000   0.30784849  1.5286896997858825e-11
   23.500000   0.37259260  1.5288295281646104e-11
   23.500000   0.43734549  1.5289885221582820e-11
   23.500000   0.50210377  1.5291632333528760e-11
   23.500000   0.56686560  1.5293500401790798e-11
   23.500000   0.63162987  1.5295451817727815e-11
   23.500000   0.69639591  1.5297449612247817e-11
   23.500000   0.76116325  1.5299456725181851e-11
   23.500000   0.82593158  1.5301438871015858e-11
   23.500000   0.89070068  1.5303362892461778e-11
   23.500000   0.95547037  1.5305199482960232e-11
   23.500000   1.02024053  1.5306922142158230e-11
   23.500000   1.08501108  1.5308507311693333e-11
   23.500000   1.14978193  1.5309934703553711e-11
   23.500000   1.21455301  1.5311187520904192e-11
   23.500000   1.27932429  1.5312251472347660e-11
   23.500000   1.34409571  1.5313115363949351e-11
   23.500000   1.40886724  1.5313770512550794e-11
   23.500000   1.47363885  1.5314210689773528e-11
   23.500000   1.53841049  1.5314431923954400e-11
   23.500000   1.60318216  1.5314431914287092e-11
   23.500000   1.66795381  1.5314210639501830e-11
   23.500000   1.73272541  1.5313770486799863e-11
   23.500000   1.79749694  1.5313115091035060e-11
   23.500000   1.86226837  1.5312251185366122e-11
   23.500000   1.92703964  1.5311187328032492e-11
   23.500000   1.99181073  1.5309934502261849e-11
   23.500000   2.05658157  1.5308507094765405e-11
   23.500000   2.12135212  1.5306921777596918e-11
   23.500000   2.18612229  1.5305199215754367e-11
   23.500000   2.25089198  1.5303362445029878e-11
   23.500000   2.31566107  1.5301438359193327e-11
   23.500000   2.38042940  1.5299456477868037e-11
   23.500000   2.44519674  1.5297449358676883e-11
   23.500000   2.50996278  1.5295451750428032e-11
   23.500000   2.57472706  1.5293500038984690e-11
   23.500000   2.63948889  1.5291632167335689e-11
   23.500000   2.70424717  1.5289884810629401e-11
   23.500000   2.76900006  1.5288294728118697e-11
   23.500000   2.83374417  1.5286896580181307e-11
   23.500000   2.89847256  1.5285721042423297e-11
   23.500000   2.96316844  1.5284794463836012e-11
   23.500000   3.02777863  1.5284138968526155e-11
   23.500000   3.09200950  1.5283769373907727e-11
   24.000000   0.04958315  1.1334661501291648e-11
   24.000000   0.11381403  1.1334879053999325e-11
   24.000000   0.17842421  1.1335265142644960e-11
   24.000000   0.24312010  1.1335810677516160e-11
   24.000000   0.30784849  1.1336503029689375e-11
   24.000000   0.37259260  1.1337326245515832e-11
   24.000000   0.43734549  1.1338262544534869e-11
   24.000000   0.50210377  1.1339291250429752e-11
   24.000000   0.56686560  1.1340391225080193e-11
   24.000000   0.63162987  1.1341540462520201e-11
   24.000000   0.69639591  1.1342717022221552e-11
   24.000000   0.76116325  1.1343898846484830e-11
   24.000000   0.82593158  1.1345065838852760e-11
   24.000000   0.89070068  1.1346198882865480e-11
   24.000000   0.95547037  1.1347280436306124e-11
   24.000000   1.02024053  1.1348294721092312e-11
   24.000000   1.08501108  1.1349228170773281e-11
   24.000000   1.14978193  1.1350068812905440e-11
   24.000000   1.21455301  1.1350806295883217e-11
   24.000000   1.27932429  1.1351432815203909e-11
   24.000000   1.34409571  1.1351941713061770e-11
   24.000000   1.40886724  1.1352327438555069e-11
   24.000000   1.47363885  1.1352586511911941e-11
   24.000000   1.53841049  1.1352716715948544e-11
   24.000000   1.60318216  1.1352716679151075e-11
   24.000000   1.66795381  1.1352586612251658e-11
   24.000000   1.73272541  1.1352327426200236e-11
   24.000000   1.79749694  1.1351941439794117e-11
   24.000000   1.86226837  1.1351432743079382e-11
   24.000000   1.92703964  1.1350806344206946e-11
   24.000000   1.99181073  1.1350068784848311e-11
   24.000000   2.05658157  1.1349227940388355e-11
   24.000000   2.12135212  1.1348294731605118e-11
   24.000000   2.18612229  1.1347280087857876e-11
   24.000000   2.25089198  1.1346198632076170e-11
   24.000000   2.31566107  1.1345065899751182e-11
   24.000000   2.38042940  1.1343898487261646e-11
   24.000000   2.44519674  1.1342716658357549e-11
   24.000000   2.50996278  1.1341540096656092e-11
   24.000000   2.57472706  1.1340391037944084e-11
   24.000000   2.63948889  1.1339291155615220e-11
   24.000000   2.70424717  1.1338262186767180e-11
   24.000000   2.76900006  1.1337325776902593e-11
   24.000000   2.83374417  1.1336502539861753e-11
   24.000000   2.89847256  1.1335810279464580e-11
   24.000000   2.96316844  1.1335264882424217e-11
   24.000000   3.02777863  1.1334878797604939e-11
   24.000000   3.09200950  1.1334661251893443e-11
   24.500000   0.04958315  8.4080735178190126e-12
   24.500000   0.11381403  8.4082016105080443e-12
   24.500000   0.17842421  8.4084286158543938e-12
   24.500000   0.24312010  8.4087495483144921e-12
   24.500000   0.30784849  8.4091568798822852e-12
   24.500000   0.37259260  8.4096412670964593e-12
   24.500000   0.43734549  8.4101923574420546e-12
   24.500000   0.50210377  8.4107976442660938e-12
   24.500000   0.56686560  8.4114447369594091e-12
   24.500000   0.63162987  8.4121208681479303e-12
   24.500000   0.69639591  8.4128129856571148e-12
   24.500000   0.76116325  8.4135080929043048e-12
   24.500000   0.82593158  8.4141947965568474e-12
   24.500000   0.89070068  8.4148615636207841e-12
   24.500000   0.95547037  8.4154975314136851e-12
   24.500000   1.02024053  8.4160942345246713e-12
   24.500000   1.08501108  8.4166434201160723e-12
   24.500000   1.14978193  8.4171378789528003e-12
   24.500000   1.21455301  8.4175719246193515e-12
   24.500000   1.27932429  8.4179400833393191e-12
   24.500000   1.34409571  8.4182392389998015e-12
   24.500000   1.40886724  8.4184663453831109e-12
   24.500000   1.47363885  8.4186184778662388e-12
   24.500000   1.53841049  8.4186951771404871e-12
   24.500000   1.60318216  8.4186952773807427e-12
   24.500000   1.66795381  8.4186186478928228e-12
   24.500000   1.73272541  8.4184662913643621e-12
   24.500000   1.79749694  8.4182393318406713e-12
   24.500000   1.86226837  8.4179401154000771e-12
   24.500000   1.92703964  8.4175714663112445e-12
   24.500000   1.99181073  8.4171379211051957e-12
   24.500000   2.05658157  8.4166432866703959e-12
   24.500000   2.12135212  8.4160941925462617e-12
   24.500000   2.18612229  8.4154975884340364e-12
   24.500000   2.25089198  8.4148610130849323e-12
   24.500000   2.31566107  8.4141946962321386e-12
   24.500000   2.38042940  8.4135081689946590e-12
   24.500000   2.44519674  8.4128126479214226e-12
   24.500000   2.50996278  8.4121205843771636e-12
   24.500000   2.57472706  8.4114445824842019e-12
   24.500000   2.63948889  8.4107972377704316e-12
   24.500000   2.70424717  8.4101918157614330e-12
   24.500000   2.76900006  8.4096412839167667e-12
   24.500000   2.83374417  8.4091567076900504e-12
   24.500000   2.89847256  8.4087492203579860e-12
   24.500000   2.96316844  8.4084281891519113e-12
   24.500000   3.02777863  8.4082012738922545e-12
   24.500000   3.09200950  8.4080731179118812e-12
   25.000000   0.04958315  6.2388228722789602e-12
   25.000000   0.11381403  6.2388979349760224e-12
   25.000000   0.17842421  6.2390316733635089e-12
   25.000000   0.24312010  6.2392205668236970e-12
   25.000000   0.30784849  6.2394595184902436e-12
   25.000000   0.37259260  6.2397441880322017e-12
   25.000000   0.43734549  6.2400680084770735e-12
   25.000000   0.50210377  6.2404238884135600e-12
   25.000000   0.56686560  6.2408043060391963e-12
   25.000000   0.63162987  6.2412014409570125e-12
   25.000000   0.69639591  6.2416081500836658e-12
   25.000000   0.76116325  6.2420168493928820e-12
   25.000000   0.82593158  6.2424199194408022e-12
   25.000000   0.89070068  6.2428115100110982e-12
   25.000000   0.95547037  6.2431852001226370e-12
   25.000000   1.02024053  6.2435356147758681e-12
   25.000000   1.08501108  6.2438582331648965e-12
   25.000000   1.14978193  6.2441484185157567e-12
   25.000000   1.21455301  6.2444033061638824e-12
   25.000000   1.27932429  6.2446195635735502e-12
   25.000000   1.34409571  6.2447952421293142e-12
   25.000000   1.40886724  6.2449284964950104e-12
   25.000000   1.47363885  6.2450179621269193e-12
   25.000000   1.53841049  6.2450630707308379e-12
   25.000000   1.60318216  6.2450629266668256e-12
   25.000000   1.66795381  6.2450179402089418e-12
   25.000000   1.73272541  6.2449286522423656e-12
   25.000000   1.79749694  6.2447953777686066e-12
   25.000000   1.86226837  6.2446194025745812e-12
   25.000000   1.92703964  6.2444032306920856e-12
   25.000000   1.99181073  6.2441484638672408e-12
   25.000000   2.05658157  6.2438578619014496e-12
   25.000000   2.12135212  6.2435356246234525e-12
   25.000000   2.18612229  6.2431852809776396e-12
   25.000000   2.25089198  6.2428112946831004e-12
   25.000000   2.31566107  6.2424201273168986e-12
   25.000000   2.38042940  6.2420164680307845e-12
   25.000000   2.44519674  6.2416078856495272e-12
   25.000000   2.50996278  6.2412014219450408e-12
   25.000000   2.57472706  6.2408041066780575e-12
   25.000000   2.63948889  6.2404236921561975e-12
   25.000000   2.70424717  6.2400679187663609e-12
   25.000000   2.76900006  6.2397442237745104e-12
   25.000000   2.83374417  6.2394593538630181e-12
   25.000000   2.89847256  6.2392199541369101e-12
   25.000000   2.96316844  6.2390315279924486e-12
   25.000000   3.02777863  6.2388979119687384e-12
   25.000000   3.09200950  6.2388225678621403e-12
