# R_ang  theta_rad  Veff_hartree
    1.500000   0.04958315  8.7148002722610477e+02
    1.500000   0.11381403  4.9027388570704647e+02
    1.500000   0.17842421  2.0073386786179398e+02
    1.500000   0.24312010  6.8596868259753734e+01
    1.500000   0.30784849  2.1698989284308741e+01
    1.500000   0.37259260  6.9959038373161393e+00
    1.500000   0.43734549  2.6314717800210201e+00
    1.500000   0.50210377  1.3227105495126890e+00
    1.500000   0.56686560  8.7443525816932022e-01
    1.500000   0.63162987  6.6530556167601840e-01
    1.500000   0.69639591  5.2935711688536502e-01
    1.500000   0.76116325  4.2479044653142056e-01
    1.500000   0.82593158  3.4094164813423017e-01
    1.500000   0.89070068  2.7389403814948554e-01
    1.500000   0.95547037  2.2087432944721830e-01
    1.500000   1.02024053  1.7934312765180602e-01
    1.500000   1.08501108  1.4702878238785541e-01
    1.500000   1.14978193  1.2202581338477705e-01
    1.500000   1.21455301  1.0281859667259233e-01
    1.500000   1.27932429  8.8248860754188488e-02
    1.500000   1.34409571  7.7460123924479624e-02
    1.500000   1.40886724  6.9840380898228208e-02
    1.500000   1.47363885  6.4973230272635046e-02
    1.500000   1.53841049  6.2601088583759554e-02
    1.500000   1.60318216  6.2601086226431360e-02
    1.500000   1.66795381  6.4973223624069876e-02
    1.500000   1.73272541  6.9840371387480088e-02
    1.500000   1.79749694  7.7460114510626482e-02
    1.500000   1.86226837  8.8248856977042239e-02
    1.500000   1.92703964  1.0281860856095582e-01
    1.500000   1.99181073  1.2202585884722983e-01
    1.500000   2.05658157  1.4702889324981089e-01
    1.500000   2.12135212  1.7934336052447139e-01
    1.500000   2.18612229  2.2087478560361856e-01
    1.500000   2.25089198  2.7389490055003923e-01
    1.500000   2.31566107  3.4094325185309465e-01
    1.500000   2.38042940  4.2479341583881181e-01
    1.500000   2.44519674  5.2936263886405999e-01
    1.500000   2.50996278  6.6531594729515608e-01
    1.500000   2.57472706  8.7445512583889162e-01
    1.500000   2.63948889  1.3227493937236410e+00
    1.500000   2.70424717  2.6315496924279729e+00
    1.500000   2.76900006  6.9960644734697537e+00
    1.500000   2.83374417  2.1699329090883086e+01
    1.500000   2.89847256  6.8597598014692892e+01
    1.500000   2.96316844  2.0073541127981687e+02
    1.500000   3.02777863  4.9027688222493606e+02
    1.500000   3.09200950  8.7148473647510559e+02
    1.550000   0.04958315  3.2520604091937065e+02
    1.550000   0.11381403  2.0108304609366635e+02
    1.550000   0.17842421  9.3373030500363726e+01
    1.550000   0.24312010  3.6294812133444552e+01
    1.550000   0.30784849  1.3054877100426578e+01
    1.550000   0.37259260  4.8377214893826990e+00
    1.550000   0.43734549  2.1033456283622352e+00
    1.550000   0.50210377  1.1711371193800222e+00
    1.550000   0.56686560  8.0083567261630295e-01
    1.550000   0.63162987  6.0722399458343523e-01
    1.550000   0.69639591  4.7731394737365834e-01
    1.550000   0.76116325  3.7873865734283479e-01
    1.550000   0.82593158  3.0127806225182691e-01
    1.550000   0.89070068  2.4031100703909247e-01
    1.550000   0.95547037  1.9262380771040971e-01
    1.550000   1.02024053  1.5554821804484728e-01
    1.550000   1.08501108  1.2685375469467886e-01
    1.550000   1.14978193  1.0474036732585584e-01
    1.550000   1.21455301  8.7806938774009025e-02
    1.550000   1.27932429  7.4995652086681824e-02
    1.550000   1.34409571  6.5529581027283165e-02
    1.550000   1.40886724  5.8855575570377405e-02
    1.550000   1.47363885  5.4597956009441166e-02
    1.550000   1.53841049  5.2524512632626121e-02
    1.550000   1.60318216  5.2524510875947214e-02
    1.550000   1.66795381  5.4597951065239354e-02
    1.550000   1.73272541  5.8855568539515235e-02
    1.550000   1.79749694  6.5529574192822529e-02
    1.550000   1.86226837  7.4995649729020952e-02
    1.550000   1.92703964  8.7806948649063951e-02
    1.550000   1.99181073  1.0474040328570508e-01
    1.550000   2.05658157  1.2685384133826649e-01
    1.550000   2.12135212  1.5554839905336723e-01
    1.550000   2.18612229  1.9262416099778110e-01
    1.550000   2.25089198  2.4031167274703416e-01
    1.550000   2.31566107  3.0127929543308785e-01
    1.550000   2.38042940  3.7874092907646056e-01
    1.550000   2.44519674  4.7731814289897706e-01
    1.550000   2.50996278  6.0723180981676395e-01
    1.550000   2.57472706  8.0085042394439454e-01
    1.550000   2.63948889  1.1711654262153675e+00
    1.550000   2.70424717  2.1034009431829510e+00
    1.550000   2.76900006  4.8378314503878341e+00
    1.550000   2.83374417  1.3055098154234209e+01
    1.550000   2.89847256  3.6295254619755745e+01
    1.550000   2.96316844  9.3373883510432577e+01
    1.550000   3.02777863  2.0108453387389855e+02
    1.550000   3.09200950  3.2520817964296629e+02
    1.600000   0.04958315  1.3269691514215441e+02
    1.600000   0.11381403  8.8107626612865474e+01
    1.600000   0.17842421  4.5327979053030582e+01
    1.600000   0.24312010  1.9773469295205661e+01
    1.600000   0.30784849  8.0596438234216130e+00
    1.600000   0.37259260  3.4251664469182330e+00
    1.600000   0.43734549  1.6959096601531887e+00
    1.600000   0.50210377  1.0251090806952596e+00
    1.600000   0.56686560  7.2033349689997761e-01
    1.600000   0.63162987  5.4581768753412552e-01
    1.600000   0.69639591  4.2553521939854771e-01
    1.600000   0.76116325  3.3482209608344304e-01
    1.600000   0.82593158  2.6445187403159237e-01
    1.600000   0.89070068  2.0967391002841354e-01
    1.600000   0.95547037  1.6717236702750971e-01
    1.600000   1.02024053  1.3431880020384734e-01
    1.600000   1.08501108  1.0900031723342771e-01
    1.600000   1.14978193  8.9553735632975903e-02
    1.600000   1.21455301  7.4703458711497431e-02
    1.600000   1.27932429  6.3494557993676773e-02
    1.600000   1.34409571  5.5228932307174794e-02
    1.600000   1.40886724  4.9410730824952037e-02
    1.600000   1.47363885  4.5703543839018396e-02
    1.600000   1.53841049  4.3899508737267896e-02
    1.600000   1.60318216  4.3899507448566542e-02
    1.600000   1.66795381  4.5703540222872513e-02
    1.600000   1.73272541  4.9410725726620044e-02
    1.600000   1.79749694  5.5228927481872928e-02
    1.600000   1.86226837  6.3494556735774532e-02
    1.600000   1.92703964  7.4703466993410669e-02
    1.600000   1.99181073  8.9553764118773790e-02
    1.600000   2.05658157  1.0900038483872690e-01
    1.600000   2.12135212  1.3431894044351908e-01
    1.600000   2.18612229  1.6717263947504901e-01
    1.600000   2.25089198  2.0967442130228986e-01
    1.600000   2.31566107  2.6445281683181232e-01
    1.600000   2.38042940  3.3482382298890728e-01
    1.600000   2.44519674  4.2553838465089822e-01
    1.600000   2.50996278  5.4582352356974551e-01
    1.600000   2.57472706  7.2034436025544468e-01
    1.600000   2.63948889  1.0251295359834376e+00
    1.600000   2.70424717  1.6959486178472845e+00
    1.600000   2.76900006  3.4252412436963335e+00
    1.600000   2.83374417  8.0597873359066661e+00
    1.600000   2.89847256  1.9773739577548362e+01
    1.600000   2.96316844  4.5328462496091404e+01
    1.600000   3.02777863  8.8108405108842064e+01
    1.600000   3.09200950  1.3269796736943184e+02
    1.650000   0.04958315  5.8541820301583385e+01
    1.650000   0.11381403  4.1154547706117746e+01
    1.650000   0.17842421  2.3110792289092064e+01
    1.650000   0.24312010  1.1214204501057843e+01
    1.650000   0.30784849  5.1605050242694190e+00
    1.650000   0.37259260  2.4958643432688734e+00
    1.650000   0.43734549  1.3809949866103568e+00
    1.650000   0.50210377  8.9027842758952136e-01
    1.650000   0.56686560  6.3933847045487935e-01
    1.650000   0.63162987  4.8484392807444554e-01
    1.650000   0.69639591  3.7591088435579134e-01
    1.650000   0.76116325  2.9390860731968232e-01
    1.650000   0.82593158  2.3080681340542678e-01
    1.650000   0.89070068  1.8206201440068079e-01
    1.650000   0.95547037  1.4446609554249645e-01
    1.650000   1.02024053  1.1553413893611131e-01
    1.650000   1.08501108  9.3314791823617266e-02
    1.650000   1.14978193  7.6296776535042951e-02
    1.650000   1.21455301  6.3332580897978594e-02
    1.650000   1.27932429  5.3568130977539700e-02
    1.650000   1.34409571  4.6380987889476574e-02
    1.650000   1.40886724  4.1329683612512748e-02
    1.650000   1.47363885  3.8114857082712575e-02
    1.650000   1.53841049  3.6551546496953559e-02
    1.650000   1.60318216  3.6551545569393815e-02
    1.650000   1.66795381  3.8114854491220637e-02
    1.650000   1.73272541  4.1329680004084456e-02
    1.650000   1.79749694  4.6380984609011668e-02
    1.650000   1.86226837  5.3568130551288777e-02
    1.650000   1.92703964  6.3332587906720889e-02
    1.650000   1.99181073  7.6296799153150435e-02
    1.650000   2.05658157  9.3314844528501098e-02
    1.650000   2.12135212  1.1553424731238887e-01
    1.650000   2.18612229  1.4446630489111603e-01
    1.650000   2.25089198  1.8206240535526022e-01
    1.650000   2.31566107  2.3080753062324427e-01
    1.650000   2.38042940  2.9390991286362439e-01
    1.650000   2.44519674  3.7591325816610943e-01
    1.650000   2.50996278  4.8484825876385529e-01
    1.650000   2.57472706  6.3934641901952638e-01
    1.650000   2.63948889  8.9029311682759482e-01
    1.650000   2.70424717  1.3810222774273164e+00
    1.650000   2.76900006  2.4959150609940308e+00
    1.650000   2.83374417  5.1605983281458876e+00
    1.650000   2.89847256  1.1214371246999344e+01
    1.650000   2.96316844  2.3111072948179061e+01
    1.650000   3.02777863  4.1154972986266095e+01
    1.650000   3.09200950  5.8542370147094857e+01
    1.700000   0.04958315  2.7782369785193733e+01
    1.700000   0.11381403  2.0503210374817339e+01
    1.700000   0.17842421  1.2451961189891597e+01
    1.700000   0.24312010  6.6781156752515409e+00
    1.700000   0.30784849  3.4484854522105568e+00
    1.700000   0.37259260  1.8730987178532472e+00
    1.700000   0.43734549  1.1348859965726166e+00
    1.700000   0.50210377  7.6878599034262696e-01
    1.700000   0.56686560  5.6170298373229033e-01
    1.700000   0.63162987  4.2665034113657835e-01
    1.700000   0.69639591  3.2957417375292675e-01
    1.700000   0.76116325  2.5644921151738070e-01
    1.700000   0.82593158  2.0044941665858401e-01
    1.700000   0.89070068  1.5741633641124694e-01
    1.700000   0.95547037  1.2436983166435131e-01
    1.700000   1.02024053  9.9026489613953370e-02
    1.700000   1.08501108  7.9617844043375796e-02
    1.700000   1.14978193  6.4788453014172451e-02
    1.700000   1.21455301  5.3515944870265515e-02
    1.700000   1.27932429  4.5042279571121682e-02
    1.700000   1.34409571  3.8816066674212231e-02
    1.700000   1.40886724  3.4446523718517072e-02
    1.700000   1.47363885  3.1668687157552951e-02
    1.700000   1.53841049  3.0318818998931522e-02
    1.700000   1.60318216  3.0318818347301768e-02
    1.700000   1.66795381  3.1668685348488809e-02
    1.700000   1.73272541  3.4446521245807042e-02
    1.700000   1.79749694  3.8816064565113766e-02
    1.700000   1.86226837  4.5042279756244627e-02
    1.700000   1.92703964  5.3515950850038740e-02
    1.700000   1.99181073  6.4788471029607692e-02
    1.700000   2.05658157  7.9617885127760593e-02
    1.700000   2.12135212  9.9026573208964103e-02
    1.700000   2.18612229  1.2436999204983622e-01
    1.700000   2.25089198  1.5741663425188279e-01
    1.700000   2.31566107  2.0044995994655659e-01
    1.700000   2.38042940  2.5645019390094953e-01
    1.700000   2.44519674  3.2957594516607702e-01
    1.700000   2.50996278  4.2665353831434771e-01
    1.700000   2.57472706  5.6170877032204192e-01
    1.700000   2.63948889  7.6879649109397030e-01
    1.700000   2.70424717  1.1349050510559013e+00
    1.700000   2.76900006  1.8731330780078279e+00
    1.700000   2.83374417  3.4485463297206591e+00
    1.700000   2.89847256  6.6782196824794351e+00
    1.700000   2.96316844  1.2452127753950473e+01
    1.700000   3.02777863  2.0503451097692018e+01
    1.700000   3.09200950  2.7782670869731742e+01
    1.750000   0.04958315  1.4170352608152159e+01
    1.750000   0.11381403  1.0920876035057887e+01
    1.750000   0.17842421  7.1276491320253363e+00
    1.750000   0.24312010  4.1978673717096919e+00
    1.750000   0.30784849  2.4083005996966760e+00
    1.750000   0.37259260  1.4438759692377094e+00
    1.750000   0.43734549  9.3958775006903772e-01
    1.750000   0.50210377  6.6092266843602243e-01
    1.750000   0.56686560  4.8955691712680149e-01
    1.750000   0.63162987  3.7258442178164392e-01
    1.750000   0.69639591  2.8712120839164323e-01
    1.750000   0.76116325  2.2260629236234003e-01
    1.750000   0.82593158  1.7332825075531108e-01
    1.750000   0.89070068  1.3559042863357176e-01
    1.750000   0.95547037  1.0670056418836578e-01
    1.750000   1.02024053  8.4603495911764914e-02
    1.750000   1.08501108  6.7719724174861051e-02
    1.750000   1.14978193  5.4846299118626422e-02
    1.750000   1.21455301  4.5079613333325295e-02
    1.750000   1.27932429  3.7751217481757297e-02
    1.750000   1.34409571  3.2375377142436622e-02
    1.750000   1.40886724  2.8607913633557226e-02
    1.750000   1.47363885  2.6215413496608147e-02
    1.750000   1.53841049  2.5053585582100441e-02
    1.750000   1.60318216  2.5053585139041847e-02
    1.750000   1.66795381  2.6215412278362962e-02
    1.750000   1.73272541  2.8607912015937337e-02
    1.750000   1.79749694  3.2375375907737820e-02
    1.750000   1.86226837  3.7751218100637265e-02
    1.750000   1.92703964  4.5079618471404612e-02
    1.750000   1.99181073  5.4846313523238793e-02
    1.750000   2.05658157  6.7719756221582439e-02
    1.750000   2.12135212  8.4603560313121703e-02
    1.750000   2.18612229  1.0670068677132610e-01
    1.750000   2.25089198  1.3559065483056162e-01
    1.750000   2.31566107  1.7332866080266332e-01
    1.750000   2.38042940  2.2260702865195914e-01
    1.750000   2.44519674  2.8712252480223477e-01
    1.750000   2.50996278  3.7258677235752924e-01
    1.750000   2.57472706  4.8956111348161518e-01
    1.750000   2.63948889  6.6093015118590437e-01
    1.750000   2.70424717  9.3960103018192775e-01
    1.750000   2.76900006  1.4438992636796528e+00
    1.750000   2.83374417  2.4083405118067147e+00
    1.750000   2.89847256  4.1979329724100811e+00
    1.750000   2.96316844  7.1277499595391687e+00
    1.750000   3.02777863  1.0921016379979291e+01
    1.750000   3.09200950  1.4170523730791023e+01
    1.800000   0.04958315  7.7750677522060441e+00
    1.800000   0.11381403  6.2336887574125228e+00
    1.800000   0.17842421  4.3469189629703733e+00
    1.800000   0.24312010  2.7875380560432279e+00
    1.800000   0.30784849  1.7521933110698857e+00
    1.800000   0.37259260  1.1379965884582652e+00
    1.800000   0.43734549  7.8213887374944957e-01
    1.800000   0.50210377  5.6607539287255115e-01
    1.800000   0.56686560  4.2391269868709475e-01
    1.800000   0.63162987  3.2331054653539798e-01
    1.800000   0.69639591  2.4878065026020887e-01
    1.800000   0.76116325  1.9235019632783038e-01
    1.800000   0.82593158  1.4929216194543785e-01
    1.800000   0.89070068  1.1638705704968824e-01
    1.800000   0.95547037  9.1251252737189079e-02
    1.800000   1.02024053  7.2063993459773365e-02
    1.800000   1.08501108  5.7430885723456011e-02
    1.800000   1.14978193  4.6293579725841409e-02
    1.800000   1.21455301  3.7858866424246074e-02
    1.800000   1.27932429  3.1540614154985935e-02
    1.800000   1.34409571  2.6913025306658362e-02
    1.800000   1.40886724  2.3674323525648192e-02
    1.800000   1.47363885  2.1619758020039886e-02
    1.800000   1.53841049  2.0622695563186296e-02
    1.800000   1.60318216  2.0622695275908230e-02
    1.800000   1.66795381  2.1619757242378055e-02
    1.800000   1.73272541  2.3674322542869820e-02
    1.800000   1.79749694  2.6913024712822083e-02
    1.800000   1.86226837  3.1540615066958891e-02
    1.800000   1.92703964  3.7858870865319333e-02
    1.800000   1.99181073  4.6293591294705339e-02
    1.800000   2.05658157  5.7430910755151866e-02
    1.800000   2.12135212  7.2064043045986112e-02
    1.800000   2.18612229  9.1251346260142113e-02
    1.800000   2.25089198  1.1638722839696773e-01
    1.800000   2.31566107  1.4929247048618366e-01
    1.800000   2.38042940  1.9235074633313959e-01
    1.800000   2.44519674  2.4878162518124358e-01
    1.800000   2.50996278  3.2331226894209109e-01
    1.800000   2.57472706  4.2391573291045681e-01
    1.800000   2.63948889  5.6608071376020730e-01
    1.800000   2.70424717  7.8214812333792927e-01
    1.800000   2.76900006  1.1380124085878187e+00
    1.800000   2.83374417  1.7522196215217385e+00
    1.800000   2.89847256  2.7875798818665785e+00
    1.800000   2.96316844  4.3469810826361055e+00
    1.800000   3.02777863  6.2337726391549477e+00
    1.800000   3.09200950  7.7751679989088878e+00
    1.850000   0.04958315  4.5892297232794759e+00
    1.850000   0.11381403  3.8131116440433361e+00
    1.850000   0.17842421  2.8211038788334104e+00
    1.850000   0.24312010  1.9477268904818754e+00
    1.850000   0.30784849  1.3200222485279300e+00
    1.850000   0.37259260  9.1239777795181976e-01
    1.850000   0.43734549  6.5340882984620063e-01
    1.850000   0.50210377  4.8323557348085716e-01
    1.850000   0.56686560  3.6508201940480312e-01
    1.850000   0.63162987  2.7904285350848712e-01
    1.850000   0.69639591  2.1453925428301060e-01
    1.850000   0.76116325  1.6552955208623937e-01
    1.850000   0.82593158  1.2813175350937533e-01
    1.850000   0.89070068  9.9583801057934074e-02
    1.850000   0.95547037  7.7807165360273670e-02
    1.850000   1.02024053  6.1208655885542564e-02
    1.850000   1.08501108  4.8568977197382589e-02
    1.850000   1.14978193  3.8963850119953090e-02
    1.850000   1.21455301  3.1701097413544592e-02
    1.850000   1.27932429  2.6269333488024956e-02
    1.850000   1.34409571  2.2296949084197746e-02
    1.850000   1.40886724  1.9520421871132940e-02
    1.850000   1.47363885  1.7760838148265869e-02
    1.850000   1.53841049  1.6907479280549333e-02
    1.850000   1.60318216  1.6907479108026025e-02
    1.850000   1.66795381  1.7760837694413074e-02
    1.850000   1.73272541  1.9520421351944737e-02
    1.850000   1.79749694  2.2296948949573198e-02
    1.850000   1.86226837  2.6269334583690983e-02
    1.850000   1.92703964  3.1701101270502734e-02
    1.850000   1.99181073  3.8963859457322683e-02
    1.850000   2.05658157  4.8568996790650361e-02
    1.850000   2.12135212  6.1208694067629119e-02
    1.850000   2.18612229  7.7807236625297996e-02
    1.850000   2.25089198  9.9583930591825395e-02
    1.850000   2.31566107  1.2813198508458948e-01
    1.850000   2.38042940  1.6552996179451082e-01
    1.850000   2.44519674  2.1453997425744295e-01
    1.850000   2.50996278  2.7904411227689807e-01
    1.850000   2.57472706  3.6508420856562884e-01
    1.850000   2.63948889  4.8323935219852326e-01
    1.850000   2.70424717  6.5341527323774473e-01
    1.850000   2.76900006  9.1240854811706451e-01
    1.850000   2.83374417  1.3200396923873685e+00
    1.850000   2.89847256  1.9477538316170655e+00
    1.850000   2.96316844  2.8211427535153777e+00
    1.850000   3.02777863  3.8131628471801298e+00
    1.850000   3.09200950  4.5892899377863978e+00
    1.900000   0.04958315  2.9044327468336020e+00
    1.900000   0.11381403  2.4894596097167607e+00
    1.900000   0.17842421  1.9373148277104413e+00
    1.900000   0.24312010  1.4214844359746335e+00
    1.900000   0.30784849  1.0222003834730553e+00
    1.900000   0.37259260  7.4066366003964867e-01
    1.900000   0.43734549  5.4697549128950340e-01
    1.900000   0.50210377  4.1125931725356146e-01
    1.900000   0.56686560  3.1295292388793122e-01
    1.900000   0.63162987  2.3970994062029186e-01
    1.900000   0.69639591  1.8423174146629687e-01
    1.900000   0.76116325  1.4192100803029617e-01
    1.900000   0.82593158  1.0960808636315321e-01
    1.900000   0.89070068  8.4950335868375471e-02
    1.900000   0.95547037  6.6156623056536856e-02
    1.900000   1.02024053  5.1846783780235953e-02
    1.900000   1.08501108  4.0963116783877623e-02
    1.900000   1.14978193  3.2703566322198487e-02
    1.900000   1.21455301  2.6467287743033537e-02
    1.900000   1.27932429  2.1810121088934129e-02
    1.900000   1.34409571  1.8409059126040340e-02
    1.900000   1.40886724  1.6034847832550533e-02
    1.900000   1.47363885  1.4531710963617191e-02
    1.900000   1.53841049  1.3803182965930118e-02
    1.900000   1.60318216  1.3803182876550248e-02
    1.900000   1.66795381  1.4531710743602648e-02
    1.900000   1.73272541  1.6034847645057852e-02
    1.900000   1.79749694  1.8409059310919823e-02
    1.900000   1.86226837  2.1810122284825598e-02
    1.900000   1.92703964  2.6467291105022502e-02
    1.900000   1.99181073  3.2703573898498831e-02
    1.900000   2.05658157  4.0963132162951672e-02
    1.900000   2.12135212  5.1846813202246836e-02
    1.900000   2.18612229  6.6156677325188346e-02
    1.900000   2.25089198  8.4950433642408368e-02
    1.900000   2.31566107  1.0960825981549842e-01
    1.900000   2.38042940  1.4192131252708770e-01
    1.900000   2.44519674  1.8423227193262762e-01
    1.900000   2.50996278  2.3971085862956865e-01
    1.900000   2.57472706  3.1295450085783233e-01
    1.900000   2.63948889  4.1126199895974747e-01
    1.900000   2.70424717  5.4697998316408591e-01
    1.900000   2.76900006  7.4067101303047433e-01
    1.900000   2.83374417  1.0222120153953980e+00
    1.900000   2.89847256  1.4215019552334289e+00
    1.900000   2.96316844  1.9373394948923963e+00
    1.900000   3.02777863  2.4894914344461747e+00
    1.900000   3.09200950  2.9044696825959750e+00
    1.950000   0.04958315  1.9564289122044871e+00
    1.950000   0.11381403  1.7207528077626519e+00
    1.950000   0.17842421  1.3952492135183647e+00
    1.950000   0.24312010  1.0739884383530622e+00
    1.950000   0.30784849  8.0797397908556656e-01
    1.950000   0.37259260  6.0640918821520151e-01
    1.950000   0.43734549  4.5825847561171518e-01
    1.950000   0.50210377  3.4899464112245110e-01
    1.950000   0.56686560  2.6716961024563152e-01
    1.950000   0.63162987  2.0506808160413700e-01
    1.950000   0.69639591  1.5760343231645316e-01
    1.950000   0.76116325  1.2126353177679136e-01
    1.950000   0.82593158  9.3471986623866826e-02
    1.950000   0.89070068  7.2259676937090705e-02
    1.950000   0.95547037  5.6097705601811411e-02
    1.950000   1.02024053  4.3800312174722834e-02
    1.950000   1.08501108  3.4456208867099943e-02
    1.950000   1.14978193  2.7373293966687341e-02
    1.950000   1.21455301  2.2032466362093626e-02
    1.950000   1.27932429  1.8049547050851229e-02
    1.950000   1.34409571  1.5144825582677057e-02
    1.950000   1.40886724  1.3119559413328688e-02
    1.950000   1.47363885  1.1838574319417402e-02
    1.950000   1.53841049  1.1218099676287849e-02
    1.950000   1.60318216  1.1218099645908938e-02
    1.950000   1.66795381  1.1838574264553882e-02
    1.950000   1.73272541  1.3119559456954290e-02
    1.950000   1.79749694  1.5144825980891110e-02
    1.950000   1.86226837  1.8049548284642680e-02
    1.950000   1.92703964  2.2032469300481642e-02
    1.950000   1.99181073  2.7373300147989648e-02
    1.950000   2.05658157  3.4456220979714916e-02
    1.950000   2.12135212  4.3800334877532231e-02
    1.950000   2.18612229  5.6097746923694923e-02
    1.950000   2.25089198  7.2259750661166577e-02
    1.950000   2.31566107  9.3472116332767266e-02
    1.950000   2.38042940  1.2126375765681072e-01
    1.950000   2.44519674  1.5760382242191992e-01
    1.950000   2.50996278  2.0506875000612257e-01
    1.950000   2.57472706  2.6717074496712367e-01
    1.950000   2.63948889  3.4899654388113727e-01
    1.950000   2.70424717  4.5826161055592524e-01
    1.950000   2.76900006  6.0641422349721052e-01
    1.950000   2.83374417  8.0798177896878876e-01
    1.950000   2.89847256  1.0739999309783672e+00
    1.950000   2.96316844  1.3952650589436904e+00
    1.950000   3.02777863  1.7207728983236517e+00
    1.950000   3.09200950  1.9564519757380954e+00
    2.000000   0.04958315  1.3881267464020310e+00
    2.000000   0.11381403  1.2461235293656907e+00
    2.000000   0.17842421  1.0432116653056993e+00
    2.000000   0.24312010  8.3281347537036621e-01
    2.000000   0.30784849  6.4801634668399621e-01
    2.000000   0.37259260  4.9925192987075245e-01
    2.000000   0.43734549  3.8390903162784751e-01
    2.000000   0.50210377  2.9534062010615142e-01
    2.000000   0.56686560  2.2724707922257101e-01
    2.000000   0.63162987  1.7477734088746671e-01
    2.000000   0.69639591  1.3435290721720058e-01
    2.000000   0.76116325  1.0328149238655064e-01
    2.000000   0.82593158  7.9476634523731951e-02
    2.000000   0.89070068  6.1295158700324794e-02
    2.000000   0.95547037  4.7442125078262974e-02
    2.000000   1.02024053  3.6905876240656749e-02
    2.000000   1.08501108  2.8905899941639810e-02
    2.000000   1.14978193  2.2847950553143127e-02
    2.000000   1.21455301  1.8285476912080861e-02
    2.000000   1.27932429  1.4887450638316395e-02
    2.000000   1.34409571  1.2412503642760522e-02
    2.000000   1.40886724  1.0688913973453109e-02
    2.000000   1.47363885  9.5997589076840476e-03
    2.000000   1.53841049  9.0725194386253039e-03
    2.000000   1.60318216  9.0725194489833013e-03
    2.000000   1.66795381  9.5997589660484200e-03
    2.000000   1.73272541  1.0688914172325240e-02
    2.000000   1.79749694  1.2412504174691544e-02
    2.000000   1.86226837  1.4887451864652389e-02
    2.000000   1.92703964  1.8285479484855177e-02
    2.000000   1.99181073  2.2847955624454668e-02
    2.000000   2.05658157  2.8905909519792217e-02
    2.000000   2.12135212  3.6905893793998383e-02
    2.000000   2.18612229  4.7442156556888555e-02
    2.000000   2.25089198  6.1295214258746886e-02
    2.000000   2.31566107  7.9476731405826895e-02
    2.000000   2.38042940  1.0328165969902335e-01
    2.000000   2.44519674  1.3435319366972243e-01
    2.000000   2.50996278  1.7477782693593924e-01
    2.000000   2.57472706  2.2724789511642010e-01
    2.000000   2.63948889  2.9534197033045956e-01
    2.000000   2.70424717  3.8391122255025334e-01
    2.000000   2.76900006  4.9925538869891622e-01
    2.000000   2.83374417  6.4802160493172256e-01
    2.000000   2.89847256  8.3282107517430337e-01
    2.000000   2.96316844  1.0432219553592874e+00
    2.000000   3.02777863  1.2461363846962530e+00
    2.000000   3.09200950  1.3881413690579565e+00
    2.050000   0.04958315  1.0257044373426667e+00
    2.050000   0.11381403  9.3525586653056858e-01
    2.050000   0.17842421  8.0207522989636526e-01
    2.050000   0.24312010  6.5795033677517156e-01
    2.050000   0.30784849  5.2491832727642829e-01
    2.050000   0.37259260  4.1240947836202257e-01
    2.050000   0.43734549  3.2140246396630601e-01
    2.050000   0.50210377  2.4927297206154098e-01
    2.050000   0.56686560  1.9264322275433576e-01
    2.050000   0.63162987  1.4845177354051337e-01
    2.050000   0.69639591  1.1416043338258663e-01
    2.050000   0.76116325  8.7699782187861161e-02
    2.050000   0.82593158  6.7385449984207049e-02
    2.050000   0.89070068  5.1854468247579132e-02
    2.050000   0.95547037  4.0017165810239716e-02
    2.050000   1.02024053  3.1015564372720572e-02
    2.050000   1.08501108  2.4184625125793759e-02
    2.050000   1.14978193  1.9016411784573611e-02
    2.050000   1.21455301  1.5128300167158239e-02
    2.050000   1.27932429  1.2236075928554300e-02
    2.050000   1.34409571  1.0132146025941494e-02
    2.050000   1.40886724  8.6686014723922709e-03
    2.050000   1.47363885  7.7446142740042242e-03
    2.050000   1.53841049  7.2975932235104964e-03
    2.050000   1.60318216  7.2975932609339322e-03
    2.050000   1.66795381  7.7446144067745293e-03
    2.050000   1.73272541  8.6686017699664098e-03
    2.050000   1.79749694  1.0132146632790846e-02
    2.050000   1.86226837  1.2236077115497925e-02
    2.050000   1.92703964  1.5128302422152358e-02
    2.050000   1.99181073  1.9016415968108914e-02
    2.050000   2.05658157  2.4184632733958728e-02
    2.050000   2.12135212  3.1015577980466842e-02
    2.050000   2.18612229  4.0017189815437844e-02
    2.050000   2.25089198  5.1854510112944473e-02
    2.050000   2.31566107  6.7385522290800748e-02
    2.050000   2.38042940  8.7699905978704668e-02
    2.050000   2.44519674  1.1416064347514414e-01
    2.050000   2.50996278  1.4845212664607346e-01
    2.050000   2.57472706  1.9264380913209839e-01
    2.050000   2.63948889  2.4927393052999205e-01
    2.050000   2.70424717  3.2140399744485970e-01
    2.050000   2.76900006  4.1241186157659404e-01
    2.050000   2.83374417  5.2492188991787136e-01
    2.050000   2.89847256  6.5795539911770329e-01
    2.050000   2.96316844  8.0208197718353513e-01
    2.050000   3.02777863  9.3526418965516522e-01
    2.050000   3.09200950  1.0257138310863523e+00
    2.100000   0.04958315  7.8107360349454436e-01
    2.100000   0.11381403  7.2053902164587924e-01
    2.100000   0.17842421  6.2910153627670418e-01
    2.100000   0.24312010  5.2655368891021193e-01
    2.100000   0.30784849  4.2798628834962438e-01
    2.100000   0.37259260  3.4128202304278743e-01
    2.100000   0.43734549  2.6877398352750148e-01
    2.100000   0.50210377  2.0985352429397908e-01
    2.100000   0.56686560  1.6280348748695556e-01
    2.100000   0.63162987  1.2569188992370270e-01
    2.100000   0.69639591  9.6706448059274405e-02
    2.100000   0.76116325  7.4253387447399496e-02
    2.100000   0.82593158  5.6976742602799682e-02
    2.100000   0.89070068  4.3751687827971279e-02
    2.100000   0.95547037  3.3666339821023017e-02
    2.100000   1.02024053  2.5996815317306195e-02
    2.100000   1.08501108  2.0179074885825043e-02
    2.100000   1.14978193  1.5780724930260562e-02
    2.100000   1.21455301  1.2475114126162873e-02
    2.100000   1.27932429  1.0019037939127621e-02
    2.100000   1.34409571  8.2345116988929781e-03
    2.100000   1.40886724  6.9945189854030481e-03
    2.100000   1.47363885  6.2123643313747381e-03
    2.100000   1.53841049  5.8341800263661970e-03
    2.100000   1.60318216  5.8341800807443682e-03
    2.100000   1.66795381  6.2123645098897022e-03
    2.100000   1.73272541  6.9945193401319133e-03
    2.100000   1.79749694  8.2345123380319421e-03
    2.100000   1.86226837  1.0019039065197690e-02
    2.100000   1.92703964  1.2475116103420388e-02
    2.100000   1.99181073  1.5780728399689747e-02
    2.100000   2.05658157  2.0179080958917933e-02
    2.100000   2.12135212  2.5996825900636910e-02
    2.100000   2.18612229  3.3666358156891431e-02
    2.100000   2.25089198  4.3751719388005123e-02
    2.100000   2.31566107  5.6976796547313809e-02
    2.100000   2.38042940  7.4253478964719108e-02
    2.100000   2.44519674  9.6706602009462933e-02
    2.100000   2.50996278  1.2569214626631070e-01
    2.100000   2.57472706  1.6280390880667153e-01
    2.100000   2.63948889  2.0985420500828417e-01
    2.100000   2.70424717  2.6877505851797989e-01
    2.100000   2.76900006  3.4128366998714932e-01
    2.100000   2.83374417  4.2798871343931527e-01
    2.100000   2.89847256  5.2655708335044360e-01
    2.100000   2.96316844  6.2910599866830486e-01
    2.100000   3.02777863  7.2054446620046220e-01
    2.100000   3.09200950  7.8107970738050037e-01
    2.150000   0.04958315  6.0770757522425567e-01
    2.150000   0.11381403  5.6546165254168668e-01
    2.150000   0.17842421  5.0029577776470013e-01
    2.150000   0.24312010  4.2506538927312015e-01
    2.150000   0.30784849  3.5038108179811611e-01
    2.150000   0.37259260  2.8261919894613663e-01
    2.150000   0.43734549  2.2445003588675622e-01
    2.150000   0.50210377  1.7623201014117573e-01
    2.150000   0.56686560  1.3718795985951907e-01
    2.150000   0.63162987  1.0610513538825724e-01
    2.150000   0.69639591  8.1683188543574911e-02
    2.150000   0.76116325  6.2693138519353042e-02
    2.150000   0.82593158  4.8046169006861976e-02
    2.150000   0.89070068  3.6818019197862178e-02
    2.150000   0.95547037  2.8249215365021188e-02
    2.150000   1.02024053  2.1731782252914753e-02
    2.150000   1.08501108  1.6789316016133066e-02
    2.150000   1.14978193  1.3055102242338832e-02
    2.150000   1.21455301  1.0251221746544631e-02
    2.150000   1.27932429  8.1702184692421954e-03
    2.150000   1.34409571  6.6599481482086101e-03
    2.150000   1.40886724  5.6116487490430363e-03
    2.150000   1.47363885  4.9509851402779045e-03
    2.150000   1.53841049  4.6317252347157110e-03
    2.150000   1.60318216  4.6317252986779476e-03
    2.150000   1.66795381  4.9509853436953237e-03
    2.150000   1.73272541  5.6116491309193169e-03
    2.150000   1.79749694  6.6599487894461896e-03
    2.150000   1.86226837  8.1702195209799218e-03
    2.150000   1.92703964  1.0251223480048805e-02
    2.150000   1.99181073  1.3055105133843602e-02
    2.150000   2.05658157  1.6789320889196668e-02
    2.150000   2.12135212  2.1731790515508668e-02
    2.150000   2.18612229  2.8249229401545613e-02
    2.150000   2.25089198  3.6818043010999835e-02
    2.150000   2.31566107  4.8046209253320420e-02
    2.150000   2.38042940  6.2693206145148631e-02
    2.150000   2.44519674  8.1683301282369156e-02
    2.150000   2.50996278  1.0610532139042689e-01
    2.150000   2.57472706  1.3718826255359284e-01
    2.150000   2.63948889  1.7623249387407522e-01
    2.150000   2.70424717  2.2445079063721471e-01
    2.150000   2.76900006  2.8262034026599342e-01
    2.150000   2.83374417  3.5038273965410455e-01
    2.150000   2.89847256  4.2506767893125763e-01
    2.150000   2.96316844  5.0029875157825643e-01
    2.150000   3.02777863  5.6546524640309226e-01
    2.150000   3.09200950  6.0771158103346978e-01
    2.200000   0.04958315  4.7992920543423212e-01
    2.200000   0.11381403  4.4943336779211562e-01
    2.200000   0.17842421  4.0159377333835311e-01
    2.200000   0.24312010  3.4508030185996780e-01
    2.200000   0.30784849  2.8753053877801377e-01
    2.200000   0.37259260  2.3402907533090231e-01
    2.200000   0.43734549  1.8714075612665185e-01
    2.200000   0.50210377  1.4764414418431102e-01
    2.200000   0.56686560  1.1528717795155675e-01
    2.200000   0.63162987  8.9318330154509754e-02
    2.200000   0.69639591  6.8801643308753005e-02
    2.200000   0.76116325  5.2788858348125335e-02
    2.200000   0.82593158  4.0407725964816760e-02
    2.200000   0.89070068  3.0901656301538807e-02
    2.200000   0.95547037  2.3640734686828358e-02
    2.200000   1.02024053  1.8116386946081357e-02
    2.200000   1.08501108  1.3927728707387158e-02
    2.200000   1.14978193  1.0764813963073995e-02
    2.200000   1.21455301  8.3919357829012262e-03
    2.200000   1.27932429  6.6326594391003611e-03
    2.200000   1.34409571  5.3572994593028851e-03
    2.200000   1.40886724  4.4729812325200614e-03
    2.200000   1.47363885  3.9161396637257808e-03
    2.200000   1.53841049  3.6472017017303562e-03
    2.200000   1.60318216  3.6472017699983221e-03
    2.200000   1.66795381  3.9161398771727128e-03
    2.200000   1.73272541  4.4729816203407562e-03
    2.200000   1.79749694  5.3573000819179799e-03
    2.200000   1.86226837  6.6326604090993441e-03
    2.200000   1.92703964  8.3919373018431897e-03
    2.200000   1.99181073  1.0764816383890508e-02
    2.200000   2.05658157  1.3927732638674870e-02
    2.200000   2.12135212  1.8116393424872364e-02
    2.200000   2.18612229  2.3640745462264186e-02
    2.200000   2.25089198  3.0901674295162867e-02
    2.200000   2.31566107  4.0407756004834379e-02
    2.200000   2.38042940  5.2788908311838023e-02
    2.200000   2.44519674  6.8801725835490324e-02
    2.200000   2.50996278  8.9318465073291969e-02
    2.200000   2.57472706  1.1528739542347897e-01
    2.200000   2.63948889  1.4764448815220380e-01
    2.200000   2.70424717  1.8714128682713377e-01
    2.200000   2.76900006  2.3402986831516817e-01
    2.200000   2.83374417  2.8753167657506257e-01
    2.200000   2.89847256  3.4508185458372198e-01
    2.200000   2.96316844  4.0159576856156870e-01
    2.200000   3.02777863  4.4943575893175036e-01
    2.200000   3.09200950  4.7993185724756593e-01
    2.250000   0.04958315  3.8288470767642568e-01
    2.250000   0.11381403  3.6028454673116961e-01
    2.250000   0.17842421  3.2435620679002775e-01
    2.250000   0.24312010  2.8113796403566949e-01
    2.250000   0.30784849  2.3623771449270842e-01
    2.250000   0.37259260  1.9368613789349634e-01
    2.250000   0.43734549  1.5577057038723569e-01
    2.250000   0.50210377  1.2340778929961733e-01
    2.250000   0.56686560  9.6630688578008703e-02
    2.250000   0.63162987  7.4984740178268616e-02
    2.250000   0.69639591  5.7795332587443370e-02
    2.250000   0.76116325  4.4330757521184296e-02
    2.250000   0.82593158  3.3893782240836307e-02
    2.250000   0.89070068  2.5867125374588556e-02
    2.250000   0.95547037  1.9730235746538292e-02
    2.250000   1.02024053  1.5059214810976855e-02
    2.250000   1.08501108  1.1517868582998749e-02
    2.250000   1.14978193  8.8450607909214187e-03
    2.250000   1.21455301  6.8414798530529427e-03
    2.250000   1.27932429  5.3574978036408476e-03
    2.250000   1.34409571  4.2828734378486917e-03
    2.250000   1.40886724  3.5385089406201370e-03
    2.250000   1.47363885  3.0701904379262035e-03
    2.250000   1.53841049  2.8441321555417033e-03
    2.250000   1.60318216  2.8441322244213496e-03
    2.250000   1.66795381  3.0701906510470218e-03
    2.250000   1.73272541  3.5385093198355452e-03
    2.250000   1.79749694  4.2828740282492639e-03
    2.250000   1.86226837  5.3574986889722634e-03
    2.250000   1.92703964  6.8414811827651519e-03
    2.250000   1.99181073  8.8450628259201126e-03
    2.250000   2.05658157  1.1517871771836153e-02
    2.250000   2.12135212  1.5059219915447205e-02
    2.250000   2.18612229  1.9730244046546157e-02
    2.250000   2.25089198  2.5867138997739108e-02
    2.250000   2.31566107  3.3893804682450922e-02
    2.250000   2.38042940  4.4330794442087332e-02
    2.250000   2.44519674  5.7795392988629207e-02
    2.250000   2.50996278  7.4984838026112791e-02
    2.250000   2.57472706  9.6630844837202454e-02
    2.250000   2.63948889  1.2340803403907974e-01
    2.250000   2.70424717  1.5577094407038591e-01
    2.250000   2.76900006  1.9368669016997928e-01
    2.250000   2.83374417  2.3623849813444550e-01
    2.250000   2.89847256  2.8113902204650698e-01
    2.250000   2.96316844  3.2435755346150730e-01
    2.250000   3.02777863  3.6028614876737519e-01
    2.250000   3.09200950  3.8288647652064095e-01
    2.300000   0.04958315  3.0754277247571327e-01
    2.300000   0.11381403  2.9045725445187687e-01
    2.300000   0.17842421  2.6301002083631747e-01
    2.300000   0.24312010  2.2951981756175316e-01
    2.300000   0.30784849  1.9417172449192444e-01
    2.300000   0.37259260  1.6015475103230792e-01
    2.300000   0.43734549  1.2943223045620933e-01
    2.300000   0.50210377  1.0291806908266672e-01
    2.300000   0.56686560  8.0790922416181563e-02
    2.300000   0.63162987  6.2787578533872915e-02
    2.300000   0.69639591  4.8421958064441835e-02
    2.300000   0.76116325  3.7129662721039750e-02
    2.300000   0.82593158  2.8354494311750827e-02
    2.300000   0.89070068  2.1594308585393632e-02
    2.300000   0.95547037  1.6420321486430179e-02
    2.300000   1.02024053  1.2480350503788170e-02
    2.300000   1.08501108  9.4933246898752360e-03
    2.300000   1.14978193  7.2398770110074498e-03
    2.300000   1.21455301  5.5519427671501627e-03
    2.300000   1.27932429  4.3029687672159296e-03
    2.300000   1.34409571  3.3994870532860341e-03
    2.300000   1.40886724  2.7743050444255933e-03
    2.300000   1.47363885  2.3813009717400524e-03
    2.300000   1.53841049  2.1917021644371794e-03
    2.300000   1.60318216  2.1917022314229162e-03
    2.300000   1.66795381  2.3813011775654850e-03
    2.300000   1.73272541  2.7743054054621594e-03
    2.300000   1.79749694  3.3994876031785306e-03
    2.300000   1.86226837  4.3029695681856333e-03
    2.300000   1.92703964  5.5519439297992031e-03
    2.300000   1.99181073  7.2398787277478810e-03
    2.300000   2.05658157  9.4933272904234138e-03
    2.300000   2.12135212  1.2480354546237983e-02
    2.300000   2.18612229  1.6420327904910052e-02
    2.300000   2.25089198  2.1594318925719242e-02
    2.300000   2.31566107  2.8354511099375087e-02
    2.300000   2.38042940  3.7129690018005680e-02
    2.300000   2.44519674  4.8422002275226174e-02
    2.300000   2.50996278  6.2787649494447637e-02
    2.300000   2.57472706  8.0791034710566104e-02
    2.300000   2.63948889  1.0291824332551522e-01
    2.300000   2.70424717  1.2943249391664421e-01
    2.300000   2.76900006  1.6015513649538679e-01
    2.300000   2.83374417  1.9417226592238240e-01
    2.300000   2.89847256  2.2952054153819293e-01
    2.300000   2.96316844  2.6301093456168606e-01
    2.300000   3.02777863  2.9045833436580198e-01
    2.300000   3.09200950  3.0754396019246105e-01
    2.350000   0.04958315  2.4812648477467913e-01
    2.350000   0.11381403  2.3501717930823962e-01
    2.350000   0.17842421  2.1378294873890258e-01
    2.350000   0.24312010  1.8757945071788620e-01
    2.350000   0.30784849  1.5957078781708681e-01
    2.350000   0.37259260  1.3227976347060880e-01
    2.350000   0.43734549  1.0735514651441636e-01
    2.350000   0.50210377  8.5641870819674268e-02
    2.350000   0.56686560  6.7384053773330496e-02
    2.350000   0.63162987  5.2441151779949645e-02
    2.350000   0.69639591  4.0463637764440868e-02
    2.350000   0.76116325  3.1016484188748385e-02
    2.350000   0.82593158  2.3656842102391093e-02
    2.350000   0.89070068  1.7977296450625804e-02
    2.350000   0.95547037  1.3625671087023717e-02
    2.350000   1.02024053  1.0310218091996047e-02
    2.350000   1.08501108  7.7966178704330239e-03
    2.350000   1.14978193  5.9010952636703836e-03
    2.350000   1.21455301  4.4823074870952648e-03
    2.350000   1.27932429  3.4334916877690057e-03
    2.350000   1.34409571  2.6755995560965428e-03
    2.350000   1.40886724  2.1516926888250076e-03
    2.350000   1.47363885  1.8226295073710725e-03
    2.350000   1.53841049  1.6639662155743563e-03
    2.350000   1.60318216  1.6639662790428819e-03
    2.350000   1.66795381  1.8226297014423093e-03
    2.350000   1.73272541  2.1516930257855582e-03
    2.350000   1.79749694  2.6756000610659142e-03
    2.350000   1.86226837  3.4334924069472118e-03
    2.350000   1.92703964  4.4823085022018087e-03
    2.350000   1.99181073  5.9010967162780046e-03
    2.350000   2.05658157  7.7966200022582541e-03
    2.350000   2.12135212  1.0310221310762794e-02
    2.350000   2.18612229  1.3625676072662940e-02
    2.350000   2.25089198  1.7977304323510104e-02
    2.350000   2.31566107  2.3656854683459076e-02
    2.350000   2.38042940  3.1016504388248049e-02
    2.350000   2.44519674  4.0463670135032541e-02
    2.350000   2.50996278  5.2441203247329662e-02
    2.350000   2.57472706  6.7384134489858874e-02
    2.350000   2.63948889  8.5641994943266103e-02
    2.350000   2.70424717  1.0735533247794453e-01
    2.350000   2.76900006  1.3228003302025901e-01
    2.350000   2.83374417  1.5957116294617474e-01
    2.350000   2.89847256  1.8757994796970431e-01
    2.350000   2.96316844  2.1378357157055672e-01
    2.350000   3.02777863  2.3501791115275300e-01
    2.350000   3.09200950  2.4812728689899749e-01
    2.400000   0.04958315  2.0075511466514498e-01
    2.400000   0.11381403  1.9058623252983065e-01
    2.400000   0.17842421  1.7400612857497705e-01
    2.400000   0.24312010  1.5335987232758774e-01
    2.400000   0.30784849  1.3106426229225346e-01
    2.400000   0.37259260  1.0911640574020286e-01
    2.400000   0.43734549  8.8882477334239152e-02
    2.400000   0.50210377  7.1112016469147998e-02
    2.400000   0.56686560  5.6068942034378559e-02
    2.400000   0.63162987  4.3690475653702987e-02
    2.400000   0.69639591  3.3726220815428927e-02
    2.400000   0.76116325  2.5841203096451063e-02
    2.400000   0.82593158  1.9683446234061170e-02
    2.400000   0.89070068  1.4923165907446183e-02
    2.400000   0.95547037  1.1271854150208744e-02
    2.400000   1.02024053  8.4884654765370621e-03
    2.400000   1.08501108  6.3781656797171063e-03
    2.400000   1.14978193  4.7873899632370175e-03
    2.400000   1.21455301  3.5975652578998539e-03
    2.400000   1.27932429  2.7188445464650444e-03
    2.400000   1.34409571  2.0845357972244386e-03
    2.400000   1.40886724  1.6465051884155498e-03
    2.400000   1.47363885  1.3716138932257447e-03
    2.400000   1.53841049  1.2391449515702958e-03
    2.400000   1.60318216  1.2391450105451187e-03
    2.400000   1.66795381  1.3716140729211231e-03
    2.400000   1.73272541  1.6465054980800925e-03
    2.400000   1.79749694  2.0845362556415146e-03
    2.400000   1.86226837  2.7188451879393348e-03
    2.400000   1.92703964  3.5975661427346322e-03
    2.400000   1.99181073  4.7873911953738250e-03
    2.400000   2.05658157  6.3781674358844194e-03
    2.400000   2.12135212  8.4884680537444576e-03
    2.400000   2.18612229  1.1271858041957241e-02
    2.400000   2.25089198  1.4923171923641603e-02
    2.400000   2.31566107  1.9683455684745749e-02
    2.400000   2.38042940  2.5841218063095379e-02
    2.400000   2.44519674  3.3726244530789935e-02
    2.400000   2.50996278  4.3690512992612909e-02
    2.400000   2.57472706  5.6069000067975820e-02
    2.400000   2.63948889  7.1112104936192938e-02
    2.400000   2.70424717  8.8882608729210222e-02
    2.400000   2.76900006  1.0911659454717269e-01
    2.400000   2.83374417  1.3106452283306191e-01
    2.400000   2.89847256  1.5336021496663829e-01
    2.400000   2.96316844  1.7400655482572458e-01
    2.400000   3.02777863  1.9058673078923874e-01
    2.400000   3.09200950  2.0075565909497001e-01
    2.450000   0.04958315  1.6270319147101395e-01
    2.450000   0.11381403  1.5475176207733266e-01
    2.450000   0.17842421  1.4171809926673490e-01
    2.450000   0.24312010  1.2536802358014912e-01
    2.450000   0.30784849  1.0756233275375920e-01
    2.450000   0.37259260  8.9883461666680806e-02
    2.450000   0.43734549  7.3453678041037779e-02
    2.450000   0.50210377  5.8921306635490049e-02
    2.450000   0.56686560  4.6544889129631055e-02
    2.450000   0.63162987  3.6309923759682457e-02
    2.450000   0.69639591  2.8038025321571527e-02
    2.450000   0.76116325  2.1471573909941331e-02
    2.450000   0.82593158  1.6331277156292220e-02
    2.450000   0.89070068  1.2350748059394180e-02
    2.450000   0.95547037  9.2941860787018275e-03
    2.450000   1.02024053  6.9629162932553631e-03
    2.450000   1.08501108  5.1953276867501182e-03
    2.450000   1.14978193  3.8634069736243428e-03
    2.450000   1.21455301  2.8679181899422066e-03
    2.450000   1.27932429  2.1334271892794071e-03
    2.450000   1.34409571  1.6037977801426717e-03
    2.450000   1.40886724  1.2384336521794699e-03
    2.450000   1.47363885  1.0093431773199380e-03
    2.450000   1.53841049  8.9900872475417103e-04
    2.450000   1.60318216  8.9900877872581590e-04
    2.450000   1.66795381  1.0093433413408744e-03
    2.450000   1.73272541  1.2384339332422415e-03
    2.450000   1.79749694  1.6037981923308618e-03
    2.450000   1.86226837  2.1334277580866935e-03
    2.450000   1.92703964  2.8679189598340600e-03
    2.450000   1.99181073  3.8634080207651067e-03
    2.450000   2.05658157  5.1953291400076221e-03
    2.450000   2.12135212  6.9629183683388995e-03
    2.450000   2.18612229  9.2941891327157113e-03
    2.450000   2.25089198  1.2350752676161113e-02
    2.450000   2.31566107  1.6331284276000904e-02
    2.450000   2.38042940  2.1471585018440646e-02
    2.450000   2.44519674  2.8038042711419391e-02
    2.450000   2.50996278  3.6309950860293538e-02
    2.450000   2.57472706  4.6544930867676360e-02
    2.450000   2.63948889  5.8921369718861603e-02
    2.450000   2.70424717  7.3453770960007103e-02
    2.450000   2.76900006  8.9883594104973638e-02
    2.450000   2.83374417  1.0756251408619266e-01
    2.450000   2.89847256  1.2536826033935639e-01
    2.450000   2.96316844  1.4171839198873498e-01
    2.450000   3.02777863  1.5475210265665115e-01
    2.450000   3.09200950  1.6270356258664970e-01
    2.500000   0.04958315  1.3198252824373924e-01
    2.500000   0.11381403  1.2572841960562336e-01
    2.500000   0.17842421  1.1543216645613039e-01
    2.500000   0.24312010  1.0243709832311726e-01
    2.500000   0.30784849  8.8184854328112960e-02
    2.500000   0.37259260  7.3930496905722412e-02
    2.500000   0.43734549  6.0590567043537893e-02
    2.500000   0.50210377  4.8716602462911915e-02
    2.500000   0.56686560  3.8548711401875914e-02
    2.500000   0.63162987  3.0101297100873285e-02
    2.500000   0.69639591  2.3248238306392058e-02
    2.500000   0.76116325  1.7791677397837144e-02
    2.500000   0.82593158  1.3510331346354916e-02
    2.500000   0.89070068  1.0189427252011746e-02
    2.500000   0.95547037  7.6366476696574067e-03
    2.500000   1.02024053  5.6886015517831345e-03
    2.500000   1.08501108  4.2115368499727208e-03
    2.500000   1.14978193  3.0989809871166739e-03
    2.500000   1.21455301  2.2680688737932724e-03
    2.500000   1.27932429  1.6556099414254941e-03
    2.500000   1.34409571  1.2144596761127812e-03
    2.500000   1.40886724  9.1045634741240974e-04
    2.500000   1.47363885  7.2000966490038147e-04
    2.500000   1.53841049  6.2834094255176203e-04
    2.500000   1.60318216  6.2834099134149166e-04
    2.500000   1.66795381  7.2000981288177749e-04
    2.500000   1.73272541  9.1045659990441556e-04
    2.500000   1.79749694  1.2144600437185803e-03
    2.500000   1.86226837  1.6556104431267708e-03
    2.500000   1.92703964  2.2680695423735395e-03
    2.500000   1.99181073  3.0989818782945150e-03
    2.500000   2.05658157  4.2115380574695360e-03
    2.500000   2.12135212  5.6886032317714020e-03
    2.500000   2.18612229  7.6366500797029153e-03
    2.500000   2.25089198  1.0189430811665994e-02
    2.500000   2.31566107  1.3510336728539038e-02
    2.500000   2.38042940  1.7791685660891475e-02
    2.500000   2.44519674  2.3248251073598306e-02
    2.500000   2.50996278  3.0101316782881984e-02
    2.500000   2.57472706  3.8548741431472598e-02
    2.500000   2.63948889  4.8716647465228767e-02
    2.500000   2.70424717  6.0590632800376777e-02
    2.500000   2.76900006  7.3930589913503514e-02
    2.500000   2.83374417  8.8184980752689060e-02
    2.500000   2.89847256  1.0243726230510933e-01
    2.500000   2.96316844  1.1543236806615882e-01
    2.500000   3.02777863  1.2572865319135418e-01
    2.500000   3.09200950  1.3198278214406969e-01
    2.550000   0.04958315  1.0709758577548699e-01
    2.550000   0.11381403  1.0215730057755928e-01
    2.550000   0.17842421  9.3994417910893704e-02
    2.550000   0.24312010  8.3639009228589328e-02
    2.550000   0.30784849  7.2213385382332920e-02
    2.550000   0.37259260  6.0713823116323742e-02
    2.550000   0.43734549  4.9885782673778002e-02
    2.550000   0.50210377  4.0193078873621571e-02
    2.550000   0.56686560  3.1851466633296306e-02
    2.550000   0.63162987  2.4891582024160423e-02
    2.550000   0.69639591  1.9225144080059316e-02
    2.550000   0.76116325  1.4700418345680441e-02
    2.550000   0.82593158  1.1142325316296570e-02
    2.550000   0.89070068  8.3779978504103219e-03
    2.550000   0.95547037  6.2508817153525912e-03
    2.550000   1.02024053  4.6268760564884158e-03
    2.550000   1.08501108  3.3955173998047963e-03
    2.550000   1.14978193  2.4684381640385058e-03
    2.550000   1.21455301  1.7765927222966188e-03
    2.550000   1.27932429  1.2671620545447607e-03
    2.550000   1.34409571  9.0063994240213306e-04
    2.550000   1.40886724  6.4834291170024242e-04
    2.550000   1.47363885  4.9043423144201506e-04
    2.550000   1.53841049  4.1447384663846675e-04
    2.550000   1.60318216  4.1447389029583326e-04
    2.550000   1.66795381  4.9043436365955179e-04
    2.550000   1.73272541  6.4834313655584075e-04
    2.550000   1.79749694  9.0064026792468707e-04
    2.550000   1.86226837  1.2671624949125008e-03
    2.550000   1.92703964  1.7765933016982542e-03
    2.550000   1.99181073  2.4684389231861277e-03
    2.550000   2.05658157  3.3955184066862881e-03
    2.550000   2.12135212  4.6268774238028051e-03
    2.550000   2.18612229  6.2508836282192618e-03
    2.550000   2.25089198  8.3780006093021955e-03
    2.550000   2.31566107  1.1142329401369694e-02
    2.550000   2.38042940  1.4700424508860941e-02
    2.550000   2.44519674  1.9225153468581564e-02
    2.550000   2.50996278  2.4891596330667589e-02
    2.550000   2.57472706  3.1851488249079601e-02
    2.550000   2.63948889  4.0193110990036911e-02
    2.550000   2.70424717  4.9885829235286006e-02
    2.550000   2.76900006  6.0713888494225890e-02
    2.550000   2.83374417  7.2213473649500315e-02
    2.550000   2.89847256  8.3639123023213899e-02
    2.550000   2.96316844  9.3994557104118151e-02
    2.550000   3.02777863  1.0215746123278159e-01
    2.550000   3.09200950  1.0709776001330076e-01
    2.600000   0.04958315  8.6896425954596568e-02
    2.600000   0.11381403  8.2981678990538807e-02
    2.600000   0.17842421  7.6493372475569532e-02
    2.600000   0.24312010  6.8226263682879956e-02
    2.600000   0.30784849  5.9057364746810025e-02
    2.600000   0.37259260  4.9778102899333113e-02
    2.600000   0.43734549  4.0992970646097339e-02
    2.600000   0.50210377  3.3088752652473158e-02
    2.600000   0.56686560  2.6255068812175569e-02
    2.600000   0.63162987  2.0530580526997844e-02
    2.600000   0.69639591  1.5854296140371229e-02
    2.600000   0.76116325  1.2110032530919529e-02
    2.600000   0.82593158  9.1594409848463291e-03
    2.600000   0.89070068  6.8635945750815889e-03
    2.600000   0.95547037  5.0952725705095759e-03
    2.600000   1.02024053  3.7446199891980007e-03
    2.600000   1.08501108  2.7205863825320599e-03
    2.600000   1.14978193  1.9499792662895389e-03
    2.600000   1.21455301  1.3753870997514005e-03
    2.600000   1.27932429  9.5275332107291324e-04
    2.600000   1.34409571  6.4904343095941407e-04
    2.600000   1.40886724  4.4022603223472053e-04
    2.600000   1.47363885  3.0965736039092280e-04
    2.600000   1.53841049  2.4688912844065500e-04
    2.600000   1.60318216  2.4688916716720383e-04
    2.600000   1.66795381  3.0965747754319869e-04
    2.600000   1.73272541  4.4022623096987620e-04
    2.600000   1.79749694  6.4904371740337572e-04
    2.600000   1.86226837  9.5275370586646703e-04
    2.600000   1.92703964  1.3753876007748531e-03
    2.600000   1.99181073  1.9499799132723704e-03
    2.600000   2.05658157  2.7205872246785180e-03
    2.600000   2.12135212  3.7446211075600980e-03
    2.600000   2.18612229  5.0952740976294838e-03
    2.600000   2.25089198  6.8635967253320978e-03
    2.600000   2.31566107  9.1594440996451768e-03
    2.600000   2.38042940  1.2110037142916615e-02
    2.600000   2.44519674  1.5854303058515311e-02
    2.600000   2.50996278  2.0530590938005175e-02
    2.600000   2.57472706  2.6255084380792524e-02
    2.600000   2.63948889  3.3088775581500258e-02
    2.600000   2.70424717  4.0993003630305398e-02
    2.600000   2.76900006  4.9778148887672673e-02
    2.600000   2.83374417  5.9057426440074910e-02
    2.600000   2.89847256  6.8226342770209142e-02
    2.600000   2.96316844  7.6493468762042396e-02
    2.600000   3.02777863  8.2981789737472583e-02
    2.600000   3.09200950  8.6896545821670015e-02
    2.650000   0.04958315  7.0475956642538445e-02
    2.650000   0.11381403  6.7366759581924465e-02
    2.650000   0.17842421  6.2199933428467781e-02
    2.650000   0.24312010  5.5591643039378837e-02
    2.650000   0.30784849  4.8229234680886378e-02
    2.650000   0.37259260  4.0741771761243196e-02
    2.650000   0.43734549  3.3618311423924567e-02
    2.650000   0.50210377  2.7179359999567984e-02
    2.650000   0.56686560  2.1588947208116129e-02
    2.650000   0.63162987  1.6888537830635028e-02
    2.650000   0.69639591  1.3036711075684196e-02
    2.650000   0.76116325  9.9446463248312588e-03
    2.650000   0.82593158  7.5031437540575138e-03
    2.650000   0.89070068  5.6007049699716245e-03
    2.650000   0.95547037  4.1341101018788594e-03
    2.650000   1.02024053  3.0135230881000331e-03
    2.650000   1.08501108  2.1640340778003361e-03
    2.650000   1.14978193  1.5251372515189725e-03
    2.650000   1.21455301  1.0491905106564162e-03
    2.650000   1.27932429  6.9952175036908819e-04
    2.650000   1.34409571  4.4856618657182273e-04
    2.650000   1.40886724  2.7623319845562755e-04
    2.650000   1.47363885  1.6858847273284777e-04
    2.650000   1.53841049  1.1687593514139102e-04
    2.650000   1.60318216  1.1687596923433227e-04
    2.650000   1.66795381  1.6858857578101020e-04
    2.650000   1.73272541  2.7623337293192712e-04
    2.650000   1.79749694  4.4856643719511259e-04
    2.650000   1.86226837  6.9952208517796521e-04
    2.650000   1.92703964  1.0491909429111020e-03
    2.650000   1.99181073  1.5251378029343258e-03
    2.650000   2.05658157  2.1640347839138687e-03
    2.650000   2.12135212  3.0135240070009875e-03
    2.650000   2.18612229  4.1341113280703558e-03
    2.650000   2.25089198  5.6007066557446292e-03
    2.650000   2.31566107  7.5031461412091811e-03
    2.650000   2.38042940  9.9446497893745343e-03
    2.650000   2.44519674  1.3036716186455913e-02
    2.650000   2.50996278  1.6888545418016192e-02
    2.650000   2.57472706  2.1588958429819855e-02
    2.650000   2.63948889  2.7179376375910787e-02
    2.650000   2.70424717  3.3618334797686535e-02
    2.650000   2.76900006  4.0741804126055277e-02
    2.650000   2.83374417  4.8229277833831005e-02
    2.650000   2.89847256  5.5591698066909265e-02
    2.650000   2.96316844  6.2200000132639641e-02
    2.650000   3.02777863  6.7366836059518875e-02
    2.650000   3.09200950  7.0476039265360071e-02
    2.700000   0.04958315  5.7119036685276715e-02
    2.700000   0.11381403  5.4645577039290870e-02
    2.700000   0.17842421  5.0525747226726550e-02
    2.700000   0.24312010  4.5239063946171297e-02
    2.700000   0.30784849  3.9325465525831958e-02
    2.700000   0.37259260  3.3285179138373817e-02
    2.700000   0.43734549  2.7513145903988193e-02
    2.700000   0.50210377  2.2273631579096224e-02
    2.700000   0.56686560  1.7706852021710618e-02
    2.700000   0.63162987  1.3853849941104820e-02
    2.700000   0.69639591  1.0687136470313484e-02
    2.700000   0.76116325  8.1389169187995030e-03
    2.700000   0.82593158  6.1230858673228528e-03
    2.700000   0.89070068  4.5502675153396193e-03
    2.700000   0.95547037  3.3368364446541197e-03
    2.700000   1.02024053  2.4094470680068938e-03
    2.700000   1.08501108  1.7065774532173906e-03
    2.700000   1.14978193  1.1783027316380765e-03
    2.700000   1.21455301  7.8516489203391091e-04
    2.700000   1.27932429  4.9670020950446769e-04
    2.700000   1.34409571  2.8995580937346273e-04
    2.700000   1.40886724  1.4817142461708284e-04
    2.700000   1.47363885  5.9706477896277686e-05
    2.700000   1.53841049  1.7239217357302711e-05
    2.700000   1.60318216  1.7239247168702920e-05
    2.700000   1.66795381  5.9706567947593951e-05
    2.700000   1.73272541  1.4817157687123261e-04
    2.700000   1.79749694  2.8995602750755490e-04
    2.700000   1.86226837  4.9670049964371083e-04
    2.700000   1.92703964  7.8516526406122123e-04
    2.700000   1.99181073  1.1783032014361127e-03
    2.700000   2.05658157  1.7065780464132134e-03
    2.700000   2.12135212  2.4094478260865281e-03
    2.700000   2.18612229  3.3368374346931548e-03
    2.700000   2.25089198  4.5502688450033673e-03
    2.700000   2.31566107  6.1230877070647723e-03
    2.700000   2.38042940  8.1389195329732694e-03
    2.700000   2.44519674  1.0687140257570088e-02
    2.700000   2.50996278  1.3853855481025575e-02
    2.700000   2.57472706  1.7706860118121750e-02
    2.700000   2.63948889  2.2273643280652157e-02
    2.700000   2.70424717  2.7513162471430510e-02
    2.700000   2.76900006  3.3285201921679677e-02
    2.700000   2.83374417  3.9325495724286043e-02
    2.700000   2.89847256  4.5239102261604568e-02
    2.700000   2.96316844  5.0525793484626491e-02
    2.700000   3.02777863  5.4645629918692602e-02
    2.700000   3.09200950  5.7119093716799310e-02
    2.750000   0.04958315  4.6250964851004370e-02
    2.750000   0.11381403  4.4281008386127904e-02
    2.750000   0.17842421  4.0993176548088275e-02
    2.750000   0.24312010  3.6761757279030895e-02
    2.750000   0.30784849  3.2011655126599745e-02
    2.750000   0.37259260  2.7140765855723264e-02
    2.750000   0.43734549  2.2467539281826970e-02
    2.750000   0.50210377  1.8208990013389662e-02
    2.750000   0.56686560  1.4483869764318025e-02
    2.750000   0.63162987  1.1330903578051967e-02
    2.750000   0.69639591  8.7324255891887761e-03
    2.750000   0.76116325  6.6367699715571592e-03
    2.750000   0.82593158  4.9761013175393361e-03
    2.750000   0.89070068  3.6788553876031657e-03
    2.750000   0.95547037  2.6773720613198202e-03
    2.750000   1.02024053  1.9118609133855315e-03
    2.750000   1.08501108  1.3318803597835824e-03
    2.750000   1.14978193  8.9631059254598969e-04
    2.750000   1.21455301  5.7253418135734101e-04
    2.750000   1.27932429  3.3529521997487132e-04
    2.750000   1.34409571  1.6552065480717935e-04
    2.750000   1.40886724  4.9258310343434370e-05
    2.750000   1.47363885 -2.3195008144103644e-05
    2.750000   1.53841049 -5.7948092656748845e-05
    2.750000   1.60318216 -5.7948066749303047e-05
    2.750000   1.66795381 -2.3194929919318962e-05
    2.750000   1.73272541  4.9258442466515922e-05
    2.750000   1.79749694  1.6552084373226071e-04
    2.750000   1.86226837  3.3529547041960273e-04
    2.750000   1.92703964  5.7253450073927153e-04
    2.750000   1.99181073  8.9631099251521735e-04
    2.750000   2.05658157  1.3318808588055203e-03
    2.750000   2.12135212  1.9118615409866885e-03
    2.750000   2.18612229  2.6773728648735022e-03
    2.750000   2.25089198  3.6788564428077504e-03
    2.750000   2.31566107  4.9761027439085307e-03
    2.750000   2.38042940  6.6367719540411270e-03
    2.750000   2.44519674  8.7324284060267682e-03
    2.750000   2.50996278  1.1330907632483683e-02
    2.750000   2.57472706  1.4483875613220617e-02
    2.750000   2.63948889  1.8208998379222959e-02
    2.750000   2.70424717  2.2467551027040761e-02
    2.750000   2.76900006  2.7140781895428696e-02
    2.750000   2.83374417  3.2011676263091766e-02
    2.750000   2.89847256  3.6761783967537924e-02
    2.750000   2.96316844  4.0993208645671679e-02
    2.750000   3.02777863  4.4281044977365021e-02
    2.750000   3.09200950  4.6251004253326254e-02
    2.800000   0.04958315  3.7408230934034781e-02
    2.800000   0.11381403  3.5838116742356117e-02
    2.800000   0.17842421  3.3212908737634113e-02
    2.800000   0.24312010  2.9825446080273422e-02
    2.800000   0.30784849  2.6010571180803806e-02
    2.800000   0.37259260  2.2084834535855496e-02
    2.800000   0.43734549  1.8304666671408079e-02
    2.800000   0.50210377  1.4847675882338202e-02
    2.800000   0.56686560  1.1813683380650929e-02
    2.800000   0.63162987  9.2380790230638474e-03
    2.800000   0.69639591  7.1100376630634354e-03
    2.800000   0.76116325  5.3902433232604300e-03
    2.800000   0.82593158  4.0252940508082044e-03
    2.800000   0.89070068  2.9579434620313158e-03
    2.800000   0.95547037  2.1335164033919065e-03
    2.800000   1.02024053  1.5033431807983707e-03
    2.800000   1.08501108  1.0261340941993132e-03
    2.800000   1.14978193  6.6808125191843116e-04
    2.800000   1.21455301  4.0227267655205978e-04
    2.800000   1.27932429  2.0781155324714587e-04
    2.800000   1.34409571  6.8881665868034342e-05
    2.800000   1.40886724 -2.6106626286748821e-05
    2.800000   1.47363885 -8.5223738743100432e-05
    2.800000   1.53841049 -1.1355497816652352e-04
    2.800000   1.60318216 -1.1355495578044302e-04
    2.800000   1.66795381 -8.5223671169474876e-05
    2.800000   1.73272541 -2.6106512232683238e-05
    2.800000   1.79749694  6.8881828729521009e-05
    2.800000   1.86226837  2.0781176859646216e-04
    2.800000   1.92703964  4.0227295000834035e-04
    2.800000   1.99181073  6.6808159206777637e-04
    2.800000   2.05658157  1.0261345143504359e-03
    2.800000   2.12135212  1.5033437018983859e-03
    2.800000   2.18612229  2.1335170587200108e-03
    2.800000   2.25089198  2.9579443044763696e-03
    2.800000   2.31566107  4.0252951636381941e-03
    2.800000   2.38042940  5.3902448351210693e-03
    2.800000   2.44519674  7.1100397671836693e-03
    2.800000   2.50996278  9.2380819988676418e-03
    2.800000   2.57472706  1.1813687612786498e-02
    2.800000   2.63948889  1.4847681867598682e-02
    2.800000   2.70424717  1.8304674999333751e-02
    2.800000   2.76900006  2.2084845827058611e-02
    2.800000   2.83374417  2.6010585973013277e-02
    2.800000   2.89847256  2.9825464669912906e-02
    2.800000   2.96316844  3.3212931012888296e-02
    2.800000   3.02777863  3.5838142070086870e-02
    2.800000   3.09200950  3.7408258167304691e-02
    2.850000   0.04958315  3.0215344151829967e-02
    2.850000   0.11381403  2.8963395538999060e-02
    2.850000   0.17842421  2.6866796420972089e-02
    2.850000   0.24312010  2.4155084673440734e-02
    2.850000   0.30784849  2.1092407325463192e-02
    2.850000   0.37259260  1.7930608909127729e-02
    2.850000   0.43734549  1.4875927493799722e-02
    2.850000   0.50210377  1.2073293705324655e-02
    2.850000   0.56686560  9.6060920785638847e-03
    2.850000   0.63162987  7.5059308439986150e-03
    2.850000   0.69639591  5.7666725395158274e-03
    2.850000   0.76116325  4.3584395453122732e-03
    2.850000   0.82593158  3.2392180101194494e-03
    2.850000   0.89070068  2.3632545474749941e-03
    2.850000   0.95547037  1.6864177934674278e-03
    2.850000   1.02024053  1.1691452985841788e-03
    2.850000   1.08501108  7.7769211853704343e-04
    2.850000   1.14978193  4.8431038363642298e-04
    2.850000   1.21455301  2.6683717014357920e-04
    2.850000   1.27932429  1.0801680344588856e-04
    2.850000   1.34409571 -5.2387896220168284e-06
    2.850000   1.40886724 -8.2535805425131681e-05
    2.850000   1.47363885 -1.3057155047522978e-04
    2.850000   1.53841049 -1.5356959303963386e-04
    2.850000   1.60318216 -1.5356957380123940e-04
    2.850000   1.66795381 -1.3057149241154565e-04
    2.850000   1.73272541 -8.2535707462536546e-05
    2.850000   1.79749694 -5.2386498664029331e-06
    2.850000   1.86226837  1.0801698790806392e-04
    2.850000   1.92703964  2.6683740361924363e-04
    2.850000   1.99181073  4.8431067249828840e-04
    2.850000   2.05658157  7.7769247239427991e-04
    2.850000   2.12135212  1.1691457322566146e-03
    2.850000   2.18612229  1.6864183301988343e-03
    2.850000   2.25089198  2.3632552239513391e-03
    2.850000   2.31566107  3.2392188839216584e-03
    2.850000   2.38042940  4.3584407052960090e-03
    2.850000   2.44519674  5.7666741190521131e-03
    2.850000   2.50996278  7.5059330357373846e-03
    2.850000   2.57472706  9.6060951471566101e-03
    2.850000   2.63948889  1.2073297991458610e-02
    2.850000   2.70424717  1.4875933399852846e-02
    2.850000   2.76900006  1.7930616855885158e-02
    2.850000   2.83374417  2.1092417673789256e-02
    2.850000   2.89847256  2.4155097617066842e-02
    2.850000   2.96316844  2.6866811875221240e-02
    2.850000   3.02777863  2.8963413067073333e-02
    2.850000   3.09200950  3.0215362972169462e-02
    2.900000   0.04958315  2.4367198707918165e-02
    2.900000   0.11381403  2.3368808741567944e-02
    2.900000   0.17842421  2.1694427407656897e-02
    2.900000   0.24312010  1.9524232642611473e-02
    2.900000   0.30784849  1.7066761606536203e-02
    2.900000   0.37259260  1.4522361142914230e-02
    2.900000   0.43734549  1.2056708709987735e-02
    2.900000   0.50210377  9.7877588146139064e-03
    2.900000   0.56686560  7.7847918314168556e-03
    2.900000   0.63162987  6.0755504780238574e-03
    2.900000   0.69639591  4.6570413305145747e-03
    2.900000   0.76116325  3.5065859351232171e-03
    2.900000   0.82593158  2.5911453566896340e-03
    2.900000   0.89070068  1.8741798228596172e-03
    2.900000   0.95547037  1.3201068218728523e-03
    2.900000   1.02024053  8.9680993134043569e-04
    2.900000   1.08501108  5.7675303997357398e-04
    2.900000   1.14978193  3.3720138371341654e-04
    2.900000   1.21455301  1.5993736271957635e-04
    2.900000   1.27932429  3.0740681743192451e-05
    2.900000   1.34409571 -6.1196114324229880e-05
    2.900000   1.40886724 -1.2381749263551362e-04
    2.900000   1.47363885 -1.6266845195520840e-04
    2.900000   1.53841049 -1.8124854808863156e-04
    2.900000   1.60318216 -1.8124853164230828e-04
    2.900000   1.66795381 -1.6266840231975711e-04
    2.900000   1.73272541 -1.2381740890621897e-04
    2.900000   1.79749694 -6.1195994934829645e-05
    2.900000   1.86226837  3.0740839136281667e-05
    2.900000   1.92703964  1.5993756146434461e-04
    2.900000   1.99181073  3.3720162858606723e-04
    2.900000   2.05658157  5.7675333793876014e-04
    2.900000   2.12135212  8.9681029286292483e-04
    2.900000   2.18612229  1.3201072630882142e-03
    2.900000   2.25089198  1.8741803690029654e-03
    2.900000   2.31566107  2.5911460472227317e-03
    2.900000   2.38042940  3.5065868308954335e-03
    2.900000   2.44519674  4.6570425228864704e-03
    2.900000   2.50996278  6.0755520989776834e-03
    2.900000   2.57472706  7.7847940621254344e-03
    2.900000   2.63948889  9.7877618878399152e-03
    2.900000   2.70424717  1.2056712899699966e-02
    2.900000   2.76900006  1.4522366734110139e-02
    2.900000   2.83374417  1.7066768841525987e-02
    2.900000   2.89847256  1.9524241648453226e-02
    2.900000   2.96316844  2.1694438121823728e-02
    2.900000   3.02777863  2.3368820863679848e-02
    2.900000   3.09200950  2.4367211706019035e-02
    2.950000   0.04958315  1.9615378796610648e-02
    2.950000   0.11381403  1.8819288310486498e-02
    2.950000   0.17842421  1.7482447350309547e-02
    2.950000   0.24312010  1.5746441512583982e-02
    2.950000   0.30784849  1.3775990218402031e-02
    2.950000   0.37259260  1.1730437756391935e-02
    2.950000   0.43734549  9.7427250583317932e-03
    2.950000   0.50210377  7.9086189512144588e-03
    2.950000   0.56686560  6.2854080555992242e-03
    2.950000   0.63162987  4.8971071287714409e-03
    2.950000   0.69639591  3.7427697549235520e-03
    2.950000   0.76116325  2.8051977105566644e-03
    2.950000   0.82593158  2.0584177528475763e-03
    2.950000   0.89070068  1.4732678601210975e-03
    2.950000   0.95547037  1.0210874824253678e-03
    2.950000   1.02024053  6.7583870474220416e-04
    2.950000   1.08501108  4.1508634988323887e-04
    2.950000   1.14978193  2.2023534230075243e-04
    2.950000   1.21455301  7.6339599837952518e-05
    2.950000   1.27932429 -2.8295659970682524e-05
    2.950000   1.34409571 -1.0257517382526260e-04
    2.950000   1.40886724 -1.5305404133047297e-04
    2.950000   1.47363885 -1.8431224859181213e-04
    2.950000   1.53841049 -1.9924232669295375e-04
    2.950000   1.60318216 -1.9924231270666146e-04
    2.950000   1.66795381 -1.8431220637759110e-04
    2.950000   1.73272541 -1.5305397011558097e-04
    2.950000   1.79749694 -1.0257507229463630e-04
    2.950000   1.86226837 -2.8295526207597931e-05
    2.950000   1.92703964  7.6339768478407051e-05
    2.950000   1.99181073  2.2023554944390793e-04
    2.950000   2.05658157  4.1508660060992166e-04
    2.950000   2.12135212  6.7583900643776863e-04
    2.950000   2.18612229  1.0210878462202705e-03
    2.950000   2.25089198  1.4732683032059218e-03
    2.950000   2.31566107  2.0584183019735848e-03
    2.950000   2.38042940  2.8051984069557829e-03
    2.950000   2.44519674  3.7427706605891336e-03
    2.950000   2.50996278  4.8971083334003280e-03
    2.950000   2.57472706  6.2854096824135940e-03
    2.950000   2.63948889  7.9086211584483875e-03
    2.950000   2.70424717  9.7427280318662587e-03
    2.950000   2.76900006  1.1730441688863858e-02
    2.950000   2.83374417  1.3775995272476870e-02
    2.950000   2.89847256  1.5746447771863917e-02
    2.950000   2.96316844  1.7482454769601447e-02
    2.950000   3.02777863  1.8819296684061466e-02
    2.950000   3.09200950  1.9615387763167534e-02
    3.000000   0.04958315  1.5757359341442446e-02
    3.000000   0.11381403  1.5122803706604992e-02
    3.000000   0.17842421  1.4055974665423292e-02
    3.000000   0.24312010  1.2668218124904583e-02
    3.000000   0.30784849  1.1089679965905231e-02
    3.000000   0.37259260  9.4470482151031501e-03
    3.000000   0.43734549  7.8468703910828282e-03
    3.000000   0.50210377  6.3667202073515589e-03
    3.000000   0.56686560  5.0537658902760213e-03
    3.000000   0.63162987  3.9285584745676633e-03
    3.000000   0.69639591  2.9914276013084059e-03
    3.000000   0.76116325  2.2293382963926569e-03
    3.000000   0.82593158  1.6218747071044973e-03
    3.000000   0.89070068  1.1457763545554783e-03
    3.000000   0.95547037  7.7798037912878159e-04
    3.000000   1.02024053  4.9740390697775570e-04
    3.000000   1.08501108  2.8579586018878802e-04
    3.000000   1.14978193  1.2797378625346422e-04
    3.000000   1.21455301  1.1699504979356527e-05
    3.000000   1.27932429 -7.2624429828799629e-05
    3.000000   1.34409571 -1.3231841121841547e-04
    3.000000   1.40886724 -1.7277821883003214e-04
    3.000000   1.47363885 -1.9777733160988910e-04
    3.000000   1.53841049 -2.0970039736644799e-04
    3.000000   1.60318216 -2.0970038553473269e-04
    3.000000   1.66795381 -1.9777729589248461e-04
    3.000000   1.73272541 -1.7277815855904025e-04
    3.000000   1.79749694 -1.3231832527398960e-04
    3.000000   1.86226837 -7.2624316617241825e-05
    3.000000   1.92703964  1.1699647584618880e-05
    3.000000   1.99181073  1.2797396104753555e-04
    3.000000   2.05658157  2.8579607091468981e-04
    3.000000   2.12135212  4.9740415885545734e-04
    3.000000   2.18612229  7.7798067978813166e-04
    3.000000   2.25089198  1.1457767155746727e-03
    3.000000   2.31566107  1.6218751463766945e-03
    3.000000   2.38042940  2.2293388414880884e-03
    3.000000   2.44519674  2.9914282937915692e-03
    3.000000   2.50996278  3.9285593747768830e-03
    3.000000   2.57472706  5.0537670813189644e-03
    3.000000   2.63948889  6.3667217960891300e-03
    3.000000   2.70424717  7.8468725030134221e-03
    3.000000   2.76900006  9.4470509800177391e-03
    3.000000   2.83374417  1.1089683492870629e-02
    3.000000   2.89847256  1.2668222469092678e-02
    3.000000   2.96316844  1.4055979794806907e-02
    3.000000   3.02777863  1.5122809481003235e-02
    3.000000   3.09200950  1.5757365516250260e-02
    3.050000   0.04958315  1.2627894040231222e-02
    3.050000   0.11381403  1.2122395035665010e-02
    3.050000   0.17842421  1.1271643007733839e-02
    3.050000   0.24312010  1.0163246672409521e-02
    3.050000   0.30784849  8.9000422474186901e-03
    3.050000   0.37259260  7.5827036018282865e-03
    3.050000   0.43734549  6.2965193582955143e-03
    3.050000   0.50210377  5.1041849836766786e-03
    3.050000   0.56686560  4.0443799329821896e-03
    3.050000   0.63162987  3.1345196285751773e-03
    3.050000   0.69639591  2.3756757062451212e-03
    3.050000   0.76116325  1.7579694817779247e-03
    3.050000   0.82593158  1.2653525280043787e-03
    3.050000   0.89070068  8.7928065539929795e-04
    3.050000   0.95547037  5.8121256430990328e-04
    3.050000   1.02024053  3.5409915791717600e-04
    3.050000   1.08501108  1.8311622725559719e-04
    3.050000   1.14978193  5.5889945706800617e-05
    3.050000   1.21455301 -3.7580416859492633e-05
    3.050000   1.27932429 -1.0515377249061465e-04
    3.050000   1.34409571 -1.5283381201922105e-04
    3.050000   1.40886724 -1.8505087471867084e-04
    3.050000   1.47363885 -2.0490577601905315e-04
    3.050000   1.53841049 -2.1435911066141077e-04
    3.050000   1.60318216 -2.1435910070656680e-04
    3.050000   1.66795381 -2.0490574595935637e-04
    3.050000   1.73272541 -1.8505082397103710e-04
    3.050000   1.79749694 -1.5283373961804485e-04
    3.050000   1.86226837 -1.0515367708991086e-04
    3.050000   1.92703964 -3.7580296717998000e-05
    3.050000   1.99181073  5.5890092783748162e-05
    3.050000   2.05658157  1.8311640406324154e-04
    3.050000   2.12135212  3.5409936816170617e-04
    3.050000   2.18612229  5.8121281319149668e-04
    3.050000   2.25089198  8.7928095061257496e-04
    3.050000   2.31566107  1.2653528813175814e-03
    3.050000   2.38042940  1.7579699113141527e-03
    3.050000   2.44519674  2.3756762394431296e-03
    3.050000   2.50996278  3.1345203054893214e-03
    3.050000   2.57472706  4.0443808090561348e-03
    3.050000   2.63948889  5.1041861304517155e-03
    3.050000   2.70424717  6.2965208599398831e-03
    3.050000   2.76900006  7.5827055453812865e-03
    3.050000   2.83374417  8.9000447058343694e-03
    3.050000   2.89847256  1.0163249682190772e-02
    3.050000   2.96316844  1.1271646546624502e-02
    3.050000   3.02777863  1.2122399008765885e-02
    3.050000   3.09200950  1.2627898282690024e-02
    3.100000   0.04958315  1.0092091881884676e-02
    3.100000   0.11381403  9.6897360538229348e-03
    3.100000   0.17842421  9.0119322528783383e-03
    3.100000   0.24312010  8.1276291352519962e-03
    3.100000   0.30784849  7.1180721731653445e-03
    3.100000   0.37259260  6.0632100940993605e-03
    3.100000   0.43734549  5.0312236468298193e-03
    3.100000   0.50210377  4.0726693583137720e-03
    3.100000   0.56686560  3.2191435283703334e-03
    3.100000   0.63162987  2.4852771270766788e-03
    3.100000   0.69639591  1.8725207331203751e-03
    3.100000   0.76116325  1.3733836726995186e-03
    3.100000   0.82593158  9.7524729755311696e-04
    3.100000   0.89070068  6.6333333068057298e-04
    3.100000   0.95547037  4.2274887741752549e-04
    3.100000   1.02024053  2.3972443889312228e-04
    3.100000   1.08501108  1.0223840125011083e-04
    3.100000   1.14978193  2.2476325275881095e-07
    3.100000   1.21455301 -7.4471663752155099e-05
    3.100000   1.27932429 -1.2827131287932987e-04
    3.100000   1.34409571 -1.6608569752267317e-04
    3.100000   1.40886724 -1.9154276971156334e-04
    3.100000   1.47363885 -2.0718345914960603e-04
    3.100000   1.53841049 -2.1461503872706756e-04
    3.100000   1.60318216 -2.1461503039903223e-04
    3.100000   1.66795381 -2.0718343399295580e-04
    3.100000   1.73272541 -1.9154272721309720e-04
    3.100000   1.79749694 -1.6608563684092240e-04
    3.100000   1.86226837 -1.2827123286134542e-04
    3.100000   1.92703964 -7.4471562946368583e-05
    3.100000   1.99181073  2.2488660453994863e-07
    3.100000   2.05658157  1.0223854927250315e-04
    3.100000   2.12135212  2.3972461424041233e-04
    3.100000   2.18612229  4.2274908361828524e-04
    3.100000   2.25089198  6.6333357276827335e-04
    3.100000   2.31566107  9.7524758310121190e-04
    3.100000   2.38042940  1.3733840133547971e-03
    3.100000   2.44519674  1.8725211466268737e-03
    3.100000   2.50996278  2.4852776395605180e-03
    3.100000   2.57472706  3.2191441762898154e-03
    3.100000   2.63948889  4.0726701890144391e-03
    3.100000   2.70424717  5.0312247162564872e-03
    3.100000   2.76900006  6.0632114602389752e-03
    3.100000   2.83374417  7.1180738846268847e-03
    3.100000   2.89847256  8.1276312162343965e-03
    3.100000   2.96316844  9.0119346882372286e-03
    3.100000   3.02777863  9.6897387798405999e-03
    3.100000   3.09200950  1.0092094788138569e-02
    3.150000   0.04958315  8.0398190143824086e-03
    3.150000   0.11381403  7.7199074940469195e-03
    3.150000   0.17842421  7.1805327536920514e-03
    3.150000   0.24312010  6.4759573660965793e-03
    3.150000   0.30784849  5.6703459302257760e-03
    3.150000   0.37259260  4.8271356784924764e-03
    3.150000   0.43734549  4.0007519295043176e-03
    3.150000   0.50210377  3.2318681937931037e-03
    3.150000   0.56686560  2.5461972396931425e-03
    3.150000   0.63162987  1.9559340567637216e-03
    3.150000   0.69639591  1.4626675950799191e-03
    3.150000   0.76116325  1.0607103169060239e-03
    3.150000   0.82593158  7.4013536979855707e-04
    3.150000   0.89070068  4.8916925946392595e-04
    3.150000   0.95547037  2.9586001147562682e-04
    3.150000   1.02024053  1.4910128554841104e-04
    3.150000   1.08501108  3.9160269816562638e-05
    3.150000   1.14978193 -4.2135701752282581e-05
    3.150000   1.21455301 -1.0142214153748345e-04
    3.150000   1.27932429 -1.4393144333427020e-04
    3.150000   1.34409571 -1.7367092194170325e-04
    3.150000   1.40886724 -1.9360299155547401e-04
    3.150000   1.47363885 -2.0580352781901393e-04
    3.150000   1.53841049 -2.1158603655706704e-04
    3.150000   1.60318216 -2.1158602963249193e-04
    3.150000   1.66795381 -2.0580350689194740e-04
    3.150000   1.73272541 -1.9360295617138021e-04
    3.150000   1.79749694 -1.7367087136095080e-04
    3.150000   1.86226837 -1.4393137655713777e-04
    3.150000   1.92703964 -1.0142205733344305e-04
    3.150000   1.99181073 -4.2135598683049312e-05
    3.150000   2.05658157  3.9160393400791460e-05
    3.150000   2.12135212  1.4910143157532082e-04
    3.150000   2.18612229  2.9586018233527416e-04
    3.150000   2.25089198  4.8916945838769382e-04
    3.150000   2.31566107  7.4013560152074765e-04
    3.150000   2.38042940  1.0607105886813379e-03
    3.150000   2.44519674  1.4626679180607361e-03
    3.150000   2.50996278  1.9559344475864522e-03
    3.150000   2.57472706  2.5461977218679929e-03
    3.150000   2.63948889  3.2318687981694257e-03
    3.150000   2.70424717  4.0007526928186668e-03
    3.150000   2.76900006  4.8271366390270380e-03
    3.150000   2.83374417  5.6703471201805548e-03
    3.150000   2.89847256  6.4759588015324233e-03
    3.150000   2.96316844  7.1805344245503208e-03
    3.150000   3.02777863  7.7199093579939163e-03
    3.150000   3.09200950  8.0398209980575789e-03
    3.200000   0.04958315  6.3811539960510815e-03
    3.200000   0.11381403  6.1271387569850743e-03
    3.200000   0.17842421  5.6985457657223165e-03
    3.200000   0.24312010  5.1380684548511914e-03
    3.200000   0.30784849  4.4963518175709849e-03
    3.200000   0.37259260  3.8236798697811689e-03
    3.200000   0.43734549  3.1634276092438068e-03
    3.200000   0.50210377  2.5482380403955593e-03
    3.200000   0.56686560  1.9989565490499549e-03
    3.200000   0.63162987  1.5256724655282733e-03
    3.200000   0.69639591  1.1299593986299767e-03
    3.200000   0.76116325  8.0748872248111116e-04
    3.200000   0.82593158  5.5044515630994968e-04
    3.200000   0.89070068  3.4945108141245964e-04
    3.200000   0.95547037  1.9492291774393468e-04
    3.200000   1.02024053  7.7914350222099558e-05
    3.200000   1.08501108 -9.4408282552594343e-06
    3.200000   1.14978193 -7.3764422143752281e-05
    3.200000   1.21455301 -1.2044273457876329e-04
    3.200000   1.27932429 -1.5372875923311198e-04
    3.200000   1.34409571 -1.7688269168475058e-04
    3.200000   1.40886724 -1.9231603930938294e-04
    3.200000   1.47363885 -2.0171920540570397e-04
    3.200000   1.53841049 -2.0616197152153044e-04
    3.200000   1.60318216 -2.0616196580229337e-04
    3.200000   1.66795381 -2.0171918811122261e-04
    3.200000   1.73272541 -1.9231601003521386e-04
    3.200000   1.79749694 -1.7688264977641071e-04
    3.200000   1.86226837 -1.5372870381496527e-04
    3.200000   1.92703964 -1.2044266459202004e-04
    3.200000   1.99181073 -7.3764336387458409e-05
    3.200000   2.05658157 -9.4407254168854603e-06
    3.200000   2.12135212  7.7914471571053392e-05
    3.200000   2.18612229  1.9492305922708461e-04
    3.200000   2.25089198  3.4945124505842302e-04
    3.200000   2.31566107  5.5044534495969080e-04
    3.200000   2.38042940  8.0748894045126090e-04
    3.200000   2.44519674  1.1299596526441330e-03
    3.200000   2.50996278  1.5256727658212619e-03
    3.200000   2.57472706  1.9989569103722464e-03
    3.200000   2.63948889  2.5482384824205605e-03
    3.200000   2.70424717  3.1634281556962209e-03
    3.200000   2.76900006  3.8236805456188265e-03
    3.200000   2.83374417  4.4963526439455491e-03
    3.200000   2.89847256  5.1380694424222571e-03
    3.200000   2.96316844  5.6985469080055359e-03
    3.200000   3.02777863  6.1271400262361778e-03
    3.200000   3.09200950  6.3811553440601045e-03
    3.250000   0.04958315  5.0426879362687974e-03
    3.250000   0.11381403  4.8413306639968979e-03
    3.250000   0.17842421  4.5013647929514683e-03
    3.250000   0.24312010  4.0563636123862662e-03
    3.250000   0.30784849  3.5462679023923263e-03
    3.250000   0.37259260  3.0108858730949696e-03
    3.250000   0.43734549  2.4847232771060285e-03
    3.250000   0.50210377  1.9939101189362135e-03
    3.250000   0.56686560  1.5552798273930975e-03
    3.250000   0.63162987  1.1771197059188773e-03
    3.250000   0.69639591  8.6089514155066852e-04
    3.250000   0.76116325  6.0329983351647097e-04
    3.250000   0.82593158  3.9817432371534045e-04
    3.250000   0.89070068  2.3805021701968595e-04
    3.250000   0.95547037  1.1524955114057103e-04
    3.250000   1.02024053  2.2575929606375923e-05
    3.250000   1.08501108 -4.6316665268531563e-05
    3.250000   1.14978193 -9.6781690584775339e-05
    3.250000   1.21455301 -1.3318034277381291e-04
    3.250000   1.27932429 -1.5895971920657070e-04
    3.250000   1.34409571 -1.7676391113909760e-04
    3.250000   1.40886724 -1.8854935535262890e-04
    3.250000   1.47363885 -1.9568763645758929e-04
    3.250000   1.53841049 -1.9904677840449562e-04
    3.250000   1.60318216 -1.9904677371590905e-04
    3.250000   1.66795381 -1.9568762226954860e-04
    3.250000   1.73272541 -1.8854933130412155e-04
    3.250000   1.79749694 -1.7676387664811502e-04
    3.250000   1.86226837 -1.5895967350004189e-04
    3.250000   1.92703964 -1.3318028492918045e-04
    3.250000   1.99181073 -9.6781619580068437e-05
    3.250000   2.05658157 -4.6316580032520029e-05
    3.250000   2.12135212  2.2576030160716198e-05
    3.250000   2.18612229  1.1524966812775185e-04
    3.250000   2.25089198  2.3805035168006366e-04
    3.250000   2.31566107  3.9817447765123784e-04
    3.250000   2.38042940  6.0330000911376961e-04
    3.250000   2.44519674  8.6089534260297938e-04
    3.250000   2.50996278  1.1771199383979946e-03
    3.250000   2.57472706  1.5552801001851438e-03
    3.250000   2.63948889  1.9939104442055875e-03
    3.250000   2.70424717  2.4847236698186366e-03
    3.250000   2.76900006  3.0108863492382633e-03
    3.250000   2.83374417  3.5462684756946247e-03
    3.250000   2.89847256  4.0563642899104991e-03
    3.250000   2.96316844  4.5013655706805144e-03
    3.250000   3.02777863  4.8413315240749032e-03
    3.250000   3.09200950  5.0426888474732730e-03
    3.300000   0.04958315  3.9645067454070889e-03
    3.300000   0.11381403  3.8052117889164896e-03
    3.300000   0.17842421  3.5361137654962714e-03
    3.300000   0.24312010  3.1835928371663985e-03
    3.300000   0.30784849  2.7791134179040279e-03
    3.300000   0.37259260  2.3541430148102615e-03
    3.300000   0.43734549  1.9360754494140583e-03
    3.300000   0.50210377  1.5457681465481624e-03
    3.300000   0.56686560  1.1967589614276268e-03
    3.300000   0.63162987  8.9580616504571795e-04
    3.300000   0.69639591  6.4421596616360535e-04
    3.300000   0.76116325  4.3944999620901791e-04
    3.300000   0.82593158  2.7664695720068847e-04
    3.300000   0.89070068  1.4985907815918761e-04
    3.300000   0.95547037  5.2940346674915837e-05
    3.300000   1.02024053 -1.9889578200079140e-05
    3.300000   1.08501108 -7.3740360715794455e-05
    3.300000   1.14978193 -1.1292980404505157e-04
    3.300000   1.21455301 -1.4097937753992321e-04
    3.300000   1.27932429 -1.6067431646915340e-04
    3.300000   1.34409571 -1.7415168486276065e-04
    3.300000   1.40886724 -1.8299282182074992e-04
    3.300000   1.47363885 -1.8830621190382222e-04
    3.300000   1.53841049 -1.9079324671478307e-04
    3.300000   1.60318216 -1.9079324290363997e-04
    3.300000   1.66795381 -1.8830620036092301e-04
    3.300000   1.73272541 -1.8299280222321338e-04
    3.300000   1.79749694 -1.7415165669125871e-04
    3.300000   1.86226837 -1.6067427903708426e-04
    3.300000   1.92703964 -1.4097933003525212e-04
    3.300000   1.99181073 -1.1292974558361292e-04
    3.300000   2.05658157 -7.3740290401097885e-05
    3.300000   2.12135212 -1.9889495178270010e-05
    3.300000   2.18612229  5.2940443185356630e-05
    3.300000   2.25089198  1.4985918889400451e-04
    3.300000   2.31566107  2.7664708297234951e-04
    3.300000   2.38042940  4.3945013816454982e-04
    3.300000   2.44519674  6.4421612619780077e-04
    3.300000   2.50996278  8.9580634633957071e-04
    3.300000   2.57472706  1.1967591689952097e-03
    3.300000   2.63948889  1.5457683875637774e-03
    3.300000   2.70424717  1.9360757329974540e-03
    3.300000   2.76900006  2.3541433509467239e-03
    3.300000   2.83374417  2.7791138153513656e-03
    3.300000   2.89847256  3.1835933005853636e-03
    3.300000   2.96316844  3.5361142925388108e-03
    3.300000   3.02777863  3.8052123683730600e-03
    3.300000   3.09200950  3.9645073574569043e-03
    3.350000   0.04958315  3.0977266289248318e-03
    3.350000   0.11381403  2.9720107550855746e-03
    3.350000   0.17842421  2.7595418187021290e-03
    3.350000   0.24312010  2.4810250206641388e-03
    3.350000   0.30784849  2.1612127056144562e-03
    3.350000   0.37259260  1.8249345978123353e-03
    3.350000   0.43734549  1.4938875288311366e-03
    3.350000   0.50210377  1.1846683332251034e-03
    3.350000   0.56686560  9.0811655605131788e-04
    3.350000   0.63162987  6.6970281291644899e-04
    3.350000   0.69639591  4.7055146107211515e-04
    3.350000   0.76116325  3.0870029251100372e-04
    3.350000   0.82593158  1.8030570609829026e-04
    3.350000   0.89070068  8.0630499937353931e-05
    3.350000   0.95547037  4.7591914046403500e-06
    3.350000   1.02024053 -5.1943979401110770e-05
    3.350000   1.08501108 -9.3584572306438247e-05
    3.350000   1.14978193 -1.2363611038105084e-04
    3.350000   1.21455301 -1.4493343776473018e-04
    3.350000   1.27932429 -1.5971929422041011e-04
    3.350000   1.34409571 -1.6971436741086319e-04
    3.350000   1.40886724 -1.7619151087544540e-04
    3.350000   1.47363885 -1.8004259833514952e-04
    3.350000   1.53841049 -1.8183173131061669e-04
    3.350000   1.60318216 -1.8183172824319201e-04
    3.350000   1.66795381 -1.8004258903482845e-04
    3.350000   1.73272541 -1.7619149505316905e-04
    3.350000   1.79749694 -1.6971434460225272e-04
    3.350000   1.86226837 -1.5971926381308488e-04
    3.350000   1.92703964 -1.4493339903837399e-04
    3.350000   1.99181073 -1.2363606256023059e-04
    3.350000   2.05658157 -9.3584514623531361e-05
    3.350000   2.12135212 -5.1943911161835734e-05
    3.350000   2.18612229  4.7592707677760345e-06
    3.350000   2.25089198  8.0630590847069410e-05
    3.350000   2.31566107  1.8030580888109968e-04
    3.350000   2.38042940  3.0870040754529327e-04
    3.350000   2.44519674  4.7055158905686225e-04
    3.350000   2.50996278  6.6970295524786442e-04
    3.350000   2.57472706  9.0811671523416903e-04
    3.350000   2.63948889  1.1846685131660119e-03
    3.350000   2.70424717  1.4938877347921231e-03
    3.350000   2.76900006  1.8249348357963380e-03
    3.350000   2.83374417  2.1612129810682722e-03
    3.350000   2.89847256  2.4810253366401268e-03
    3.350000   2.96316844  2.7595421739544852e-03
    3.350000   3.02777863  2.9720111428243492e-03
    3.350000   3.09200950  3.0977270369182360e-03
    3.400000   0.04958315  2.4024797562850818e-03
    3.400000   0.11381403  2.3035498360155109e-03
    3.400000   0.17842421  2.1362931194370120e-03
    3.400000   0.24312010  1.9169371420450208e-03
    3.400000   0.30784849  1.6649202606440591e-03
    3.400000   0.37259260  1.3997927526722823e-03
    3.400000   0.43734549  1.1386929906146072e-03
    3.400000   0.50210377  8.9478140395120363e-04
    3.400000   0.56686560  6.7669522990964140e-04
    3.400000   0.63162987  4.8882806143510653e-04
    3.400000   0.69639591  3.3211825834118255e-04
    3.400000   0.76116325  2.0503559627324053e-04
    3.400000   0.82593158  1.0453439971115794e-04
    3.400000   0.89070068  2.6840828209906781e-05
    3.400000   0.95547037 -3.1972988987402245e-05
    3.400000   1.02024053 -7.5618728181489533e-05
    3.400000   1.08501108 -1.0738763673005122e-04
    3.400000   1.14978193 -1.3006612172329534e-04
    3.400000   1.21455301 -1.4592864779773725e-04
    3.400000   1.27932429 -1.5677421707924861e-04
    3.400000   1.34409571 -1.6398234537048307e-04
    3.400000   1.40886724 -1.6857278234282209e-04
    3.400000   1.47363885 -1.7125950615100172e-04
    3.400000   1.53841049 -1.7249379232053963e-04
    3.400000   1.60318216 -1.7249378988062390e-04
    3.400000   1.66795381 -1.7125949874346189e-04
    3.400000   1.73272541 -1.6857276970883375e-04
    3.400000   1.79749694 -1.6398232709434978e-04
    3.400000   1.86226837 -1.5677419261330816e-04
    3.400000   1.92703964 -1.4592861649944910e-04
    3.400000   1.99181073 -1.3006608290531924e-04
    3.400000   2.05658157 -1.0738758972219999e-04
    3.400000   2.12135212 -7.5618672399676350e-05
    3.400000   2.18612229 -3.1972923999048083e-05
    3.400000   2.25089198  2.6840902641768425e-05
    3.400000   2.31566107  1.0453448362973400e-04
    3.400000   2.38042940  2.0503568960349576e-04
    3.400000   2.44519674  3.3211836106005106e-04
    3.400000   2.50996278  4.8882817383493198e-04
    3.400000   2.57472706  6.7669535291090921e-04
    3.400000   2.63948889  8.9478153936365192e-04
    3.400000   2.70424717  1.1386931411939663e-03
    3.400000   2.76900006  1.3997929218097812e-03
    3.400000   2.83374417  1.6649204515972501e-03
    3.400000   2.89847256  1.9169373567875768e-03
    3.400000   2.96316844  2.1362933574290786e-03
    3.400000   3.02777863  2.3035500933653117e-03
    3.400000   3.09200950  2.4024800257563912e-03
    3.450000   0.04958315  1.8462670510367850e-03
    3.450000   0.11381403  1.7686831706613582e-03
    3.450000   0.17842421  1.6374850534330060e-03
    3.450000   0.24312010  1.4653676130286337e-03
    3.450000   0.30784849  1.2675636449485850e-03
    3.450000   0.37259260  1.0594274620980648e-03
    3.450000   0.43734549  8.5445449543217634e-04
    3.450000   0.50210377  6.6303891084154825e-04
    3.450000   0.56686560  4.9202610668423567e-04
    3.450000   0.63162987  3.4491450400464773e-04
    3.450000   0.69639591  2.2246394353348978e-04
    3.450000   0.76116325  1.2346808971912187e-04
    3.450000   0.82593158  4.5507086233453609e-05
    3.450000   0.89070068 -1.4426516598737912e-05
    3.450000   0.95547037 -5.9468579009785742e-05
    3.450000   1.02024053 -9.2585594174072894e-05
    3.450000   1.08501108 -1.1640939814031757e-04
    3.450000   1.14978193 -1.3316816883880835e-04
    3.450000   1.21455301 -1.4467993043145838e-04
    3.450000   1.27932429 -1.5238151868269100e-04
    3.450000   1.34409571 -1.5737355792426114e-04
    3.450000   1.40886724 -1.6046865407063498e-04
    3.450000   1.47363885 -1.6223506985902188e-04
    3.450000   1.53841049 -1.6303161215540734e-04
    3.450000   1.60318216 -1.6303161024243173e-04
    3.450000   1.66795381 -1.6223506404153539e-04
    3.450000   1.73272541 -1.6046864411699058e-04
    3.450000   1.79749694 -1.5737354346225562e-04
    3.450000   1.86226837 -1.5238149922180858e-04
    3.450000   1.92703964 -1.4467990539639389e-04
    3.450000   1.99181073 -1.3316813761554545e-04
    3.450000   2.05658157 -1.1640936013462606e-04
    3.450000   2.12135212 -9.2585548879387276e-05
    3.450000   2.18612229 -5.9468526076892776e-05
    3.450000   2.25089198 -1.4426455893673361e-05
    3.450000   2.31566107  4.5507154603008953e-05
    3.450000   2.38042940  1.2346816543229748e-04
    3.450000   2.44519674  2.2246402615974553e-04
    3.450000   2.50996278  3.4491459318765122e-04
    3.450000   2.57472706  4.9202620238188470e-04
    3.450000   2.63948889  6.6303901355630347e-04
    3.450000   2.70424717  8.5445460632660691e-04
    3.450000   2.76900006  1.0594275828779724e-03
    3.450000   2.83374417  1.2675637774392618e-03
    3.450000   2.89847256  1.4653677584798737e-03
    3.450000   2.96316844  1.6374852117386168e-03
    3.450000   3.02777863  1.7686833397950053e-03
    3.450000   3.09200950  1.8462672270022635e-03
    3.500000   0.04958315  1.4026108206081072e-03
    3.500000   0.11381403  1.3420171810696489e-03
    3.500000   0.17842421  1.2395400691785877e-03
    3.500000   0.24312010  1.1050882193106310e-03
    3.500000   0.30784849  9.5056796167152034e-04
    3.500000   0.37259260  7.8800181656752712e-04
    3.500000   0.43734549  6.2797796138520576e-04
    3.500000   0.50210377  4.7866834227364299e-04
    3.500000   0.56686560  3.4546512227867177e-04
    3.500000   0.63162987  2.3112715680341790e-04
    3.500000   0.69639591  1.3625005166542100e-04
    3.500000   0.76116325  5.9870545812496316e-05
    3.500000   0.82593158  5.9893168125125976e-08
    3.500000   0.89070068 -4.5579815617336627e-05
    3.500000   0.95547037 -7.9549802645304218e-05
    3.500000   1.02024053 -1.0421637756665857e-04
    3.500000   1.08501108 -1.2167823335341798e-04
    3.500000   1.14978193 -1.3371086761878429e-04
    3.500000   1.21455301 -1.4176130549023523e-04
    3.500000   1.27932429 -1.4697147964526608e-04
    3.500000   1.34409571 -1.5021460900905230e-04
    3.500000   1.40886724 -1.5213422640348125e-04
    3.500000   1.47363885 -1.5317957597734956e-04
    3.500000   1.53841049 -1.5363390260601605e-04
    3.500000   1.60318216 -1.5363390113327799e-04
    3.500000   1.66795381 -1.5317957148892111e-04
    3.500000   1.73272541 -1.5213421869222850e-04
    3.500000   1.79749694 -1.5021459774185969e-04
    3.500000   1.86226837 -1.4697146438257360e-04
    3.500000   1.92703964 -1.4176128571580780e-04
    3.500000   1.99181073 -1.3371084278119107e-04
    3.500000   2.05658157 -1.2167820291972636e-04
    3.500000   2.12135212 -1.0421634108655298e-04
    3.500000   2.18612229 -7.9549759820195701e-05
    3.500000   2.25089198 -4.5579766363998383e-05
    3.500000   2.31566107  5.9948675290666743e-08
    3.500000   2.38042940  5.9870607140265717e-05
    3.500000   2.44519674  1.3625011818045268e-04
    3.500000   2.50996278  2.3112722780013224e-04
    3.500000   2.57472706  3.4546519716475635e-04
    3.500000   2.63948889  4.7866842077137555e-04
    3.500000   2.70424717  6.2797804367605676e-04
    3.500000   2.76900006  7.8800190329436875e-04
    3.500000   2.83374417  9.5056805373662978e-04
    3.500000   2.89847256  1.1050883174786260e-03
    3.500000   2.96316844  1.2395401735933707e-03
    3.500000   3.02777863  1.3420172908753072e-03
    3.500000   3.09200950  1.4026109338676782e-03
    3.550000   0.04958315  1.0499525175233341e-03
    3.550000   0.11381403  1.0028622412291610e-03
    3.550000   0.17842421  9.2322621255488989e-04
    3.550000   0.24312010  8.1875686762563130e-04
    3.550000   0.30784849  6.9873144062823612e-04
    3.550000   0.37259260  5.7252978962513156e-04
    3.550000   0.43734549  4.4842359363728455e-04
    3.550000   0.50210377  3.3280358472233533e-04
    3.550000   0.56686560  2.2988718503284098e-04
    3.550000   0.63162987  1.4182581878643185e-04
    3.550000   0.69639591  6.9068642121421109e-05
    3.550000   0.76116325  1.0835221098639231e-05
    3.550000   0.82593158 -3.4417473758860531e-05
    3.550000   0.89070068 -6.8602647547106585e-05
    3.550000   0.95547037 -9.3713400107366986e-05
    3.550000   1.02024053 -1.1163326032450722e-04
    3.550000   1.08501108 -1.2403057969449379e-04
    3.550000   1.14978193 -1.3231449081600667e-04
    3.550000   1.21455301 -1.3763114623572390e-04
    3.550000   1.27932429 -1.4088294698817600e-04
    3.550000   1.34409571 -1.4275819275886837e-04
    3.550000   1.40886724 -1.4376281930998755e-04
    3.550000   1.47363885 -1.4424915668627156e-04
    3.550000   1.53841049 -1.4443890046657927e-04
    3.550000   1.60318216 -1.4443889935961129e-04
    3.550000   1.66795381 -1.4424915330270711e-04
    3.550000   1.73272541 -1.4376281346485621e-04
    3.550000   1.79749694 -1.4275818415431191e-04
    3.550000   1.86226837 -1.4088293523040280e-04
    3.550000   1.92703964 -1.3763113086105407e-04
    3.550000   1.99181073 -1.3231447132761631e-04
    3.550000   2.05658157 -1.2403055561068131e-04
    3.550000   2.12135212 -1.1163323123759490e-04
    3.550000   2.18612229 -9.3713365749318909e-05
    3.550000   2.25089198 -6.8602607853761525e-05
    3.550000   2.31566107 -3.4417428919921376e-05
    3.550000   2.38042940  1.0835270620536868e-05
    3.550000   2.44519674  6.9068695619707517e-05
    3.550000   2.50996278  1.4182587539887594e-04
    3.550000   2.57472706  2.2988724388573289e-04
    3.550000   2.63948889  3.3280364510476508e-04
    3.550000   2.70424717  4.4842365515561242e-04
    3.550000   2.76900006  5.7252985227435754e-04
    3.550000   2.83374417  6.9873150472873240e-04
    3.550000   2.89847256  8.1875693361801451e-04
    3.550000   2.96316844  9.2322628071236609e-04
    3.550000   3.02777863  1.0028623114035277e-03
    3.550000   3.09200950  1.0499525890493638e-03
    3.600000   0.04958315  7.7075103220460516e-04
    3.600000   0.11381403  7.3437391636174687e-04
    3.600000   0.17842421  6.7286934817647125e-04
    3.600000   0.24312010  5.9221978877692740e-04
    3.600000   0.30784849  4.9962663457405430e-04
    3.600000   0.37259260  4.0237647164758527e-04
    3.600000   0.43734549  3.0689848523017364e-04
    3.600000   0.50210377  2.1815913746042531e-04
    3.600000   0.56686560  1.3942952434666664e-04
    3.600000   0.63162987  7.2365091171818592e-05
    3.600000   0.69639591  1.7287616923284934e-05
    3.600000   0.76116325 -2.6445294503760254e-05
    3.600000   0.82593158 -6.0073389155692445e-05
    3.600000   0.89070068 -8.5124476908789471e-05
    3.600000   0.95547037 -1.0318516781673922e-04
    3.600000   1.02024053 -1.1575117192594863e-04
    3.600000   1.08501108 -1.2414409225093600e-04
    3.600000   1.14978193 -1.2947718265012860e-04
    3.600000   1.21455301 -1.3265318861286192e-04
    3.600000   1.27932429 -1.3438048311107233e-04
    3.600000   1.34409571 -1.3519744159434466e-04
    3.600000   1.40886724 -1.3549837609456533e-04
    3.600000   1.47363885 -1.3555696779443273e-04
    3.600000   1.53841049 -1.3554495301672256e-04
    3.600000   1.60318216 -1.3554495221180415e-04
    3.600000   1.66795381 -1.3555696532385229e-04
    3.600000   1.73272541 -1.3549837179340399e-04
    3.600000   1.79749694 -1.3519743519662381e-04
    3.600000   1.86226837 -1.3438047426429965e-04
    3.600000   1.92703964 -1.3265317690056716e-04
    3.600000   1.99181073 -1.2947716762397722e-04
    3.600000   2.05658157 -1.2414407347345445e-04
    3.600000   2.12135212 -1.1575114902354822e-04
    3.600000   2.18612229 -1.0318514054023186e-04
    3.600000   2.25089198 -8.5124445195083334e-05
    3.600000   2.31566107 -6.0073353180241785e-05
    3.600000   2.38042940 -2.6445254709653612e-05
    3.600000   2.44519674  1.7287659834974246e-05
    3.600000   2.50996278  7.2365136302269658e-05
    3.600000   2.57472706  1.3942957071176314e-04
    3.600000   2.63948889  2.1815918414027990e-04
    3.600000   2.70424717  3.0689853152143093e-04
    3.600000   2.76900006  4.0237651717125712e-04
    3.600000   2.83374417  4.9962667929561084e-04
    3.600000   2.89847256  5.9221983292220132e-04
    3.600000   2.96316844  6.7286939207093126e-04
    3.600000   3.02777863  7.3437396026118174e-04
    3.600000   3.09200950  7.7075107619614062e-04
    3.650000   0.04958315  5.5074509418326877e-04
    3.650000   0.11381403  5.2284963011703259e-04
    3.650000   0.17842421  4.7570659727920445e-04
    3.650000   0.24312010  4.1393720053569825e-04
    3.650000   0.30784849  3.4310590410143935e-04
    3.650000   0.37259260  2.6884383634517053e-04
    3.650000   0.43734549  1.9611768986649018e-04
    3.650000   0.50210377  1.2875812129695718e-04
    3.650000   0.56686560  6.9276735089365089e-05
    3.650000   0.63162987  1.8926439793808645e-05
    3.650000   0.69639591 -2.2079437597265667e-05
    3.650000   0.76116325 -5.4278464270407402e-05
    3.650000   0.82593158 -7.8671566748955471e-05
    3.650000   0.89070068 -9.6480128347169357e-05
    3.650000   0.95547037 -1.0896585209857719e-04
    3.650000   1.02024053 -1.1731336162174178e-04
    3.650000   1.08501108 -1.2256539990571094e-04
    3.650000   1.14978193 -1.2559681854528836e-04
    3.650000   1.21455301 -1.2711396990529395e-04
    3.650000   1.27932429 -1.2766852685832267e-04
    3.650000   1.34409571 -1.2767771051238756e-04
    3.650000   1.40886724 -1.2744559877934925e-04
    3.650000   1.47363885 -1.2718228524079574e-04
    3.650000   1.53841049 -1.2701911256337870e-04
    3.650000   1.60318216 -1.2701911200618042e-04
    3.650000   1.66795381 -1.2718228351955849e-04
    3.650000   1.73272541 -1.2744559574729425e-04
    3.650000   1.79749694 -1.2767770593239173e-04
    3.650000   1.86226837 -1.2766852041527486e-04
    3.650000   1.92703964 -1.2711396122539942e-04
    3.650000   1.99181073 -1.2559680722384566e-04
    3.650000   2.05658157 -1.2256538554447703e-04
    3.650000   2.12135212 -1.1731334387593111e-04
    3.650000   2.18612229 -1.0896583073152925e-04
    3.650000   2.25089198 -9.6480103287741571e-05
    3.650000   2.31566107 -7.8671538143142996e-05
    3.650000   2.38042940 -5.4278432515261844e-05
    3.650000   2.44519674 -2.2079403343524023e-05
    3.650000   2.50996278  1.8926475682068409e-05
    3.650000   2.57472706  6.9276771622603302e-05
    3.650000   2.63948889  1.2875815748738327e-04
    3.650000   2.70424717  1.9611772487112137e-04
    3.650000   2.76900006  2.6884386958911258e-04
    3.650000   2.83374417  3.4310593534496231e-04
    3.650000   2.89847256  4.1393722986407777e-04
    3.650000   2.96316844  4.7570662502314284e-04
    3.650000   3.02777863  5.2284965674066774e-04
    3.650000   3.09200950  5.5074512018867265e-04
    3.700000   0.04958315  3.7835000120946851e-04
    3.700000   0.11381403  3.5715276908031361e-04
    3.700000   0.17842421  3.2135589684051640e-04
    3.700000   0.24312010  2.7451088657540982e-04
    3.700000   0.30784849  2.2089339018191082e-04
    3.700000   0.37259260  1.6482779601237091e-04
    3.700000   0.43734549  1.1012265370398778e-04
    3.700000   0.50210377  5.9705568393319152e-05
    3.700000   0.56686560  1.5481070682883327e-05
    3.700000   0.63162987 -2.1622557704109464e-05
    3.700000   0.69639591 -5.1482548592761414e-05
    3.700000   0.76116325 -7.4556204153326699e-05
    3.700000   0.82593158 -9.1656042276857516e-05
    3.700000   0.89070068 -1.0375979091793962e-04
    3.700000   0.95547037 -1.1186968657775069e-04
    3.700000   1.02024053 -1.1692120474878101e-04
    3.700000   1.08501108 -1.1973329185187672e-04
    3.700000   1.14978193 -1.2098919484058769e-04
    3.700000   1.21455301 -1.2123727136789828e-04
    3.700000   1.27932429 -1.2090305895039265e-04
    3.700000   1.34409571 -1.2030622959215126e-04
    3.700000   1.40886724 -1.1967820493833223e-04
    3.700000   1.47363885 -1.1917788306585982e-04
    3.700000   1.53841049 -1.1890408992510345e-04
    3.700000   1.60318216 -1.1890408956947578e-04
    3.700000   1.66795381 -1.1917788195491870e-04
    3.700000   1.73272541 -1.1967820294170012e-04
    3.700000   1.79749694 -1.2030622649881850e-04
    3.700000   1.86226837 -1.2090305447912749e-04
    3.700000   1.92703964 -1.2123726518364749e-04
    3.700000   1.99181073 -1.2098918657827921e-04
    3.700000   2.05658157 -1.1973328114877324e-04
    3.700000   2.12135212 -1.1692119128566061e-04
    3.700000   2.18612229 -1.1186967012752759e-04
    3.700000   2.25089198 -1.0375977139787577e-04
    3.700000   2.31566107 -9.1656019797393222e-05
    3.700000   2.38042940 -7.4556179053507124e-05
    3.700000   2.44519674 -5.1482521450344024e-05
    3.700000   2.50996278 -2.1622529309291198e-05
    3.700000   2.57472706  1.5481099396112637e-05
    3.700000   2.63948889  5.9705596454585739e-05
    3.700000   2.70424717  1.1012268023659883e-04
    3.700000   2.76900006  1.6482782035897415e-04
    3.700000   2.83374417  2.2089341199504827e-04
    3.700000   2.89847256  2.7451090585032585e-04
    3.700000   2.96316844  3.2135591388629043e-04
    3.700000   3.02777863  3.5715278444670476e-04
    3.700000   3.09200950  3.7835001559870858e-04
    3.750000   0.04958315  2.4416430843019984e-04
    3.750000   0.11381403  2.2824126676511939e-04
    3.750000   0.17842421  2.0138101214804737e-04
    3.750000   0.24312010  1.6629585004313338e-04
    3.750000   0.30784849  1.2624863525913347e-04
    3.750000   0.37259260  8.4534586196170937e-05
    3.750000   0.43734549  4.4047607641739863e-05
    3.750000   0.50210377  6.9997438219382361e-06
    3.750000   0.56686560 -2.5187538622007904e-05
    3.750000   0.63162987 -5.1845962208006498e-05
    3.750000   0.69639591 -7.2926958221744776e-05
    3.750000   0.76116325 -8.8825698204699600e-05
    3.750000   0.82593158 -1.0020571912461137e-04
    3.750000   0.89070068 -1.0785097375429580e-04
    3.750000   0.95547037 -1.1255668584219869e-04
    3.750000   1.02024053 -1.1505912618770652e-04
    3.750000   1.08501108 -1.1599804632292855e-04
    3.750000   1.14978193 -1.1590313175813514e-04
    3.750000   1.21455301 -1.1519605179661497e-04
    3.750000   1.27932429 -1.1420118698296252e-04
    3.750000   1.34409571 -1.1315998748639495e-04
    3.750000   1.40886724 -1.1224563206904499e-04
    3.750000   1.47363885 -1.1157599565264170e-04
    3.750000   1.53841049 -1.1122385835153207e-04
    3.750000   1.60318216 -1.1122385815841991e-04
    3.750000   1.66795381 -1.1157599503428824e-04
    3.750000   1.73272541 -1.1224563090988452e-04
    3.750000   1.79749694 -1.1315998559903144e-04
    3.750000   1.86226837 -1.1420118411687803e-04
    3.750000   1.92703964 -1.1519604765199056e-04
    3.750000   1.99181073 -1.1590312600610170e-04
    3.750000   2.05658157 -1.1599803863334958e-04
    3.750000   2.12135212 -1.1505911626490429e-04
    3.750000   2.18612229 -1.1255667346770502e-04
    3.750000   2.25089198 -1.0785095883356630e-04
    3.750000   2.31566107 -1.0020570173202478e-04
    3.750000   2.38042940 -8.8825678618407905e-05
    3.750000   2.44519674 -7.2926936938005641e-05
    3.750000   2.50996278 -5.1845939924885444e-05
    3.750000   2.57472706 -2.5187516185820973e-05
    3.750000   2.63948889  6.9997655066409264e-06
    3.750000   2.70424717  4.4047627727709033e-05
    3.750000   2.76900006  8.4534604013726528e-05
    3.750000   2.83374417  1.2624865041538732e-04
    3.750000   2.89847256  1.6629586247769590e-04
    3.750000   2.96316844  2.0138102213479759e-04
    3.750000   3.02777863  2.2824127486530018e-04
    3.750000   3.09200950  2.4416431541341446e-04
    3.800000   0.04958315  1.4056652931770526e-04
    3.800000   0.11381403  1.2878183289566852e-04
    3.800000   0.17842421  1.0893498479448387e-04
    3.800000   0.24312010  8.3081277766647790e-05
    3.800000   0.30784849  5.3689500385366260e-05
    3.800000   0.37259260  2.3246459822569561e-05
    3.800000   0.43734549 -6.0740064243057529e-06
    3.800000   0.50210377 -3.2624653671109474e-05
    3.800000   0.56686560 -5.5366456407023582e-05
    3.800000   0.63162987 -7.3837806928920335e-05
    3.800000   0.69639591 -8.8049750926070318e-05
    3.800000   0.76116325 -9.8348701091856785e-05
    3.800000   0.82593158 -1.0528006216072199e-04
    3.800000   0.89070068 -1.0947363768923668e-04
    3.800000   0.95547037 -1.1155965185271076e-04
    3.800000   1.02024053 -1.1211539777485951e-04
    3.800000   1.08501108 -1.1163750910811006e-04
    3.800000   1.14978193 -1.1053298533525969e-04
    3.800000   1.21455301 -1.0912228393388812e-04
    3.800000   1.27932429 -1.0764899954874901e-04
    3.800000   1.34409571 -1.0629214997429517e-04
    3.800000   1.40886724 -1.0517846181087752e-04
    3.800000   1.47363885 -1.0439311640912368e-04
    3.800000   1.53841049 -1.0398815027888090e-04
    3.800000   1.60318216 -1.0398815021536739e-04
    3.800000   1.66795381 -1.0439311618410724e-04
    3.800000   1.73272541 -1.0517846132213968e-04
    3.800000   1.79749694 -1.0629214905577072e-04
    3.800000   1.86226837 -1.0764899797774405e-04
    3.800000   1.92703964 -1.0912228144265627e-04
    3.800000   1.99181073 -1.1053298162810385e-04
    3.800000   2.05658157 -1.1163750388507287e-04
    3.800000   2.12135212 -1.1211539076249168e-04
    3.800000   2.18612229 -1.1155964284129119e-04
    3.800000   2.25089198 -1.0947362657406325e-04
    3.800000   2.31566107 -1.0528004898281270e-04
    3.800000   2.38042940 -9.8348686070970937e-05
    3.800000   2.44519674 -8.8049734477134558e-05
    3.800000   2.50996278 -7.3837789652739997e-05
    3.800000   2.57472706 -5.5366439048631332e-05
    3.800000   2.63948889 -3.2624637044838252e-05
    3.800000   2.70424717 -6.0739913129641196e-06
    3.800000   2.76900006  2.3246472778375135e-05
    3.800000   2.83374417  5.3689510786061600e-05
    3.800000   2.89847256  8.3081285519574549e-05
    3.800000   2.96316844  1.0893499013319212e-04
    3.800000   3.02777863  1.2878183635071087e-04
    3.800000   3.09200950  1.4056653164743824e-04
    3.850000   0.04958315  6.1385513573138805e-05
    3.850000   0.11381403  5.2834375788932032e-05
    3.850000   0.17842421  3.8468007463356930e-05
    3.850000   0.24312010  1.9828607110270016e-05
    3.850000   0.30784849 -1.2358905652680064e-06
    3.850000   0.37259260 -2.2871688253556701e-05
    3.850000   0.43734549 -4.3469743867432393e-05
    3.850000   0.50210377 -6.1826617805509185e-05
    3.850000   0.56686560 -7.7204309455000133e-05
    3.850000   0.63162987 -8.9304077989121221e-05
    3.850000   0.69639591 -9.8183839267949508e-05
    3.850000   0.76116325 -1.0415110616289214e-04
    3.850000   0.82593158 -1.0765730205047075e-04
    3.850000   0.89070068 -1.0920955435584770e-04
    3.850000   0.95547037 -1.0930671292528077e-04
    3.850000   1.02024053 -1.0839945652868723e-04
    3.850000   1.08501108 -1.0687043927619789e-04
    3.850000   1.14978193 -1.0502898870964333e-04
    3.850000   1.21455301 -1.0311504144387729e-04
    3.850000   1.27932429 -1.0130798323141917e-04
    3.850000   1.34409571 -9.9737267998573336e-05
    3.850000   1.40886724 -9.8492791001296627e-05
    3.850000   1.47363885 -9.7633842514237946e-05
    3.850000   1.53841049 -9.7196048122215979e-05
    3.850000   1.60318216 -9.7196048160673348e-05
    3.850000   1.66795381 -9.7633842599211627e-05
    3.850000   1.73272541 -9.8492791042583560e-05
    3.850000   1.79749694 -9.9737267849337623e-05
    3.850000   1.86226837 -1.0130798269414299e-04
    3.850000   1.92703964 -1.0311504027999014e-04
    3.850000   1.99181073 -1.0502898665387375e-04
    3.850000   2.05658157 -1.0687043605665414e-04
    3.850000   2.12135212 -1.0839945189317519e-04
    3.850000   2.18612229 -1.0930670667347157e-04
    3.850000   2.25089198 -1.0920954637542082e-04
    3.850000   2.31566107 -1.0765729235342027e-04
    3.850000   2.38042940 -1.0415109491604872e-04
    3.850000   2.44519674 -9.8183826810087062e-05
    3.850000   2.50996278 -8.9304064826565337e-05
    3.850000   2.57472706 -7.7204296229387972e-05
    3.850000   2.63948889 -6.1826605231818005e-05
    3.850000   2.70424717 -4.3469732647200564e-05
    3.850000   2.76900006 -2.2871678975769243e-05
    3.850000   2.83374417 -1.2358836130860027e-06
    3.850000   2.89847256  1.9828611627709451e-05
    3.850000   2.96316844  3.8468009739291206e-05
    3.850000   3.02777863  5.2834376301656023e-05
    3.850000   3.09200950  6.1385513026450622e-05
    3.900000   0.04958315  1.6311244360862882e-06
    3.900000   0.11381403 -4.4060590587138696e-06
    3.900000   0.17842421 -1.4511801858174110e-05
    3.900000   0.24312010 -2.7543391357390963e-05
    3.900000   0.30784849 -4.2136705959013840e-05
    3.900000   0.37259260 -5.6931760963674304e-05
    3.900000   0.43734549 -7.0760597764778926e-05
    3.900000   0.50210377 -8.2766681340173151e-05
    3.900000   0.56686560 -9.2447356192855516e-05
    3.900000   0.63162987 -9.9630950176962495e-05
    3.900000   0.69639591 -1.0441130081235398e-04
    3.900000   0.76116325 -1.0706430104720137e-04
    3.900000   0.82593158 -1.0796631674765914e-04
    3.900000   0.89070068 -1.0752679293288861e-04
    3.900000   0.95547037 -1.0614009601730076e-04
    3.900000   1.02024053 -1.0415629517789182e-04
    3.900000   1.08501108 -1.0186756176109563e-04
    3.900000   1.14978193 -9.9505778539446917e-05
    3.900000   1.21455301 -9.7247129464230134e-05
    3.900000   1.27932429 -9.5220248875618993e-05
    3.900000   1.34409571 -9.3515487681100677e-05
    3.900000   1.40886724 -9.2193738438792037e-05
    3.900000   1.47363885 -9.1293939652156548e-05
    3.900000   1.53841049 -9.0838835788681997e-05
    3.900000   1.60318216 -9.0838835906026377e-05
    3.900000   1.66795381 -9.1293939977449455e-05
    3.900000   1.73272541 -9.2193738892615607e-05
    3.900000   1.79749694 -9.3515488133924464e-05
    3.900000   1.86226837 -9.5220249152669416e-05
    3.900000   1.92703964 -9.7247129353439160e-05
    3.900000   1.99181073 -9.9505777803438143e-05
    3.900000   2.05658157 -1.0186756015410442e-04
    3.900000   2.12135212 -1.0415629246815412e-04
    3.900000   2.18612229 -1.0614009201467668e-04
    3.900000   2.25089198 -1.0752678752025922e-04
    3.900000   2.31566107 -1.0796630991296941e-04
    3.900000   2.38042940 -1.0706429291118316e-04
    3.900000   2.44519674 -1.0441129164541490e-04
    3.900000   2.50996278 -9.9630940398165446e-05
    3.900000   2.57472706 -9.2447346345122169e-05
    3.900000   2.63948889 -8.2766672039342836e-05
    3.900000   2.70424717 -7.0760589625745615e-05
    3.900000   2.76900006 -5.6931754513360022e-05
    3.900000   2.83374417 -4.2136701551347856e-05
    3.900000   2.89847256 -2.7543389107451840e-05
    3.900000   2.96316844 -1.4511801610085916e-05
    3.900000   3.02777863 -4.4060603950567407e-06
    3.900000   3.09200950  1.6311221437409149e-06
    3.950000   0.04958315 -4.2725740730026675e-05
    3.950000   0.11381403 -4.6820233024504717e-05
    3.950000   0.17842421 -5.3634208230802964e-05
    3.950000   0.24312010 -6.2334843545660558e-05
    3.950000   0.30784849 -7.1933532135231716e-05
    3.950000   0.37259260 -8.1453792871983069e-05
    3.950000   0.43734549 -9.0070360856537316e-05
    3.950000   0.50210377 -9.7196182011020577e-05
    3.950000   0.56686560 -1.0251112998943758e-04
    3.950000   0.63162987 -1.0594149235177408e-04
    3.950000   0.69639591 -1.0760776267506255e-04
    3.950000   0.76116325 -1.0775960929052017e-04
    3.950000   0.82593158 -1.0671318638200815e-04
    3.950000   0.89070068 -1.0480010295098983e-04
    3.950000   0.95547037 -1.0233172968118314e-04
    3.950000   1.02024053 -9.9578394038231583e-05
    3.950000   1.08501108 -9.6760699564601562e-05
    3.950000   1.14978193 -9.4049407058490315e-05
    3.950000   1.21455301 -9.1570505161944806e-05
    3.950000   1.27932429 -8.9412773445546450e-05
    3.950000   1.34409571 -8.7635939468159093e-05
    3.950000   1.40886724 -8.6278244207442926e-05
    3.950000   1.47363885 -8.5362770762807420e-05
    3.950000   1.53841049 -8.4902248728323861e-05
    3.950000   1.60318216 -8.4902248905362827e-05
    3.950000   1.66795381 -8.5362771270460042e-05
    3.950000   1.73272541 -8.6278244975953697e-05
    3.950000   1.79749694 -8.7635940383538695e-05
    3.950000   1.86226837 -8.9412774353519962e-05
    3.950000   1.92703964 -9.1570505874479234e-05
    3.950000   1.99181073 -9.4049407363744740e-05
    3.950000   2.05658157 -9.6760699241109881e-05
    3.950000   2.12135212 -9.9578392873857295e-05
    3.950000   2.18612229 -1.0233172749671774e-04
    3.950000   2.25089198 -1.0480009962725171e-04
    3.950000   2.31566107 -1.0671318188789459e-04
    3.950000   2.38042940 -1.0775960370785779e-04
    3.950000   2.44519674 -1.0760775621472851e-04
    3.950000   2.50996278 -1.0594148535495609e-04
    3.950000   2.57472706 -1.0251112290871411e-04
    3.950000   2.63948889 -9.7196175368736374e-05
    3.950000   2.70424717 -9.0070355182511789e-05
    3.950000   2.76900006 -8.1453788628223659e-05
    3.950000   2.83374417 -7.1933529640280476e-05
    3.950000   2.89847256 -6.2334842913625715e-05
    3.950000   2.96316844 -5.3634209338750472e-05
    3.950000   3.02777863 -4.6820235516682642e-05
    3.950000   3.09200950 -4.2725744060239029e-05
    4.000000   0.04958315 -7.4932759311553378e-05
    4.000000   0.11381403 -7.7537069837817007e-05
    4.000000   0.17842421 -8.1827047184992974e-05
    4.000000   0.24312010 -8.7209185221815205e-05
    4.000000   0.30784849 -9.2984928362806500e-05
    4.000000   0.37259260 -9.8474030214840916e-05
    4.000000   0.43734549 -1.0311583037006456e-04
    4.000000   0.50210377 -1.0653105527033991e-04
    4.000000   0.56686560 -1.0853978349778276e-04
    4.000000   0.63162987 -1.0914271758321116e-04
    4.000000   0.69639591 -1.0847927441631753e-04
    4.000000   0.76116325 -1.0677692274455733e-04
    4.000000   0.82593158 -1.0430326984130769e-04
    4.000000   0.89070068 -1.0132784737437112e-04
    4.000000   0.95547037 -9.8096185668212281e-05
    4.000000   1.02024053 -9.4815592253589737e-05
    4.000000   1.08501108 -9.1650300944334440e-05
    4.000000   1.14978193 -8.8723093074301939e-05
    4.000000   1.21455301 -8.6120695157971953e-05
    4.000000   1.27932429 -8.3900829898613406e-05
    4.000000   1.34409571 -8.2099453817117499e-05
    4.000000   1.40886724 -8.0737291579641951e-05
    4.000000   1.47363885 -7.9825207839989836e-05
    4.000000   1.53841049 -7.9368236237393284e-05
    4.000000   1.60318216 -7.9368236458260432e-05
    4.000000   1.66795381 -7.9825208482050148e-05
    4.000000   1.73272541 -8.0737292581774573e-05
    4.000000   1.79749694 -8.2099455079259379e-05
    4.000000   1.86226837 -8.3900831284927443e-05
    4.000000   1.92703964 -8.6120696502172325e-05
    4.000000   1.99181073 -8.8723094187865892e-05
    4.000000   2.05658157 -9.1650301628344648e-05
    4.000000   2.12135212 -9.4815592314700142e-05
    4.000000   2.18612229 -9.8096184938715997e-05
    4.000000   2.25089198 -1.0132784573547468e-04
    4.000000   2.31566107 -1.0430326724752551e-04
    4.000000   2.38042940 -1.0677691924576555e-04
    4.000000   2.44519674 -1.0847927017279535e-04
    4.000000   2.50996278 -1.0914271286838478e-04
    4.000000   2.57472706 -1.0853977868394794e-04
    4.000000   2.63948889 -1.0653105079483813e-04
    4.000000   2.70424717 -1.0311582668316404e-04
    4.000000   2.76900006 -9.8474027715357454e-05
    4.000000   2.83374417 -9.2984927331963459e-05
    4.000000   2.89847256 -8.7209185768354406e-05
    4.000000   2.96316844 -8.1827049213976753e-05
    4.000000   3.02777863 -7.7537073051493579e-05
    4.000000   3.09200950 -7.4932763244552568e-05
    4.050000   0.04958315 -9.7602769638920024e-05
    4.050000   0.11381403 -9.9074416188445639e-05
    4.050000   0.17842421 -1.0144719934929787e-04
    4.050000   0.24312010 -1.0431142473965717e-04
    4.050000   0.30784849 -1.0719126004289073e-04
    4.050000   0.37259260 -1.0963379011333275e-04
    4.050000   0.43734549 -1.1128112943308923e-04
    4.050000   0.50210377 -1.1191275926295207e-04
    4.050000   0.56686560 -1.1145517639711876e-04
    4.050000   0.63162987 -1.0996456189995017e-04
    4.050000   0.69639591 -1.0759288952651325e-04
    4.050000   0.76116325 -1.0454846214211715e-04
    4.050000   0.82593158 -1.0105952354419028e-04
    4.050000   0.89070068 -9.7346041567598213e-05
    4.050000   0.95547037 -9.3601390145201668e-05
    4.050000   1.02024053 -8.9983235400016600e-05
    4.050000   1.08501108 -8.6611627853946623e-05
    4.050000   1.14978193 -8.3571925021490737e-05
    4.050000   1.21455301 -8.0920383148681040e-05
    4.050000   1.27932429 -7.8690748911975641e-05
    4.050000   1.34409571 -7.6900725855085197e-05
    4.050000   1.40886724 -7.5557659052124664e-05
    4.050000   1.47363885 -7.4663124944761433e-05
    4.050000   1.53841049 -7.4216329640529170e-05
    4.050000   1.60318216 -7.4216329892185925e-05
    4.050000   1.66795381 -7.4663125681796310e-05
    4.050000   1.73272541 -7.5557660221117789e-05
    4.050000   1.79749694 -7.6900727368417598e-05
    4.050000   1.86226837 -7.8690750650358706e-05
    4.050000   1.92703964 -8.0920384965455988e-05
    4.050000   1.99181073 -8.3571926749375947e-05
    4.050000   2.05658157 -8.6611629314875454e-05
    4.050000   2.12135212 -8.9983236418534471e-05
    4.050000   2.18612229 -9.3601390565466064e-05
    4.050000   2.25089198 -9.7346041273272939e-05
    4.050000   2.31566107 -1.0105952247954544e-04
    4.050000   2.38042940 -1.0454846033145464e-04
    4.050000   2.44519674 -1.0759288708797191e-04
    4.050000   2.50996278 -1.0996455904916282e-04
    4.050000   2.57472706 -1.1145517343658294e-04
    4.050000   2.63948889 -1.1191275655469713e-04
    4.050000   2.70424717 -1.1128112735536697e-04
    4.050000   2.76900006 -1.0963378900607563e-04
    4.050000   2.83374417 -1.0719126015064880e-04
    4.050000   2.89847256 -1.0431142616316723e-04
    4.050000   2.96316844 -1.0144720201669818e-04
    4.050000   3.02777863 -9.9074419854061735e-05
    4.050000   3.09200950 -9.7602773912228090e-05
    4.100000   0.04958315 -1.1283335111720700e-04
    4.100000   0.11381403 -1.1345394120343626e-04
    4.100000   0.17842421 -1.1438761727348406e-04
    4.100000   0.24312010 -1.1536492374159804e-04
    4.100000   0.30784849 -1.1607982000923645e-04
    4.100000   0.37259260 -1.1625244711304418e-04
    4.100000   0.43734549 -1.1567887404439902e-04
    4.100000   0.50210377 -1.1425851268545434e-04
    4.100000   0.56686560 -1.1199742230846788e-04
    4.100000   0.63162987 -1.0899212658675863e-04
    4.100000   0.69639591 -1.0540198663486729e-04
    4.100000   0.76116325 -1.0141845943129220e-04
    4.100000   0.82593158 -9.7237672891278048e-05
    4.100000   0.89070068 -9.3039968915613393e-05
    4.100000   0.95547037 -8.8977469328403234e-05
    4.100000   1.02024053 -8.5168884184529909e-05
    4.100000   1.08501108 -8.1699829995457663e-05
    4.100000   1.14978193 -7.8626695021208042e-05
    4.100000   1.21455301 -7.5982312679301862e-05
    4.100000   1.27932429 -7.3782132223188405e-05
    4.100000   1.34409571 -7.2030030491982786e-05
    4.100000   1.40886724 -7.0723291304242562e-05
    4.100000   1.47363885 -6.9856553217145301e-05
    4.100000   1.53841049 -6.9424693263630521e-05
    4.100000   1.60318216 -6.9424693535439789e-05
    4.100000   1.66795381 -6.9856554016953207e-05
    4.100000   1.73272541 -7.0723292585483179e-05
    4.100000   1.79749694 -7.2030032178136362e-05
    4.100000   1.86226837 -7.3782134209772222e-05
    4.100000   1.92703964 -7.5982314837327926e-05
    4.100000   1.99181073 -7.8626697202685507e-05
    4.100000   2.05658157 -8.1699832041530582e-05
    4.100000   2.12135212 -8.5168885936677232e-05
    4.100000   2.18612229 -8.8977470642779698e-05
    4.100000   2.25089198 -9.3039969679997324e-05
    4.100000   2.31566107 -9.7237673043242345e-05
    4.100000   2.38042940 -1.0141845897520274e-04
    4.100000   2.44519674 -1.0540198565439896e-04
    4.100000   2.50996278 -1.0899212524906095e-04
    4.100000   2.57472706 -1.1199742085639064e-04
    4.100000   2.63948889 -1.1425851141558477e-04
    4.100000   2.70424717 -1.1567887327127795e-04
    4.100000   2.76900006 -1.1625244712331991e-04
    4.100000   2.83374417 -1.1607982101293915e-04
    4.100000   2.89847256 -1.1536492583002135e-04
    4.100000   2.96316844 -1.1438762039329388e-04
    4.100000   3.02777863 -1.1345394515420699e-04
    4.100000   3.09200950 -1.1283335557508695e-04
    4.150000   0.04958315 -1.2230432423413417e-04
    4.150000   0.11381403 -1.2229487454081534e-04
    4.150000   0.17842421 -1.2216472859984408e-04
    4.150000   0.24312010 -1.2175054064175557e-04
    4.150000   0.30784849 -1.2087455107139850e-04
    4.150000   0.37259260 -1.1938732360218728e-04
    4.150000   0.43734549 -1.1720045733698258e-04
    4.150000   0.50210377 -1.1430266766872829e-04
    4.150000   0.56686560 -1.1075833362692166e-04
    4.150000   0.63162987 -1.0669230687275537e-04
    4.150000   0.69639591 -1.0226719988780789e-04
    4.150000   0.76116325 -9.7659432167991383e-05
    4.150000   0.82593158 -9.3038752514726191e-05
    4.150000   0.89070068 -8.8553771101562652e-05
    4.150000   0.95547037 -8.4324037678671043e-05
    4.150000   1.02024053 -8.0437824317292474e-05
    4.150000   1.08501108 -7.6954093159958801e-05
    4.150000   1.14978193 -7.3907013924395066e-05
    4.150000   1.21455301 -7.1311626065599992e-05
    4.150000   1.27932429 -6.9169617105859117e-05
    4.150000   1.34409571 -6.7474571934416234e-05
    4.150000   1.40886724 -6.6216362215272415e-05
    4.150000   1.47363885 -6.5384564208877111e-05
    4.150000   1.53841049 -6.4970921226381267e-05
    4.150000   1.60318216 -6.4970921509737667e-05
    4.150000   1.66795381 -6.5384565045378199e-05
    4.150000   1.73272541 -6.6216363564435248e-05
    4.150000   1.79749694 -6.7474573729596327e-05
    4.150000   1.86226837 -6.9169619255794363e-05
    4.150000   1.92703964 -7.1311628457166104e-05
    4.150000   1.99181073 -7.3907016427066788e-05
    4.150000   2.05658157 -7.6954095632508228e-05
    4.150000   2.12135212 -8.0437826617112991e-05
    4.150000   2.18612229 -8.4324039673848680e-05
    4.150000   2.25089198 -8.8553772685251913e-05
    4.150000   2.31566107 -9.3038753620742091e-05
    4.150000   2.38042940 -9.7659432785610837e-05
    4.150000   2.44519674 -1.0226720007300526e-04
    4.150000   2.50996278 -1.0669230675259548e-04
    4.150000   2.57472706 -1.1075833339399890e-04
    4.150000   2.63948889 -1.1430266756362060e-04
    4.150000   2.70424717 -1.1720045761884142e-04
    4.150000   2.76900006 -1.1938732451044435e-04
    4.150000   2.83374417 -1.2087455278450457e-04
    4.150000   2.89847256 -1.2175054324095998e-04
    4.150000   2.96316844 -1.2216473204631413e-04
    4.150000   3.02777863 -1.2229487867249274e-04
    4.150000   3.09200950 -1.2230432878493599e-04
    4.200000   0.04958315 -1.2735720285457445e-04
    4.200000   0.11381403 -1.2689043446178119e-04
    4.200000   0.17842421 -1.2598976573301510e-04
    4.200000   0.24312010 -1.2457130149900658e-04
    4.200000   0.30784849 -1.2255310516443301e-04
    4.200000   0.37259260 -1.1988278429058806e-04
    4.200000   0.43734549 -1.1655733984546938e-04
    4.200000   0.50210377 -1.1263073796907376e-04
    4.200000   0.56686560 -1.0820896864844488e-04
    4.200000   0.63162987 -1.0343574967914193e-04
    4.200000   0.69639591 -9.8473690142437275e-05
    4.200000   0.76116325 -9.3485614964038883e-05
    4.200000   0.82593158 -8.8619450746542480e-05
    4.200000   0.89070068 -8.3998348825868789e-05
    4.200000   0.95547037 -7.9716188408530023e-05
    4.200000   1.02024053 -7.5837579582140432e-05
    4.200000   1.08501108 -7.2401020217003026e-05
    4.200000   1.14978193 -6.9423832794019010e-05
    4.200000   1.21455301 -6.6907740266179818e-05
    4.200000   1.27932429 -6.4844274515667364e-05
    4.200000   1.34409571 -6.3219536892373596e-05
    4.200000   1.40886724 -6.2018090045512213e-05
    4.200000   1.47363885 -6.1225935853182286e-05
    4.200000   1.53841049 -6.0832631573161990e-05
    4.200000   1.60318216 -6.0832631861169984e-05
    4.200000   1.66795381 -6.1225936705455901e-05
    4.200000   1.73272541 -6.2018091426956122e-05
    4.200000   1.79749694 -6.3219538745106353e-05
    4.200000   1.86226837 -6.4844276760201566e-05
    4.200000   1.92703964 -6.6907742803593796e-05
    4.200000   1.99181073 -6.9423835509548350e-05
    4.200000   2.05658157 -7.2401022985529292e-05
    4.200000   2.12135212 -7.5837582275928577e-05
    4.200000   2.18612229 -7.9716190907340020e-05
    4.200000   2.25089198 -8.3998351029131724e-05
    4.200000   2.31566107 -8.8619452586686796e-05
    4.200000   2.38042940 -9.3485616419321298e-05
    4.200000   2.44519674 -9.8473691246960568e-05
    4.200000   2.50996278 -1.0343575052726780e-04
    4.200000   2.57472706 -1.0820896939093827e-04
    4.200000   2.63948889 -1.1263073879916633e-04
    4.200000   2.70424717 -1.1655734097481555e-04
    4.200000   2.76900006 -1.1988278591744107e-04
    4.200000   2.83374417 -1.2255310743894068e-04
    4.200000   2.89847256 -1.2457130449233217e-04
    4.200000   2.96316844 -1.2598976941738616e-04
    4.200000   3.02777863 -1.2689043870703958e-04
    4.200000   3.09200950 -1.2735720744366401e-04
    4.250000   0.04958315 -1.2905989924493942e-04
    4.250000   0.11381403 -1.2827010128126399e-04
    4.250000   0.17842421 -1.2682693566146440e-04
    4.250000   0.24312010 -1.2470520165516408e-04
    4.250000   0.30784849 -1.2189349579874998e-04
    4.250000   0.37259260 -1.1841043847946988e-04
    4.250000   0.43734549 -1.1431491419555341e-04
    4.250000   0.50210377 -1.0970734913404147e-04
    4.250000   0.56686560 -1.0472228757791179e-04
    4.250000   0.63162987 -9.9514930444579019e-05
    4.250000   0.69639591 -9.4245371504792319e-05
    4.250000   0.76116325 -8.9064023296946972e-05
    4.250000   0.82593158 -8.4100624911356871e-05
    4.250000   0.89070068 -7.9457855689558728e-05
    4.250000   0.95547037 -7.5209404825309279e-05
    4.250000   1.02024053 -7.1401597777632613e-05
    4.250000   1.08501108 -6.8057377412586103e-05
    4.250000   1.14978193 -6.5181475566638734e-05
    4.250000   1.21455301 -6.2765843518767570e-05
    4.250000   1.27932429 -6.0794709213282158e-05
    4.250000   1.34409571 -5.9248908546108639e-05
    4.250000   1.40886724 -5.8109354054704272e-05
    4.250000   1.47363885 -5.7359645436340995e-05
    4.250000   1.53841049 -5.6987899735859372e-05
    4.250000   1.60318216 -5.6987900023062244e-05
    4.250000   1.66795381 -5.7359646287803579e-05
    4.250000   1.73272541 -5.8109355440089554e-05
    4.250000   1.79749694 -5.9248910415293270e-05
    4.250000   1.86226837 -6.0794711497241997e-05
    4.250000   1.92703964 -6.2765846131259526e-05
    4.250000   1.99181073 -6.5181478407078247e-05
    4.250000   2.05658157 -6.8057380370514778e-05
    4.250000   2.12135212 -7.1401600739116753e-05
    4.250000   2.18612229 -7.5209407681388490e-05
    4.250000   2.25089198 -7.9457858346522678e-05
    4.250000   2.31566107 -8.4100627302103367e-05
    4.250000   2.38042940 -8.9064025392068330e-05
    4.250000   2.44519674 -9.4245373321443843e-05
    4.250000   2.50996278 -9.9514932050777971e-05
    4.250000   2.57472706 -1.0472228908998724e-04
    4.250000   2.63948889 -1.0970735070563449e-04
    4.250000   2.70424717 -1.1431491599803390e-04
    4.250000   2.76900006 -1.1841044067562296e-04
    4.250000   2.83374417 -1.2189349851374605e-04
    4.250000   2.89847256 -1.2470520495041199e-04
    4.250000   2.96316844 -1.2682693951738931e-04
    4.250000   3.02777863 -1.2827010559380658e-04
    4.250000   3.09200950 -1.2905990383796405e-04
    4.300000   0.04958315 -1.2825938271534990e-04
    4.300000   0.11381403 -1.2725032079021544e-04
    4.300000   0.17842421 -1.2544082036480388e-04
    4.300000   0.24312010 -1.2284827873004295e-04
    4.300000   0.30784849 -1.1951220431167130e-04
    4.300000   0.37259260 -1.1550202432225500e-04
    4.300000   0.43734549 -1.1092024521946308e-04
    4.300000   0.50210377 -1.0589916462305377e-04
    4.300000   0.56686560 -1.0059175744515036e-04
    4.300000   0.63162987 -9.5159010027149156e-05
    4.300000   0.69639591 -8.9756608462104702e-05
    4.300000   0.76116325 -8.4523548793743200e-05
    4.300000   0.82593158 -7.9574295522734031e-05
    4.300000   0.89070068 -7.4995022831206648e-05
    4.300000   0.95547037 -7.0843575997857632e-05
    4.300000   1.02024053 -6.7152251756214735e-05
    4.300000   1.08501108 -6.3932316893532598e-05
    4.300000   1.14978193 -6.1179270169203054e-05
    4.300000   1.21455301 -5.8878082286974944e-05
    4.300000   1.27932429 -5.7007918272349549e-05
    4.300000   1.34409571 -5.5546088160765519e-05
    4.300000   1.40886724 -5.4471152845688038e-05
    4.300000   1.47363885 -5.3765225703871240e-05
    4.300000   1.53841049 -5.3415565454701558e-05
    4.300000   1.60318216 -5.3415565736845929e-05
    4.300000   1.66795381 -5.3765226541562911e-05
    4.300000   1.73272541 -5.4471154212790033e-05
    4.300000   1.79749694 -5.5546090014007261e-05
    4.300000   1.86226837 -5.7007920551975466e-05
    4.300000   1.92703964 -5.8878084918032846e-05
    4.300000   1.99181073 -6.1179273063822508e-05
    4.300000   2.05658157 -6.3932319954545697e-05
    4.300000   2.12135212 -6.7152254882419448e-05
    4.300000   2.18612229 -7.0843579091062767e-05
    4.300000   2.25089198 -7.4995025804876203e-05
    4.300000   2.31566107 -7.9574298311644573e-05
    4.300000   2.38042940 -8.4523551363530696e-05
    4.300000   2.44519674 -8.9756610817074260e-05
    4.300000   2.50996278 -9.5159012214371605e-05
    4.300000   2.57472706 -1.0059175955289309e-04
    4.300000   2.63948889 -1.0589916677215716e-04
    4.300000   2.70424717 -1.1092024754745569e-04
    4.300000   2.76900006 -1.1550202696168513e-04
    4.300000   2.83374417 -1.1951220736592728e-04
    4.300000   2.89847256 -1.2284828225135361e-04
    4.300000   2.96316844 -1.2544082433947490e-04
    4.300000   3.02777863 -1.2725032513523184e-04
    4.300000   3.09200950 -1.2825938728827646e-04
    4.350000   0.04958315 -1.2562450172282736e-04
    4.350000   0.11381403 -1.2447575417919832e-04
    4.350000   0.17842421 -1.2243496829660830e-04
    4.350000   0.24312010 -1.1954971618529192e-04
    4.350000   0.30784849 -1.1589527277502738e-04
    4.350000   0.37259260 -1.1157627568508815e-04
    4.350000   0.43734549 -1.0672476355928141e-04
    4.350000   0.50210377 -1.0149366381169714e-04
    4.350000   0.56686560 -9.6046605973733711e-05
    4.350000   0.63162987 -9.0546023874450441e-05
    4.350000   0.69639591 -8.5141814893700888e-05
    4.350000   0.76116325 -7.9962420530041919e-05
    4.350000   0.82593158 -7.5109377806379052e-05
    4.350000   0.89070068 -7.0655513606837812e-05
    4.350000   0.95547037 -6.6646270525878349e-05
    4.350000   1.02024053 -6.3103274558190713e-05
    4.350000   1.08501108 -6.0029168019214282e-05
    4.350000   1.14978193 -5.7412850670558366e-05
    4.350000   1.21455301 -5.5234496105040051e-05
    4.350000   1.27932429 -5.3469954448953844e-05
    4.350000   1.34409571 -5.2094362774982139e-05
    4.350000   1.40886724 -5.1084937280846592e-05
    4.350000   1.47363885 -5.0423013437765815e-05
    4.350000   1.53841049 -5.0095440798361076e-05
    4.350000   1.60318216 -5.0095441072188512e-05
    4.350000   1.66795381 -5.0423014251753066e-05
    4.350000   1.73272541 -5.1084938612543294e-05
    4.350000   1.79749694 -5.2094364587157563e-05
    4.350000   1.86226837 -5.3469956690044749e-05
    4.350000   1.92703964 -5.5234498710120306e-05
    4.350000   1.99181073 -5.7412853563124334e-05
    4.350000   2.05658157 -6.0029171114094164e-05
    4.350000   2.12135212 -6.3103277765867580e-05
    4.350000   2.18612229 -6.6646273758332570e-05
    4.350000   2.25089198 -7.0655516784806917e-05
    4.350000   2.31566107 -7.5109380867546786e-05
    4.350000   2.38042940 -7.9962423437236261e-05
    4.350000   2.44519674 -8.5141817641737469e-05
    4.350000   2.50996278 -9.0546026493969233e-05
    4.350000   2.57472706 -9.6046608530361662e-05
    4.350000   2.63948889 -1.0149366639933145e-04
    4.350000   2.70424717 -1.0672476628726058e-04
    4.350000   2.76900006 -1.1157627866040002e-04
    4.350000   2.83374417 -1.1589527608226287e-04
    4.350000   2.89847256 -1.1954971986820602e-04
    4.350000   2.96316844 -1.2243497234555058e-04
    4.350000   3.02777863 -1.2447575852791575e-04
    4.350000   3.09200950 -1.2562450625631705e-04
    4.400000   0.04958315 -1.2168077715216715e-04
    4.400000   0.11381403 -1.2045280725501228e-04
    4.400000   0.17842421 -1.1828328425600990e-04
    4.400000   0.24312010 -1.1524042254417137e-04
    4.400000   0.30784849 -1.1142364566333049e-04
    4.400000   0.37259260 -1.0696084530396709e-04
    4.400000   0.43734549 -1.0200280519766308e-04
    4.400000   0.50210377 -9.6714498987170969e-05
    4.400000   0.56686560 -9.1264307015309320e-05
    4.400000   0.63162987 -8.5812864075505114e-05
    4.400000   0.69639591 -8.0503315386316684e-05
    4.400000   0.76116325 -7.5454312286338403e-05
    4.400000   0.82593158 -7.0756366939058130e-05
    4.400000   0.89070068 -6.6471475173332710e-05
    4.400000   0.95547037 -6.2635397054439795e-05
    4.400000   1.02024053 -5.9261728013175678e-05
    4.400000   1.08501108 -5.6346874553357737e-05
    4.400000   1.14978193 -5.3875190703366268e-05
    4.400000   1.21455301 -5.1823747901794784e-05
    4.400000   1.27932429 -5.0166432613917712e-05
    4.400000   1.34409571 -4.8877250369814968e-05
    4.400000   1.40886724 -4.7932844670258841e-05
    4.400000   1.47363885 -4.7314314241844312e-05
    4.400000   1.53841049 -4.7008441590597017e-05
    4.400000   1.60318216 -4.7008441853682916e-05
    4.400000   1.66795381 -4.7314315024694625e-05
    4.400000   1.73272541 -4.7932845953662143e-05
    4.400000   1.79749694 -4.8877252121847738e-05
    4.400000   1.86226837 -5.0166434790240426e-05
    4.400000   1.92703964 -5.1823750446361901e-05
    4.400000   1.99181073 -5.3875193549798965e-05
    4.400000   2.05658157 -5.6346877627278961e-05
    4.400000   2.12135212 -5.9261731235727968e-05
    4.400000   2.18612229 -6.2635400347126245e-05
    4.400000   2.25089198 -6.6471478464094375e-05
    4.400000   2.31566107 -7.0756370169198596e-05
    4.400000   2.38042940 -7.5454315417542900e-05
    4.400000   2.44519674 -8.0503318406629457e-05
    4.400000   2.50996278 -8.5812867002870252e-05
    4.400000   2.57472706 -9.1264309897271174e-05
    4.400000   2.63948889 -9.6714501895679526e-05
    4.400000   2.70424717 -1.0200280821874381e-04
    4.400000   2.76900006 -1.0696084852317172e-04
    4.400000   2.83374417 -1.1142364914916231e-04
    4.400000   2.89847256 -1.1524042633269079e-04
    4.400000   2.96316844 -1.1828328834019193e-04
    4.400000   3.02777863 -1.2045281158179906e-04
    4.400000   3.09200950 -1.2168078162866704e-04
    4.450000   0.04958315 -1.1683864522111334e-04
    4.450000   0.11381403 -1.1557685719972370e-04
    4.450000   0.17842421 -1.1335553494084658e-04
    4.450000   0.24312010 -1.1025627275554516e-04
    4.450000   0.30784849 -1.0639379881552951e-04
    4.450000   0.37259260 -1.0191016991928531e-04
    4.450000   0.43734549 -9.6966734992305387e-05
    4.450000   0.50210377 -9.1734034231922404e-05
    4.450000   0.56686560 -8.6380781811674912e-05
    4.450000   0.63162987 -8.1063437974069250e-05
    4.450000   0.69639591 -7.5917769599716418e-05
    4.450000   0.76116325 -7.1053329631818923e-05
    4.450000   0.82593158 -6.6551157884190009e-05
    4.450000   0.89070068 -6.2464426435928212e-05
    4.450000   0.95547037 -5.8821358951717523e-05
    4.450000   1.02024053 -5.5629587637497682e-05
    4.450000   1.08501108 -5.2881141819315234e-05
    4.450000   1.14978193 -5.0557418043301091e-05
    4.450000   1.21455301 -4.8633689028105066e-05
    4.450000   1.27932429 -4.7082910567447948e-05
    4.450000   1.34409571 -4.5878748111811510e-05
    4.450000   1.40886724 -4.4997855859703932e-05
    4.450000   1.47363885 -4.4421502668929803e-05
    4.450000   1.53841049 -4.4136660173431179e-05
    4.450000   1.60318216 -4.4136660424032775e-05
    4.450000   1.66795381 -4.4421503415278471e-05
    4.450000   1.73272541 -4.4997857085422772e-05
    4.450000   1.79749694 -4.5878749789632051e-05
    4.450000   1.86226837 -4.7082912659383981e-05
    4.450000   1.92703964 -4.8633691485951520e-05
    4.450000   1.99181073 -5.0557420809678015e-05
    4.450000   2.05658157 -5.2881144829515762e-05
    4.450000   2.12135212 -5.5629590822346720e-05
    4.450000   2.18612229 -5.8821362241557793e-05
    4.450000   2.25089198 -6.2464429765699120e-05
    4.450000   2.31566107 -6.6551161199270505e-05
    4.450000   2.38042940 -7.1053332894017581e-05
    4.450000   2.44519674 -7.5917772792475301e-05
    4.450000   2.50996278 -8.1063441105693821e-05
    4.450000   2.57472706 -8.6380784915417435e-05
    4.450000   2.63948889 -9.1734037361994926e-05
    4.450000   2.70424717 -9.6966738215598615e-05
    4.450000   2.76900006 -1.0191017330349451e-04
    4.450000   2.83374417 -1.0639380241549028e-04
    4.450000   2.89847256 -1.1025627660043191e-04
    4.450000   2.96316844 -1.1335553902519182e-04
    4.450000   3.02777863 -1.1557686148074452e-04
    4.450000   3.09200950 -1.1683864962359054e-04
    4.500000   0.04958315 -1.1141635887679481e-04
    4.500000   0.11381403 -1.1015433734740319e-04
    4.500000   0.17842421 -1.0793804939142298e-04
    4.500000   0.24312010 -1.0485698540360503e-04
    4.500000   0.30784849 -1.0103450973318782e-04
    4.500000   0.37259260 -9.6620007419507791e-05
    4.500000   0.43734549 -9.1779264065480721e-05
    4.500000   0.50210377 -8.6683565561600871e-05
    4.500000   0.56686560 -8.1498718103918531e-05
    4.500000   0.63162987 -7.6375322501699309e-05
    4.500000   0.69639591 -7.1441410256797375e-05
    4.500000   0.76116325 -6.6798071905564653e-05
    4.500000   0.82593158 -6.2518150769955697e-05
    4.500000   0.89070068 -5.8647598715533439e-05
    4.500000   0.95547037 -5.5208792681984306e-05
    4.500000   1.02024053 -5.2205012735023294e-05
    4.500000   1.08501108 -4.9625346981260754e-05
    4.500000   1.14978193 -4.7449451572395253e-05
    4.500000   1.21455301 -4.5651791245394794e-05
    4.500000   1.27932429 -4.4205169843406118e-05
    4.500000   1.34409571 -4.3083504460895657e-05
    4.500000   1.40886724 -4.2263892674043461e-05
    4.500000   1.47363885 -4.1728073048157574e-05
    4.500000   1.53841049 -4.1463393853167391e-05
    4.500000   1.60318216 -4.1463394090102104e-05
    4.500000   1.66795381 -4.1728073754332188e-05
    4.500000   1.73272541 -4.2263893835557082e-05
    4.500000   1.79749694 -4.3083506054552220e-05
    4.500000   1.86226837 -4.4205171836793080e-05
    4.500000   1.92703964 -4.5651793597212753e-05
    4.500000   1.99181073 -4.7449454233235375e-05
    4.500000   2.05658157 -4.9625349895052588e-05
    4.500000   2.12135212 -5.2205015841338216e-05
    4.500000   2.18612229 -5.5208795919315451e-05
    4.500000   2.25089198 -5.8647602025518199e-05
    4.500000   2.31566107 -6.2518154102292992e-05
    4.500000   2.38042940 -6.6798075223126386e-05
    4.500000   2.44519674 -7.1441413540125506e-05
    4.500000   2.50996278 -7.6375325751938200e-05
    4.500000   2.57472706 -8.1498721343151658e-05
    4.500000   2.63948889 -8.6683568829826934e-05
    4.500000   2.70424717 -9.1779267413989529e-05
    4.500000   2.76900006 -9.6620010901215985e-05
    4.500000   2.83374417 -1.0103451339140923e-04
    4.500000   2.89847256 -1.0485698926142176e-04
    4.500000   2.96316844 -1.0793805344414326e-04
    4.500000   3.02777863 -1.1015434156016850e-04
    4.500000   3.09200950 -1.1141636318839984e-04
    4.550000   0.04958315 -1.0565853586928261e-04
    4.550000   0.11381403 -1.0442062924350074e-04
    4.550000   0.17842421 -1.0225049814524321e-04
    4.550000   0.24312010 -9.9241434453247758e-05
    4.550000   0.30784849 -9.5520471113358374e-05
    4.550000   0.37259260 -9.1239247278346303e-05
    4.550000   0.43734549 -8.6563464497412299e-05
    4.550000   0.50210377 -8.1661635496375605e-05
    4.550000   0.56686560 -7.6694340433000063e-05
    4.550000   0.63162987 -7.1805179364179658e-05
    4.550000   0.69639591 -6.7114303226989926e-05
    4.550000   0.76116325 -6.2714931547750691e-05
    4.550000   0.82593158 -5.8672767566323675e-05
    4.550000   0.89070068 -5.5027826045456192e-05
    4.550000   0.95547037 -5.1797964361471984e-05
    4.550000   1.02024053 -4.8983358916966218e-05
    4.550000   1.08501108 -4.6571256463041395e-05
    4.550000   1.14978193 -4.4540494619770038e-05
    4.550000   1.21455301 -4.2865472136225912e-05
    4.550000   1.27932429 -4.1519417378439875e-05
    4.550000   1.34409571 -4.0476931973184746e-05
    4.550000   1.40886724 -3.9715869745778336e-05
    4.550000   1.47363885 -3.9218653281773630e-05
    4.550000   1.53841049 -3.8973140449424986e-05
    4.550000   1.60318216 -3.8973140671962341e-05
    4.550000   1.66795381 -3.9218653945478853e-05
    4.550000   1.73272541 -3.9715870838905254e-05
    4.550000   1.79749694 -4.0476933476092021e-05
    4.550000   1.86226837 -4.1519419263591503e-05
    4.550000   1.92703964 -4.2865474368388893e-05
    4.550000   1.99181073 -4.4540497156575372e-05
    4.550000   2.05658157 -4.6571259256103509e-05
    4.550000   2.12135212 -4.8983361913725607e-05
    4.550000   2.18612229 -5.1797967507882843e-05
    4.550000   2.25089198 -5.5027829289486122e-05
    4.550000   2.31566107 -5.8672770862083858e-05
    4.550000   2.38042940 -6.2714934859836173e-05
    4.550000   2.44519674 -6.7114306534365919e-05
    4.550000   2.50996278 -7.1805182662812103e-05
    4.550000   2.57472706 -7.6694343736360320e-05
    4.550000   2.63948889 -8.1661638833171370e-05
    4.550000   2.70424717 -8.6563467906300664e-05
    4.550000   2.76900006 -9.1239250800096753e-05
    4.550000   2.83374417 -9.5520474781630494e-05
    4.550000   2.89847256 -9.9241438285800062e-05
    4.550000   2.96316844 -1.0225050213760928e-04
    4.550000   3.02777863 -1.0442063336687490e-04
    4.550000   3.09200950 -1.0565854007350665e-04
    4.600000   0.04958315 -9.9751161061159920e-05
    4.600000   0.11381403 -9.8554538227953734e-05
    4.600000   0.17842421 -9.6459474620444162e-05
    4.600000   0.24312010 -9.3560050340574772e-05
    4.600000   0.30784849 -8.9983324119188895e-05
    4.600000   0.37259260 -8.5879489157677819e-05
    4.600000   0.43734549 -8.1410896564245935e-05
    4.600000   0.50210377 -7.6740783579244175e-05
    4.600000   0.56686560 -7.2022907707852997e-05
    4.600000   0.63162987 -6.7393151046923013e-05
    4.600000   0.69639591 -6.2963802893366511e-05
    4.600000   0.76116325 -5.8820765861324048e-05
    4.600000   0.82593158 -5.5023484659114685e-05
    4.600000   0.89070068 -5.1607065670320001e-05
    4.600000   0.95547037 -4.8585886353938606e-05
    4.600000   1.02024053 -4.5957980454608954e-05
    4.600000   1.08501108 -4.3709586862975592e-05
    4.600000   1.14978193 -4.1819412642214188e-05
    4.600000   1.21455301 -4.0262335584128555e-05
    4.600000   1.27932429 -3.9012425009287839e-05
    4.600000   1.34409571 -3.8045274370372192e-05
    4.600000   1.40886724 -3.7339711953073809e-05
    4.600000   1.47363885 -3.6878991360432014e-05
    4.600000   1.53841049 -3.6651569984643040e-05
    4.600000   1.60318216 -3.6651570192419788e-05
    4.600000   1.66795381 -3.6878991980481829e-05
    4.600000   1.73272541 -3.7339712975523397e-05
    4.600000   1.79749694 -3.8045275778673680e-05
    4.600000   1.86226837 -3.9012426780161909e-05
    4.600000   1.92703964 -4.0262337687658416e-05
    4.600000   1.99181073 -4.1819415042227712e-05
    4.600000   2.05658157 -4.3709589517901283e-05
    4.600000   2.12135212 -4.5957983318940820e-05
    4.600000   2.18612229 -4.8585889380417623e-05
    4.600000   2.25089198 -5.1607068812831724e-05
    4.600000   2.31566107 -5.5023487876150983e-05
    4.600000   2.38042940 -5.8820769119650667e-05
    4.600000   2.44519674 -6.2963806171375844e-05
    4.600000   2.50996278 -6.7393154336974092e-05
    4.600000   2.57472706 -7.2022911016881693e-05
    4.600000   2.63948889 -7.6740786927069379e-05
    4.600000   2.70424717 -8.1410899979377367e-05
    4.600000   2.76900006 -8.5879492670959810e-05
    4.600000   2.83374417 -8.9983327756251293e-05
    4.600000   2.89847256 -9.3560054114570469e-05
    4.600000   2.96316844 -9.6459478526767954e-05
    4.600000   3.02777863 -9.8554542242388664e-05
    4.600000   3.09200950 -9.9751165142203719e-05
    4.650000   0.04958315 -9.3833702711186909e-05
    4.650000   0.11381403 -9.2689987070245926e-05
    4.650000   0.17842421 -9.0689470767122169e-05
    4.650000   0.24312010 -8.7924846980522576e-05
    4.650000   0.30784849 -8.4520584601394458e-05
    4.650000   0.37259260 -8.0622796661766505e-05
    4.650000   0.43734549 -7.6388190703725070e-05
    4.650000   0.50210377 -7.1973014829887003e-05
    4.650000   0.56686560 -6.7523166421195655e-05
    4.650000   0.63162987 -6.3166419895264593e-05
    4.650000   0.69639591 -5.9007346481181317e-05
    4.650000   0.76116325 -5.5125053352043383e-05
    4.650000   0.82593158 -5.1573468177493033e-05
    4.650000   0.89070068 -4.8383615619343528e-05
    4.650000   0.95547037 -4.5567205177154522e-05
    4.650000   1.02024053 -4.3120861676637581e-05
    4.650000   1.08501108 -4.1030439333503163e-05
    4.650000   1.14978193 -3.9275018188579067e-05
    4.650000   1.21455301 -3.7830344980203857e-05
    4.650000   1.27932429 -3.6671620534515341e-05
    4.650000   1.34409571 -3.5775638772845364e-05
    4.650000   1.40886724 -3.5122346399980525e-05
    4.650000   1.47363885 -3.4695922295444849e-05
    4.650000   1.53841049 -3.4485479617368701e-05
    4.650000   1.60318216 -3.4485479810311504e-05
    4.650000   1.66795381 -3.4695922871539170e-05
    4.650000   1.73272541 -3.5122347350976839e-05
    4.650000   1.79749694 -3.5775640084879796e-05
    4.650000   1.86226837 -3.6671622188014023e-05
    4.650000   1.92703964 -3.7830346949892537e-05
    4.650000   1.99181073 -3.9275020443729757e-05
    4.650000   2.05658157 -4.1030441838567231e-05
    4.650000   2.12135212 -4.3120864392399008e-05
    4.650000   2.18612229 -4.5567208062498714e-05
    4.650000   2.25089198 -4.8383618633639860e-05
    4.650000   2.31566107 -5.1573471283484205e-05
    4.650000   2.38042940 -5.5125056518945711e-05
    4.650000   2.44519674 -5.9007349687562340e-05
    4.650000   2.50996278 -6.3166423131111744e-05
    4.650000   2.57472706 -6.7523169688572096e-05
    4.650000   2.63948889 -7.1973018141695459e-05
    4.650000   2.70424717 -7.6388194080382680e-05
    4.650000   2.76900006 -8.0622800126068714e-05
    4.650000   2.83374417 -8.4520588172338481e-05
    4.650000   2.89847256 -8.7924850667324417e-05
    4.650000   2.96316844 -9.0689474564811410e-05
    4.650000   3.02777863 -9.2689990958057928e-05
    4.650000   3.09200950 -9.3833706654375932e-05
    4.700000   0.04958315 -8.8008881516503851e-05
    4.700000   0.11381403 -8.6925446140899030e-05
    4.700000   0.17842421 -8.5031731220150449e-05
    4.700000   0.24312010 -8.2417514138747602e-05
    4.700000   0.30784849 -7.9202850449067118e-05
    4.700000   0.37259260 -7.5527960693501690e-05
    4.700000   0.43734549 -7.1542365935218285e-05
    4.700000   0.50210377 -6.7394218732885725e-05
    4.700000   0.56686560 -6.3220948217595149e-05
    4.700000   0.63162987 -5.9142081085073515e-05
    4.700000   0.69639591 -5.5254706372725208e-05
    4.700000   0.76116325 -5.1631627611787492e-05
    4.700000   0.82593158 -4.8321884079038161e-05
    4.700000   0.89070068 -4.5353084756049134e-05
    4.700000   0.95547037 -4.2734903135534451e-05
    4.700000   1.02024053 -4.0463109771339203e-05
    4.700000   1.08501108 -3.8523632070332397e-05
    4.700000   1.14978193 -3.6896281923868969e-05
    4.700000   1.21455301 -3.5557943514239108e-05
    4.700000   1.27932429 -3.4485141420957091e-05
    4.700000   1.34409571 -3.3656001804170655e-05
    4.700000   1.40886724 -3.3051676005239212e-05
    4.700000   1.47363885 -3.2657321503467569e-05
    4.700000   1.53841049 -3.2462737357789615e-05
    4.700000   1.60318216 -3.2462737536057308e-05
    4.700000   1.66795381 -3.2657322036005395e-05
    4.700000   1.73272541 -3.3051676885201799e-05
    4.700000   1.79749694 -3.3656003020019508e-05
    4.700000   1.86226837 -3.4485142956334039e-05
    4.700000   1.92703964 -3.5557945347914308e-05
    4.700000   1.99181073 -3.6896284029878990e-05
    4.700000   2.05658157 -3.8523634418435948e-05
    4.700000   2.12135212 -4.0463112327912517e-05
    4.700000   2.18612229 -4.2734905864991669e-05
    4.700000   2.25089198 -4.5353087622799883e-05
    4.700000   2.31566107 -4.8321887049887157e-05
    4.700000   2.38042940 -5.1631630658548022e-05
    4.700000   2.44519674 -5.5254709474678588e-05
    4.700000   2.50996278 -5.9142084230786805e-05
    4.700000   2.57472706 -6.3220951405590847e-05
    4.700000   2.63948889 -6.7394221970751660e-05
    4.700000   2.70424717 -7.1542369236979873e-05
    4.700000   2.76900006 -7.5527964075470697e-05
    4.700000   2.83374417 -7.9202853924807091e-05
    4.700000   2.89847256 -8.2417517714140594e-05
    4.700000   2.96316844 -8.5031734889745282e-05
    4.700000   3.02777863 -8.6925449886521576e-05
    4.700000   3.09200950 -8.8008885308669447e-05
    4.750000   0.04958315 -8.2350532245715135e-05
    4.750000   0.11381403 -8.1331523600755470e-05
    4.750000   0.17842421 -7.9551381818523180e-05
    4.750000   0.24312010 -7.7095934865175798e-05
    4.750000   0.30784849 -7.4079608280245408e-05
    4.750000   0.37259260 -7.0635547039783308e-05
    4.750000   0.43734549 -6.6905116474227626e-05
    4.750000   0.50210377 -6.3027730419926031e-05
    4.750000   0.56686560 -5.9132067552353938e-05
    4.750000   0.63162987 -5.5329454119555109e-05
    4.750000   0.69639591 -5.1709798869251799e-05
    4.750000   0.76116325 -4.8340065688157775e-05
    4.750000   0.82593158 -4.5264942583124771e-05
    4.750000   0.89070068 -4.2509161119815619e-05
    4.750000   0.95547037 -4.0080848698014721e-05
    4.750000   1.02024053 -3.7975335641027221e-05
    4.750000   1.08501108 -3.6178951127286250e-05
    4.750000   1.14978193 -3.4672485033968057e-05
    4.750000   1.21455301 -3.3434133184741920e-05
    4.750000   1.27932429 -3.2441860054347405e-05
    4.750000   1.34409571 -3.1675196486905804e-05
    4.750000   1.40886724 -3.1116540250732637e-05
    4.750000   1.47363885 -3.0752049335077561e-05
    4.750000   1.53841049 -3.0572218842673798e-05
    4.750000   1.60318216 -3.0572219006602734e-05
    4.750000   1.66795381 -3.0752049825000360e-05
    4.750000   1.73272541 -3.1116541061013618e-05
    4.750000   1.79749694 -3.1675197608014049e-05
    4.750000   1.86226837 -3.2441861472710384e-05
    4.750000   1.92703964 -3.3434134882643891e-05
    4.750000   1.99181073 -3.4672486989602787e-05
    4.750000   2.05658157 -3.6178953315072443e-05
    4.750000   2.12135212 -3.7975338032293354e-05
    4.750000   2.18612229 -4.0080851262129332e-05
    4.750000   2.25089198 -4.2509163825784612e-05
    4.750000   2.31566107 -4.5264945401580926e-05
    4.750000   2.38042940 -4.8340068593557058e-05
    4.750000   2.44519674 -5.1709801841963774e-05
    4.750000   2.50996278 -5.5329457147455434e-05
    4.750000   2.57472706 -5.9132070631475965e-05
    4.750000   2.63948889 -6.3027733553833824e-05
    4.750000   2.70424717 -6.6905119671947791e-05
    4.750000   2.76900006 -7.0635550312452621e-05
    4.750000   2.83374417 -7.4079611637009493e-05
    4.750000   2.89847256 -7.7095938309135081e-05
    4.750000   2.96316844 -7.9551385343705456e-05
    4.750000   3.02777863 -8.1331527190926504e-05
    4.750000   3.09200950 -8.2350535875485569e-05
    4.800000   0.04958315 -7.6909916858134748e-05
    4.800000   0.11381403 -7.5957061330271175e-05
    4.800000   0.17842421 -7.4293155942839616e-05
    4.800000   0.24312010 -7.1999422230672897e-05
    4.800000   0.30784849 -6.9183900142272546e-05
    4.800000   0.37259260 -6.5971953506327167e-05
    4.800000   0.43734549 -6.2496256985460343e-05
    4.800000   0.50210377 -5.8887191804081678e-05
    4.800000   0.56686560 -5.5264647819365661e-05
    4.800000   0.63162987 -5.1731935716441881e-05
    4.800000   0.69639591 -4.8372130730802740e-05
    4.800000   0.76116325 -4.5246794521429930e-05
    4.800000   0.82593158 -4.2396726184631564e-05
    4.800000   0.89070068 -3.9844216375454568e-05
    4.800000   0.95547037 -3.7596224473972461e-05
    4.800000   1.02024053 -3.5647944701094830e-05
    4.800000   1.08501108 -3.3986336096749921e-05
    4.800000   1.14978193 -3.2593325474041020e-05
    4.800000   1.21455301 -3.1448521919739551e-05
    4.800000   1.27932429 -3.0531387647630307e-05
    4.800000   1.34409571 -2.9822885394487975e-05
    4.800000   1.40886724 -2.9306667414522686e-05
    4.800000   1.47363885 -2.8969890356719758e-05
    4.800000   1.53841049 -2.8803740434410679e-05
    4.800000   1.60318216 -2.8803740584470551e-05
    4.800000   1.66795381 -2.8969890805380005e-05
    4.800000   1.73272541 -2.9306668157187961e-05
    4.800000   1.79749694 -2.9822886423355565e-05
    4.800000   1.86226837 -3.0531388951529895e-05
    4.800000   1.92703964 -3.1448523483998616e-05
    4.800000   1.99181073 -3.2593327280473445e-05
    4.800000   2.05658157 -3.3986338123852908e-05
    4.800000   2.12135212 -3.5647946924564869e-05
    4.800000   2.18612229 -3.7596226867595867e-05
    4.800000   2.25089198 -3.9844218912403328e-05
    4.800000   2.31566107 -4.2396728839108503e-05
    4.800000   2.38042940 -4.5246797270499200e-05
    4.800000   2.44519674 -4.8372133556171172e-05
    4.800000   2.50996278 -5.1731938605834626e-05
    4.800000   2.57472706 -5.5264650767152031e-05
    4.800000   2.63948889 -5.8887194810841572e-05
    4.800000   2.70424717 -6.2496260056353723e-05
    4.800000   2.76900006 -6.5971956648401957e-05
    4.800000   2.83374417 -6.9183903361118499e-05
    4.800000   2.89847256 -7.1999425527099302e-05
    4.800000   2.96316844 -7.4293159310368772e-05
    4.800000   3.02777863 -7.5957064754132128e-05
    4.800000   3.09200950 -7.6909920316131414e-05
    4.850000   0.04958315 -7.1720781817116632e-05
    4.850000   0.11381403 -7.0834018692264025e-05
    4.850000   0.17842421 -6.9285982802582126e-05
    4.850000   0.24312010 -6.7152915906536646e-05
    4.850000   0.30784849 -6.4536063597155842e-05
    4.850000   0.37259260 -6.1552661310346581e-05
    4.850000   0.43734549 -5.8326482829570850e-05
    4.850000   0.50210377 -5.4978842377035159e-05
    4.850000   0.56686560 -5.1620981642662316e-05
    4.850000   0.63162987 -4.8348478865884844e-05
    4.850000   0.69639591 -4.5237950574701398e-05
    4.850000   0.76116325 -4.2345967902470129e-05
    4.850000   0.82593158 -3.9709841849225715e-05
    4.850000   0.89070068 -3.7349777523153294e-05
    4.850000   0.95547037 -3.5271856507853921e-05
    4.850000   1.02024053 -3.3471355565663066e-05
    4.850000   1.08501108 -3.1936014149589399e-05
    4.850000   1.14978193 -3.0648988164515169e-05
    4.850000   1.21455301 -2.9591346357981939e-05
    4.850000   1.27932429 -2.8744062461749275e-05
    4.850000   1.34409571 -2.8089524343167628e-05
    4.850000   1.40886724 -2.7612621625120352e-05
    4.850000   1.47363885 -2.7301490128173600e-05
    4.850000   1.53841049 -2.7147991099938379e-05
    4.850000   1.60318216 -2.7147991236696276e-05
    4.850000   1.66795381 -2.7301490537227572e-05
    4.850000   1.73272541 -2.7612622302764596e-05
    4.850000   1.79749694 -2.8089525283082891e-05
    4.850000   1.86226837 -2.8744063654832247e-05
    4.850000   1.92703964 -2.9591347792189198e-05
    4.850000   1.99181073 -3.0648989824798509e-05
    4.850000   2.05658157 -3.1936016018005079e-05
    4.850000   2.12135212 -3.3471357621746078e-05
    4.850000   2.18612229 -3.5271858729313347e-05
    4.850000   2.25089198 -3.7349779886916512e-05
    4.850000   2.31566107 -3.9709844332787459e-05
    4.850000   2.38042940 -4.2345970485419690e-05
    4.850000   2.44519674 -4.5237953240226663e-05
    4.850000   2.50996278 -4.8348481601960235e-05
    4.850000   2.57472706 -5.1620984442629280e-05
    4.850000   2.63948889 -5.4978845239314115e-05
    4.850000   2.70424717 -5.8326485756382909e-05
    4.850000   2.76900006 -6.1552664305541195e-05
    4.850000   2.83374417 -6.4536066663494678e-05
    4.850000   2.89847256 -6.7152919042970033e-05
    4.850000   2.96316844 -6.9285986002179845e-05
    4.850000   3.02777863 -7.0834021941374004e-05
    4.850000   3.09200950 -7.1720785096047212e-05
    4.900000   0.04958315 -6.6803398192924601e-05
    4.900000   0.11381403 -6.5981374169849568e-05
    4.900000   0.17842421 -6.4546653227698104e-05
    4.900000   0.24312010 -6.2570335087346466e-05
    4.900000   0.30784849 -6.0146719714514849e-05
    4.900000   0.37259260 -5.7384832011500831e-05
    4.900000   0.43734549 -5.4399573541369981e-05
    4.900000   0.50210377 -5.1303346197962584e-05
    4.900000   0.56686560 -4.8199012240677476e-05
    4.900000   0.63162987 -4.5174767836725027e-05
    4.900000   0.69639591 -4.2301160374745575e-05
    4.900000   0.76116325 -3.9630157151956946e-05
    4.900000   0.82593158 -3.7195930811481446e-05
    4.900000   0.89070068 -3.5016891478966871e-05
    4.900000   0.95547037 -3.3098464349274290e-05
    4.900000   1.02024053 -3.1436161285825910e-05
    4.900000   1.08501108 -3.0018593409770215e-05
    4.900000   1.14978193 -2.8830187295631343e-05
    4.900000   1.21455301 -2.7853476330668145e-05
    4.900000   1.27932429 -2.7070926805913448e-05
    4.900000   1.34409571 -2.6466319953223516e-05
    4.900000   1.40886724 -2.6025747280272810e-05
    4.900000   1.47363885 -2.5738291525869752e-05
    4.900000   1.53841049 -2.5596464882443342e-05
    4.900000   1.60318216 -2.5596465006538744e-05
    4.900000   1.66795381 -2.5738291897189789e-05
    4.900000   1.73272541 -2.6025747895871175e-05
    4.900000   1.79749694 -2.6466320808049627e-05
    4.900000   1.86226837 -2.7070927892637271e-05
    4.900000   1.92703964 -2.7853477639507785e-05
    4.900000   1.99181073 -2.8830188814252529e-05
    4.900000   2.05658157 -3.0018595123324555e-05
    4.900000   2.12135212 -3.1436163177210454e-05
    4.900000   2.18612229 -3.3098466399665478e-05
    4.900000   2.25089198 -3.5016893668657506e-05
    4.900000   2.31566107 -3.7195933120979301e-05
    4.900000   2.38042940 -3.9630159563252210e-05
    4.900000   2.44519674 -4.2301162872575561e-05
    4.900000   2.50996278 -4.5174770409596623e-05
    4.900000   2.57472706 -4.8199014881391770e-05
    4.900000   2.63948889 -5.1303348903432851e-05
    4.900000   2.70424717 -5.4399576311619824e-05
    4.900000   2.76900006 -5.7384834847919086e-05
    4.900000   2.83374417 -6.0146722617643589e-05
    4.900000   2.89847256 -6.2570338054655238e-05
    4.900000   2.96316844 -6.4546656251884908e-05
    4.900000   3.02777863 -6.5981377238132690e-05
    4.900000   3.09200950 -6.6803401287597434e-05
    4.950000   0.04958315 -6.2167778922095121e-05
    4.950000   0.11381403 -6.1408232353386171e-05
    4.950000   0.17842421 -6.0082738753658329e-05
    4.950000   0.24312010 -5.8257248158689820e-05
    4.950000   0.30784849 -5.6019151594994892e-05
    4.950000   0.37259260 -5.3469373765028048e-05
    4.950000   0.43734549 -5.0714144603968694e-05
    4.950000   0.50210377 -4.7857242459617812e-05
    4.950000   0.56686560 -4.4993507230898255e-05
    4.950000   0.63162987 -4.2204146477061814e-05
    4.950000   0.69639591 -3.9554032480610881e-05
    4.950000   0.76116325 -3.7090891037346438e-05
    4.950000   0.82593158 -3.4846063433221266e-05
    4.950000   0.89070068 -3.2836403534217640e-05
    4.950000   0.95547037 -3.1066847818941710e-05
    4.950000   1.02024053 -2.9533245095050334e-05
    4.950000   1.08501108 -2.8225124560552284e-05
    4.950000   1.14978193 -2.7128187304998401e-05
    4.950000   1.21455301 -2.6226405850225876e-05
    4.950000   1.27932429 -2.5503696320190757e-05
    4.950000   1.34409571 -2.4945183639811798e-05
    4.950000   1.40886724 -2.4538112739855240e-05
    4.950000   1.47363885 -2.4272472113593578e-05
    4.950000   1.53841049 -2.4141395270937063e-05
    4.950000   1.60318216 -2.4141395383055033e-05
    4.950000   1.66795381 -2.4272472449194120e-05
    4.950000   1.73272541 -2.4538113296638955e-05
    4.950000   1.79749694 -2.4945184413810017e-05
    4.950000   1.86226837 -2.5503697305588430e-05
    4.950000   1.92703964 -2.6226407039181629e-05
    4.950000   1.99181073 -2.7128188687516226e-05
    4.950000   2.05658157 -2.8225126124464251e-05
    4.950000   2.12135212 -2.9533246826187093e-05
    4.950000   2.18612229 -3.1066849701535549e-05
    4.950000   2.25089198 -3.2836405551559276e-05
    4.950000   2.31566107 -3.4846065568555080e-05
    4.950000   2.38042940 -3.7090893274916776e-05
    4.950000   2.44519674 -3.9554034806717609e-05
    4.950000   2.50996278 -4.2204148880930897e-05
    4.950000   2.57472706 -4.4993509705159164e-05
    4.950000   2.63948889 -4.7857245000187848e-05
    4.950000   2.70424717 -5.0714147209270797e-05
    4.950000   2.76900006 -5.3469376434588015e-05
    4.950000   2.83374417 -5.6019154327644441e-05
    4.950000   2.89847256 -5.8257250950750301e-05
    4.950000   2.96316844 -6.0082741597542312e-05
    4.950000   3.02777863 -6.1408235237018035e-05
    4.950000   3.09200950 -6.2167781829361522e-05
    5.000000   0.04958315 -5.7816231451530674e-05
    5.000000   0.11381403 -5.7116288949894102e-05
    5.000000   0.17842421 -5.5894907250048549e-05
    5.000000   0.24312010 -5.4212989934992678e-05
    5.000000   0.30784849 -5.2151189870987953e-05
    5.000000   0.37259260 -4.9802578078949857e-05
    5.000000   0.43734549 -4.7265033500186609e-05
    5.000000   0.50210377 -4.4634091223958800e-05
    5.000000   0.56686560 -4.1996983399015989e-05
    5.000000   0.63162987 -3.9428346866020311e-05
    5.000000   0.69639591 -3.6987769437970373e-05
    5.000000   0.76116325 -3.4719074072602169e-05
    5.000000   0.82593158 -3.2651041633313472e-05
    5.000000   0.89070068 -3.0799166887599559e-05
    5.000000   0.95547037 -2.9168023463108883e-05
    5.000000   1.02024053 -2.7753860376488997e-05
    5.000000   1.08501108 -2.6547137868008746e-05
    5.000000   1.14978193 -2.5534807784087409e-05
    5.000000   1.21455301 -2.4702234407580401e-05
    5.000000   1.27932429 -2.4034724263514726e-05
    5.000000   1.34409571 -2.3518683977249513e-05
    5.000000   1.40886724 -2.3142454698879077e-05
    5.000000   1.47363885 -2.2896883629575095e-05
    5.000000   1.53841049 -2.2775692374496645e-05
    5.000000   1.60318216 -2.2775692475347244e-05
    5.000000   1.66795381 -2.2896883931555927e-05
    5.000000   1.73272541 -2.3142455200239704e-05
    5.000000   1.79749694 -2.3518684674935804e-05
    5.000000   1.86226837 -2.4034725153002947e-05
    5.000000   1.92703964 -2.4702235482688364e-05
    5.000000   1.99181073 -2.5534809036823568e-05
    5.000000   2.05658157 -2.6547139288523236e-05
    5.000000   2.12135212 -2.7753861953162444e-05
    5.000000   2.18612229 -2.9168025182851131e-05
    5.000000   2.25089198 -3.0799168736361825e-05
    5.000000   2.31566107 -3.2651043596810118e-05
    5.000000   2.38042940 -3.4719076137167233e-05
    5.000000   2.44519674 -3.6987771591435930e-05
    5.000000   2.50996278 -3.9428349098454960e-05
    5.000000   2.57472706 -4.1996985703143195e-05
    5.000000   2.63948889 -4.4634093595095975e-05
    5.000000   2.70424717 -4.7265035935633093e-05
    5.000000   2.76900006 -4.9802580576854769e-05
    5.000000   2.83374417 -5.2151192428895663e-05
    5.000000   2.89847256 -5.4212992548357525e-05
    5.000000   2.96316844 -5.5894909911094534e-05
    5.000000   3.02777863 -5.7116291647141320e-05
    5.000000   3.09200950 -5.7816234170171260e-05
    5.050000   0.04958315 -5.3745374476935607e-05
    5.050000   0.11381403 -5.3101778048964773e-05
    5.050000   0.17842421 -5.1978751728223848e-05
    5.050000   0.24312010 -5.0432333072611153e-05
    5.050000   0.30784849 -4.8536700164930751e-05
    5.050000   0.37259260 -4.6377409691608418e-05
    5.050000   0.43734549 -4.4044390320388227e-05
    5.050000   0.50210377 -4.1625372902537390e-05
    5.050000   0.56686560 -3.9200430353921401e-05
    5.050000   0.63162987 -3.6838056868113824e-05
    5.050000   0.69639591 -3.4592937154719851e-05
    5.050000   0.76116325 -3.2505307070089714e-05
    5.050000   0.82593158 -3.0601627304639705e-05
    5.050000   0.89070068 -2.8896197287166136e-05
    5.050000   0.95547037 -2.7393321270011330e-05
    5.050000   1.02024053 -2.6089682720589728e-05
    5.050000   1.08501108 -2.4976661401965178e-05
    5.050000   1.14978193 -2.4042416499866745e-05
    5.050000   1.21455301 -2.3273641562990903e-05
    5.050000   1.27932429 -2.2656962901942264e-05
    5.050000   1.34409571 -2.2179998888606289e-05
    5.050000   1.40886724 -2.1832124249051549e-05
    5.050000   1.47363885 -2.1604994320643015e-05
    5.050000   1.53841049 -2.1492883498203643e-05
    5.050000   1.60318216 -2.1492883588508990e-05
    5.050000   1.66795381 -2.1604994591142004e-05
    5.050000   1.73272541 -2.1832124698453505e-05
    5.050000   1.79749694 -2.2179999514633700e-05
    5.050000   1.86226837 -2.2656963701164376e-05
    5.050000   1.92703964 -2.3273642530635342e-05
    5.050000   1.99181073 -2.4042417629662716e-05
    5.050000   2.05658157 -2.4976662686050480e-05
    5.050000   2.12135212 -2.6089684149555872e-05
    5.050000   2.18612229 -2.7393322833107855e-05
    5.050000   2.25089198 -2.8896198972691946e-05
    5.050000   2.31566107 -3.0601629100524489e-05
    5.050000   2.38042940 -3.2505308964584719e-05
    5.050000   2.44519674 -3.4592939137131692e-05
    5.050000   2.50996278 -3.6838058929417080e-05
    5.050000   2.57472706 -3.9200432487129067e-05
    5.050000   2.63948889 -4.1625375102671812e-05
    5.050000   2.70424717 -4.4044392583997497e-05
    5.050000   2.76900006 -4.6377412015859825e-05
    5.050000   2.83374417 -4.8536702546426692e-05
    5.050000   2.89847256 -5.0432335506183797e-05
    5.050000   2.96316844 -5.1978754206001020e-05
    5.050000   3.02777863 -5.3101780559996188e-05
    5.050000   3.09200950 -5.3745377007505904e-05
    5.100000   0.04958315 -4.9947723383494356e-05
    5.100000   0.11381403 -4.9357002647627799e-05
    5.100000   0.17842421 -4.8326227204992516e-05
    5.100000   0.24312010 -4.6906800440370216e-05
    5.100000   0.30784849 -4.5166749892174399e-05
    5.100000   0.37259260 -4.3184516946823671e-05
    5.100000   0.43734549 -4.1042530296851025e-05
    5.100000   0.50210377 -3.8821189338288605e-05
    5.100000   0.56686560 -3.6593872246530734e-05
    5.100000   0.63162987 -3.4423358118984722e-05
    5.100000   0.69639591 -3.2359796392841613e-05
    5.100000   0.76116325 -3.0440129452298216e-05
    5.100000   0.82593158 -2.8688711748081741e-05
    5.100000   0.89070068 -2.7118784211783412e-05
    5.100000   0.95547037 -2.5734450226535915e-05
    5.100000   1.02024053 -2.4532840422510543e-05
    5.100000   1.08501108 -2.3506225082568281e-05
    5.100000   1.14978193 -2.2643913845912076e-05
    5.100000   1.21455301 -2.1933857154757188e-05
    5.100000   1.27932429 -2.1363923588104289e-05
    5.100000   1.34409571 -2.0922868722179500e-05
    5.100000   1.40886724 -2.0601035325595925e-05
    5.100000   1.47363885 -2.0390834591791547e-05
    5.100000   1.53841049 -2.0287057479327498e-05
    5.100000   1.60318216 -2.0287057559808249e-05
    5.100000   1.66795381 -2.0390834832944354e-05
    5.100000   1.73272541 -2.0601035726517754e-05
    5.100000   1.79749694 -2.0922869281245097e-05
    5.100000   1.86226837 -2.1363924302804470e-05
    5.100000   1.92703964 -2.1933858021516855e-05
    5.100000   1.99181073 -2.2643914859920228e-05
    5.100000   2.05658157 -2.3506226237671448e-05
    5.100000   2.12135212 -2.4532841711204775e-05
    5.100000   2.18612229 -2.5734451640104707e-05
    5.100000   2.25089198 -2.7118785740592145e-05
    5.100000   2.31566107 -2.8688713382031792e-05
    5.100000   2.38042940 -3.0440131181390345e-05
    5.100000   2.44519674 -3.2359798207771513e-05
    5.100000   2.50996278 -3.4423360011664129e-05
    5.100000   2.57472706 -3.6593874210391970e-05
    5.100000   2.63948889 -3.8821191368286153e-05
    5.100000   2.70424717 -4.1042532389076066e-05
    5.100000   2.76900006 -4.3184519097778778e-05
    5.100000   2.83374417 -4.5166752097804548e-05
    5.100000   2.89847256 -4.6906802695086839e-05
    5.100000   2.96316844 -4.8326229500920849e-05
    5.100000   3.02777863 -4.9357004974305007e-05
    5.100000   3.09200950 -4.9947725728143340e-05
    5.150000   0.04958315 -4.6412929326244060e-05
    5.150000   0.11381403 -4.5871530468131188e-05
    5.150000   0.17842421 -4.4926772719922943e-05
    5.150000   0.24312010 -4.3625689014911508e-05
    5.150000   0.30784849 -4.2030517386210178e-05
    5.150000   0.37259260 -4.0213017545234772e-05
    5.150000   0.43734549 -3.8248595031130126e-05
    5.150000   0.50210377 -3.6210805528119773e-05
    5.150000   0.56686560 -3.4166799528519662e-05
    5.150000   0.63162987 -3.2174060180443501e-05
    5.150000   0.69639591 -3.0278552972127662e-05
    5.150000   0.76116325 -2.8514199230272150e-05
    5.150000   0.82593158 -2.6903438358952683e-05
    5.150000   0.89070068 -2.5458567871555331e-05
    5.150000   0.95547037 -2.4183539651134233e-05
    5.150000   1.02024053 -2.3075928522384355e-05
    5.150000   1.08501108 -2.2128854239352302e-05
    5.150000   1.14978193 -2.1332711328783672e-05
    5.150000   1.21455301 -2.0676628917408183e-05
    5.150000   1.27932429 -2.0149636720598212e-05
    5.150000   1.34409571 -1.9741550968802398e-05
    5.150000   1.40886724 -1.9443615993865576e-05
    5.150000   1.47363885 -1.9248946238355123e-05
    5.150000   1.53841049 -1.9152812960893403e-05
    5.150000   1.60318216 -1.9152813032258985e-05
    5.150000   1.66795381 -1.9248946452269024e-05
    5.150000   1.73272541 -1.9443616349746740e-05
    5.150000   1.79749694 -1.9741551465572764e-05
    5.150000   1.86226837 -2.0149637356521093e-05
    5.150000   1.92703964 -2.0676629689916840e-05
    5.150000   1.99181073 -2.1332712234307602e-05
    5.150000   2.05658157 -2.2128855273194175e-05
    5.150000   2.12135212 -2.3075929678676350e-05
    5.150000   2.18612229 -2.4183540922921281e-05
    5.150000   2.25089198 -2.5458569251009949e-05
    5.150000   2.31566107 -2.6903439837725364e-05
    5.150000   2.38042940 -2.8514200799944477e-05
    5.150000   2.44519674 -3.0278554624694777e-05
    5.150000   2.50996278 -3.2174061908742395e-05
    5.150000   2.57472706 -3.4166801326494144e-05
    5.150000   2.63948889 -3.6210807390822569e-05
    5.150000   2.70424717 -3.8248596954424366e-05
    5.150000   2.76900006 -4.0213019525203444e-05
    5.150000   2.83374417 -4.2030519418377297e-05
    5.150000   2.89847256 -4.3625691093440155e-05
    5.150000   2.96316844 -4.4926774837016112e-05
    5.150000   3.02777863 -4.5871532613792549e-05
    5.150000   3.09200950 -4.6412931488527556e-05
    5.200000   0.04958315 -4.3128740841706339e-05
    5.200000   0.11381403 -4.2633121622858143e-05
    5.200000   0.17842421 -4.1768181084088822e-05
    5.200000   0.24312010 -4.0576862613199369e-05
    5.200000   0.30784849 -3.9115994531006310e-05
    5.200000   0.37259260 -3.7451104307426294e-05
    5.200000   0.43734549 -3.5651060479082999e-05
    5.200000   0.50210377 -3.3783063780173937e-05
    5.200000   0.56686560 -3.1908496801617131e-05
    5.200000   0.63162987 -3.0079951833453474e-05
    5.200000   0.69639591 -2.8339543286730180e-05
    5.200000   0.76116325 -2.6718423587739626e-05
    5.200000   0.82593158 -2.5237288498924470e-05
    5.200000   0.89070068 -2.3907589537189665e-05
    5.200000   0.95547037 -2.2733161890201606e-05
    5.200000   1.02024053 -2.1712010470836822e-05
    5.200000   1.08501108 -2.0838055602332325e-05
    5.200000   1.14978193 -2.0102706121744784e-05
    5.200000   1.21455301 -1.9496188873207175e-05
    5.200000   1.27932429 -1.9008612452837355e-05
    5.200000   1.34409571 -1.8630777133248540e-05
    5.200000   1.40886724 -1.8354762843880177e-05
    5.200000   1.47363885 -1.8174335375758000e-05
    5.200000   1.53841049 -1.8085210644008279e-05
    5.200000   1.60318216 -1.8085210706948384e-05
    5.200000   1.66795381 -1.8174335564488078e-05
    5.200000   1.73272541 -1.8354763158085840e-05
    5.200000   1.79749694 -1.8630777572302458e-05
    5.200000   1.86226837 -1.9008613015649755e-05
    5.200000   1.92703964 -1.9496189558057105e-05
    5.200000   1.99181073 -2.0102706926108348e-05
    5.200000   2.05658157 -2.0838056522745830e-05
    5.200000   2.12135212 -2.1712011502833948e-05
    5.200000   2.18612229 -2.2733163028346039e-05
    5.200000   2.25089198 -2.3907590775227353e-05
    5.200000   2.31566107 -2.5237289830050380e-05
    5.200000   2.38042940 -2.6718425004951497e-05
    5.200000   2.44519674 -2.8339544783221529e-05
    5.200000   2.50996278 -3.0079953402963485e-05
    5.200000   2.57472706 -3.1908498438647622e-05
    5.200000   2.63948889 -3.3783065479999527e-05
    5.200000   2.70424717 -3.5651062237512563e-05
    5.200000   2.76900006 -3.7451106120320428e-05
    5.200000   2.83374417 -3.9115996393650416e-05
    5.200000   2.89847256 -4.0576864519654526e-05
    5.200000   2.96316844 -4.1768183026706438e-05
    5.200000   3.02777863 -4.2633123592103724e-05
    5.200000   3.09200950 -4.3128742826383633e-05
    5.250000   0.04958315 -4.0081743800213977e-05
    5.250000   0.11381403 -3.9628442055211217e-05
    5.250000   0.17842421 -3.8837267087771985e-05
    5.250000   0.24312010 -3.7747359946534224e-05
    5.250000   0.30784849 -3.6410524440853902e-05
    5.250000   0.37259260 -3.4886507197435917e-05
    5.250000   0.43734549 -3.3238122623959485e-05
    5.250000   0.50210377 -3.1526696152029986e-05
    5.250000   0.56686560 -2.9808287938892605e-05
    5.250000   0.63162987 -2.8130986555370600e-05
    5.250000   0.69639591 -2.6533368620725573e-05
    5.250000   0.76116325 -2.5044050567675121e-05
    5.250000   0.82593158 -2.3682138592935256e-05
    5.250000   0.89070068 -2.2458321254926087e-05
    5.250000   0.95547037 -2.1376340859826387e-05
    5.250000   1.02024053 -2.0434610668770577e-05
    5.250000   1.08501108 -1.9627798021330549e-05
    5.250000   1.14978193 -1.8948253254990749e-05
    5.250000   1.21455301 -1.8387219519173572e-05
    5.250000   1.27932429 -1.7935802769190566e-05
    5.250000   1.34409571 -1.7585712086487329e-05
    5.250000   1.40886724 -1.7329798619488753e-05
    5.250000   1.47363885 -1.7162429068554310e-05
    5.250000   1.53841049 -1.7079729460672005e-05
    5.250000   1.60318216 -1.7079729515855575e-05
    5.250000   1.66795381 -1.7162429234085090e-05
    5.250000   1.73272541 -1.7329798895272367e-05
    5.250000   1.79749694 -1.7585712472271503e-05
    5.250000   1.86226837 -1.7935803264419871e-05
    5.250000   1.92703964 -1.8387220122831792e-05
    5.250000   1.99181073 -1.8948253965430194e-05
    5.250000   2.05658157 -1.9627798836132863e-05
    5.250000   2.12135212 -2.0434611584660707e-05
    5.250000   2.18612229 -2.1376341872670408e-05
    5.250000   2.25089198 -2.2458322359835535e-05
    5.250000   2.31566107 -2.3682139784457092e-05
    5.250000   2.38042940 -2.5044051840073541e-05
    5.250000   2.44519674 -2.6533369968288933e-05
    5.250000   2.50996278 -2.8130987972697512e-05
    5.250000   2.57472706 -2.9808289421065154e-05
    5.250000   2.63948889 -3.1526697694629131e-05
    5.250000   2.70424717 -3.3238124222866337e-05
    5.250000   2.76900006 -3.4886508848444823e-05
    5.250000   2.83374417 -3.6410526139161473e-05
    5.250000   2.89847256 -3.7747361686213243e-05
    5.250000   2.96316844 -3.8837268861387195e-05
    5.250000   3.02777863 -3.9628443853688925e-05
    5.250000   3.09200950 -4.0081745613050412e-05
    5.300000   0.04958315 -3.7257924849240302e-05
    5.300000   0.11381403 -3.6843606394616608e-05
    5.300000   0.17842421 -3.6120375229578447e-05
    5.300000   0.24312010 -3.5123855641624518e-05
    5.300000   0.30784849 -3.3901207847442273e-05
    5.300000   0.37259260 -3.2506840994147996e-05
    5.300000   0.43734549 -3.0997985924970721e-05
    5.300000   0.50210377 -2.9430556139569859e-05
    5.300000   0.56686560 -2.7855715663239248e-05
    5.300000   0.63162987 -2.6317416006202392e-05
    5.300000   0.69639591 -2.4850989189844671e-05
    5.300000   0.76116325 -2.3482730351729954e-05
    5.300000   0.82593158 -2.2230294936231893e-05
    5.300000   0.89070068 -2.1103679812436217e-05
    5.300000   0.95547037 -2.0106550011233366e-05
    5.300000   1.02024053 -1.9237700451690271e-05
    5.300000   1.08501108 -1.8492489704865727e-05
    5.300000   1.14978193 -1.7864136639640039e-05
    5.300000   1.21455301 -1.7344820560234949e-05
    5.300000   1.27932429 -1.6926565349240909e-05
    5.300000   1.34409571 -1.6601916082481793e-05
    5.300000   1.40886724 -1.6364433103017539e-05
    5.300000   1.47363885 -1.6209035578112535e-05
    5.300000   1.53841049 -1.6132226537708450e-05
    5.300000   1.60318216 -1.6132226585773887e-05
    5.300000   1.66795381 -1.6209035722346427e-05
    5.300000   1.73272541 -1.6364433343506872e-05
    5.300000   1.79749694 -1.6601916419278085e-05
    5.300000   1.86226837 -1.6926565782229413e-05
    5.300000   1.92703964 -1.7344821088982764e-05
    5.300000   1.99181073 -1.7864137263229907e-05
    5.300000   2.05658157 -1.8492490421754037e-05
    5.300000   2.12135212 -1.9237701259612220e-05
    5.300000   2.18612229 -2.0106550907170387e-05
    5.300000   2.25089198 -2.1103680792671980e-05
    5.300000   2.31566107 -2.2230295996497484e-05
    5.300000   2.38042940 -2.3482731487408961e-05
    5.300000   2.44519674 -2.4850990396221022e-05
    5.300000   2.50996278 -2.6317417278678420e-05
    5.300000   2.57472706 -2.7855716997484015e-05
    5.300000   2.63948889 -2.9430557531522869e-05
    5.300000   2.70424717 -3.0997987370681677e-05
    5.300000   2.76900006 -3.2506842489462353e-05
    5.300000   2.83374417 -3.3901209387582589e-05
    5.300000   2.89847256 -3.5123857220769841e-05
    5.300000   2.96316844 -3.6120376840559002e-05
    5.300000   3.02777863 -3.6843608028824202e-05
    5.300000   3.09200950 -3.7257926496825460e-05
    5.350000   0.04958315 -3.4643094819176023e-05
    5.350000   0.11381403 -3.4264585482041791e-05
    5.350000   0.17842421 -3.3603760152743495e-05
    5.350000   0.24312010 -3.2693004665225976e-05
    5.350000   0.30784849 -3.1575205420139607e-05
    5.350000   0.37259260 -3.0299862390967305e-05
    5.350000   0.43734549 -2.8919074848531539e-05
    5.350000   0.50210377 -2.7483786592657418e-05
    5.350000   0.56686560 -2.6040669492884943e-05
    5.350000   0.63162987 -2.4629882706787094e-05
    5.350000   0.69639591 -2.3283786737442307e-05
    5.350000   0.76116325 -2.2026552977827074e-05
    5.350000   0.82593158 -2.0874511423332764e-05
    5.350000   0.89070068 -1.9837028847005981e-05
    5.350000   0.95547037 -1.8917702561445732e-05
    5.350000   1.02024053 -1.8115679537852524e-05
    5.350000   1.08501108 -1.7426953362635075e-05
    5.350000   1.14978193 -1.6845539825401576e-05
    5.350000   1.21455301 -1.6364476724783291e-05
    5.350000   1.27932429 -1.5976629488249135e-05
    5.350000   1.34409571 -1.5675309515050964e-05
    5.350000   1.40886724 -1.5454727198955873e-05
    5.350000   1.47363885 -1.5310308090203551e-05
    5.350000   1.53841049 -1.5238900773640332e-05
    5.350000   1.60318216 -1.5238900815194762e-05
    5.350000   1.66795381 -1.5310308214954570e-05
    5.350000   1.73272541 -1.5454727407133583e-05
    5.350000   1.79749694 -1.5675309806952836e-05
    5.350000   1.86226837 -1.5976629864119209e-05
    5.350000   1.92703964 -1.6364477184666419e-05
    5.350000   1.99181073 -1.6845540368985671e-05
    5.350000   2.05658157 -1.7426953989108303e-05
    5.350000   2.12135212 -1.8115680245798833e-05
    5.350000   2.18612229 -1.8917703348791744e-05
    5.350000   2.25089198 -1.9837029711045696e-05
    5.350000   2.31566107 -2.0874512360821122e-05
    5.350000   2.38042940 -2.2026553985137568e-05
    5.350000   2.44519674 -2.3283787810748942e-05
    5.350000   2.50996278 -2.4629883842243955e-05
    5.350000   2.57472706 -2.6040670686732010e-05
    5.350000   2.63948889 -2.7483787841224541e-05
    5.350000   2.70424717 -2.8919076148104917e-05
    5.350000   2.76900006 -3.0299863737529653e-05
    5.350000   2.83374417 -3.1575206809032724e-05
    5.350000   2.89847256 -3.2693006090809003e-05
    5.350000   2.96316844 -3.3603761608153026e-05
    5.350000   3.02777863 -3.4264586959141558e-05
    5.350000   3.09200950 -3.4643096308739765e-05
    5.400000   0.04958315 -3.2223201501839214e-05
    5.400000   0.11381403 -3.1877507001010612e-05
    5.400000   0.17842421 -3.1273866560477628e-05
    5.400000   0.24312010 -3.0441694714375161e-05
    5.400000   0.30784849 -2.9419957998245196e-05
    5.400000   0.37259260 -2.8253655726659069e-05
    5.400000   0.43734549 -2.6990184883236129e-05
    5.400000   0.50210377 -2.5675937567670630e-05
    5.400000   0.56686560 -2.4353473283112695e-05
    5.400000   0.63162987 -2.3059480928674584e-05
    5.400000   0.69639591 -2.1823602794015723e-05
    5.400000   0.76116325 -2.0668067994802337e-05
    5.400000   0.82593158 -1.9607994369799721e-05
    5.400000   0.89070068 -1.8652172192732909e-05
    5.400000   0.95547037 -1.7804136231617307e-05
    5.400000   1.02024053 -1.7063354513634031e-05
    5.400000   1.08501108 -1.6426400308370851e-05
    5.400000   1.14978193 -1.5888017155243939e-05
    5.400000   1.21455301 -1.5442027030840984e-05
    5.400000   1.27932429 -1.5082064224716979e-05
    5.400000   1.34409571 -1.4802140409903420e-05
    5.400000   1.40886724 -1.4597060105132988e-05
    5.400000   1.47363885 -1.4462711744628514e-05
    5.400000   1.53841049 -1.4396259818854129e-05
    5.400000   1.60318216 -1.4396259854474500e-05
    5.400000   1.66795381 -1.4462711851612773e-05
    5.400000   1.73272541 -1.4597060283825333e-05
    5.400000   1.79749694 -1.4802140660799945e-05
    5.400000   1.86226837 -1.5082064548350264e-05
    5.400000   1.92703964 -1.5442027427642232e-05
    5.400000   1.99181073 -1.5888017625398487e-05
    5.400000   2.05658157 -1.6426400851671533e-05
    5.400000   2.12135212 -1.7063355129373285e-05
    5.400000   2.18612229 -1.7804136918521836e-05
    5.400000   2.25089198 -1.8652172948956883e-05
    5.400000   2.31566107 -1.9607995192984770e-05
    5.400000   2.38042940 -2.0668068882185948e-05
    5.400000   2.44519674 -2.1823603742570485e-05
    5.400000   2.50996278 -2.3059481935241749e-05
    5.400000   2.57472706 -2.4353474344480953e-05
    5.400000   2.63948889 -2.5675938680576709e-05
    5.400000   2.70424717 -2.6990186044245555e-05
    5.400000   2.76900006 -2.8253656931958801e-05
    5.400000   2.83374417 -2.9419959243360159e-05
    5.400000   2.89847256 -3.0441695993902656e-05
    5.400000   2.96316844 -3.1273867867897485e-05
    5.400000   3.02777863 -3.1877508328660638e-05
    5.400000   3.09200950 -3.2223202841093239e-05
    5.450000   0.04958315 -2.9984555472237640e-05
    5.450000   0.11381403 -2.9668872102447646e-05
    5.450000   0.17842421 -2.9117530164439408e-05
    5.450000   0.24312010 -2.8357226351992000e-05
    5.450000   0.30784849 -2.7423342438923597e-05
    5.450000   0.37259260 -2.6356762817755068e-05
    5.450000   0.43734549 -2.5200586251791578e-05
    5.450000   0.50210377 -2.3997045159349819e-05
    5.450000   0.56686560 -2.2784941402738289e-05
    5.450000   0.63162987 -2.1597793047287711e-05
    5.450000   0.69639591 -2.0462758304908708e-05
    5.450000   0.76116325 -1.9400290453271898e-05
    5.450000   0.82593158 -1.8424397748781917e-05
    5.450000   0.89070068 -1.7543340916899306e-05
    5.450000   0.95547037 -1.6760594249881611e-05
    5.450000   1.02024053 -1.6075915570071172e-05
    5.450000   1.08501108 -1.5486404318089351e-05
    5.450000   1.14978193 -1.4987465793453036e-05
    5.450000   1.21455301 -1.4573635740524127e-05
    5.450000   1.27932429 -1.4239248737260295e-05
    5.450000   1.34409571 -1.3978954588526271e-05
    5.450000   1.40886724 -1.3788099422316445e-05
    5.450000   1.47363885 -1.3662993764519260e-05
    5.450000   1.53841049 -1.3601090231232854e-05
    5.450000   1.60318216 -1.3601090261460265e-05
    5.450000   1.66795381 -1.3662993855353481e-05
    5.450000   1.73272541 -1.3788099574192103e-05
    5.450000   1.79749694 -1.3978954802091570e-05
    5.450000   1.86226837 -1.4239249013277309e-05
    5.450000   1.92703964 -1.4573636079738171e-05
    5.450000   1.99181073 -1.4987466196447463e-05
    5.450000   2.05658157 -1.5486404785157982e-05
    5.450000   2.12135212 -1.6075916101091797e-05
    5.450000   2.18612229 -1.6760594844250661e-05
    5.450000   2.25089198 -1.7543341573502316e-05
    5.450000   2.31566107 -1.8424398466020188e-05
    5.450000   2.38042940 -1.9400291229137459e-05
    5.450000   2.44519674 -2.0462759137081228e-05
    5.450000   2.50996278 -2.1597793933232515e-05
    5.450000   2.57472706 -2.2784942339765875e-05
    5.450000   2.63948889 -2.3997046144599956e-05
    5.450000   2.70424717 -2.5200587282141879e-05
    5.450000   2.76900006 -2.6356763889637095e-05
    5.450000   2.83374417 -2.7423343548101789e-05
    5.450000   2.89847256 -2.8357227493340236e-05
    5.450000   2.96316844 -2.9117531331805606e-05
    5.450000   3.02777863 -2.9668873288647916e-05
    5.450000   3.09200950 -2.9984556669224439e-05
    5.500000   0.04958315 -2.7913987962769790e-05
    5.500000   0.11381403 -2.7625706406144501e-05
    5.500000   0.17842421 -2.7122116979988642e-05
    5.500000   0.24312010 -2.6427436778898941e-05
    5.500000   0.30784849 -2.5573777305760360e-05
    5.500000   0.37259260 -2.4598269323205499e-05
    5.500000   0.43734549 -2.3540090935185754e-05
    5.500000   0.50210377 -2.2437680179087582e-05
    5.500000   0.56686560 -2.1326410796747210e-05
    5.500000   0.63162987 -2.0236907167259014e-05
    5.500000   0.69639591 -1.9194059184987792e-05
    5.500000   0.76116325 -1.8216696735859294e-05
    5.500000   0.82593158 -1.7317811473679312e-05
    5.500000   0.89070068 -1.6505175971249367e-05
    5.500000   0.95547037 -1.5782203983223557e-05
    5.500000   1.02024053 -1.5148912415892570e-05
    5.500000   1.08501108 -1.4602875830497289e-05
    5.500000   1.14978193 -1.4140098956637369e-05
    5.500000   1.21455301 -1.3755765140093721e-05
    5.500000   1.27932429 -1.3444845007040131e-05
    5.500000   1.34409571 -1.3202568399489146e-05
    5.500000   1.40886724 -1.3024774029167349e-05
    5.500000   1.47363885 -1.2908156469707814e-05
    5.500000   1.53841049 -1.2850430571279417e-05
    5.500000   1.60318216 -1.2850430596621836e-05
    5.500000   1.66795381 -1.2908156545907440e-05
    5.500000   1.73272541 -1.3024774156727811e-05
    5.500000   1.79749694 -1.3202568579178799e-05
    5.500000   1.86226837 -1.3444845239798018e-05
    5.500000   1.92703964 -1.3755765426909580e-05
    5.500000   1.99181073 -1.4140099298419217e-05
    5.500000   2.05658157 -1.4602876227938892e-05
    5.500000   2.12135212 -1.5148912869358040e-05
    5.500000   2.18612229 -1.5782204492667177e-05
    5.500000   2.25089198 -1.6505176536169596e-05
    5.500000   2.31566107 -1.7317812093127130e-05
    5.500000   2.38042940 -1.8216697408479243e-05
    5.500000   2.44519674 -1.9194059909082398e-05
    5.500000   2.50996278 -2.0236907940858189e-05
    5.500000   2.57472706 -2.1326411617644451e-05
    5.500000   2.63948889 -2.2437681044821994e-05
    5.500000   2.70424717 -2.3540091842958767e-05
    5.500000   2.76900006 -2.4598270269724363e-05
    5.500000   2.83374417 -2.5573778287060938e-05
    5.500000   2.89847256 -2.6427437790166430e-05
    5.500000   2.96316844 -2.7122118015453837e-05
    5.500000   3.02777863 -2.7625707459100715e-05
    5.500000   3.09200950 -2.7913989025732296e-05
    5.550000   0.04958315 -2.5998956017835630e-05
    5.550000   0.11381403 -2.5735660105839412e-05
    5.550000   0.17842421 -2.5275614839846524e-05
    5.550000   0.24312010 -2.4640779974938479e-05
    5.550000   0.30784849 -2.3860289795660866e-05
    5.550000   0.37259260 -2.2967857600033999e-05
    5.550000   0.43734549 -2.1999091510234761e-05
    5.550000   0.50210377 -2.0988973775743613e-05
    5.550000   0.56686560 -1.9969754731045274e-05
    5.550000   0.63162987 -1.8969420654030571e-05
    5.550000   0.69639591 -1.8010791426606290e-05
    5.550000   0.76116325 -1.7111213001350542e-05
    5.550000   0.82593158 -1.6282744798016319e-05
    5.550000   0.89070068 -1.5532707959700317e-05
    5.550000   0.95547037 -1.4864454247143537e-05
    5.550000   1.02024053 -1.4278230061755589e-05
    5.550000   1.08501108 -1.3772036911630815e-05
    5.550000   1.14978193 -1.3342420563067707e-05
    5.550000   1.21455301 -1.2985150206709584e-05
    5.550000   1.27932429 -1.2695772694039074e-05
    5.550000   1.34409571 -1.2470043885115469e-05
    5.550000   1.40886724 -1.2304249535872240e-05
    5.550000   1.47363885 -1.2195432953692438e-05
    5.550000   1.53841049 -1.2141547200166138e-05
    5.550000   1.60318216 -1.2141547221097267e-05
    5.550000   1.66795381 -1.2195433016675438e-05
    5.550000   1.73272541 -1.2304249641458873e-05
    5.550000   1.79749694 -1.2470044034162739e-05
    5.550000   1.86226837 -1.2695772887622317e-05
    5.550000   1.92703964 -1.2985150446010537e-05
    5.550000   1.99181073 -1.3342420849245383e-05
    5.550000   2.05658157 -1.3772037245702295e-05
    5.550000   2.12135212 -1.4278230444478771e-05
    5.550000   2.18612229 -1.4864454678930840e-05
    5.550000   2.25089198 -1.5532708440566677e-05
    5.550000   2.31566107 -1.6282745327560603e-05
    5.550000   2.38042940 -1.7111213578778662e-05
    5.550000   2.44519674 -1.8010792050765831e-05
    5.550000   2.50996278 -1.8969421323458527e-05
    5.550000   2.57472706 -1.9969755443981372e-05
    5.550000   2.63948889 -2.0988974530109977e-05
    5.550000   2.70424717 -2.1999092303558321e-05
    5.550000   2.76900006 -2.2967858429320322e-05
    5.550000   2.83374417 -2.3860290657237016e-05
    5.550000   2.89847256 -2.4640780864320146e-05
    5.550000   2.96316844 -2.5275615751660053e-05
    5.550000   3.02777863 -2.5735661033850416e-05
    5.550000   3.09200950 -2.5998956955106144e-05
    5.600000   0.04958315 -2.4227607093201099e-05
    5.600000   0.11381403 -2.3987068942293947e-05
    5.600000   0.17842421 -2.3566688207377081e-05
    5.600000   0.24312010 -2.2986373380202475e-05
    5.600000   0.30784849 -2.2272553007488881e-05
    5.600000   0.37259260 -2.1455834001500084e-05
    5.600000   0.43734549 -2.0568578584165692e-05
    5.600000   0.50210377 -1.9642625655697253e-05
    5.600000   0.56686560 -1.8707382832341575e-05
    5.600000   0.63162987 -1.7788433251130155e-05
    5.600000   0.69639591 -1.6906708629945620e-05
    5.600000   0.76116325 -1.6078198426760047e-05
    5.600000   0.82593158 -1.5314106450402149e-05
    5.600000   0.89070068 -1.4621335182218474e-05
    5.600000   0.95547037 -1.4003172088805499e-05
    5.600000   1.02024053 -1.3460064987018354e-05
    5.600000   1.08501108 -1.2990397276482522e-05
    5.600000   1.14978193 -1.2591201427667371e-05
    5.600000   1.21455301 -1.2258775166176983e-05
    5.600000   1.27932429 -1.1989186141660138e-05
    5.600000   1.34409571 -1.1778666234286599e-05
    5.600000   1.40886724 -1.1623906124075182e-05
    5.600000   1.47363885 -1.1522265205172570e-05
    5.600000   1.53841049 -1.1471912548975494e-05
    5.600000   1.60318216 -1.1471912565935920e-05
    5.600000   1.66795381 -1.1522265256256114e-05
    5.600000   1.73272541 -1.1623906209867993e-05
    5.600000   1.79749694 -1.1778666355708820e-05
    5.600000   1.86226837 -1.1989186299886027e-05
    5.600000   1.92703964 -1.2258775362531730e-05
    5.600000   1.99181073 -1.2591201663506432e-05
    5.600000   2.05658157 -1.2990397553075317e-05
    5.600000   2.12135212 -1.3460065305439128e-05
    5.600000   2.18612229 -1.4003172449842046e-05
    5.600000   2.25089198 -1.4621335586311647e-05
    5.600000   2.31566107 -1.5314106897613397e-05
    5.600000   2.38042940 -1.6078198916774966e-05
    5.600000   2.44519674 -1.6906709162085518e-05
    5.600000   2.50996278 -1.7788433824381197e-05
    5.600000   2.57472706 -1.8707383445349605e-05
    5.600000   2.63948889 -1.9642626306750842e-05
    5.600000   2.70424717 -2.0568579271113495e-05
    5.600000   2.76900006 -2.1455834721648969e-05
    5.600000   2.83374417 -2.2272553757476112e-05
    5.600000   2.89847256 -2.2986374155883979e-05
    5.600000   2.96316844 -2.3566689003777495e-05
    5.600000   3.02777863 -2.3987069753646699e-05
    5.600000   3.09200950 -2.4227607913097943e-05
    5.650000   0.04958315 -2.2588812785685186e-05
    5.650000   0.11381403 -2.2368985411236357e-05
    5.650000   0.17842421 -2.1984705111795718e-05
    5.650000   0.24312010 -2.1454019212822480e-05
    5.650000   0.30784849 -2.0800900796845475e-05
    5.650000   0.37259260 -2.0053136942211059e-05
    5.650000   0.43734549 -1.9240142217143964e-05
    5.650000   0.50210377 -1.8390899391471267e-05
    5.650000   0.56686560 -1.7532231076751959e-05
    5.650000   0.63162987 -1.6687532688693036e-05
    5.650000   0.69639591 -1.5876014211667266e-05
    5.650000   0.76116325 -1.5112424953801713e-05
    5.650000   0.82593158 -1.4407182757169356e-05
    5.650000   0.89070068 -1.3766800840201960e-05
    5.650000   0.95547037 -1.3194499637501322e-05
    5.650000   1.02024053 -1.2690902055485775e-05
    5.650000   1.08501108 -1.2254731559616519e-05
    5.650000   1.14978193 -1.1883457063030705e-05
    5.650000   1.21455301 -1.1573851904375310e-05
    5.650000   1.27932429 -1.1322453401403866e-05
    5.650000   1.34409571 -1.1125923362983941e-05
    5.650000   1.40886724 -1.0981318580798159e-05
    5.650000   1.47363885 -1.0886284461016801e-05
    5.650000   1.53841049 -1.0839185636115298e-05
    5.650000   1.60318216 -1.0839185649514185e-05
    5.650000   1.66795381 -1.0886284501422199e-05
    5.650000   1.73272541 -1.0981318648819166e-05
    5.650000   1.79749694 -1.1125923459584472e-05
    5.650000   1.86226837 -1.1322453527825181e-05
    5.650000   1.92703964 -1.1573852062046125e-05
    5.650000   1.99181073 -1.1883457253452571e-05
    5.650000   2.05658157 -1.2254731784256133e-05
    5.650000   2.12135212 -1.2690902315665860e-05
    5.650000   2.18612229 -1.3194499934311823e-05
    5.650000   2.25089198 -1.3766801174431563e-05
    5.650000   2.31566107 -1.4407183129266965e-05
    5.650000   2.38042940 -1.5112425363856426e-05
    5.650000   2.44519674 -1.5876014659412791e-05
    5.650000   2.50996278 -1.6687533173509247e-05
    5.650000   2.57472706 -1.7532231597659179e-05
    5.650000   2.63948889 -1.8390899947093459e-05
    5.650000   2.70424717 -1.9240142805645780e-05
    5.650000   2.76900006 -2.0053137561201148e-05
    5.650000   2.83374417 -2.0800901443273167e-05
    5.650000   2.89847256 -2.1454019882890857e-05
    5.650000   2.96316844 -2.1984705800927880e-05
    5.650000   3.02777863 -2.2368986114123267e-05
    5.650000   3.09200950 -2.2588813496429089e-05
    5.700000   0.04958315 -2.1072179376271582e-05
    5.700000   0.11381403 -2.0871187635929344e-05
    5.700000   0.17842421 -2.0519743202033218e-05
    5.700000   0.24312010 -2.0034206842501587e-05
    5.700000   0.30784849 -1.9436325957884658e-05
    5.700000   0.37259260 -1.8751330738199341e-05
    5.700000   0.43734549 -1.8005961596504379e-05
    5.700000   0.50210377 -1.7226608363365222e-05
    5.700000   0.56686560 -1.6437744604424629e-05
    5.700000   0.63162987 -1.5660775063003635e-05
    5.700000   0.69639591 -1.4913340052598513e-05
    5.700000   0.76116325 -1.4209054861486777e-05
    5.700000   0.82593158 -1.3557614711861548e-05
    5.700000   0.89070068 -1.2965170069443876e-05
    5.700000   0.95547037 -1.2434871456131751e-05
    5.700000   1.02024053 -1.1967492432934270e-05
    5.700000   1.08501108 -1.1562057949114098e-05
    5.700000   1.14978193 -1.1216427096663195e-05
    5.700000   1.21455301 -1.0927800165643179e-05
    5.700000   1.27932429 -1.0693137155200840e-05
    5.700000   1.34409571 -1.0509487460962104e-05
    5.700000   1.40886724 -1.0374238338452696e-05
    5.700000   1.47363885 -1.0285293586643031e-05
    5.700000   1.53841049 -1.0241194621223045e-05
    5.700000   1.60318216 -1.0241194631438654e-05
    5.700000   1.66795381 -1.0285293617500444e-05
    5.700000   1.73272541 -1.0374238390574956e-05
    5.700000   1.79749694 -1.0509487535335278e-05
    5.700000   1.86226837 -1.0693137253111467e-05
    5.700000   1.92703964 -1.0927800288589989e-05
    5.700000   1.99181073 -1.1216427246252893e-05
    5.700000   2.05658157 -1.1562058126959586e-05
    5.700000   2.12135212 -1.1967492640550714e-05
    5.700000   2.18612229 -1.2434871694849247e-05
    5.700000   2.25089198 -1.2965170340332265e-05
    5.700000   2.31566107 -1.3557615015687380e-05
    5.700000   2.38042940 -1.4209055198681903e-05
    5.700000   2.44519674 -1.4913340423247798e-05
    5.700000   2.50996278 -1.5660775466834659e-05
    5.700000   2.57472706 -1.6437745040788224e-05
    5.700000   2.63948889 -1.7226608831201387e-05
    5.700000   2.70424717 -1.8005962094277751e-05
    5.700000   2.76900006 -1.8751331263815627e-05
    5.700000   2.83374417 -1.9436326508605514e-05
    5.700000   2.89847256 -2.0034207414873842e-05
    5.700000   2.96316844 -2.0519743791874040e-05
    5.700000   3.02777863 -2.0871188238373789e-05
    5.700000   3.09200950 -2.1072179985914926e-05
    5.750000   0.04958315 -1.9668041254883253e-05
    5.750000   0.11381403 -1.9484171771693442e-05
    5.750000   0.17842421 -1.9162580443129586e-05
    5.750000   0.24312010 -1.8718101285453602e-05
    5.750000   0.30784849 -1.8170466259399942e-05
    5.750000   0.37259260 -1.7542589167064710e-05
    5.750000   0.43734549 -1.6858786316288212e-05
    5.750000   0.50210377 -1.6143095115737658e-05
    5.750000   0.56686560 -1.5417855610975751e-05
    5.750000   0.63162987 -1.4702661762383325e-05
    5.750000   0.69639591 -1.4013722946652429e-05
    5.750000   0.76116325 -1.3363617177733474e-05
    5.750000   0.82593158 -1.2761374716084037e-05
    5.750000   0.89070068 -1.2212807292374411e-05
    5.750000   0.95547037 -1.1720992701143531e-05
    5.750000   1.02024053 -1.1286832670716350e-05
    5.750000   1.08501108 -1.0909618239021802e-05
    5.750000   1.14978193 -1.0587556277823501e-05
    5.750000   1.21455301 -1.0318229451343234e-05
    5.750000   1.27932429 -1.0098977405338460e-05
    5.750000   1.34409571 -9.9271983442248317e-06
    5.750000   1.40886724 -9.8005773403914531e-06
    5.750000   1.47363885 -9.7172512909178096e-06
    5.750000   1.53841049 -9.6759211968595786e-06
    5.750000   1.60318216 -9.6759212042396055e-06
    5.750000   1.66795381 -9.7172513132689508e-06
    5.750000   1.73272541 -9.8005773783387341e-06
    5.750000   1.79749694 -9.9271983987670619e-06
    5.750000   1.86226837 -1.0098977477785093e-05
    5.750000   1.92703964 -1.0318229543234499e-05
    5.750000   1.99181073 -1.0587556390836995e-05
    5.750000   2.05658157 -1.0909618374874513e-05
    5.750000   2.12135212 -1.1286832831068125e-05
    5.750000   2.18612229 -1.1720992887507734e-05
    5.750000   2.25089198 -1.2212807506048798e-05
    5.750000   2.31566107 -1.2761374958093209e-05
    5.750000   2.38042940 -1.3363617448794368e-05
    5.750000   2.44519674 -1.4013723247147310e-05
    5.750000   2.50996278 -1.4702662092340694e-05
    5.750000   2.57472706 -1.5417855970045185e-05
    5.750000   2.63948889 -1.6143095503147214e-05
    5.750000   2.70424717 -1.6858786730784631e-05
    5.750000   2.76900006 -1.7542589606844040e-05
    5.750000   2.83374417 -1.8170466722028166e-05
    5.750000   2.89847256 -1.8718101767819045e-05
    5.750000   2.96316844 -1.9162580941429975e-05
    5.750000   3.02777863 -1.9484172281495072e-05
    5.750000   3.09200950 -1.9668041771256744e-05
    5.800000   0.04958315 -1.8367441995268313e-05
    5.800000   0.11381403 -1.8199132552074971e-05
    5.800000   0.17842421 -1.7904674793317496e-05
    5.800000   0.24312010 -1.7497521796537760e-05
    5.800000   0.30784849 -1.6995581884919499e-05
    5.800000   0.37259260 -1.6419671837142013e-05
    5.800000   0.43734549 -1.5791911882633173e-05
    5.800000   0.50210377 -1.5134206295287798e-05
    5.800000   0.56686560 -1.4466958062494915e-05
    5.800000   0.63162987 -1.3808114309245209e-05
    5.800000   0.69639591 -1.3172579893478456e-05
    5.800000   0.76116325 -1.2571983695830501e-05
    5.800000   0.82593158 -1.2014743529511300e-05
    5.800000   0.89070068 -1.1506354243450615e-05
    5.800000   0.95547037 -1.1049818299567959e-05
    5.800000   1.02024053 -1.0646145051692253e-05
    5.800000   1.08501108 -1.0294859311083460e-05
    5.800000   1.14978193 -9.9944770210499743e-06
    5.800000   1.21455301 -9.7429225191399082e-06
    5.800000   1.27932429 -9.5378757992599033e-06
    5.800000   1.34409571 -9.3770484574894640e-06
    5.800000   1.40886724 -9.2583935608143990e-06
    5.800000   1.47363885 -9.1802579951255059e-06
    5.800000   1.53841049 -9.1414866331638320e-06
    5.800000   1.60318216 -9.1414866380268802e-06
    5.800000   1.66795381 -9.1802580099275320e-06
    5.800000   1.73272541 -9.2583935861759393e-06
    5.800000   1.79749694 -9.3770484944076356e-06
    5.800000   1.86226837 -9.5378758490497705e-06
    5.800000   1.92703964 -9.7429225833609502e-06
    5.800000   1.99181073 -9.9944771014226470e-06
    5.800000   2.05658157 -1.0294859409393917e-05
    5.800000   2.12135212 -1.0646145169702115e-05
    5.800000   2.18612229 -1.1049818438933147e-05
    5.800000   2.25089198 -1.1506354405643089e-05
    5.800000   2.31566107 -1.2014743715763791e-05
    5.800000   2.38042940 -1.2571983907092655e-05
    5.800000   2.44519674 -1.3172580130384197e-05
    5.800000   2.50996278 -1.3808114572084773e-05
    5.800000   2.57472706 -1.4466958351180162e-05
    5.800000   2.63948889 -1.5134206609308910e-05
    5.800000   2.70424717 -1.5791912221003913e-05
    5.800000   2.76900006 -1.6419672198331204e-05
    5.800000   2.83374417 -1.6995582266790697e-05
    5.800000   2.89847256 -1.7497522196307221e-05
    5.800000   2.96316844 -1.7904675207555947e-05
    5.800000   3.02777863 -1.8199132976763759e-05
    5.800000   3.09200950 -1.8367442425929306e-05
    5.850000   0.04958315 -1.7162106804663030e-05
    5.850000   0.11381403 -1.7007935576275833e-05
    5.850000   0.17842421 -1.6738136247527354e-05
    5.850000   0.24312010 -1.6364913658762607e-05
    5.850000   0.30784849 -1.5904527041259429e-05
    5.850000   0.37259260 -1.5375895766849589e-05
    5.850000   0.43734549 -1.4799151476727486e-05
    5.850000   0.50210377 -1.4194264845605433e-05
    5.850000   0.56686560 -1.3579880576532082e-05
    5.850000   0.63162987 -1.2972448163575565e-05
    5.850000   0.69639591 -1.2385683022021338e-05
    5.850000   0.76116325 -1.1830345165069610e-05
    5.850000   0.82593158 -1.1314287818966714e-05
    5.850000   0.89070068 -1.0842708913332294e-05
    5.850000   0.95547037 -1.0418533275199980e-05
    5.850000   1.02024053 -1.0042859242836607e-05
    5.850000   1.08501108 -9.7154160238861146e-06
    5.850000   1.14978193 -9.4349934154317232e-06
    5.850000   1.21455301 -9.1998203764335028e-06
    5.850000   1.27932429 -9.0078814574273583e-06
    5.850000   1.34409571 -8.8571693774671385e-06
    5.850000   1.40886724 -8.7458780185208364e-06
    5.850000   1.47363885 -8.6725431886234577e-06
    5.850000   1.53841049 -8.6361393049035127e-06
    5.850000   1.60318216 -8.6361393075442447e-06
    5.850000   1.66795381 -8.6725431967533375e-06
    5.850000   1.73272541 -8.7458780327514439e-06
    5.850000   1.79749694 -8.8571693987847894e-06
    5.850000   1.86226837 -9.0078814871392108e-06
    5.850000   1.92703964 -9.1998204161010552e-06
    5.850000   1.99181073 -9.4349934667922419e-06
    5.850000   2.05658157 -9.7154160887667208e-06
    5.850000   2.12135212 -1.0042859323067935e-05
    5.850000   2.18612229 -1.0418533372537866e-05
    5.850000   2.25089198 -1.0842709029381730e-05
    5.850000   2.31566107 -1.1314287955125729e-05
    5.850000   2.38042940 -1.1830345322477024e-05
    5.850000   2.44519674 -1.2385683201521482e-05
    5.850000   2.50996278 -1.2972448365679401e-05
    5.850000   2.57472706 -1.3579880801382563e-05
    5.850000   2.63948889 -1.4194265092931508e-05
    5.850000   2.70424717 -1.4799151745786008e-05
    5.850000   2.76900006 -1.5375896056371823e-05
    5.850000   2.83374417 -1.5904527349392573e-05
    5.850000   2.89847256 -1.6364913983039800e-05
    5.850000   2.96316844 -1.6738136584875393e-05
    5.850000   3.02777863 -1.7007935923072883e-05
    5.850000   3.09200950 -1.7162107156864822e-05
    5.900000   0.04958315 -1.6044409236756466e-05
    5.900000   0.11381403 -1.5903084128283634e-05
    5.900000   0.17842421 -1.5655693870020572e-05
    5.900000   0.24312010 -1.5313315568917755e-05
    5.900000   0.30784849 -1.4890717870820002e-05
    5.900000   0.37259260 -1.4405104024418696e-05
    5.900000   0.43734549 -1.3874805535620275e-05
    5.900000   0.50210377 -1.3318040737757926e-05
    5.900000   0.56686560 -1.2751858488506634e-05
    5.900000   0.63162987 -1.2191346274155854e-05
    5.900000   0.69639591 -1.1649134729183630e-05
    5.900000   0.76116325 -1.1135188069284624e-05
    5.900000   0.82593158 -1.0656838580254488e-05
    5.900000   0.89070068 -1.0219005573154085e-05
    5.900000   0.95547037 -9.8245342970962254e-06
    5.900000   1.02024053 -9.4745952601386500e-06
    5.900000   1.08501108 -9.1690954642201655e-06
    5.900000   1.14978193 -8.9070666170637648e-06
    5.900000   1.21455301 -8.6870086585695126e-06
    5.900000   1.27932429 -8.5071781760851582e-06
    5.900000   1.34409571 -8.3658196760403690e-06
    5.900000   1.40886724 -8.2613431352699429e-06
    5.900000   1.47363885 -8.1924541170667219e-06
    5.900000   1.53841049 -8.1582435445023588e-06
    5.900000   1.60318216 -8.1582435451868393e-06
    5.900000   1.66795381 -8.1924541193246644e-06
    5.900000   1.73272541 -8.2613431397014482e-06
    5.900000   1.79749694 -8.3658196836129892e-06
    5.900000   1.86226837 -8.5071781880852993e-06
    5.900000   1.92703964 -8.6870086765448901e-06
    5.900000   1.99181073 -8.9070666427493596e-06
    5.900000   2.05658157 -9.1690954994596669e-06
    5.900000   2.12135212 -9.4745953068043904e-06
    5.900000   2.18612229 -9.8245343570093848e-06
    5.900000   2.25089198 -1.0219005648019238e-05
    5.900000   2.31566107 -1.0656838671593872e-05
    5.900000   2.38042940 -1.1135188178389357e-05
    5.900000   2.44519674 -1.1649134857070113e-05
    5.900000   2.50996278 -1.2191346421524712e-05
    5.900000   2.57472706 -1.2751858655700352e-05
    5.900000   2.63948889 -1.3318040924718242e-05
    5.900000   2.70424717 -1.3874805741830205e-05
    5.900000   2.76900006 -1.4405104248851466e-05
    5.900000   2.83374417 -1.4890718111894422e-05
    5.900000   2.89847256 -1.5313315824470201e-05
    5.900000   2.96316844 -1.5655694137317665e-05
    5.900000   3.02777863 -1.5903084404081597e-05
    5.900000   3.09200950 -1.6044409517419095e-05
    5.950000   0.04958315 -1.5007334388599718e-05
    5.950000   0.11381403 -1.4877682671872633e-05
    5.950000   0.17842421 -1.4650659829417101e-05
    5.950000   0.24312010 -1.4336324457805168e-05
    5.950000   0.30784849 -1.3948098300531376e-05
    5.950000   0.37259260 -1.3501632838438179e-05
    5.950000   0.43734549 -1.3013630335109457e-05
    5.950000   0.50210377 -1.2500721202302340e-05
    5.950000   0.56686560 -1.1978505865960318e-05
    5.950000   0.63162987 -1.1460832958426377e-05
    5.950000   0.69639591 -1.0959343457204246e-05
    5.950000   0.76116325 -1.0483272284615962e-05
    5.950000   0.82593158 -1.0039470615675424e-05
    5.950000   0.89070068 -9.6325959751940800e-06
    5.950000   0.95547037 -9.2654124790766399e-06
    5.950000   1.02024053 -8.9391477228721312e-06
    5.950000   1.08501108 -8.6538624993236825e-06
    5.950000   1.14978193 -8.4088015354364507e-06
    5.950000   1.21455301 -8.2027052827450651e-06
    5.950000   1.27932429 -8.0340728821771387e-06
    5.950000   1.34409571 -7.9013740114739362e-06
    5.950000   1.40886724 -7.8032123010909253e-06
    5.950000   1.47363885 -7.7384456621336204e-06
    5.950000   1.53841049 -7.7062696784493194e-06
    5.950000   1.60318216 -7.7062696774235472e-06
    5.950000   1.66795381 -7.7384456592531138e-06
    5.950000   1.73272541 -7.8032122969393373e-06
    5.950000   1.79749694 -7.9013740069933522e-06
    5.950000   1.86226837 -8.0340728786266510e-06
    5.950000   1.92703964 -8.2027052816465972e-06
    5.950000   1.99181073 -8.4088015385065301e-06
    5.950000   2.05658157 -8.6538625084027898e-06
    5.950000   2.12135212 -8.9391477398494903e-06
    5.950000   2.18612229 -9.2654125058136601e-06
    5.950000   2.25089198 -9.6325960134623137e-06
    5.950000   2.31566107 -1.0039470667089221e-05
    5.950000   2.38042940 -1.0483272350585402e-05
    5.950000   2.44519674 -1.0959343538884089e-05
    5.950000   2.50996278 -1.1460833056675160e-05
    5.950000   2.57472706 -1.1978505981296517e-05
    5.950000   2.63948889 -1.2500721334854363e-05
    5.950000   2.70424717 -1.3013630484567775e-05
    5.950000   2.76900006 -1.3501633004002131e-05
    5.950000   2.83374417 -1.3948098480873112e-05
    5.950000   2.89847256 -1.4336324651047696e-05
    5.950000   2.96316844 -1.4650660033149528e-05
    5.950000   3.02777863 -1.4877682883210950e-05
    5.950000   3.09200950 -1.5007334604293948e-05
    6.000000   0.04958315 -1.4044440270441188e-05
    6.000000   0.11381403 -1.3925398651081016e-05
    6.000000   0.17842421 -1.3716891964223013e-05
    6.000000   0.24312010 -1.3428059137650107e-05
    6.000000   0.30784849 -1.3071105060636230e-05
    6.000000   0.37259260 -1.2660278239957119e-05
    6.000000   0.43734549 -1.2210806460124971e-05
    6.000000   0.50210377 -1.1737881178701034e-05
    6.000000   0.56686560 -1.1255788029621571e-05
    6.000000   0.63162987 -1.0777248529705551e-05
    6.000000   0.69639591 -1.0313000407280545e-05
    6.000000   0.76116325 -9.8716098122867902e-06
    6.000000   0.82593158 -9.4594831799649110e-06
    6.000000   0.89070068 -9.0810317766360489e-06
    6.000000   0.95547037 -8.7389374257208682e-06
    6.000000   1.02024053 -8.4344713540251615e-06
    6.000000   1.08501108 -8.1678265582733773e-06
    6.000000   1.14978193 -7.9384347215437047e-06
    6.000000   1.21455301 -7.7452492711600584e-06
    6.000000   1.27932429 -7.5869852243321709e-06
    6.000000   1.34409571 -7.4623133253250553e-06
    6.000000   1.40886724 -7.3700105203591418e-06
    6.000000   1.47363885 -7.3090712843875468e-06
    6.000000   1.53841049 -7.2787851177367008e-06
    6.000000   1.60318216 -7.2787851152223072e-06
    6.000000   1.66795381 -7.3090712770333137e-06
    6.000000   1.73272541 -7.3700105087297546e-06
    6.000000   1.79749694 -7.4623133103327077e-06
    6.000000   1.86226837 -7.5869852072026194e-06
    6.000000   1.92703964 -7.7452492533782737e-06
    6.000000   1.99181073 -7.9384347047971772e-06
    6.000000   2.05658157 -8.1678265443823419e-06
    6.000000   2.12135212 -8.4344713448736413e-06
    6.000000   2.18612229 -8.7389374231902353e-06
    6.000000   2.25089198 -9.0810317825368752e-06
    6.000000   2.31566107 -9.4594831959779893e-06
    6.000000   2.38042940 -9.8716098399112011e-06
    6.000000   2.44519674 -1.0313000447781704e-05
    6.000000   2.50996278 -1.0777248584073297e-05
    6.000000   2.57472706 -1.1255788098521957e-05
    6.000000   2.63948889 -1.1737881262428935e-05
    6.000000   2.70424717 -1.2210806558557310e-05
    6.000000   2.76900006 -1.2660278352503294e-05
    6.000000   2.83374417 -1.3071105186205040e-05
    6.000000   2.89847256 -1.3428059274633984e-05
    6.000000   2.96316844 -1.3716892110517148e-05
    6.000000   3.02777863 -1.3925398804137933e-05
    6.000000   3.09200950 -1.4044440427376936e-05
    6.050000   0.04958315 -1.3149818615742588e-05
    6.050000   0.11381403 -1.3040423817770470e-05
    6.050000   0.17842421 -1.2848756022331923e-05
    6.050000   0.24312010 -1.2583123815861513e-05
    6.050000   0.30784849 -1.2254632789819623e-05
    6.050000   0.37259260 -1.1876263020020497e-05
    6.050000   0.43734549 -1.1461907811824200e-05
    6.050000   0.50210377 -1.1025454501297631e-05
    6.050000   0.56686560 -1.0579994980087204e-05
    6.050000   0.63162987 -1.0137224963336467e-05
    6.050000   0.69639591 -9.7070573885123556e-06
    6.050000   0.76116325 -9.2974447081946220e-06
    6.050000   0.82593158 -8.9143818536856493e-06
    6.050000   0.89070068 -8.5620481958652136e-06
    6.050000   0.95547037 -8.2430424962013470e-06
    6.050000   1.02024053 -7.9586676697442218e-06
    6.050000   1.08501108 -7.7092295647039520e-06
    6.050000   1.14978193 -7.4943233653613150e-06
    6.050000   1.21455301 -7.3130906411670804e-06
    6.050000   1.27932429 -7.1644381912606944e-06
    6.050000   1.34409571 -7.0472160323748474e-06
    6.050000   1.40886724 -6.9603560235892644e-06
    6.050000   1.47363885 -6.9029749129657195e-06
    6.050000   1.53841049 -6.8744463854504985e-06
    6.050000   1.60318216 -6.8744463816471190e-06
    6.050000   1.66795381 -6.9029749017405865e-06
    6.050000   1.73272541 -6.9603560054858588e-06
    6.050000   1.79749694 -7.0472160082730094e-06
    6.050000   1.86226837 -7.1644381623446998e-06
    6.050000   1.92703964 -7.3130906088794829e-06
    6.050000   1.99181073 -7.4943233313486036e-06
    6.050000   2.05658157 -7.7092295307535332e-06
    6.050000   2.12135212 -7.9586676377224869e-06
    6.050000   2.18612229 -8.2430424679869032e-06
    6.050000   2.25089198 -8.5620481732886532e-06
    6.050000   2.31566107 -8.9143818384676182e-06
    6.050000   2.38042940 -9.2974447019001406e-06
    6.050000   2.44519674 -9.7070573924921992e-06
    6.050000   2.50996278 -1.0137224978687315e-05
    6.050000   2.57472706 -1.0579995007599808e-05
    6.050000   2.63948889 -1.1025454541413633e-05
    6.050000   2.70424717 -1.1461907864587145e-05
    6.050000   2.76900006 -1.1876263085031527e-05
    6.050000   2.83374417 -1.2254632866207993e-05
    6.050000   2.89847256 -1.2583123902273586e-05
    6.050000   2.96316844 -1.2848756116947101e-05
    6.050000   3.02777863 -1.3040423918357336e-05
    6.050000   3.09200950 -1.3149818719760446e-05
    6.100000   0.04958315 -1.2318056065709212e-05
    6.100000   0.11381403 -1.2217435985736644e-05
    6.100000   0.17842421 -1.2041088414371477e-05
    6.100000   0.24312010 -1.1796572235466865e-05
    6.100000   0.30784849 -1.1493999893570312e-05
    6.100000   0.37259260 -1.1145204568575195e-05
    6.100000   0.43734549 -1.0762871614882152e-05
    6.100000   0.50210377 -1.0359706186573208e-05
    6.100000   0.56686560 -9.9477160037014782e-06
    6.100000   0.63162987 -9.5376627943068264e-06
    6.100000   0.69639591 -9.1387059251996783e-06
    6.100000   0.76116325 -8.7582342745110504e-06
    6.100000   0.82593158 -8.4018616626219111e-06
    6.100000   0.89070068 -8.0735488833353813e-06
    6.100000   0.95547037 -7.7758112402159378e-06
    6.100000   1.02024053 -7.5099727916695230e-06
    6.100000   1.08501108 -7.2764349402323458e-06
    6.100000   1.14978193 -7.0749353121853088e-06
    6.100000   1.21455301 -6.9047812654996542e-06
    6.100000   1.27932429 -6.7650496566510026e-06
    6.100000   1.34409571 -6.6547501004176754e-06
    6.100000   1.40886724 -6.5729527405905493e-06
    6.100000   1.47363885 -6.5188836771610942e-06
    6.100000   1.53841049 -6.4919919764241420e-06
    6.100000   1.60318216 -6.4919919715161476e-06
    6.100000   1.66795381 -6.5188836626132186e-06
    6.100000   1.73272541 -6.5729527169216671e-06
    6.100000   1.79749694 -6.6547500684750245e-06
    6.100000   1.86226837 -6.7650496175749019e-06
    6.100000   1.92703964 -6.9047812206835840e-06
    6.100000   1.99181073 -7.0749352632262979e-06
    6.100000   2.05658157 -7.2764348888766552e-06
    6.100000   2.12135212 -7.5099727397508468e-06
    6.100000   2.18612229 -7.7758111895959342e-06
    6.100000   2.25089198 -8.0735488358459759e-06
    6.100000   2.31566107 -8.4018616200066789e-06
    6.100000   2.38042940 -8.7582342383757643e-06
    6.100000   2.44519674 -9.1387058969595101e-06
    6.100000   2.50996278 -9.5376627751435580e-06
    6.100000   2.57472706 -9.9477159945105185e-06
    6.100000   2.63948889 -1.0359706187923782e-05
    6.100000   2.70424717 -1.0762871626966319e-05
    6.100000   2.76900006 -1.1145204591168755e-05
    6.100000   2.83374417 -1.1493999926006846e-05
    6.100000   2.89847256 -1.1796572276625704e-05
    6.100000   2.96316844 -1.2041088462698567e-05
    6.100000   3.02777863 -1.2217436039298237e-05
    6.100000   3.09200950 -1.2318056122282253e-05
    6.150000   0.04958315 -1.1544196401111164e-05
    6.150000   0.11381403 -1.1451561857848090e-05
    6.150000   0.17842421 -1.1289160082404191e-05
    6.150000   0.24312010 -1.1063872983803816e-05
    6.150000   0.30784849 -1.0784915627004115e-05
    6.150000   0.37259260 -1.0463083990028900e-05
    6.150000   0.43734549 -1.0109969743389195e-05
    6.150000   0.50210377 -9.7372060661790521e-06
    6.150000   0.56686560 -9.3558156340891731e-06
    6.150000   0.63162987 -8.9757093626140669e-06
    6.150000   0.69639591 -8.6053576873455896e-06
    6.150000   0.76116325 -8.2516315357130828e-06
    6.150000   0.82593158 -7.9197914316935590e-06
    6.150000   0.89070068 -7.6135919693101490e-06
    6.150000   0.95547037 -7.3354649488197829e-06
    6.150000   1.02024053 -7.0867463108932470e-06
    6.150000   1.08501108 -6.8679175976991250e-06
    6.150000   1.14978193 -6.6788400106763249e-06
    6.150000   1.21455301 -6.5189666116220880e-06
    6.150000   1.27932429 -6.3875247575693274e-06
    6.150000   1.34409571 -6.2836659259385494e-06
    6.150000   1.40886724 -6.2065835407054650e-06
    6.150000   1.47363885 -6.1556013856257814e-06
    6.150000   1.53841049 -6.1302359546690247e-06
    6.150000   1.60318216 -6.1302359488204443e-06
    6.150000   1.66795381 -6.1556013682471565e-06
    6.150000   1.73272541 -6.2065835122940072e-06
    6.150000   1.79749694 -6.2836658873028533e-06
    6.150000   1.86226837 -6.3875247098043078e-06
    6.150000   1.92703964 -6.5189665560687545e-06
    6.150000   1.99181073 -6.6788399488777548e-06
    6.150000   2.05658157 -6.8679175313498306e-06
    6.150000   2.12135212 -7.0867462417844539e-06
    6.150000   2.18612229 -7.3354648787855199e-06
    6.150000   2.25089198 -7.6135919001659194e-06
    6.150000   2.31566107 -7.9197913651904950e-06
    6.150000   2.38042940 -8.2516314734808759e-06
    6.150000   2.44519674 -8.6053576308444584e-06
    6.150000   2.50996278 -8.9757093130907440e-06
    6.150000   2.57472706 -9.3558155925272180e-06
    6.150000   2.63948889 -9.7372060332552050e-06
    6.150000   2.70424717 -1.0109969719427102e-05
    6.150000   2.76900006 -1.0463083974963881e-05
    6.150000   2.83374417 -1.0784915620354488e-05
    6.150000   2.89847256 -1.1063872984666842e-05
    6.150000   2.96316844 -1.1289160089472686e-05
    6.150000   3.02777863 -1.1451561869465628e-05
    6.150000   3.09200950 -1.1544196415349703e-05
    6.200000   0.04958315 -1.0823704289982585e-05
    6.200000   0.11381403 -1.0738341375255696e-05
    6.200000   0.17842421 -1.0588641899641814e-05
    6.200000   0.24312010 -1.0380876340597183e-05
    6.200000   0.30784849 -1.0123448721068614e-05
    6.200000   0.37259260 -9.8262167582303634e-06
    6.200000   0.43734549 -9.4997815713872231e-06
    6.200000   0.50210377 -9.1548039174064561e-06
    6.200000   0.56686560 -8.8014110712083118e-06
    6.200000   0.63162987 -8.4487384644397811e-06
    6.200000   0.69639591 -8.1046262653359080e-06
    6.200000   0.76116325 -7.7754689897081725e-06
    6.200000   0.82593158 -7.4661993401792054e-06
    6.200000   0.89070068 -7.1803772371849982e-06
    6.200000   0.95547037 -6.9203512556828684e-06
    6.200000   1.02024053 -6.6874611300117985e-06
    6.200000   1.08501108 -6.4822548448086385e-06
    6.200000   1.14978193 -6.3047003097367502e-06
    6.200000   1.21455301 -6.1543782755896594e-06
    6.200000   1.27932429 -6.0306490211223083e-06
    6.200000   1.34409571 -5.9327899205013284e-06
    6.200000   1.40886724 -5.8601041552986731e-06
    6.200000   1.47363885 -5.8120026686974109e-06
    6.200000   1.53841049 -5.7880622043512597e-06
    6.200000   1.60318216 -5.7880621977105036e-06
    6.200000   1.66795381 -5.8120026489324417e-06
    6.200000   1.73272541 -5.8601041228842358e-06
    6.200000   1.79749694 -5.9327898762090379e-06
    6.200000   1.86226837 -6.0306489659975574e-06
    6.200000   1.92703964 -6.1543782109177689e-06
    6.200000   1.99181073 -6.3047002370027993e-06
    6.200000   2.05658157 -6.4822547656507228e-06
    6.200000   2.12135212 -6.6874610461716795e-06
    6.200000   2.18612229 -6.9203511689525366e-06
    6.200000   2.25089198 -7.1803771493564187e-06
    6.200000   2.31566107 -7.4661992529946352e-06
    6.200000   2.38042940 -7.7754689048050051e-06
    6.200000   2.44519674 -8.1046261842049680e-06
    6.200000   2.50996278 -8.4487383883770847e-06
    6.200000   2.57472706 -8.8014110012667177e-06
    6.200000   2.63948889 -9.1548038543543281e-06
    6.200000   2.70424717 -9.4997815156645287e-06
    6.200000   2.76900006 -9.8262167099144504e-06
    6.200000   2.83374417 -1.0123448679847243e-05
    6.200000   2.89847256 -1.0380876305767950e-05
    6.200000   2.96316844 -1.0588641870126546e-05
    6.200000   3.02777863 -1.0738341349651944e-05
    6.200000   3.09200950 -1.0823704266638857e-05
    6.250000   0.04958315 -1.0152430861523736e-05
    6.250000   0.11381403 -1.0073693884711518e-05
    6.250000   0.17842421 -9.9355718728284997e-06
    6.250000   0.24312010 -9.7437829046896775e-06
    6.250000   0.30784849 -9.5059977535265867e-06
    6.250000   0.37259260 -9.2312250715500173e-06
    6.250000   0.43734549 -8.9291684678024308e-06
    6.250000   0.50210377 -8.6096061718292878e-06
    6.250000   0.56686560 -8.2818511031666957e-06
    6.250000   0.63162987 -7.9543314234555593e-06
    6.250000   0.69639591 -7.6343102772239968e-06
    6.250000   0.76116325 -7.3277436016717609e-06
    6.250000   0.82593158 -7.0392596298515329e-06
    6.250000   0.89070068 -6.7722343622026849e-06
    6.250000   0.95547037 -6.5289337204159252e-06
    6.250000   1.02024053 -6.3106942096538875e-06
    6.250000   1.08501108 -6.1181181215611990e-06
    6.250000   1.14978193 -5.9512650262642616e-06
    6.250000   1.21455301 -5.8098272322562583e-06
    6.250000   1.27932429 -5.6932821617038219e-06
    6.250000   1.34409571 -5.6010187309408200e-06
    6.250000   1.40886724 -5.5324377063845165e-06
    6.250000   1.47363885 -5.4870277084332949e-06
    6.250000   1.53841049 -5.4644192592414122e-06
    6.250000   1.60318216 -5.4644192519409513e-06
    6.250000   1.66795381 -5.4870276866820767e-06
    6.250000   1.73272541 -5.5324376706323739e-06
    6.250000   1.79749694 -5.6010186819222898e-06
    6.250000   1.86226837 -5.6932821004149700e-06
    6.250000   1.92703964 -5.8098271599249140e-06
    6.250000   1.99181073 -5.9512649443137977e-06
    6.250000   2.05658157 -6.1181180315703596e-06
    6.250000   2.12135212 -6.3106941133071703e-06
    6.250000   2.18612229 -6.5289336194575244e-06
    6.250000   2.25089198 -6.7722342583906437e-06
    6.250000   2.31566107 -7.0392595249051045e-06
    6.250000   2.38042940 -7.3277434972271910e-06
    6.250000   2.44519674 -7.6343101747866274e-06
    6.250000   2.50996278 -7.9543313243544053e-06
    6.250000   2.57472706 -8.2818510085105555e-06
    6.250000   2.63948889 -8.6096060824654924e-06
    6.250000   2.70424717 -8.9291683842704132e-06
    6.250000   2.76900006 -9.2312249940529807e-06
    6.250000   2.83374417 -9.5059976819088719e-06
    6.250000   2.89847256 -9.7437828384293580e-06
    6.250000   2.96316844 -9.9355718110580494e-06
    6.250000   3.02777863 -1.0073693826264620e-05
    6.250000   3.09200950 -1.0152430805002669e-05
    6.300000   0.04958315 -9.5265812949906377e-06
    6.300000   0.11381403 -9.4538863026291353e-06
    6.300000   0.17842421 -9.3263243086176129e-06
    6.300000   0.24312010 -9.1491141377697447e-06
    6.300000   0.30784849 -8.9292633762714693e-06
    6.300000   0.37259260 -8.6750119910163417e-06
    6.300000   0.43734549 -8.3952499901145688e-06
    6.300000   0.50210377 -8.0989542294334062e-06
    6.300000   0.56686560 -7.7946965337878280e-06
    6.300000   0.63162987 -7.4902595643154617e-06
    6.300000   0.69639591 -7.1923777735204210e-06
    6.300000   0.76116325 -6.9066029920563928e-06
    6.300000   0.82593158 -6.6372804074801259e-06
    6.300000   0.89070068 -6.3876121501073613e-06
    6.300000   0.95547037 -6.1597823241500380e-06
    6.300000   1.02024053 -5.9551181473397778e-06
    6.300000   1.08501108 -5.7742654985374618e-06
    6.300000   1.14978193 -5.6173622111215188e-06
    6.300000   1.21455301 -5.4841977300751267e-06
    6.300000   1.27932429 -5.3743524783022564e-06
    6.300000   1.34409571 -5.2873140241475525e-06
    6.300000   1.40886724 -5.2225697733758363e-06
    6.300000   1.47363885 -5.1796774891453201e-06
    6.300000   1.53841049 -5.1583156438793264e-06
    6.300000   1.60318216 -5.1583156360387058e-06
    6.300000   1.66795381 -5.1796774657651609e-06
    6.300000   1.73272541 -5.2225697348835666e-06
    6.300000   1.79749694 -5.2873139712382341e-06
    6.300000   1.86226837 -5.3743524119221724e-06
    6.300000   1.92703964 -5.4841976513961006e-06
    6.300000   1.99181073 -5.6173621215041556e-06
    6.300000   2.05658157 -5.7742653994938976e-06
    6.300000   2.12135212 -5.9551180404947801e-06
    6.300000   2.18612229 -6.1597822111955670e-06
    6.300000   2.25089198 -6.3876120327574686e-06
    6.300000   2.31566107 -6.6372802874240045e-06
    6.300000   2.38042940 -6.9066028709170484e-06
    6.300000   2.44519674 -7.1923776528056687e-06
    6.300000   2.50996278 -7.4902594453769528e-06
    6.300000   2.57472706 -7.7946964177769640e-06
    6.300000   2.63948889 -8.0989541172576159e-06
    6.300000   2.70424717 -8.3952498824036129e-06
    6.300000   2.76900006 -8.6750118880852995e-06
    6.300000   2.83374417 -8.9292632781019448e-06
    6.300000   2.89847256 -9.1491140440071819e-06
    6.300000   2.96316844 -9.3263242185890372e-06
    6.300000   3.02777863 -9.4538862153808318e-06
    6.300000   3.09200950 -9.5265812093609278e-06
    6.350000   0.04958315 -8.9426845199705983e-06
    6.350000   0.11381403 -8.8755033653258589e-06
    6.350000   0.17842421 -8.7575810215456810e-06
    6.350000   0.24312010 -8.5936848870314100e-06
    6.350000   0.30784849 -8.3902224427604438e-06
    6.350000   0.37259260 -8.1547373860511268e-06
    6.350000   0.43734549 -7.8953817822673550e-06
    6.350000   0.50210377 -7.6204043659435680e-06
    6.350000   0.56686560 -7.3377020879282614e-06
    6.350000   0.63162987 -7.0544680471703110e-06
    6.350000   0.69639591 -6.7769518878489457e-06
    6.350000   0.76116325 -6.5103327593545520e-06
    6.350000   0.82593158 -6.2586924769825253e-06
    6.350000   0.89070068 -6.0250687078015704e-06
    6.350000   0.95547037 -5.8115648079802622e-06
    6.350000   1.02024053 -5.6194935191482164e-06
    6.350000   1.08501108 -5.4495348673296343e-06
    6.350000   1.14978193 -5.3018930460329813e-06
    6.350000   1.21455301 -5.1764417649680430e-06
    6.350000   1.27932429 -5.0728517881603495e-06
    6.350000   1.34409571 -4.9906977744094541e-06
    6.350000   1.40886724 -4.9295439372641612e-06
    6.350000   1.47363885 -4.8890095087523324e-06
    6.350000   1.53841049 -4.8688156672920994e-06
    6.350000   1.60318216 -4.8688156590171906e-06
    6.350000   1.66795381 -4.8890094840640012e-06
    6.350000   1.73272541 -4.9295438965648142e-06
    6.350000   1.79749694 -4.9906977183560358e-06
    6.350000   1.86226837 -5.0728517176520140e-06
    6.350000   1.92703964 -5.1764416811162095e-06
    6.350000   1.99181073 -5.3018929501346614e-06
    6.350000   2.05658157 -5.4495347608328290e-06
    6.350000   2.12135212 -5.6194934036140032e-06
    6.350000   2.18612229 -5.8115646850427710e-06
    6.350000   2.25089198 -6.0250685791240960e-06
    6.350000   2.31566107 -6.2586923442195121e-06
    6.350000   2.38042940 -6.5103326241027865e-06
    6.350000   2.44519674 -6.7769517516119539e-06
    6.350000   2.50996278 -7.0544679113099557e-06
    6.350000   2.57472706 -7.3377019536259115e-06
    6.350000   2.63948889 -7.6204042341587872e-06
    6.350000   2.70424717 -7.8953816537045299e-06
    6.350000   2.76900006 -8.1547372611222713e-06
    6.350000   2.83374417 -8.3902223215732699e-06
    6.350000   2.89847256 -8.5936847693815948e-06
    6.350000   2.96316844 -8.7575809069343695e-06
    6.350000   3.02777863 -8.8755032529990647e-06
    6.350000   3.09200950 -8.9426844089800190e-06
    6.400000   0.04958315 -8.3975650552619948e-06
    6.400000   0.11381403 -8.3354199881433509e-06
    6.400000   0.17842421 -8.2263045986570734e-06
    6.400000   0.24312010 -8.0745778918147992e-06
    6.400000   0.30784849 -7.8861040290928254e-06
    6.400000   0.37259260 -7.6677956692446629e-06
    6.400000   0.43734549 -7.4271351465333307e-06
    6.400000   0.50210377 -7.1717091924097520e-06
    6.400000   0.56686560 -6.9087997444805198e-06
    6.400000   0.63162987 -6.6450610058896946e-06
    6.400000   0.69639591 -6.3862976708378727e-06
    6.400000   0.76116325 -6.1373448715134819e-06
    6.400000   0.82593158 -5.9020391333161008e-06
    6.400000   0.89070068 -5.6832624776918265e-06
    6.400000   0.95547037 -5.4830387866196568e-06
    6.400000   1.02024053 -5.3026619180328261e-06
    6.400000   1.08501108 -5.1428377589515738e-06
    6.400000   1.14978193 -5.0038263095156769e-06
    6.400000   1.21455301 -4.8855740736758287e-06
    6.400000   1.27932429 -4.7878308393932476e-06
    6.400000   1.34409571 -4.7102479978069748e-06
    6.400000   1.40886724 -4.6524577482633734e-06
    6.400000   1.47363885 -4.6141338980265726e-06
    6.400000   1.53841049 -4.5950356168583795e-06
    6.400000   1.60318216 -4.5950356082448421e-06
    6.400000   1.66795381 -4.6141338723137932e-06
    6.400000   1.73272541 -4.6524577058303728e-06
    6.400000   1.79749694 -4.7102479392764789e-06
    6.400000   1.86226837 -4.7878307656139412e-06
    6.400000   1.92703964 -4.8855739857020830e-06
    6.400000   1.99181073 -5.0038262085813785e-06
    6.400000   2.05658157 -5.1428376464373575e-06
    6.400000   2.12135212 -5.3026617954337144e-06
    6.400000   2.18612229 -5.4830386555097419e-06
    6.400000   2.25089198 -5.6832623396799398e-06
    6.400000   2.31566107 -5.9020389900130432e-06
    6.400000   2.38042940 -6.1373447244883286e-06
    6.400000   2.44519674 -6.3862975215755597e-06
    6.400000   2.50996278 -6.6450608557561795e-06
    6.400000   2.57472706 -6.9087995946758737e-06
    6.400000   2.63948889 -7.1717090439361300e-06
    6.400000   2.70424717 -7.4271350001551209e-06
    6.400000   2.76900006 -7.6677955254607455e-06
    6.400000   2.83374417 -7.8861038881205932e-06
    6.400000   2.89847256 -8.0745777535865913e-06
    6.400000   2.96316844 -8.2263044628337563e-06
    6.400000   3.02777863 -8.3354198541505636e-06
    6.400000   3.09200950 -8.3975649223486204e-06
    6.450000   0.04958315 -7.8883169626414088e-06
    6.450000   0.11381403 -7.8307757070946743e-06
    6.450000   0.17842421 -7.7297136899925294e-06
    6.450000   0.24312010 -7.5891202376532051e-06
    6.450000   0.30784849 -7.4143673056811856e-06
    6.450000   0.37259260 -7.2117952705608020e-06
    6.450000   0.43734549 -6.9882782335711575e-06
    6.450000   0.50210377 -6.7508006060118420e-06
    6.450000   0.56686560 -6.5060834319361747e-06
    6.450000   0.63162987 -6.2602879220493329e-06
    6.450000   0.69639591 -6.0188100378408697e-06
    6.450000   0.76116325 -5.7861670563417580e-06
    6.450000   0.82593158 -5.5659668492252134e-06
    6.450000   0.89070068 -5.3609440684938727e-06
    6.450000   0.95547037 -5.1730445723106652e-06
    6.450000   1.02024053 -5.0035396264728536e-06
    6.450000   1.08501108 -4.8531537307778948e-06
    6.450000   1.14978193 -4.7221933552330069e-06
    6.450000   1.21455301 -4.6106675926604366e-06
    6.450000   1.27932429 -4.5183951510121563e-06
    6.450000   1.34409571 -4.4450948841695748e-06
    6.450000   1.40886724 -4.3904590690058261e-06
    6.450000   1.47363885 -4.3542099009175752e-06
    6.450000   1.53841049 -4.3361403060831170e-06
    6.450000   1.60318216 -4.3361402972147286e-06
    6.450000   1.66795381 -4.3542098744324389e-06
    6.450000   1.73272541 -4.3904590252627332e-06
    6.450000   1.79749694 -4.4450948237544103e-06
    6.450000   1.86226837 -4.5183950747264184e-06
    6.450000   1.92703964 -4.6106675015015641e-06
    6.450000   1.99181073 -4.7221932503714715e-06
    6.450000   2.05658157 -4.8531536135282967e-06
    6.450000   2.12135212 -5.0035394982640011e-06
    6.450000   2.18612229 -5.1730444346501159e-06
    6.450000   2.25089198 -5.3609439229377778e-06
    6.450000   2.31566107 -5.5659666973344132e-06
    6.450000   2.38042940 -5.7861668996498361e-06
    6.450000   2.44519674 -6.0188098778110951e-06
    6.450000   2.50996278 -6.2602877600402989e-06
    6.450000   2.57472706 -6.5060832691602294e-06
    6.450000   2.63948889 -6.7508004435013866e-06
    6.450000   2.70424717 -6.9882780721422801e-06
    6.450000   2.76900006 -7.2117951107856412e-06
    6.450000   2.83374417 -7.4143671478777930e-06
    6.450000   2.89847256 -7.5891200818732243e-06
    6.450000   2.96316844 -7.7297135360404423e-06
    6.450000   3.02777863 -7.8307755545607829e-06
    6.450000   3.09200950 -7.8883168109510877e-06
    6.500000   0.04958315 -7.4122798552335596e-06
    6.500000   0.11381403 -7.3589511415299198e-06
    6.500000   0.17842421 -7.2652602614048194e-06
    6.500000   0.24312010 -7.1348616916926977e-06
    6.500000   0.30784849 -6.9726811907986334e-06
    6.500000   0.37259260 -6.7845397797290171e-06
    6.500000   0.43734549 -6.5767587774612629e-06
    6.500000   0.50210377 -6.3557741576120545e-06
    6.500000   0.56686560 -6.1277950116598673e-06
    6.500000   0.63162987 -5.8985311603777164e-06
    6.500000   0.69639591 -5.6730027575387336e-06
    6.500000   0.76116325 -5.4554331200799533e-06
    6.500000   0.82593158 -5.2492167867480218e-06
    6.500000   0.89070068 -5.0569488175114302e-06
    6.500000   0.95547037 -4.8804986473669440e-06
    6.500000   1.02024053 -4.7211118652919246e-06
    6.500000   1.08501108 -4.5795252671991029e-06
    6.500000   1.14978193 -4.4560835511513958e-06
    6.500000   1.21455301 -4.3508493338570390e-06
    6.500000   1.27932429 -4.2637012342345752e-06
    6.500000   1.34409571 -4.1944172825535113e-06
    6.500000   1.40886724 -4.1427427508786404e-06
    6.500000   1.47363885 -4.1084426746151093e-06
    6.500000   1.53841049 -4.0913399354655910e-06
    6.500000   1.60318216 -4.0913399264168354e-06
    6.500000   1.66795381 -4.1084426475831319e-06
    6.500000   1.73272541 -4.1427427061992144e-06
    6.500000   1.79749694 -4.1944172207785260e-06
    6.500000   1.86226837 -4.2637011561188911e-06
    6.500000   1.92703964 -4.3508492403427381e-06
    6.500000   1.99181073 -4.4560834433489307e-06
    6.500000   2.05658157 -4.5795251463548427e-06
    6.500000   2.12135212 -4.7211117327690062e-06
    6.500000   2.18612229 -4.8804985046087954e-06
    6.500000   2.25089198 -5.0569486660123785e-06
    6.500000   2.31566107 -5.2492166280217106e-06
    6.500000   2.38042940 -5.4554329556166659e-06
    6.500000   2.44519674 -5.6730025887751709e-06
    6.500000   2.50996278 -5.8985309886585805e-06
    6.500000   2.57472706 -6.1277948382026841e-06
    6.500000   2.63948889 -6.3557739834682072e-06
    6.500000   2.70424717 -6.5767586034902374e-06
    6.500000   2.76900006 -6.7845396065676670e-06
    6.500000   2.83374417 -6.9726810188487598e-06
    6.500000   2.89847256 -7.1348615211154291e-06
    6.500000   2.96316844 -7.2652600921337052e-06
    6.500000   3.02777863 -7.3589509733026484e-06
    6.500000   3.09200950 -7.4122796876378030e-06
    6.550000   0.04958315 -6.9670168748324381e-06
    6.550000   0.11381403 -6.9175463919636936e-06
    6.550000   0.17842421 -6.8306087236101838e-06
    6.550000   0.24312010 -6.7095548332191791e-06
    6.550000   0.30784849 -6.5589056998522723e-06
    6.550000   0.37259260 -6.3840106712686124e-06
    6.550000   0.43734549 -6.1906882912398465e-06
    6.550000   0.50210377 -5.9848747533229206e-06
    6.550000   0.56686560 -5.7723114684822331e-06
    6.550000   0.63162987 -5.5582945881981838e-06
    6.550000   0.69639591 -5.3474984073980147e-06
    6.550000   0.76116325 -5.1438741239171133e-06
    6.550000   0.82593158 -4.9506170672984214e-06
    6.550000   0.89070068 -4.7701900223360172e-06
    6.550000   0.95547037 -4.6043877274302067e-06
    6.550000   1.02024053 -4.4544275646936672e-06
    6.550000   1.08501108 -4.3210531437896812e-06
    6.550000   1.14978193 -4.2046401327182872e-06
    6.550000   1.21455301 -4.1052966335031802e-06
    6.550000   1.27932429 -4.0229531538460920e-06
    6.550000   1.34409571 -3.9574395011143101e-06
    6.550000   1.40886724 -3.9085476059513837e-06
    6.550000   1.47363885 -3.8760803729068093e-06
    6.550000   1.53841049 -3.8598872305822188e-06
    6.550000   1.60318216 -3.8598872214195797e-06
    6.550000   1.66795381 -3.8760803455248904e-06
    6.550000   1.73272541 -3.9085475606656973e-06
    6.550000   1.79749694 -3.9574394384434545e-06
    6.550000   1.86226837 -4.0229530745002696e-06
    6.550000   1.92703964 -4.1052965383721044e-06
    6.550000   1.99181073 -4.2046400228483222e-06
    6.550000   2.05658157 -4.3210530203649376e-06
    6.550000   2.12135212 -4.4544274290087528e-06
    6.550000   2.18612229 -4.6043875808664814e-06
    6.550000   2.25089198 -4.7701898663276670e-06
    6.550000   2.31566107 -4.9506169033024599e-06
    6.550000   2.38042940 -5.1438739533810258e-06
    6.550000   2.44519674 -5.3474982317271940e-06
    6.550000   2.50996278 -5.5582944087186700e-06
    6.550000   2.57472706 -5.7723112864060958e-06
    6.550000   2.63948889 -5.9848745697166827e-06
    6.550000   2.70424717 -6.1906881069963840e-06
    6.550000   2.76900006 -6.3840104870789111e-06
    6.550000   2.83374417 -6.5589055161924096e-06
    6.550000   2.89847256 -6.7095546503456662e-06
    6.550000   2.96316844 -6.8306085415722341e-06
    6.550000   3.02777863 -6.9175462106315664e-06
    6.550000   3.09200950 -6.9670166939396567e-06
    6.600000   0.04958315 -6.5502945358040994e-06
    6.600000   0.11381403 -6.5043612712861732e-06
    6.600000   0.17842421 -6.4236168367513829e-06
    6.600000   0.24312010 -6.3111368801858953e-06
    6.600000   0.30784849 -6.1710748934304371e-06
    6.600000   0.37259260 -6.0083515178826424e-06
    6.600000   0.43734549 -5.8283276320149205e-06
    6.600000   0.50210377 -5.6364836029771742e-06
    6.600000   0.56686560 -5.4381332257958707e-06
    6.600000   0.63162987 -5.2381932006964686e-06
    6.600000   0.69639591 -5.0410192226803065e-06
    6.600000   0.76116325 -4.8503103501022754e-06
    6.600000   0.82593158 -4.6690757369144957e-06
    6.600000   0.89070068 -4.4996527834140871e-06
    6.600000   0.95547037 -4.3437633614349618e-06
    6.600000   1.02024053 -4.2025946077875965e-06
    6.600000   1.08501108 -4.0768922091827396e-06
    6.600000   1.14978193 -3.9670564277150823e-06
    6.600000   1.21455301 -3.8732337347567327e-06
    6.600000   1.27932429 -3.7953993928977127e-06
    6.600000   1.34409571 -3.7334283867152714e-06
    6.600000   1.40886724 -3.6871536413970991e-06
    6.600000   1.47363885 -3.6564114807424108e-06
    6.600000   1.53841049 -3.6410748257978591e-06
    6.600000   1.60318216 -3.6410748165792709e-06
    6.600000   1.66795381 -3.6564114531838407e-06
    6.600000   1.73272541 -3.6871535957949814e-06
    6.600000   1.79749694 -3.7334283235553398e-06
    6.600000   1.86226837 -3.7953993128496039e-06
    6.600000   1.92703964 -3.8732336386551671e-06
    6.600000   1.99181073 -3.9670563165493017e-06
    6.600000   2.05658157 -4.0768920840733102e-06
    6.600000   2.12135212 -4.2025944699643237e-06
    6.600000   2.18612229 -4.3437632122140526e-06
    6.600000   2.25089198 -4.4996526241677824e-06
    6.600000   2.31566107 -4.6690755690461587e-06
    6.600000   2.38042940 -4.8503101750121576e-06
    6.600000   2.44519674 -5.0410190417364609e-06
    6.600000   2.50996278 -5.2381930152023704e-06
    6.600000   2.57472706 -5.4381330369547786e-06
    6.600000   2.63948889 -5.6364834118642593e-06
    6.600000   2.70424717 -5.8283274395464234e-06
    6.600000   2.76900006 -6.0083513247943907e-06
    6.600000   2.83374417 -6.1710747002627549e-06
    6.600000   2.89847256 -6.3111366872796956e-06
    6.600000   2.96316844 -6.4236166442585081e-06
    6.600000   3.02777863 -6.5043610791945303e-06
    6.600000   3.09200950 -6.5502943439791660e-06
    6.650000   0.04958315 -6.1600643231934132e-06
    6.650000   0.11381403 -6.1173772580772557e-06
    6.650000   0.17842421 -6.0423182811763830e-06
    6.650000   0.24312010 -5.9377131052149832e-06
    6.650000   0.30784849 -5.8073813211870452e-06
    6.650000   0.37259260 -5.6558535935789775e-06
    6.650000   0.43734549 -5.4880738418394422e-06
    6.650000   0.50210377 -5.3091063270172086e-06
    6.650000   0.56686560 -5.1238735022843523e-06
    6.650000   0.63162987 -4.9369436749068775e-06
    6.650000   0.69639591 -4.7523787677157557e-06
    6.650000   0.76116325 -4.5736439920992833e-06
    6.650000   0.82593158 -4.4035743666293371e-06
    6.650000   0.89070068 -4.2443884025940780e-06
    6.650000   0.95547037 -4.0977370182756787e-06
    6.650000   1.02024053 -3.9647755010303192e-06
    6.650000   1.08501108 -3.8462475429994603e-06
    6.650000   1.14978193 -3.7425724146582624e-06
    6.650000   1.21455301 -3.6539286689106101e-06
    6.650000   1.27932429 -3.5803299880493437e-06
    6.650000   1.34409571 -3.5216906535714084e-06
    6.650000   1.40886724 -3.4778795271947966e-06
    6.650000   1.47363885 -3.4487623717952292e-06
    6.650000   1.53841049 -3.4342328659025896e-06
    6.650000   1.60318216 -3.4342328566772586e-06
    6.650000   1.66795381 -3.4487623442114259e-06
    6.650000   1.73272541 -3.4778794815292929e-06
    6.650000   1.79749694 -3.5216905902812802e-06
    6.650000   1.86226837 -3.5803299077605801e-06
    6.650000   1.92703964 -3.6539285724095148e-06
    6.650000   1.99181073 -3.7425723028759855e-06
    6.650000   2.05658157 -3.8462474169960673e-06
    6.650000   2.12135212 -3.9647753619706036e-06
    6.650000   2.18612229 -4.0977368674116146e-06
    6.650000   2.25089198 -4.2443882412383453e-06
    6.650000   2.31566107 -4.4035741961288579e-06
    6.650000   2.38042940 -4.5736438138062942e-06
    6.650000   2.44519674 -4.7523785829583111e-06
    6.650000   2.50996278 -4.9369434849607318e-06
    6.650000   2.57472706 -5.1238733083399901e-06
    6.650000   2.63948889 -5.3091061301504658e-06
    6.650000   2.70424717 -5.4880736429841107e-06
    6.650000   2.76900006 -5.6558533935081386e-06
    6.650000   2.83374417 -5.8073811204954285e-06
    6.650000   2.89847256 -5.9377129043157723e-06
    6.650000   2.96316844 -6.0423180803137072e-06
    6.650000   3.02777863 -6.1173770573449594e-06
    6.650000   3.09200950 -6.1600641225728803e-06
    6.700000   0.04958315 -5.7944459276173526e-06
    6.700000   0.11381403 -5.7547410560868920e-06
    6.700000   0.17842421 -5.6849067810902339e-06
    6.700000   0.24312010 -5.5875417314139392e-06
    6.700000   0.30784849 -5.4661618564238714e-06
    6.700000   0.37259260 -5.3249427666725814e-06
    6.700000   0.43734549 -5.1684481703778177e-06
    6.700000   0.50210377 -5.0013621340631490e-06
    6.700000   0.56686560 -4.8282486290209538e-06
    6.700000   0.63162987 -4.6533557776896214e-06
    6.700000   0.69639591 -4.4804743610956734e-06
    6.700000   0.76116325 -4.3128525065644027e-06
    6.700000   0.82593158 -4.1531622315613823e-06
    6.700000   0.89070068 -4.0035092866897769e-06
    6.700000   0.95547037 -3.8654756141128514e-06
    6.700000   1.02024053 -3.7401834299331797e-06
    6.700000   1.08501108 -3.6283709521515862e-06
    6.700000   1.14978193 -3.5304715804211454e-06
    6.700000   1.21455301 -3.4466904038454159e-06
    6.700000   1.27932429 -3.3770739065510210e-06
    6.700000   1.34409571 -3.3215704338219310e-06
    6.700000   1.40886724 -3.2800802714115088e-06
    6.700000   1.47363885 -3.2524950642589347e-06
    6.700000   1.53841049 -3.2387268013656283e-06
    6.700000   1.60318216 -3.2387267921776840e-06
    6.700000   1.66795381 -3.2524950367827160e-06
    6.700000   1.73272541 -3.2800802259045752e-06
    6.700000   1.79749694 -3.3215703707119278e-06
    6.700000   1.86226837 -3.3770738264241860e-06
    6.700000   1.92703964 -3.4466903074426324e-06
    6.700000   1.99181073 -3.5304714686170175e-06
    6.700000   2.05658157 -3.6283708259451217e-06
    6.700000   2.12135212 -3.7401832904295956e-06
    6.700000   2.18612229 -3.8654754625012858e-06
    6.700000   2.25089198 -4.0035091242207880e-06
    6.700000   2.31566107 -4.1531620595250241e-06
    6.700000   2.38042940 -4.3128523262644563e-06
    6.700000   2.44519674 -4.4804741738207384e-06
    6.700000   2.50996278 -4.6533555846820716e-06
    6.700000   2.57472706 -4.8282484314540925e-06
    6.700000   2.63948889 -5.0013619330092902e-06
    6.700000   2.70424717 -5.1684479667826856e-06
    6.700000   2.76900006 -5.3249425613379756e-06
    6.700000   2.83374417 -5.4661616499890054e-06
    6.700000   2.89847256 -5.5875415243574832e-06
    6.700000   2.96316844 -5.6849065737351056e-06
    6.700000   3.02777863 -5.7547408486193336e-06
    6.700000   3.09200950 -5.7944457201242409e-06
    6.750000   0.04958315 -5.4517119983626558e-06
    6.750000   0.11381403 -5.4147496430101049e-06
    6.750000   0.17842421 -5.3497216672103400e-06
    6.750000   0.24312010 -5.2590201982499075e-06
    6.750000   0.30784849 -5.1458848167773638e-06
    6.750000   0.37259260 -5.0141675839907406e-06
    6.750000   0.43734549 -4.8680851871809700e-06
    6.750000   0.50210377 -4.7119739838342395e-06
    6.750000   0.56686560 -4.5500692485587835e-06
    6.750000   0.63162987 -4.3863245562028207e-06
    6.750000   0.69639591 -4.2242801899724416e-06
    6.750000   0.76116325 -4.0669825687122197e-06
    6.750000   0.82593158 -3.9169510161979890e-06
    6.750000   0.89070068 -3.7761843089297391e-06
    6.750000   0.95547037 -3.6461974381015789e-06
    6.750000   1.02024053 -3.5280786621813549e-06
    6.750000   1.08501108 -3.4225577714372544e-06
    6.750000   1.14978193 -3.3300780463347299e-06
    6.750000   1.21455301 -3.2508662316760133e-06
    6.750000   1.27932429 -3.1849966391331305e-06
    6.750000   1.34409571 -3.1324470260797680e-06
    6.750000   1.40886724 -3.0931450804589332e-06
    6.750000   1.47363885 -3.0670051531401721e-06
    6.750000   1.53841049 -3.0539553559143080e-06
    6.750000   1.60318216 -3.0539553468024870e-06
    6.750000   1.66795381 -3.0670051258844132e-06
    6.750000   1.73272541 -3.0931450353008171e-06
    6.750000   1.79749694 -3.1324469634190129e-06
    6.750000   1.86226837 -3.1849965595202204e-06
    6.750000   1.92703964 -3.2508661358033076e-06
    6.750000   1.99181073 -3.3300779350263044e-06
    6.750000   2.05658157 -3.4225576456331212e-06
    6.750000   2.12135212 -3.5280785229267501e-06
    6.750000   2.18612229 -3.6461972865243520e-06
    6.750000   2.25089198 -3.7761841462217857e-06
    6.750000   2.31566107 -3.9169508435933335e-06
    6.750000   2.38042940 -4.0669823874635438e-06
    6.750000   2.44519674 -4.2242800013254683e-06
    6.750000   2.50996278 -4.3863243613674509e-06
    6.750000   2.57472706 -4.5500690486872989e-06
    6.750000   2.63948889 -4.7119737799893529e-06
    6.750000   2.70424717 -4.8680849803153446e-06
    6.750000   2.76900006 -5.0141673749271426e-06
    6.750000   2.83374417 -5.1458846061940032e-06
    6.750000   2.89847256 -5.2590199866792377e-06
    6.750000   2.96316844 -5.3497214550454071e-06
    6.750000   3.02777863 -5.4147494305191253e-06
    6.750000   3.09200950 -5.4517117857223223e-06
    6.800000   0.04958315 -5.1302742976232164e-06
    6.800000   0.11381403 -5.0958366933426795e-06
    6.800000   0.17842421 -5.0352347664289237e-06
    6.800000   0.24312010 -4.9506726899589593e-06
    6.800000   0.30784849 -4.8451382689607750e-06
    6.800000   0.37259260 -4.7221884505033600e-06
    6.800000   0.43734549 -4.5857228945896978e-06
    6.800000   0.50210377 -4.4397596535270623e-06
    6.800000   0.56686560 -4.2882323212995851e-06
    6.800000   0.63162987 -4.1348232432093369e-06
    6.800000   0.69639591 -3.9828410525859965e-06
    6.800000   0.76116325 -3.8351445765246910e-06
    6.800000   0.82593158 -3.6941099972032566e-06
    6.800000   0.89070068 -3.5616345849735793e-06
    6.800000   0.95547037 -3.4391684379857729e-06
    6.800000   1.02024053 -3.3277652638347713e-06
    6.800000   1.08501108 -3.2281439377951667e-06
    6.800000   1.14978193 -3.1407539352034526e-06
    6.800000   1.21455301 -3.0658393706965502e-06
    6.800000   1.27932429 -3.0034979860205518e-06
    6.800000   1.34409571 -2.9537328208617080e-06
    6.800000   1.40886724 -2.9164953844382020e-06
    6.800000   1.47363885 -2.8917198999865825e-06
    6.800000   1.53841049 -2.8793486477922516e-06
    6.800000   1.60318216 -2.8793486387878861e-06
    6.800000   1.66795381 -2.8917198730493589e-06
    6.800000   1.73272541 -2.9164953397944840e-06
    6.800000   1.79749694 -2.9537327588833002e-06
    6.800000   1.86226837 -3.0034979072224565e-06
    6.800000   1.92703964 -3.0658392757270302e-06
    6.800000   1.99181073 -3.1407538248369900e-06
    6.800000   2.05658157 -3.2281438129181754e-06
    6.800000   2.12135212 -3.3277651254331309e-06
    6.800000   2.18612229 -3.4391682871276562e-06
    6.800000   2.25089198 -3.5616344227929478e-06
    6.800000   2.31566107 -3.6941098248778412e-06
    6.800000   2.38042940 -3.8351443952568519e-06
    6.800000   2.44519674 -3.9828408635774561e-06
    6.800000   2.50996278 -4.1348230476355501e-06
    6.800000   2.57472706 -4.2882321202881542e-06
    6.800000   2.63948889 -4.4397594481286750e-06
    6.800000   2.70424717 -4.5857226857583910e-06
    6.800000   2.76900006 -4.7221882390763546e-06
    6.800000   2.83374417 -4.8451380556490797e-06
    6.800000   2.89847256 -4.9506724753397747e-06
    6.800000   2.96316844 -5.0352345509554640e-06
    6.800000   3.02777863 -5.0958364773544169e-06
    6.800000   3.09200950 -5.1302740813786298e-06
    6.850000   0.04958315 -4.8286711424008979e-06
    6.850000   0.11381403 -4.7965602637116766e-06
    6.850000   0.17842421 -4.7400385102032910e-06
    6.850000   0.24312010 -4.6611388227761902e-06
    6.850000   0.30784849 -4.5626194194291776e-06
    6.850000   0.37259260 -4.4477678126305920e-06
    6.850000   0.43734549 -4.3201937564229443e-06
    6.850000   0.50210377 -4.1836236299753433e-06
    6.850000   0.56686560 -4.0417138686478791e-06
    6.850000   0.63162987 -3.8978968137422208e-06
    6.850000   0.69639591 -3.7552666722128362e-06
    6.850000   0.76116325 -3.6165076532597288e-06
    6.850000   0.82593158 -3.4838616589366091e-06
    6.850000   0.89070068 -3.3591296238467836e-06
    6.850000   0.95547037 -3.2436988305186439e-06
    6.850000   1.02024053 -3.1385880975737621e-06
    6.850000   1.08501108 -3.0445033106219697e-06
    6.850000   1.14978193 -2.9618969546436499e-06
    6.850000   1.21455301 -2.8910267594603934e-06
    6.850000   1.27932429 -2.8320100159082588e-06
    6.850000   1.34409571 -2.7848713842976662e-06
    6.850000   1.40886724 -2.7495830101442305e-06
    6.850000   1.47363885 -2.7260964633774006e-06
    6.850000   1.53841049 -2.7143664483616704e-06
    6.850000   1.60318216 -2.7143664394938144e-06
    6.850000   1.66795381 -2.7260964368424601e-06
    6.850000   1.73272541 -2.7495829661541470e-06
    6.850000   1.79749694 -2.7848713231994806e-06
    6.850000   1.86226837 -2.8320099381837299e-06
    6.850000   1.92703964 -2.8910266657162159e-06
    6.850000   1.99181073 -2.9618968456063344e-06
    6.850000   2.05658157 -3.0445031871239510e-06
    6.850000   2.12135212 -3.1385879605451651e-06
    6.850000   2.18612229 -3.2436986809708283e-06
    6.850000   2.25089198 -3.3591294628571509e-06
    6.850000   2.31566107 -3.4838614876279089e-06
    6.850000   2.38042940 -3.6165074727841103e-06
    6.850000   2.44519674 -3.7552664837280607e-06
    6.850000   2.50996278 -3.8978966183884855e-06
    6.850000   2.57472706 -4.0417136675221250e-06
    6.850000   2.63948889 -4.1836234241161760e-06
    6.850000   2.70424717 -4.3201935467803289e-06
    6.850000   2.76900006 -4.4477676000518666e-06
    6.850000   2.83374417 -4.5626192046502502e-06
    6.850000   2.89847256 -4.6611386064118501e-06
    6.850000   2.96316844 -4.7400382927572050e-06
    6.850000   3.02777863 -4.7965600455861906e-06
    6.850000   3.09200950 -4.8286709239241287e-06
    6.900000   0.04958315 -4.5455560254563511e-06
    6.900000   0.11381403 -4.5155916340216937e-06
    6.900000   0.17842421 -4.4628351583143379e-06
    6.900000   0.24312010 -4.3891633921820820e-06
    6.900000   0.30784849 -4.2971249977569525e-06
    6.900000   0.37259260 -4.1897612583431855e-06
    6.900000   0.43734549 -4.0704165623791876e-06
    6.900000   0.50210377 -3.9425497545658890e-06
    6.900000   0.56686560 -3.8095623869609365e-06
    6.900000   0.63162987 -3.6746561339931823e-06
    6.900000   0.69639591 -3.5407265299091576e-06
    6.900000   0.76116325 -3.4102951016531226e-06
    6.900000   0.82593158 -3.2854777005743787e-06
    6.900000   0.89070068 -3.1679838176233316e-06
    6.900000   0.95547037 -3.0591400048975550e-06
    6.900000   1.02024053 -2.9599300749991794e-06
    6.900000   1.08501108 -2.8710452134568198e-06
    6.900000   1.14978193 -2.7929381747800180e-06
    6.900000   1.21455301 -2.7258770233371371e-06
    6.900000   1.27932429 -2.6699951800844354e-06
    6.900000   1.34409571 -2.6253356837396470e-06
    6.900000   1.40886724 -2.5918884863988213e-06
    6.900000   1.47363885 -2.5696202555318518e-06
    6.900000   1.53841049 -2.5584965637962945e-06
    6.900000   1.60318216 -2.5584965550873033e-06
    6.900000   1.66795381 -2.5696202294696454e-06
    6.900000   1.73272541 -2.5918884431810141e-06
    6.900000   1.79749694 -2.6253356236910843e-06
    6.900000   1.86226837 -2.6699951036527498e-06
    6.900000   1.92703964 -2.7258769310904600e-06
    6.900000   1.99181073 -2.7929380673996900e-06
    6.900000   2.05658157 -2.8710450917256467e-06
    6.900000   2.12135212 -2.9599299397925849e-06
    6.900000   2.18612229 -3.0591398571714392e-06
    6.900000   2.25089198 -3.1679836583998455e-06
    6.900000   2.31566107 -3.2854775309239492e-06
    6.900000   2.38042940 -3.4102949226772141e-06
    6.900000   2.44519674 -3.5407263427207432e-06
    6.900000   2.50996278 -3.6746559396945345e-06
    6.900000   2.57472706 -3.8095621866238539e-06
    6.900000   2.63948889 -3.9425495492058205e-06
    6.900000   2.70424717 -4.0704163529407267e-06
    6.900000   2.76900006 -4.1897610456809994e-06
    6.900000   2.83374417 -4.2971247826243304e-06
    6.900000   2.89847256 -4.3891631752242403e-06
    6.900000   2.96316844 -4.4628349400777195e-06
    6.900000   3.02777863 -4.5155914149636101e-06
    6.900000   3.09200950 -4.5455558059646518e-06
    6.950000   0.04958315 -4.2796873125821408e-06
    6.950000   0.11381403 -4.2517052034983974e-06
    6.950000   0.17842421 -4.2024270403408109e-06
    6.950000   0.24312010 -4.1335870869598489e-06
    6.950000   0.30784849 -4.0475425449587565e-06
    6.950000   0.37259260 -3.9471094524514566e-06
    6.950000   0.43734549 -3.8353890531767179e-06
    6.950000   0.50210377 -3.7155945527592970e-06
    6.950000   0.56686560 -3.5908928709753610e-06
    6.950000   0.63162987 -3.4642726476602774e-06
    6.950000   0.69639591 -3.3384451675005818e-06
    6.950000   0.76116325 -3.2157802670433497e-06
    6.950000   0.82593158 -3.0982753973029837e-06
    6.950000   0.89070068 -2.9875532370057908e-06
    6.950000   0.95547037 -2.8848816904695768e-06
    6.950000   1.02024053 -2.7912096378060554e-06
    6.950000   1.08501108 -2.7072121748854031e-06
    6.950000   1.14978193 -2.6333399807206222e-06
    6.950000   1.21455301 -2.5698685960807724e-06
    6.950000   1.27932429 -2.5169445659663339e-06
    6.950000   1.34409571 -2.4746264408634173e-06
    6.950000   1.40886724 -2.4429194682715891e-06
    6.950000   1.47363885 -2.4218034122424652e-06
    6.950000   1.53841049 -2.4112533273488148e-06
    6.950000   1.60318216 -2.4112533188190762e-06
    6.950000   1.66795381 -2.4218033867131967e-06
    6.950000   1.73272541 -2.4429194259261632e-06
    6.950000   1.79749694 -2.4746263820043179e-06
    6.950000   1.86226837 -2.5169444910117972e-06
    6.950000   1.92703964 -2.5698685055629268e-06
    6.950000   1.99181073 -2.6333398752755154e-06
    6.950000   2.05658157 -2.7072120552493050e-06
    6.950000   2.12135212 -2.7912095048028570e-06
    6.950000   2.18612229 -2.8848815450020566e-06
    6.950000   2.25089198 -2.9875530800409723e-06
    6.950000   2.31566107 -3.0982752298611863e-06
    6.950000   2.38042940 -3.2157800901768348e-06
    6.950000   2.44519674 -3.3384449822768692e-06
    6.950000   2.50996278 -3.4642724551464390e-06
    6.950000   2.57472706 -3.5908926722095969e-06
    6.950000   2.63948889 -3.7155943487384449e-06
    6.950000   2.70424717 -3.8353888448340568e-06
    6.950000   2.76900006 -3.9471092406429009e-06
    6.950000   2.83374417 -4.0475423304498912e-06
    6.950000   2.89847256 -4.1335868704225938e-06
    6.950000   2.96316844 -4.2024268223571581e-06
    6.950000   3.02777863 -4.2517049845691652e-06
    6.950000   3.09200950 -4.2796870931496271e-06
    7.000000   0.04958315 -4.0299189197440658e-06
    7.000000   0.11381403 -4.0037693470132285e-06
    7.000000   0.17842421 -3.9577077233436840e-06
    7.000000   0.24312010 -3.8933380828672698e-06
    7.000000   0.30784849 -3.8128425247675586e-06
    7.000000   0.37259260 -3.7188308310176505e-06
    7.000000   0.43734549 -3.6141812367183875e-06
    7.000000   0.50210377 -3.5018811850316631e-06
    7.000000   0.56686560 -3.3848813899629381e-06
    7.000000   0.63162987 -3.2659735493226948e-06
    7.000000   0.69639591 -3.1476979162814627e-06
    7.000000   0.76116325 -3.0322827703037110e-06
    7.000000   0.82593158 -2.9216142813899102e-06
    7.000000   0.89070068 -2.8172327029842478e-06
    7.000000   0.95547037 -2.7203493627548729e-06
    7.000000   1.02024053 -2.6318784451934295e-06
    7.000000   1.08501108 -2.5524778488738850e-06
    7.000000   1.14978193 -2.4825941824146811e-06
    7.000000   1.21455301 -2.4225079809628565e-06
    7.000000   1.27932429 -2.3723762761393643e-06
    7.000000   1.34409571 -2.3322705995790913e-06
    7.000000   1.40886724 -2.3022092684118210e-06
    7.000000   1.47363885 -2.2821833649210938e-06
    7.000000   1.53841049 -2.2721761912879621e-06
    7.000000   1.60318216 -2.2721761829535277e-06
    7.000000   1.66795381 -2.2821833399730771e-06
    7.000000   1.73272541 -2.3022092270206179e-06
    7.000000   1.79749694 -2.3322705420265123e-06
    7.000000   1.86226837 -2.3723762028161381e-06
    7.000000   1.92703964 -2.4225078923648589e-06
    7.000000   1.99181073 -2.4825940791373730e-06
    7.000000   2.05658157 -2.5524777316081124e-06
    7.000000   2.12135212 -2.6318783147146727e-06
    7.000000   2.18612229 -2.7203492199139760e-06
    7.000000   2.25089198 -2.8172325486979198e-06
    7.000000   2.31566107 -2.9216141166275854e-06
    7.000000   2.38042940 -3.0322825960684133e-06
    7.000000   2.44519674 -3.1476977335994038e-06
    7.000000   2.50996278 -3.2659733592189582e-06
    7.000000   2.57472706 -3.3848811934480604e-06
    7.000000   2.63948889 -3.5018809830783252e-06
    7.000000   2.70424717 -3.6141810302472723e-06
    7.000000   2.76900006 -3.7188306208819099e-06
    7.000000   2.83374417 -3.8128423117400582e-06
    7.000000   2.89847256 -3.8933378676397910e-06
    7.000000   2.96316844 -3.9577075065274391e-06
    7.000000   3.02777863 -4.0037691291471913e-06
    7.000000   3.09200950 -4.0299187013135285e-06
    7.100000   0.04958315 -3.5745267190281476e-06
    7.100000   0.11381403 -3.5516438954436929e-06
    7.100000   0.17842421 -3.5113187628694745e-06
    7.100000   0.24312010 -3.4549271929325372e-06
    7.100000   0.30784849 -3.3843440763502707e-06
    7.100000   0.37259260 -3.3018166641655536e-06
    7.100000   0.43734549 -3.2098302730994795e-06
    7.100000   0.50210377 -3.1109733627288935e-06
    7.100000   0.56686560 -3.0078130958533306e-06
    7.100000   0.63162987 -2.9027901324119856e-06
    7.100000   0.69639591 -2.7981380498254999e-06
    7.100000   0.76116325 -2.6958293561117637e-06
    7.100000   0.82593158 -2.5975471064542664e-06
    7.100000   0.89070068 -2.5046789598545533e-06
    7.100000   0.95547037 -2.4183292201168820e-06
    7.100000   1.02024053 -2.3393439260045360e-06
    7.100000   1.08501108 -2.2683442157304651e-06
    7.100000   1.14978193 -2.2057637754752872e-06
    7.100000   1.21455301 -2.1518869834168643e-06
    7.100000   1.27932429 -2.1068852116666674e-06
    7.100000   1.34409571 -2.0708495317525184e-06
    7.100000   1.40886724 -2.0438187180150236e-06
    7.100000   1.47363885 -2.0258019315482019e-06
    7.100000   1.53841049 -2.0167957983706664e-06
    7.100000   1.60318216 -2.0167957904629701e-06
    7.100000   1.66795381 -2.0258019078731427e-06
    7.100000   1.73272541 -2.0438186787193211e-06
    7.100000   1.79749694 -2.0708494770800645e-06
    7.100000   1.86226837 -2.1068851419559880e-06
    7.100000   1.92703964 -2.1518868991006141e-06
    7.100000   1.99181073 -2.2057636770748620e-06
    7.100000   2.05658157 -2.2683441038498391e-06
    7.100000   2.12135212 -2.3393438013305505e-06
    7.100000   2.18612229 -2.4183290834054471e-06
    7.100000   2.25089198 -2.5046788119248213e-06
    7.100000   2.31566107 -2.5975469481789833e-06
    7.100000   2.38042940 -2.6958291884041932e-06
    7.100000   2.44519674 -2.7981378736221936e-06
    7.100000   2.50996278 -2.9027899486643592e-06
    7.100000   2.57472706 -3.0078129055056138e-06
    7.100000   2.63948889 -3.1109731667062254e-06
    7.100000   2.70424717 -3.2098300722872615e-06
    7.100000   2.76900006 -3.3018164594022093e-06
    7.100000   2.83374417 -3.3843438684139245e-06
    7.100000   2.89847256 -3.4549269825382085e-06
    7.100000   2.96316844 -3.5113185506690632e-06
    7.100000   3.02777863 -3.5516436820333823e-06
    7.100000   3.09200950 -3.5745265049590656e-06
    7.200000   0.04958315 -3.1718208737779134e-06
    7.200000   0.11381403 -3.1517466443833401e-06
    7.200000   0.17842421 -3.1163563803263081e-06
    7.200000   0.24312010 -3.0668343176519603e-06
    7.200000   0.30784849 -3.0047968317737714e-06
    7.200000   0.37259260 -2.9321853483392078e-06
    7.200000   0.43734549 -2.8511526523983737e-06
    7.200000   0.50210377 -2.7639481581866728e-06
    7.200000   0.56686560 -2.6728114397885811e-06
    7.200000   0.63162987 -2.5798814500315646e-06
    7.200000   0.69639591 -2.4871261194472108e-06
    7.200000   0.76116325 -2.3962942004848069e-06
    7.200000   0.82593158 -2.3088887511954071e-06
    7.200000   0.89070068 -2.2261598007993685e-06
    7.200000   0.95547037 -2.1491126007291021e-06
    7.200000   1.02024053 -2.0785273950105130e-06
    7.200000   1.08501108 -2.0149867106685966e-06
    7.200000   1.14978193 -1.9589066016384372e-06
    7.200000   1.21455301 -1.9105689105587487e-06
    7.200000   1.27932429 -1.8701523023917948e-06
    7.200000   1.34409571 -1.8377604727783114e-06
    7.200000   1.40886724 -1.8134464828731329e-06
    7.200000   1.47363885 -1.7972325956983980e-06
    7.200000   1.53841049 -1.7891252856951732e-06
    7.200000   1.60318216 -1.7891252782453447e-06
    7.200000   1.66795381 -1.7972325733920304e-06
    7.200000   1.73272541 -1.8134464458364123e-06
    7.200000   1.79749694 -1.8377604212227435e-06
    7.200000   1.86226837 -1.8701522366111661e-06
    7.200000   1.92703964 -1.9105688309270989e-06
    7.200000   1.99181073 -1.9589065086110943e-06
    7.200000   2.05658157 -2.0149866047745666e-06
    7.200000   2.12135212 -2.0785272768550627e-06
    7.200000   2.18612229 -2.1491124709824109e-06
    7.200000   2.25089198 -2.2261596601931131e-06
    7.200000   2.31566107 -2.3088886005104599e-06
    7.200000   2.38042940 -2.3962940405475998e-06
    7.200000   2.44519674 -2.4871259511156243e-06
    7.200000   2.50996278 -2.5798812741810462e-06
    7.200000   2.57472706 -2.6728112572967581e-06
    7.200000   2.63948889 -2.7639479699238925e-06
    7.200000   2.70424717 -2.8511524592113448e-06
    7.200000   2.76900006 -2.9321851510421747e-06
    7.200000   2.83374417 -3.0047966311350617e-06
    7.200000   2.89847256 -3.0668341143940299e-06
    7.200000   2.96316844 -3.1163561751205644e-06
    7.200000   3.02777863 -3.1517464378617184e-06
    7.200000   3.09200950 -3.1718206665357175e-06
    7.300000   0.04958315 -2.8153093681992502e-06
    7.300000   0.11381403 -2.7976590578626662e-06
    7.300000   0.17842421 -2.7665301864664849e-06
    7.300000   0.24312010 -2.7229453739980614e-06
    7.300000   0.30784849 -2.6683025668889413e-06
    7.300000   0.37259260 -2.6042841537598273e-06
    7.300000   0.43734549 -2.5327603637153456e-06
    7.300000   0.50210377 -2.4556913635855354e-06
    7.300000   0.56686560 -2.3750358665227337e-06
    7.300000   0.63162987 -2.2926725763634522e-06
    7.300000   0.69639591 -2.2103385559697549e-06
    7.300000   0.76116325 -2.1295862680587566e-06
    7.300000   0.82593158 -2.0517589645862359e-06
    7.300000   0.89070068 -1.9779825194760251e-06
    7.300000   0.95547037 -1.9091707963335982e-06
    7.300000   1.02024053 -1.8460411916149997e-06
    7.300000   1.08501108 -1.7891369938492386e-06
    7.300000   1.14978193 -1.7388535155716558e-06
    7.300000   1.21455301 -1.6954654502749233e-06
    7.300000   1.27932429 -1.6591534662285131e-06
    7.300000   1.34409571 -1.6300285877023439e-06
    7.300000   1.40886724 -1.6081533794632884e-06
    7.300000   1.47363885 -1.5935593177164177e-06
    7.300000   1.53841049 -1.5862599960816117e-06
    7.300000   1.60318216 -1.5862599891069057e-06
    7.300000   1.66795381 -1.5935592968288086e-06
    7.300000   1.73272541 -1.6081533447710546e-06
    7.300000   1.79749694 -1.6300285393882440e-06
    7.300000   1.86226837 -1.6591534045459488e-06
    7.300000   1.92703964 -1.6954653755483287e-06
    7.300000   1.99181073 -1.7388534281972583e-06
    7.300000   2.05658157 -1.7891368942921912e-06
    7.300000   2.12135212 -1.8460410804043836e-06
    7.300000   2.18612229 -1.9091706740629934e-06
    7.300000   2.25089198 -1.9779823867959384e-06
    7.300000   2.31566107 -2.0517588221980803e-06
    7.300000   2.38042940 -2.1295861167070289e-06
    7.300000   2.44519674 -2.2103383964342617e-06
    7.300000   2.50996278 -2.2926724094467301e-06
    7.300000   2.57472706 -2.3750356930396101e-06
    7.300000   2.63948889 -2.4556911843493124e-06
    7.300000   2.70424717 -2.5327601795283586e-06
    7.300000   2.76900006 -2.6042839654039144e-06
    7.300000   2.83374417 -2.6683023751128982e-06
    7.300000   2.89847256 -2.7229451795187347e-06
    7.300000   2.96316844 -2.7665299899619698e-06
    7.300000   3.02777863 -2.7976588599802906e-06
    7.300000   3.09200950 -2.8153091695607198e-06
    7.400000   0.04958315 -2.4993939426352963e-06
    7.400000   0.11381403 -2.4838431184109679e-06
    7.400000   0.17842421 -2.4564072753801926e-06
    7.400000   0.24312010 -2.4179721800619840e-06
    7.400000   0.30784849 -2.3697504745127106e-06
    7.400000   0.37259260 -2.3132042634101779e-06
    7.400000   0.43734549 -2.2499627411060679e-06
    7.400000   0.50210377 -2.1817383658404722e-06
    7.400000   0.56686560 -2.1102481670641103e-06
    7.400000   0.63162987 -2.0371455877621317e-06
    7.400000   0.69639591 -1.9639664294067146e-06
    7.400000   0.76116325 -1.8920905238478026e-06
    7.400000   0.82593158 -1.8227190126348733e-06
    7.400000   0.89070068 -1.7568657607322195e-06
    7.400000   0.95547037 -1.6953605479490998e-06
    7.400000   1.02024053 -1.6388612545071757e-06
    7.400000   1.08501108 -1.5878722107244373e-06
    7.400000   1.14978193 -1.5427661073978643e-06
    7.400000   1.21455301 -1.5038072521736802e-06
    7.400000   1.27932429 -1.4711744117359370e-06
    7.400000   1.34409571 -1.4449819277459645e-06
    7.400000   1.40886724 -1.4252981897606767e-06
    7.400000   1.47363885 -1.4121608674314301e-06
    7.400000   1.53841049 -1.4055885414737544e-06
    7.400000   1.60318216 -1.4055885349765410e-06
    7.400000   1.66795381 -1.4121608479727555e-06
    7.400000   1.73272541 -1.4252981574345905e-06
    7.400000   1.79749694 -1.4449818827075748e-06
    7.400000   1.86226837 -1.4711743542050717e-06
    7.400000   1.92703964 -1.5038071824315956e-06
    7.400000   1.99181073 -1.5427660257888646e-06
    7.400000   2.05658157 -1.5878721176549505e-06
    7.400000   2.12135212 -1.6388611504413889e-06
    7.400000   2.18612229 -1.6953604334114302e-06
    7.400000   2.25089198 -1.7568656362996234e-06
    7.400000   2.31566107 -1.8227188789344317e-06
    7.400000   2.38042940 -1.8920903815510513e-06
    7.400000   2.44519674 -1.9639662792194691e-06
    7.400000   2.50996278 -2.0371454304170428e-06
    7.400000   2.57472706 -2.1102480033150169e-06
    7.400000   2.63948889 -2.1817381964430188e-06
    7.400000   2.70424717 -2.2499625668173601e-06
    7.400000   2.76900006 -2.3132040849720852e-06
    7.400000   2.83374417 -2.3697502926492099e-06
    7.400000   2.89847256 -2.4179719954725607e-06
    7.400000   2.96316844 -2.4564070887374737e-06
    7.400000   3.02777863 -2.4838429303655463e-06
    7.400000   3.09200950 -2.4993937538164642e-06
    7.500000   0.04958315 -2.2192285335519757e-06
    7.500000   0.11381403 -2.2055023321049227e-06
    7.500000   0.17842421 -2.1812776879321884e-06
    7.500000   0.24312010 -2.1473240201702575e-06
    7.500000   0.30784849 -2.1046961466618315e-06
    7.500000   0.37259260 -2.0546681145702494e-06
    7.500000   0.43734549 -1.9986627209074767e-06
    7.500000   0.50210377 -1.9381795082717186e-06
    7.500000   0.56686560 -1.8747268071755249e-06
    7.500000   0.63162987 -1.8097624526556026e-06
    7.500000   0.69639591 -1.7446462930565821e-06
    7.500000   0.76116325 -1.6806059891941165e-06
    7.500000   0.82593158 -1.6187161301428664e-06
    7.500000   0.89070068 -1.5598895305157262e-06
    7.500000   0.95547037 -1.5048787956500110e-06
    7.500000   1.02024053 -1.4542858417508339e-06
    7.500000   1.08501108 -1.4085769801098097e-06
    7.500000   1.14978193 -1.3681013328864192e-06
    7.500000   1.21455301 -1.3331106521123637e-06
    7.500000   1.27932429 -1.3037789832553838e-06
    7.500000   1.34409571 -1.2802209882082631e-06
    7.500000   1.40886724 -1.2625080790338355e-06
    7.500000   1.47363885 -1.2506817912975617e-06
    7.500000   1.53841049 -1.2447640375409237e-06
    7.500000   1.60318216 -1.2447640315171744e-06
    7.500000   1.66795381 -1.2506817732516298e-06
    7.500000   1.73272541 -1.2625080490471694e-06
    7.500000   1.79749694 -1.2802209464149430e-06
    7.500000   1.86226837 -1.3037789298442869e-06
    7.500000   1.92703964 -1.3331105873275457e-06
    7.500000   1.99181073 -1.3681012570269389e-06
    7.500000   2.05658157 -1.4085768935291187e-06
    7.500000   2.12135212 -1.4542857448558056e-06
    7.500000   2.18612229 -1.5048786889029727e-06
    7.500000   2.25089198 -1.5598894144296918e-06
    7.500000   2.31566107 -1.6187160052776981e-06
    7.500000   2.38042940 -1.6806058561509742e-06
    7.500000   2.44519674 -1.7446461524760765e-06
    7.500000   2.50996278 -1.8097623052056280e-06
    7.500000   2.57472706 -1.8747266535466143e-06
    7.500000   2.63948889 -1.9381793491654711e-06
    7.500000   2.70424717 -1.9986625570330233e-06
    7.500000   2.76900006 -2.0546679466281969e-06
    7.500000   2.83374417 -2.1046959753428695e-06
    7.500000   2.89847256 -2.1473238461519696e-06
    7.500000   2.96316844 -2.1812775118715584e-06
    7.500000   3.02777863 -2.2055021546440744e-06
    7.500000   3.09200950 -2.2192283553172595e-06
    7.600000   0.04958315 -1.9706030232329081e-06
    7.600000   0.11381403 -1.9584675328707744e-06
    7.600000   0.17842421 -1.9370437876570955e-06
    7.600000   0.24312010 -1.9070019096705866e-06
    7.600000   0.30784849 -1.8692617836059017e-06
    7.600000   0.37259260 -1.8249363089922708e-06
    7.600000   0.43734549 -1.7752709011562812e-06
    7.600000   0.50210377 -1.7215814525047904e-06
    7.600000   0.56686560 -1.6651954832958970e-06
    7.600000   0.63162987 -1.6074004575975554e-06
    7.600000   0.69639591 -1.5494019931857529e-06
    7.600000   0.76116325 -1.4922933394000314e-06
    7.600000   0.82593158 -1.4370362506975585e-06
    7.600000   0.89070068 -1.3844523847482625e-06
    7.600000   0.95547037 -1.3352236680543863e-06
    7.600000   1.02024053 -1.2898997016538696e-06
    7.600000   1.08501108 -1.2489101813530020e-06
    7.600000   1.14978193 -1.2125804135578498e-06
    7.600000   1.21455301 -1.1811482450994944e-06
    7.600000   1.27932429 -1.1547810264947093e-06
    7.600000   1.34409571 -1.1335915401064329e-06
    7.600000   1.40886724 -1.1176521116091253e-06
    7.600000   1.47363885 -1.1070063647787534e-06
    7.600000   1.53841049 -1.1016782684866527e-06
    7.600000   1.60318216 -1.1016782629217431e-06
    7.600000   1.66795381 -1.1070063481089133e-06
    7.600000   1.73272541 -1.1176520839012719e-06
    7.600000   1.79749694 -1.1335915014775053e-06
    7.600000   1.86226837 -1.1547809771064132e-06
    7.600000   1.92703964 -1.1811481851628266e-06
    7.600000   1.99181073 -1.2125803433324227e-06
    7.600000   2.05658157 -1.2489101011468047e-06
    7.600000   2.12135212 -1.2898996118254214e-06
    7.600000   2.18612229 -1.3352235690091039e-06
    7.600000   2.25089198 -1.3844522769402016e-06
    7.600000   2.31566107 -1.4370361346251516e-06
    7.600000   2.38042940 -1.4922932156029167e-06
    7.600000   2.44519674 -1.5494018622430008e-06
    7.600000   2.50996278 -1.6074003201165976e-06
    7.600000   2.57472706 -1.6651953399088444e-06
    7.600000   2.63948889 -1.7215813038595980e-06
    7.600000   2.70424717 -1.7752707479128119e-06
    7.600000   2.76900006 -1.8249361518081874e-06
    7.600000   2.83374417 -1.8692616231378115e-06
    7.600000   2.89847256 -1.9070017465662874e-06
    7.600000   2.96316844 -1.9370436225518740e-06
    7.600000   3.02777863 -1.9584673663891252e-06
    7.600000   3.09200950 -1.9706028559899957e-06
    7.700000   0.04958315 -1.7498474798443607e-06
    7.700000   0.11381403 -1.7391027668263739e-06
    7.700000   0.17842421 -1.7201290037958922e-06
    7.700000   0.24312010 -1.6935112518944401e-06
    7.700000   0.30784849 -1.6600536109652924e-06
    7.700000   0.37259260 -1.6207303980169241e-06
    7.700000   0.43734549 -1.5766340557866446e-06
    7.700000   0.50210377 -1.5289215467747877e-06
    7.700000   0.56686560 -1.4787632601341858e-06
    7.700000   0.63162987 -1.4272978562907808e-06
    7.700000   0.69639591 -1.3755954406622571e-06
    7.700000   0.76116325 -1.3246303208912719e-06
    7.700000   0.82593158 -1.2752635435378493e-06
    7.700000   0.89070068 -1.2282345451471322e-06
    7.700000   0.95547037 -1.1841606481342230e-06
    7.700000   1.02024053 -1.1435427906686215e-06
    7.700000   1.08501108 -1.1067757698516292e-06
    7.700000   1.14978193 -1.0741613450295863e-06
    7.700000   1.21455301 -1.0459227326631896e-06
    7.700000   1.27932429 -1.0222192696398377e-06
    7.700000   1.34409571 -1.0031602830629644e-06
    7.700000   1.40886724 -9.8881744977458351e-07
    7.700000   1.47363885 -9.7923513945677688e-07
    7.700000   1.53841049 -9.7443840348568129e-07
    7.700000   1.60318216 -9.7443839836224433e-07
    7.700000   1.66795381 -9.7923512410915652e-07
    7.700000   1.73272541 -9.8881742425889801e-07
    7.700000   1.79749694 -1.0031602474805572e-06
    7.700000   1.86226837 -1.0222192241314349e-06
    7.700000   1.92703964 -1.0459226774093761e-06
    7.700000   1.99181073 -1.0741612802550157e-06
    7.700000   2.05658157 -1.1067756958251850e-06
    7.700000   2.12135212 -1.1435427077026051e-06
    7.700000   2.18612229 -1.1841605565876377e-06
    7.700000   2.25089198 -1.2282344454205528e-06
    7.700000   2.31566107 -1.2752634360745468e-06
    7.700000   2.38042940 -1.3246302061773679e-06
    7.700000   2.44519674 -1.3755953192165663e-06
    7.700000   2.50996278 -1.4272977286651139e-06
    7.700000   2.57472706 -1.4787631269059443e-06
    7.700000   2.63948889 -1.5289214085411546e-06
    7.700000   2.70424717 -1.5766339131580470e-06
    7.700000   2.76900006 -1.6207302516098408e-06
    7.700000   2.83374417 -1.6600534613973574e-06
    7.700000   2.89847256 -1.6935110997806877e-06
    7.700000   2.96316844 -1.7201288497447893e-06
    7.700000   3.02777863 -1.7391026114404618e-06
    7.700000   3.09200950 -1.7498473237176756e-06
    7.800000   0.04958315 -1.5537529807568798e-06
    7.800000   0.11381403 -1.5442274311882934e-06
    7.800000   0.17842421 -1.5274022578391765e-06
    7.800000   0.24312010 -1.5037893975446202e-06
    7.800000   0.30784849 -1.4740932505736273e-06
    7.800000   0.37259260 -1.4391685533325977e-06
    7.800000   0.43734549 -1.3999753965918652e-06
    7.800000   0.50210377 -1.3575327815506899e-06
    7.800000   0.56686560 -1.3128741542800541e-06
    7.800000   0.63162987 -1.2670078764940374e-06
    7.800000   0.69639591 -1.2208847310071242e-06
    7.800000   0.76116325 -1.1753736028615794e-06
    7.800000   0.82593158 -1.1312455755202425e-06
    7.800000   0.89070068 -1.0891659376638634e-06
    7.800000   0.95547037 -1.0496930632338758e-06
    7.800000   1.02024053 -1.0132828147401347e-06
    7.800000   1.08501108 -9.8029700414801593e-07
    7.800000   1.14978193 -9.5101448410847994e-07
    7.800000   1.21455301 -9.2564358522522638e-07
    7.800000   1.27932429 -9.0433481540548520e-07
    7.800000   1.34409571 -8.8719295640091046e-07
    7.800000   1.40886724 -8.7428790259749639e-07
    7.800000   1.47363885 -8.6566377085086429e-07
    7.800000   1.53841049 -8.6134596012920966e-07
    7.800000   1.60318216 -8.6134595542844309e-07
    7.800000   1.66795381 -8.6566375676239197e-07
    7.800000   1.73272541 -8.7428787917286842e-07
    7.800000   1.79749694 -8.8719292372500822e-07
    7.800000   1.86226837 -9.0433477359912589e-07
    7.800000   1.92703964 -9.2564353444475882e-07
    7.800000   1.99181073 -9.5101442454980114e-07
    7.800000   2.05658157 -9.8029693604435537e-07
    7.800000   2.12135212 -1.0132827383660554e-06
    7.800000   2.18612229 -1.0496929789032444e-06
    7.800000   2.25089198 -1.0891658457308096e-06
    7.800000   2.31566107 -1.1312454763803484e-06
    7.800000   2.38042940 -1.1753734969486176e-06
    7.800000   2.44519674 -1.2208846187882829e-06
    7.800000   2.50996278 -1.2670077584705495e-06
    7.800000   2.57472706 -1.3128740309766548e-06
    7.800000   2.63948889 -1.3575326535155056e-06
    7.800000   2.70424717 -1.3999752643884993e-06
    7.800000   2.76900006 -1.4391684175345759e-06
    7.800000   2.83374417 -1.4740931117602854e-06
    7.800000   2.89847256 -1.5037892562952908e-06
    7.800000   2.96316844 -1.5274021147323515e-06
    7.800000   3.02777863 -1.5442272867983115e-06
    7.800000   3.09200950 -1.5537528356562222e-06
    7.900000   0.04958315 -1.3795058661156621e-06
    7.900000   0.11381403 -1.3710515808405269e-06
    7.900000   0.17842421 -1.3561151014730601e-06
    7.900000   0.24312010 -1.3351452914031398e-06
    7.900000   0.30784849 -1.3087604205632971e-06
    7.900000   0.37259260 -1.2777117133754500e-06
    7.900000   0.43734549 -1.2428444013945156e-06
    7.900000   0.50210377 -1.2050573838987653e-06
    7.900000   0.56686560 -1.1652644444227409e-06
    7.900000   0.63162987 -1.1243595841013351e-06
    7.900000   0.69639591 -1.0831883152922123e-06
    7.900000   0.76116325 -1.0425259501538064e-06
    7.900000   0.82593158 -1.0030631486622658e-06
    7.900000   0.89070068 -9.6539834668170020e-07
    7.900000   0.95547037 -9.3003621465310175e-07
    7.900000   1.02024053 -8.9739101235735577e-07
    7.900000   1.08501108 -8.6779358810758558e-07
    7.900000   1.14978193 -8.4150078763225261e-07
    7.900000   1.21455301 -8.1870614804766144e-07
    7.900000   1.27932429 -7.9955091600129953e-07
    7.900000   1.34409571 -7.8413461323637802e-07
    7.900000   1.40886724 -7.7252455287583835e-07
    7.900000   1.47363885 -7.6476387024428079e-07
    7.900000   1.53841049 -7.6087776556950262e-07
    7.900000   1.60318216 -7.6087776126506795e-07
    7.900000   1.66795381 -7.6476385734587896e-07
    7.900000   1.73272541 -7.7252453142622122e-07
    7.900000   1.79749694 -7.8413458330942624e-07
    7.900000   1.86226837 -7.9955087770021550e-07
    7.900000   1.92703964 -8.1870610150804760e-07
    7.900000   1.99181073 -8.4150073302255185e-07
    7.900000   2.05658157 -8.6779352563065424e-07
    7.900000   2.12135212 -8.9739094225371394e-07
    7.900000   2.18612229 -9.3003613719781057e-07
    7.900000   2.25089198 -9.6539826219042142e-07
    7.900000   2.31566107 -1.0030630574858224e-06
    7.900000   2.38042940 -1.0425258526785820e-06
    7.900000   2.44519674 -1.0831882119384733e-06
    7.900000   2.50996278 -1.1243594753216744e-06
    7.900000   2.57472706 -1.1652643306964196e-06
    7.900000   2.63948889 -1.2050572657265622e-06
    7.900000   2.70424717 -1.2428442792947821e-06
    7.900000   2.76900006 -1.2777115878800059e-06
    7.900000   2.83374417 -1.3087602922113119e-06
    7.900000   2.89847256 -1.3351451607390791e-06
    7.900000   2.96316844 -1.3561149690429958e-06
    7.900000   3.02777863 -1.3710514471881347e-06
    7.900000   3.09200950 -1.3795057317849677e-06
    8.000000   0.04958315 -1.2246328864634312e-06
    8.000000   0.11381403 -1.2171219195863956e-06
    8.000000   0.17842421 -1.2038491753788999e-06
    8.000000   0.24312010 -1.1852089421671094e-06
    8.000000   0.30784849 -1.1617448539220610e-06
    8.000000   0.37259260 -1.1341182672372488e-06
    8.000000   0.43734549 -1.1030744541662496e-06
    8.000000   0.50210377 -1.0694074837979790e-06
    8.000000   0.56686560 -1.0339263257618325e-06
    8.000000   0.63162987 -9.9742439775697625e-07
    8.000000   0.69639591 -9.6065417848925553e-07
    8.000000   0.76116325 -9.2430782191649439e-07
    8.000000   0.82593158 -8.8900404904083456e-07
    8.000000   0.89070068 -8.5528103498251800e-07
    8.000000   0.95547037 -8.2359459435979759e-07
    8.000000   1.02024053 -7.9432070886547583e-07
    8.000000   1.08501108 -7.6776132554149660e-07
    8.000000   1.14978193 -7.4415235550896100e-07
    8.000000   1.21455301 -7.2367288713586510e-07
    8.000000   1.27932429 -7.0645476160054735e-07
    8.000000   1.34409571 -6.9259181388112570e-07
    8.000000   1.40886724 -6.8214823690941413e-07
    8.000000   1.47363885 -6.7516566701160317e-07
    8.000000   1.53841049 -6.7166870757942342e-07
    8.000000   1.60318216 -6.7166870364865067e-07
    8.000000   1.66795381 -6.7516565523070831e-07
    8.000000   1.73272541 -6.8214821731569034e-07
    8.000000   1.79749694 -6.9259178653668844e-07
    8.000000   1.86226837 -7.0645472659448628e-07
    8.000000   1.92703964 -7.2367284458540810e-07
    8.000000   1.99181073 -7.4415230556037773e-07
    8.000000   2.05658157 -7.6776126837145961e-07
    8.000000   2.12135212 -7.9432064468243188e-07
    8.000000   2.18612229 -8.2359452340838907e-07
    8.000000   2.25089198 -8.5528095753893334e-07
    8.000000   2.31566107 -8.8900396541764671e-07
    8.000000   2.38042940 -9.2430773245935611e-07
    8.000000   2.44519674 -9.6065408357569902e-07
    8.000000   2.50996278 -9.9742429779478511e-07
    8.000000   2.57472706 -1.0339262211857955e-06
    8.000000   2.63948889 -1.0694073750664538e-06
    8.000000   2.70424717 -1.1030743417546814e-06
    8.000000   2.76900006 -1.1341181516367824e-06
    8.000000   2.83374417 -1.1617447356336404e-06
    8.000000   2.89847256 -1.1852088216982205e-06
    8.000000   2.96316844 -1.2038490532411191e-06
    8.000000   3.02777863 -1.2171217962929203e-06
    8.000000   3.09200950 -1.2246327625270829e-06
    8.100000   0.04958315 -1.0869552086761454e-06
    8.100000   0.11381403 -1.0802764829631085e-06
    8.100000   0.17842421 -1.0684720698355129e-06
    8.100000   0.24312010 -1.0518888976532175e-06
    8.100000   0.30784849 -1.0310057406924620e-06
    8.100000   0.37259260 -1.0064057196513047e-06
    8.100000   0.43734549 -9.7874688799657215e-07
    8.100000   0.50210377 -9.4873159347795269e-07
    8.100000   0.56686560 -9.1707679734724982e-07
    8.100000   0.63162987 -8.8448728353630536e-07
    8.100000   0.69639591 -8.5163318532735592e-07
    8.100000   0.76116325 -8.1913267433768458e-07
    8.100000   0.82593158 -7.8754009014712256e-07
    8.100000   0.89070068 -7.5733930359039455e-07
    8.100000   0.95547037 -7.2894174063116790e-07
    8.100000   1.02024053 -7.0268825895623713e-07
    8.100000   1.08501108 -6.7885395786202472e-07
    8.100000   1.14978193 -6.5765499202765527e-07
    8.100000   1.21455301 -6.3925652373926718e-07
    8.100000   1.27932429 -6.2378105779866415e-07
    8.100000   1.34409571 -6.1131653423732606e-07
    8.100000   1.40886724 -6.0192368713036871e-07
    8.100000   1.47363885 -5.9564230064736037e-07
    8.100000   1.53841049 -5.9249609924663289e-07
    8.100000   1.60318216 -5.9249609566390767e-07
    8.100000   1.66795381 -5.9564228990955017e-07
    8.100000   1.73272541 -6.0192366926842284e-07
    8.100000   1.79749694 -6.1131650930486827e-07
    8.100000   1.86226837 -6.2378102587195907e-07
    8.100000   1.92703964 -6.3925648492014552e-07
    8.100000   1.99181073 -6.5765494644266017e-07
    8.100000   2.05658157 -6.7885390566438919e-07
    8.100000   2.12135212 -7.0268820032919209e-07
    8.100000   2.18612229 -7.2894167578754974e-07
    8.100000   2.25089198 -7.5733923277650067e-07
    8.100000   2.31566107 -7.8754001363991377e-07
    8.100000   2.38042940 -8.1913259244575382e-07
    8.100000   2.44519674 -8.5163309838834229e-07
    8.100000   2.50996278 -8.8448719191833690e-07
    8.100000   2.57472706 -9.1707670144409615e-07
    8.100000   2.63948889 -9.4873149370840660e-07
    8.100000   2.70424717 -9.7874678479480207e-07
    8.100000   2.76900006 -1.0064056134694379e-06
    8.100000   2.83374417 -1.0310056319945699e-06
    8.100000   2.89847256 -1.0518887869101263e-06
    8.100000   2.96316844 -1.0684719575267677e-06
    8.100000   3.02777863 -1.0802763695679508e-06
    8.100000   3.09200950 -1.0869550946769708e-06
    8.200000   0.04958315 -9.6454964795628562e-07
    8.200000   0.11381403 -9.5860641442244412e-07
    8.200000   0.17842421 -9.4810004805744560e-07
    8.200000   0.24312010 -9.3333626712574085e-07
    8.200000   0.30784849 -9.1473733377861726e-07
    8.200000   0.37259260 -8.9281808748864337e-07
    8.200000   0.43734549 -8.6816029900421228e-07
    8.200000   0.50210377 -8.4138588780404386e-07
    8.200000   0.56686560 -8.1313088823526459e-07
    8.200000   0.63162987 -7.8402184784539402e-07
    8.200000   0.69639591 -7.5465591598257327e-07
    8.200000   0.76116325 -7.2558538399676795e-07
    8.200000   0.82593158 -6.9730695063026566e-07
    8.200000   0.89070068 -6.7025556378154726e-07
    8.200000   0.95547037 -6.4480236648798856e-07
    8.200000   1.02024053 -6.2125606276383404e-07
    8.200000   1.08501108 -5.9986691258095333e-07
    8.200000   1.14978193 -5.8083254752725781e-07
    8.200000   1.21455301 -5.6430484670583197e-07
    8.200000   1.27932429 -5.5039720233069201e-07
    8.200000   1.34409571 -5.3919161516006682e-07
    8.200000   1.40886724 -5.3074517470036329e-07
    8.200000   1.47363885 -5.2509558675872885e-07
    8.200000   1.53841049 -5.2226550501529072e-07
    8.200000   1.60318216 -5.2226550175576659e-07
    8.200000   1.66795381 -5.2509557698862224e-07
    8.200000   1.73272541 -5.3074515844677830e-07
    8.200000   1.79749694 -5.3919159247019980e-07
    8.200000   1.86226837 -5.5039717326854933e-07
    8.200000   1.92703964 -5.6430481135890705e-07
    8.200000   1.99181073 -5.8083250600538383e-07
    8.200000   2.05658157 -5.9986686501736825e-07
    8.200000   2.12135212 -6.2125600931982140e-07
    8.200000   2.18612229 -6.4480230735084958e-07
    8.200000   2.25089198 -6.7025549916804594e-07
    8.200000   2.31566107 -6.9730688078502807e-07
    8.200000   2.38042940 -7.2558530919540526e-07
    8.200000   2.44519674 -7.5465583652907292e-07
    8.200000   2.50996278 -7.8402176407097744e-07
    8.200000   2.57472706 -8.1313080049606952e-07
    8.200000   2.63948889 -8.4138579648036767e-07
    8.200000   2.70424717 -8.6816020449438186e-07
    8.200000   2.76900006 -8.9281799020748229e-07
    8.200000   2.83374417 -9.1473723415209712e-07
    8.200000   2.89847256 -9.3333616559219443e-07
    8.200000   2.96316844 -9.4809994505976345e-07
    8.200000   3.02777863 -9.5860631040859116e-07
    8.200000   3.09200950 -9.6454954337815349e-07
    8.300000   0.04958315 -8.5571581729331248e-07
    8.300000   0.11381403 -8.5042355339259060e-07
    8.300000   0.17842421 -8.4106639788741996e-07
    8.300000   0.24312010 -8.2791412080294332e-07
    8.300000   0.30784849 -8.1133962656410830e-07
    8.300000   0.37259260 -7.9179802398291547e-07
    8.300000   0.43734549 -7.6980422107947560e-07
    8.300000   0.50210377 -7.4590947106846131e-07
    8.300000   0.56686560 -7.2067850166375988e-07
    8.300000   0.63162987 -6.9466869714707875e-07
    8.300000   0.69639591 -6.6841244299467572e-07
    8.300000   0.76116325 -6.4240331811347282e-07
    8.300000   0.82593158 -6.1708639890800522e-07
    8.300000   0.89070068 -5.9285257110402600e-07
    8.300000   0.95547037 -5.7003645955361741e-07
    8.300000   1.02024053 -5.4891739486592924e-07
    8.300000   1.08501108 -5.2972273537070088e-07
    8.300000   1.14978193 -5.1263284004552261e-07
    8.300000   1.21455301 -4.9778702355665572e-07
    8.300000   1.27932429 -4.8528989833418279e-07
    8.300000   1.34409571 -4.7521760233383307e-07
    8.300000   1.40886724 -4.6762351030914127e-07
    8.300000   1.47363885 -4.6254312076878791e-07
    8.300000   1.53841049 -4.5999789452072894e-07
    8.300000   1.60318216 -4.5999789155967820e-07
    8.300000   1.66795381 -4.6254311189451986e-07
    8.300000   1.73272541 -4.6762349554444978e-07
    8.300000   1.79749694 -4.7521758171839363e-07
    8.300000   1.86226837 -4.8528987192360847e-07
    8.300000   1.92703964 -4.9778699142684611e-07
    8.300000   1.99181073 -5.1263280229034495e-07
    8.300000   2.05658157 -5.2972269210860956e-07
    8.300000   2.12135212 -5.4891734623612693e-07
    8.300000   2.18612229 -5.7003640571983546e-07
    8.300000   2.25089198 -5.9285251225839193e-07
    8.300000   2.31566107 -6.1708633526897814e-07
    8.300000   2.38042940 -6.4240324992549479e-07
    8.300000   2.44519674 -6.6841237053052247e-07
    8.300000   2.50996278 -6.9466862070462530e-07
    8.300000   2.57472706 -7.2067842156561727e-07
    8.300000   2.63948889 -7.4590938765877457e-07
    8.300000   2.70424717 -7.6980413472164961e-07
    8.300000   2.76900006 -7.9179793505712529e-07
    8.300000   2.83374417 -8.1133953546175992e-07
    8.300000   2.89847256 -8.2791402792913077e-07
    8.300000   2.96316844 -8.4106630365190857e-07
    8.300000   3.02777863 -8.5042345821194258e-07
    8.300000   3.09200950 -8.5571572158626526e-07
    8.400000   0.04958315 -7.5894814457536428e-07
    8.400000   0.11381403 -7.5423280693610853e-07
    8.400000   0.17842421 -7.4589442094898311e-07
    8.400000   0.24312010 -7.3417132678493745e-07
    8.400000   0.30784849 -7.1939322474580831e-07
    8.400000   0.37259260 -7.0196286298814649e-07
    8.400000   0.43734549 -6.8233642824258179e-07
    8.400000   0.50210377 -6.6100297287725951e-07
    8.400000   0.56686560 -6.3846429447300159e-07
    8.400000   0.63162987 -6.1521655271986457e-07
    8.400000   0.69639591 -5.9173460337867120e-07
    8.400000   0.76116325 -5.6845966504889058e-07
    8.400000   0.82593158 -5.4579057047817892e-07
    8.400000   0.89070068 -5.2407853262166441e-07
    8.400000   0.95547037 -5.0362510305261773e-07
    8.400000   1.02024053 -4.8468282804513845e-07
    8.400000   1.08501108 -4.6745801379187980e-07
    8.400000   1.14978193 -4.5211498616081659e-07
    8.400000   1.21455301 -4.3878125615363867e-07
    8.400000   1.27932429 -4.2755306280161602e-07
    8.400000   1.34409571 -4.1850084482189003e-07
    8.400000   1.40886724 -4.1167427803873348e-07
    8.400000   1.47363885 -4.0710659847608561e-07
    8.400000   1.53841049 -4.0481800542530584e-07
    8.400000   1.60318216 -4.0481800274059558e-07
    8.400000   1.66795381 -4.0710659042742766e-07
    8.400000   1.73272541 -4.1167426464646348e-07
    8.400000   1.79749694 -4.1850082611957297e-07
    8.400000   1.86226837 -4.2755303883888491e-07
    8.400000   1.92703964 -4.3878122699309321e-07
    8.400000   1.99181073 -4.5211495188605089e-07
    8.400000   2.05658157 -4.6745797450417756e-07
    8.400000   2.12135212 -4.8468278386715867e-07
    8.400000   2.18612229 -5.0362505412914751e-07
    8.400000   2.25089198 -5.2407847912112619e-07
    8.400000   2.31566107 -5.4579051259462276e-07
    8.400000   2.38042940 -5.6845960300047025e-07
    8.400000   2.44519674 -5.9173453741021722e-07
    8.400000   2.50996278 -6.1521648309821064e-07
    8.400000   2.57472706 -6.3846422149001907e-07
    8.400000   2.63948889 -6.6100289684431972e-07
    8.400000   2.70424717 -6.8233634949087735e-07
    8.400000   2.76900006 -7.0196278186482498e-07
    8.400000   2.83374417 -7.1939314161079911e-07
    8.400000   2.89847256 -7.3417124200900054e-07
    8.400000   2.96316844 -7.4589433491190309e-07
    8.400000   3.02777863 -7.5423272002256995e-07
    8.400000   3.09200950 -7.5894805717356573e-07
    8.500000   0.04958315 -6.7291191372765293e-07
    8.500000   0.11381403 -6.6870847846758039e-07
    8.500000   0.17842421 -6.6127426243983514e-07
    8.500000   0.24312010 -6.5082006919217953e-07
    8.500000   0.30784849 -6.3763770545201481e-07
    8.500000   0.37259260 -6.2208393186012605e-07
    8.500000   0.43734549 -6.0456327228076100e-07
    8.500000   0.50210377 -5.8550994095549351e-07
    8.500000   0.56686560 -5.6537011877191843e-07
    8.500000   0.63162987 -5.4458570374302372e-07
    8.500000   0.69639591 -5.2358040134593281e-07
    8.500000   0.76116325 -5.0274870754297771e-07
    8.500000   0.82593158 -4.8244802193933927e-07
    8.500000   0.89070068 -4.6299384729132419e-07
    8.500000   0.95547037 -4.4465780826538172e-07
    8.500000   1.02024053 -4.2766806737492870e-07
    8.500000   1.08501108 -4.1221162890768203e-07
    8.500000   1.14978193 -3.9843799381310323e-07
    8.500000   1.21455301 -3.8646364670665065e-07
    8.500000   1.27932429 -3.7637690595580504e-07
    8.500000   1.34409571 -3.6824273540926688e-07
    8.500000   1.40886724 -3.6210719061009864e-07
    8.500000   1.47363885 -3.5800124508177528e-07
    8.500000   1.53841049 -3.5594380848542250e-07
    8.500000   1.60318216 -3.5594380605313632e-07
    8.500000   1.66795381 -3.5800123779141352e-07
    8.500000   1.73272541 -3.6210717847926954e-07
    8.500000   1.79749694 -3.6824271846633603e-07
    8.500000   1.86226837 -3.7637688424218076e-07
    8.500000   1.92703964 -3.8646362027833808e-07
    8.500000   1.99181073 -3.9843796274143693e-07
    8.500000   2.05658157 -4.1221159328090865e-07
    8.500000   2.12135212 -4.2766802729951499e-07
    8.500000   2.18612229 -4.4465776387065103e-07
    8.500000   2.25089198 -4.6299379872481542e-07
    8.500000   2.31566107 -4.8244796937373579e-07
    8.500000   2.38042940 -5.0274865117283459e-07
    8.500000   2.44519674 -5.2358034138943663e-07
    8.500000   2.50996278 -5.4458564044039873e-07
    8.500000   2.57472706 -5.6537005238508862e-07
    8.500000   2.63948889 -5.8550987176816599e-07
    8.500000   2.70424717 -6.0456320059382899e-07
    8.500000   2.76900006 -6.2208385798918841e-07
    8.500000   2.83374417 -6.3763762972698907e-07
    8.500000   2.89847256 -6.5081999195396627e-07
    8.500000   2.96316844 -6.6127418403676036e-07
    8.500000   3.02777863 -6.6870839925513461e-07
    8.500000   3.09200950 -6.7291183406362784e-07
    8.600000   0.04958315 -5.9642265043319861e-07
    8.600000   0.11381403 -5.9267388762927263e-07
    8.600000   0.17842421 -5.8604293915864365e-07
    8.600000   0.24312010 -5.7671643728095790e-07
    8.600000   0.30784849 -5.6495289250362397e-07
    8.600000   0.37259260 -5.5106860577786915e-07
    8.600000   0.43734549 -5.3542257531340773e-07
    8.600000   0.50210377 -5.1840059831060945e-07
    8.600000   0.56686560 -5.0039964014857082e-07
    8.600000   0.63162987 -4.8181345765445312e-07
    8.600000   0.69639591 -4.6302024185578301e-07
    8.600000   0.76116325 -4.4437277615735862e-07
    8.600000   0.82593158 -4.2619133202630841e-07
    8.600000   0.89070068 -4.0875927811301864e-07
    8.600000   0.95547037 -3.9232118106839220e-07
    8.600000   1.02024053 -3.7708303718618265e-07
    8.600000   1.08501108 -3.6321419354684516e-07
    8.600000   1.14978193 -3.5085048878778285e-07
    8.600000   1.21455301 -3.4009815599939100e-07
    8.600000   1.27932429 -3.3103807115774376e-07
    8.600000   1.34409571 -3.2372998809043401e-07
    8.600000   1.40886724 -3.1821646539215660e-07
    8.600000   1.47363885 -3.1452625461176252e-07
    8.600000   1.53841049 -3.1267697798905508e-07
    8.600000   1.60318216 -3.1267697578968623e-07
    8.600000   1.66795381 -3.1452624801652624e-07
    8.600000   1.73272541 -3.1821645441654942e-07
    8.600000   1.79749694 -3.2372997275897890e-07
    8.600000   1.86226837 -3.3103805150567200e-07
    8.600000   1.92703964 -3.4009813207730857e-07
    8.600000   1.99181073 -3.5085046065521304e-07
    8.600000   2.05658157 -3.6321416128114108e-07
    8.600000   2.12135212 -3.7708300088155554e-07
    8.600000   2.18612229 -3.9232114083747917e-07
    8.600000   2.25089198 -4.0875923408666072e-07
    8.600000   2.31566107 -4.2619128435752126e-07
    8.600000   2.38042940 -4.4437272501876272e-07
    8.600000   2.44519674 -4.6302018744390314e-07
    8.600000   2.50996278 -4.8181340018268510e-07
    8.600000   2.57472706 -5.0039957985607287e-07
    8.600000   2.63948889 -5.1840053545271541e-07
    8.600000   2.70424717 -5.3542251016229978e-07
    8.600000   2.76900006 -5.5106853862132430e-07
    8.600000   2.83374417 -5.6495282364398492e-07
    8.600000   2.89847256 -5.7671636702849694e-07
    8.600000   2.96316844 -5.8604286783396084e-07
    8.600000   3.02777863 -5.9267381555855623e-07
    8.600000   3.09200950 -5.9642257794606017e-07
    8.700000   0.04958315 -5.2842830340808953e-07
    8.700000   0.11381403 -5.2508374301865194e-07
    8.700000   0.17842421 -5.1916704611614202e-07
    8.700000   0.24312010 -5.1084359137541706e-07
    8.700000   0.30784849 -5.0034258461152676e-07
    8.700000   0.37259260 -4.8794467517475357e-07
    8.700000   0.43734549 -4.7396868609066535e-07
    8.700000   0.50210377 -4.5875761134321852e-07
    8.700000   0.56686560 -4.4266481618695210e-07
    8.700000   0.63162987 -4.2604130684792651e-07
    8.700000   0.69639591 -4.0922474680080937e-07
    8.700000   0.76116325 -3.9253066420974077e-07
    8.700000   0.82593158 -3.7624605694248015e-07
    8.700000   0.89070068 -3.6062538573745881e-07
    8.700000   0.95547037 -3.4588877115744127e-07
    8.700000   1.02024053 -3.3222208517765345e-07
    8.700000   1.08501108 -3.1977855422052833e-07
    8.700000   1.14978193 -3.0868146207153399e-07
    8.700000   1.21455301 -2.9902754892541790e-07
    8.700000   1.27932429 -2.9089073651081349e-07
    8.700000   1.34409571 -2.8432585831739729e-07
    8.700000   1.40886724 -2.7937212989474619e-07
    8.700000   1.47363885 -2.7605615043611927e-07
    8.700000   1.53841049 -2.7439427924073663e-07
    8.700000   1.60318216 -2.7439427725236019e-07
    8.700000   1.66795381 -2.7605614447590021e-07
    8.700000   1.73272541 -2.7937211997555569e-07
    8.700000   1.79749694 -2.8432584445987739e-07
    8.700000   1.86226837 -2.9089071874699697e-07
    8.700000   1.92703964 -2.9902752729526629e-07
    8.700000   1.99181073 -3.0868143662915315e-07
    8.700000   2.05658157 -3.1977852503386942e-07
    8.700000   2.12135212 -3.3222205232759409e-07
    8.700000   2.18612229 -3.4588873474456191e-07
    8.700000   2.25089198 -3.6062534587627186e-07
    8.700000   2.31566107 -3.7624601376895376e-07
    8.700000   2.38042940 -3.9253061787692484e-07
    8.700000   2.44519674 -4.0922469748508396e-07
    8.700000   2.50996278 -4.2604125474298196e-07
    8.700000   2.57472706 -4.4266476150561703e-07
    8.700000   2.63948889 -4.5875755431611585e-07
    8.700000   2.70424717 -4.7396862696615849e-07
    8.700000   2.76900006 -4.8794461421257072e-07
    8.700000   2.83374417 -5.0034252208713892e-07
    8.700000   2.89847256 -5.1084352757389253e-07
    8.700000   2.96316844 -5.1916698132968769e-07
    8.700000   3.02777863 -5.2508367754704896e-07
    8.700000   3.09200950 -5.2842823755325814e-07
    8.800000   0.04958315 -4.6799377595741853e-07
    8.800000   0.11381403 -4.6500883099465115e-07
    8.800000   0.17842421 -4.5972771970335338e-07
    8.800000   0.24312010 -4.5229710378775093e-07
    8.800000   0.30784849 -4.4292035920974249e-07
    8.800000   0.37259260 -4.3184667658337907e-07
    8.800000   0.43734549 -4.1935937973374207e-07
    8.800000   0.50210377 -4.0576357859756471e-07
    8.800000   0.56686560 -3.9137397442079449e-07
    8.800000   0.63162987 -3.7650357891347397e-07
    8.800000   0.69639591 -3.6145394687523466e-07
    8.800000   0.76116325 -3.4650732061554346e-07
    8.800000   0.82593158 -3.3192087695522486e-07
    8.800000   0.89070068 -3.1792307819881920e-07
    8.800000   0.95547037 -3.0471197356133280e-07
    8.800000   1.02024053 -2.9245518562498518e-07
    8.800000   1.08501108 -2.8129124868602895e-07
    8.800000   1.14978193 -2.7133193800956509e-07
    8.800000   1.21455301 -2.6266523351478457e-07
    8.800000   1.27932429 -2.5535858904367513e-07
    8.800000   1.34409571 -2.4946222034682216e-07
    8.800000   1.40886724 -2.4501217352144597e-07
    8.800000   1.47363885 -2.4203298516154594e-07
    8.800000   1.53841049 -2.4053979208100080e-07
    8.800000   1.60318216 -2.4053979028667241e-07
    8.800000   1.66795381 -2.4203297978170231e-07
    8.800000   1.73272541 -2.4501216456599743e-07
    8.800000   1.79749694 -2.4946220783519659e-07
    8.800000   1.86226837 -2.5535857300103591e-07
    8.800000   1.92703964 -2.6266521397722547e-07
    8.800000   1.99181073 -2.7133191502457295e-07
    8.800000   2.05658157 -2.8129122231217737e-07
    8.800000   2.12135212 -2.9245515593313894e-07
    8.800000   2.18612229 -3.0471194063893990e-07
    8.800000   2.25089198 -3.1792304214958004e-07
    8.800000   2.31566107 -3.3192083789784549e-07
    8.800000   2.38042940 -3.4650727868815177e-07
    8.800000   2.44519674 -3.6145390223341927e-07
    8.800000   2.50996278 -3.7650353173093487e-07
    8.800000   2.57472706 -3.9137392489060854e-07
    8.800000   2.63948889 -4.0576352692693847e-07
    8.800000   2.70424717 -4.1935932614690628e-07
    8.800000   2.76900006 -4.3184662131777523e-07
    8.800000   2.83374417 -4.4292030251531826e-07
    8.800000   2.89847256 -4.5229704592390200e-07
    8.800000   2.96316844 -4.5972766093691091e-07
    8.800000   3.02777863 -4.6500877160133944e-07
    8.800000   3.09200950 -4.6799371621318001e-07
    8.900000   0.04958315 -4.1428744503245273e-07
    8.900000   0.11381403 -4.1162266449100266e-07
    8.900000   0.17842421 -4.0690751304974414e-07
    8.900000   0.24312010 -4.0027214634830389e-07
    8.900000   0.30784849 -3.9189714299382923e-07
    8.900000   0.37259260 -3.8200389986226478e-07
    8.900000   0.43734549 -3.7084433720089378e-07
    8.900000   0.50210377 -3.5869000021970806e-07
    8.900000   0.56686560 -3.4582127313628725e-07
    8.900000   0.63162987 -3.3251737598590937e-07
    8.900000   0.69639591 -3.1904767530416521e-07
    8.900000   0.76116325 -3.0566466530378639e-07
    8.900000   0.82593158 -2.9259879518405564e-07
    8.900000   0.89070068 -2.8005515173203443e-07
    8.900000   0.95547037 -2.6821186920981350e-07
    8.900000   1.02024053 -2.5722003823309299e-07
    8.900000   1.08501108 -2.4720482357357319e-07
    8.900000   1.14978193 -2.3826747397546924e-07
    8.900000   1.21455301 -2.3048790901251264e-07
    8.900000   1.27932429 -2.2392759072209060e-07
    8.900000   1.34409571 -2.1863242367172748e-07
    8.900000   1.40886724 -2.1463546942004528e-07
    8.900000   1.47363885 -2.1195930495052117e-07
    8.900000   1.53841049 -2.1061789608328484e-07
    8.900000   1.60318216 -2.1061789446521826e-07
    8.900000   1.66795381 -2.1195930009711077e-07
    8.900000   1.73272541 -2.1463546134164915e-07
    8.900000   1.79749694 -2.1863241238276800e-07
    8.900000   1.86226837 -2.2392757624684167e-07
    8.900000   1.92703964 -2.3048789138169218e-07
    8.900000   1.99181073 -2.3826745322940268e-07
    8.900000   2.05658157 -2.4720479976321992e-07
    8.900000   2.12135212 -2.5722001142145973e-07
    8.900000   2.18612229 -2.6821183947358617e-07
    8.900000   2.25089198 -2.8005511916290297e-07
    8.900000   2.31566107 -2.9259875988652576e-07
    8.900000   2.38042940 -3.0566462740211783e-07
    8.900000   2.44519674 -3.1904763493674150e-07
    8.900000   2.50996278 -3.3251733330947612e-07
    8.900000   2.57472706 -3.4582122832233136e-07
    8.900000   2.63948889 -3.5868995345762033e-07
    8.900000   2.70424717 -3.7084428869141811e-07
    8.900000   2.76900006 -3.8200384982146557e-07
    8.900000   2.83374417 -3.9189709164850975e-07
    8.900000   2.89847256 -4.0027209393415075e-07
    8.900000   2.96316844 -4.0690745981170831e-07
    8.900000   3.02777863 -4.1162261067884182e-07
    8.900000   3.09200950 -4.1428739089997054e-07
    9.000000   0.04958315 -3.6656937066858499e-07
    9.000000   0.11381403 -3.6418980008852627e-07
    9.000000   0.17842421 -3.5997890109340583e-07
    9.000000   0.24312010 -3.5405225476913053e-07
    9.000000   0.30784849 -3.4657029480041444e-07
    9.000000   0.37259260 -3.3772983480873274e-07
    9.000000   0.43734549 -3.2775498599623323e-07
    9.000000   0.50210377 -3.1688752849029359e-07
    9.000000   0.56686560 -3.0537736392218877e-07
    9.000000   0.63162987 -2.9347363978318563e-07
    9.000000   0.69639591 -2.8141701625306381e-07
    9.000000   0.76116325 -2.6943339472631485e-07
    9.000000   0.82593158 -2.5772926906356153e-07
    9.000000   0.89070068 -2.4648871424785838e-07
    9.000000   0.95547037 -2.3587190550466735e-07
    9.000000   1.02024053 -2.2601497126593883e-07
    9.000000   1.08501108 -2.1703092698672936e-07
    9.000000   1.14978193 -2.0901141139773663e-07
    9.000000   1.21455301 -2.0202894669687593e-07
    9.000000   1.27932429 -1.9613946288207935e-07
    9.000000   1.34409571 -1.9138485721055288e-07
    9.000000   1.40886724 -1.8779539661538347e-07
    9.000000   1.47363885 -1.8539180934341375e-07
    9.000000   1.53841049 -1.8418694894832157e-07
    9.000000   1.60318216 -1.8418694748877478e-07
    9.000000   1.66795381 -1.8539180496948750e-07
    9.000000   1.73272541 -1.8779538933429154e-07
    9.000000   1.79749694 -1.9138484703506520e-07
    9.000000   1.86226837 -1.9613944983240828e-07
    9.000000   1.92703964 -2.0202893080062057e-07
    9.000000   1.99181073 -2.0901139268945386e-07
    9.000000   2.05658157 -2.1703090550944998e-07
    9.000000   2.12135212 -2.2601494707683875e-07
    9.000000   2.18612229 -2.3587187867154693e-07
    9.000000   2.25089198 -2.4648868484942319e-07
    9.000000   2.31566107 -2.5772923719516137e-07
    9.000000   2.38042940 -2.6943336049675545e-07
    9.000000   2.44519674 -2.8141697978686511e-07
    9.000000   2.50996278 -2.9347360122030001e-07
    9.000000   2.57472706 -3.0537732341739886e-07
    9.000000   2.63948889 -3.1688748621412062e-07
    9.000000   2.70424717 -3.2775494213015364e-07
    9.000000   2.76900006 -3.3772978954851913e-07
    9.000000   2.83374417 -3.4657024835091496e-07
    9.000000   2.89847256 -3.5405220734480327e-07
    9.000000   2.96316844 -3.5997885291816745e-07
    9.000000   3.02777863 -3.6418975138884453e-07
    9.000000   3.09200950 -3.6656932167666434e-07
    9.100000   0.04958315 -3.2418095121472057e-07
    9.100000   0.11381403 -3.2205558295749369e-07
    9.100000   0.17842421 -3.1829418233015079e-07
    9.100000   0.24312010 -3.1299944687306562e-07
    9.100000   0.30784849 -3.0631399011365087e-07
    9.100000   0.37259260 -2.9841286023731241e-07
    9.100000   0.43734549 -2.8949551990613138e-07
    9.100000   0.50210377 -2.7977733221400027e-07
    9.100000   0.56686560 -2.6948110351380768e-07
    9.100000   0.63162987 -2.5882920386312532e-07
    9.100000   0.69639591 -2.4803668246186914e-07
    9.100000   0.76116325 -2.3730566368685583e-07
    9.100000   0.82593158 -2.2682117095780251e-07
    9.100000   0.89070068 -2.1674839678999085e-07
    9.100000   0.95547037 -2.0723132964347633e-07
    9.100000   1.02024053 -1.9839256787232626e-07
    9.100000   1.08501108 -1.9033409992526891e-07
    9.100000   1.14978193 -1.8313880592049145e-07
    9.100000   1.21455301 -1.7687243424198906e-07
    9.100000   1.27932429 -1.7158582218611598e-07
    9.100000   1.34409571 -1.6731715606669439e-07
    9.100000   1.40886724 -1.6409409835021681e-07
    9.100000   1.47363885 -1.6193564325936779e-07
    9.100000   1.53841049 -1.6085359509825133e-07
    9.100000   1.60318216 -1.6085359378521627e-07
    9.100000   1.66795381 -1.6193563931960238e-07
    9.100000   1.73272541 -1.6409409179197051e-07
    9.100000   1.79749694 -1.6731714690178263e-07
    9.100000   1.86226837 -1.7158581043033904e-07
    9.100000   1.92703964 -1.7687241991913780e-07
    9.100000   1.99181073 -1.8313878906122668e-07
    9.100000   2.05658157 -1.9033408056834422e-07
    9.100000   2.12135212 -1.9839254606712544e-07
    9.100000   2.18612229 -2.0723130544834519e-07
    9.100000   2.25089198 -2.1674837027683802e-07
    9.100000   2.31566107 -2.2682114220914070e-07
    9.100000   2.38042940 -2.3730563280074179e-07
    9.100000   2.44519674 -2.4803664954960957e-07
    9.100000   2.50996278 -2.5882916904988156e-07
    9.100000   2.57472706 -2.6948106693859213e-07
    9.100000   2.63948889 -2.7977729403039928e-07
    9.100000   2.70424717 -2.8949548027748080e-07
    9.100000   2.76900006 -2.9841281933999812e-07
    9.100000   2.83374417 -3.0631394813430610e-07
    9.100000   2.89847256 -3.1299940400818220e-07
    9.100000   2.96316844 -3.1829413877979833e-07
    9.100000   3.02777863 -3.2205553893010472e-07
    9.100000   3.09200950 -3.2418090692050960e-07
    9.200000   0.04958315 -2.8653582167055528e-07
    9.200000   0.11381403 -2.8463712037650119e-07
    9.200000   0.17842421 -2.8127658380898130e-07
    9.200000   0.24312010 -2.7654550929227421e-07
    9.200000   0.30784849 -2.7057073153576329e-07
    9.200000   0.37259260 -2.6350801084783905e-07
    9.200000   0.43734549 -2.5553494479613834e-07
    9.200000   0.50210377 -2.4684343396055746e-07
    9.200000   0.56686560 -2.3763218562490920e-07
    9.200000   0.63162987 -2.2809971501627794e-07
    9.200000   0.69639591 -2.1843821433753601e-07
    9.200000   0.76116325 -2.0882854505102893e-07
    9.200000   0.82593158 -1.9943648767688839e-07
    9.200000   0.89070068 -1.9041026979470144e-07
    9.200000   0.95547037 -1.8187929744163295e-07
    9.200000   1.02024053 -1.7395394321878448e-07
    9.200000   1.08501108 -1.6672619810080831e-07
    9.200000   1.14978193 -1.6027097137921344e-07
    9.200000   1.21455301 -1.5464782073154295e-07
    9.200000   1.27932429 -1.4990290701740189e-07
    9.200000   1.34409571 -1.4607099106412358e-07
    9.200000   1.40886724 -1.4317731779290315e-07
    9.200000   1.47363885 -1.4123926290039278e-07
    9.200000   1.53841049 -1.4026764651444195e-07
    9.200000   1.60318216 -1.4026764533160972e-07
    9.200000   1.66795381 -1.4123925935434231e-07
    9.200000   1.73272541 -1.4317731189045551e-07
    9.200000   1.79749694 -1.4607098281416336e-07
    9.200000   1.86226837 -1.4990289643401564e-07
    9.200000   1.92703964 -1.5464780783624295e-07
    9.200000   1.99181073 -1.6027095619752638e-07
    9.200000   2.05658157 -1.6672618066730055e-07
    9.200000   2.12135212 -1.7395392357583410e-07
    9.200000   2.18612229 -1.8187927564192183e-07
    9.200000   2.25089198 -1.9041024590066179e-07
    9.200000   2.31566107 -1.9943646176317533e-07
    9.200000   2.38042940 -2.0882851720410171e-07
    9.200000   2.44519674 -2.1843818465574715e-07
    9.200000   2.50996278 -2.2809968361318314e-07
    9.200000   2.57472706 -2.3763215262521563e-07
    9.200000   2.63948889 -2.4684339950167157e-07
    9.200000   2.70424717 -2.5553490902669285e-07
    9.200000   2.76900006 -2.6350797392683781e-07
    9.200000   2.83374417 -2.7057069363191241e-07
    9.200000   2.89847256 -2.7654547058336631e-07
    9.200000   2.96316844 -2.8127654447755522e-07
    9.200000   3.02777863 -2.8463708060962632e-07
    9.200000   3.09200950 -2.8653578166245739e-07
    9.300000   0.04958315 -2.5311182626134378e-07
    9.300000   0.11381403 -2.5141531761731218e-07
    9.300000   0.17842421 -2.4841240784070448e-07
    9.300000   0.24312010 -2.4418429744522119e-07
    9.300000   0.30784849 -2.3884383782623658e-07
    9.300000   0.37259260 -2.3252968324432974e-07
    9.300000   0.43734549 -2.2540002116289462e-07
    9.300000   0.50210377 -2.1762590036334251e-07
    9.300000   0.56686560 -2.0938458239462422e-07
    9.300000   0.63162987 -2.0085332232282038e-07
    9.300000   0.69639591 -1.9220390732414977e-07
    9.300000   0.76116325 -1.8359818160267688e-07
    9.300000   0.82593158 -1.7518467975682872e-07
    9.300000   0.89070068 -1.6709639062513553e-07
    9.300000   0.95547037 -1.5944958890212114e-07
    9.300000   1.02024053 -1.5234360760924426e-07
    9.300000   1.08501108 -1.4586138248472167e-07
    9.300000   1.14978193 -1.4007057845177605e-07
    9.300000   1.21455301 -1.3502510510907340e-07
    9.300000   1.27932429 -1.3076683855832501e-07
    9.300000   1.34409571 -1.2732738639358554e-07
    9.300000   1.40886724 -1.2472975716571066e-07
    9.300000   1.47363885 -1.2298982206818036e-07
    9.300000   1.53841049 -1.2211748249253371e-07
    9.300000   1.60318216 -1.2211748142821974e-07
    9.300000   1.66795381 -1.2298981888001873e-07
    9.300000   1.73272541 -1.2472975185602402e-07
    9.300000   1.79749694 -1.2732737897113249e-07
    9.300000   1.86226837 -1.3076682903679401e-07
    9.300000   1.92703964 -1.3502509350531921e-07
    9.300000   1.99181073 -1.4007056478899231e-07
    9.300000   2.05658157 -1.4586136679238883e-07
    9.300000   2.12135212 -1.5234358992612258e-07
    9.300000   2.18612229 -1.5944956927391948e-07
    9.300000   2.25089198 -1.6709636910608782e-07
    9.300000   2.31566107 -1.7518465641453672e-07
    9.300000   2.38042940 -1.8359815651388492e-07
    9.300000   2.44519674 -1.9220388057678198e-07
    9.300000   2.50996278 -2.0085329401902146e-07
    9.300000   2.57472706 -2.0938455264572472e-07
    9.300000   2.63948889 -2.1762586929122474e-07
    9.300000   2.70424717 -2.2539998890403467e-07
    9.300000   2.76900006 -2.3252964994027667e-07
    9.300000   2.83374417 -2.3884380363090737e-07
    9.300000   2.89847256 -2.4418426251845008e-07
    9.300000   2.96316844 -2.4841237234854888e-07
    9.300000   3.02777863 -2.5141528172999559e-07
    9.300000   3.09200950 -2.5311179015377846e-07
    9.400000   0.04958315 -2.2344392352565397e-07
    9.400000   0.11381403 -2.2192783665159988e-07
    9.400000   0.17842421 -2.1924408456456989e-07
    9.400000   0.24312010 -2.1546491809944783e-07
    9.400000   0.30784849 -2.1069078698733954e-07
    9.400000   0.37259260 -2.0504516359903417e-07
    9.400000   0.43734549 -1.9866899343412857e-07
    9.400000   0.50210377 -1.9171478312964901e-07
    9.400000   0.56686560 -1.8434070060892700e-07
    9.400000   0.63162987 -1.7670504621612239e-07
    9.400000   0.69639591 -1.6896138651322054e-07
    9.400000   0.76116325 -1.6125455500990022e-07
    9.400000   0.82593158 -1.5371763072554601e-07
    9.400000   0.89070068 -1.4646991716808395e-07
    9.400000   0.95547037 -1.3961586913790321e-07
    9.400000   1.02024053 -1.3324485734312625e-07
    9.400000   1.08501108 -1.2743162289335387e-07
    9.400000   1.14978193 -1.2223725429255510e-07
    9.400000   1.21455301 -1.1771051593494184e-07
    9.400000   1.27932429 -1.1388936560915650e-07
    9.400000   1.34409571 -1.1080251526512236e-07
    9.400000   1.40886724 -1.0847091078906151e-07
    9.400000   1.47363885 -1.0690902977269500e-07
    9.400000   1.53841049 -1.0612591942520367e-07
    9.400000   1.60318216 -1.0612591846911635e-07
    9.400000   1.66795381 -1.0690902690567928e-07
    9.400000   1.73272541 -1.0847090601530041e-07
    9.400000   1.79749694 -1.1080250859256704e-07
    9.400000   1.86226837 -1.1388935704656940e-07
    9.400000   1.92703964 -1.1771050549992800e-07
    9.400000   1.99181073 -1.2223724200412922e-07
    9.400000   2.05658157 -1.2743160877830915e-07
    9.400000   2.12135212 -1.3324484143409963e-07
    9.400000   2.18612229 -1.3961585147428274e-07
    9.400000   2.25089198 -1.4646989780067201e-07
    9.400000   2.31566107 -1.5371760971318050e-07
    9.400000   2.38042940 -1.6125453242082436e-07
    9.400000   2.44519674 -1.6896136242653561e-07
    9.400000   2.50996278 -1.7670502072192053e-07
    9.400000   2.57472706 -1.8434067380759433e-07
    9.400000   2.63948889 -1.9171475513153625e-07
    9.400000   2.70424717 -1.9866896436159047e-07
    9.400000   2.76900006 -2.0504513357946802e-07
    9.400000   2.83374417 -2.1069075615995916e-07
    9.400000   2.89847256 -2.1546488660953758e-07
    9.400000   2.96316844 -2.1924405256118527e-07
    9.400000   3.02777863 -2.2192780429109402e-07
    9.400000   3.09200950 -2.2344389096475271e-07
    9.500000   0.04958315 -1.9711790434780049e-07
    9.500000   0.11381403 -1.9576285978370487e-07
    9.500000   0.17842421 -1.9336401550418475e-07
    9.500000   0.24312010 -1.8998568369519992e-07
    9.500000   0.30784849 -1.8571730759101885e-07
    9.500000   0.37259260 -1.8066887675225805e-07
    9.500000   0.43734549 -1.7496601179299084e-07
    9.500000   0.50210377 -1.6874472266521072e-07
    9.500000   0.56686560 -1.6214617063037082e-07
    9.500000   0.63162987 -1.5531175126463729e-07
    9.500000   0.69639591 -1.4837875757882870e-07
    9.500000   0.76116325 -1.4147680582467638e-07
    9.500000   0.82593158 -1.3472512453238693e-07
    9.500000   0.89070068 -1.2823072936168704e-07
    9.500000   0.95547037 -1.2208743960029355e-07
    9.500000   1.02024053 -1.1637564085251382e-07
    9.500000   1.08501108 -1.1116266423588412e-07
    9.500000   1.14978193 -1.0650363442113509e-07
    9.500000   1.21455301 -1.0244263500686582e-07
    9.500000   1.27932429 -9.9014046648370234e-08
    9.500000   1.34409571 -9.6243927801617580e-08
    9.500000   1.40886724 -9.4151326749843366e-08
    9.500000   1.47363885 -9.2749434126106138e-08
    9.500000   1.53841049 -9.2046505728580361e-08
    9.500000   1.60318216 -9.2046504870058113e-08
    9.500000   1.66795381 -9.2749431549782835e-08
    9.500000   1.73272541 -9.4151322458935974e-08
    9.500000   1.79749694 -9.6243921804649764e-08
    9.500000   1.86226837 -9.9014038953508107e-08
    9.500000   1.92703964 -1.0244262562736484e-07
    9.500000   1.99181073 -1.0650362337438231e-07
    9.500000   2.05658157 -1.1116265154483469e-07
    9.500000   2.12135212 -1.1637562654654206e-07
    9.500000   2.18612229 -1.2208742371403191e-07
    9.500000   2.25089198 -1.2823071194081079e-07
    9.500000   2.31566107 -1.3472510562798646e-07
    9.500000   2.38042940 -1.4147678549758848e-07
    9.500000   2.44519674 -1.4837873590054605e-07
    9.500000   2.50996278 -1.5531172831476766e-07
    9.500000   2.57472706 -1.6214614649979897e-07
    9.500000   2.63948889 -1.6874469745333741e-07
    9.500000   2.70424717 -1.7496598560875912e-07
    9.500000   2.76900006 -1.8066884971232066e-07
    9.500000   2.83374417 -1.8571727981944035e-07
    9.500000   2.89847256 -1.8998565532382192e-07
    9.500000   2.96316844 -1.9336398666780325e-07
    9.500000   3.02777863 -1.9576283062406960e-07
    9.500000   3.09200950 -1.9711787500609708e-07
    9.600000   0.04958315 -1.7376482130299134e-07
    9.600000   0.11381403 -1.7255355798487430e-07
    9.600000   0.17842421 -1.7040911026806727e-07
    9.600000   0.24312010 -1.6738874390105124e-07
    9.600000   0.30784849 -1.6357212779392823e-07
    9.600000   0.37259260 -1.5905727075709901e-07
    9.600000   0.43734549 -1.5395616537788985e-07
    9.600000   0.50210377 -1.4839013811755482e-07
    9.600000   0.56686560 -1.4248519675589029e-07
    9.600000   0.63162987 -1.3636765604454471e-07
    9.600000   0.69639591 -1.3016027172696719e-07
    9.600000   0.76116325 -1.2397904611640478e-07
    9.600000   0.82593158 -1.1793079623889483e-07
    9.600000   0.89070068 -1.1211150671209982e-07
    9.600000   0.95547037 -1.0660543023907294e-07
    9.600000   1.02024053 -1.0148485281289395e-07
    9.600000   1.08501108 -9.6810409797386830e-08
    9.600000   1.14978193 -9.2631822604813812e-08
    9.600000   1.21455301 -8.8988921619618943e-08
    9.600000   1.27932429 -8.5912826734546972e-08
    9.600000   1.34409571 -8.3427169299226870e-08
    9.600000   1.40886724 -8.1549255749094442e-08
    9.600000   1.47363885 -8.0291091360626540e-08
    9.600000   1.53841049 -7.9660200864503793e-08
    9.600000   1.60318216 -7.9660200093910580e-08
    9.600000   1.66795381 -8.0291089046793984e-08
    9.600000   1.73272541 -8.1549251895444197e-08
    9.600000   1.79749694 -8.3427163911903646e-08
    9.600000   1.86226837 -8.5912819822246184e-08
    9.600000   1.92703964 -8.8988913193046980e-08
    9.600000   1.99181073 -9.2631812678868768e-08
    9.600000   2.05658157 -9.6810398393394942e-08
    9.600000   2.12135212 -1.0148483995508567e-07
    9.600000   2.18612229 -1.0660541595960706e-07
    9.600000   2.25089198 -1.1211149104899459e-07
    9.600000   2.31566107 -1.1793077924004970e-07
    9.600000   2.38042940 -1.2397902783557084e-07
    9.600000   2.44519674 -1.3016025222719407e-07
    9.600000   2.50996278 -1.3636763539727597e-07
    9.600000   2.57472706 -1.4248517504306484e-07
    9.600000   2.63948889 -1.4839011542808867e-07
    9.600000   2.70424717 -1.5395614180966017e-07
    9.600000   2.76900006 -1.5905724641539336e-07
    9.600000   2.83374417 -1.6357210279033174e-07
    9.600000   2.89847256 -1.6738871835392856e-07
    9.600000   2.96316844 -1.7040908430087136e-07
    9.600000   3.02777863 -1.7255353172359634e-07
    9.600000   3.09200950 -1.7376479487860061e-07
    9.700000   0.04958315 -1.5305604249887266e-07
    9.700000   0.11381403 -1.5197317821802760e-07
    9.700000   0.17842421 -1.5005593261474199e-07
    9.700000   0.24312010 -1.4735531326338789e-07
    9.700000   0.30784849 -1.4394230416363207e-07
    9.700000   0.37259260 -1.3990426261735695e-07
    9.700000   0.43734549 -1.3534105653926992e-07
    9.700000   0.50210377 -1.3036093752723197e-07
    9.700000   0.56686560 -1.2507640663422277e-07
    9.700000   0.63162987 -1.1960032153628450e-07
    9.700000   0.69639591 -1.1404244963442382e-07
    9.700000   0.76116325 -1.0850661292992035e-07
    9.700000   0.82593158 -1.0308850696403443e-07
    9.700000   0.89070068 -9.7874215269539085e-08
    9.700000   0.95547037 -9.2939388123406547e-08
    9.700000   1.02024053 -8.8349013497004496e-08
    9.700000   1.08501108 -8.4157680258248205e-08
    9.700000   1.14978193 -8.0410218536759299e-08
    9.700000   1.21455301 -7.7142598146678315e-08
    9.700000   1.27932429 -7.4382970565202357e-08
    9.700000   1.34409571 -7.2152750725833786e-08
    9.700000   1.40886724 -7.0467649318327770e-08
    9.700000   1.47363885 -6.9338582340793041e-08
    9.700000   1.53841049 -6.8772400954407526e-08
    9.700000   1.60318216 -6.8772400262033160e-08
    9.700000   1.66795381 -6.9338580263900415e-08
    9.700000   1.73272541 -7.0467645858673935e-08
    9.700000   1.79749694 -7.2152745889038290e-08
    9.700000   1.86226837 -7.4382964357840596e-08
    9.700000   1.92703964 -7.7142590579596217e-08
    9.700000   1.99181073 -8.0410209621939851e-08
    9.700000   2.05658157 -8.4157670013969478e-08
    9.700000   2.12135212 -8.8349001946845652e-08
    9.700000   2.18612229 -9.2939375292678570e-08
    9.700000   2.25089198 -9.7874201194661891e-08
    9.700000   2.31566107 -1.0308849168527430e-07
    9.700000   2.38042940 -1.0850659649637584e-07
    9.700000   2.44519674 -1.1404243210306346e-07
    9.700000   2.50996278 -1.1960030296979989e-07
    9.700000   2.57472706 -1.2507638710702023e-07
    9.700000   2.63948889 -1.3036091711845131e-07
    9.700000   2.70424717 -1.3534103533619573e-07
    9.700000   2.76900006 -1.3990424071651701e-07
    9.700000   2.83374417 -1.4394228166499532e-07
    9.700000   2.89847256 -1.4735529027338944e-07
    9.700000   2.96316844 -1.5005590924481994e-07
    9.700000   3.02777863 -1.5197315458317674e-07
    9.700000   3.09200950 -1.5305601871614061e-07
    9.800000   0.04958315 -1.3469885528182198e-07
    9.800000   0.11381403 -1.3373067602116657e-07
    9.800000   0.17842421 -1.3201638373422287e-07
    9.800000   0.24312010 -1.2960142496196182e-07
    9.800000   0.30784849 -1.2654906293221978e-07
    9.800000   0.37259260 -1.2293718082900428e-07
    9.800000   0.43734549 -1.1885485491805863e-07
    9.800000   0.50210377 -1.1439869013216420e-07
    9.800000   0.56686560 -1.0966914502618863e-07
    9.800000   0.63162987 -1.0476706643045059e-07
    9.800000   0.69639591 -9.9790615641656021e-08
    9.800000   0.76116325 -9.4832716442791994e-08
    9.800000   0.82593158 -8.9979099313057067e-08
    9.800000   0.89070068 -8.5306962323938306e-08
    9.800000   0.95547037 -8.0884222487795113e-08
    9.800000   1.02024053 -7.6769294783143765e-08
    9.800000   1.08501108 -7.3011311014137662e-08
    9.800000   1.14978193 -6.9650676824374255e-08
    9.800000   1.21455301 -6.6719861197553153e-08
    9.800000   1.27932429 -6.4244316527252609e-08
    9.800000   1.34409571 -6.2243436658682986e-08
    9.800000   1.40886724 -6.0731472900576237e-08
    9.800000   1.47363885 -5.9718342278844215e-08
    9.800000   1.53841049 -5.9210276759019316e-08
    9.800000   1.60318216 -5.9210276137543269e-08
    9.800000   1.66795381 -5.9718340414046455e-08
    9.800000   1.73272541 -6.0731469794827286e-08
    9.800000   1.79749694 -6.2243432316625484e-08
    9.800000   1.86226837 -6.4244310955422105e-08
    9.800000   1.92703964 -6.6719854404076384e-08
    9.800000   1.99181073 -6.9650668821097109e-08
    9.800000   2.05658157 -7.3011301816343697e-08
    9.800000   2.12135212 -7.6769284409715781e-08
    9.800000   2.18612229 -8.0884210964072723e-08
    9.800000   2.25089198 -8.5306949680663578e-08
    9.800000   2.31566107 -8.9979085587588256e-08
    9.800000   2.38042940 -9.4832701677096049e-08
    9.800000   2.44519674 -9.9790599886015837e-08
    9.800000   2.50996278 -1.0476704974367794e-07
    9.800000   2.57472706 -1.0966912747252512e-07
    9.800000   2.63948889 -1.1439867178404563e-07
    9.800000   2.70424717 -1.1885483585340884e-07
    9.800000   2.76900006 -1.2293716113456448e-07
    9.800000   2.83374417 -1.2654904269807344e-07
    9.800000   2.89847256 -1.2960140428389199e-07
    9.800000   2.96316844 -1.3201636271348613e-07
    9.800000   3.02777863 -1.3373065476069997e-07
    9.800000   3.09200950 -1.3469883388757566e-07
    9.900000   0.04958315 -1.1843255530791702e-07
    9.900000   0.11381403 -1.1756682958198339e-07
    9.900000   0.17842421 -1.1603386023957426e-07
    9.900000   0.24312010 -1.1387414991537073e-07
    9.900000   0.30784849 -1.1114409508599859e-07
    9.900000   0.37259260 -1.0791314854952302e-07
    9.900000   0.43734549 -1.0426077779868641e-07
    9.900000   0.50210377 -1.0027320993718693e-07
    9.900000   0.56686560 -9.6040163665108734e-08
    9.900000   0.63162987 -9.1651763639995496e-08
    9.900000   0.69639591 -8.7195798888968639e-08
    9.900000   0.76116325 -8.2755441700074664e-08
    9.900000   0.82593158 -7.8407494083558729e-08
    9.900000   0.89070068 -7.4221181266445630e-08
    9.900000   0.95547037 -7.0257470132991627e-08
    9.900000   1.02024053 -6.6568857921569917e-08
    9.900000   1.08501108 -6.3199553904743965e-08
    9.900000   1.14978193 -6.0185964194655724e-08
    9.900000   1.21455301 -5.7557385868627375e-08
    9.900000   1.27932429 -5.5336819736472727e-08
    9.900000   1.34409571 -5.3541819027578747e-08
    9.900000   1.40886724 -5.2185302423442170e-08
    9.900000   1.47363885 -5.1276272416188093e-08
    9.900000   1.53841049 -5.0820392898726832e-08
    9.900000   1.60318216 -5.0820392340935394e-08
    9.900000   1.66795381 -5.1276270743614680e-08
    9.900000   1.73272541 -5.2185299637183790e-08
    9.900000   1.79749694 -5.3541815132791117e-08
    9.900000   1.86226837 -5.5336814736922954e-08
    9.900000   1.92703964 -5.7557379772050165e-08
    9.900000   1.99181073 -6.0185957011057416e-08
    9.900000   2.05658157 -6.3199545649449847e-08
    9.900000   2.12135212 -6.6568848609521716e-08
    9.900000   2.18612229 -7.0257459787455868e-08
    9.900000   2.25089198 -7.4221169914310423e-08
    9.900000   2.31566107 -7.8407481757173399e-08
    9.900000   2.38042940 -8.2755428437367202e-08
    9.900000   2.44519674 -8.7195784736289444e-08
    9.900000   2.50996278 -9.1651748647733630e-08
    9.900000   2.57472706 -9.6040147892141431e-08
    9.900000   2.63948889 -1.0027319344848863e-07
    9.900000   2.70424717 -1.0426076066402434e-07
    9.900000   2.76900006 -1.0791313084641921e-07
    9.900000   2.83374417 -1.1114407689697933e-07
    9.900000   2.89847256 -1.1387413132625326e-07
    9.900000   2.96316844 -1.1603384134009319e-07
    9.900000   3.02777863 -1.1756681046673161e-07
    9.900000   3.09200950 -1.1843253607213342e-07
   10.000000   0.04958315 -1.0402496499282787e-07
   10.000000   0.11381403 -1.0325077991529388e-07
   10.000000   0.17842421 -1.0187983254104843e-07
   10.000000   0.24312010 -9.9948228346545990e-08
   10.000000   0.30784849 -9.7506254122824206e-08
   10.000000   0.37259260 -9.4615858216063433e-08
   10.000000   0.43734549 -9.1347949681396586e-08
   10.000000   0.50210377 -8.7779505700033371e-08
   10.000000   0.56686560 -8.3990664570707863e-08
   10.000000   0.63162987 -8.0061977478623274e-08
   10.000000   0.69639591 -7.6071962822169184e-08
   10.000000   0.76116325 -7.2095067132948018e-08
   10.000000   0.82593158 -6.8200093081267605e-08
   10.000000   0.89070068 -6.4449112895780705e-08
   10.000000   0.95547037 -6.0896848632011182e-08
   10.000000   1.02024053 -5.7590471556408124e-08
   10.000000   1.08501108 -5.4569752672325452e-08
   10.000000   1.14978193 -5.1867484894960790e-08
   10.000000   1.21455301 -4.9510093634007884e-08
   10.000000   1.27932429 -4.7518355016996841e-08
   10.000000   1.34409571 -4.5908147937985076e-08
   10.000000   1.40886724 -4.4691175843051786e-08
   10.000000   1.47363885 -4.3875605307527261e-08
   10.000000   1.53841049 -4.3466579963664728e-08
   10.000000   1.60318216 -4.3466579462724315e-08
   10.000000   1.66795381 -4.3875603806974441e-08
   10.000000   1.73272541 -4.4691173343984525e-08
   10.000000   1.79749694 -4.5908144443920633e-08
   10.000000   1.86226837 -4.7518350530944942e-08
   10.000000   1.92703964 -4.9510088164246378e-08
   10.000000   1.99181073 -5.1867478450378864e-08
   10.000000   2.05658157 -5.4569745263825669e-08
   10.000000   2.12135212 -5.7590463199873696e-08
   10.000000   2.18612229 -6.0896839346675356e-08
   10.000000   2.25089198 -6.4449102705317966e-08
   10.000000   2.31566107 -6.8200082015228986e-08
   10.000000   2.38042940 -7.2095055225483386e-08
   10.000000   2.44519674 -7.6071950113575179e-08
   10.000000   2.50996278 -8.0061964014330309e-08
   10.000000   2.57472706 -8.3990650403817017e-08
   10.000000   2.63948889 -8.7779490887639136e-08
   10.000000   2.70424717 -9.1347934288149945e-08
   10.000000   2.76900006 -9.4615842309856538e-08
   10.000000   2.83374417 -9.7506237777939159e-08
   10.000000   2.89847256 -9.9948211642139542e-08
   10.000000   2.96316844 -1.0187981555671041e-07
   10.000000   3.02777863 -1.0325076273575509e-07
   10.000000   3.09200950 -1.0402494770467328e-07
   10.100000   0.04958315 -9.1269332486495856e-08
   10.100000   0.11381403 -9.0576948787214661e-08
   10.100000   0.17842421 -8.9350796089669904e-08
   10.100000   0.24312010 -8.7623067463376568e-08
   10.100000   0.30784849 -8.5438611612221193e-08
   10.100000   0.37259260 -8.2852694393444021e-08
   10.100000   0.43734549 -7.9928599620403262e-08
   10.100000   0.50210377 -7.6735057700288089e-08
   10.100000   0.56686560 -7.3343658975946414e-08
   10.100000   0.63162987 -6.9826405424864281e-08
   10.100000   0.69639591 -6.6253528628469304e-08
   10.100000   0.76116325 -6.2691666958881526e-08
   10.100000   0.82593158 -5.9202456484750672e-08
   10.100000   0.89070068 -5.5841552778539654e-08
   10.100000   0.95547037 -5.2658067987046301e-08
   10.100000   1.02024053 -4.9694381501502877e-08
   10.100000   1.08501108 -4.6986264374682138e-08
   10.100000   1.14978193 -4.4563247143133629e-08
   10.100000   1.21455301 -4.2449157153857194e-08
   10.100000   1.27932429 -4.0662753474757535e-08
   10.100000   1.34409571 -3.9218393480582192e-08
   10.100000   1.40886724 -3.8126673773495922e-08
   10.100000   1.47363885 -3.7394997935154927e-08
   10.100000   1.53841049 -3.7028033863290500e-08
   10.100000   1.60318216 -3.7028033414429967e-08
   10.100000   1.66795381 -3.7394996589404836e-08
   10.100000   1.73272541 -3.8126671532815089e-08
   10.100000   1.79749694 -3.9218390346831550e-08
   10.100000   1.86226837 -4.0662749451582302e-08
   10.100000   1.92703964 -4.2449152248371852e-08
   10.100000   1.99181073 -4.4563241362708217e-08
   10.100000   2.05658157 -4.6986257729232105e-08
   10.100000   2.12135212 -4.9694374004706097e-08
   10.100000   2.18612229 -5.2658059656603705e-08
   10.100000   2.25089198 -5.5841543635026955e-08
   10.100000   2.31566107 -5.9202446553842451e-08
   10.100000   2.38042940 -6.2691656271557293e-08
   10.100000   2.44519674 -6.6253517220513726e-08
   10.100000   2.50996278 -6.9826393336966702e-08
   10.100000   2.57472706 -7.3343646255413704e-08
   10.100000   2.63948889 -7.6735044400032703e-08
   10.100000   2.70424717 -7.9928585797400976e-08
   10.100000   2.76900006 -8.2852680108121133e-08
   10.100000   2.83374417 -8.5438596931688112e-08
   10.100000   2.89847256 -8.7623052457120898e-08
   10.100000   2.96316844 -8.9350780831734685e-08
   10.100000   3.02777863 -9.0576933354029927e-08
   10.100000   3.09200950 -9.1269316954564445e-08
   10.200000   0.04958315 -7.9981568409623071e-08
   10.200000   0.11381403 -7.9362292026357594e-08
   10.200000   0.17842421 -7.8265553844332686e-08
   10.200000   0.24312010 -7.6720064603880422e-08
   10.200000   0.30784849 -7.4765831076450486e-08
   10.200000   0.37259260 -7.2452166720482624e-08
   10.200000   0.43734549 -6.9835559667198131e-08
   10.200000   0.50210377 -6.6977386149476475e-08
   10.200000   0.56686560 -6.3941608250554038e-08
   10.200000   0.63162987 -6.0792592310013605e-08
   10.200000   0.69639591 -5.7593161837725901e-08
   10.200000   0.76116325 -5.4402967947124144e-08
   10.200000   0.82593158 -5.1277226408154223e-08
   10.200000   0.89070068 -4.8265837327330868e-08
   10.200000   0.95547037 -4.5412874286273602e-08
   10.200000   1.02024053 -4.2756406565461897e-08
   10.200000   1.08501108 -4.0328601682319978e-08
   10.200000   1.14978193 -3.8156046011902179e-08
   10.200000   1.21455301 -3.6260217842905569e-08
   10.200000   1.27932429 -3.4658048819954641e-08
   10.200000   1.34409571 -3.3362514940324180e-08
   10.200000   1.40886724 -3.2383205773764110e-08
   10.200000   1.47363885 -3.1726829334441369e-08
   10.200000   1.53841049 -3.1397619107775442e-08
   10.200000   1.60318216 -3.1397618705566069e-08
   10.200000   1.66795381 -3.1726828128771429e-08
   10.200000   1.73272541 -3.2383203765509124e-08
   10.200000   1.79749694 -3.3362512130797222e-08
   10.200000   1.86226837 -3.4658045213265925e-08
   10.200000   1.92703964 -3.6260213443480524e-08
   10.200000   1.99181073 -3.8156040828018143e-08
   10.200000   2.05658157 -4.0328595722666425e-08
   10.200000   2.12135212 -4.2756399842099226e-08
   10.200000   2.18612229 -4.5412866813951157e-08
   10.200000   2.25089198 -4.8265829124082054e-08
   10.200000   2.31566107 -5.1277217498436190e-08
   10.200000   2.38042940 -5.4402958357243061e-08
   10.200000   2.44519674 -5.7593151601195104e-08
   10.200000   2.50996278 -6.0792581461874396e-08
   10.200000   2.57472706 -6.3941596833413539e-08
   10.200000   2.63948889 -6.6977374210581415e-08
   10.200000   2.70424717 -6.9835547256744106e-08
   10.200000   2.76900006 -7.2452153894383140e-08
   10.200000   2.83374417 -7.4765817894458951e-08
   10.200000   2.89847256 -7.6720051129579379e-08
   10.200000   2.96316844 -7.8265540143289553e-08
   10.200000   3.02777863 -7.9362278166503499e-08
   10.200000   3.09200950 -7.9981554461301030e-08
   10.300000   0.04958315 -6.9997782773229662e-08
   10.300000   0.11381403 -6.9443850971997500e-08
   10.300000   0.17842421 -6.8462793311755703e-08
   10.300000   0.24312010 -6.7080219992505009e-08
   10.300000   0.30784849 -6.5331825338468376e-08
   10.300000   0.37259260 -6.3261619242161567e-08
   10.300000   0.43734549 -6.0920031928621635e-08
   10.300000   0.50210377 -5.8361880020002714e-08
   10.300000   0.56686560 -5.5644316867312425e-08
   10.300000   0.63162987 -5.2824888218545302e-08
   10.300000   0.69639591 -4.9959794530902225e-08
   10.300000   0.76116325 -4.7102434094017699e-08
   10.300000   0.82593158 -4.4302271166701403e-08
   10.300000   0.89070068 -4.1604043974111875e-08
   10.300000   0.95547037 -3.9047301491182222e-08
   10.300000   1.02024053 -3.6666237207361009e-08
   10.300000   1.08501108 -3.4489773363241692e-08
   10.300000   1.14978193 -3.2541840545872993e-08
   10.300000   1.21455301 -3.0841794315358433e-08
   10.300000   1.27932429 -2.9404911844471542e-08
   10.300000   1.34409571 -2.8242916016177208e-08
   10.300000   1.40886724 -2.7364481072983129e-08
   10.300000   1.47363885 -2.6775681628728253e-08
   10.300000   1.53841049 -2.6480354980351261e-08
   10.300000   1.60318216 -2.6480354619835004e-08
   10.300000   1.66795381 -2.6775680547322715e-08
   10.300000   1.73272541 -2.7364479271687399e-08
   10.300000   1.79749694 -2.8242913498034424e-08
   10.300000   1.86226837 -2.9404908611247587e-08
   10.300000   1.92703964 -3.0841790371861193e-08
   10.300000   1.99181073 -3.2541835898173982e-08
   10.300000   2.05658157 -3.4489768019321356e-08
   10.300000   2.12135212 -3.6666231177929848e-08
   10.300000   2.18612229 -3.9047294790063357e-08
   10.300000   2.25089198 -4.1604036618347635e-08
   10.300000   2.31566107 -4.4302263175383654e-08
   10.300000   2.38042940 -4.7102425491966212e-08
   10.300000   2.44519674 -4.9959785346991692e-08
   10.300000   2.50996278 -5.2824878486358959e-08
   10.300000   2.57472706 -5.5644306622856807e-08
   10.300000   2.63948889 -5.8361869305882237e-08
   10.300000   2.70424717 -6.0920020790343797e-08
   10.300000   2.76900006 -6.3261607729237443e-08
   10.300000   2.83374417 -6.5331813506626131e-08
   10.300000   2.89847256 -6.7080207896977503e-08
   10.300000   2.96316844 -6.8462781011565674e-08
   10.300000   3.02777863 -6.9443838529673728e-08
   10.300000   3.09200950 -6.9997770251223039e-08
   10.400000   0.04958315 -6.1172088946986715e-08
   10.400000   0.11381403 -6.0676569231771077e-08
   10.400000   0.17842421 -5.9798925800190541e-08
   10.400000   0.24312010 -5.8562007433246120e-08
   10.400000   0.30784849 -5.6997666511417786e-08
   10.400000   0.37259260 -5.5145186246787034e-08
   10.400000   0.43734549 -5.3049595395484436e-08
   10.400000   0.50210377 -5.0759858509110424e-08
   10.400000   0.56686560 -4.8327050704244331e-08
   10.400000   0.63162987 -4.5802624438825869e-08
   10.400000   0.69639591 -4.3236858501922680e-08
   10.400000   0.76116325 -4.0677555460892970e-08
   10.400000   0.82593158 -3.8169027346743129e-08
   10.400000   0.89070068 -3.5751383295703880e-08
   10.400000   0.95547037 -3.3460109846708449e-08
   10.400000   1.02024053 -3.1325916073857552e-08
   10.400000   1.08501108 -2.9374802502581718e-08
   10.400000   1.14978193 -2.7628305027491525e-08
   10.400000   1.21455301 -2.6103861981060921e-08
   10.400000   1.27932429 -2.4815253574326394e-08
   10.400000   1.34409571 -2.3773066778219089e-08
   10.400000   1.40886724 -2.2985144580905892e-08
   10.400000   1.47363885 -2.2456985391139833e-08
   10.400000   1.53841049 -2.2192065571318901e-08
   10.400000   1.60318216 -2.2192065248038996e-08
   10.400000   1.66795381 -2.2456984422466410e-08
   10.400000   1.73272541 -2.2985142967332258e-08
   10.400000   1.79749694 -2.3773064520558670e-08
   10.400000   1.86226837 -2.4815250676315933e-08
   10.400000   1.92703964 -2.6103858447419119e-08
   10.400000   1.99181073 -2.7628300861537570e-08
   10.400000   2.05658157 -2.9374797713301339e-08
   10.400000   2.12135212 -3.1325910668178900e-08
   10.400000   2.18612229 -3.3460103839244552e-08
   10.400000   2.25089198 -3.5751376699325980e-08
   10.400000   2.31566107 -3.8169020181191136e-08
   10.400000   2.38042940 -4.0677547747453226e-08
   10.400000   2.44519674 -4.3236850264480238e-08
   10.400000   2.50996278 -4.5802615708776150e-08
   10.400000   2.57472706 -4.8327041513879315e-08
   10.400000   2.63948889 -5.0759848896407626e-08
   10.400000   2.70424717 -5.3049585401854703e-08
   10.400000   2.76900006 -5.5145175917231393e-08
   10.400000   2.83374417 -5.6997655893349110e-08
   10.400000   2.89847256 -5.8561996577649978e-08
   10.400000   2.96316844 -5.9798914760892301e-08
   10.400000   3.02777863 -6.0676558065065530e-08
   10.400000   3.09200950 -6.1172077708659238e-08
   10.500000   0.04958315 -5.3374645424806236e-08
   10.500000   0.11381403 -5.2931345696128079e-08
   10.500000   0.17842421 -5.2146159282094017e-08
   10.500000   0.24312010 -5.1039474895187191e-08
   10.500000   0.30784849 -4.9639721267763208e-08
   10.500000   0.37259260 -4.7981968069788364e-08
   10.500000   0.43734549 -4.6106426857232296e-08
   10.500000   0.50210377 -4.4056840380594056e-08
   10.500000   0.56686560 -4.1878856826608847e-08
   10.500000   0.63162987 -3.9618484498633307e-08
   10.500000   0.69639591 -3.7320707252954561e-08
   10.500000   0.76116325 -3.5028319862731988e-08
   10.500000   0.82593158 -3.2781019088706958e-08
   10.500000   0.89070068 -3.0614763123059038e-08
   10.500000   0.95547037 -2.8561391562216384e-08
   10.500000   1.02024053 -2.6648481569085113e-08
   10.500000   1.08501108 -2.4899404008791768e-08
   10.500000   1.14978193 -2.3333536304903681e-08
   10.500000   1.21455301 -2.1966585964778144e-08
   10.500000   1.27932429 -2.0810979509776546e-08
   10.500000   1.34409571 -1.9876274931664128e-08
   10.500000   1.40886724 -1.9169560914106126e-08
   10.500000   1.47363885 -1.8695812154316757e-08
   10.500000   1.53841049 -1.8458176525747774e-08
   10.500000   1.60318216 -1.8458176236236151e-08
   10.500000   1.66795381 -1.8695811285761904e-08
   10.500000   1.73272541 -1.9169559468933061e-08
   10.500000   1.79749694 -1.9876272909975178e-08
   10.500000   1.86226837 -2.0810976913290931e-08
   10.500000   1.92703964 -2.1966582797078739e-08
   10.500000   1.99181073 -2.3333532571916416e-08
   10.500000   2.05658157 -2.4899399716125284e-08
   10.500000   2.12135212 -2.6648476724604715e-08
   10.500000   2.18612229 -2.8561386176582667e-08
   10.500000   2.25089198 -3.0614757209339784e-08
   10.500000   2.31566107 -3.2781012664506907e-08
   10.500000   2.38042940 -3.5028312945324902e-08
   10.500000   2.44519674 -3.7320699866723638e-08
   10.500000   2.50996278 -3.9618476669506062e-08
   10.500000   2.57472706 -4.1878848583027904e-08
   10.500000   2.63948889 -4.4056831758065653e-08
   10.500000   2.70424717 -4.6106417892653057e-08
   10.500000   2.76900006 -4.7981958802926412e-08
   10.500000   2.83374417 -4.9639711742238756e-08
   10.500000   2.89847256 -5.1039465156288621e-08
   10.500000   2.96316844 -5.2146149377932205e-08
   10.500000   3.02777863 -5.2931335676459104e-08
   10.500000   3.09200950 -5.3374635340967792e-08
   10.600000   0.04958315 -4.6489909450108109e-08
   10.600000   0.11381403 -4.6093298113414678e-08
   10.600000   0.17842421 -4.5390779479746013e-08
   10.600000   0.24312010 -4.4400550109701755e-08
   10.600000   0.30784849 -4.3147987114980126e-08
   10.600000   0.37259260 -4.1664403225508475e-08
   10.600000   0.43734549 -3.9985713028738891e-08
   10.600000   0.50210377 -3.8150999063610134e-08
   10.600000   0.56686560 -3.6201063425434320e-08
   10.600000   0.63162987 -3.4177049736071116e-08
   10.600000   0.69639591 -3.2119207002729882e-08
   10.600000   0.76116325 -3.0065848251947618e-08
   10.600000   0.82593158 -2.8052536068812663e-08
   10.600000   0.89070068 -2.6111506729537977e-08
   10.600000   0.95547037 -2.4271326302354632e-08
   10.600000   1.02024053 -2.2556757423949132e-08
   10.600000   1.08501108 -2.0988804767335667e-08
   10.600000   1.14978193 -1.9584900852323883e-08
   10.600000   1.21455301 -1.8359191291396507e-08
   10.600000   1.27932429 -1.7322879100574561e-08
   10.600000   1.34409571 -1.6484590721629776e-08
   10.600000   1.40886724 -1.5850730843316465e-08
   10.600000   1.47363885 -1.5425798550831326e-08
   10.600000   1.53841049 -1.5212643028709342e-08
   10.600000   1.60318216 -1.5212642769450477e-08
   10.600000   1.66795381 -1.5425797773103257e-08
   10.600000   1.73272541 -1.5850729547564429e-08
   10.600000   1.79749694 -1.6484588909182504e-08
   10.600000   1.86226837 -1.7322876774302337e-08
   10.600000   1.92703964 -1.8359188453799671e-08
   10.600000   1.99181073 -1.9584897508257316e-08
   10.600000   2.05658157 -2.0988800919844603e-08
   10.600000   2.12135212 -2.2556753082580894e-08
   10.600000   2.18612229 -2.4271321475602650e-08
   10.600000   2.25089198 -2.6111501429644402e-08
   10.600000   2.31566107 -2.8052530310693004e-08
   10.600000   2.38042940 -3.0065842050789858e-08
   10.600000   2.44519674 -3.2119200381183020e-08
   10.600000   2.50996278 -3.4177042716693928e-08
   10.600000   2.57472706 -3.6201056034964493e-08
   10.600000   2.63948889 -3.8150991332099982e-08
   10.600000   2.70424717 -3.9985704989171372e-08
   10.600000   2.76900006 -4.1664394914282792e-08
   10.600000   2.83374417 -4.3147978570311806e-08
   10.600000   2.89847256 -4.4400541373801116e-08
   10.600000   2.96316844 -4.5390770595469911e-08
   10.600000   3.02777863 -4.6093289125876465e-08
   10.600000   3.09200950 -4.6489900403747402e-08
   10.700000   0.04958315 -4.0415079514060064e-08
   10.700000   0.11381403 -4.0060214373004416e-08
   10.700000   0.17842421 -3.9431616651370542e-08
   10.700000   0.24312010 -3.8545529041281473e-08
   10.700000   0.30784849 -3.7424608036081486e-08
   10.700000   0.37259260 -3.6096815868549549e-08
   10.700000   0.43734549 -3.4594233499117357e-08
   10.700000   0.50210377 -3.2951783791712825e-08
   10.700000   0.56686560 -3.1205940857077298e-08
   10.700000   0.63162987 -2.9393500994000398e-08
   10.700000   0.69639591 -2.7550478937200847e-08
   10.700000   0.76116325 -2.5711176654511577e-08
   10.700000   0.82593158 -2.3907453569624571e-08
   10.700000   0.89070068 -2.2168208937582927e-08
   10.700000   0.95547037 -2.0519070821809013e-08
   10.700000   1.02024053 -1.8982272988154597e-08
   10.700000   1.08501108 -1.7576691481988280e-08
   10.700000   1.14978193 -1.6318006889116035e-08
   10.700000   1.21455301 -1.5218955895154710e-08
   10.700000   1.27932429 -1.4289636187292096e-08
   10.700000   1.34409571 -1.3537831325394871e-08
   10.700000   1.40886724 -1.2969326159115339e-08
   10.700000   1.47363885 -1.2588188158920208e-08
   10.700000   1.53841049 -1.2396995134489781e-08
   10.700000   1.60318216 -1.2396994902108316e-08
   10.700000   1.66795381 -1.2588187461575927e-08
   10.700000   1.73272541 -1.2969324998480351e-08
   10.700000   1.79749694 -1.3537829702269210e-08
   10.700000   1.86226837 -1.4289634103694723e-08
   10.700000   1.92703964 -1.5218953352545734e-08
   10.700000   1.99181073 -1.6318003891801330e-08
   10.700000   2.05658157 -1.7576688035199250e-08
   10.700000   2.12135212 -1.8982269098958059e-08
   10.700000   2.18612229 -2.0519066497261426e-08
   10.700000   2.25089198 -2.2168204188525062e-08
   10.700000   2.31566107 -2.3907448408941674e-08
   10.700000   2.38042940 -2.5711171096913525e-08
   10.700000   2.44519674 -2.7550473001907227e-08
   10.700000   2.50996278 -2.9393494701000403e-08
   10.700000   2.57472706 -3.1205934230679114e-08
   10.700000   2.63948889 -3.2951776860199635e-08
   10.700000   2.70424717 -3.4594226290986573e-08
   10.700000   2.76900006 -3.6096808416253134e-08
   10.700000   2.83374417 -3.7424600374063677e-08
   10.700000   2.89847256 -3.8545521207434163e-08
   10.700000   2.96316844 -3.9431608684457929e-08
   10.700000   3.02777863 -4.0060206312235200e-08
   10.700000   3.09200950 -4.0415071400965586e-08
   10.800000   0.04958315 -3.5058706288162629e-08
   10.800000   0.11381403 -3.4741171222694264e-08
   10.800000   0.17842421 -3.4178678038479523e-08
   10.800000   0.24312010 -3.3385727559841167e-08
   10.800000   0.30784849 -3.2382550263121258e-08
   10.800000   0.37259260 -3.1194119790900295e-08
   10.800000   0.43734549 -2.9849096272462768e-08
   10.800000   0.50210377 -2.8378689115760442e-08
   10.800000   0.56686560 -2.6815506685972952e-08
   10.800000   0.63162987 -2.5192459937716019e-08
   10.800000   0.69639591 -2.3541776753794593e-08
   10.800000   0.76116325 -2.1894169205630561e-08
   10.800000   0.82593158 -2.0278179673940556e-08
   10.800000   0.89070068 -1.8719715659692103e-08
   10.800000   0.95547037 -1.7241768623716796e-08
   10.800000   1.02024053 -1.5864300471572503e-08
   10.800000   1.08501108 -1.4604272741270291e-08
   10.800000   1.14978193 -1.3475788336591049e-08
   10.800000   1.21455301 -1.2490313440891313e-08
   10.800000   1.27932429 -1.1656947589686707e-08
   10.800000   1.34409571 -1.0982712070890062e-08
   10.800000   1.40886724 -1.0472830358368206e-08
   10.800000   1.47363885 -1.0130978496693913e-08
   10.800000   1.53841049 -9.9594879161158359e-09
   10.800000   1.60318216 -9.9594877083177626e-09
   10.800000   1.66795381 -1.0130977873331081e-08
   10.800000   1.73272541 -1.0472829319001028e-08
   10.800000   1.79749694 -1.0982710617093080e-08
   10.800000   1.86226837 -1.1656945722895033e-08
   10.800000   1.92703964 -1.2490311163730004e-08
   10.800000   1.99181073 -1.3475785651860172e-08
   10.800000   2.05658157 -1.4604269653389330e-08
   10.800000   2.12135212 -1.5864296986748743e-08
   10.800000   2.18612229 -1.7241764748518920e-08
   10.800000   2.25089198 -1.8719711403698310e-08
   10.800000   2.31566107 -2.0278175049101545e-08
   10.800000   2.38042940 -2.1894164224954921e-08
   10.800000   2.44519674 -2.3541771434288506e-08
   10.800000   2.50996278 -2.5192454298262063e-08
   10.800000   2.57472706 -2.6815500746658652e-08
   10.800000   2.63948889 -2.8378682901444958e-08
   10.800000   2.70424717 -2.9849089810053405e-08
   10.800000   2.76900006 -3.1194113110482452e-08
   10.800000   2.83374417 -3.2382543394126862e-08
   10.800000   2.89847256 -3.3385720535281639e-08
   10.800000   2.96316844 -3.4178670894909094e-08
   10.800000   3.02777863 -3.4741163995548735e-08
   10.800000   3.09200950 -3.5058699013305825e-08
   10.900000   0.04958315 -3.0339453802285633e-08
   10.900000   0.11381403 -3.0055302354947334e-08
   10.900000   0.17842421 -2.9551928126682561e-08
   10.900000   0.24312010 -2.8842278759727121e-08
   10.900000   0.30784849 -2.7944421004092453e-08
   10.900000   0.37259260 -2.6880662244788828e-08
   10.900000   0.43734549 -2.5676609638470566e-08
   10.900000   0.50210377 -2.4360157027336104e-08
   10.900000   0.56686560 -2.2960459500400512e-08
   10.900000   0.63162987 -2.1506955239623769e-08
   10.900000   0.69639591 -2.0028485216711568e-08
   10.900000   0.76116325 -1.8552548460472705e-08
   10.900000   0.82593158 -1.7104716199506463e-08
   10.900000   0.89070068 -1.5708213848905127e-08
   10.900000   0.95547037 -1.4383666965932290e-08
   10.900000   1.02024053 -1.3148996770107636e-08
   10.900000   1.08501108 -1.2019443201818372e-08
   10.900000   1.14978193 -1.1007688749894008e-08
   10.900000   1.21455301 -1.0124054281783777e-08
   10.900000   1.27932429 -9.3767383041745368e-09
   10.900000   1.34409571 -8.7720730458392584e-09
   10.900000   1.40886724 -8.3147738261034240e-09
   10.900000   1.47363885 -8.0081619227910741e-09
   10.900000   1.53841049 -7.8543452267183635e-09
   10.900000   1.60318216 -7.8543450404638851e-09
   10.900000   1.66795381 -8.0081613637042294e-09
   10.900000   1.73272541 -8.3147728957660602e-09
   10.900000   1.79749694 -8.7720717440345864e-09
   10.900000   1.86226837 -9.3767366324607251e-09
   10.900000   1.92703964 -1.0124052242410535e-08
   10.900000   1.99181073 -1.1007686345565103e-08
   10.900000   2.05658157 -1.2019440435785623e-08
   10.900000   2.12135212 -1.3148993648811043e-08
   10.900000   2.18612229 -1.4383663495022226e-08
   10.900000   2.25089198 -1.5708210036794259e-08
   10.900000   2.31566107 -1.7104712055424927e-08
   10.900000   2.38042940 -1.8552543997917567e-08
   10.900000   2.44519674 -2.0028480449711126e-08
   10.900000   2.50996278 -2.1506950185537898e-08
   10.900000   2.57472706 -2.2960454177953864e-08
   10.900000   2.63948889 -2.4360151458092818e-08
   10.900000   2.70424717 -2.5676603846295921e-08
   10.900000   2.76900006 -2.6880656255772948e-08
   10.900000   2.83374417 -2.7944414845918445e-08
   10.900000   2.89847256 -2.8842272463901789e-08
   10.900000   2.96316844 -2.9551921722179808e-08
   10.900000   3.02777863 -3.0055295875214082e-08
   10.900000   3.09200950 -3.0339447281718604e-08
   11.000000   0.04958315 -2.6184994690683418e-08
   11.000000   0.11381403 -2.5930699769891419e-08
   11.000000   0.17842421 -2.5480200827318617e-08
   11.000000   0.24312010 -2.4845060304583450e-08
   11.000000   0.30784849 -2.4041414799336287e-08
   11.000000   0.37259260 -2.3089192620624171e-08
   11.000000   0.43734549 -2.2011275832985789e-08
   11.000000   0.50210377 -2.0832597579995708e-08
   11.000000   0.56686560 -1.9579227788921404e-08
   11.000000   0.63162987 -1.8277500366539128e-08
   11.000000   0.69639591 -1.6953226896259934e-08
   11.000000   0.76116325 -1.5631030579612982e-08
   11.000000   0.82593158 -1.4333821320316694e-08
   11.000000   0.89070068 -1.3082420167113965e-08
   11.000000   0.95547037 -1.1895329849384411e-08
   11.000000   1.02024053 -1.0788638778171870e-08
   11.000000   1.08501108 -9.7760390298965492e-09
   11.000000   1.14978193 -8.8689345633009002e-09
   11.000000   1.21455301 -8.0766140635647019e-09
   11.000000   1.27932429 -7.4064629655230507e-09
   11.000000   1.34409571 -6.8641908796926861e-09
   11.000000   1.40886724 -6.4540533629473807e-09
   11.000000   1.47363885 -6.1790503283237856e-09
   11.000000   1.53841049 -6.0410869782003222e-09
   11.000000   1.60318216 -6.0410868109469369e-09
   11.000000   1.66795381 -6.1790498275204475e-09
   11.000000   1.73272541 -6.4540525296539729e-09
   11.000000   1.79749694 -6.8641897142366688e-09
   11.000000   1.86226837 -7.4064614690337602e-09
   11.000000   1.92703964 -8.0766122365979136e-09
   11.000000   1.99181073 -8.8689324098672868e-09
   11.000000   2.05658157 -9.7760365529939077e-09
   11.000000   2.12135212 -1.0788635981913158e-08
   11.000000   2.18612229 -1.1895326740199777e-08
   11.000000   2.25089198 -1.3082416752793892e-08
   11.000000   2.31566107 -1.4333817607583133e-08
   11.000000   2.38042940 -1.5631026581433492e-08
   11.000000   2.44519674 -1.6953222625790057e-08
   11.000000   2.50996278 -1.8277495837885131e-08
   11.000000   2.57472706 -1.9579223019594209e-08
   11.000000   2.63948889 -2.0832592588217452e-08
   11.000000   2.70424717 -2.2011270641754467e-08
   11.000000   2.76900006 -2.3089187252889739e-08
   11.000000   2.83374417 -2.4041409280542214e-08
   11.000000   2.89847256 -2.4845054660351739e-08
   11.000000   2.96316844 -2.5480195086338124e-08
   11.000000   3.02777863 -2.5930693961519655e-08
   11.000000   3.09200950 -2.6184988844753789e-08
   11.250000   0.04958315 -1.7865212626343032e-08
   11.250000   0.11381403 -1.7672488460266402e-08
   11.250000   0.17842421 -1.7331038091193738e-08
   11.250000   0.24312010 -1.6849580170839230e-08
   11.250000   0.30784849 -1.6240287324669804e-08
   11.250000   0.37259260 -1.5518199758480160e-08
   11.250000   0.43734549 -1.4700597438688841e-08
   11.250000   0.50210377 -1.3806323017931216e-08
   11.250000   0.56686560 -1.2855095036700477e-08
   11.250000   0.63162987 -1.1866851043622521e-08
   11.250000   0.69639591 -1.0861154440027942e-08
   11.250000   0.76116325 -9.8566904916396830e-09
   11.250000   0.82593158 -8.8708674723857726e-09
   11.250000   0.89070068 -7.9195294493454740e-09
   11.250000   0.95547037 -7.0167786418483814e-09
   11.250000   1.02024053 -6.1748982085773200e-09
   11.250000   1.08501108 -5.4043611221147424e-09
   11.250000   1.14978193 -4.7139074939680835e-09
   11.250000   1.21455301 -4.1106712274745491e-09
   11.250000   1.27932429 -3.6003368874657271e-09
   11.250000   1.34409571 -3.1873088642292985e-09
   11.250000   1.40886724 -2.8748769050915421e-09
   11.250000   1.47363885 -2.6653645515256790e-09
   11.250000   1.53841049 -2.5602497496594419e-09
   11.250000   1.60318216 -2.5602496235978664e-09
   11.250000   1.66795381 -2.6653641720000112e-09
   11.250000   1.73272541 -2.8748762724480105e-09
   11.250000   1.79749694 -3.1873079800918943e-09
   11.250000   1.86226837 -3.6003357522580152e-09
   11.250000   1.92703964 -4.1106698417125537e-09
   11.250000   1.99181073 -4.7139058597399134e-09
   11.250000   2.05658157 -5.4043592419616899e-09
   11.250000   2.12135212 -6.1748960868100400e-09
   11.250000   2.18612229 -7.0167762810923667e-09
   11.250000   2.25089198 -7.9195268560267582e-09
   11.250000   2.31566107 -8.8708646535634969e-09
   11.250000   2.38042940 -9.8566874557171322e-09
   11.250000   2.44519674 -1.0861151196750782e-08
   11.250000   2.50996278 -1.1866847603105313e-08
   11.250000   2.57472706 -1.2855091413552545e-08
   11.250000   2.63948889 -1.3806319225091161e-08
   11.250000   2.70424717 -1.4700593494065750e-08
   11.250000   2.76900006 -1.5518195678518038e-08
   11.250000   2.83374417 -1.6240283128741321e-08
   11.250000   2.89847256 -1.6849575880808951e-08
   11.250000   2.96316844 -1.7331033726668191e-08
   11.250000   3.02777863 -1.7672484044957200e-08
   11.250000   3.09200950 -1.7865208181305988e-08
   11.500000   0.04958315 -1.1868181180513743e-08
   11.500000   0.11381403 -1.1722058146190182e-08
   11.500000   0.17842421 -1.1463151779864869e-08
   11.500000   0.24312010 -1.1098041527269155e-08
   11.500000   0.30784849 -1.0635916711955045e-08
   11.500000   0.37259260 -1.0088136529931363e-08
   11.500000   0.43734549 -9.4677591053311659e-09
   11.500000   0.50210377 -8.7890330641306585e-09
   11.500000   0.56686560 -8.0668811077051499e-09
   11.500000   0.63162987 -7.3164052361132912e-09
   11.500000   0.69639591 -6.5524389923231302e-09
   11.500000   0.76116325 -5.7891659600272279e-09
   11.500000   0.82593158 -5.0398166788012074e-09
   11.500000   0.89070068 -4.3164491089950255e-09
   11.500000   0.95547037 -3.6298113520767990e-09
   11.500000   1.02024053 -2.9892799895008771e-09
   11.500000   1.08501108 -2.4028634690399635e-09
   11.500000   1.14978193 -1.8772574082600045e-09
   11.500000   1.21455301 -1.4179375393013161e-09
   11.500000   1.27932429 -1.0292759059331725e-09
   11.500000   1.34409571 -7.1466683025211619e-10
   11.500000   1.40886724 -4.7665056749778595e-10
   11.500000   1.47363885 -3.1702445243256114e-10
   11.500000   1.53841049 -2.3693333895642441e-10
   11.500000   1.60318216 -2.3693324299578460e-10
   11.500000   1.66795381 -3.1702416492707659e-10
   11.500000   1.73272541 -4.7665008826260131e-10
   11.500000   1.79749694 -7.1466615954861801e-10
   11.500000   1.86226837 -1.0292750451244377e-09
   11.500000   1.92703964 -1.4179364884211147e-09
   11.500000   1.99181073 -1.8772561692768294e-09
   11.500000   2.05658157 -2.4028620431083914e-09
   11.500000   2.12135212 -2.9892783803023197e-09
   11.500000   2.18612229 -3.6298095612263341e-09
   11.500000   2.25089198 -4.3164471412066795e-09
   11.500000   2.31566107 -5.0398145395801775e-09
   11.500000   2.38042940 -5.7891636560862202e-09
   11.500000   2.44519674 -6.5524365298320793e-09
   11.500000   2.50996278 -7.3164026245137788e-09
   11.500000   2.57472706 -8.0668783565411628e-09
   11.500000   2.63948889 -8.7890301842498755e-09
   11.500000   2.70424717 -9.4677561099324663e-09
   11.500000   2.76900006 -1.0088133431594324e-08
   11.500000   2.83374417 -1.0635913525314520e-08
   11.500000   2.89847256 -1.1098038268141332e-08
   11.500000   2.96316844 -1.1463148464179035e-08
   11.500000   3.02777863 -1.1722054791699056e-08
   11.500000   3.09200950 -1.1868177803129978e-08
   11.750000   0.04958315 -7.5802346011932074e-09
   11.750000   0.11381403 -7.4693973135422087e-09
   11.750000   0.17842421 -7.2729978637223475e-09
   11.750000   0.24312010 -6.9960050240103485e-09
   11.750000   0.30784849 -6.6453608882305626e-09
   11.750000   0.37259260 -6.2296503690559695e-09
   11.750000   0.43734549 -5.7587475137353864e-09
   11.750000   0.50210377 -5.2434333428371513e-09
   11.750000   0.56686560 -4.6950071697525335e-09
   11.750000   0.63162987 -4.1249136232846945e-09
   11.750000   0.69639591 -3.5444044441699509e-09
   11.750000   0.76116325 -2.9642495789753802e-09
   11.750000   0.82593158 -2.3945068379611998e-09
   11.750000   0.89070068 -1.8443541613571547e-09
   11.750000   0.95547037 -1.3219836707080398e-09
   11.750000   1.02024053 -8.3455271233982145e-10
   11.750000   1.08501108 -3.8818405006334078e-10
   11.750000   1.14978193  1.1994535088433766e-11
   11.750000   1.21455301  3.6178196841150381e-10
   11.750000   1.27932429  6.5781769498612299e-10
   11.750000   1.34409571  8.9748780211670327e-10
   11.750000   1.40886724  1.0788325574974766e-09
   11.750000   1.47363885  1.2004631353903416e-09
   11.750000   1.53841049  1.2614937410740385e-09
   11.750000   1.60318216  1.2614938135102772e-09
   11.750000   1.66795381  1.2004633530852979e-09
   11.750000   1.73272541  1.0788329210939024e-09
   11.750000   1.79749694  8.9748831002080410e-10
   11.750000   1.86226837  6.5781834763270535e-10
   11.750000   1.92703964  3.6178276514769344e-10
   11.750000   1.99181073  1.1995475100353884e-11
   11.750000   2.05658157 -3.8818296875325642e-10
   11.750000   2.12135212 -8.3455149131523589e-10
   11.750000   2.18612229 -1.3219823129536281e-09
   11.750000   2.25089198 -1.8443526688831346e-09
   11.750000   2.31566107 -2.3945052154085711e-09
   11.750000   2.38042940 -2.9642478308863274e-09
   11.750000   2.44519674 -3.5444025767327526e-09
   11.750000   2.50996278 -4.1249116414407657e-09
   11.750000   2.57472706 -4.6950050814229214e-09
   11.750000   2.63948889 -5.2434311564465166e-09
   11.750000   2.70424717 -5.7587452385715580e-09
   11.750000   2.76900006 -6.2296480165343012e-09
   11.750000   2.83374417 -6.6453584688383397e-09
   11.750000   2.89847256 -6.9960025489297088e-09
   11.750000   2.96316844 -7.2729953466257692e-09
   11.750000   3.02777863 -7.4693947655411370e-09
   11.750000   3.09200950 -7.5802320363730525e-09
   12.000000   0.04958315 -4.5455262062543219e-09
   12.000000   0.11381403 -4.4614179002183189e-09
   12.000000   0.17842421 -4.3123714688715335e-09
   12.000000   0.24312010 -4.1021419257233887e-09
   12.000000   0.30784849 -3.8359772446215672e-09
   12.000000   0.37259260 -3.5203698232153453e-09
   12.000000   0.43734549 -3.1627906186950364e-09
   12.000000   0.50210377 -2.7714016034312451e-09
   12.000000   0.56686560 -2.3547629820570252e-09
   12.000000   0.63162987 -1.9215518201952023e-09
   12.000000   0.69639591 -1.4803064307054687e-09
   12.000000   0.76116325 -1.0392074905301173e-09
   12.000000   0.82593158 -6.0590296544820370e-10
   12.000000   0.89070068 -1.8737996925731878e-10
   12.000000   0.95547037  2.1011690221726147e-10
   12.000000   1.02024053  5.8112427306109834e-10
   12.000000   1.08501108  9.2096152430139124e-10
   12.000000   1.14978193  1.2257024327462463e-09
   12.000000   1.21455301  1.4921249439004574e-09
   12.000000   1.27932429  1.7176471874194426e-09
   12.000000   1.34409571  1.9002574412605500e-09
   12.000000   1.40886724  2.0384449446057151e-09
   12.000000   1.47363885  2.1311374507650707e-09
   12.000000   1.53841049  2.1776502659517189e-09
   12.000000   1.60318216  2.1776503218324379e-09
   12.000000   1.66795381  2.1311376157445924e-09
   12.000000   1.73272541  2.0384452194296316e-09
   12.000000   1.79749694  1.9002578266517539e-09
   12.000000   1.86226837  1.7176476825360197e-09
   12.000000   1.92703964  1.4921255477570248e-09
   12.000000   1.99181073  1.2257031458797856e-09
   12.000000   2.05658157  9.2096234387090311e-10
   12.000000   2.12135212  5.8112519868572753e-10
   12.000000   2.18612229  2.1011793226629003e-10
   12.000000   2.25089198 -1.8737883701315276e-10
   12.000000   2.31566107 -6.0590173451509351e-10
   12.000000   2.38042940 -1.0392061642755969e-09
   12.000000   2.44519674 -1.4803050124404077e-09
   12.000000   2.50996278 -1.9215503157102699e-09
   12.000000   2.57472706 -2.3547613974648129e-09
   12.000000   2.63948889 -2.7713999443079516e-09
   12.000000   2.70424717 -3.1627888927373381e-09
   12.000000   2.76900006 -3.5203680376716304e-09
   12.000000   2.83374417 -3.8359754085397035e-09
   12.000000   2.89847256 -4.1021400471909592e-09
   12.000000   2.96316844 -4.3123695570176551e-09
   12.000000   3.02777863 -4.4614159669380902e-09
   12.000000   3.09200950 -4.5455242593448607e-09
   12.250000   0.04958315 -2.4260242793103819e-09
   12.250000   0.11381403 -2.3621716679669060e-09
   12.250000   0.17842421 -2.2490129754311418e-09
   12.250000   0.24312010 -2.0893878520324958e-09
   12.250000   0.30784849 -1.8872661478361806e-09
   12.250000   0.37259260 -1.6475608541851692e-09
   12.250000   0.43734549 -1.3759280482343028e-09
   12.250000   0.50210377 -1.0785503519455206e-09
   12.250000   0.56686560 -7.6191620639929361e-10
   12.250000   0.63162987 -4.3260745239743766e-10
   12.250000   0.69639591 -9.7106021985581213e-11
   12.250000   0.76116325  2.3837196183279594e-10
   12.250000   0.82593158  5.6800929339695721e-10
   12.250000   0.89070068  8.8648555112198865e-10
   12.250000   0.95547037  1.1890399993606002e-09
   12.250000   1.02024053  1.4715020709506703e-09
   12.250000   1.08501108  1.7302937365654342e-09
   12.250000   1.14978193  1.9624091821537931e-09
   12.250000   1.21455301  2.1653778210716609e-09
   12.250000   1.27932429  2.3372167458367004e-09
   12.250000   1.34409571  2.4763784274463474e-09
   12.250000   1.40886724  2.5816989106095781e-09
   12.250000   1.47363885  2.6523509454420476e-09
   12.250000   1.53841049  2.6878057008456229e-09
   12.250000   1.60318216  2.6878057424142582e-09
   12.250000   1.66795381  2.6523510707832410e-09
   12.250000   1.73272541  2.5816991198517536e-09
   12.250000   1.79749694  2.4763787202291023e-09
   12.250000   1.86226837  2.3372171205886630e-09
   12.250000   1.92703964  2.1653782788376057e-09
   12.250000   1.99181073  1.9624097230395439e-09
   12.250000   2.05658157  1.7302943588321868e-09
   12.250000   2.12135212  1.4715027731715346e-09
   12.250000   2.18612229  1.1890407800557491e-09
   12.250000   2.25089198  8.8648640967470217e-10
   12.250000   2.31566107  5.6801022688836613e-10
   12.250000   2.38042940  2.3837296827349882e-10
   12.250000   2.44519674 -9.7104945878489538e-11
   12.250000   2.50996278 -4.3260631161685378e-10
   12.250000   2.57472706 -7.6191500468075954e-10
   12.250000   2.63948889 -1.0785490935277647e-09
   12.250000   2.70424717 -1.3759267389274906e-09
   12.250000   2.76900006 -1.6475594995246678e-09
   12.250000   2.83374417 -1.8872647542004589e-09
   12.250000   2.89847256 -2.0893864265540053e-09
   12.250000   2.96316844 -2.2490115256246313e-09
   12.250000   3.02777863 -2.3621702008717946e-09
   12.250000   3.09200950 -2.4260228020209391e-09
   12.500000   0.04958315 -9.7155699632970820e-10
   12.500000   0.11381403 -9.2306100792846230e-10
   12.500000   0.17842421 -8.3711215583629077e-10
   12.500000   0.24312010 -7.1585924921730631e-10
   12.500000   0.30784849 -5.6230717934856988e-10
   12.500000   0.37259260 -3.8017600390332923e-10
   12.500000   0.43734549 -1.7375027441940405e-10
   12.500000   0.50210377  5.2284167371474290e-11
   12.500000   0.56686560  2.9300672797351769e-10
   12.500000   0.63162987  5.4342253459148899e-10
   12.500000   0.69639591  7.9860870966366313e-10
   12.500000   0.76116325  1.0538401730819913e-09
   12.500000   0.82593158  1.3046908685161467e-09
   12.500000   0.89070068  1.5471085014627374e-09
   12.500000   0.95547037  1.7774629565574047e-09
   12.500000   1.02024053  1.9925702326691963e-09
   12.500000   1.08501108  2.1896951072302113e-09
   12.500000   1.14978193  2.3665365694475490e-09
   12.500000   1.21455301  2.5212005529636919e-09
   12.500000   1.27932429  2.6521645687232450e-09
   12.500000   1.34409571  2.7582386168772971e-09
   12.500000   1.40886724  2.8385263607610496e-09
   12.500000   1.47363885  2.8923899340716800e-09
   12.500000   1.53841049  2.9194211549799149e-09
   12.500000   1.60318216  2.9194211870468605e-09
   12.500000   1.66795381  2.8923900287730510e-09
   12.500000   1.73272541  2.8385265189959061e-09
   12.500000   1.79749694  2.7582388391552790e-09
   12.500000   1.86226837  2.6521648529033415e-09
   12.500000   1.92703964  2.5212008997606183e-09
   12.500000   1.99181073  2.3665369785179159e-09
   12.500000   2.05658157  2.1896955789132044e-09
   12.500000   2.12135212  1.9925707650942947e-09
   12.500000   2.18612229  1.7774635483508321e-09
   12.500000   2.25089198  1.5471091522303649e-09
   12.500000   2.31566107  1.3046915762106397e-09
   12.500000   2.38042940  1.0538409363954257e-09
   12.500000   2.44519674  7.9860952452268127e-10
   12.500000   2.50996278  5.4342339966932992e-10
   12.500000   2.57472706  2.9300763988860135e-10
   12.500000   2.63948889  5.2285121923880245e-11
   12.500000   2.70424717 -1.7374928104612001e-10
   12.500000   2.76900006 -3.8017497603507170e-10
   12.500000   2.83374417 -5.6230612201156685e-10
   12.500000   2.89847256 -7.1585816733692279e-10
   12.500000   2.96316844 -8.3711105535015565e-10
   12.500000   3.02777863 -9.2305989479062256e-10
   12.500000   3.09200950 -9.7155587491232613e-10
   12.750000   0.04958315  2.5995247808541633e-12
   12.750000   0.11381403  3.9448074751634469e-11
   12.750000   0.17842421  1.0475786419513163e-10
   12.750000   0.24312010  1.9690184342627178e-10
   12.750000   0.30784849  3.1360414191953503e-10
   12.750000   0.37259260  4.5204632469816177e-10
   12.750000   0.43734549  6.0898095484854293e-10
   12.750000   0.50210377  7.8085470888066885e-10
   12.750000   0.56686560  9.6393411682351969e-10
   12.750000   0.63162987  1.1544268746186186e-09
   12.750000   0.69639591  1.3485925959006980e-09
   12.750000   0.76116325  1.5428382459449119e-09
   12.750000   0.82593158  1.7337951424453279e-09
   12.750000   0.89070068  1.9183760416208702e-09
   12.750000   0.95547037  2.0938123718307027e-09
   12.750000   1.02024053  2.2576729937922443e-09
   12.750000   1.08501108  2.4078668359510029e-09
   12.750000   1.14978193  2.5426324576871775e-09
   12.750000   1.21455301  2.6605179341937456e-09
   12.750000   1.27932429  2.7603545146290672e-09
   12.750000   1.34409571  2.8412273922949968e-09
   12.750000   1.40886724  2.9024465810133774e-09
   12.750000   1.47363885  2.9435204712100081e-09
   12.750000   1.53841049  2.9641341712027905e-09
   12.750000   1.60318216  2.9641341949173770e-09
   12.750000   1.66795381  2.9435205424149680e-09
   12.750000   1.73272541  2.9024467006561803e-09
   12.750000   1.79749694  2.8412275603808952e-09
   12.750000   1.86226837  2.7603547302689450e-09
   12.750000   1.92703964  2.6605181972785366e-09
   12.750000   1.99181073  2.5426327681477127e-09
   12.750000   2.05658157  2.4078671927693903e-09
   12.750000   2.12135212  2.2576733978792143e-09
   12.750000   2.18612229  2.0938128208318343e-09
   12.750000   2.25089198  1.9183765352333387e-09
   12.750000   2.31566107  1.7337956794180596e-09
   12.750000   2.38042940  1.5428388247560566e-09
   12.750000   2.44519674  1.3485932142174517e-09
   12.750000   2.50996278  1.1544275314082199e-09
   12.750000   2.57472706  9.6393480843816236e-10
   12.750000   2.63948889  7.8085543363168203e-10
   12.750000   2.70424717  6.0898170853537505e-10
   12.750000   2.76900006  4.5204710436882700e-10
   12.750000   2.83374417  3.1360494439498091e-10
   12.750000   2.89847256  1.9690266342049096e-10
   12.750000   2.96316844  1.0475869891569410e-10
   12.750000   3.02777863  3.9448920634122448e-11
   12.750000   3.09200950  2.6003754538486933e-12
   13.000000   0.04958315  6.3247581768368942e-10
   13.000000   0.11381403  6.6048638504861742e-10
   13.000000   0.17842421  7.1013442695205843e-10
   13.000000   0.24312010  7.8018722005521595e-10
   13.000000   0.30784849  8.6892003352676526e-10
   13.000000   0.37259260  9.7419630473785301e-10
   13.000000   0.43734549  1.0935533170064351e-09
   13.000000   0.50210377  1.2242951310344130e-09
   13.000000   0.56686560  1.3635875982971605e-09
   13.000000   0.63162987  1.5085501273318515e-09
   13.000000   0.69639591  1.6563395815965333e-09
   13.000000   0.76116325  1.8042227182480543e-09
   13.000000   0.82593158  1.9496347723551734e-09
   13.000000   0.89070068  2.0902230586037070e-09
   13.000000   0.95547037  2.2238756058946948e-09
   13.000000   1.02024053  2.3487358131264768e-09
   13.000000   1.08501108  2.4632049058680294e-09
   13.000000   1.14978193  2.5659344584853195e-09
   13.000000   1.21455301  2.6558115313401597e-09
   13.000000   1.27932429  2.7319390459550389e-09
   13.000000   1.34409571  2.7936139046864110e-09
   13.000000   1.40886724  2.8403051242255920e-09
   13.000000   1.47363885  2.8716339602171517e-09
   13.000000   1.53841049  2.8873575993461769e-09
   13.000000   1.60318216  2.8873576173068037e-09
   13.000000   1.66795381  2.8716340150955560e-09
   13.000000   1.73272541  2.8403052143693198e-09
   13.000000   1.79749694  2.7936140311284946e-09
   13.000000   1.86226837  2.7319392105896234e-09
   13.000000   1.92703964  2.6558117303919564e-09
   13.000000   1.99181073  2.5659346938078437e-09
   13.000000   2.05658157  2.4632051770371948e-09
   13.000000   2.12135212  2.3487361185845790e-09
   13.000000   2.18612229  2.2238759469105817e-09
   13.000000   2.25089198  2.0902234333513372e-09
   13.000000   2.31566107  1.9496351790421744e-09
   13.000000   2.38042940  1.8042231567601894e-09
   13.000000   2.44519674  1.6563400509455645e-09
   13.000000   2.50996278  1.5085506246527336e-09
   13.000000   2.57472706  1.3635881230069601e-09
   13.000000   2.63948889  1.2242956802160170e-09
   13.000000   2.70424717  1.0935538883092505e-09
   13.000000   2.76900006  9.7419689694409295e-10
   13.000000   2.83374417  8.6892064240372471e-10
   13.000000   2.89847256  7.8018784287956726e-10
   13.000000   2.96316844  7.1013505992288051e-10
   13.000000   3.02777863  6.6048702523695741e-10
   13.000000   3.09200950  6.3247646349830100e-10
   13.250000   0.04958315  1.0179240889696261e-09
   13.250000   0.11381403  1.0392255367519383e-09
   13.250000   0.17842421  1.0769836748765219e-09
   13.250000   0.24312010  1.1302639906389521e-09
   13.250000   0.30784849  1.1977586763712245e-09
   13.250000   0.37259260  1.2778471727754254e-09
   13.250000   0.43734549  1.3686608559207985e-09
   13.250000   0.50210377  1.4681532415775657e-09
   13.250000   0.56686560  1.5741718245141531e-09
   13.250000   0.63162987  1.6845275420918330e-09
   13.250000   0.69639591  1.7970583642934149e-09
   13.250000   0.76116325  1.9096843009728675e-09
   13.250000   0.82593158  2.0204519900033877e-09
   13.250000   0.89070068  2.1275680060482438e-09
   13.250000   0.95547037  2.2294208636491991e-09
   13.250000   1.02024053  2.3245924617734698e-09
   13.250000   1.08501108  2.4118602687662578e-09
   13.250000   1.14978193  2.4901919703757947e-09
   13.250000   1.21455301  2.5587344781632748e-09
   13.250000   1.27932429  2.6167992976065232e-09
   13.250000   1.34409571  2.6638461275457812e-09
   13.250000   1.40886724  2.6994664480876301e-09
   13.250000   1.47363885  2.7233685571404537e-09
   13.250000   1.53841049  2.7353652857373147e-09
   13.250000   1.60318216  2.7353652991059513e-09
   13.250000   1.66795381  2.7233685981213126e-09
   13.250000   1.73272541  2.6994665171417537e-09
   13.250000   1.79749694  2.6638462240500713e-09
   13.250000   1.86226837  2.6167994214451790e-09
   13.250000   1.92703964  2.5587346299135398e-09
   13.250000   1.99181073  2.4901921483388012e-09
   13.250000   2.05658157  2.4118604745597130e-09
   13.250000   2.12135212  2.3245926932996842e-09
   13.250000   2.18612229  2.2294211221094483e-09
   13.250000   2.25089198  2.1275682898179197e-09
   13.250000   2.31566107  2.0204522989504400e-09
   13.250000   2.38042940  1.9096846337758166e-09
   13.250000   2.44519674  1.7970587203820583e-09
   13.250000   2.50996278  1.6845279199315665e-09
   13.250000   2.57472706  1.5741722226873753e-09
   13.250000   2.63948889  1.4681536586342724e-09
   13.250000   2.70424717  1.3686612901077265e-09
   13.250000   2.76900006  1.2778476222396443e-09
   13.250000   2.83374417  1.1977591378108648e-09
   13.250000   2.89847256  1.1302644632152907e-09
   13.250000   2.96316844  1.0769841553301587e-09
   13.250000   3.02777863  1.0392260235205111e-09
   13.250000   3.09200950  1.0179245788080729e-09
   13.500000   0.04958315  1.2319585562362212e-09
   13.500000   0.11381403  1.2481647252056857e-09
   13.500000   0.17842421  1.2768925005247730e-09
   13.500000   0.24312010  1.3174330371779263e-09
   13.500000   0.30784849  1.3687941134167060e-09
   13.500000   0.37259260  1.4297458883019868e-09
   13.500000   0.43734549  1.4988697687103076e-09
   13.500000   0.50210377  1.5746114895024327e-09
   13.500000   0.56686560  1.6553354645109071e-09
   13.500000   0.63162987  1.7393773971225400e-09
   13.500000   0.69639591  1.8250925101716918e-09
   13.500000   0.76116325  1.9108973302260879e-09
   13.500000   0.82593158  1.9953036368152719e-09
   13.500000   0.89070068  2.0769439101775985e-09
   13.500000   0.95547037  2.1545882352707968e-09
   13.500000   1.02024053  2.2271532230434791e-09
   13.500000   1.08501108  2.2937039078498353e-09
   13.500000   1.14978193  2.3534499097160944e-09
   13.500000   1.21455301  2.4057373068651032e-09
   13.500000   1.27932429  2.4500377115771860e-09
   13.500000   1.34409571  2.4859359767790204e-09
   13.500000   1.40886724  2.5131178569433754e-09
   13.500000   1.47363885  2.5313587410387738e-09
   13.500000   1.53841049  2.5405143975646985e-09
   13.500000   1.60318216  2.5405144079801601e-09
   13.500000   1.66795381  2.5313587725911647e-09
   13.500000   1.73272541  2.5131179089898413e-09
   13.500000   1.79749694  2.4859360495801647e-09
   13.500000   1.86226837  2.4500378052302693e-09
   13.500000   1.92703964  2.4057374217359495e-09
   13.500000   1.99181073  2.3534500449969093e-09
   13.500000   2.05658157  2.2937040641724396e-09
   13.500000   2.12135212  2.2271533995441114e-09
   13.500000   2.18612229  2.1545884307906833e-09
   13.500000   2.25089198  2.0769441254417597e-09
   13.500000   2.31566107  1.9953038718956990e-09
   13.500000   2.38042940  1.9108975832455880e-09
   13.500000   2.44519674  1.8250927800795222e-09
   13.500000   2.50996278  1.7393776835737505e-09
   13.500000   2.57472706  1.6553357668870666e-09
   13.500000   2.63948889  1.5746118062299238e-09
   13.500000   2.70424717  1.4988700973556414e-09
   13.500000   2.76900006  1.4297462282980299e-09
   13.500000   2.83374417  1.3687944640906559e-09
   13.500000   2.89847256  1.3174333952723790e-09
   13.500000   2.96316844  1.2768928655045870e-09
   13.500000   3.02777863  1.2481650947383669e-09
   13.500000   3.09200950  1.2319589283046031e-09
   13.750000   0.04958315  1.3277202564698522e-09
   13.750000   0.11381403  1.3400550937199624e-09
   13.750000   0.17842421  1.3619213400220964e-09
   13.750000   0.24312010  1.3927810281480893e-09
   13.750000   0.30784849  1.4318809617210427e-09
   13.750000   0.37259260  1.4782873203723803e-09
   13.750000   0.43734549  1.5309226101136014e-09
   13.750000   0.50210377  1.5886058137379993e-09
   13.750000   0.56686560  1.6500935418253280e-09
   13.750000   0.63162987  1.7141199076566113e-09
   13.750000   0.69639591  1.7794331180614575e-09
   13.750000   0.76116325  1.8448272305765089e-09
   13.750000   0.82593158  1.9091680139964759e-09
   13.750000   0.89070068  1.9714123892711683e-09
   13.750000   0.95547037  2.0306214176508090e-09
   13.750000   1.02024053  2.0859672412709474e-09
   13.750000   1.08501108  2.1367346977980301e-09
   13.750000   1.14978193  2.1823185788992648e-09
   13.750000   1.21455301  2.2222176046790740e-09
   13.750000   1.27932429  2.2560262677322896e-09
   13.750000   1.34409571  2.2834256074788101e-09
   13.750000   1.40886724  2.3041739296413352e-09
   13.750000   1.47363885  2.3180983197426534e-09
   13.750000   1.53841049  2.3250876565932808e-09
   13.750000   1.60318216  2.3250876642102962e-09
   13.750000   1.66795381  2.3180983434337439e-09
   13.750000   1.73272541  2.3041739692733810e-09
   13.750000   1.79749694  2.2834256626471942e-09
   13.750000   1.86226837  2.2560263392598077e-09
   13.750000   1.92703964  2.2222176920844224e-09
   13.750000   1.99181073  2.1823186820110372e-09
   13.750000   2.05658157  2.1367348166198314e-09
   13.750000   2.12135212  2.0859673741146326e-09
   13.750000   2.18612229  2.0306215656720520e-09
   13.750000   2.25089198  1.9714125525747542e-09
   13.750000   2.31566107  1.9091681919235898e-09
   13.750000   2.38042940  1.8448274222799329e-09
   13.750000   2.44519674  1.7794333230492186e-09
   13.750000   2.50996278  1.7141201247842334e-09
   13.750000   2.57472706  1.6500937711948511e-09
   13.750000   2.63948889  1.5886060534397168e-09
   13.750000   2.70424717  1.5309228596259845e-09
   13.750000   2.76900006  1.4782875787028613e-09
   13.750000   2.83374417  1.4318812275344706e-09
   13.750000   2.89847256  1.3927813000614614e-09
   13.750000   2.96316844  1.3619216158814704e-09
   13.750000   3.02777863  1.3400553732450096e-09
   13.750000   3.09200950  1.3277205392078368e-09
   14.000000   0.04958315  1.3436655001143099e-09
   14.000000   0.11381403  1.3530576601102528e-09
   14.000000   0.17842421  1.3697080601403387e-09
   14.000000   0.24312010  1.3932081982859433e-09
   14.000000   0.30784849  1.4229860198414319e-09
   14.000000   0.37259260  1.4583321114871516e-09
   14.000000   0.43734549  1.4984276492434853e-09
   14.000000   0.50210377  1.5423748015915087e-09
   14.000000   0.56686560  1.5892278969103053e-09
   14.000000   0.63162987  1.6380236614703179e-09
   14.000000   0.69639591  1.6878090028286385e-09
   14.000000   0.76116325  1.7376651521606908e-09
   14.000000   0.82593158  1.7867273679422534e-09
   14.000000   0.89070068  1.8341997921949099e-09
   14.000000   0.95547037  1.8793654294309725e-09
   14.000000   1.02024053  1.9215915409611210e-09
   14.000000   1.08501108  1.9603309982457905e-09
   14.000000   1.14978193  1.9951203196624803e-09
   14.000000   1.21455301  2.0255752100213863e-09
   14.000000   1.27932429  2.0513844612659284e-09
   14.000000   1.34409571  2.0723030235937496e-09
   14.000000   1.40886724  2.0881450240754736e-09
   14.000000   1.47363885  2.0987773633938024e-09
   14.000000   1.53841049  2.1041144493265694e-09
   14.000000   1.60318216  2.1041144549162018e-09
   14.000000   1.66795381  2.0987773808111221e-09
   14.000000   1.73272541  2.0881450533884934e-09
   14.000000   1.79749694  2.0723030658677992e-09
   14.000000   1.86226837  2.0513845153980550e-09
   14.000000   1.92703964  2.0255752762291636e-09
   14.000000   1.99181073  1.9951203969777126e-09
   14.000000   2.05658157  1.9603310878858849e-09
   14.000000   2.12135212  1.9215916425453233e-09
   14.000000   2.18612229  1.8793655417705399e-09
   14.000000   2.25089198  1.8341999154578160e-09
   14.000000   2.31566107  1.7867275028269316e-09
   14.000000   2.38042940  1.7376652976381365e-09
   14.000000   2.44519674  1.6878091588987932e-09
   14.000000   2.50996278  1.6380238257101111e-09
   14.000000   2.57472706  1.5892280702054098e-09
   14.000000   2.63948889  1.5423749835172108e-09
   14.000000   2.70424717  1.4984278387812334e-09
   14.000000   2.76900006  1.4583323076392933e-09
   14.000000   2.83374417  1.4229862214506227e-09
   14.000000   2.89847256  1.3932084043396502e-09
   14.000000   2.96316844  1.3697082700833024e-09
   14.000000   3.02777863  1.3530578727758969e-09
   14.000000   3.09200950  1.3436657143454818e-09
   14.250000   0.04958315  1.3074268879491989e-09
   14.250000   0.11381403  1.3145812940630032e-09
   14.250000   0.17842421  1.3272651198671528e-09
   14.250000   0.24312010  1.3451680116240343e-09
   14.250000   0.30784849  1.3678552722291313e-09
   14.250000   0.37259260  1.3947876945586744e-09
   14.250000   0.43734549  1.4253427285584747e-09
   14.250000   0.50210377  1.4588375023655832e-09
   14.250000   0.56686560  1.4945524514501758e-09
   14.250000   0.63162987  1.5317542660488628e-09
   14.250000   0.69639591  1.5697169837358393e-09
   14.250000   0.76116325  1.6077403618779116e-09
   14.250000   0.82593158  1.6451648916638449e-09
   14.250000   0.89070068  1.6813831557868762e-09
   14.250000   0.95547037  1.7158474901212175e-09
   14.250000   1.02024053  1.7480741743982851e-09
   14.250000   1.08501108  1.7776445519349546e-09
   14.250000   1.14978193  1.8042036314758237e-09
   14.250000   1.21455301  1.8274567745726500e-09
   14.250000   1.27932429  1.8471651340601730e-09
   14.250000   1.34409571  1.8631404463031313e-09
   14.250000   1.40886724  1.8752397764961734e-09
   14.250000   1.47363885  1.8833606862291685e-09
   14.250000   1.53841049  1.8874372569995641e-09
   14.250000   1.60318216  1.8874372616427340e-09
   14.250000   1.66795381  1.8833607006672963e-09
   14.250000   1.73272541  1.8752397991403101e-09
   14.250000   1.79749694  1.8631404779709602e-09
   14.250000   1.86226837  1.8471651742928651e-09
   14.250000   1.92703964  1.8274568248142939e-09
   14.250000   1.99181073  1.8042036906145178e-09
   14.250000   2.05658157  1.7776446202628947e-09
   14.250000   2.12135212  1.7480742510062988e-09
   14.250000   2.18612229  1.7158475752820441e-09
   14.250000   2.25089198  1.6813832498580472e-09
   14.250000   2.31566107  1.6451649943158320e-09
   14.250000   2.38042940  1.6077404720036110e-09
   14.250000   2.44519674  1.5697171017061520e-09
   14.250000   2.50996278  1.5317543907671189e-09
   14.250000   2.57472706  1.4945525843383407e-09
   14.250000   2.63948889  1.4588376399870177e-09
   14.250000   2.70424717  1.4253428726472504e-09
   14.250000   2.76900006  1.3947878434170585e-09
   14.250000   2.83374417  1.3678554246776612e-09
   14.250000   2.89847256  1.3451681682152750e-09
   14.250000   2.96316844  1.3272652796645102e-09
   14.250000   3.02777863  1.3145814551611908e-09
   14.250000   3.09200950  1.3074270501129252e-09
   14.500000   0.04958315  1.2386830356638758e-09
   14.500000   0.11381403  1.2441350161367375e-09
   14.500000   0.17842421  1.2538010364770353e-09
   14.500000   0.24312010  1.2674451894718779e-09
   14.500000   0.30784849  1.2847369917398455e-09
   14.500000   0.37259260  1.3052664066433349e-09
   14.500000   0.43734549  1.3285598847534073e-09
   14.500000   0.50210377  1.3540978113582120e-09
   14.500000   0.56686560  1.3813324291040431e-09
   14.500000   0.63162987  1.4097052553703585e-09
   14.500000   0.69639591  1.4386631133069790e-09
   14.500000   0.76116325  1.4676721144211770e-09
   14.500000   0.82593158  1.4962291028750240e-09
   14.500000   0.89070068  1.5238703390482573e-09
   14.500000   0.95547037  1.5501773855646502e-09
   14.500000   1.02024053  1.5747803567409001e-09
   14.500000   1.08501108  1.5973588402718979e-09
   14.500000   1.14978193  1.6176408970695542e-09
   14.500000   1.21455301  1.6354006045567646e-09
   14.500000   1.27932429  1.6504546411013449e-09
   14.500000   1.34409571  1.6626583714128591e-09
   14.500000   1.40886724  1.6719018822858384e-09
   14.500000   1.47363885  1.6781063414988769e-09
   14.500000   1.53841049  1.6812209849040752e-09
   14.500000   1.60318216  1.6812209891201052e-09
   14.500000   1.66795381  1.6781063515421386e-09
   14.500000   1.73272541  1.6719018996230387e-09
   14.500000   1.79749694  1.6626583952952234e-09
   14.500000   1.86226837  1.6504546720742908e-09
   14.500000   1.92703964  1.6354006423935680e-09
   14.500000   1.99181073  1.6176409410613603e-09
   14.500000   2.05658157  1.5973588916248941e-09
   14.500000   2.12135212  1.5747804141328452e-09
   14.500000   2.18612229  1.5501774503787833e-09
   14.500000   2.25089198  1.5238704107431664e-09
   14.500000   2.31566107  1.4962291805106810e-09
   14.500000   2.38042940  1.4676721986812829e-09
   14.500000   2.44519674  1.4386632027088555e-09
   14.500000   2.50996278  1.4097053494590243e-09
   14.500000   2.57472706  1.3813325285708634e-09
   14.500000   2.63948889  1.3540979152606959e-09
   14.500000   2.70424717  1.3285599937432439e-09
   14.500000   2.76900006  1.3052665183546037e-09
   14.500000   2.83374417  1.2847371068116714e-09
   14.500000   2.89847256  1.2674453082775630e-09
   14.500000   2.96316844  1.2538011569070333e-09
   14.500000   3.02777863  1.2441351382260507e-09
   14.500000   3.09200950  1.2386831597416495e-09
   14.750000   0.04958315  1.1512885054767872e-09
   14.750000   0.11381403  1.1554447761783314e-09
   14.750000   0.17842421  1.1628138568759868e-09
   14.750000   0.24312010  1.1732163415838526e-09
   14.750000   0.30784849  1.1864008536016978e-09
   14.750000   0.37259260  1.2020554372740270e-09
   14.750000   0.43734549  1.2198197163268479e-09
   14.750000   0.50210377  1.2392981268510725e-09
   14.750000   0.56686560  1.2600735173746234e-09
   14.750000   0.63162987  1.2817203786432367e-09
   14.750000   0.69639591  1.3038170315853627e-09
   14.750000   0.76116325  1.3259562735765010e-09
   14.750000   0.82593158  1.3477541053785441e-09
   14.750000   0.89070068  1.3688563722122488e-09
   14.750000   0.95547037  1.3889432808629263e-09
   14.750000   1.02024053  1.4077319264004503e-09
   14.750000   1.08501108  1.4249770363830695e-09
   14.750000   1.14978193  1.4404702592723456e-09
   14.750000   1.21455301  1.4540383444784056e-09
   14.750000   1.27932429  1.4655405757762111e-09
   14.750000   1.34409571  1.4748658334632474e-09
   14.750000   1.40886724  1.4819295991191270e-09
   14.750000   1.47363885  1.4866712094412732e-09
   14.750000   1.53841049  1.4890515769569873e-09
   14.750000   1.60318216  1.4890515803525073e-09
   14.750000   1.66795381  1.4866712172046476e-09
   14.750000   1.73272541  1.4819296126171391e-09
   14.750000   1.79749694  1.4748658518020072e-09
   14.750000   1.86226837  1.4655405992685760e-09
   14.750000   1.92703964  1.4540383730233326e-09
   14.750000   1.99181073  1.4404702937464918e-09
   14.750000   2.05658157  1.4249770754962780e-09
   14.750000   2.12135212  1.4077319706389571e-09
   14.750000   2.18612229  1.3889433297398812e-09
   14.750000   2.25089198  1.3688564255136213e-09
   14.750000   2.31566107  1.3477541637848641e-09
   14.750000   2.38042940  1.3259563372252490e-09
   14.750000   2.44519674  1.3038170994343833e-09
   14.750000   2.50996278  1.2817204499062520e-09
   14.750000   2.57472706  1.2600735940115245e-09
   14.750000   2.63948889  1.2392982069563504e-09
   14.750000   2.70424717  1.2198197998952384e-09
   14.750000   2.76900006  1.2020555228777684e-09
   14.750000   2.83374417  1.1864009416081132e-09
   14.750000   2.89847256  1.1732164322731205e-09
   14.750000   2.96316844  1.1628139487715221e-09
   14.750000   3.02777863  1.1554448680195516e-09
   14.750000   3.09200950  1.1512885990387835e-09
   15.000000   0.04958315  1.0548520490071303e-09
   15.000000   0.11381403  1.0580217505245516e-09
   15.000000   0.17842421  1.0636418407607630e-09
   15.000000   0.24312010  1.0715758171374907e-09
   15.000000   0.30784849  1.0816323853220840e-09
   15.000000   0.37259260  1.0935741011476313e-09
   15.000000   0.43734549  1.1071265912163314e-09
   15.000000   0.50210377  1.1219885956272947e-09
   15.000000   0.56686560  1.1378422956855347e-09
   15.000000   0.63162987  1.1543633650506920e-09
   15.000000   0.69639591  1.1712302428773992e-09
   15.000000   0.76116325  1.1881322405657793e-09
   15.000000   0.82593158  1.2047761983696862e-09
   15.000000   0.89070068  1.2208915699849654e-09
   15.000000   0.95547037  1.2362338867490281e-09
   15.000000   1.02024053  1.2505867160236818e-09
   15.000000   1.08501108  1.2637622655378581e-09
   15.000000   1.14978193  1.2756008785275224e-09
   15.000000   1.21455301  1.2859696778867865e-09
   15.000000   1.27932429  1.2947606431858579e-09
   15.000000   1.34409571  1.3018883984872308e-09
   15.000000   1.40886724  1.3072879571694313e-09
   15.000000   1.47363885  1.3109126343579873e-09
   15.000000   1.53841049  1.3127323391024044e-09
   15.000000   1.60318216  1.3127323407520726e-09
   15.000000   1.66795381  1.3109126406945794e-09
   15.000000   1.73272541  1.3072879659324903e-09
   15.000000   1.79749694  1.3018884129869170e-09
   15.000000   1.86226837  1.2947606608907706e-09
   15.000000   1.92703964  1.2859696992221439e-09
   15.000000   1.99181073  1.2756009043842311e-09
   15.000000   2.05658157  1.2637622954123929e-09
   15.000000   2.12135212  1.2505867490024046e-09
   15.000000   2.18612229  1.2362339238470682e-09
   15.000000   2.25089198  1.2208916111641470e-09
   15.000000   2.31566107  1.2047762428274035e-09
   15.000000   2.38042940  1.1881322878769324e-09
   15.000000   2.44519674  1.1712302949859446e-09
   15.000000   2.50996278  1.1543634197597080e-09
   15.000000   2.57472706  1.1378423530876942e-09
   15.000000   2.63948889  1.1219886556769767e-09
   15.000000   2.70424717  1.1071266539935145e-09
   15.000000   2.76900006  1.0935741656370627e-09
   15.000000   2.83374417  1.0816324520811443e-09
   15.000000   2.89847256  1.0715758857354164e-09
   15.000000   2.96316844  1.0636419107450958e-09
   15.000000   3.02777863  1.0580218214261091e-09
   15.000000   3.09200950  1.0548521202667333e-09
   15.250000   0.04958315  9.5590378248723311e-10
   15.250000   0.11381403  9.5832199210786654e-10
   15.250000   0.17842421  9.6260978280635881e-10
   15.250000   0.24312010  9.6866324897408081e-10
   15.250000   0.30784849  9.7633675077406069e-10
   15.250000   0.37259260  9.8544947808150398e-10
   15.250000   0.43734549  9.9579244667128303e-10
   15.250000   0.50210377  1.0071361208221230e-09
   15.250000   0.56686560  1.0192382629278047e-09
   15.250000   0.63162987  1.0318515739470301e-09
   15.250000   0.69639591  1.0447307478276639e-09
   15.250000   0.76116325  1.0576386522405619e-09
   15.250000   0.82593158  1.0703514071183044e-09
   15.250000   0.89070068  1.0826622726558946e-09
   15.250000   0.95547037  1.0943843123398095e-09
   15.250000   1.02024053  1.1053519083129980e-09
   15.250000   1.08501108  1.1154212488769435e-09
   15.250000   1.14978193  1.1244699693614257e-09
   15.250000   1.21455301  1.1323961439677582e-09
   15.250000   1.27932429  1.1391168457017972e-09
   15.250000   1.34409571  1.1445664739946439e-09
   15.250000   1.40886724  1.1486950572513705e-09
   15.250000   1.47363885  1.1514666736287036e-09
   15.250000   1.53841049  1.1528581548320706e-09
   15.250000   1.60318216  1.1528581564022072e-09
   15.250000   1.66795381  1.1514666787783163e-09
   15.250000   1.73272541  1.1486950650466356e-09
   15.250000   1.79749694  1.1445664850341428e-09
   15.250000   1.86226837  1.1391168586314044e-09
   15.250000   1.92703964  1.1323961608396967e-09
   15.250000   1.99181073  1.1244699892107761e-09
   15.250000   2.05658157  1.1154212717586903e-09
   15.250000   2.12135212  1.1053519337454286e-09
   15.250000   2.18612229  1.0943843407214907e-09
   15.250000   2.25089198  1.0826623044554820e-09
   15.250000   2.31566107  1.0703514411978499e-09
   15.250000   2.38042940  1.0576386895175079e-09
   15.250000   2.44519674  1.0447307876276553e-09
   15.250000   2.50996278  1.0318516152245619e-09
   15.250000   2.57472706  1.0192383076398023e-09
   15.250000   2.63948889  1.0071361663288643e-09
   15.250000   2.70424717  9.9579249415737466e-10
   15.250000   2.76900006  9.8544952710598426e-10
   15.250000   2.83374417  9.7633680135965081e-10
   15.250000   2.89847256  9.6866330063990574e-10
   15.250000   2.96316844  9.6260983654639724e-10
   15.250000   3.02777863  9.5832204614426372e-10
   15.250000   3.09200950  9.5590383660616865e-10
   15.500000   0.04958315  8.5875633949972569e-10
   15.500000   0.11381403  8.6060189157179676e-10
   15.500000   0.17842421  8.6387439450860330e-10
   15.500000   0.24312010  8.6849472021017450e-10
   15.500000   0.30784849  8.7435193935348715e-10
   15.500000   0.37259260  8.8130830729408485e-10
   15.500000   0.43734549  8.8920457998079506e-10
   15.500000   0.50210377  8.9786579714304961e-10
   15.500000   0.56686560  9.0710725555328576e-10
   15.500000   0.63162987  9.1674031637040422e-10
   15.500000   0.69639591  9.2657778057746704e-10
   15.500000   0.76116325  9.3643859435229728e-10
   15.500000   0.82593158  9.4615173029194568e-10
   15.500000   0.89070068  9.5555916322068307e-10
   15.500000   0.95547037  9.6451790701981538e-10
   15.500000   1.02024053  9.7290120120150113e-10
   15.500000   1.08501108  9.8059889102970661e-10
   15.500000   1.14978193  9.8751717768196796e-10
   15.500000   1.21455301  9.9357786657722343e-10
   15.500000   1.27932429  9.9871728681455741e-10
   15.500000   1.34409571  1.0028850315983535e-09
   15.500000   1.40886724  1.0060426735208168e-09
   15.500000   1.47363885  1.0081625717293150e-09
   15.500000   1.53841049  1.0092268894819780e-09
   15.500000   1.60318216  1.0092268908840665e-09
   15.500000   1.66795381  1.0081625749548690e-09
   15.500000   1.73272541  1.0060426790887190e-09
   15.500000   1.79749694  1.0028850397565993e-09
   15.500000   1.86226837  9.9871729677599367e-10
   15.500000   1.92703964  9.9357787891544014e-10
   15.500000   1.99181073  9.8751719217531793e-10
   15.500000   2.05658157  9.8059890752187629e-10
   15.500000   2.12135212  9.7290122046187085e-10
   15.500000   2.18612229  9.6451792850038605e-10
   15.500000   2.25089198  9.5555918606605625e-10
   15.500000   2.31566107  9.4615175666360409e-10
   15.500000   2.38042940  9.3643862187770473e-10
   15.500000   2.44519674  9.2657781046218818e-10
   15.500000   2.50996278  9.1674034770968794e-10
   15.500000   2.57472706  9.0710728788051357e-10
   15.500000   2.63948889  8.9786583217071224e-10
   15.500000   2.70424717  8.8920461525693654e-10
   15.500000   2.76900006  8.8130834479935866e-10
   15.500000   2.83374417  8.7435197709676709e-10
   15.500000   2.89847256  8.6849475932033761e-10
   15.500000   2.96316844  8.6387443509048523e-10
   15.500000   3.02777863  8.6060193217566939e-10
   15.500000   3.09200950  8.5875638036867238e-10
   15.750000   0.04958315  7.6613845350527155e-10
   15.750000   0.11381403  7.6754745391583643e-10
   15.750000   0.17842421  7.7004594924902950e-10
   15.750000   0.24312010  7.7357365302996938e-10
   15.750000   0.30784849  7.7804603909704939e-10
   15.750000   0.37259260  7.8335812775695265e-10
   15.750000   0.43734549  7.8938852473720921e-10
   15.750000   0.50210377  7.9600381699330477e-10
   15.750000   0.56686560  8.0306311759108778e-10
   15.750000   0.63162987  8.1042248164241711e-10
   15.750000   0.69639591  8.1793899973809597e-10
   15.750000   0.76116325  8.2547439105064403e-10
   15.750000   0.82593158  8.3289796214157050e-10
   15.750000   0.89070068  8.4008888775140748e-10
   15.750000   0.95547037  8.4693777408732612e-10
   15.750000   1.02024053  8.5334757531378539e-10
   15.750000   1.08501108  8.5923390002926466e-10
   15.750000   1.14978193  8.6452483468715363e-10
   15.750000   1.21455301  8.6916038113145410e-10
   15.750000   1.27932429  8.7309164990519170e-10
   15.750000   1.34409571  8.7627990629075330e-10
   15.750000   1.40886724  8.7869559841618076e-10
   15.750000   1.47363885  8.8031745695400249e-10
   15.750000   1.53841049  8.8113175054348121e-10
   15.750000   1.60318216  8.8113175099965581e-10
   15.750000   1.66795381  8.8031745916978991e-10
   15.750000   1.73272541  8.7869560261496082e-10
   15.750000   1.79749694  8.7627991279379963e-10
   15.750000   1.86226837  8.7309165847404872e-10
   15.750000   1.92703964  8.6916039061214613e-10
   15.750000   1.99181073  8.6452484549620352e-10
   15.750000   2.05658157  8.5923391294093126e-10
   15.750000   2.12135212  8.5334758968078094e-10
   15.750000   2.18612229  8.4693779018774327e-10
   15.750000   2.25089198  8.4008890484725306e-10
   15.750000   2.31566107  8.3289798190373921e-10
   15.750000   2.38042940  8.2547441108879752e-10
   15.750000   2.44519674  8.1793902187686252e-10
   15.750000   2.50996278  8.1042250544661794e-10
   15.750000   2.57472706  8.0306314266803668e-10
   15.750000   2.63948889  7.9600384295071277e-10
   15.750000   2.70424717  7.8938855177567931e-10
   15.750000   2.76900006  7.8335815635646704e-10
   15.750000   2.83374417  7.7804606824847999e-10
   15.750000   2.89847256  7.7357368247677955e-10
   15.750000   2.96316844  7.7004597900627383e-10
   15.750000   3.02777863  7.6754748485320239e-10
   15.750000   3.09200950  7.6613848412317147e-10
   16.000000   0.04958315  6.7965953480956142e-10
   16.000000   0.11381403  6.8073561409367534e-10
   16.000000   0.17842421  6.8264381642590208e-10
   16.000000   0.24312010  6.8533819461900791e-10
   16.000000   0.30784849  6.8875431316528488e-10
   16.000000   0.37259260  6.9281213066525917e-10
   16.000000   0.43734549  6.9741906958065939e-10
   16.000000   0.50210377  7.0247336148379961e-10
   16.000000   0.56686560  7.0786749832833331e-10
   16.000000   0.63162987  7.1349160065215879e-10
   16.000000   0.69639591  7.1923653556026966e-10
   16.000000   0.76116325  7.2499665328570020e-10
   16.000000   0.82593158  7.3067205560614376e-10
   16.000000   0.89070068  7.3617032972095607e-10
   16.000000   0.95547037  7.4140776392044079e-10
   16.000000   1.02024053  7.4631004292761786e-10
   16.000000   1.08501108  7.5081250075987550e-10
   16.000000   1.14978193  7.5485999197861031e-10
   16.000000   1.21455301  7.5840647604954784e-10
   16.000000   1.27932429  7.6141440697669473e-10
   16.000000   1.34409571  7.6385401834707220e-10
   16.000000   1.40886724  7.6570258138499438e-10
   16.000000   1.47363885  7.6694373236205540e-10
   16.000000   1.53841049  7.6756689754018438e-10
   16.000000   1.60318216  7.6756689929940006e-10
   16.000000   1.66795381  7.6694373425558112e-10
   16.000000   1.73272541  7.6570258569305223e-10
   16.000000   1.79749694  7.6385402289076186e-10
   16.000000   1.86226837  7.6141441331666376e-10
   16.000000   1.92703964  7.5840648315011285e-10
   16.000000   1.99181073  7.5486000090991337e-10
   16.000000   2.05658157  7.5081251014339644e-10
   16.000000   2.12135212  7.4631005430324170e-10
   16.000000   2.18612229  7.4140777638488475e-10
   16.000000   2.25089198  7.3617034322259456e-10
   16.000000   2.31566107  7.3067207052290568e-10
   16.000000   2.38042940  7.2499666954311003e-10
   16.000000   2.44519674  7.1923655267548821e-10
   16.000000   2.50996278  7.1349161886883347e-10
   16.000000   2.57472706  7.0786751729370055e-10
   16.000000   2.63948889  7.0247338090100505e-10
   16.000000   2.70424717  6.9741909044506736e-10
   16.000000   2.76900006  6.9281215169690527e-10
   16.000000   2.83374417  6.8875433454940453e-10
   16.000000   2.89847256  6.8533821734317804e-10
   16.000000   2.96316844  6.8264383922571332e-10
   16.000000   3.02777863  6.8073563732289486e-10
   16.000000   3.09200950  6.7965955794593343e-10
   16.250000   0.04958315  6.0014891184903968e-10
   16.250000   0.11381403  6.0097100474587809e-10
   16.250000   0.17842421  6.0242885877760495e-10
   16.250000   0.24312010  6.0448743800457661e-10
   16.250000   0.30784849  6.0709760389979404e-10
   16.250000   0.37259260  6.1019830511264517e-10
   16.250000   0.43734549  6.1371891477425750e-10
   16.250000   0.50210377  6.1758177147599966e-10
   16.250000   0.56686560  6.2170481107099567e-10
   16.250000   0.63162987  6.2600412761971262e-10
   16.250000   0.69639591  6.3039635320655188e-10
   16.250000   0.76116325  6.3480074525508009e-10
   16.250000   0.82593158  6.3914091931438317e-10
   16.250000   0.89070068  6.4334617851324294e-10
   16.250000   0.95547037  6.4735244318021473e-10
   16.250000   1.02024053  6.5110279501740657e-10
   16.250000   1.08501108  6.5454767133185626e-10
   16.250000   1.14978193  6.5764477810233953e-10
   16.250000   1.21455301  6.6035878052367494e-10
   16.250000   1.27932429  6.6266084159691124e-10
   16.250000   1.34409571  6.6452808287105458e-10
   16.250000   1.40886724  6.6594302614782354e-10
   16.250000   1.47363885  6.6689307687339897e-10
   16.250000   1.53841049  6.6737009728135694e-10
   16.250000   1.60318216  6.6737009750341327e-10
   16.250000   1.66795381  6.6689307805800391e-10
   16.250000   1.73272541  6.6594302802307735e-10
   16.250000   1.79749694  6.6452808571672794e-10
   16.250000   1.86226837  6.6266084658136719e-10
   16.250000   1.92703964  6.6035878600163522e-10
   16.250000   1.99181073  6.5764478404208394e-10
   16.250000   2.05658157  6.5454767856896977e-10
   16.250000   2.12135212  6.5110280301857243e-10
   16.250000   2.18612229  6.4735245260941455e-10
   16.250000   2.25089198  6.4334618857380821e-10
   16.250000   2.31566107  6.3914093035627789e-10
   16.250000   2.38042940  6.3480075735788668e-10
   16.250000   2.44519674  6.3039636545153686e-10
   16.250000   2.50996278  6.2600414140326750e-10
   16.250000   2.57472706  6.2170482540895605e-10
   16.250000   2.63948889  6.1758178661200817e-10
   16.250000   2.70424717  6.1371893012689914e-10
   16.250000   2.76900006  6.1019832104399653e-10
   16.250000   2.83374417  6.0709761953528047e-10
   16.250000   2.89847256  6.0448745521589071e-10
   16.250000   2.96316844  6.0242887622615703e-10
   16.250000   3.02777863  6.0097102276529523e-10
   16.250000   3.09200950  6.0014892969014634e-10
   16.500000   0.04958315  5.2790230198405248e-10
   16.500000   0.11381403  5.2853055861473825e-10
   16.500000   0.17842421  5.2964470597182081e-10
   16.500000   0.24312010  5.3121801799008410e-10
   16.500000   0.30784849  5.3321300717296501e-10
   16.500000   0.37259260  5.3558308991192330e-10
   16.500000   0.43734549  5.3827436381049696e-10
   16.500000   0.50210377  5.4122754370980910e-10
   16.500000   0.56686560  5.4437996557931220e-10
   16.500000   0.63162987  5.4766753511937727e-10
   16.500000   0.69639591  5.5102654748806759e-10
   16.500000   0.76116325  5.5439527596803501e-10
   16.500000   0.82593158  5.5771529736344851e-10
   16.500000   0.89070068  5.6093251455018051e-10
   16.500000   0.95547037  5.6399786347881570e-10
   16.500000   1.02024053  5.6686773962051796e-10
   16.500000   1.08501108  5.6950415005997817e-10
   16.500000   1.14978193  5.7187465174568511e-10
   16.500000   1.21455301  5.7395212049246725e-10
   16.500000   1.27932429  5.7571440778006279e-10
   16.500000   1.34409571  5.7714392628949532e-10
   16.500000   1.40886724  5.7822723495785387e-10
   16.500000   1.47363885  5.7895464222171907e-10
   16.500000   1.53841049  5.7931988176264631e-10
   16.500000   1.60318216  5.7931988203197900e-10
   16.500000   1.66795381  5.7895464278861056e-10
   16.500000   1.73272541  5.7822723728522010e-10
   16.500000   1.79749694  5.7714392912082030e-10
   16.500000   1.86226837  5.7571441111775238e-10
   16.500000   1.92703964  5.7395212421672202e-10
   16.500000   1.99181073  5.7187465589279151e-10
   16.500000   2.05658157  5.6950415553448518e-10
   16.500000   2.12135212  5.6686774623084125e-10
   16.500000   2.18612229  5.6399787087079168e-10
   16.500000   2.25089198  5.6093252216164122e-10
   16.500000   2.31566107  5.5771530555544970e-10
   16.500000   2.38042940  5.5439528451531234e-10
   16.500000   2.44519674  5.5102655675594879e-10
   16.500000   2.50996278  5.4766754570009006e-10
   16.500000   2.57472706  5.4437997631678244e-10
   16.500000   2.63948889  5.4122755542472412e-10
   16.500000   2.70424717  5.3827437527377754e-10
   16.500000   2.76900006  5.3558310166394637e-10
   16.500000   2.83374417  5.3321301913764071e-10
   16.500000   2.89847256  5.3121803086644942e-10
   16.500000   2.96316844  5.2964471912342758e-10
   16.500000   3.02777863  5.2853057258117439e-10
   16.500000   3.09200950  5.2790231548653728e-10
   16.750000   0.04958315  4.6285975698752847e-10
   16.750000   0.11381403  4.6334003032122924e-10
   16.750000   0.17842421  4.6419176809542305e-10
   16.750000   0.24312010  4.6539457486673732e-10
   16.750000   0.30784849  4.6691984207477628e-10
   16.750000   0.37259260  4.6873201231293074e-10
   16.750000   0.43734549  4.7078993167888401e-10
   16.750000   0.50210377  4.7304832846816143e-10
   16.750000   0.56686560  4.7545933515155176e-10
   16.750000   0.63162987  4.7797397680678092e-10
   16.750000   0.69639591  4.8054355701807605e-10
   16.750000   0.76116325  4.8312087224506479e-10
   16.750000   0.82593158  4.8566122761399810e-10
   16.750000   0.89070068  4.8812321325902409e-10
   16.750000   0.95547037  4.9046925686790995e-10
   16.750000   1.02024053  4.9266594367025727e-10
   16.750000   1.08501108  4.9468414497660914e-10
   16.750000   1.14978193  4.9649897014870542e-10
   16.750000   1.21455301  4.9808959558798659e-10
   16.750000   1.27932429  4.9943900666751650e-10
   16.750000   1.34409571  5.0053368395481211e-10
   16.750000   1.40886724  5.0136328863178029e-10
   16.750000   1.47363885  5.0192036248079098e-10
   16.750000   1.53841049  5.0220008243581677e-10
   16.750000   1.60318216  5.0220008332952473e-10
   16.750000   1.66795381  5.0192036372647287e-10
   16.750000   1.73272541  5.0136328965612198e-10
   16.750000   1.79749694  5.0053368584547682e-10
   16.750000   1.86226837  4.9943900878885768e-10
   16.750000   1.92703964  4.9808959872553983e-10
   16.750000   1.99181073  4.9649897396785631e-10
   16.750000   2.05658157  4.9468414945659732e-10
   16.750000   2.12135212  4.9266594882462078e-10
   16.750000   2.18612229  4.9046926206241405e-10
   16.750000   2.25089198  4.8812321905428651e-10
   16.750000   2.31566107  4.8566123396600756e-10
   16.750000   2.38042940  4.8312087876356658e-10
   16.750000   2.44519674  4.8054356389689968e-10
   16.750000   2.50996278  4.7797398433367285e-10
   16.750000   2.57472706  4.7545934254878147e-10
   16.750000   2.63948889  4.7304833743661907e-10
   16.750000   2.70424717  4.7078994015956017e-10
   16.750000   2.76900006  4.6873202052732505e-10
   16.750000   2.83374417  4.6691985128721476e-10
   16.750000   2.89847256  4.6539458464077804e-10
   16.750000   2.96316844  4.6419177783520252e-10
   16.750000   3.02777863  4.6334004056702910e-10
   16.750000   3.09200950  4.6285976691188822e-10
   17.000000   0.04958315  4.0473313141862053e-10
   17.000000   0.11381403  4.0510038971637342e-10
   17.000000   0.17842421  4.0575171722720428e-10
   17.000000   0.24312010  4.0667154555979035e-10
   17.000000   0.30784849  4.0783803284184623e-10
   17.000000   0.37259260  4.0922402780831928e-10
   17.000000   0.43734549  4.1079810322895585e-10
   17.000000   0.50210377  4.1252567256943776e-10
   17.000000   0.56686560  4.1437016046415413e-10
   17.000000   0.63162987  4.1629413238437186e-10
   17.000000   0.69639591  4.1826035433341991e-10
   17.000000   0.76116325  4.2023271820022371e-10
   17.000000   0.82593158  4.2217702156690057e-10
   17.000000   0.89070068  4.2406155876287090e-10
   17.000000   0.95547037  4.2585755030804435e-10
   17.000000   1.02024053  4.2753938730292031e-10
   17.000000   1.08501108  4.2908472941869160e-10
   17.000000   1.14978193  4.3047447809405336e-10
   17.000000   1.21455301  4.3169264654076268e-10
   17.000000   1.27932429  4.3272615990183720e-10
   17.000000   1.34409571  4.3356462682916220e-10
   17.000000   1.40886724  4.3420009356152027e-10
   17.000000   1.47363885  4.3462682179904248e-10
   17.000000   1.53841049  4.3484109692314363e-10
   17.000000   1.60318216  4.3484109746930607e-10
   17.000000   1.66795381  4.3462682265955806e-10
   17.000000   1.73272541  4.3420009446813793e-10
   17.000000   1.79749694  4.3356462840311955e-10
   17.000000   1.86226837  4.3272616190354532e-10
   17.000000   1.92703964  4.3169264888161537e-10
   17.000000   1.99181073  4.3047448205976825e-10
   17.000000   2.05658157  4.2908473227323580e-10
   17.000000   2.12135212  4.2753939068872069e-10
   17.000000   2.18612229  4.2585755460305508e-10
   17.000000   2.25089198  4.2406156293034952e-10
   17.000000   2.31566107  4.2217702559229634e-10
   17.000000   2.38042940  4.2023272315933748e-10
   17.000000   2.44519674  4.1826035937959268e-10
   17.000000   2.50996278  4.1629413818092923e-10
   17.000000   2.57472706  4.1437016687498182e-10
   17.000000   2.63948889  4.1252567983538145e-10
   17.000000   2.70424717  4.1079810979751045e-10
   17.000000   2.76900006  4.0922403528865956e-10
   17.000000   2.83374417  4.0783804021846731e-10
   17.000000   2.89847256  4.0667155265134680e-10
   17.000000   2.96316844  4.0575172430697299e-10
   17.000000   3.02777863  4.0510039704029074e-10
   17.000000   3.09200950  4.0473313962128124e-10
   17.250000   0.04958315  3.5309649481268428e-10
   17.250000   0.11381403  3.5337741242881183e-10
   17.250000   0.17842421  3.5387562975069370e-10
   17.250000   0.24312010  3.5457925761188991e-10
   17.250000   0.30784849  3.5547161448330656e-10
   17.250000   0.37259260  3.5653196314811391e-10
   17.250000   0.43734549  3.5773628949173506e-10
   17.250000   0.50210377  3.5905816841103316e-10
   17.250000   0.56686560  3.6046964072625449e-10
   17.250000   0.63162987  3.6194208583716161e-10
   17.250000   0.69639591  3.6344702311072460e-10
   17.250000   0.76116325  3.6495682777817224e-10
   17.250000   0.82593158  3.6644531674623853e-10
   17.250000   0.89070068  3.6788821184380605e-10
   17.250000   0.95547037  3.6926346066395294e-10
   17.250000   1.02024053  3.7055143220188721e-10
   17.250000   1.08501108  3.7173499261933489e-10
   17.250000   1.14978193  3.7279948340500468e-10
   17.250000   1.21455301  3.7373262699602422e-10
   17.250000   1.27932429  3.7452438002945253e-10
   17.250000   1.34409571  3.7516675039658420e-10
   17.250000   1.40886724  3.7565362223784847e-10
   17.250000   1.47363885  3.7598057705801193e-10
   17.250000   1.53841049  3.7614475544233219e-10
   17.250000   1.60318216  3.7614475621531851e-10
   17.250000   1.66795381  3.7598057707881397e-10
   17.250000   1.73272541  3.7565362279699522e-10
   17.250000   1.79749694  3.7516675197838944e-10
   17.250000   1.86226837  3.7452438079726132e-10
   17.250000   1.92703964  3.7373262935192187e-10
   17.250000   1.99181073  3.7279948537287805e-10
   17.250000   2.05658157  3.7173499497785047e-10
   17.250000   2.12135212  3.7055143466552586e-10
   17.250000   2.18612229  3.6926346403315227e-10
   17.250000   2.25089198  3.6788821517688784e-10
   17.250000   2.31566107  3.6644532051743104e-10
   17.250000   2.38042940  3.6495683184752712e-10
   17.250000   2.44519674  3.6344702721817834e-10
   17.250000   2.50996278  3.6194208977759879e-10
   17.250000   2.57472706  3.6046964524805453e-10
   17.250000   2.63948889  3.5905817306173037e-10
   17.250000   2.70424717  3.5773629458128674e-10
   17.250000   2.76900006  3.5653196798684323e-10
   17.250000   2.83374417  3.5547161968331229e-10
   17.250000   2.89847256  3.5457926312429828e-10
   17.250000   2.96316844  3.5387563575642205e-10
   17.250000   3.02777863  3.5337741776572019e-10
   17.250000   3.09200950  3.5309650071968857e-10
   17.500000   0.04958315  3.0744941725555898e-10
   17.500000   0.11381403  3.0766435282926012e-10
   17.500000   0.17842421  3.0804555906280520e-10
   17.500000   0.24312010  3.0858395329996044e-10
   17.500000   0.30784849  3.0926679073247301e-10
   17.500000   0.37259260  3.1007822643554288e-10
   17.500000   0.43734549  3.1099990930695993e-10
   17.500000   0.50210377  3.1201163873914364e-10
   17.500000   0.56686560  3.1309203802240538e-10
   17.500000   0.63162987  3.1421921744515535e-10
   17.500000   0.69639591  3.1537138718165023e-10
   17.500000   0.76116325  3.1652740491500984e-10
   17.500000   0.82593158  3.1766722356118446e-10
   17.500000   0.89070068  3.1877224690925238e-10
   17.500000   0.95547037  3.1982557414323414e-10
   17.500000   1.02024053  3.2081215420999127e-10
   17.500000   1.08501108  3.2171884132313397e-10
   17.500000   1.14978193  3.2253438610712109e-10
   17.500000   1.21455301  3.2324935881318746e-10
   17.500000   1.27932429  3.2385604004277687e-10
   17.500000   1.34409571  3.2434828701021136e-10
   17.500000   1.40886724  3.2472139202838503e-10
   17.500000   1.47363885  3.2497195641406974e-10
   17.500000   1.53841049  3.2509777929369785e-10
   17.500000   1.60318216  3.2509777946556220e-10
   17.500000   1.66795381  3.2497195688174732e-10
   17.500000   1.73272541  3.2472139288343853e-10
   17.500000   1.79749694  3.2434828695679095e-10
   17.500000   1.86226837  3.2385604165480350e-10
   17.500000   1.92703964  3.2324935970112573e-10
   17.500000   1.99181073  3.2253438756211643e-10
   17.500000   2.05658157  3.2171884273205287e-10
   17.500000   2.12135212  3.2081215563652245e-10
   17.500000   2.18612229  3.1982557567432752e-10
   17.500000   2.25089198  3.1877224934733508e-10
   17.500000   2.31566107  3.1766722690804671e-10
   17.500000   2.38042940  3.1652740805499675e-10
   17.500000   2.44519674  3.1537139069057143e-10
   17.500000   2.50996278  3.1421922061005259e-10
   17.500000   2.57472706  3.1309204159658875e-10
   17.500000   2.63948889  3.1201164271595904e-10
   17.500000   2.70424717  3.1099991380922186e-10
   17.500000   2.76900006  3.1007823078134892e-10
   17.500000   2.83374417  3.0926679520867901e-10
   17.500000   2.89847256  3.0858395701498144e-10
   17.500000   2.96316844  3.0804556316966714e-10
   17.500000   3.02777863  3.0766435726377932e-10
   17.500000   3.09200950  3.0744942152164621e-10
   17.750000   0.04958315  2.6726053560727508e-10
   17.750000   0.11381403  2.6742503286837204e-10
   17.750000   0.17842421  2.6771678819656863e-10
   17.750000   0.24312010  2.6812886064988161e-10
   17.750000   0.30784849  2.6865151280221666e-10
   17.750000   0.37259260  2.6927263193177984e-10
   17.750000   0.43734549  2.6997818960911460e-10
   17.750000   0.50210377  2.7075273956574597e-10
   17.750000   0.56686560  2.7157993394062909e-10
   17.750000   0.63162987  2.7244302392594028e-10
   17.750000   0.69639591  2.7332533801240798e-10
   17.750000   0.76116325  2.7421068688667090e-10
   17.750000   0.82593158  2.7508371991930824e-10
   17.750000   0.89070068  2.7593018888504451e-10
   17.750000   0.95547037  2.7673713838948472e-10
   17.750000   1.02024053  2.7749302699169801e-10
   17.750000   1.08501108  2.7818776803933316e-10
   17.750000   1.14978193  2.7881272615211058e-10
   17.750000   1.21455301  2.7936065697481604e-10
   17.750000   1.27932429  2.7982562830697959e-10
   17.750000   1.34409571  2.8020291632344212e-10
   17.750000   1.40886724  2.8048890079468714e-10
   17.750000   1.47363885  2.8068096389270953e-10
   17.750000   1.53841049  2.8077741136461441e-10
   17.750000   1.60318216  2.8077741163101300e-10
   17.750000   1.66795381  2.8068096455155692e-10
   17.750000   1.73272541  2.8048890210767196e-10
   17.750000   1.79749694  2.8020291726419045e-10
   17.750000   1.86226837  2.7982562954217965e-10
   17.750000   1.92703964  2.7936065778994380e-10
   17.750000   1.99181073  2.7881272742223405e-10
   17.750000   2.05658157  2.7818777047111631e-10
   17.750000   2.12135212  2.7749302805502546e-10
   17.750000   2.18612229  2.7673714003736984e-10
   17.750000   2.25089198  2.7593019000069795e-10
   17.750000   2.31566107  2.7508372236377212e-10
   17.750000   2.38042940  2.7421068879652769e-10
   17.750000   2.44519674  2.7332534018538322e-10
   17.750000   2.50996278  2.7244302689519204e-10
   17.750000   2.57472706  2.7157993646518344e-10
   17.750000   2.63948889  2.7075274291352825e-10
   17.750000   2.70424717  2.6997819229021102e-10
   17.750000   2.76900006  2.6927263509441098e-10
   17.750000   2.83374417  2.6865151611162753e-10
   17.750000   2.89847256  2.6812886435040555e-10
   17.750000   2.96316844  2.6771679084324808e-10
   17.750000   3.02777863  2.6742503681702891e-10
   17.750000   3.09200950  2.6726053936580470e-10
   18.000000   0.04958315  2.3199683576727528e-10
   18.000000   0.11381403  2.3212276325824493e-10
   18.000000   0.17842421  2.3234611462720148e-10
   18.000000   0.24312010  2.3266158767353082e-10
   18.000000   0.30784849  2.3306173403337250e-10
   18.000000   0.37259260  2.3353729484538821e-10
   18.000000   0.43734549  2.3407754286491899e-10
   18.000000   0.50210377  2.3467066384579549e-10
   18.000000   0.56686560  2.3530415027876099e-10
   18.000000   0.63162987  2.3596518661483013e-10
   18.000000   0.69639591  2.3664100990157933e-10
   18.000000   0.76116325  2.3731922447567164e-10
   18.000000   0.82593158  2.3798807078558925e-10
   18.000000   0.89070068  2.3863663023826146e-10
   18.000000   0.95547037  2.3925496982135260e-10
   18.000000   1.02024053  2.3983423802055308e-10
   18.000000   1.08501108  2.4036669402919956e-10
   18.000000   1.14978193  2.4084570635409244e-10
   18.000000   1.21455301  2.4126571100186855e-10
   18.000000   1.27932429  2.4162214833048814e-10
   18.000000   1.34409571  2.4191138447785879e-10
   18.000000   1.40886724  2.4213063566443097e-10
   18.000000   1.47363885  2.4227788605149504e-10
   18.000000   1.53841049  2.4235183181876444e-10
   18.000000   1.60318216  2.4235183244618352e-10
   18.000000   1.66795381  2.4227788670056852e-10
   18.000000   1.73272541  2.4213063569313874e-10
   18.000000   1.79749694  2.4191138504877839e-10
   18.000000   1.86226837  2.4162214839144256e-10
   18.000000   1.92703964  2.4126571148951928e-10
   18.000000   1.99181073  2.4084570715828136e-10
   18.000000   2.05658157  2.4036669464339332e-10
   18.000000   2.12135212  2.3983423910575826e-10
   18.000000   2.18612229  2.3925497184887511e-10
   18.000000   2.25089198  2.3863663090152388e-10
   18.000000   2.31566107  2.3798807275740291e-10
   18.000000   2.38042940  2.3731922695713029e-10
   18.000000   2.44519674  2.3664101210506627e-10
   18.000000   2.50996278  2.3596518896947796e-10
   18.000000   2.57472706  2.3530415227572522e-10
   18.000000   2.63948889  2.3467066577347471e-10
   18.000000   2.70424717  2.3407754515616865e-10
   18.000000   2.76900006  2.3353729659048448e-10
   18.000000   2.83374417  2.3306173631161154e-10
   18.000000   2.89847256  2.3266158957441470e-10
   18.000000   2.96316844  2.3234611748777818e-10
   18.000000   3.02777863  2.3212276489811563e-10
   18.000000   3.09200950  2.3199683760361595e-10
   18.250000   0.04958315  2.0114266549065112e-10
   18.250000   0.11381403  2.0123909097418320e-10
   18.250000   0.17842421  2.0141011989465769e-10
   18.250000   0.24312010  2.0165169677454214e-10
   18.250000   0.30784849  2.0195812831856212e-10
   18.250000   0.37259260  2.0232233209665839e-10
   18.250000   0.43734549  2.0273610171661097e-10
   18.250000   0.50210377  2.0319040088415130e-10
   18.250000   0.56686560  2.0367565618365303e-10
   18.250000   0.63162987  2.0418205929025785e-10
   18.250000   0.69639591  2.0469983672334371e-10
   18.250000   0.76116325  2.0521949588151598e-10
   18.250000   0.82593158  2.0573202503942081e-10
   18.250000   0.89070068  2.0622905630898876e-10
   18.250000   0.95547037  2.0670297383860865e-10
   18.250000   1.02024053  2.0714698395287200e-10
   18.250000   1.08501108  2.0755514813050519e-10
   18.250000   1.14978193  2.0792237349598614e-10
   18.250000   1.21455301  2.0824438410245489e-10
   18.250000   1.27932429  2.0851767598008888e-10
   18.250000   1.34409571  2.0873945485490954e-10
   18.250000   1.40886724  2.0890757810993666e-10
   18.250000   1.47363885  2.0902049360120967e-10
   18.250000   1.53841049  2.0907719940099900e-10
   18.250000   1.60318216  2.0907719894246665e-10
   18.250000   1.66795381  2.0902049382083674e-10
   18.250000   1.73272541  2.0890757783446055e-10
   18.250000   1.79749694  2.0873945482382733e-10
   18.250000   1.86226837  2.0851767626455764e-10
   18.250000   1.92703964  2.0824438472018076e-10
   18.250000   1.99181073  2.0792237366410220e-10
   18.250000   2.05658157  2.0755514878503733e-10
   18.250000   2.12135212  2.0714698465199916e-10
   18.250000   2.18612229  2.0670297439144978e-10
   18.250000   2.25089198  2.0622905736435710e-10
   18.250000   2.31566107  2.0573202653172898e-10
   18.250000   2.38042940  2.0521949715562062e-10
   18.250000   2.44519674  2.0469983846353619e-10
   18.250000   2.50996278  2.0418206047884391e-10
   18.250000   2.57472706  2.0367565762790413e-10
   18.250000   2.63948889  2.0319040185300397e-10
   18.250000   2.70424717  2.0273610391712135e-10
   18.250000   2.76900006  2.0232233351711649e-10
   18.250000   2.83374417  2.0195813018811197e-10
   18.250000   2.89847256  2.0165169881922663e-10
   18.250000   2.96316844  2.0141012124073364e-10
   18.250000   3.02777863  2.0123909259933342e-10
   18.250000   3.09200950  2.0114266734601961e-10
   18.500000   0.04958315  1.7421146183519694e-10
   18.500000   0.11381403  1.7428531437875917e-10
   18.500000   0.17842421  1.7441630965051317e-10
   18.500000   0.24312010  1.7460134484708516e-10
   18.500000   0.30784849  1.7483606495095022e-10
   18.500000   0.37259260  1.7511505264688230e-10
   18.500000   0.43734549  1.7543202832398663e-10
   18.500000   0.50210377  1.7578007731597666e-10
   18.500000   0.56686560  1.7615187092835603e-10
   18.500000   0.63162987  1.7653989978080876e-10
   18.500000   0.69639591  1.7693667994153917e-10
   18.500000   0.76116325  1.7733493766773229e-10
   18.500000   0.82593158  1.7772776771059930e-10
   18.500000   0.89070068  1.7810875351287790e-10
   18.500000   0.95547037  1.7847205464492048e-10
   18.500000   1.02024053  1.7881246062728885e-10
   18.500000   1.08501108  1.7912540865071067e-10
   18.500000   1.14978193  1.7940698952286161e-10
   18.500000   1.21455301  1.7965391844420221e-10
   18.500000   1.27932429  1.7986349993339344e-10
   18.500000   1.34409571  1.8003358693949459e-10
   18.500000   1.40886724  1.8016252898242976e-10
   18.500000   1.47363885  1.8024913243392219e-10
   18.500000   1.53841049  1.8029262429993080e-10
   18.500000   1.60318216  1.8029262438140072e-10
   18.500000   1.66795381  1.8024913243152864e-10
   18.500000   1.73272541  1.8016252910967090e-10
   18.500000   1.79749694  1.8003358712377205e-10
   18.500000   1.86226837  1.7986350077438505e-10
   18.500000   1.92703964  1.7965391853752729e-10
   18.500000   1.99181073  1.7940698989798292e-10
   18.500000   2.05658157  1.7912540884546065e-10
   18.500000   2.12135212  1.7881246048784003e-10
   18.500000   2.18612229  1.7847205570357089e-10
   18.500000   2.25089198  1.7810875461620511e-10
   18.500000   2.31566107  1.7772776795640235e-10
   18.500000   2.38042940  1.7733493864670479e-10
   18.500000   2.44519674  1.7693668104701938e-10
   18.500000   2.50996278  1.7653990103725330e-10
   18.500000   2.57472706  1.7615187238678901e-10
   18.500000   2.63948889  1.7578007786584484e-10
   18.500000   2.70424717  1.7543203021414060e-10
   18.500000   2.76900006  1.7511505428500377e-10
   18.500000   2.83374417  1.7483606633585718e-10
   18.500000   2.89847256  1.7460134655496880e-10
   18.500000   2.96316844  1.7441631132828232e-10
   18.500000   3.02777863  1.7428531607237563e-10
   18.500000   3.09200950  1.7421146333928251e-10
   18.750000   0.04958315  1.5075233497781500e-10
   18.750000   0.11381403  1.5080891236248653e-10
   18.750000   0.17842421  1.5090926724890161e-10
   18.750000   0.24312010  1.5105102684703431e-10
   18.750000   0.30784849  1.5123085955933029e-10
   18.750000   0.37259260  1.5144461766971116e-10
   18.750000   0.43734549  1.5168749697565250e-10
   18.750000   0.50210377  1.5195420351284619e-10
   18.750000   0.56686560  1.5223912737701750e-10
   18.750000   0.63162987  1.5253651768908469e-10
   18.750000   0.69639591  1.5284063962663861e-10
   18.750000   0.76116325  1.5314592091173277e-10
   18.750000   0.82593158  1.5344706817161411e-10
   18.750000   0.89070068  1.5373916166075798e-10
   18.750000   0.95547037  1.5401772082301434e-10
   18.750000   1.02024053  1.5427874589366019e-10
   18.750000   1.08501108  1.5451873667704474e-10
   18.750000   1.14978193  1.5473468889874338e-10
   18.750000   1.21455301  1.5492407709409277e-10
   18.750000   1.27932429  1.5508483151167469e-10
   18.750000   1.34409571  1.5521529793123205e-10
   18.750000   1.40886724  1.5531420718144365e-10
   18.750000   1.47363885  1.5538064187659968e-10
   18.750000   1.53841049  1.5541400557337672e-10
   18.750000   1.60318216  1.5541400626189547e-10
   18.750000   1.66795381  1.5538064190529390e-10
   18.750000   1.73272541  1.5531420738213801e-10
   18.750000   1.79749694  1.5521529771111215e-10
   18.750000   1.86226837  1.5508483126279008e-10
   18.750000   1.92703964  1.5492407759361142e-10
   18.750000   1.99181073  1.5473468888514132e-10
   18.750000   2.05658157  1.5451873744656386e-10
   18.750000   2.12135212  1.5427874639242430e-10
   18.750000   2.18612229  1.5401772177232422e-10
   18.750000   2.25089198  1.5373916203817818e-10
   18.750000   2.31566107  1.5344706873275762e-10
   18.750000   2.38042940  1.5314592187426275e-10
   18.750000   2.44519674  1.5284063985081810e-10
   18.750000   2.50996278  1.5253651850288677e-10
   18.750000   2.57472706  1.5223912872066019e-10
   18.750000   2.63948889  1.5195420458147018e-10
   18.750000   2.70424717  1.5168749877531764e-10
   18.750000   2.76900006  1.5144461848770255e-10
   18.750000   2.83374417  1.5123085977662935e-10
   18.750000   2.89847256  1.5105102765982361e-10
   18.750000   2.96316844  1.5090926856682331e-10
   18.750000   3.02777863  1.5080891339058482e-10
   18.750000   3.09200950  1.5075233571665874e-10
   19.000000   0.04958315  1.3035310347989068e-10
   19.000000   0.11381403  1.3039645591107928e-10
   19.000000   0.17842421  1.3047335524138461e-10
   19.000000   0.24312010  1.3058198435073493e-10
   19.000000   0.30784849  1.3071979317796053e-10
   19.000000   0.37259260  1.3088360939176401e-10
   19.000000   0.43734549  1.3106975319869786e-10
   19.000000   0.50210377  1.3127417151148048e-10
   19.000000   0.56686560  1.3149256726886352e-10
   19.000000   0.63162987  1.3172053754069892e-10
   19.000000   0.69639591  1.3195368633773318e-10
   19.000000   0.76116325  1.3218774392979667e-10
   19.000000   0.82593158  1.3241865141729493e-10
   19.000000   0.89070068  1.3264263635087801e-10
   19.000000   0.95547037  1.3285625983760527e-10
   19.000000   1.02024053  1.3305645363729703e-10
   19.000000   1.08501108  1.3324052877668017e-10
   19.000000   1.14978193  1.3340617779550476e-10
   19.000000   1.21455301  1.3355146011430425e-10
   19.000000   1.27932429  1.3367478327461545e-10
   19.000000   1.34409571  1.3377487608244470e-10
   19.000000   1.40886724  1.3385076186897880e-10
   19.000000   1.47363885  1.3390173318717472e-10
   19.000000   1.53841049  1.3392733158808624e-10
   19.000000   1.60318216  1.3392733123561683e-10
   19.000000   1.66795381  1.3390173321248278e-10
   19.000000   1.73272541  1.3385076144993156e-10
   19.000000   1.79749694  1.3377487637125550e-10
   19.000000   1.86226837  1.3367478358575649e-10
   19.000000   1.92703964  1.3355146034215906e-10
   19.000000   1.99181073  1.3340617868383488e-10
   19.000000   2.05658157  1.3324052996884249e-10
   19.000000   2.12135212  1.3305645382447578e-10
   19.000000   2.18612229  1.3285626056038259e-10
   19.000000   2.25089198  1.3264263640272580e-10
   19.000000   2.31566107  1.3241865215615993e-10
   19.000000   2.38042940  1.3218774433925029e-10
   19.000000   2.44519674  1.3195368694833170e-10
   19.000000   2.50996278  1.3172053782526611e-10
   19.000000   2.57472706  1.3149256855562180e-10
   19.000000   2.63948889  1.3127417225730418e-10
   19.000000   2.70424717  1.3106975369014574e-10
   19.000000   2.76900006  1.3088361013260873e-10
   19.000000   2.83374417  1.3071979406357060e-10
   19.000000   2.89847256  1.3058198511732379e-10
   19.000000   2.96316844  1.3047335569837998e-10
   19.000000   3.02777863  1.3039645697133194e-10
   19.000000   3.09200950  1.3035310440217312e-10
   19.250000   0.04958315  1.1264092245087926e-10
   19.250000   0.11381403  1.1267414850921142e-10
   19.250000   0.17842421  1.1273308710840004e-10
   19.250000   0.24312010  1.1281634494742778e-10
   19.250000   0.30784849  1.1292197262017272e-10
   19.250000   0.37259260  1.1304754074226733e-10
   19.250000   0.43734549  1.1319023072581317e-10
   19.250000   0.50210377  1.1334693903134257e-10
   19.250000   0.56686560  1.1351437603256347e-10
   19.250000   0.63162987  1.1368916376021768e-10
   19.250000   0.69639591  1.1386793735202620e-10
   19.250000   0.76116325  1.1404742202086847e-10
   19.250000   0.82593158  1.1422450513037721e-10
   19.250000   0.89070068  1.1439629372866166e-10
   19.250000   0.95547037  1.1456014925746384e-10
   19.250000   1.02024053  1.1471371490647531e-10
   19.250000   1.08501108  1.1485492629975239e-10
   19.250000   1.14978193  1.1498201111670555e-10
   19.250000   1.21455301  1.1509347782320817e-10
   19.250000   1.27932429  1.1518810177141569e-10
   19.250000   1.34409571  1.1526490496529874e-10
   19.250000   1.40886724  1.1532313488348902e-10
   19.250000   1.47363885  1.1536224787123358e-10
   19.250000   1.53841049  1.1538189180464700e-10
   19.250000   1.60318216  1.1538189188186081e-10
   19.250000   1.66795381  1.1536224819924601e-10
   19.250000   1.73272541  1.1532313445294286e-10
   19.250000   1.79749694  1.1526490415110002e-10
   19.250000   1.86226837  1.1518810229418143e-10
   19.250000   1.92703964  1.1509347778381719e-10
   19.250000   1.99181073  1.1498201141277440e-10
   19.250000   2.05658157  1.1485492685097032e-10
   19.250000   2.12135212  1.1471371514630040e-10
   19.250000   2.18612229  1.1456015022925675e-10
   19.250000   2.25089198  1.1439629420942117e-10
   19.250000   2.31566107  1.1422450597945443e-10
   19.250000   2.38042940  1.1404742239281138e-10
   19.250000   2.44519674  1.1386793731362003e-10
   19.250000   2.50996278  1.1368916400694744e-10
   19.250000   2.57472706  1.1351437645466328e-10
   19.250000   2.63948889  1.1334693979667432e-10
   19.250000   2.70424717  1.1319023133620175e-10
   19.250000   2.76900006  1.1304754093891580e-10
   19.250000   2.83374417  1.1292197358456887e-10
   19.250000   2.89847256  1.1281634617692111e-10
   19.250000   2.96316844  1.1273308662200414e-10
   19.250000   3.02777863  1.1267414889138668e-10
   19.250000   3.09200950  1.1264092329646167e-10
   19.500000   0.04958315  9.7281327946689130e-11
   19.500000   0.11381403  9.7306798387271963e-11
   19.500000   0.17842421  9.7351978220081040e-11
   19.500000   0.24312010  9.7415805020856700e-11
   19.500000   0.30784849  9.7496783177395975e-11
   19.500000   0.37259260  9.7593051423126218e-11
   19.500000   0.43734549  9.7702453624198436e-11
   19.500000   0.50210377  9.7822610646048168e-11
   19.500000   0.56686560  9.7951001452949509e-11
   19.500000   0.63162987  9.8085039430662015e-11
   19.500000   0.69639591  9.8222144226690186e-11
   19.500000   0.76116325  9.8359804623351316e-11
   19.500000   0.82593158  9.8495634610097280e-11
   19.500000   0.89070068  9.8627412581305458e-11
   19.500000   0.95547037  9.8753115123048031e-11
   19.500000   1.02024053  9.8870933484523066e-11
   19.500000   1.08501108  9.8979280416897583e-11
   19.500000   1.14978193  9.9076793797961684e-11
   19.500000   1.21455301  9.9162330001894836e-11
   19.500000   1.27932429  9.9234943847233428e-11
   19.500000   1.34409571  9.9293884841817735e-11
   19.500000   1.40886724  9.9338574604660789e-11
   19.500000   1.47363885  9.9368593139665140e-11
   19.500000   1.53841049  9.9383669636533733e-11
   19.500000   1.60318216  9.9383669987801098e-11
   19.500000   1.66795381  9.9368593808876163e-11
   19.500000   1.73272541  9.9338574578880012e-11
   19.500000   1.79749694  9.9293884780070628e-11
   19.500000   1.86226837  9.9234944078591193e-11
   19.500000   1.92703964  9.9162329065308575e-11
   19.500000   1.99181073  9.9076794491403425e-11
   19.500000   2.05658157  9.8979279657771691e-11
   19.500000   2.12135212  9.8870932862735277e-11
   19.500000   2.18612229  9.8753115195409106e-11
   19.500000   2.25089198  9.8627412570046962e-11
   19.500000   2.31566107  9.8495634076406307e-11
   19.500000   2.38042940  9.8359804769658783e-11
   19.500000   2.44519674  9.8222144292912689e-11
   19.500000   2.50996278  9.8085039847279557e-11
   19.500000   2.57472706  9.7951001605180107e-11
   19.500000   2.63948889  9.7822610464634496e-11
   19.500000   2.70424717  9.7702453833858038e-11
   19.500000   2.76900006  9.7593052224503319e-11
   19.500000   2.83374417  9.7496783692990395e-11
   19.500000   2.89847256  9.7415805767095906e-11
   19.500000   2.96316844  9.7351979360775939e-11
   19.500000   3.02777863  9.7306798366656373e-11
   19.500000   3.09200950  9.7281327731791278e-11
   19.750000   0.04958315  8.3976294661176627e-11
   19.750000   0.11381403  8.3995823195378413e-11
   19.750000   0.17842421  8.4030464124245503e-11
   19.750000   0.24312010  8.4079403282069461e-11
   19.750000   0.30784849  8.4141494974954118e-11
   19.750000   0.37259260  8.4215314571335126e-11
   19.750000   0.43734549  8.4299208884000066e-11
   19.750000   0.50210377  8.4391356271662191e-11
   19.750000   0.56686560  8.4489824950360833e-11
   19.750000   0.63162987  8.4592631459471225e-11
   19.750000   0.69639591  8.4697797238383659e-11
   19.750000   0.76116325  8.4803397552913083e-11
   19.750000   0.82593158  8.4907601703139024e-11
   19.750000   0.89070068  8.5008704750470817e-11
   19.750000   0.95547037  8.5105153308562619e-11
   19.750000   1.02024053  8.5195558704400639e-11
   19.750000   1.08501108  8.5278703032608697e-11
   19.750000   1.14978193  8.5353538576225590e-11
   19.750000   1.21455301  8.5419185114519591e-11
   19.750000   1.27932429  8.5474916965935078e-11
   19.750000   1.34409571  8.5520157515538080e-11
   19.750000   1.40886724  8.5554459087376639e-11
   19.750000   1.47363885  8.5577501885636564e-11
   19.750000   1.53841049  8.5589073937361755e-11
   19.750000   1.60318216  8.5589074465344329e-11
   19.750000   1.66795381  8.5577501876844706e-11
   19.750000   1.73272541  8.5554459755134202e-11
   19.750000   1.79749694  8.5520156963467606e-11
   19.750000   1.86226837  8.5474917149190028e-11
   19.750000   1.92703964  8.5419185290041384e-11
   19.750000   1.99181073  8.5353538937329955e-11
   19.750000   2.05658157  8.5278703413746963e-11
   19.750000   2.12135212  8.5195558773109931e-11
   19.750000   2.18612229  8.5105154115692206e-11
   19.750000   2.25089198  8.5008704315860107e-11
   19.750000   2.31566107  8.4907601252623607e-11
   19.750000   2.38042940  8.4803398469059543e-11
   19.750000   2.44519674  8.4697797396479097e-11
   19.750000   2.50996278  8.4592631154086199e-11
   19.750000   2.57472706  8.4489825276610224e-11
   19.750000   2.63948889  8.4391356844625877e-11
   19.750000   2.70424717  8.4299208948216411e-11
   19.750000   2.76900006  8.4215314600372345e-11
   19.750000   2.83374417  8.4141495119770024e-11
   19.750000   2.89847256  8.4079403426245517e-11
   19.750000   2.96316844  8.4030464593484333e-11
   19.750000   3.02777863  8.3995823246904682e-11
   19.750000   3.09200950  8.3976295141085209e-11
   20.000000   0.04958315  7.2461713342661534e-11
   20.000000   0.11381403  7.2476688246019068e-11
   20.000000   0.17842421  7.2503253923590806e-11
   20.000000   0.24312010  7.2540784115393120e-11
   20.000000   0.30784849  7.2588403567384903e-11
   20.000000   0.37259260  7.2645018467214702e-11
   20.000000   0.43734549  7.2709364547682780e-11
   20.000000   0.50210377  7.2780043965396404e-11
   20.000000   0.56686560  7.2855576124951680e-11
   20.000000   0.63162987  7.2934441178341069e-11
   20.000000   0.69639591  7.3015121192119087e-11
   20.000000   0.76116325  7.3096140705501601e-11
   20.000000   0.82593158  7.3176094940041232e-11
   20.000000   0.89070068  7.3253675499935788e-11
   20.000000   0.95547037  7.3327688836470591e-11
   20.000000   1.02024053  7.3397070794487244e-11
   20.000000   1.08501108  7.3460882797262669e-11
   20.000000   1.14978193  7.3518321485577084e-11
   20.000000   1.21455301  7.3568710714757361e-11
   20.000000   1.27932429  7.3611492270475885e-11
   20.000000   1.34409571  7.3646220510416852e-11
   20.000000   1.40886724  7.3672552919548229e-11
   20.000000   1.47363885  7.3690242694036578e-11
   20.000000   1.53841049  7.3699127115623301e-11
   20.000000   1.60318216  7.3699127188863798e-11
   20.000000   1.66795381  7.3690242586259920e-11
   20.000000   1.73272541  7.3672553348083518e-11
   20.000000   1.79749694  7.3646220535276679e-11
   20.000000   1.86226837  7.3611492192854989e-11
   20.000000   1.92703964  7.3568710861868383e-11
   20.000000   1.99181073  7.3518322225948219e-11
   20.000000   2.05658157  7.3460882951809113e-11
   20.000000   2.12135212  7.3397070806840618e-11
   20.000000   2.18612229  7.3327689417632580e-11
   20.000000   2.25089198  7.3253675198209420e-11
   20.000000   2.31566107  7.3176094819916203e-11
   20.000000   2.38042940  7.3096140542920802e-11
   20.000000   2.44519674  7.3015121283240566e-11
   20.000000   2.50996278  7.2934441081191963e-11
   20.000000   2.57472706  7.2855576015323482e-11
   20.000000   2.63948889  7.2780043686667880e-11
   20.000000   2.70424717  7.2709365171092696e-11
   20.000000   2.76900006  7.2645019189634622e-11
   20.000000   2.83374417  7.2588403314979010e-11
   20.000000   2.89847256  7.2540784678986814e-11
   20.000000   2.96316844  7.2503253880217978e-11
   20.000000   3.02777863  7.2476689637591449e-11
   20.000000   3.09200950  7.2461713557519928e-11
   20.500000   0.04958315  5.3900133780111343e-11
   20.500000   0.11381403  5.3908943574832315e-11
   20.500000   0.17842421  5.3924573958101218e-11
   20.500000   0.24312010  5.3946656914201429e-11
   20.500000   0.30784849  5.3974677745045617e-11
   20.500000   0.37259260  5.4007995086460035e-11
   20.500000   0.43734549  5.4045864775645161e-11
   20.500000   0.50210377  5.4087466570526878e-11
   20.500000   0.56686560  5.4131930327748767e-11
   20.500000   0.63162987  5.4178361417813042e-11
   20.500000   0.69639591  5.4225866276500217e-11
   20.500000   0.76116325  5.4273578253869434e-11
   20.500000   0.82593158  5.4320668752468106e-11
   20.500000   0.89070068  5.4366367952702652e-11
   20.500000   0.95547037  5.4409971461879940e-11
   20.500000   1.02024053  5.4450850869657858e-11
   20.500000   1.08501108  5.4488453628199320e-11
   20.500000   1.14978193  5.4522304776719191e-11
   20.500000   1.21455301  5.4552003985370485e-11
   20.500000   1.27932429  5.4577221093549014e-11
   20.500000   1.34409571  5.4597693471130615e-11
   20.500000   1.40886724  5.4613217047582332e-11
   20.500000   1.47363885  5.4623646145138854e-11
   20.500000   1.53841049  5.4628883704865303e-11
   20.500000   1.60318216  5.4628883984424233e-11
   20.500000   1.66795381  5.4623645997325298e-11
   20.500000   1.73272541  5.4613217190750048e-11
   20.500000   1.79749694  5.4597693019817202e-11
   20.500000   1.86226837  5.4577220871077289e-11
   20.500000   1.92703964  5.4552004349994265e-11
   20.500000   1.99181073  5.4522304802454363e-11
   20.500000   2.05658157  5.4488454466668111e-11
   20.500000   2.12135212  5.4450851338479564e-11
   20.500000   2.18612229  5.4409971715533285e-11
   20.500000   2.25089198  5.4366367186200487e-11
   20.500000   2.31566107  5.4320669147256351e-11
   20.500000   2.38042940  5.4273578661715514e-11
   20.500000   2.44519674  5.4225866417220648e-11
   20.500000   2.50996278  5.4178360588914065e-11
   20.500000   2.57472706  5.4131930745475377e-11
   20.500000   2.63948889  5.4087466804649494e-11
   20.500000   2.70424717  5.4045865729808925e-11
   20.500000   2.76900006  5.4007994514933129e-11
   20.500000   2.83374417  5.3974677671796738e-11
   20.500000   2.89847256  5.3946657058882123e-11
   20.500000   2.96316844  5.3924574251637800e-11
   20.500000   3.02777863  5.3908943777843084e-11
   20.500000   3.09200950  5.3900132972760893e-11
   21.000000   0.04958315  4.0054217199613000e-11
   21.000000   0.11381403  4.0059404563184906e-11
   21.000000   0.17842421  4.0068605862354548e-11
   21.000000   0.24312010  4.0081606568697963e-11
   21.000000   0.30784849  4.0098105303423659e-11
   21.000000   0.37259260  4.0117722910640929e-11
   21.000000   0.43734549  4.0140022774508248e-11
   21.000000   0.50210377  4.0164522874706908e-11
   21.000000   0.56686560  4.0190711333780272e-11
   21.000000   0.63162987  4.0218060640013534e-11
   21.000000   0.69639591  4.0246046837200182e-11
   21.000000   0.76116325  4.0274157486807690e-11
   21.000000   0.82593158  4.0301906036660620e-11
   21.000000   0.89070068  4.0328837526189329e-11
   21.000000   0.95547037  4.0354538032598132e-11
   21.000000   1.02024053  4.0378634397323373e-11
   21.000000   1.08501108  4.0400802256840454e-11
   21.000000   1.14978193  4.0420760444889987e-11
   21.000000   1.21455301  4.0438272161961333e-11
   21.000000   1.27932429  4.0453142137238082e-11
   21.000000   1.34409571  4.0465215215256798e-11
   21.000000   1.40886724  4.0474370101795094e-11
   21.000000   1.47363885  4.0480521394692960e-11
   21.000000   1.53841049  4.0483609892333986e-11
   21.000000   1.60318216  4.0483609315077161e-11
   21.000000   1.66795381  4.0480520920418513e-11
   21.000000   1.73272541  4.0474370317433836e-11
   21.000000   1.79749694  4.0465215099257642e-11
   21.000000   1.86226837  4.0453142091290022e-11
   21.000000   1.92703964  4.0438271646590246e-11
   21.000000   1.99181073  4.0420760284496539e-11
   21.000000   2.05658157  4.0400802245965259e-11
   21.000000   2.12135212  4.0378634641386024e-11
   21.000000   2.18612229  4.0354537639754233e-11
   21.000000   2.25089198  4.0328837659878027e-11
   21.000000   2.31566107  4.0301906796511438e-11
   21.000000   2.38042940  4.0274157732098724e-11
   21.000000   2.44519674  4.0246047020144713e-11
   21.000000   2.50996278  4.0218060270111999e-11
   21.000000   2.57472706  4.0190710763459667e-11
   21.000000   2.63948889  4.0164522704998216e-11
   21.000000   2.70424717  4.0140022975809236e-11
   21.000000   2.76900006  4.0117722379456346e-11
   21.000000   2.83374417  4.0098105207624525e-11
   21.000000   2.89847256  4.0081607128235855e-11
   21.000000   2.96316844  4.0068606397881248e-11
   21.000000   3.02777863  4.0059404113867066e-11
   21.000000   3.09200950  4.0054217439317134e-11
   21.500000   0.04958315  2.9745214986771370e-11
   21.500000   0.11381403  2.9748269637382493e-11
   21.500000   0.17842421  2.9753689821013223e-11
   21.500000   0.24312010  2.9761348135067542e-11
   21.500000   0.30784849  2.9771064691003831e-11
   21.500000   0.37259260  2.9782622336212382e-11
   21.500000   0.43734549  2.9795760145089701e-11
   21.500000   0.50210377  2.9810194324417148e-11
   21.500000   0.56686560  2.9825625785378507e-11
   21.500000   0.63162987  2.9841742335730847e-11
   21.500000   0.69639591  2.9858235452505338e-11
   21.500000   0.76116325  2.9874804750690617e-11
   21.500000   0.82593158  2.9891161335683306e-11
   21.500000   0.89070068  2.9907039068773308e-11
   21.500000   0.95547037  2.9922191037324241e-11
   21.500000   1.02024053  2.9936400331410570e-11
   21.500000   1.08501108  2.9949473385639974e-11
   21.500000   1.14978193  2.9961244100664585e-11
   21.500000   1.21455301  2.9971572722982969e-11
   21.500000   1.27932429  2.9980343695682877e-11
   21.500000   1.34409571  2.9987465187118156e-11
   21.500000   1.40886724  2.9992866446603089e-11
   21.500000   1.47363885  2.9996494368255515e-11
   21.500000   1.53841049  2.9998316749474533e-11
   21.500000   1.60318216  2.9998316990390414e-11
   21.500000   1.66795381  2.9996494565832095e-11
   21.500000   1.73272541  2.9992865826188155e-11
   21.500000   1.79749694  2.9987465620096413e-11
   21.500000   1.86226837  2.9980343464382847e-11
   21.500000   1.92703964  2.9971572721051056e-11
   21.500000   1.99181073  2.9961244256256954e-11
   21.500000   2.05658157  2.9949473390301944e-11
   21.500000   2.12135212  2.9936400282169801e-11
   21.500000   2.18612229  2.9922191605458077e-11
   21.500000   2.25089198  2.9907038876213449e-11
   21.500000   2.31566107  2.9891161474223186e-11
   21.500000   2.38042940  2.9874804745158931e-11
   21.500000   2.44519674  2.9858235914602498e-11
   21.500000   2.50996278  2.9841741853764582e-11
   21.500000   2.57472706  2.9825625591354506e-11
   21.500000   2.63948889  2.9810194722904545e-11
   21.500000   2.70424717  2.9795759686296249e-11
   21.500000   2.76900006  2.9782622175159438e-11
   21.500000   2.83374417  2.9771065129544890e-11
   21.500000   2.89847256  2.9761347638810589e-11
   21.500000   2.96316844  2.9753689488513875e-11
   21.500000   3.02777863  2.9748270169087579e-11
   21.500000   3.09200950  2.9745215338451641e-11
   22.000000   0.04958315  2.2079956341679289e-11
   22.000000   0.11381403  2.2081757623604852e-11
   22.000000   0.17842421  2.2084950430954043e-11
   22.000000   0.24312010  2.2089462093790579e-11
   22.000000   0.30784849  2.2095188590255594e-11
   22.000000   0.37259260  2.2101998797742233e-11
   22.000000   0.43734549  2.2109741001014224e-11
   22.000000   0.50210377  2.2118248758844385e-11
   22.000000   0.56686560  2.2127343730037497e-11
   22.000000   0.63162987  2.2136843935726620e-11
   22.000000   0.69639591  2.2146568001412471e-11
   22.000000   0.76116325  2.2156336313950452e-11
   22.000000   0.82593158  2.2165979998960362e-11
   22.000000   0.89070068  2.2175342663547680e-11
   22.000000   0.95547037  2.2184278772532094e-11
   22.000000   1.02024053  2.2192659728311168e-11
   22.000000   1.08501108  2.2200369580557222e-11
   22.000000   1.14978193  2.2207313006689413e-11
   22.000000   1.21455301  2.2213405493041286e-11
   22.000000   1.27932429  2.2218580554586883e-11
   22.000000   1.34409571  2.2222781428064679e-11
   22.000000   1.40886724  2.2225968649753724e-11
   22.000000   1.47363885  2.2228108877176094e-11
   22.000000   1.53841049  2.2229184663406439e-11
   22.000000   1.60318216  2.2229184100664776e-11
   22.000000   1.66795381  2.2228110024052494e-11
   22.000000   1.73272541  2.2225968264603629e-11
   22.000000   1.79749694  2.2222781850589521e-11
   22.000000   1.86226837  2.2218580201493933e-11
   22.000000   1.92703964  2.2213405948546796e-11
   22.000000   1.99181073  2.2207312875208398e-11
   22.000000   2.05658157  2.2200370055880337e-11
   22.000000   2.12135212  2.2192658926602232e-11
   22.000000   2.18612229  2.2184279170679516e-11
   22.000000   2.25089198  2.2175342236970060e-11
   22.000000   2.31566107  2.2165980643611019e-11
   22.000000   2.38042940  2.2156336002755263e-11
   22.000000   2.44519674  2.2146567580671427e-11
   22.000000   2.50996278  2.2136844093240074e-11
   22.000000   2.57472706  2.2127343672032222e-11
   22.000000   2.63948889  2.2118248488326627e-11
   22.000000   2.70424717  2.2109741049270461e-11
   22.000000   2.76900006  2.2101998348552707e-11
   22.000000   2.83374417  2.2095188866616585e-11
   22.000000   2.89847256  2.2089462253868381e-11
   22.000000   2.96316844  2.2084950641107869e-11
   22.000000   3.02777863  2.2081756749575731e-11
   22.000000   3.09200950  2.2079956550246660e-11
   22.500000   0.04958315  1.6385867652835144e-11
   22.500000   0.11381403  1.6386928092171057e-11
   22.500000   0.17842421  1.6388810381240994e-11
   22.500000   0.24312010  1.6391469802322035e-11
   22.500000   0.30784849  1.6394845235956042e-11
   22.500000   0.37259260  1.6398859336468723e-11
   22.500000   0.43734549  1.6403421923123224e-11
   22.500000   0.50210377  1.6408437394026859e-11
   22.500000   0.56686560  1.6413799598280657e-11
   22.500000   0.63162987  1.6419400390027103e-11
   22.500000   0.69639591  1.6425133249883776e-11
   22.500000   0.76116325  1.6430892876903004e-11
   22.500000   0.82593158  1.6436580335264904e-11
   22.500000   0.89070068  1.6442101712907289e-11
   22.500000   0.95547037  1.6447372259479708e-11
   22.500000   1.02024053  1.6452314747233949e-11
   22.500000   1.08501108  1.6456862978525589e-11
   22.500000   1.14978193  1.6460958812914184e-11
   22.500000   1.21455301  1.6464552719104520e-11
   22.500000   1.27932429  1.6467605863724266e-11
   22.500000   1.34409571  1.6470084892944162e-11
   22.500000   1.40886724  1.6471964850960151e-11
   22.500000   1.47363885  1.6473227780473660e-11
   22.500000   1.53841049  1.6473862236606215e-11
   22.500000   1.60318216  1.6473861940749730e-11
   22.500000   1.66795381  1.6473228121842326e-11
   22.500000   1.73272541  1.6471964532205123e-11
   22.500000   1.79749694  1.6470084856312039e-11
   22.500000   1.86226837  1.6467605506800090e-11
   22.500000   1.92703964  1.6464553340542777e-11
   22.500000   1.99181073  1.6460958623163883e-11
   22.500000   2.05658157  1.6456863152709373e-11
   22.500000   2.12135212  1.6452315269086277e-11
   22.500000   2.18612229  1.6447371816462730e-11
   22.500000   2.25089198  1.6442101864939890e-11
   22.500000   2.31566107  1.6436580432019842e-11
   22.500000   2.38042940  1.6430893459115629e-11
   22.500000   2.44519674  1.6425132451356096e-11
   22.500000   2.50996278  1.6419400179165194e-11
   22.500000   2.57472706  1.6413798917002792e-11
   22.500000   2.63948889  1.6408437769679786e-11
   22.500000   2.70424717  1.6403423186141030e-11
   22.500000   2.76900006  1.6398859091242461e-11
   22.500000   2.83374417  1.6394844896433197e-11
   22.500000   2.89847256  1.6391470164460363e-11
   22.500000   2.96316844  1.6388811058366949e-11
   22.500000   3.02777863  1.6386929120852964e-11
   22.500000   3.09200950  1.6385867249722360e-11
   23.000000   0.04958315  1.2158789241418902e-11
   23.000000   0.11381403  1.2159414920822285e-11
   23.000000   0.17842421  1.2160523797593478e-11
   23.000000   0.24312010  1.2162091263574330e-11
   23.000000   0.30784849  1.2164080489561137e-11
   23.000000   0.37259260  1.2166446570498249e-11
   23.000000   0.43734549  1.2169136180323713e-11
   23.000000   0.50210377  1.2172093191215408e-11
   23.000000   0.56686560  1.2175253949943833e-11
   23.000000   0.63162987  1.2178556269453447e-11
   23.000000   0.69639591  1.2181935816175846e-11
   23.000000   0.76116325  1.2185331749817449e-11
   23.000000   0.82593158  1.2188686367990890e-11
   23.000000   0.89070068  1.2191942084958978e-11
   23.000000   0.95547037  1.2195049352330143e-11
   23.000000   1.02024053  1.2197964966439473e-11
   23.000000   1.08501108  1.2200647360367151e-11
   23.000000   1.14978193  1.2203063367561608e-11
   23.000000   1.21455301  1.2205182835517110e-11
   23.000000   1.27932429  1.2206983357777313e-11
   23.000000   1.34409571  1.2208445401074508e-11
   23.000000   1.40886724  1.2209554868803564e-11
   23.000000   1.47363885  1.2210299869101189e-11
   23.000000   1.53841049  1.2210673884908759e-11
   23.000000   1.60318216  1.2210673650221647e-11
   23.000000   1.66795381  1.2210300030170627e-11
   23.000000   1.73272541  1.2209555091311092e-11
   23.000000   1.79749694  1.2208445832777263e-11
   23.000000   1.86226837  1.2206983648693805e-11
   23.000000   1.92703964  1.2205183379996056e-11
   23.000000   1.99181073  1.2203062735754385e-11
   23.000000   2.05658157  1.2200647482180317e-11
   23.000000   2.12135212  1.2197964667657624e-11
   23.000000   2.18612229  1.2195049785303785e-11
   23.000000   2.25089198  1.2191942097205576e-11
   23.000000   2.31566107  1.2188685353596500e-11
   23.000000   2.38042940  1.2185332294946573e-11
   23.000000   2.44519674  1.2181936114193847e-11
   23.000000   2.50996278  1.2178555714666069e-11
   23.000000   2.57472706  1.2175253855398564e-11
   23.000000   2.63948889  1.2172092919743463e-11
   23.000000   2.70424717  1.2169136967068474e-11
   23.000000   2.76900006  1.2166446421747464e-11
   23.000000   2.83374417  1.2164080566101295e-11
   23.000000   2.89847256  1.2162091221787589e-11
   23.000000   2.96316844  1.2160524048125540e-11
   23.000000   3.02777863  1.2159414757480515e-11
   23.000000   3.09200950  1.2158789638259595e-11
   23.500000   0.04958315  9.0220718690610367e-12
   23.500000   0.11381403  9.0224413325655599e-12
   23.500000   0.17842421  9.0230945017090628e-12
   23.500000   0.24312010  9.0240185494666152e-12
   23.500000   0.30784849  9.0251902837225065e-12
   23.500000   0.37259260  9.0265852573690919e-12
   23.500000   0.43734549  9.0281701592909173e-12
   23.500000   0.50210377  9.0299131908704270e-12
   23.500000   0.56686560  9.0317755269867359e-12
   23.500000   0.63162987  9.0337223600543530e-12
   23.500000   0.69639591  9.0357150817964885e-12
   23.500000   0.76116325  9.0377169717886424e-12
   23.500000   0.82593158  9.0396940304816247e-12
   23.500000   0.89070068  9.0416139158611072e-12
   23.500000   0.95547037  9.0434459878795849e-12
   23.500000   1.02024053  9.0451642838059514e-12
   23.500000   1.08501108  9.0467459881080631e-12
   23.500000   1.14978193  9.0481702384569522e-12
   23.500000   1.21455301  9.0494207454917724e-12
   23.500000   1.27932429  9.0504824113108008e-12
   23.500000   1.34409571  9.0513437465685679e-12
   23.500000   1.40886724  9.0519978919744289e-12
   23.500000   1.47363885  9.0524374480633330e-12
   23.500000   1.53841049  9.0526580891687695e-12
   23.500000   1.60318216  9.0526583895749347e-12
   23.500000   1.66795381  9.0524375209987056e-12
   23.500000   1.73272541  9.0519987635337095e-12
   23.500000   1.79749694  9.0513441230719244e-12
   23.500000   1.86226837  9.0504822196342233e-12
   23.500000   1.92703964  9.0494202512773157e-12
   23.500000   1.99181073  9.0481707396822202e-12
   23.500000   2.05658157  9.0467459451841505e-12
   23.500000   2.12135212  9.0451643969182456e-12
   23.500000   2.18612229  9.0434461977966405e-12
   23.500000   2.25089198  9.0416132201111155e-12
   23.500000   2.31566107  9.0396933004751855e-12
   23.500000   2.38042940  9.0377169016623671e-12
   23.500000   2.44519674  9.0357147570797985e-12
   23.500000   2.50996278  9.0337225576947090e-12
   23.500000   2.57472706  9.0317758173584378e-12
   23.500000   2.63948889  9.0299128350018421e-12
   23.500000   2.70424717  9.0281712490570022e-12
   23.500000   2.76900006  9.0265846624343078e-12
   23.500000   2.83374417  9.0251907167891422e-12
   23.500000   2.89847256  9.0240182408453558e-12
   23.500000   2.96316844  9.0230943453647894e-12
   23.500000   3.02777863  9.0224408386571277e-12
   23.500000   3.09200950  9.0220722568220419e-12
   24.000000   0.04958315  6.6950197669754225e-12
   24.000000   0.11381403  6.6952365471132044e-12
   24.000000   0.17842421  6.6956215247134863e-12
   24.000000   0.24312010  6.6961661158714911e-12
   24.000000   0.30784849  6.6968571511290435e-12
   24.000000   0.37259260  6.6976782862257957e-12
   24.000000   0.43734549  6.6986129671272180e-12
   24.000000   0.50210377  6.6996393513042364e-12
   24.000000   0.56686560  6.7007374199974525e-12
   24.000000   0.63162987  6.7018836954692049e-12
   24.000000   0.69639591  6.7030573274236246e-12
   24.000000   0.76116325  6.7042373318464691e-12
   24.000000   0.82593158  6.7054021250915267e-12
   24.000000   0.89070068  6.7065331978992132e-12
   24.000000   0.95547037  6.7076124196791487e-12
   24.000000   1.02024053  6.7086257536337005e-12
   24.000000   1.08501108  6.7095572700892629e-12
   24.000000   1.14978193  6.7103968010412943e-12
   24.000000   1.21455301  6.7111333562581321e-12
   24.000000   1.27932429  6.7117590038447633e-12
   24.000000   1.34409571  6.7122668610444067e-12
   24.000000   1.40886724  6.7126520197214314e-12
   24.000000   1.47363885  6.7129112260402659e-12
   24.000000   1.53841049  6.7130412689022804e-12
   24.000000   1.60318216  6.7130410084573923e-12
   24.000000   1.66795381  6.7129110081596073e-12
   24.000000   1.73272541  6.7126524094000044e-12
   24.000000   1.79749694  6.7122671111179670e-12
   24.000000   1.86226837  6.7117584888007492e-12
   24.000000   1.92703964  6.7111330779551997e-12
   24.000000   1.99181073  6.7103967783379386e-12
   24.000000   2.05658157  6.7095577941537502e-12
   24.000000   2.12135212  6.7086256323830516e-12
   24.000000   2.18612229  6.7076130974651621e-12
   24.000000   2.25089198  6.7065335471855060e-12
   24.000000   2.31566107  6.7054019538576824e-12
   24.000000   2.38042940  6.7042369079000199e-12
   24.000000   2.44519674  6.7030572680627601e-12
   24.000000   2.50996278  6.7018838785972077e-12
   24.000000   2.57472706  6.7007368443153917e-12
   24.000000   2.63948889  6.6996398986590286e-12
   24.000000   2.70424717  6.6986124999692325e-12
   24.000000   2.76900006  6.6976781939446598e-12
   24.000000   2.83374417  6.6968567281874257e-12
   24.000000   2.89847256  6.6961661814430305e-12
   24.000000   2.96316844  6.6956217270936243e-12
   24.000000   3.02777863  6.6952366233873736e-12
   24.000000   3.09200950  6.6950199598324078e-12
   24.500000   0.04958315  4.9688175525072830e-12
   24.500000   0.11381403  4.9689454396612751e-12
   24.500000   0.17842421  4.9691717721690528e-12
   24.500000   0.24312010  4.9694933301601368e-12
   24.500000   0.30784849  4.9698990132491270e-12
   24.500000   0.37259260  4.9703829964605505e-12
   24.500000   0.43734549  4.9709333291634020e-12
   24.500000   0.50210377  4.9715377857919088e-12
   24.500000   0.56686560  4.9721839373026635e-12
   24.500000   0.63162987  4.9728589988021973e-12
   24.500000   0.69639591  4.9735502939989340e-12
   24.500000   0.76116325  4.9742445646805093e-12
   24.500000   0.82593158  4.9749305358111145e-12
   24.500000   0.89070068  4.9755969006240679e-12
   24.500000   0.95547037  4.9762321939695340e-12
   24.500000   1.02024053  4.9768285400806342e-12
   24.500000   1.08501108  4.9773766935713822e-12
   24.500000   1.14978193  4.9778706074226410e-12
   24.500000   1.21455301  4.9783045006805165e-12
   24.500000   1.27932429  4.9786728544827364e-12
   24.500000   1.34409571  4.9789717793965929e-12
   24.500000   1.40886724  4.9791986428263138e-12
   24.500000   1.47363885  4.9793514251299132e-12
   24.500000   1.53841049  4.9794277458104863e-12
   24.500000   1.60318216  4.9794278392921893e-12
   24.500000   1.66795381  4.9793507631043869e-12
   24.500000   1.73272541  4.9791983614092144e-12
   24.500000   1.79749694  4.9789721549859965e-12
   24.500000   1.86226837  4.9786721502129128e-12
   24.500000   1.92703964  4.9783045951952226e-12
   24.500000   1.99181073  4.9778711218534703e-12
   24.500000   2.05658157  4.9773772888727793e-12
   24.500000   2.12135212  4.9768279489473015e-12
   24.500000   2.18612229  4.9762320813429563e-12
   24.500000   2.25089198  4.9755960460131212e-12
   24.500000   2.31566107  4.9749306876372523e-12
   24.500000   2.38042940  4.9742448619273366e-12
   24.500000   2.44519674  4.9735502486715965e-12
   24.500000   2.50996278  4.9728591921895614e-12
   24.500000   2.57472706  4.9721841456537571e-12
   24.500000   2.63948889  4.9715373332365036e-12
   24.500000   2.70424717  4.9709331478341179e-12
   24.500000   2.76900006  4.9703828352420579e-12
   24.500000   2.83374417  4.9698991221953811e-12
   24.500000   2.89847256  4.9694925023892202e-12
   24.500000   2.96316844  4.9691722258151239e-12
   24.500000   3.02777863  4.9689457097686990e-12
   24.500000   3.09200950  4.9688180270205586e-12
   25.000000   0.04958315  3.6883261086469031e-12
   25.000000   0.11381403  3.6884017764298388e-12
   25.000000   0.17842421  3.6885348625797674e-12
   25.000000   0.24312010  3.6887228862790351e-12
   25.000000   0.30784849  3.6889627365801663e-12
   25.000000   0.37259260  3.6892466959146103e-12
   25.000000   0.43734549  3.6895708891766867e-12
   25.000000   0.50210377  3.6899259333340465e-12
   25.000000   0.56686560  3.6903064813988356e-12
   25.000000   0.63162987  3.6907039045631627e-12
   25.000000   0.69639591  3.6911096501058482e-12
   25.000000   0.76116325  3.6915186589347018e-12
   25.000000   0.82593158  3.6919218623957338e-12
   25.000000   0.89070068  3.6923132863924814e-12
   25.000000   0.95547037  3.6926870028202973e-12
   25.000000   1.02024053  3.6930378182244179e-12
   25.000000   1.08501108  3.6933601544127897e-12
   25.000000   1.14978193  3.6936507382159443e-12
   25.000000   1.21455301  3.6939052096168313e-12
   25.000000   1.27932429  3.6941214690314582e-12
   25.000000   1.34409571  3.6942977173257834e-12
   25.000000   1.40886724  3.6944304993541722e-12
   25.000000   1.47363885  3.6945205017345648e-12
   25.000000   1.53841049  3.6945659308800446e-12
   25.000000   1.60318216  3.6945654550495098e-12
   25.000000   1.66795381  3.6945210107042233e-12
   25.000000   1.73272541  3.6944313102899584e-12
   25.000000   1.79749694  3.6942979128726292e-12
   25.000000   1.86226837  3.6941224298641118e-12
   25.000000   1.92703964  3.6939054494295989e-12
   25.000000   1.99181073  3.6936505905372287e-12
   25.000000   2.05658157  3.6933601551890809e-12
   25.000000   2.12135212  3.6930372089724154e-12
   25.000000   2.18612229  3.6926864256552996e-12
   25.000000   2.25089198  3.6923127891395609e-12
   25.000000   2.31566107  3.6919224799660472e-12
   25.000000   2.38042940  3.6915183326811619e-12
   25.000000   2.44519674  3.6911101347631498e-12
   25.000000   2.50996278  3.6907033815605079e-12
   25.000000   2.57472706  3.6903060433904783e-12
   25.000000   2.63948889  3.6899258697425853e-12
   25.000000   2.70424717  3.6895706225530034e-12
   25.000000   2.76900006  3.6892471991316468e-12
   25.000000   2.83374417  3.6889627456203029e-12
   25.000000   2.89847256  3.6887229780187756e-12
   25.000000   2.96316844  3.6885346895463036e-12
   25.000000   3.02777863  3.6884013840120895e-12
   25.000000   3.09200950  3.6883256616776377e-12
