#################################
NITROGEN                         
  Numerical and                  
  Iterative                      
  Techniques for                 
 ROvibronic energies with        
GENeral internal coordinates     
                                 
PBC,2013-2017                    
Release version (1.9), Linux build
OpenMP Parallelization
Compiled Feb 21 2024, 09:24:35
Executed: Fri Mar 22 02:54:58 2024
#################################

Loading job file: "VSCF.job"
-----BEGIN JOB FILE CONTENT-----
> 
> JOBTYPE = JOBTYPE_VSCF
> 
> # Use Z-matrix coordinate system
> COORD = ZMAT
> %ZMAT
> He
> C1 1 R12
> O2 2 R13 1 A213
> O3 2 R14 1 A214 3 D3214
> %
> 
> # Masses
> MASS = He C-13 O-16 O-18
> 
> # Transform ZMAT coordinates
> # to normal coordinates as determined
> # by CO2HE_STAT.job
> COORD_TRANS = NC_TRANS
> 
> # Select PES
> PES = /home/oosode/project/rgCO2/rgCO2-stampede/pes/HeCO2/CO2He/libCO2He.so
> 
> # Define 1D DVR bases
> Q1 = AC HO 15 -5 5
> Q2 = AC HO 15 -5 5
> Q3 = AC HO 15 -5 5
> Q4 = AC HO 15 -5 5
> Q5 = AC HO 15 -5 5
> Q6 = AC HO 15 -5 5
> 
> # VSCF parameters
> # Calculate all 0, 1, 2, 3 quantum states
> TARGET_MAXV = 3
> 
> # Expand all Hamiltonian terms to 
> # 3-body (exact)
> EXPANSION = 3,3,3,3,3,-1,-1
> REF1 = 0 0 0 0 0 0
> 
> # Set VSCF energy convergence tolerance (cm-1)
> VSCF_CONV = 1e-6
> 
> 
------END JOB FILE CONTENT------

### PARSING JOB FILE ###

JOBTYPE = JOBTYPE_VSCF
# of CPUs:	128
# of thrs:	128
sizeof(void *) = 8
max size_t = 18446744073709551615

Atom | ZMAT entry:              
--------------------------------
  1  | He
  2  | C1 1 R12
  3  | O2 2 R13 1 A213
  4  | O3 2 R14 1 A214 3 D3214

# of non-dummy ZMAT atoms = 4
# of non-fixed ZMAT coord = 6

Loading T-type coordinate transformation (COORD_TRANS)
Coordinate T matrix and t0, f vectors: 
-------------------------------------- 
  Q1 :   -0.0218    +0.4434    +1.9596    -0.4990    -2.0435    -0.0000  ;    +0.2635 ;  0
  Q2 :   +2.4558    +0.0033    +1.0468    -0.0011    +1.0276    -0.0000  ;   -10.8051 ;  0
  Q3 :   -0.0001    -0.0000    +0.0308    -0.0000    +0.0308    +7.8147  ;   -24.6472 ;  0
  Q4 :   +0.0228    -0.0004    -7.8051    -0.0002    -7.8044    +0.0308  ;   +24.3498 ;  0
  Q5 :   -0.0046   +17.7308    +0.0013   +18.6097    +0.0010    +0.0000  ;   -42.2249 ;  0
  Q6 :   -0.0001   +13.0322    -0.0032   -12.3152    +0.0032    -0.0000  ;    -0.8331 ;  0

Computing inverse of T...LU OK...OK
Coordinate system: ZMAT (TRANS)
N = 4, Nq = 6

 Atom | Isotope | Atomic Mass (/u) | Nuclear spin 
--------------------------------------------------
   1  |     He  |   4.00260325415  | 0            
   2  |   C-13  |  13.00335483780  | 1/2          
   3  |   O-16  |  15.99491461956  | 0            
   4  |   O-18  |  17.99916100000  | 0            
--------------------------------------------------

Loading user reference geometries:
----------------------------------
REF1 = [0.0000, 0.0000, 0.0000, 0.0000, 0.0000, 0.0000]

 Coord. |   Desc.   | Activity |             Specification             
-----------------------------------------------------------------------
   Q1   | Q1'       |  ACTIVE  | HO, 15:[-5.0000,5.0000]              
   Q2   | Q2'       |  ACTIVE  | HO, 15:[-5.0000,5.0000]              
   Q3   | Q3'       |  ACTIVE  | HO, 15:[-5.0000,5.0000]              
   Q4   | Q4'       |  ACTIVE  | HO, 15:[-5.0000,5.0000]              
   Q5   | Q5'       |  ACTIVE  | HO, 15:[-5.0000,5.0000]              
   Q6   | Q6'       |  ACTIVE  | HO, 15:[-5.0000,5.0000]              
-----------------------------------------------------------------------
 # of active coords:        6
 # of constrained coords:   0
 # of grid points:          11390625

BFPERM = 0 (default), (x,y,z) <--> (e1,e2,e3)

Total angular momentum: J = 0 (default)

Loading PES shared library from "/home/oosode/project/rgCO2/rgCO2-stampede/pes/HeCO2/CO2He/libCO2He.so":
N = 4
Note: cannot import PES calcGradient subroutine. Using numerical gradient.
PES_GRAD_STEP = 1.00E-05 (default)
PESPERM = 1 2 3 4 (default)
PES imported successfully
DEREFERENCE = [ 0 0 0 0 0 0 ] (default)
VSCF_CONV = 1.0E-06 cm^-1
VSCF_SAMPLE_NX = 0 (default)
VSCF_SAMPLE_SCALE = 1.000000 (default)
POST_VHF = NONE (default)
TARGET = [0,0,0,0,0,0] (default)
TARGET_START = 1 (default)
### PARSING COMPLETE ###

Calculating Hamiltonian expansions
EXPANSION = [NV,NG1,NG2,NU,NVT,NGRV,NGRR] = [3,3,3,3,3,-1,-1]

Calculating PES expansion...
Memory estimate = 0.541 MBytes 
Calc. time estimate = 0.15784 secs (single thread)
Complete (0.10128 sec)

Calculating KEO expansion...
Memory estimate = 15.160 MBytes 
Complete (6.43634 sec)

Target list:
--------------
[  1] : [ 0 0 0 0 0 0 ]
[  2] : [ 0 0 0 0 0 1 ]
[  3] : [ 0 0 0 0 0 2 ]
[  4] : [ 0 0 0 0 0 3 ]
[  5] : [ 0 0 0 0 1 0 ]
[  6] : [ 0 0 0 0 1 1 ]
[  7] : [ 0 0 0 0 1 2 ]
[  8] : [ 0 0 0 0 2 0 ]
[  9] : [ 0 0 0 0 2 1 ]
[ 10] : [ 0 0 0 0 3 0 ]
[ 11] : [ 0 0 0 1 0 0 ]
[ 12] : [ 0 0 0 1 0 1 ]
[ 13] : [ 0 0 0 1 0 2 ]
[ 14] : [ 0 0 0 1 1 0 ]
[ 15] : [ 0 0 0 1 1 1 ]
[ 16] : [ 0 0 0 1 2 0 ]
[ 17] : [ 0 0 0 2 0 0 ]
[ 18] : [ 0 0 0 2 0 1 ]
[ 19] : [ 0 0 0 2 1 0 ]
[ 20] : [ 0 0 0 3 0 0 ]
[ 21] : [ 0 0 1 0 0 0 ]
[ 22] : [ 0 0 1 0 0 1 ]
[ 23] : [ 0 0 1 0 0 2 ]
[ 24] : [ 0 0 1 0 1 0 ]
[ 25] : [ 0 0 1 0 1 1 ]
[ 26] : [ 0 0 1 0 2 0 ]
[ 27] : [ 0 0 1 1 0 0 ]
[ 28] : [ 0 0 1 1 0 1 ]
[ 29] : [ 0 0 1 1 1 0 ]
[ 30] : [ 0 0 1 2 0 0 ]
[ 31] : [ 0 0 2 0 0 0 ]
[ 32] : [ 0 0 2 0 0 1 ]
[ 33] : [ 0 0 2 0 1 0 ]
[ 34] : [ 0 0 2 1 0 0 ]
[ 35] : [ 0 0 3 0 0 0 ]
[ 36] : [ 0 1 0 0 0 0 ]
[ 37] : [ 0 1 0 0 0 1 ]
[ 38] : [ 0 1 0 0 0 2 ]
[ 39] : [ 0 1 0 0 1 0 ]
[ 40] : [ 0 1 0 0 1 1 ]
[ 41] : [ 0 1 0 0 2 0 ]
[ 42] : [ 0 1 0 1 0 0 ]
[ 43] : [ 0 1 0 1 0 1 ]
[ 44] : [ 0 1 0 1 1 0 ]
[ 45] : [ 0 1 0 2 0 0 ]
[ 46] : [ 0 1 1 0 0 0 ]
[ 47] : [ 0 1 1 0 0 1 ]
[ 48] : [ 0 1 1 0 1 0 ]
[ 49] : [ 0 1 1 1 0 0 ]
[ 50] : [ 0 1 2 0 0 0 ]
[ 51] : [ 0 2 0 0 0 0 ]
[ 52] : [ 0 2 0 0 0 1 ]
[ 53] : [ 0 2 0 0 1 0 ]
[ 54] : [ 0 2 0 1 0 0 ]
[ 55] : [ 0 2 1 0 0 0 ]
[ 56] : [ 0 3 0 0 0 0 ]
[ 57] : [ 1 0 0 0 0 0 ]
[ 58] : [ 1 0 0 0 0 1 ]
[ 59] : [ 1 0 0 0 0 2 ]
[ 60] : [ 1 0 0 0 1 0 ]
[ 61] : [ 1 0 0 0 1 1 ]
[ 62] : [ 1 0 0 0 2 0 ]
[ 63] : [ 1 0 0 1 0 0 ]
[ 64] : [ 1 0 0 1 0 1 ]
[ 65] : [ 1 0 0 1 1 0 ]
[ 66] : [ 1 0 0 2 0 0 ]
[ 67] : [ 1 0 1 0 0 0 ]
[ 68] : [ 1 0 1 0 0 1 ]
[ 69] : [ 1 0 1 0 1 0 ]
[ 70] : [ 1 0 1 1 0 0 ]
[ 71] : [ 1 0 2 0 0 0 ]
[ 72] : [ 1 1 0 0 0 0 ]
[ 73] : [ 1 1 0 0 0 1 ]
[ 74] : [ 1 1 0 0 1 0 ]
[ 75] : [ 1 1 0 1 0 0 ]
[ 76] : [ 1 1 1 0 0 0 ]
[ 77] : [ 1 2 0 0 0 0 ]
[ 78] : [ 2 0 0 0 0 0 ]
[ 79] : [ 2 0 0 0 0 1 ]
[ 80] : [ 2 0 0 0 1 0 ]
[ 81] : [ 2 0 0 1 0 0 ]
[ 82] : [ 2 0 1 0 0 0 ]
[ 83] : [ 2 1 0 0 0 0 ]
[ 84] : [ 3 0 0 0 0 0 ]


Calculating target state 1:
----------------------------
Target = [ 0 0 0 0 0 0 ]
Calculating initial 1D wavefunctions:
Mode 1, E[1] - E[0] = 31.602
Mode 2, E[1] - E[0] = 25.052
Mode 3, E[1] - E[0] = 651.311
Mode 4, E[1] - E[0] = 651.354
Mode 5, E[1] - E[0] = 1308.126
Mode 6, E[1] - E[0] = 2326.667

Starting VSCF iterations...
Iteration 1   ... max diff = 2.43514E+03 (0.28094 sec)
Iteration 2   ... max diff = 1.14875E+01 (0.28090 sec)
Iteration 3   ... max diff = 4.46019E-02 (0.28253 sec)
Iteration 4   ... max diff = 1.66449E-03 (0.27792 sec)
Iteration 5   ... max diff = 7.38442E-05 (0.27968 sec)
Iteration 6   ... max diff = 3.32527E-06 (0.28226 sec)
Iteration 7   ... max diff = 1.50183E-07 (0.28215 sec)
VSCF converged after 7 iterations (1.96655 sec).
Mode fundamentals =    [ 20.043 22.339 648.009 647.325 1310.341 2291.600 ]
Total VSCF energy =      2438.418 (from mean single mode energies)
Total VSCF energy =      2438.418 (from total expectation value)
Saving VSCF data to "VSCF_MODES_TARGET000.dat"


Calculating target state 2:
----------------------------
Target = [ 0 0 0 0 0 1 ]
Calculating initial 1D wavefunctions:
Mode 1, E[1] - E[0] = 31.602
Mode 2, E[1] - E[0] = 25.052
Mode 3, E[1] - E[0] = 651.311
Mode 4, E[1] - E[0] = 651.354
Mode 5, E[1] - E[0] = 1308.126
Mode 6, E[1] - E[0] = 2326.667

Starting VSCF iterations...
Iteration 1   ... max diff = 4.75565E+03 (0.28024 sec)
Iteration 2   ... max diff = 6.18965E+01 (0.28137 sec)
Iteration 3   ... max diff = 9.86102E-02 (0.27892 sec)
Iteration 4   ... max diff = 1.21533E-03 (0.28056 sec)
Iteration 5   ... max diff = 5.14495E-05 (0.28403 sec)
Iteration 6   ... max diff = 2.33064E-06 (0.27878 sec)
Iteration 7   ... max diff = 1.06059E-07 (0.28160 sec)
VSCF converged after 7 iterations (1.96573 sec).
Mode fundamentals =    [ 19.925 22.320 636.638 635.958 1306.476 2248.459 ]
Total VSCF energy =      4708.460 (from mean single mode energies)
Total VSCF energy =      4708.460 (from total expectation value)
Saving VSCF data to "VSCF_MODES_TARGET001.dat"


Calculating target state 3:
----------------------------
Target = [ 0 0 0 0 0 2 ]
Calculating initial 1D wavefunctions:
Mode 1, E[1] - E[0] = 31.602
Mode 2, E[1] - E[0] = 25.052
Mode 3, E[1] - E[0] = 651.311
Mode 4, E[1] - E[0] = 651.354
Mode 5, E[1] - E[0] = 1308.126
Mode 6, E[1] - E[0] = 2326.667

Starting VSCF iterations...
Iteration 1   ... max diff = 7.09441E+03 (0.28068 sec)
Iteration 2   ... max diff = 1.54972E+02 (0.27907 sec)
Iteration 3   ... max diff = 3.88233E-01 (0.27989 sec)
Iteration 4   ... max diff = 1.43379E-03 (0.28030 sec)
Iteration 5   ... max diff = 2.88994E-05 (0.28091 sec)
Iteration 6   ... max diff = 1.23061E-06 (0.28095 sec)
Iteration 7   ... max diff = 5.60967E-08 (0.28107 sec)
VSCF converged after 7 iterations (1.96307 sec).
Mode fundamentals =    [ 19.809 22.301 625.291 624.612 1302.573 2205.280 ]
Total VSCF energy =      6953.856 (from mean single mode energies)
Total VSCF energy =      6953.856 (from total expectation value)
Saving VSCF data to "VSCF_MODES_TARGET002.dat"


Calculating target state 4:
----------------------------
Target = [ 0 0 0 0 0 3 ]
Calculating initial 1D wavefunctions:
Mode 1, E[1] - E[0] = 31.602
Mode 2, E[1] - E[0] = 25.052
Mode 3, E[1] - E[0] = 651.311
Mode 4, E[1] - E[0] = 651.354
Mode 5, E[1] - E[0] = 1308.126
Mode 6, E[1] - E[0] = 2326.667

Starting VSCF iterations...
Iteration 1   ... max diff = 9.45124E+03 (0.28284 sec)
Iteration 2   ... max diff = 2.90216E+02 (0.28008 sec)
Iteration 3   ... max diff = 1.21363E+00 (0.28036 sec)
Iteration 4   ... max diff = 5.20586E-03 (0.28035 sec)
Iteration 5   ... max diff = 2.83180E-05 (0.28108 sec)
Iteration 6   ... max diff = 3.86246E-07 (0.28000 sec)
VSCF converged after 6 iterations (1.68485 sec).
Mode fundamentals =    [ 19.694 22.280 613.966 613.286 1298.632 2162.055 ]
Total VSCF energy =      9174.614 (from mean single mode energies)
Total VSCF energy =      9174.614 (from total expectation value)
Saving VSCF data to "VSCF_MODES_TARGET003.dat"


Calculating target state 5:
----------------------------
Target = [ 0 0 0 0 1 0 ]
Calculating initial 1D wavefunctions:
Mode 1, E[1] - E[0] = 31.602
Mode 2, E[1] - E[0] = 25.052
Mode 3, E[1] - E[0] = 651.311
Mode 4, E[1] - E[0] = 651.354
Mode 5, E[1] - E[0] = 1308.126
Mode 6, E[1] - E[0] = 2326.667

Starting VSCF iterations...
Iteration 1   ... max diff = 3.74548E+03 (0.28134 sec)
Iteration 2   ... max diff = 1.15263E+01 (0.27966 sec)
Iteration 3   ... max diff = 4.36883E-02 (0.27948 sec)
Iteration 4   ... max diff = 1.61469E-03 (0.28072 sec)
Iteration 5   ... max diff = 7.14950E-05 (0.28144 sec)
Iteration 6   ... max diff = 3.21306E-06 (0.27743 sec)
Iteration 7   ... max diff = 1.44817E-07 (0.28144 sec)
VSCF converged after 7 iterations (1.96169 sec).
Mode fundamentals =    [ 19.998 22.328 652.179 651.490 1310.269 2287.765 ]
Total VSCF energy =      3748.722 (from mean single mode energies)
Total VSCF energy =      3748.722 (from total expectation value)
Saving VSCF data to "VSCF_MODES_TARGET004.dat"


Calculating target state 6:
----------------------------
Target = [ 0 0 0 0 1 1 ]
Calculating initial 1D wavefunctions:
Mode 1, E[1] - E[0] = 31.602
Mode 2, E[1] - E[0] = 25.052
Mode 3, E[1] - E[0] = 651.311
Mode 4, E[1] - E[0] = 651.354
Mode 5, E[1] - E[0] = 1308.126
Mode 6, E[1] - E[0] = 2326.667

Starting VSCF iterations...
Iteration 1   ... max diff = 6.06214E+03 (0.28062 sec)
Iteration 2   ... max diff = 6.19514E+01 (0.27907 sec)
Iteration 3   ... max diff = 1.02080E-01 (0.28367 sec)
Iteration 4   ... max diff = 1.16888E-03 (0.27999 sec)
Iteration 5   ... max diff = 4.89674E-05 (0.28115 sec)
Iteration 6   ... max diff = 2.21260E-06 (0.28033 sec)
Iteration 7   ... max diff = 1.00448E-07 (0.28192 sec)
VSCF converged after 7 iterations (1.96699 sec).
Mode fundamentals =    [ 19.882 22.310 640.871 640.185 1306.395 2244.555 ]
Total VSCF energy =      6014.895 (from mean single mode energies)
Total VSCF energy =      6014.895 (from total expectation value)
Saving VSCF data to "VSCF_MODES_TARGET005.dat"


Calculating target state 7:
----------------------------
Target = [ 0 0 0 0 1 2 ]
Calculating initial 1D wavefunctions:
Mode 1, E[1] - E[0] = 31.602
Mode 2, E[1] - E[0] = 25.052
Mode 3, E[1] - E[0] = 651.311
Mode 4, E[1] - E[0] = 651.354
Mode 5, E[1] - E[0] = 1308.126
Mode 6, E[1] - E[0] = 2326.667

Starting VSCF iterations...
Iteration 1   ... max diff = 8.39708E+03 (0.28377 sec)
Iteration 2   ... max diff = 1.55098E+02 (0.28337 sec)
Iteration 3   ... max diff = 4.07517E-01 (0.28256 sec)
Iteration 4   ... max diff = 1.44501E-03 (0.28178 sec)
Iteration 5   ... max diff = 2.68094E-05 (0.28235 sec)
Iteration 6   ... max diff = 1.12576E-06 (0.28392 sec)
Iteration 7   ... max diff = 5.11445E-08 (0.28186 sec)
VSCF converged after 7 iterations (1.97976 sec).
Mode fundamentals =    [ 19.768 22.291 629.588 628.903 1302.483 2201.308 ]
Total VSCF energy =      8256.384 (from mean single mode energies)
Total VSCF energy =      8256.384 (from total expectation value)
Saving VSCF data to "VSCF_MODES_TARGET006.dat"


Calculating target state 8:
----------------------------
Target = [ 0 0 0 0 2 0 ]
Calculating initial 1D wavefunctions:
Mode 1, E[1] - E[0] = 31.602
Mode 2, E[1] - E[0] = 25.052
Mode 3, E[1] - E[0] = 651.311
Mode 4, E[1] - E[0] = 651.354
Mode 5, E[1] - E[0] = 1308.126
Mode 6, E[1] - E[0] = 2326.667

Starting VSCF iterations...
Iteration 1   ... max diff = 5.05050E+03 (0.28219 sec)
Iteration 2   ... max diff = 1.16359E+01 (0.28004 sec)
Iteration 3   ... max diff = 4.28279E-02 (0.28163 sec)
Iteration 4   ... max diff = 1.56597E-03 (0.28198 sec)
Iteration 5   ... max diff = 6.92025E-05 (0.28103 sec)
Iteration 6   ... max diff = 3.10386E-06 (0.28327 sec)
Iteration 7   ... max diff = 1.39614E-07 (0.28290 sec)
VSCF converged after 7 iterations (1.97320 sec).
Mode fundamentals =    [ 19.953 22.317 656.239 655.546 1310.198 2283.906 ]
Total VSCF energy =      5053.630 (from mean single mode energies)
Total VSCF energy =      5053.630 (from total expectation value)
Saving VSCF data to "VSCF_MODES_TARGET007.dat"


Calculating target state 9:
----------------------------
Target = [ 0 0 0 0 2 1 ]
Calculating initial 1D wavefunctions:
Mode 1, E[1] - E[0] = 31.602
Mode 2, E[1] - E[0] = 25.052
Mode 3, E[1] - E[0] = 651.311
Mode 4, E[1] - E[0] = 651.354
Mode 5, E[1] - E[0] = 1308.126
Mode 6, E[1] - E[0] = 2326.667

Starting VSCF iterations...
Iteration 1   ... max diff = 7.36329E+03 (0.28564 sec)
Iteration 2   ... max diff = 6.20863E+01 (0.28305 sec)
Iteration 3   ... max diff = 1.05907E-01 (0.28060 sec)
Iteration 4   ... max diff = 1.12447E-03 (0.28115 sec)
Iteration 5   ... max diff = 4.65706E-05 (0.28461 sec)
Iteration 6   ... max diff = 2.09900E-06 (0.28341 sec)
Iteration 7   ... max diff = 9.50749E-08 (0.28148 sec)
VSCF converged after 7 iterations (1.98011 sec).
Mode fundamentals =    [ 19.839 22.300 644.991 644.301 1306.316 2240.628 ]
Total VSCF energy =      7315.910 (from mean single mode energies)
Total VSCF energy =      7315.910 (from total expectation value)
Saving VSCF data to "VSCF_MODES_TARGET008.dat"


Calculating target state 10:
----------------------------
Target = [ 0 0 0 0 3 0 ]
Calculating initial 1D wavefunctions:
Mode 1, E[1] - E[0] = 31.602
Mode 2, E[1] - E[0] = 25.052
Mode 3, E[1] - E[0] = 651.311
Mode 4, E[1] - E[0] = 651.354
Mode 5, E[1] - E[0] = 1308.126
Mode 6, E[1] - E[0] = 2326.667

Starting VSCF iterations...
Iteration 1   ... max diff = 6.35019E+03 (0.28432 sec)
Iteration 2   ... max diff = 1.18137E+01 (0.28081 sec)
Iteration 3   ... max diff = 4.20219E-02 (0.28290 sec)
Iteration 4   ... max diff = 1.51834E-03 (0.28317 sec)
Iteration 5   ... max diff = 6.69663E-05 (0.28186 sec)
Iteration 6   ... max diff = 2.99768E-06 (0.28116 sec)
Iteration 7   ... max diff = 1.34565E-07 (0.28200 sec)
VSCF converged after 7 iterations (1.97647 sec).
Mode fundamentals =    [ 19.908 22.307 660.192 659.494 1310.129 2280.023 ]
Total VSCF energy =      6353.141 (from mean single mode energies)
Total VSCF energy =      6353.141 (from total expectation value)
Saving VSCF data to "VSCF_MODES_TARGET009.dat"


Calculating target state 11:
----------------------------
Target = [ 0 0 0 1 0 0 ]
Calculating initial 1D wavefunctions:
Mode 1, E[1] - E[0] = 31.602
Mode 2, E[1] - E[0] = 25.052
Mode 3, E[1] - E[0] = 651.311
Mode 4, E[1] - E[0] = 651.354
Mode 5, E[1] - E[0] = 1308.126
Mode 6, E[1] - E[0] = 2326.667

Starting VSCF iterations...
Iteration 1   ... max diff = 3.08771E+03 (0.28197 sec)
Iteration 2   ... max diff = 1.74029E+01 (0.28052 sec)
Iteration 3   ... max diff = 4.99087E-02 (0.27993 sec)
Iteration 4   ... max diff = 1.66858E-03 (0.28292 sec)
Iteration 5   ... max diff = 7.33503E-05 (0.28206 sec)
Iteration 6   ... max diff = 3.27319E-06 (0.28270 sec)
Iteration 7   ... max diff = 1.46499E-07 (0.28136 sec)
VSCF converged after 7 iterations (1.97162 sec).
Mode fundamentals =    [ 20.030 22.266 650.312 645.966 1314.506 2280.220 ]
Total VSCF energy =      3085.063 (from mean single mode energies)
Total VSCF energy =      3085.063 (from total expectation value)
Saving VSCF data to "VSCF_MODES_TARGET010.dat"


Calculating target state 12:
----------------------------
Target = [ 0 0 0 1 0 1 ]
Calculating initial 1D wavefunctions:
Mode 1, E[1] - E[0] = 31.602
Mode 2, E[1] - E[0] = 25.052
Mode 3, E[1] - E[0] = 651.311
Mode 4, E[1] - E[0] = 651.354
Mode 5, E[1] - E[0] = 1308.126
Mode 6, E[1] - E[0] = 2326.667

Starting VSCF iterations...
Iteration 1   ... max diff = 5.40432E+03 (0.28278 sec)
Iteration 2   ... max diff = 7.52618E+01 (0.28416 sec)
Iteration 3   ... max diff = 1.21819E-01 (0.28229 sec)
Iteration 4   ... max diff = 1.22709E-03 (0.28238 sec)
Iteration 5   ... max diff = 5.07447E-05 (0.28446 sec)
Iteration 6   ... max diff = 2.27445E-06 (0.28059 sec)
Iteration 7   ... max diff = 1.02427E-07 (0.27983 sec)
VSCF converged after 7 iterations (1.97667 sec).
Mode fundamentals =    [ 19.920 22.249 638.938 634.612 1310.703 2237.117 ]
Total VSCF energy =      5343.745 (from mean single mode energies)
Total VSCF energy =      5343.745 (from total expectation value)
Saving VSCF data to "VSCF_MODES_TARGET011.dat"


Calculating target state 13:
----------------------------
Target = [ 0 0 0 1 0 2 ]
Calculating initial 1D wavefunctions:
Mode 1, E[1] - E[0] = 31.602
Mode 2, E[1] - E[0] = 25.052
Mode 3, E[1] - E[0] = 651.311
Mode 4, E[1] - E[0] = 651.354
Mode 5, E[1] - E[0] = 1308.126
Mode 6, E[1] - E[0] = 2326.667

Starting VSCF iterations...
Iteration 1   ... max diff = 7.73915E+03 (0.28356 sec)
Iteration 2   ... max diff = 1.75709E+02 (0.28211 sec)
Iteration 3   ... max diff = 4.49503E-01 (0.28026 sec)
Iteration 4   ... max diff = 1.54981E-03 (0.28190 sec)
Iteration 5   ... max diff = 2.84949E-05 (0.28352 sec)
Iteration 6   ... max diff = 1.18636E-06 (0.28226 sec)
Iteration 7   ... max diff = 5.34137E-08 (0.28189 sec)
VSCF converged after 7 iterations (1.97566 sec).
Mode fundamentals =    [ 19.811 22.230 627.588 623.279 1306.865 2193.976 ]
Total VSCF energy =      7577.801 (from mean single mode energies)
Total VSCF energy =      7577.801 (from total expectation value)
Saving VSCF data to "VSCF_MODES_TARGET012.dat"


Calculating target state 14:
----------------------------
Target = [ 0 0 0 1 1 0 ]
Calculating initial 1D wavefunctions:
Mode 1, E[1] - E[0] = 31.602
Mode 2, E[1] - E[0] = 25.052
Mode 3, E[1] - E[0] = 651.311
Mode 4, E[1] - E[0] = 651.354
Mode 5, E[1] - E[0] = 1308.126
Mode 6, E[1] - E[0] = 2326.667

Starting VSCF iterations...
Iteration 1   ... max diff = 4.40231E+03 (0.28214 sec)
Iteration 2   ... max diff = 1.75639E+01 (0.28299 sec)
Iteration 3   ... max diff = 4.92195E-02 (0.28310 sec)
Iteration 4   ... max diff = 1.61843E-03 (0.28339 sec)
Iteration 5   ... max diff = 7.09695E-05 (0.28172 sec)
Iteration 6   ... max diff = 3.15906E-06 (0.28092 sec)
Iteration 7   ... max diff = 1.41038E-07 (0.27923 sec)
VSCF converged after 7 iterations (1.97371 sec).
Mode fundamentals =    [ 19.986 22.256 654.371 650.077 1314.380 2276.446 ]
Total VSCF energy =      4399.506 (from mean single mode energies)
Total VSCF energy =      4399.506 (from total expectation value)
Saving VSCF data to "VSCF_MODES_TARGET013.dat"


Calculating target state 15:
----------------------------
Target = [ 0 0 0 1 1 1 ]
Calculating initial 1D wavefunctions:
Mode 1, E[1] - E[0] = 31.602
Mode 2, E[1] - E[0] = 25.052
Mode 3, E[1] - E[0] = 651.311
Mode 4, E[1] - E[0] = 651.354
Mode 5, E[1] - E[0] = 1308.126
Mode 6, E[1] - E[0] = 2326.667

Starting VSCF iterations...
Iteration 1   ... max diff = 6.71508E+03 (0.28374 sec)
Iteration 2   ... max diff = 7.53838E+01 (0.28305 sec)
Iteration 3   ... max diff = 1.25667E-01 (0.28354 sec)
Iteration 4   ... max diff = 1.18147E-03 (0.28132 sec)
Iteration 5   ... max diff = 4.82598E-05 (0.28267 sec)
Iteration 6   ... max diff = 2.15649E-06 (0.28165 sec)
Iteration 7   ... max diff = 9.68312E-08 (0.27982 sec)
VSCF converged after 7 iterations (1.97595 sec).
Mode fundamentals =    [ 19.878 22.239 643.058 638.784 1310.567 2233.276 ]
Total VSCF energy =      6654.380 (from mean single mode energies)
Total VSCF energy =      6654.380 (from total expectation value)
Saving VSCF data to "VSCF_MODES_TARGET014.dat"


Calculating target state 16:
----------------------------
Target = [ 0 0 0 1 2 0 ]
Calculating initial 1D wavefunctions:
Mode 1, E[1] - E[0] = 31.602
Mode 2, E[1] - E[0] = 25.052
Mode 3, E[1] - E[0] = 651.311
Mode 4, E[1] - E[0] = 651.354
Mode 5, E[1] - E[0] = 1308.126
Mode 6, E[1] - E[0] = 2326.667

Starting VSCF iterations...
Iteration 1   ... max diff = 5.71153E+03 (0.28259 sec)
Iteration 2   ... max diff = 1.78484E+01 (0.28177 sec)
Iteration 3   ... max diff = 4.85771E-02 (0.28310 sec)
Iteration 4   ... max diff = 1.56938E-03 (0.28303 sec)
Iteration 5   ... max diff = 6.86482E-05 (0.28074 sec)
Iteration 6   ... max diff = 3.04822E-06 (0.28323 sec)
Iteration 7   ... max diff = 1.35725E-07 (0.28269 sec)
VSCF converged after 7 iterations (1.97731 sec).
Mode fundamentals =    [ 19.943 22.246 658.323 654.079 1314.257 2272.645 ]
Total VSCF energy =      5708.442 (from mean single mode energies)
Total VSCF energy =      5708.442 (from total expectation value)
Saving VSCF data to "VSCF_MODES_TARGET015.dat"


Calculating target state 17:
----------------------------
Target = [ 0 0 0 2 0 0 ]
Calculating initial 1D wavefunctions:
Mode 1, E[1] - E[0] = 31.602
Mode 2, E[1] - E[0] = 25.052
Mode 3, E[1] - E[0] = 651.311
Mode 4, E[1] - E[0] = 651.354
Mode 5, E[1] - E[0] = 1308.126
Mode 6, E[1] - E[0] = 2326.667

Starting VSCF iterations...
Iteration 1   ... max diff = 3.74181E+03 (0.28530 sec)
Iteration 2   ... max diff = 2.47041E+01 (0.28225 sec)
Iteration 3   ... max diff = 5.81080E-02 (0.28318 sec)
Iteration 4   ... max diff = 1.66719E-03 (0.28161 sec)
Iteration 5   ... max diff = 7.25381E-05 (0.28412 sec)
Iteration 6   ... max diff = 3.20430E-06 (0.28344 sec)
Iteration 7   ... max diff = 1.41950E-07 (0.28079 sec)
VSCF converged after 7 iterations (1.98087 sec).
Mode fundamentals =    [ 20.014 22.192 652.614 644.604 1318.541 2268.855 ]
Total VSCF energy =      3731.853 (from mean single mode energies)
Total VSCF energy =      3731.853 (from total expectation value)
Saving VSCF data to "VSCF_MODES_TARGET016.dat"


Calculating target state 18:
----------------------------
Target = [ 0 0 0 2 0 1 ]
Calculating initial 1D wavefunctions:
Mode 1, E[1] - E[0] = 31.602
Mode 2, E[1] - E[0] = 25.052
Mode 3, E[1] - E[0] = 651.311
Mode 4, E[1] - E[0] = 651.354
Mode 5, E[1] - E[0] = 1308.126
Mode 6, E[1] - E[0] = 2326.667

Starting VSCF iterations...
Iteration 1   ... max diff = 6.05455E+03 (0.28369 sec)
Iteration 2   ... max diff = 9.00228E+01 (0.28208 sec)
Iteration 3   ... max diff = 1.51193E-01 (0.28253 sec)
Iteration 4   ... max diff = 1.23877E-03 (0.28390 sec)
Iteration 5   ... max diff = 4.98516E-05 (0.28134 sec)
Iteration 6   ... max diff = 2.20874E-06 (0.28179 sec)
Iteration 7   ... max diff = 9.83291E-08 (0.28213 sec)
VSCF converged after 7 iterations (1.97770 sec).
Mode fundamentals =    [ 19.911 22.175 641.237 633.263 1314.799 2225.792 ]
Total VSCF energy =      5979.190 (from mean single mode energies)
Total VSCF energy =      5979.190 (from total expectation value)
Saving VSCF data to "VSCF_MODES_TARGET017.dat"


Calculating target state 19:
----------------------------
Target = [ 0 0 0 2 1 0 ]
Calculating initial 1D wavefunctions:
Mode 1, E[1] - E[0] = 31.602
Mode 2, E[1] - E[0] = 25.052
Mode 3, E[1] - E[0] = 651.311
Mode 4, E[1] - E[0] = 651.354
Mode 5, E[1] - E[0] = 1308.126
Mode 6, E[1] - E[0] = 2326.667

Starting VSCF iterations...
Iteration 1   ... max diff = 5.06059E+03 (0.28220 sec)
Iteration 2   ... max diff = 2.50372E+01 (0.28189 sec)
Iteration 3   ... max diff = 5.79644E-02 (0.28412 sec)
Iteration 4   ... max diff = 1.61734E-03 (0.28119 sec)
Iteration 5   ... max diff = 7.01596E-05 (0.28179 sec)
Iteration 6   ... max diff = 3.09012E-06 (0.28347 sec)
Iteration 7   ... max diff = 1.36495E-07 (0.28108 sec)
VSCF converged after 7 iterations (1.97592 sec).
Mode fundamentals =    [ 19.972 22.182 656.564 648.661 1318.365 2265.140 ]
Total VSCF energy =      5050.306 (from mean single mode energies)
Total VSCF energy =      5050.306 (from total expectation value)
Saving VSCF data to "VSCF_MODES_TARGET018.dat"


Calculating target state 20:
----------------------------
Target = [ 0 0 0 3 0 0 ]
Calculating initial 1D wavefunctions:
Mode 1, E[1] - E[0] = 31.602
Mode 2, E[1] - E[0] = 25.052
Mode 3, E[1] - E[0] = 651.311
Mode 4, E[1] - E[0] = 651.354
Mode 5, E[1] - E[0] = 1308.126
Mode 6, E[1] - E[0] = 2326.667

Starting VSCF iterations...
Iteration 1   ... max diff = 4.39746E+03 (0.28309 sec)
Iteration 2   ... max diff = 3.34044E+01 (0.28424 sec)
Iteration 3   ... max diff = 7.00053E-02 (0.28278 sec)
Iteration 4   ... max diff = 1.66089E-03 (0.28177 sec)
Iteration 5   ... max diff = 7.14436E-05 (0.28262 sec)
Iteration 6   ... max diff = 3.12095E-06 (0.28188 sec)
Iteration 7   ... max diff = 1.36739E-07 (0.28268 sec)
VSCF converged after 7 iterations (1.97924 sec).
Mode fundamentals =    [ 19.995 22.116 654.915 643.238 1322.448 2257.505 ]
Total VSCF energy =      4378.791 (from mean single mode energies)
Total VSCF energy =      4378.791 (from total expectation value)
Saving VSCF data to "VSCF_MODES_TARGET019.dat"


Calculating target state 21:
----------------------------
Target = [ 0 0 1 0 0 0 ]
Calculating initial 1D wavefunctions:
Mode 1, E[1] - E[0] = 31.602
Mode 2, E[1] - E[0] = 25.052
Mode 3, E[1] - E[0] = 651.311
Mode 4, E[1] - E[0] = 651.354
Mode 5, E[1] - E[0] = 1308.126
Mode 6, E[1] - E[0] = 2326.667

Starting VSCF iterations...
Iteration 1   ... max diff = 3.08831E+03 (0.28167 sec)
Iteration 2   ... max diff = 1.75264E+01 (0.28234 sec)
Iteration 3   ... max diff = 4.71460E-02 (0.28276 sec)
Iteration 4   ... max diff = 1.29606E-03 (0.28330 sec)
Iteration 5   ... max diff = 4.48331E-05 (0.28151 sec)
Iteration 6   ... max diff = 1.56919E-06 (0.28320 sec)
Iteration 7   ... max diff = 5.50385E-08 (0.28348 sec)
VSCF converged after 7 iterations (1.97843 sec).
Mode fundamentals =    [ 22.593 22.337 646.274 649.618 1314.510 2280.217 ]
Total VSCF energy =      3085.543 (from mean single mode energies)
Total VSCF energy =      3085.543 (from total expectation value)
Saving VSCF data to "VSCF_MODES_TARGET020.dat"


Calculating target state 22:
----------------------------
Target = [ 0 0 1 0 0 1 ]
Calculating initial 1D wavefunctions:
Mode 1, E[1] - E[0] = 31.602
Mode 2, E[1] - E[0] = 25.052
Mode 3, E[1] - E[0] = 651.311
Mode 4, E[1] - E[0] = 651.354
Mode 5, E[1] - E[0] = 1308.126
Mode 6, E[1] - E[0] = 2326.667

Starting VSCF iterations...
Iteration 1   ... max diff = 5.40507E+03 (0.28191 sec)
Iteration 2   ... max diff = 7.55185E+01 (0.28297 sec)
Iteration 3   ... max diff = 1.33446E-01 (0.28114 sec)
Iteration 4   ... max diff = 1.48227E-03 (0.28395 sec)
Iteration 5   ... max diff = 4.91485E-05 (0.28046 sec)
Iteration 6   ... max diff = 1.72550E-06 (0.28104 sec)
Iteration 7   ... max diff = 6.07497E-08 (0.28363 sec)
VSCF converged after 7 iterations (1.97534 sec).
Mode fundamentals =    [ 22.460 22.315 634.918 638.248 1310.708 2237.116 ]
Total VSCF energy =      5344.223 (from mean single mode energies)
Total VSCF energy =      5344.223 (from total expectation value)
Saving VSCF data to "VSCF_MODES_TARGET021.dat"


Calculating target state 23:
----------------------------
Target = [ 0 0 1 0 0 2 ]
Calculating initial 1D wavefunctions:
Mode 1, E[1] - E[0] = 31.602
Mode 2, E[1] - E[0] = 25.052
Mode 3, E[1] - E[0] = 651.311
Mode 4, E[1] - E[0] = 651.354
Mode 5, E[1] - E[0] = 1308.126
Mode 6, E[1] - E[0] = 2326.667

Starting VSCF iterations...
Iteration 1   ... max diff = 7.74004E+03 (0.28226 sec)
Iteration 2   ... max diff = 1.76095E+02 (0.28231 sec)
Iteration 3   ... max diff = 4.76542E-01 (0.28068 sec)
Iteration 4   ... max diff = 2.38443E-03 (0.27947 sec)
Iteration 5   ... max diff = 5.33510E-05 (0.28077 sec)
Iteration 6   ... max diff = 1.81736E-06 (0.28038 sec)
Iteration 7   ... max diff = 6.40684E-08 (0.28107 sec)
VSCF converged after 7 iterations (1.96715 sec).
Mode fundamentals =    [ 22.331 22.293 623.585 626.899 1306.869 2193.976 ]
Total VSCF energy =      7578.279 (from mean single mode energies)
Total VSCF energy =      7578.279 (from total expectation value)
Saving VSCF data to "VSCF_MODES_TARGET022.dat"


Calculating target state 24:
----------------------------
Target = [ 0 0 1 0 1 0 ]
Calculating initial 1D wavefunctions:
Mode 1, E[1] - E[0] = 31.602
Mode 2, E[1] - E[0] = 25.052
Mode 3, E[1] - E[0] = 651.311
Mode 4, E[1] - E[0] = 651.354
Mode 5, E[1] - E[0] = 1308.126
Mode 6, E[1] - E[0] = 2326.667

Starting VSCF iterations...
Iteration 1   ... max diff = 4.40275E+03 (0.27890 sec)
Iteration 2   ... max diff = 1.75256E+01 (0.27931 sec)
Iteration 3   ... max diff = 4.37043E-02 (0.27899 sec)
Iteration 4   ... max diff = 1.17519E-03 (0.27904 sec)
Iteration 5   ... max diff = 4.05981E-05 (0.27835 sec)
Iteration 6   ... max diff = 1.41852E-06 (0.27913 sec)
Iteration 7   ... max diff = 4.96484E-08 (0.27963 sec)
VSCF converged after 7 iterations (1.95351 sec).
Mode fundamentals =    [ 22.556 22.325 650.388 653.672 1314.384 2276.443 ]
Total VSCF energy =      4399.990 (from mean single mode energies)
Total VSCF energy =      4399.990 (from total expectation value)
Saving VSCF data to "VSCF_MODES_TARGET023.dat"


Calculating target state 25:
----------------------------
Target = [ 0 0 1 0 1 1 ]
Calculating initial 1D wavefunctions:
Mode 1, E[1] - E[0] = 31.602
Mode 2, E[1] - E[0] = 25.052
Mode 3, E[1] - E[0] = 651.311
Mode 4, E[1] - E[0] = 651.354
Mode 5, E[1] - E[0] = 1308.126
Mode 6, E[1] - E[0] = 2326.667

Starting VSCF iterations...
Iteration 1   ... max diff = 6.71567E+03 (0.28129 sec)
Iteration 2   ... max diff = 7.54807E+01 (0.28362 sec)
Iteration 3   ... max diff = 1.34127E-01 (0.28089 sec)
Iteration 4   ... max diff = 1.35226E-03 (0.28204 sec)
Iteration 5   ... max diff = 4.43062E-05 (0.28031 sec)
Iteration 6   ... max diff = 1.55189E-06 (0.28350 sec)
Iteration 7   ... max diff = 5.45151E-08 (0.28212 sec)
VSCF converged after 7 iterations (1.97399 sec).
Mode fundamentals =    [ 22.425 22.304 639.094 642.363 1310.571 2233.275 ]
Total VSCF energy =      6654.862 (from mean single mode energies)
Total VSCF energy =      6654.862 (from total expectation value)
Saving VSCF data to "VSCF_MODES_TARGET024.dat"


Calculating target state 26:
----------------------------
Target = [ 0 0 1 0 2 0 ]
Calculating initial 1D wavefunctions:
Mode 1, E[1] - E[0] = 31.602
Mode 2, E[1] - E[0] = 25.052
Mode 3, E[1] - E[0] = 651.311
Mode 4, E[1] - E[0] = 651.354
Mode 5, E[1] - E[0] = 1308.126
Mode 6, E[1] - E[0] = 2326.667

Starting VSCF iterations...
Iteration 1   ... max diff = 5.71181E+03 (0.28506 sec)
Iteration 2   ... max diff = 1.76475E+01 (0.28279 sec)
Iteration 3   ... max diff = 4.03857E-02 (0.28231 sec)
Iteration 4   ... max diff = 1.05720E-03 (0.28151 sec)
Iteration 5   ... max diff = 3.64734E-05 (0.28188 sec)
Iteration 6   ... max diff = 1.27224E-06 (0.27958 sec)
Iteration 7   ... max diff = 4.44734E-08 (0.28030 sec)
VSCF converged after 7 iterations (1.97368 sec).
Mode fundamentals =    [ 22.519 22.312 654.393 657.620 1314.261 2272.643 ]
Total VSCF energy =      5708.930 (from mean single mode energies)
Total VSCF energy =      5708.930 (from total expectation value)
Saving VSCF data to "VSCF_MODES_TARGET025.dat"


Calculating target state 27:
----------------------------
Target = [ 0 0 1 1 0 0 ]
Calculating initial 1D wavefunctions:
Mode 1, E[1] - E[0] = 31.602
Mode 2, E[1] - E[0] = 25.052
Mode 3, E[1] - E[0] = 651.311
Mode 4, E[1] - E[0] = 651.354
Mode 5, E[1] - E[0] = 1308.126
Mode 6, E[1] - E[0] = 2326.667

Starting VSCF iterations...
Iteration 1   ... max diff = 3.74466E+03 (0.28185 sec)
Iteration 2   ... max diff = 2.49435E+01 (0.27917 sec)
Iteration 3   ... max diff = 5.84040E-02 (0.28076 sec)
Iteration 4   ... max diff = 1.38822E-03 (0.28217 sec)
Iteration 5   ... max diff = 4.71234E-05 (0.28055 sec)
Iteration 6   ... max diff = 1.61906E-06 (0.28378 sec)
Iteration 7   ... max diff = 5.57452E-08 (0.28038 sec)
VSCF converged after 7 iterations (1.96888 sec).
Mode fundamentals =    [ 22.575 21.983 648.533 648.234 1318.563 2268.835 ]
Total VSCF energy =      3734.469 (from mean single mode energies)
Total VSCF energy =      3734.469 (from total expectation value)
Saving VSCF data to "VSCF_MODES_TARGET026.dat"


Calculating target state 28:
----------------------------
Target = [ 0 0 1 1 0 1 ]
Calculating initial 1D wavefunctions:
Mode 1, E[1] - E[0] = 31.602
Mode 2, E[1] - E[0] = 25.052
Mode 3, E[1] - E[0] = 651.311
Mode 4, E[1] - E[0] = 651.354
Mode 5, E[1] - E[0] = 1308.126
Mode 6, E[1] - E[0] = 2326.667

Starting VSCF iterations...
Iteration 1   ... max diff = 6.05753E+03 (0.28183 sec)
Iteration 2   ... max diff = 9.03839E+01 (0.28288 sec)
Iteration 3   ... max diff = 1.67386E-01 (0.28318 sec)
Iteration 4   ... max diff = 1.59943E-03 (0.28158 sec)
Iteration 5   ... max diff = 5.16288E-05 (0.27807 sec)
Iteration 6   ... max diff = 1.77896E-06 (0.28226 sec)
Iteration 7   ... max diff = 6.14673E-08 (0.28090 sec)
VSCF converged after 7 iterations (1.97087 sec).
Mode fundamentals =    [ 22.444 21.965 637.175 636.877 1314.822 2225.771 ]
Total VSCF energy =      5981.785 (from mean single mode energies)
Total VSCF energy =      5981.785 (from total expectation value)
Saving VSCF data to "VSCF_MODES_TARGET027.dat"


Calculating target state 29:
----------------------------
Target = [ 0 0 1 1 1 0 ]
Calculating initial 1D wavefunctions:
Mode 1, E[1] - E[0] = 31.602
Mode 2, E[1] - E[0] = 25.052
Mode 3, E[1] - E[0] = 651.311
Mode 4, E[1] - E[0] = 651.354
Mode 5, E[1] - E[0] = 1308.126
Mode 6, E[1] - E[0] = 2326.667

Starting VSCF iterations...
Iteration 1   ... max diff = 5.06333E+03 (0.28143 sec)
Iteration 2   ... max diff = 2.51428E+01 (0.28090 sec)
Iteration 3   ... max diff = 5.55312E-02 (0.28170 sec)
Iteration 4   ... max diff = 1.27329E-03 (0.28270 sec)
Iteration 5   ... max diff = 4.31544E-05 (0.28124 sec)
Iteration 6   ... max diff = 1.47990E-06 (0.28313 sec)
Iteration 7   ... max diff = 5.08426E-08 (0.28275 sec)
VSCF converged after 7 iterations (1.97399 sec).
Mode fundamentals =    [ 22.538 21.972 652.538 652.235 1318.386 2265.120 ]
Total VSCF energy =      5052.943 (from mean single mode energies)
Total VSCF energy =      5052.943 (from total expectation value)
Saving VSCF data to "VSCF_MODES_TARGET028.dat"


Calculating target state 30:
----------------------------
Target = [ 0 0 1 2 0 0 ]
Calculating initial 1D wavefunctions:
Mode 1, E[1] - E[0] = 31.602
Mode 2, E[1] - E[0] = 25.052
Mode 3, E[1] - E[0] = 651.311
Mode 4, E[1] - E[0] = 651.354
Mode 5, E[1] - E[0] = 1308.126
Mode 6, E[1] - E[0] = 2326.667

Starting VSCF iterations...
Iteration 1   ... max diff = 4.40257E+03 (0.28046 sec)
Iteration 2   ... max diff = 3.37733E+01 (0.28016 sec)
Iteration 3   ... max diff = 7.36796E-02 (0.28053 sec)
Iteration 4   ... max diff = 1.47656E-03 (0.28260 sec)
Iteration 5   ... max diff = 4.91336E-05 (0.28229 sec)
Iteration 6   ... max diff = 1.65546E-06 (0.27923 sec)
Iteration 7   ... max diff = 5.58857E-08 (0.28035 sec)
VSCF converged after 7 iterations (1.96590 sec).
Mode fundamentals =    [ 22.556 21.635 650.782 646.847 1322.488 2257.468 ]
Total VSCF energy =      4383.533 (from mean single mode energies)
Total VSCF energy =      4383.533 (from total expectation value)
Saving VSCF data to "VSCF_MODES_TARGET029.dat"


Calculating target state 31:
----------------------------
Target = [ 0 0 2 0 0 0 ]
Calculating initial 1D wavefunctions:
Mode 1, E[1] - E[0] = 31.602
Mode 2, E[1] - E[0] = 25.052
Mode 3, E[1] - E[0] = 651.311
Mode 4, E[1] - E[0] = 651.354
Mode 5, E[1] - E[0] = 1308.126
Mode 6, E[1] - E[0] = 2326.667

Starting VSCF iterations...
Iteration 1   ... max diff = 3.74284E+03 (0.28027 sec)
Iteration 2   ... max diff = 2.51492E+01 (0.27869 sec)
Iteration 3   ... max diff = 5.75139E-02 (0.28203 sec)
Iteration 4   ... max diff = 1.39933E-03 (0.28151 sec)
Iteration 5   ... max diff = 4.56611E-05 (0.28170 sec)
Iteration 6   ... max diff = 1.50688E-06 (0.28112 sec)
Iteration 7   ... max diff = 4.98344E-08 (0.27982 sec)
VSCF converged after 7 iterations (1.96530 sec).
Mode fundamentals =    [ 24.357 22.338 644.646 651.886 1318.548 2268.851 ]
Total VSCF energy =      3732.440 (from mean single mode energies)
Total VSCF energy =      3732.440 (from total expectation value)
Saving VSCF data to "VSCF_MODES_TARGET030.dat"


Calculating target state 32:
----------------------------
Target = [ 0 0 2 0 0 1 ]
Calculating initial 1D wavefunctions:
Mode 1, E[1] - E[0] = 31.602
Mode 2, E[1] - E[0] = 25.052
Mode 3, E[1] - E[0] = 651.311
Mode 4, E[1] - E[0] = 651.354
Mode 5, E[1] - E[0] = 1308.126
Mode 6, E[1] - E[0] = 2326.667

Starting VSCF iterations...
Iteration 1   ... max diff = 6.05586E+03 (0.27801 sec)
Iteration 2   ... max diff = 9.07200E+01 (0.28189 sec)
Iteration 3   ... max diff = 1.75209E-01 (0.28384 sec)
Iteration 4   ... max diff = 2.09081E-03 (0.27811 sec)
Iteration 5   ... max diff = 6.62098E-05 (0.28200 sec)
Iteration 6   ... max diff = 2.18802E-06 (0.28232 sec)
Iteration 7   ... max diff = 7.24267E-08 (0.27937 sec)
VSCF converged after 7 iterations (1.96578 sec).
Mode fundamentals =    [ 24.216 22.313 633.304 640.513 1314.806 2225.790 ]
Total VSCF energy =      5979.774 (from mean single mode energies)
Total VSCF energy =      5979.774 (from total expectation value)
Saving VSCF data to "VSCF_MODES_TARGET031.dat"


Calculating target state 33:
----------------------------
Target = [ 0 0 2 0 1 0 ]
Calculating initial 1D wavefunctions:
Mode 1, E[1] - E[0] = 31.602
Mode 2, E[1] - E[0] = 25.052
Mode 3, E[1] - E[0] = 651.311
Mode 4, E[1] - E[0] = 651.354
Mode 5, E[1] - E[0] = 1308.126
Mode 6, E[1] - E[0] = 2326.667

Starting VSCF iterations...
Iteration 1   ... max diff = 5.06132E+03 (0.28485 sec)
Iteration 2   ... max diff = 2.51802E+01 (0.28281 sec)
Iteration 3   ... max diff = 5.21516E-02 (0.28305 sec)
Iteration 4   ... max diff = 1.22322E-03 (0.27967 sec)
Iteration 5   ... max diff = 3.99004E-05 (0.27992 sec)
Iteration 6   ... max diff = 1.31534E-06 (0.28086 sec)
Iteration 7   ... max diff = 4.34529E-08 (0.28010 sec)
VSCF converged after 7 iterations (1.97142 sec).
Mode fundamentals =    [ 24.324 22.323 648.706 655.831 1318.372 2265.137 ]
Total VSCF energy =      5050.900 (from mean single mode energies)
Total VSCF energy =      5050.900 (from total expectation value)
Saving VSCF data to "VSCF_MODES_TARGET032.dat"


Calculating target state 34:
----------------------------
Target = [ 0 0 2 1 0 0 ]
Calculating initial 1D wavefunctions:
Mode 1, E[1] - E[0] = 31.602
Mode 2, E[1] - E[0] = 25.052
Mode 3, E[1] - E[0] = 651.311
Mode 4, E[1] - E[0] = 651.354
Mode 5, E[1] - E[0] = 1308.126
Mode 6, E[1] - E[0] = 2326.667

Starting VSCF iterations...
Iteration 1   ... max diff = 4.40298E+03 (0.27864 sec)
Iteration 2   ... max diff = 3.40996E+01 (0.28083 sec)
Iteration 3   ... max diff = 7.53106E-02 (0.27926 sec)
Iteration 4   ... max diff = 1.57741E-03 (0.27964 sec)
Iteration 5   ... max diff = 5.04141E-05 (0.28069 sec)
Iteration 6   ... max diff = 1.63030E-06 (0.28118 sec)
Iteration 7   ... max diff = 5.28325E-08 (0.27807 sec)
VSCF converged after 7 iterations (1.95858 sec).
Mode fundamentals =    [ 24.301 21.703 646.871 650.468 1322.491 2257.467 ]
Total VSCF energy =      4383.617 (from mean single mode energies)
Total VSCF energy =      4383.617 (from total expectation value)
Saving VSCF data to "VSCF_MODES_TARGET033.dat"


Calculating target state 35:
----------------------------
Target = [ 0 0 3 0 0 0 ]
Calculating initial 1D wavefunctions:
Mode 1, E[1] - E[0] = 31.602
Mode 2, E[1] - E[0] = 25.052
Mode 3, E[1] - E[0] = 651.311
Mode 4, E[1] - E[0] = 651.354
Mode 5, E[1] - E[0] = 1308.126
Mode 6, E[1] - E[0] = 2326.667

Starting VSCF iterations...
Iteration 1   ... max diff = 4.39879E+03 (0.28295 sec)
Iteration 2   ... max diff = 3.43420E+01 (0.27899 sec)
Iteration 3   ... max diff = 7.34044E-02 (0.28060 sec)
Iteration 4   ... max diff = 1.66709E-03 (0.28107 sec)
Iteration 5   ... max diff = 5.47781E-05 (0.27870 sec)
Iteration 6   ... max diff = 1.82128E-06 (0.28037 sec)
Iteration 7   ... max diff = 6.06988E-08 (0.28076 sec)
VSCF converged after 7 iterations (1.96359 sec).
Mode fundamentals =    [ 25.703 22.366 643.060 654.134 1322.458 2257.502 ]
Total VSCF energy =      4379.186 (from mean single mode energies)
Total VSCF energy =      4379.186 (from total expectation value)
Saving VSCF data to "VSCF_MODES_TARGET034.dat"


Calculating target state 36:
----------------------------
Target = [ 0 1 0 0 0 0 ]
Calculating initial 1D wavefunctions:
Mode 1, E[1] - E[0] = 31.602
Mode 2, E[1] - E[0] = 25.052
Mode 3, E[1] - E[0] = 651.311
Mode 4, E[1] - E[0] = 651.354
Mode 5, E[1] - E[0] = 1308.126
Mode 6, E[1] - E[0] = 2326.667

Starting VSCF iterations...
Iteration 1   ... max diff = 2.45604E+03 (0.28000 sec)
Iteration 2   ... max diff = 1.01755E+01 (0.27910 sec)
Iteration 3   ... max diff = 1.84887E-02 (0.27984 sec)
Iteration 4   ... max diff = 3.62050E-04 (0.28269 sec)
Iteration 5   ... max diff = 8.30125E-06 (0.28358 sec)
Iteration 6   ... max diff = 1.91648E-07 (0.28346 sec)
VSCF converged after 6 iterations (1.68882 sec).
Mode fundamentals =    [ 16.176 22.127 648.071 647.254 1310.330 2291.587 ]
Total VSCF energy =      2460.651 (from mean single mode energies)
Total VSCF energy =      2460.651 (from total expectation value)
Saving VSCF data to "VSCF_MODES_TARGET035.dat"


Calculating target state 37:
----------------------------
Target = [ 0 1 0 0 0 1 ]
Calculating initial 1D wavefunctions:
Mode 1, E[1] - E[0] = 31.602
Mode 2, E[1] - E[0] = 25.052
Mode 3, E[1] - E[0] = 651.311
Mode 4, E[1] - E[0] = 651.354
Mode 5, E[1] - E[0] = 1308.126
Mode 6, E[1] - E[0] = 2326.667

Starting VSCF iterations...
Iteration 1   ... max diff = 4.77554E+03 (0.28197 sec)
Iteration 2   ... max diff = 5.95903E+01 (0.28194 sec)
Iteration 3   ... max diff = 7.97664E-02 (0.28200 sec)
Iteration 4   ... max diff = 5.21303E-04 (0.28044 sec)
Iteration 5   ... max diff = 1.08533E-05 (0.28062 sec)
Iteration 6   ... max diff = 2.50289E-07 (0.28243 sec)
VSCF converged after 6 iterations (1.68959 sec).
Mode fundamentals =    [ 16.141 22.119 636.694 635.888 1306.466 2248.445 ]
Total VSCF energy =      4730.680 (from mean single mode energies)
Total VSCF energy =      4730.680 (from total expectation value)
Saving VSCF data to "VSCF_MODES_TARGET036.dat"


Calculating target state 38:
----------------------------
Target = [ 0 1 0 0 0 2 ]
Calculating initial 1D wavefunctions:
Mode 1, E[1] - E[0] = 31.602
Mode 2, E[1] - E[0] = 25.052
Mode 3, E[1] - E[0] = 651.311
Mode 4, E[1] - E[0] = 651.354
Mode 5, E[1] - E[0] = 1308.126
Mode 6, E[1] - E[0] = 2326.667

Starting VSCF iterations...
Iteration 1   ... max diff = 7.11331E+03 (0.28156 sec)
Iteration 2   ... max diff = 1.51686E+02 (0.27831 sec)
Iteration 3   ... max diff = 3.66952E-01 (0.27903 sec)
Iteration 4   ... max diff = 1.39699E-03 (0.27951 sec)
Iteration 5   ... max diff = 1.63626E-05 (0.27785 sec)
Iteration 6   ... max diff = 3.46016E-07 (0.28160 sec)
VSCF converged after 6 iterations (1.67799 sec).
Mode fundamentals =    [ 16.107 22.109 625.340 624.543 1302.564 2205.265 ]
Total VSCF energy =      6976.061 (from mean single mode energies)
Total VSCF energy =      6976.061 (from total expectation value)
Saving VSCF data to "VSCF_MODES_TARGET037.dat"


Calculating target state 39:
----------------------------
Target = [ 0 1 0 0 1 0 ]
Calculating initial 1D wavefunctions:
Mode 1, E[1] - E[0] = 31.602
Mode 2, E[1] - E[0] = 25.052
Mode 3, E[1] - E[0] = 651.311
Mode 4, E[1] - E[0] = 651.354
Mode 5, E[1] - E[0] = 1308.126
Mode 6, E[1] - E[0] = 2326.667

Starting VSCF iterations...
Iteration 1   ... max diff = 3.76632E+03 (0.28028 sec)
Iteration 2   ... max diff = 1.01637E+01 (0.28048 sec)
Iteration 3   ... max diff = 1.71582E-02 (0.28116 sec)
Iteration 4   ... max diff = 3.28627E-04 (0.27982 sec)
Iteration 5   ... max diff = 7.52216E-06 (0.28109 sec)
Iteration 6   ... max diff = 1.73387E-07 (0.28003 sec)
VSCF converged after 6 iterations (1.68300 sec).
Mode fundamentals =    [ 16.176 22.117 652.238 651.420 1310.259 2287.753 ]
Total VSCF energy =      3770.946 (from mean single mode energies)
Total VSCF energy =      3770.946 (from total expectation value)
Saving VSCF data to "VSCF_MODES_TARGET038.dat"


Calculating target state 40:
----------------------------
Target = [ 0 1 0 0 1 1 ]
Calculating initial 1D wavefunctions:
Mode 1, E[1] - E[0] = 31.602
Mode 2, E[1] - E[0] = 25.052
Mode 3, E[1] - E[0] = 651.311
Mode 4, E[1] - E[0] = 651.354
Mode 5, E[1] - E[0] = 1308.126
Mode 6, E[1] - E[0] = 2326.667

Starting VSCF iterations...
Iteration 1   ... max diff = 6.08198E+03 (0.28332 sec)
Iteration 2   ... max diff = 5.95976E+01 (0.28041 sec)
Iteration 3   ... max diff = 8.24273E-02 (0.27903 sec)
Iteration 4   ... max diff = 4.86069E-04 (0.28149 sec)
Iteration 5   ... max diff = 9.89923E-06 (0.27902 sec)
Iteration 6   ... max diff = 2.27694E-07 (0.27982 sec)
VSCF converged after 6 iterations (1.68324 sec).
Mode fundamentals =    [ 16.142 22.110 640.924 640.116 1306.386 2244.542 ]
Total VSCF energy =      6037.106 (from mean single mode energies)
Total VSCF energy =      6037.106 (from total expectation value)
Saving VSCF data to "VSCF_MODES_TARGET039.dat"


Calculating target state 41:
----------------------------
Target = [ 0 1 0 0 2 0 ]
Calculating initial 1D wavefunctions:
Mode 1, E[1] - E[0] = 31.602
Mode 2, E[1] - E[0] = 25.052
Mode 3, E[1] - E[0] = 651.311
Mode 4, E[1] - E[0] = 651.354
Mode 5, E[1] - E[0] = 1308.126
Mode 6, E[1] - E[0] = 2326.667

Starting VSCF iterations...
Iteration 1   ... max diff = 5.07127E+03 (0.28248 sec)
Iteration 2   ... max diff = 1.02219E+01 (0.27912 sec)
Iteration 3   ... max diff = 1.59223E-02 (0.28060 sec)
Iteration 4   ... max diff = 2.96500E-04 (0.28220 sec)
Iteration 5   ... max diff = 6.77441E-06 (0.27979 sec)
Iteration 6   ... max diff = 1.55906E-07 (0.27906 sec)
VSCF converged after 6 iterations (1.68341 sec).
Mode fundamentals =    [ 16.176 22.108 656.296 655.476 1310.189 2283.894 ]
Total VSCF energy =      5075.843 (from mean single mode energies)
Total VSCF energy =      5075.843 (from total expectation value)
Saving VSCF data to "VSCF_MODES_TARGET040.dat"


Calculating target state 42:
----------------------------
Target = [ 0 1 0 1 0 0 ]
Calculating initial 1D wavefunctions:
Mode 1, E[1] - E[0] = 31.602
Mode 2, E[1] - E[0] = 25.052
Mode 3, E[1] - E[0] = 651.311
Mode 4, E[1] - E[0] = 651.354
Mode 5, E[1] - E[0] = 1308.126
Mode 6, E[1] - E[0] = 2326.667

Starting VSCF iterations...
Iteration 1   ... max diff = 3.10827E+03 (0.28053 sec)
Iteration 2   ... max diff = 1.58311E+01 (0.27945 sec)
Iteration 3   ... max diff = 2.36620E-02 (0.28158 sec)
Iteration 4   ... max diff = 3.89032E-04 (0.27786 sec)
Iteration 5   ... max diff = 8.76708E-06 (0.28379 sec)
Iteration 6   ... max diff = 1.99043E-07 (0.28163 sec)
VSCF converged after 6 iterations (1.68503 sec).
Mode fundamentals =    [ 16.253 22.061 650.098 645.898 1314.496 2280.208 ]
Total VSCF energy =      3107.227 (from mean single mode energies)
Total VSCF energy =      3107.227 (from total expectation value)
Saving VSCF data to "VSCF_MODES_TARGET041.dat"


Calculating target state 43:
----------------------------
Target = [ 0 1 0 1 0 1 ]
Calculating initial 1D wavefunctions:
Mode 1, E[1] - E[0] = 31.602
Mode 2, E[1] - E[0] = 25.052
Mode 3, E[1] - E[0] = 651.311
Mode 4, E[1] - E[0] = 651.354
Mode 5, E[1] - E[0] = 1308.126
Mode 6, E[1] - E[0] = 2326.667

Starting VSCF iterations...
Iteration 1   ... max diff = 5.42388E+03 (0.28181 sec)
Iteration 2   ... max diff = 7.26960E+01 (0.28055 sec)
Iteration 3   ... max diff = 1.01589E-01 (0.28099 sec)
Iteration 4   ... max diff = 5.82695E-04 (0.28244 sec)
Iteration 5   ... max diff = 1.17628E-05 (0.27995 sec)
Iteration 6   ... max diff = 2.66327E-07 (0.28149 sec)
VSCF converged after 6 iterations (1.68736 sec).
Mode fundamentals =    [ 16.225 22.054 638.720 634.545 1310.694 2237.104 ]
Total VSCF energy =      5365.897 (from mean single mode energies)
Total VSCF energy =      5365.897 (from total expectation value)
Saving VSCF data to "VSCF_MODES_TARGET042.dat"


Calculating target state 44:
----------------------------
Target = [ 0 1 0 1 1 0 ]
Calculating initial 1D wavefunctions:
Mode 1, E[1] - E[0] = 31.602
Mode 2, E[1] - E[0] = 25.052
Mode 3, E[1] - E[0] = 651.311
Mode 4, E[1] - E[0] = 651.354
Mode 5, E[1] - E[0] = 1308.126
Mode 6, E[1] - E[0] = 2326.667

Starting VSCF iterations...
Iteration 1   ... max diff = 4.42281E+03 (0.28022 sec)
Iteration 2   ... max diff = 1.59411E+01 (0.28045 sec)
Iteration 3   ... max diff = 2.25250E-02 (0.28008 sec)
Iteration 4   ... max diff = 3.55838E-04 (0.28074 sec)
Iteration 5   ... max diff = 8.00047E-06 (0.28170 sec)
Iteration 6   ... max diff = 1.81264E-07 (0.27964 sec)
VSCF converged after 6 iterations (1.68296 sec).
Mode fundamentals =    [ 16.255 22.052 654.156 650.010 1314.371 2276.435 ]
Total VSCF energy =      4421.660 (from mean single mode energies)
Total VSCF energy =      4421.660 (from total expectation value)
Saving VSCF data to "VSCF_MODES_TARGET043.dat"


Calculating target state 45:
----------------------------
Target = [ 0 1 0 2 0 0 ]
Calculating initial 1D wavefunctions:
Mode 1, E[1] - E[0] = 31.602
Mode 2, E[1] - E[0] = 25.052
Mode 3, E[1] - E[0] = 651.311
Mode 4, E[1] - E[0] = 651.354
Mode 5, E[1] - E[0] = 1308.126
Mode 6, E[1] - E[0] = 2326.667

Starting VSCF iterations...
Iteration 1   ... max diff = 3.76203E+03 (0.28180 sec)
Iteration 2   ... max diff = 2.28664E+01 (0.28125 sec)
Iteration 3   ... max diff = 3.16733E-02 (0.28028 sec)
Iteration 4   ... max diff = 4.19674E-04 (0.27977 sec)
Iteration 5   ... max diff = 9.28868E-06 (0.28203 sec)
Iteration 6   ... max diff = 2.07266E-07 (0.28055 sec)
VSCF converged after 6 iterations (1.68581 sec).
Mode fundamentals =    [ 16.331 21.993 652.129 644.539 1318.531 2268.844 ]
Total VSCF energy =      3753.946 (from mean single mode energies)
Total VSCF energy =      3753.946 (from total expectation value)
Saving VSCF data to "VSCF_MODES_TARGET044.dat"


Calculating target state 46:
----------------------------
Target = [ 0 1 1 0 0 0 ]
Calculating initial 1D wavefunctions:
Mode 1, E[1] - E[0] = 31.602
Mode 2, E[1] - E[0] = 25.052
Mode 3, E[1] - E[0] = 651.311
Mode 4, E[1] - E[0] = 651.354
Mode 5, E[1] - E[0] = 1308.126
Mode 6, E[1] - E[0] = 2326.667

Starting VSCF iterations...
Iteration 1   ... max diff = 3.10926E+03 (0.28210 sec)
Iteration 2   ... max diff = 1.62322E+01 (0.28235 sec)
Iteration 3   ... max diff = 2.85186E-02 (0.28193 sec)
Iteration 4   ... max diff = 5.72799E-04 (0.27969 sec)
Iteration 5   ... max diff = 1.36542E-05 (0.28152 sec)
Iteration 6   ... max diff = 3.27821E-07 (0.28173 sec)
VSCF converged after 6 iterations (1.68947 sec).
Mode fundamentals =    [ 18.718 22.191 646.293 649.261 1314.497 2280.200 ]
Total VSCF energy =      3107.808 (from mean single mode energies)
Total VSCF energy =      3107.808 (from total expectation value)
Saving VSCF data to "VSCF_MODES_TARGET045.dat"


Calculating target state 47:
----------------------------
Target = [ 0 1 1 0 0 1 ]
Calculating initial 1D wavefunctions:
Mode 1, E[1] - E[0] = 31.602
Mode 2, E[1] - E[0] = 25.052
Mode 3, E[1] - E[0] = 651.311
Mode 4, E[1] - E[0] = 651.354
Mode 5, E[1] - E[0] = 1308.126
Mode 6, E[1] - E[0] = 2326.667

Starting VSCF iterations...
Iteration 1   ... max diff = 5.42503E+03 (0.28240 sec)
Iteration 2   ... max diff = 7.32525E+01 (0.28326 sec)
Iteration 3   ... max diff = 1.16174E-01 (0.28302 sec)
Iteration 4   ... max diff = 1.17605E-03 (0.28279 sec)
Iteration 5   ... max diff = 2.69520E-05 (0.28132 sec)
Iteration 6   ... max diff = 6.45628E-07 (0.28184 sec)
VSCF converged after 6 iterations (1.69478 sec).
Mode fundamentals =    [ 18.661 22.177 634.934 637.895 1310.696 2237.097 ]
Total VSCF energy =      5366.470 (from mean single mode energies)
Total VSCF energy =      5366.470 (from total expectation value)
Saving VSCF data to "VSCF_MODES_TARGET046.dat"


Calculating target state 48:
----------------------------
Target = [ 0 1 1 0 1 0 ]
Calculating initial 1D wavefunctions:
Mode 1, E[1] - E[0] = 31.602
Mode 2, E[1] - E[0] = 25.052
Mode 3, E[1] - E[0] = 651.311
Mode 4, E[1] - E[0] = 651.354
Mode 5, E[1] - E[0] = 1308.126
Mode 6, E[1] - E[0] = 2326.667

Starting VSCF iterations...
Iteration 1   ... max diff = 4.42363E+03 (0.28064 sec)
Iteration 2   ... max diff = 1.61703E+01 (0.28141 sec)
Iteration 3   ... max diff = 2.44653E-02 (0.28276 sec)
Iteration 4   ... max diff = 4.76992E-04 (0.28050 sec)
Iteration 5   ... max diff = 1.13737E-05 (0.28299 sec)
Iteration 6   ... max diff = 2.72994E-07 (0.28288 sec)
VSCF converged after 6 iterations (1.69132 sec).
Mode fundamentals =    [ 18.722 22.179 650.406 653.318 1314.372 2276.426 ]
Total VSCF energy =      4422.242 (from mean single mode energies)
Total VSCF energy =      4422.242 (from total expectation value)
Saving VSCF data to "VSCF_MODES_TARGET047.dat"


Calculating target state 49:
----------------------------
Target = [ 0 1 1 1 0 0 ]
Calculating initial 1D wavefunctions:
Mode 1, E[1] - E[0] = 31.602
Mode 2, E[1] - E[0] = 25.052
Mode 3, E[1] - E[0] = 651.311
Mode 4, E[1] - E[0] = 651.354
Mode 5, E[1] - E[0] = 1308.126
Mode 6, E[1] - E[0] = 2326.667

Starting VSCF iterations...
Iteration 1   ... max diff = 3.76493E+03 (0.28293 sec)
Iteration 2   ... max diff = 2.33183E+01 (0.28323 sec)
Iteration 3   ... max diff = 3.76738E-02 (0.28111 sec)
Iteration 4   ... max diff = 6.47497E-04 (0.28148 sec)
Iteration 5   ... max diff = 1.49824E-05 (0.28235 sec)
Iteration 6   ... max diff = 3.49204E-07 (0.28237 sec)
VSCF converged after 6 iterations (1.69363 sec).
Mode fundamentals =    [ 18.905 21.847 648.272 647.891 1318.552 2268.821 ]
Total VSCF energy =      3756.385 (from mean single mode energies)
Total VSCF energy =      3756.385 (from total expectation value)
Saving VSCF data to "VSCF_MODES_TARGET048.dat"


Calculating target state 50:
----------------------------
Target = [ 0 1 2 0 0 0 ]
Calculating initial 1D wavefunctions:
Mode 1, E[1] - E[0] = 31.602
Mode 2, E[1] - E[0] = 25.052
Mode 3, E[1] - E[0] = 651.311
Mode 4, E[1] - E[0] = 651.354
Mode 5, E[1] - E[0] = 1308.126
Mode 6, E[1] - E[0] = 2326.667

Starting VSCF iterations...
Iteration 1   ... max diff = 3.76374E+03 (0.28123 sec)
Iteration 2   ... max diff = 2.37805E+01 (0.28344 sec)
Iteration 3   ... max diff = 4.27387E-02 (0.28096 sec)
Iteration 4   ... max diff = 9.27062E-04 (0.28147 sec)
Iteration 5   ... max diff = 2.42662E-05 (0.28030 sec)
Iteration 6   ... max diff = 6.40621E-07 (0.28172 sec)
VSCF converged after 6 iterations (1.68926 sec).
Mode fundamentals =    [ 20.419 22.234 644.682 651.241 1318.533 2268.831 ]
Total VSCF energy =      3754.727 (from mean single mode energies)
Total VSCF energy =      3754.727 (from total expectation value)
Saving VSCF data to "VSCF_MODES_TARGET049.dat"


Calculating target state 51:
----------------------------
Target = [ 0 2 0 0 0 0 ]
Calculating initial 1D wavefunctions:
Mode 1, E[1] - E[0] = 31.602
Mode 2, E[1] - E[0] = 25.052
Mode 3, E[1] - E[0] = 651.311
Mode 4, E[1] - E[0] = 651.354
Mode 5, E[1] - E[0] = 1308.126
Mode 6, E[1] - E[0] = 2326.667

Starting VSCF iterations...
Iteration 1   ... max diff = 2.48022E+03 (0.28229 sec)
Iteration 2   ... max diff = 9.94327E+00 (0.28160 sec)
Iteration 3   ... max diff = 9.12475E-03 (0.28102 sec)
Iteration 4   ... max diff = 9.43915E-05 (0.28190 sec)
Iteration 5   ... max diff = 1.12178E-06 (0.28120 sec)
Iteration 6   ... max diff = 1.33195E-08 (0.28223 sec)
VSCF converged after 6 iterations (1.69046 sec).
Mode fundamentals =    [ 20.698 22.284 647.754 647.362 1310.356 2291.654 ]
Total VSCF energy =      2485.078 (from mean single mode energies)
Total VSCF energy =      2485.078 (from total expectation value)
Saving VSCF data to "VSCF_MODES_TARGET050.dat"


Calculating target state 52:
----------------------------
Target = [ 0 2 0 0 0 1 ]
Calculating initial 1D wavefunctions:
Mode 1, E[1] - E[0] = 31.602
Mode 2, E[1] - E[0] = 25.052
Mode 3, E[1] - E[0] = 651.311
Mode 4, E[1] - E[0] = 651.354
Mode 5, E[1] - E[0] = 1308.126
Mode 6, E[1] - E[0] = 2326.667

Starting VSCF iterations...
Iteration 1   ... max diff = 4.79976E+03 (0.28325 sec)
Iteration 2   ... max diff = 5.93360E+01 (0.28265 sec)
Iteration 3   ... max diff = 5.80253E-02 (0.28171 sec)
Iteration 4   ... max diff = 2.24279E-04 (0.28279 sec)
Iteration 5   ... max diff = 2.41888E-06 (0.28274 sec)
Iteration 6   ... max diff = 2.87637E-08 (0.28048 sec)
VSCF converged after 6 iterations (1.69376 sec).
Mode fundamentals =    [ 20.683 22.270 636.380 635.996 1306.491 2248.512 ]
Total VSCF energy =      4755.174 (from mean single mode energies)
Total VSCF energy =      4755.174 (from total expectation value)
Saving VSCF data to "VSCF_MODES_TARGET051.dat"


Calculating target state 53:
----------------------------
Target = [ 0 2 0 0 1 0 ]
Calculating initial 1D wavefunctions:
Mode 1, E[1] - E[0] = 31.602
Mode 2, E[1] - E[0] = 25.052
Mode 3, E[1] - E[0] = 651.311
Mode 4, E[1] - E[0] = 651.354
Mode 5, E[1] - E[0] = 1308.126
Mode 6, E[1] - E[0] = 2326.667

Starting VSCF iterations...
Iteration 1   ... max diff = 3.79054E+03 (0.28203 sec)
Iteration 2   ... max diff = 9.94809E+00 (0.28181 sec)
Iteration 3   ... max diff = 8.60662E-03 (0.28274 sec)
Iteration 4   ... max diff = 8.54536E-05 (0.28196 sec)
Iteration 5   ... max diff = 1.01561E-06 (0.28066 sec)
Iteration 6   ... max diff = 1.20594E-08 (0.28248 sec)
VSCF converged after 6 iterations (1.69183 sec).
Mode fundamentals =    [ 20.692 22.271 651.922 651.527 1310.284 2287.819 ]
Total VSCF energy =      3795.398 (from mean single mode energies)
Total VSCF energy =      3795.398 (from total expectation value)
Saving VSCF data to "VSCF_MODES_TARGET052.dat"


Calculating target state 54:
----------------------------
Target = [ 0 2 0 1 0 0 ]
Calculating initial 1D wavefunctions:
Mode 1, E[1] - E[0] = 31.602
Mode 2, E[1] - E[0] = 25.052
Mode 3, E[1] - E[0] = 651.311
Mode 4, E[1] - E[0] = 651.354
Mode 5, E[1] - E[0] = 1308.126
Mode 6, E[1] - E[0] = 2326.667

Starting VSCF iterations...
Iteration 1   ... max diff = 3.13256E+03 (0.28134 sec)
Iteration 2   ... max diff = 1.55998E+01 (0.28055 sec)
Iteration 3   ... max diff = 1.31385E-02 (0.28230 sec)
Iteration 4   ... max diff = 1.15010E-04 (0.28212 sec)
Iteration 5   ... max diff = 1.35899E-06 (0.27996 sec)
Iteration 6   ... max diff = 1.60471E-08 (0.28090 sec)
VSCF converged after 6 iterations (1.68732 sec).
Mode fundamentals =    [ 20.780 22.211 649.832 646.005 1314.521 2280.275 ]
Total VSCF energy =      3131.761 (from mean single mode energies)
Total VSCF energy =      3131.761 (from total expectation value)
Saving VSCF data to "VSCF_MODES_TARGET053.dat"


Calculating target state 55:
----------------------------
Target = [ 0 2 1 0 0 0 ]
Calculating initial 1D wavefunctions:
Mode 1, E[1] - E[0] = 31.602
Mode 2, E[1] - E[0] = 25.052
Mode 3, E[1] - E[0] = 651.311
Mode 4, E[1] - E[0] = 651.354
Mode 5, E[1] - E[0] = 1308.126
Mode 6, E[1] - E[0] = 2326.667

Starting VSCF iterations...
Iteration 1   ... max diff = 3.13323E+03 (0.27926 sec)
Iteration 2   ... max diff = 1.60136E+01 (0.27887 sec)
Iteration 3   ... max diff = 1.71433E-02 (0.27961 sec)
Iteration 4   ... max diff = 2.12557E-04 (0.27800 sec)
Iteration 5   ... max diff = 3.01953E-06 (0.28105 sec)
Iteration 6   ... max diff = 4.29409E-08 (0.27839 sec)
VSCF converged after 6 iterations (1.67531 sec).
Mode fundamentals =    [ 22.624 22.281 646.132 649.426 1314.523 2280.268 ]
Total VSCF energy =      3132.013 (from mean single mode energies)
Total VSCF energy =      3132.013 (from total expectation value)
Saving VSCF data to "VSCF_MODES_TARGET054.dat"


Calculating target state 56:
----------------------------
Target = [ 0 3 0 0 0 0 ]
Calculating initial 1D wavefunctions:
Mode 1, E[1] - E[0] = 31.602
Mode 2, E[1] - E[0] = 25.052
Mode 3, E[1] - E[0] = 651.311
Mode 4, E[1] - E[0] = 651.354
Mode 5, E[1] - E[0] = 1308.126
Mode 6, E[1] - E[0] = 2326.667

Starting VSCF iterations...
Iteration 1   ... max diff = 2.51526E+03 (0.28032 sec)
Iteration 2   ... max diff = 1.00957E+01 (0.28146 sec)
Iteration 3   ... max diff = 8.08210E-03 (0.27914 sec)
Iteration 4   ... max diff = 6.16179E-05 (0.28019 sec)
Iteration 5   ... max diff = 5.59216E-07 (0.28111 sec)
VSCF converged after 5 iterations (1.40235 sec).
Mode fundamentals =    [ 25.106 22.370 647.581 647.504 1310.375 2291.725 ]
Total VSCF energy =      2519.971 (from mean single mode energies)
Total VSCF energy =      2519.971 (from total expectation value)
Saving VSCF data to "VSCF_MODES_TARGET055.dat"


Calculating target state 57:
----------------------------
Target = [ 1 0 0 0 0 0 ]
Calculating initial 1D wavefunctions:
Mode 1, E[1] - E[0] = 31.602
Mode 2, E[1] - E[0] = 25.052
Mode 3, E[1] - E[0] = 651.311
Mode 4, E[1] - E[0] = 651.354
Mode 5, E[1] - E[0] = 1308.126
Mode 6, E[1] - E[0] = 2326.667

Starting VSCF iterations...
Iteration 1   ... max diff = 2.44473E+03 (0.28152 sec)
Iteration 2   ... max diff = 2.26651E+01 (0.28042 sec)
Iteration 3   ... max diff = 1.09462E+00 (0.28048 sec)
Iteration 4   ... max diff = 1.86615E-01 (0.28187 sec)
Iteration 5   ... max diff = 3.96606E-02 (0.28187 sec)
Iteration 6   ... max diff = 9.21564E-03 (0.28062 sec)
Iteration 7   ... max diff = 2.23285E-03 (0.28353 sec)
Iteration 8   ... max diff = 5.52117E-04 (0.28226 sec)
Iteration 9   ... max diff = 1.37902E-04 (0.28029 sec)
Iteration 10  ... max diff = 3.46169E-05 (0.28185 sec)
Iteration 11  ... max diff = 8.71153E-06 (0.28194 sec)
Iteration 12  ... max diff = 2.19507E-06 (0.28154 sec)
Iteration 13  ... max diff = 5.53435E-07 (0.27988 sec)
VSCF converged after 13 iterations (3.65837 sec).
Mode fundamentals =    [ 9.356 21.563 651.639 647.356 1310.318 2291.506 ]
Total VSCF energy =      2452.894 (from mean single mode energies)
Total VSCF energy =      2452.894 (from total expectation value)
Saving VSCF data to "VSCF_MODES_TARGET056.dat"


Calculating target state 58:
----------------------------
Target = [ 1 0 0 0 0 1 ]
Calculating initial 1D wavefunctions:
Mode 1, E[1] - E[0] = 31.602
Mode 2, E[1] - E[0] = 25.052
Mode 3, E[1] - E[0] = 651.311
Mode 4, E[1] - E[0] = 651.354
Mode 5, E[1] - E[0] = 1308.126
Mode 6, E[1] - E[0] = 2326.667

Starting VSCF iterations...
Iteration 1   ... max diff = 4.76494E+03 (0.28242 sec)
Iteration 2   ... max diff = 7.34567E+01 (0.28328 sec)
Iteration 3   ... max diff = 1.12847E+00 (0.28280 sec)
Iteration 4   ... max diff = 1.78840E-01 (0.28026 sec)
Iteration 5   ... max diff = 3.82011E-02 (0.27995 sec)
Iteration 6   ... max diff = 8.90988E-03 (0.27897 sec)
Iteration 7   ... max diff = 2.16488E-03 (0.28198 sec)
Iteration 8   ... max diff = 5.36593E-04 (0.28108 sec)
Iteration 9   ... max diff = 1.34319E-04 (0.28156 sec)
Iteration 10  ... max diff = 3.37886E-05 (0.28128 sec)
Iteration 11  ... max diff = 8.52063E-06 (0.28222 sec)
Iteration 12  ... max diff = 2.15134E-06 (0.28235 sec)
Iteration 13  ... max diff = 5.43517E-07 (0.28179 sec)
VSCF converged after 13 iterations (3.66030 sec).
Mode fundamentals =    [ 9.292 21.624 640.255 635.997 1306.455 2248.367 ]
Total VSCF energy =      4722.843 (from mean single mode energies)
Total VSCF energy =      4722.843 (from total expectation value)
Saving VSCF data to "VSCF_MODES_TARGET057.dat"


Calculating target state 59:
----------------------------
Target = [ 1 0 0 0 0 2 ]
Calculating initial 1D wavefunctions:
Mode 1, E[1] - E[0] = 31.602
Mode 2, E[1] - E[0] = 25.052
Mode 3, E[1] - E[0] = 651.311
Mode 4, E[1] - E[0] = 651.354
Mode 5, E[1] - E[0] = 1308.126
Mode 6, E[1] - E[0] = 2326.667

Starting VSCF iterations...
Iteration 1   ... max diff = 7.10337E+03 (0.28250 sec)
Iteration 2   ... max diff = 1.66908E+02 (0.28311 sec)
Iteration 3   ... max diff = 1.40323E+00 (0.28184 sec)
Iteration 4   ... max diff = 1.70158E-01 (0.28045 sec)
Iteration 5   ... max diff = 3.62901E-02 (0.28043 sec)
Iteration 6   ... max diff = 8.47625E-03 (0.28214 sec)
Iteration 7   ... max diff = 2.06003E-03 (0.28116 sec)
Iteration 8   ... max diff = 5.10411E-04 (0.27957 sec)
Iteration 9   ... max diff = 1.27677E-04 (0.28094 sec)
Iteration 10  ... max diff = 3.20904E-05 (0.28297 sec)
Iteration 11  ... max diff = 8.08483E-06 (0.28195 sec)
Iteration 12  ... max diff = 2.03933E-06 (0.28102 sec)
Iteration 13  ... max diff = 5.14689E-07 (0.28069 sec)
VSCF converged after 13 iterations (3.65906 sec).
Mode fundamentals =    [ 9.236 21.684 628.898 624.661 1302.555 2205.191 ]
Total VSCF energy =      6968.148 (from mean single mode energies)
Total VSCF energy =      6968.148 (from total expectation value)
Saving VSCF data to "VSCF_MODES_TARGET058.dat"


Calculating target state 60:
----------------------------
Target = [ 1 0 0 0 1 0 ]
Calculating initial 1D wavefunctions:
Mode 1, E[1] - E[0] = 31.602
Mode 2, E[1] - E[0] = 25.052
Mode 3, E[1] - E[0] = 651.311
Mode 4, E[1] - E[0] = 651.354
Mode 5, E[1] - E[0] = 1308.126
Mode 6, E[1] - E[0] = 2326.667

Starting VSCF iterations...
Iteration 1   ... max diff = 3.75480E+03 (0.28119 sec)
Iteration 2   ... max diff = 2.26072E+01 (0.28150 sec)
Iteration 3   ... max diff = 1.08342E+00 (0.28343 sec)
Iteration 4   ... max diff = 1.84405E-01 (0.28138 sec)
Iteration 5   ... max diff = 3.91179E-02 (0.28263 sec)
Iteration 6   ... max diff = 9.07049E-03 (0.27981 sec)
Iteration 7   ... max diff = 2.19273E-03 (0.28296 sec)
Iteration 8   ... max diff = 5.40922E-04 (0.28049 sec)
Iteration 9   ... max diff = 1.34780E-04 (0.28172 sec)
Iteration 10  ... max diff = 3.37504E-05 (0.28064 sec)
Iteration 11  ... max diff = 8.47250E-06 (0.28430 sec)
Iteration 12  ... max diff = 2.12955E-06 (0.28091 sec)
Iteration 13  ... max diff = 5.35587E-07 (0.28054 sec)
VSCF converged after 13 iterations (3.66178 sec).
Mode fundamentals =    [ 9.350 21.579 655.812 651.524 1310.246 2287.673 ]
Total VSCF energy =      3763.176 (from mean single mode energies)
Total VSCF energy =      3763.176 (from total expectation value)
Saving VSCF data to "VSCF_MODES_TARGET059.dat"


Calculating target state 61:
----------------------------
Target = [ 1 0 0 0 1 1 ]
Calculating initial 1D wavefunctions:
Mode 1, E[1] - E[0] = 31.602
Mode 2, E[1] - E[0] = 25.052
Mode 3, E[1] - E[0] = 651.311
Mode 4, E[1] - E[0] = 651.354
Mode 5, E[1] - E[0] = 1308.126
Mode 6, E[1] - E[0] = 2326.667

Starting VSCF iterations...
Iteration 1   ... max diff = 6.07116E+03 (0.28427 sec)
Iteration 2   ... max diff = 7.34138E+01 (0.28158 sec)
Iteration 3   ... max diff = 1.12074E+00 (0.28188 sec)
Iteration 4   ... max diff = 1.76421E-01 (0.28149 sec)
Iteration 5   ... max diff = 3.75859E-02 (0.28023 sec)
Iteration 6   ... max diff = 8.74096E-03 (0.28034 sec)
Iteration 7   ... max diff = 2.11718E-03 (0.28065 sec)
Iteration 8   ... max diff = 5.23053E-04 (0.27943 sec)
Iteration 9   ... max diff = 1.30490E-04 (0.27906 sec)
Iteration 10  ... max diff = 3.27132E-05 (0.27950 sec)
Iteration 11  ... max diff = 8.22103E-06 (0.28124 sec)
Iteration 12  ... max diff = 2.06851E-06 (0.27921 sec)
Iteration 13  ... max diff = 5.20791E-07 (0.28330 sec)
VSCF converged after 13 iterations (3.65245 sec).
Mode fundamentals =    [ 9.290 21.640 644.490 640.228 1306.374 2244.466 ]
Total VSCF energy =      6029.258 (from mean single mode energies)
Total VSCF energy =      6029.258 (from total expectation value)
Saving VSCF data to "VSCF_MODES_TARGET060.dat"


Calculating target state 62:
----------------------------
Target = [ 1 0 0 0 2 0 ]
Calculating initial 1D wavefunctions:
Mode 1, E[1] - E[0] = 31.602
Mode 2, E[1] - E[0] = 25.052
Mode 3, E[1] - E[0] = 651.311
Mode 4, E[1] - E[0] = 651.354
Mode 5, E[1] - E[0] = 1308.126
Mode 6, E[1] - E[0] = 2326.667

Starting VSCF iterations...
Iteration 1   ... max diff = 5.05955E+03 (0.28335 sec)
Iteration 2   ... max diff = 2.26212E+01 (0.28215 sec)
Iteration 3   ... max diff = 1.07242E+00 (0.28281 sec)
Iteration 4   ... max diff = 1.82238E-01 (0.28036 sec)
Iteration 5   ... max diff = 3.85879E-02 (0.28116 sec)
Iteration 6   ... max diff = 8.92922E-03 (0.28106 sec)
Iteration 7   ... max diff = 2.15382E-03 (0.28120 sec)
Iteration 8   ... max diff = 5.30097E-04 (0.28038 sec)
Iteration 9   ... max diff = 1.31771E-04 (0.28023 sec)
Iteration 10  ... max diff = 3.29176E-05 (0.27933 sec)
Iteration 11  ... max diff = 8.24345E-06 (0.28271 sec)
Iteration 12  ... max diff = 2.06691E-06 (0.28017 sec)
Iteration 13  ... max diff = 5.18577E-07 (0.28168 sec)
VSCF converged after 13 iterations (3.65696 sec).
Mode fundamentals =    [ 9.343 21.595 659.874 655.582 1310.175 2283.816 ]
Total VSCF energy =      5068.060 (from mean single mode energies)
Total VSCF energy =      5068.060 (from total expectation value)
Saving VSCF data to "VSCF_MODES_TARGET061.dat"


Calculating target state 63:
----------------------------
Target = [ 1 0 0 1 0 0 ]
Calculating initial 1D wavefunctions:
Mode 1, E[1] - E[0] = 31.602
Mode 2, E[1] - E[0] = 25.052
Mode 3, E[1] - E[0] = 651.311
Mode 4, E[1] - E[0] = 651.354
Mode 5, E[1] - E[0] = 1308.126
Mode 6, E[1] - E[0] = 2326.667

Starting VSCF iterations...
Iteration 1   ... max diff = 3.09719E+03 (0.28217 sec)
Iteration 2   ... max diff = 2.88612E+01 (0.28102 sec)
Iteration 3   ... max diff = 1.09498E+00 (0.28241 sec)
Iteration 4   ... max diff = 1.81592E-01 (0.28167 sec)
Iteration 5   ... max diff = 3.78074E-02 (0.27951 sec)
Iteration 6   ... max diff = 8.59964E-03 (0.28011 sec)
Iteration 7   ... max diff = 2.03808E-03 (0.28144 sec)
Iteration 8   ... max diff = 4.92658E-04 (0.28068 sec)
Iteration 9   ... max diff = 1.20245E-04 (0.28087 sec)
Iteration 10  ... max diff = 2.94888E-05 (0.28296 sec)
Iteration 11  ... max diff = 7.24886E-06 (0.27935 sec)
Iteration 12  ... max diff = 1.78397E-06 (0.27958 sec)
Iteration 13  ... max diff = 4.39300E-07 (0.28253 sec)
VSCF converged after 13 iterations (3.65461 sec).
Mode fundamentals =    [ 9.430 21.545 654.016 645.999 1314.485 2280.134 ]
Total VSCF energy =      3099.571 (from mean single mode energies)
Total VSCF energy =      3099.571 (from total expectation value)
Saving VSCF data to "VSCF_MODES_TARGET062.dat"


Calculating target state 64:
----------------------------
Target = [ 1 0 0 1 0 1 ]
Calculating initial 1D wavefunctions:
Mode 1, E[1] - E[0] = 31.602
Mode 2, E[1] - E[0] = 25.052
Mode 3, E[1] - E[0] = 651.311
Mode 4, E[1] - E[0] = 651.354
Mode 5, E[1] - E[0] = 1308.126
Mode 6, E[1] - E[0] = 2326.667

Starting VSCF iterations...
Iteration 1   ... max diff = 5.41350E+03 (0.28205 sec)
Iteration 2   ... max diff = 8.70950E+01 (0.28238 sec)
Iteration 3   ... max diff = 1.14818E+00 (0.28442 sec)
Iteration 4   ... max diff = 1.73768E-01 (0.28132 sec)
Iteration 5   ... max diff = 3.63392E-02 (0.28108 sec)
Iteration 6   ... max diff = 8.29320E-03 (0.28176 sec)
Iteration 7   ... max diff = 1.97027E-03 (0.28123 sec)
Iteration 8   ... max diff = 4.77242E-04 (0.28211 sec)
Iteration 9   ... max diff = 1.16700E-04 (0.28211 sec)
Iteration 10  ... max diff = 2.86701E-05 (0.28202 sec)
Iteration 11  ... max diff = 7.05985E-06 (0.28130 sec)
Iteration 12  ... max diff = 1.74042E-06 (0.27892 sec)
Iteration 13  ... max diff = 4.29330E-07 (0.28059 sec)
VSCF converged after 13 iterations (3.66159 sec).
Mode fundamentals =    [ 9.376 21.605 642.621 634.654 1310.685 2237.034 ]
Total VSCF energy =      5358.169 (from mean single mode energies)
Total VSCF energy =      5358.169 (from total expectation value)
Saving VSCF data to "VSCF_MODES_TARGET063.dat"


Calculating target state 65:
----------------------------
Target = [ 1 0 0 1 1 0 ]
Calculating initial 1D wavefunctions:
Mode 1, E[1] - E[0] = 31.602
Mode 2, E[1] - E[0] = 25.052
Mode 3, E[1] - E[0] = 651.311
Mode 4, E[1] - E[0] = 651.354
Mode 5, E[1] - E[0] = 1308.126
Mode 6, E[1] - E[0] = 2326.667

Starting VSCF iterations...
Iteration 1   ... max diff = 4.41152E+03 (0.28119 sec)
Iteration 2   ... max diff = 2.89241E+01 (0.27969 sec)
Iteration 3   ... max diff = 1.08384E+00 (0.27947 sec)
Iteration 4   ... max diff = 1.79337E-01 (0.27972 sec)
Iteration 5   ... max diff = 3.72536E-02 (0.27995 sec)
Iteration 6   ... max diff = 8.45242E-03 (0.27986 sec)
Iteration 7   ... max diff = 1.99782E-03 (0.28040 sec)
Iteration 8   ... max diff = 4.81578E-04 (0.28141 sec)
Iteration 9   ... max diff = 1.17205E-04 (0.27962 sec)
Iteration 10  ... max diff = 2.86600E-05 (0.27840 sec)
Iteration 11  ... max diff = 7.02458E-06 (0.27964 sec)
Iteration 12  ... max diff = 1.72371E-06 (0.27959 sec)
Iteration 13  ... max diff = 4.23215E-07 (0.28204 sec)
VSCF converged after 13 iterations (3.64133 sec).
Mode fundamentals =    [ 9.427 21.561 658.074 650.112 1314.359 2276.362 ]
Total VSCF energy =      4413.994 (from mean single mode energies)
Total VSCF energy =      4413.994 (from total expectation value)
Saving VSCF data to "VSCF_MODES_TARGET064.dat"


Calculating target state 66:
----------------------------
Target = [ 1 0 0 2 0 0 ]
Calculating initial 1D wavefunctions:
Mode 1, E[1] - E[0] = 31.602
Mode 2, E[1] - E[0] = 25.052
Mode 3, E[1] - E[0] = 651.311
Mode 4, E[1] - E[0] = 651.354
Mode 5, E[1] - E[0] = 1308.126
Mode 6, E[1] - E[0] = 2326.667

Starting VSCF iterations...
Iteration 1   ... max diff = 3.75116E+03 (0.28110 sec)
Iteration 2   ... max diff = 3.64362E+01 (0.28215 sec)
Iteration 3   ... max diff = 1.09771E+00 (0.28142 sec)
Iteration 4   ... max diff = 1.76553E-01 (0.28107 sec)
Iteration 5   ... max diff = 3.60152E-02 (0.28315 sec)
Iteration 6   ... max diff = 8.02061E-03 (0.28041 sec)
Iteration 7   ... max diff = 1.85971E-03 (0.27903 sec)
Iteration 8   ... max diff = 4.39566E-04 (0.28178 sec)
Iteration 9   ... max diff = 1.04866E-04 (0.27902 sec)
Iteration 10  ... max diff = 2.51313E-05 (0.27934 sec)
Iteration 11  ... max diff = 6.03605E-06 (0.28207 sec)
Iteration 12  ... max diff = 1.45133E-06 (0.28069 sec)
Iteration 13  ... max diff = 3.49144E-07 (0.28220 sec)
VSCF converged after 13 iterations (3.65380 sec).
Mode fundamentals =    [ 9.505 21.526 656.395 644.639 1318.523 2268.777 ]
Total VSCF energy =      3746.393 (from mean single mode energies)
Total VSCF energy =      3746.393 (from total expectation value)
Saving VSCF data to "VSCF_MODES_TARGET065.dat"


Calculating target state 67:
----------------------------
Target = [ 1 0 1 0 0 0 ]
Calculating initial 1D wavefunctions:
Mode 1, E[1] - E[0] = 31.602
Mode 2, E[1] - E[0] = 25.052
Mode 3, E[1] - E[0] = 651.311
Mode 4, E[1] - E[0] = 651.354
Mode 5, E[1] - E[0] = 1308.126
Mode 6, E[1] - E[0] = 2326.667

Starting VSCF iterations...
Iteration 1   ... max diff = 3.10137E+03 (0.28199 sec)
Iteration 2   ... max diff = 2.87583E+01 (0.28320 sec)
Iteration 3   ... max diff = 9.98713E-01 (0.28149 sec)
Iteration 4   ... max diff = 1.51287E-01 (0.28269 sec)
Iteration 5   ... max diff = 2.91605E-02 (0.28144 sec)
Iteration 6   ... max diff = 6.15856E-03 (0.28374 sec)
Iteration 7   ... max diff = 1.35458E-03 (0.28043 sec)
Iteration 8   ... max diff = 3.03582E-04 (0.28281 sec)
Iteration 9   ... max diff = 6.86405E-05 (0.28049 sec)
Iteration 10  ... max diff = 1.55847E-05 (0.28101 sec)
Iteration 11  ... max diff = 3.54555E-06 (0.28279 sec)
Iteration 12  ... max diff = 8.07387E-07 (0.28145 sec)
VSCF converged after 12 iterations (3.38381 sec).
Mode fundamentals =    [ 11.287 20.916 648.143 649.670 1314.489 2280.115 ]
Total VSCF energy =      3102.532 (from mean single mode energies)
Total VSCF energy =      3102.532 (from total expectation value)
Saving VSCF data to "VSCF_MODES_TARGET066.dat"


Calculating target state 68:
----------------------------
Target = [ 1 0 1 0 0 1 ]
Calculating initial 1D wavefunctions:
Mode 1, E[1] - E[0] = 31.602
Mode 2, E[1] - E[0] = 25.052
Mode 3, E[1] - E[0] = 651.311
Mode 4, E[1] - E[0] = 651.354
Mode 5, E[1] - E[0] = 1308.126
Mode 6, E[1] - E[0] = 2326.667

Starting VSCF iterations...
Iteration 1   ... max diff = 5.41813E+03 (0.28232 sec)
Iteration 2   ... max diff = 8.72836E+01 (0.28276 sec)
Iteration 3   ... max diff = 1.13888E+00 (0.28304 sec)
Iteration 4   ... max diff = 1.55942E-01 (0.28101 sec)
Iteration 5   ... max diff = 2.99140E-02 (0.28179 sec)
Iteration 6   ... max diff = 6.29843E-03 (0.28074 sec)
Iteration 7   ... max diff = 1.38174E-03 (0.28243 sec)
Iteration 8   ... max diff = 3.08927E-04 (0.28160 sec)
Iteration 9   ... max diff = 6.96866E-05 (0.28219 sec)
Iteration 10  ... max diff = 1.57860E-05 (0.28087 sec)
Iteration 11  ... max diff = 3.58315E-06 (0.27967 sec)
Iteration 12  ... max diff = 8.14097E-07 (0.28087 sec)
VSCF converged after 12 iterations (3.37964 sec).
Mode fundamentals =    [ 11.232 20.963 636.786 638.302 1310.689 2237.021 ]
Total VSCF energy =      5361.113 (from mean single mode energies)
Total VSCF energy =      5361.113 (from total expectation value)
Saving VSCF data to "VSCF_MODES_TARGET067.dat"


Calculating target state 69:
----------------------------
Target = [ 1 0 1 0 1 0 ]
Calculating initial 1D wavefunctions:
Mode 1, E[1] - E[0] = 31.602
Mode 2, E[1] - E[0] = 25.052
Mode 3, E[1] - E[0] = 651.311
Mode 4, E[1] - E[0] = 651.354
Mode 5, E[1] - E[0] = 1308.126
Mode 6, E[1] - E[0] = 2326.667

Starting VSCF iterations...
Iteration 1   ... max diff = 4.41523E+03 (0.28146 sec)
Iteration 2   ... max diff = 2.84130E+01 (0.27962 sec)
Iteration 3   ... max diff = 9.69486E-01 (0.28141 sec)
Iteration 4   ... max diff = 1.47354E-01 (0.28338 sec)
Iteration 5   ... max diff = 2.84241E-02 (0.28057 sec)
Iteration 6   ... max diff = 6.00142E-03 (0.28015 sec)
Iteration 7   ... max diff = 1.31905E-03 (0.28030 sec)
Iteration 8   ... max diff = 2.95340E-04 (0.28162 sec)
Iteration 9   ... max diff = 6.67068E-05 (0.28223 sec)
Iteration 10  ... max diff = 1.51290E-05 (0.28113 sec)
Iteration 11  ... max diff = 3.43797E-06 (0.28426 sec)
Iteration 12  ... max diff = 7.81999E-07 (0.28252 sec)
VSCF converged after 12 iterations (3.37893 sec).
Mode fundamentals =    [ 11.277 20.929 652.259 653.725 1314.363 2276.344 ]
Total VSCF energy =      4416.957 (from mean single mode energies)
Total VSCF energy =      4416.957 (from total expectation value)
Saving VSCF data to "VSCF_MODES_TARGET068.dat"


Calculating target state 70:
----------------------------
Target = [ 1 0 1 1 0 0 ]
Calculating initial 1D wavefunctions:
Mode 1, E[1] - E[0] = 31.602
Mode 2, E[1] - E[0] = 25.052
Mode 3, E[1] - E[0] = 651.311
Mode 4, E[1] - E[0] = 651.354
Mode 5, E[1] - E[0] = 1308.126
Mode 6, E[1] - E[0] = 2326.667

Starting VSCF iterations...
Iteration 1   ... max diff = 3.75757E+03 (0.28158 sec)
Iteration 2   ... max diff = 3.65682E+01 (0.28091 sec)
Iteration 3   ... max diff = 1.01562E+00 (0.28055 sec)
Iteration 4   ... max diff = 1.47931E-01 (0.28059 sec)
Iteration 5   ... max diff = 2.77242E-02 (0.28124 sec)
Iteration 6   ... max diff = 5.68795E-03 (0.28081 sec)
Iteration 7   ... max diff = 1.21414E-03 (0.28178 sec)
Iteration 8   ... max diff = 2.63890E-04 (0.28208 sec)
Iteration 9   ... max diff = 5.78369E-05 (0.28436 sec)
Iteration 10  ... max diff = 1.27257E-05 (0.28096 sec)
Iteration 11  ... max diff = 2.80512E-06 (0.28027 sec)
Iteration 12  ... max diff = 6.18863E-07 (0.28141 sec)
VSCF converged after 12 iterations (3.37687 sec).
Mode fundamentals =    [ 11.416 20.731 650.394 648.286 1318.542 2268.735 ]
Total VSCF energy =      3751.509 (from mean single mode energies)
Total VSCF energy =      3751.509 (from total expectation value)
Saving VSCF data to "VSCF_MODES_TARGET069.dat"


Calculating target state 71:
----------------------------
Target = [ 1 0 2 0 0 0 ]
Calculating initial 1D wavefunctions:
Mode 1, E[1] - E[0] = 31.602
Mode 2, E[1] - E[0] = 25.052
Mode 3, E[1] - E[0] = 651.311
Mode 4, E[1] - E[0] = 651.354
Mode 5, E[1] - E[0] = 1308.126
Mode 6, E[1] - E[0] = 2326.667

Starting VSCF iterations...
Iteration 1   ... max diff = 3.75840E+03 (0.28203 sec)
Iteration 2   ... max diff = 3.67990E+01 (0.28221 sec)
Iteration 3   ... max diff = 1.05837E+00 (0.28109 sec)
Iteration 4   ... max diff = 1.62862E-01 (0.28369 sec)
Iteration 5   ... max diff = 3.22903E-02 (0.28372 sec)
Iteration 6   ... max diff = 7.03773E-03 (0.28250 sec)
Iteration 7   ... max diff = 1.60034E-03 (0.28372 sec)
Iteration 8   ... max diff = 3.71203E-04 (0.28276 sec)
Iteration 9   ... max diff = 8.69212E-05 (0.28102 sec)
Iteration 10  ... max diff = 2.04467E-05 (0.28183 sec)
Iteration 11  ... max diff = 4.82036E-06 (0.28002 sec)
Iteration 12  ... max diff = 1.13763E-06 (0.28174 sec)
Iteration 13  ... max diff = 2.68633E-07 (0.28255 sec)
VSCF converged after 13 iterations (3.66931 sec).
Mode fundamentals =    [ 12.091 20.653 646.016 651.919 1318.528 2268.747 ]
Total VSCF energy =      3750.870 (from mean single mode energies)
Total VSCF energy =      3750.870 (from total expectation value)
Saving VSCF data to "VSCF_MODES_TARGET070.dat"


Calculating target state 72:
----------------------------
Target = [ 1 1 0 0 0 0 ]
Calculating initial 1D wavefunctions:
Mode 1, E[1] - E[0] = 31.602
Mode 2, E[1] - E[0] = 25.052
Mode 3, E[1] - E[0] = 651.311
Mode 4, E[1] - E[0] = 651.354
Mode 5, E[1] - E[0] = 1308.126
Mode 6, E[1] - E[0] = 2326.667

Starting VSCF iterations...
Iteration 1   ... max diff = 2.44381E+03 (0.27982 sec)
Iteration 2   ... max diff = 1.54969E+01 (0.27869 sec)
Iteration 3   ... max diff = 4.21829E-01 (0.28256 sec)
Iteration 4   ... max diff = 4.59583E-02 (0.28215 sec)
Iteration 5   ... max diff = 5.80746E-03 (0.28270 sec)
Iteration 6   ... max diff = 7.71643E-04 (0.28170 sec)
Iteration 7   ... max diff = 1.04400E-04 (0.28161 sec)
Iteration 8   ... max diff = 1.42187E-05 (0.28156 sec)
Iteration 9   ... max diff = 1.94122E-06 (0.28194 sec)
Iteration 10  ... max diff = 2.65275E-07 (0.28394 sec)
VSCF converged after 10 iterations (2.81690 sec).
Mode fundamentals =    [ 10.938 21.174 650.667 647.339 1310.332 2291.561 ]
Total VSCF energy =      2474.250 (from mean single mode energies)
Total VSCF energy =      2474.250 (from total expectation value)
Saving VSCF data to "VSCF_MODES_TARGET071.dat"


Calculating target state 73:
----------------------------
Target = [ 1 1 0 0 0 1 ]
Calculating initial 1D wavefunctions:
Mode 1, E[1] - E[0] = 31.602
Mode 2, E[1] - E[0] = 25.052
Mode 3, E[1] - E[0] = 651.311
Mode 4, E[1] - E[0] = 651.354
Mode 5, E[1] - E[0] = 1308.126
Mode 6, E[1] - E[0] = 2326.667

Starting VSCF iterations...
Iteration 1   ... max diff = 4.76356E+03 (0.28056 sec)
Iteration 2   ... max diff = 6.51555E+01 (0.28332 sec)
Iteration 3   ... max diff = 5.05424E-01 (0.28296 sec)
Iteration 4   ... max diff = 4.99950E-02 (0.28263 sec)
Iteration 5   ... max diff = 6.27733E-03 (0.27960 sec)
Iteration 6   ... max diff = 8.30367E-04 (0.27863 sec)
Iteration 7   ... max diff = 1.11909E-04 (0.27835 sec)
Iteration 8   ... max diff = 1.51855E-05 (0.27940 sec)
Iteration 9   ... max diff = 2.06578E-06 (0.27943 sec)
Iteration 10  ... max diff = 2.81275E-07 (0.28032 sec)
VSCF converged after 10 iterations (2.80547 sec).
Mode fundamentals =    [ 10.927 21.223 639.269 635.980 1306.469 2248.420 ]
Total VSCF energy =      4744.254 (from mean single mode energies)
Total VSCF energy =      4744.254 (from total expectation value)
Saving VSCF data to "VSCF_MODES_TARGET072.dat"


Calculating target state 74:
----------------------------
Target = [ 1 1 0 0 1 0 ]
Calculating initial 1D wavefunctions:
Mode 1, E[1] - E[0] = 31.602
Mode 2, E[1] - E[0] = 25.052
Mode 3, E[1] - E[0] = 651.311
Mode 4, E[1] - E[0] = 651.354
Mode 5, E[1] - E[0] = 1308.126
Mode 6, E[1] - E[0] = 2326.667

Starting VSCF iterations...
Iteration 1   ... max diff = 3.75391E+03 (0.28151 sec)
Iteration 2   ... max diff = 1.53191E+01 (0.28199 sec)
Iteration 3   ... max diff = 4.08815E-01 (0.28208 sec)
Iteration 4   ... max diff = 4.45951E-02 (0.28318 sec)
Iteration 5   ... max diff = 5.63327E-03 (0.28295 sec)
Iteration 6   ... max diff = 7.47714E-04 (0.28311 sec)
Iteration 7   ... max diff = 1.01030E-04 (0.27917 sec)
Iteration 8   ... max diff = 1.37403E-05 (0.28120 sec)
Iteration 9   ... max diff = 1.87319E-06 (0.28209 sec)
Iteration 10  ... max diff = 2.55597E-07 (0.27938 sec)
VSCF converged after 10 iterations (2.81696 sec).
Mode fundamentals =    [ 10.940 21.188 654.837 651.506 1310.260 2287.727 ]
Total VSCF energy =      3784.546 (from mean single mode energies)
Total VSCF energy =      3784.546 (from total expectation value)
Saving VSCF data to "VSCF_MODES_TARGET073.dat"


Calculating target state 75:
----------------------------
Target = [ 1 1 0 1 0 0 ]
Calculating initial 1D wavefunctions:
Mode 1, E[1] - E[0] = 31.602
Mode 2, E[1] - E[0] = 25.052
Mode 3, E[1] - E[0] = 651.311
Mode 4, E[1] - E[0] = 651.354
Mode 5, E[1] - E[0] = 1308.126
Mode 6, E[1] - E[0] = 2326.667

Starting VSCF iterations...
Iteration 1   ... max diff = 3.09625E+03 (0.28376 sec)
Iteration 2   ... max diff = 2.12679E+01 (0.28079 sec)
Iteration 3   ... max diff = 4.32496E-01 (0.27976 sec)
Iteration 4   ... max diff = 4.61482E-02 (0.28078 sec)
Iteration 5   ... max diff = 5.75168E-03 (0.28189 sec)
Iteration 6   ... max diff = 7.53929E-04 (0.27897 sec)
Iteration 7   ... max diff = 1.00624E-04 (0.27967 sec)
Iteration 8   ... max diff = 1.35182E-05 (0.28002 sec)
Iteration 9   ... max diff = 1.82044E-06 (0.27970 sec)
Iteration 10  ... max diff = 2.45364E-07 (0.28035 sec)
VSCF converged after 10 iterations (2.80590 sec).
Mode fundamentals =    [ 11.021 21.159 652.869 645.984 1314.499 2280.188 ]
Total VSCF energy =      3120.911 (from mean single mode energies)
Total VSCF energy =      3120.911 (from total expectation value)
Saving VSCF data to "VSCF_MODES_TARGET074.dat"


Calculating target state 76:
----------------------------
Target = [ 1 1 1 0 0 0 ]
Calculating initial 1D wavefunctions:
Mode 1, E[1] - E[0] = 31.602
Mode 2, E[1] - E[0] = 25.052
Mode 3, E[1] - E[0] = 651.311
Mode 4, E[1] - E[0] = 651.354
Mode 5, E[1] - E[0] = 1308.126
Mode 6, E[1] - E[0] = 2326.667

Starting VSCF iterations...
Iteration 1   ... max diff = 3.09999E+03 (0.28238 sec)
Iteration 2   ... max diff = 2.24366E+01 (0.28156 sec)
Iteration 3   ... max diff = 5.36375E-01 (0.28053 sec)
Iteration 4   ... max diff = 6.55714E-02 (0.28014 sec)
Iteration 5   ... max diff = 9.54858E-03 (0.28030 sec)
Iteration 6   ... max diff = 1.48032E-03 (0.27879 sec)
Iteration 7   ... max diff = 2.35104E-04 (0.28149 sec)
Iteration 8   ... max diff = 3.76969E-05 (0.27987 sec)
Iteration 9   ... max diff = 6.06744E-06 (0.27943 sec)
Iteration 10  ... max diff = 9.78062E-07 (0.28074 sec)
VSCF converged after 10 iterations (2.80552 sec).
Mode fundamentals =    [ 11.960 20.719 647.819 649.475 1314.501 2280.161 ]
Total VSCF energy =      3123.348 (from mean single mode energies)
Total VSCF energy =      3123.348 (from total expectation value)
Saving VSCF data to "VSCF_MODES_TARGET075.dat"


Calculating target state 77:
----------------------------
Target = [ 1 2 0 0 0 0 ]
Calculating initial 1D wavefunctions:
Mode 1, E[1] - E[0] = 31.602
Mode 2, E[1] - E[0] = 25.052
Mode 3, E[1] - E[0] = 651.311
Mode 4, E[1] - E[0] = 651.354
Mode 5, E[1] - E[0] = 1308.126
Mode 6, E[1] - E[0] = 2326.667

Starting VSCF iterations...
Iteration 1   ... max diff = 2.47177E+03 (0.28072 sec)
Iteration 2   ... max diff = 1.45211E+01 (0.28184 sec)
Iteration 3   ... max diff = 2.68629E-01 (0.28094 sec)
Iteration 4   ... max diff = 1.95541E-02 (0.28329 sec)
Iteration 5   ... max diff = 1.58018E-03 (0.28198 sec)
Iteration 6   ... max diff = 1.31355E-04 (0.28166 sec)
Iteration 7   ... max diff = 1.10079E-05 (0.28292 sec)
Iteration 8   ... max diff = 9.24654E-07 (0.28194 sec)
VSCF converged after 8 iterations (2.25546 sec).
Mode fundamentals =    [ 15.806 20.707 649.452 647.435 1310.352 2291.642 ]
Total VSCF energy =      2503.375 (from mean single mode energies)
Total VSCF energy =      2503.375 (from total expectation value)
Saving VSCF data to "VSCF_MODES_TARGET076.dat"


Calculating target state 78:
----------------------------
Target = [ 2 0 0 0 0 0 ]
Calculating initial 1D wavefunctions:
Mode 1, E[1] - E[0] = 31.602
Mode 2, E[1] - E[0] = 25.052
Mode 3, E[1] - E[0] = 651.311
Mode 4, E[1] - E[0] = 651.354
Mode 5, E[1] - E[0] = 1308.126
Mode 6, E[1] - E[0] = 2326.667

Starting VSCF iterations...
Iteration 1   ... max diff = 2.46539E+03 (0.28216 sec)
Iteration 2   ... max diff = 3.84850E+01 (0.28085 sec)
Iteration 3   ... max diff = 1.83334E+00 (0.28221 sec)
Iteration 4   ... max diff = 9.78301E-02 (0.28185 sec)
Iteration 5   ... max diff = 2.78733E-03 (0.28128 sec)
Iteration 6   ... max diff = 6.04756E-05 (0.28093 sec)
Iteration 7   ... max diff = 1.24393E-06 (0.27878 sec)
Iteration 8   ... max diff = 2.53699E-08 (0.27825 sec)
VSCF converged after 8 iterations (2.24663 sec).
Mode fundamentals =    [ 6.168 22.171 659.709 647.509 1310.325 2291.424 ]
Total VSCF energy =      2467.614 (from mean single mode energies)
Total VSCF energy =      2467.614 (from total expectation value)
Saving VSCF data to "VSCF_MODES_TARGET077.dat"


Calculating target state 79:
----------------------------
Target = [ 2 0 0 0 0 1 ]
Calculating initial 1D wavefunctions:
Mode 1, E[1] - E[0] = 31.602
Mode 2, E[1] - E[0] = 25.052
Mode 3, E[1] - E[0] = 651.311
Mode 4, E[1] - E[0] = 651.354
Mode 5, E[1] - E[0] = 1308.126
Mode 6, E[1] - E[0] = 2326.667

Starting VSCF iterations...
Iteration 1   ... max diff = 4.78558E+03 (0.27971 sec)
Iteration 2   ... max diff = 8.95827E+01 (0.28047 sec)
Iteration 3   ... max diff = 1.88500E+00 (0.28086 sec)
Iteration 4   ... max diff = 9.36788E-02 (0.27959 sec)
Iteration 5   ... max diff = 2.68988E-03 (0.27933 sec)
Iteration 6   ... max diff = 5.95680E-05 (0.28066 sec)
Iteration 7   ... max diff = 1.25306E-06 (0.28105 sec)
Iteration 8   ... max diff = 2.61471E-08 (0.27985 sec)
VSCF converged after 8 iterations (2.24171 sec).
Mode fundamentals =    [ 6.130 22.264 648.260 636.151 1306.465 2248.292 ]
Total VSCF energy =      4737.485 (from mean single mode energies)
Total VSCF energy =      4737.485 (from total expectation value)
Saving VSCF data to "VSCF_MODES_TARGET078.dat"


Calculating target state 80:
----------------------------
Target = [ 2 0 0 0 1 0 ]
Calculating initial 1D wavefunctions:
Mode 1, E[1] - E[0] = 31.602
Mode 2, E[1] - E[0] = 25.052
Mode 3, E[1] - E[0] = 651.311
Mode 4, E[1] - E[0] = 651.354
Mode 5, E[1] - E[0] = 1308.126
Mode 6, E[1] - E[0] = 2326.667

Starting VSCF iterations...
Iteration 1   ... max diff = 3.77530E+03 (0.27898 sec)
Iteration 2   ... max diff = 3.83286E+01 (0.27904 sec)
Iteration 3   ... max diff = 1.81346E+00 (0.28141 sec)
Iteration 4   ... max diff = 9.59916E-02 (0.28208 sec)
Iteration 5   ... max diff = 2.71074E-03 (0.28022 sec)
Iteration 6   ... max diff = 5.83890E-05 (0.28176 sec)
Iteration 7   ... max diff = 1.19305E-06 (0.28086 sec)
Iteration 8   ... max diff = 2.41803E-08 (0.28060 sec)
VSCF converged after 8 iterations (2.24519 sec).
Mode fundamentals =    [ 6.170 22.190 663.880 651.677 1310.252 2287.594 ]
Total VSCF energy =      3777.903 (from mean single mode energies)
Total VSCF energy =      3777.903 (from total expectation value)
Saving VSCF data to "VSCF_MODES_TARGET079.dat"


Calculating target state 81:
----------------------------
Target = [ 2 0 0 1 0 0 ]
Calculating initial 1D wavefunctions:
Mode 1, E[1] - E[0] = 31.602
Mode 2, E[1] - E[0] = 25.052
Mode 3, E[1] - E[0] = 651.311
Mode 4, E[1] - E[0] = 651.354
Mode 5, E[1] - E[0] = 1308.126
Mode 6, E[1] - E[0] = 2326.667

Starting VSCF iterations...
Iteration 1   ... max diff = 3.11794E+03 (0.27899 sec)
Iteration 2   ... max diff = 4.48316E+01 (0.28206 sec)
Iteration 3   ... max diff = 1.80149E+00 (0.28042 sec)
Iteration 4   ... max diff = 9.01671E-02 (0.28043 sec)
Iteration 5   ... max diff = 2.38490E-03 (0.28042 sec)
Iteration 6   ... max diff = 4.80053E-05 (0.28122 sec)
Iteration 7   ... max diff = 9.17846E-07 (0.28168 sec)
VSCF converged after 7 iterations (1.96539 sec).
Mode fundamentals =    [ 6.265 22.139 662.176 646.149 1314.492 2280.053 ]
Total VSCF energy =      3114.444 (from mean single mode energies)
Total VSCF energy =      3114.444 (from total expectation value)
Saving VSCF data to "VSCF_MODES_TARGET080.dat"


Calculating target state 82:
----------------------------
Target = [ 2 0 1 0 0 0 ]
Calculating initial 1D wavefunctions:
Mode 1, E[1] - E[0] = 31.602
Mode 2, E[1] - E[0] = 25.052
Mode 3, E[1] - E[0] = 651.311
Mode 4, E[1] - E[0] = 651.354
Mode 5, E[1] - E[0] = 1308.126
Mode 6, E[1] - E[0] = 2326.667

Starting VSCF iterations...
Iteration 1   ... max diff = 3.12721E+03 (0.28258 sec)
Iteration 2   ... max diff = 4.35621E+01 (0.28110 sec)
Iteration 3   ... max diff = 1.19141E+00 (0.28216 sec)
Iteration 4   ... max diff = 2.09445E-02 (0.28124 sec)
Iteration 5   ... max diff = 1.17429E-04 (0.28193 sec)
Iteration 6   ... max diff = 5.13597E-07 (0.28086 sec)
VSCF converged after 6 iterations (1.69005 sec).
Mode fundamentals =    [ 8.140 20.663 652.030 649.856 1314.496 2279.994 ]
Total VSCF energy =      3122.628 (from mean single mode energies)
Total VSCF energy =      3122.628 (from total expectation value)
Saving VSCF data to "VSCF_MODES_TARGET081.dat"


Calculating target state 83:
----------------------------
Target = [ 2 1 0 0 0 0 ]
Calculating initial 1D wavefunctions:
Mode 1, E[1] - E[0] = 31.602
Mode 2, E[1] - E[0] = 25.052
Mode 3, E[1] - E[0] = 651.311
Mode 4, E[1] - E[0] = 651.354
Mode 5, E[1] - E[0] = 1308.126
Mode 6, E[1] - E[0] = 2326.667

Starting VSCF iterations...
Iteration 1   ... max diff = 2.45774E+03 (0.28292 sec)
Iteration 2   ... max diff = 2.28192E+01 (0.28180 sec)
Iteration 3   ... max diff = 8.63420E-01 (0.28227 sec)
Iteration 4   ... max diff = 5.67686E-02 (0.28171 sec)
Iteration 5   ... max diff = 3.21376E-03 (0.28038 sec)
Iteration 6   ... max diff = 1.70788E-04 (0.28410 sec)
Iteration 7   ... max diff = 8.92168E-06 (0.28313 sec)
Iteration 8   ... max diff = 4.64147E-07 (0.28326 sec)
VSCF converged after 8 iterations (2.25976 sec).
Mode fundamentals =    [ 8.009 21.793 656.979 647.483 1310.343 2291.513 ]
Total VSCF energy =      2489.603 (from mean single mode energies)
Total VSCF energy =      2489.603 (from total expectation value)
Saving VSCF data to "VSCF_MODES_TARGET082.dat"


Calculating target state 84:
----------------------------
Target = [ 3 0 0 0 0 0 ]
Calculating initial 1D wavefunctions:
Mode 1, E[1] - E[0] = 31.602
Mode 2, E[1] - E[0] = 25.052
Mode 3, E[1] - E[0] = 651.311
Mode 4, E[1] - E[0] = 651.354
Mode 5, E[1] - E[0] = 1308.126
Mode 6, E[1] - E[0] = 2326.667

Starting VSCF iterations...
Iteration 1   ... max diff = 2.48745E+03 (0.28318 sec)
Iteration 2   ... max diff = 5.68429E+01 (0.28315 sec)
Iteration 3   ... max diff = 2.54145E+00 (0.28240 sec)
Iteration 4   ... max diff = 1.31805E-01 (0.28175 sec)
Iteration 5   ... max diff = 6.59523E-03 (0.28260 sec)
Iteration 6   ... max diff = 3.28339E-04 (0.28430 sec)
Iteration 7   ... max diff = 1.63446E-05 (0.28239 sec)
Iteration 8   ... max diff = 8.13667E-07 (0.28210 sec)
VSCF converged after 8 iterations (2.26205 sec).
Mode fundamentals =    [ 3.308 23.421 668.360 647.725 1310.333 2291.336 ]
Total VSCF energy =      2483.020 (from mean single mode energies)
Total VSCF energy =      2483.020 (from total expectation value)
Saving VSCF data to "VSCF_MODES_TARGET083.dat"


Total target calculation 220.64709 sec


Target energies:
----------------

                      |               VSCF               
--------------------------------------------------------------------------------------------
[  0  0  0  0  0  0 ] |  2438.417565695 ;     0.000000000
[  1  0  0  0  0  0 ] |  2452.894179609 ;    14.476613913
[  0  1  0  0  0  0 ] |  2460.651361190 ;    22.233795494
[  2  0  0  0  0  0 ] |  2467.614377645 ;    29.196811949
[  1  1  0  0  0  0 ] |  2474.250151202 ;    35.832585507
[  3  0  0  0  0  0 ] |  2483.019562905 ;    44.601997210
[  0  2  0  0  0  0 ] |  2485.078096169 ;    46.660530474
[  2  1  0  0  0  0 ] |  2489.603253317 ;    51.185687622
[  1  2  0  0  0  0 ] |  2503.374820946 ;    64.957255250
[  0  3  0  0  0  0 ] |  2519.971033932 ;    81.553468237
[  0  0  0  1  0  0 ] |  3085.063102315 ;   646.645536620
[  0  0  1  0  0  0 ] |  3085.543325960 ;   647.125760265
[  1  0  0  1  0  0 ] |  3099.571409191 ;   661.153843496
[  1  0  1  0  0  0 ] |  3102.531666800 ;   664.114101105
[  0  1  0  1  0  0 ] |  3107.227283759 ;   668.809718064
[  0  1  1  0  0  0 ] |  3107.808392635 ;   669.390826939
[  2  0  0  1  0  0 ] |  3114.443568651 ;   676.026002955
[  1  1  0  1  0  0 ] |  3120.911349141 ;   682.493783446
[  2  0  1  0  0  0 ] |  3122.627822854 ;   684.210257159
[  1  1  1  0  0  0 ] |  3123.347544522 ;   684.929978827
[  0  2  0  1  0  0 ] |  3131.761348334 ;   693.343782639
[  0  2  1  0  0  0 ] |  3132.013310883 ;   693.595745188
[  0  0  0  2  0  0 ] |  3731.853177176 ;  1293.435611481
[  0  0  2  0  0  0 ] |  3732.440268575 ;  1294.022702880
[  0  0  1  1  0  0 ] |  3734.469202205 ;  1296.051636510
[  1  0  0  2  0  0 ] |  3746.393357449 ;  1307.975791753
[  0  0  0  0  1  0 ] |  3748.722070111 ;  1310.304504416
[  1  0  2  0  0  0 ] |  3750.869778167 ;  1312.452212472
[  1  0  1  1  0  0 ] |  3751.509450527 ;  1313.091884831
[  0  1  0  2  0  0 ] |  3753.946347944 ;  1315.528782249
[  0  1  2  0  0  0 ] |  3754.726654295 ;  1316.309088600
[  0  1  1  1  0  0 ] |  3756.384670356 ;  1317.967104660
[  1  0  0  0  1  0 ] |  3763.175693551 ;  1324.758127856
[  0  1  0  0  1  0 ] |  3770.945665471 ;  1332.528099775
[  2  0  0  0  1  0 ] |  3777.902581732 ;  1339.485016037
[  1  1  0  0  1  0 ] |  3784.546419184 ;  1346.128853489
[  0  2  0  0  1  0 ] |  3795.397983184 ;  1356.980417489
[  0  0  0  3  0  0 ] |  4378.791211395 ;  1940.373645700
[  0  0  3  0  0  0 ] |  4379.186022730 ;  1940.768457035
[  0  0  1  2  0  0 ] |  4383.533428087 ;  1945.115862392
[  0  0  2  1  0  0 ] |  4383.617199291 ;  1945.199633596
[  0  0  0  1  1  0 ] |  4399.505695425 ;  1961.088129730
[  0  0  1  0  1  0 ] |  4399.989859500 ;  1961.572293804
[  1  0  0  1  1  0 ] |  4413.993556694 ;  1975.575990999
[  1  0  1  0  1  0 ] |  4416.957107654 ;  1978.539541959
[  0  1  0  1  1  0 ] |  4421.660274381 ;  1983.242708686
[  0  1  1  0  1  0 ] |  4422.242462641 ;  1983.824896946
[  0  0  0  0  0  1 ] |  4708.460013185 ;  2270.042447489
[  1  0  0  0  0  1 ] |  4722.843472211 ;  2284.425906516
[  0  1  0  0  0  1 ] |  4730.680319787 ;  2292.262754092
[  2  0  0  0  0  1 ] |  4737.484950587 ;  2299.067384891
[  1  1  0  0  0  1 ] |  4744.253601320 ;  2305.836035624
[  0  2  0  0  0  1 ] |  4755.173909965 ;  2316.756344270
[  0  0  0  2  1  0 ] |  5050.305788924 ;  2611.888223229
[  0  0  2  0  1  0 ] |  5050.899823219 ;  2612.482257524
[  0  0  1  1  1  0 ] |  5052.943435767 ;  2614.525870072
[  0  0  0  0  2  0 ] |  5053.629673187 ;  2615.212107492
[  1  0  0  0  2  0 ] |  5068.060117009 ;  2629.642551314
[  0  1  0  0  2  0 ] |  5075.843351120 ;  2637.425785425
[  0  0  0  1  0  1 ] |  5343.744913117 ;  2905.327347422
[  0  0  1  0  0  1 ] |  5344.223038814 ;  2905.805473119
[  1  0  0  1  0  1 ] |  5358.168913631 ;  2919.751347935
[  1  0  1  0  0  1 ] |  5361.112553800 ;  2922.694988104
[  0  1  0  1  0  1 ] |  5365.896715624 ;  2927.479149929
[  0  1  1  0  0  1 ] |  5366.469884654 ;  2928.052318959
[  0  0  0  1  2  0 ] |  5708.442283137 ;  3270.024717441
[  0  0  1  0  2  0 ] |  5708.930241198 ;  3270.512675503
[  0  0  0  2  0  1 ] |  5979.189765470 ;  3540.772199775
[  0  0  2  0  0  1 ] |  5979.774382604 ;  3541.356816908
[  0  0  1  1  0  1 ] |  5981.785474581 ;  3543.367908885
[  0  0  0  0  1  1 ] |  6014.895155448 ;  3576.477589752
[  1  0  0  0  1  1 ] |  6029.257915597 ;  3590.840349901
[  0  1  0  0  1  1 ] |  6037.106031751 ;  3598.688466055
[  0  0  0  0  3  0 ] |  6353.141405013 ;  3914.723839317
[  0  0  0  1  1  1 ] |  6654.379848175 ;  4215.962282480
[  0  0  1  0  1  1 ] |  6654.862193281 ;  4216.444627586
[  0  0  0  0  0  2 ] |  6953.855703685 ;  4515.438137990
[  1  0  0  0  0  2 ] |  6968.148331761 ;  4529.730766065
[  0  1  0  0  0  2 ] |  6976.061499838 ;  4537.643934143
[  0  0  0  0  2  1 ] |  7315.909505383 ;  4877.491939687
[  0  0  0  1  0  2 ] |  7577.801177690 ;  5139.383611995
[  0  0  1  0  0  2 ] |  7578.279143111 ;  5139.861577416
[  0  0  0  0  1  2 ] |  8256.383679999 ;  5817.966114303
[  0  0  0  0  0  3 ] |  9174.614141761 ;  6736.196576066


#################################
 NITROGEN exited successfully    
#################################
