# R_ang  theta_rad  Veff_hartree
    1.500000   0.04958315  8.6680791811271342e+02
    1.500000   0.11381403  4.8759685817407052e+02
    1.500000   0.17842421  1.9956872325968988e+02
    1.500000   0.24312010  6.8151227086006074e+01
    1.500000   0.30784849  2.1536287495596017e+01
    1.500000   0.37259260  6.9373097631284342e+00
    1.500000   0.43734549  2.6106038891536505e+00
    1.500000   0.50210377  1.3155094654840396e+00
    1.500000   0.56686560  8.7215869119488421e-01
    1.500000   0.63162987  6.6475540262192012e-01
    1.500000   0.69639591  5.2936591235048003e-01
    1.500000   0.76116325  4.2494214640822120e-01
    1.500000   0.82593158  3.4109815729900056e-01
    1.500000   0.89070068  2.7401791612906978e-01
    1.500000   0.95547037  2.2096234253270347e-01
    1.500000   1.02024053  1.7940181176417744e-01
    1.500000   1.08501108  1.4706595170319139e-01
    1.500000   1.14978193  1.2204802217963517e-01
    1.500000   1.21455301  1.0283071551994523e-01
    1.500000   1.27932429  8.8254313522098005e-02
    1.500000   1.34409571  7.7461259242095751e-02
    1.500000   1.40886724  6.9838808053556786e-02
    1.500000   1.47363885  6.4970081721728537e-02
    1.500000   1.53841049  6.2597216602149591e-02
    1.500000   1.60318216  6.2597214255776648e-02
    1.500000   1.66795381  6.4970075102758984e-02
    1.500000   1.73272541  6.9838798580035610e-02
    1.500000   1.79749694  7.7461249850345068e-02
    1.500000   1.86226837  8.8254309709407369e-02
    1.500000   1.92703964  1.0283072723810598e-01
    1.500000   1.99181073  1.2204806719940535e-01
    1.500000   2.05658157  1.4706606160397603e-01
    1.500000   2.12135212  1.7940204271675536e-01
    1.500000   2.18612229  2.2096279501539925e-01
    1.500000   2.25089198  2.7401877165092065e-01
    1.500000   2.31566107  3.4109974824010592e-01
    1.500000   2.38042940  4.2494509193588215e-01
    1.500000   2.44519674  5.2937138964462471e-01
    1.500000   2.50996278  6.6476570288210857e-01
    1.500000   2.57472706  8.7217839206223469e-01
    1.500000   2.63948889  1.3155479742534737e+00
    1.500000   2.70424717  2.6106811034147843e+00
    1.500000   2.76900006  6.9374688885055544e+00
    1.500000   2.83374417  2.1536623897935055e+01
    1.500000   2.89847256  6.8151948913613239e+01
    1.500000   2.96316844  1.9957024818279720e+02
    1.500000   3.02777863  4.8759981486671506e+02
    1.500000   3.09200950  8.6681255960991325e+02
    1.550000   0.04958315  3.2320519211073781e+02
    1.550000   0.11381403  1.9980786700343364e+02
    1.550000   0.17842421  9.2739925092492740e+01
    1.550000   0.24312010  3.6022006196843812e+01
    1.550000   0.30784849  1.2945131620347929e+01
    1.550000   0.37259260  4.7949571866399729e+00
    1.550000   0.43734549  2.0870235565735196e+00
    1.550000   0.50210377  1.1650857753144508e+00
    1.550000   0.56686560  7.9872481917051985e-01
    1.550000   0.63162987  6.0659024477387102e-01
    1.550000   0.69639591  4.7720507945289881e-01
    1.550000   0.76116325  3.7879338804133467e-01
    1.550000   0.82593158  3.0136551211314117e-01
    1.550000   0.89070068  2.4038878190398061e-01
    1.550000   0.95547037  1.9268215755324439e-01
    1.550000   1.02024053  1.5558833363099345e-01
    1.550000   1.08501108  1.2687962259497476e-01
    1.550000   1.14978193  1.0475595728423991e-01
    1.550000   1.21455301  8.7815426213505604e-02
    1.550000   1.27932429  7.4999364386162531e-02
    1.550000   1.34409571  6.5530159514609776e-02
    1.550000   1.40886724  5.8854168461288880e-02
    1.550000   1.47363885  5.4595385127602120e-02
    1.550000   1.53841049  5.2521405025422185e-02
    1.550000   1.60318216  5.2521403276825335e-02
    1.550000   1.66795381  5.4595380205108859e-02
    1.550000   1.73272541  5.8854161457215018e-02
    1.550000   1.79749694  6.5530152694323857e-02
    1.550000   1.86226837  7.4999361996930053e-02
    1.550000   1.92703964  8.7815435951163409e-02
    1.550000   1.99181073  1.0475599289326512e-01
    1.550000   2.05658157  1.2687970848224750e-01
    1.550000   2.12135212  1.5558851313417288e-01
    1.550000   2.18612229  1.9268250796762051e-01
    1.550000   2.25089198  2.4038944224518369e-01
    1.550000   2.31566107  3.0136673535409347e-01
    1.550000   2.38042940  3.7879564135008881e-01
    1.550000   2.44519674  4.7720924055643649e-01
    1.550000   2.50996278  6.0659799480469756e-01
    1.550000   2.57472706  7.9873944463174207e-01
    1.550000   2.63948889  1.1651138334656030e+00
    1.550000   2.70424717  2.0870783669103754e+00
    1.550000   2.76900006  4.7950660959088749e+00
    1.550000   2.83374417  1.2945350429676239e+01
    1.550000   2.89847256  3.6022443850793636e+01
    1.550000   2.96316844  9.2740767980269993e+01
    1.550000   3.02777863  1.9980933562062245e+02
    1.550000   3.09200950  3.2320730160498960e+02
    1.600000   0.04958315  1.3176392105879219e+02
    1.600000   0.11381403  8.7467016172400989e+01
    1.600000   0.17842421  4.4976825261997661e+01
    1.600000   0.24312010  1.9606797381596333e+01
    1.600000   0.30784849  7.9867526513928064e+00
    1.600000   0.37259260  3.3946953507953985e+00
    1.600000   0.43734549  1.6835396944966730e+00
    1.600000   0.50210377  1.0202359616547423e+00
    1.600000   0.56686560  7.1850413955000680e-01
    1.600000   0.63162987  5.4519561672860117e-01
    1.600000   0.69639591  4.2537272718459812e-01
    1.600000   0.76116325  3.3482017455961710e-01
    1.600000   0.82593158  2.6449501130473058e-01
    1.600000   0.89070068  2.0972060671544962e-01
    1.600000   0.95547037  1.6721011767940877e-01
    1.600000   1.02024053  1.3434577588133967e-01
    1.600000   1.08501108  1.0901809479656599e-01
    1.600000   1.14978193  8.9564561998970893e-02
    1.600000   1.21455301  7.4709338837842254e-02
    1.600000   1.27932429  6.3497043943247705e-02
    1.600000   1.34409571  5.5229156601233113e-02
    1.600000   1.40886724  4.9409505551959852e-02
    1.600000   1.47363885  4.5701461875313855e-02
    1.600000   1.53841049  4.3897029647659867e-02
    1.600000   1.60318216  4.3897028364776262e-02
    1.600000   1.66795381  4.5701458274660774e-02
    1.600000   1.73272541  4.9409500472184287e-02
    1.600000   1.79749694  5.5229151783841038e-02
    1.600000   1.86226837  6.3497042656903702e-02
    1.600000   1.92703964  7.4709347008301508e-02
    1.600000   1.99181073  8.9564590206708636e-02
    1.600000   2.05658157  1.0901816180807347e-01
    1.600000   2.12135212  1.3434591494515127e-01
    1.600000   2.18612229  1.6721038789067533e-01
    1.600000   2.25089198  2.0972111382544245e-01
    1.600000   2.31566107  2.6449594642117097e-01
    1.600000   2.38042940  3.3482188729184220e-01
    1.600000   2.44519674  4.2537586613479295e-01
    1.600000   2.50996278  5.4520140340697509e-01
    1.600000   2.57472706  7.1851490887285985e-01
    1.600000   2.63948889  1.0202562345624508e+00
    1.600000   2.70424717  1.6835782917013509e+00
    1.600000   2.76900006  3.3947694229093757e+00
    1.600000   2.83374417  7.9868946937627268e+00
    1.600000   2.89847256  1.9607064708964195e+01
    1.600000   2.96316844  4.4977303033195426e+01
    1.600000   3.02777863  8.7467784910577095e+01
    1.600000   3.09200950  1.3176495947934819e+02
    1.650000   0.04958315  5.8077400059938881e+01
    1.650000   0.11381403  4.0817853337759104e+01
    1.650000   0.17842421  2.2911631688764018e+01
    1.650000   0.24312010  1.1111920222711912e+01
    1.650000   0.30784849  5.1124495364186320e+00
    1.650000   0.37259260  2.4744828452201637e+00
    1.650000   0.43734549  1.3718217961238148e+00
    1.650000   0.50210377  8.8646795801780365e-01
    1.650000   0.56686560  6.3782068489474752e-01
    1.650000   0.63162987  4.8428177391936816e-01
    1.650000   0.69639591  3.7573327090458014e-01
    1.650000   0.76116325  2.9387633290163567e-01
    1.650000   0.82593158  2.3082255973264032e-01
    1.650000   0.89070068  1.8208821762206945e-01
    1.650000   0.95547037  1.4448975847086162e-01
    1.650000   1.02024053  1.1555192430691692e-01
    1.650000   1.08501108  9.3326832586403688e-02
    1.650000   1.14978193  7.6304202270005742e-02
    1.650000   1.21455301  6.3336602832446132e-02
    1.650000   1.27932429  5.3569760074683392e-02
    1.650000   1.34409571  4.6380994279847272e-02
    1.650000   1.40886724  4.1328636221077554e-02
    1.650000   1.47363885  3.8113181026201606e-02
    1.650000   1.53841049  3.6549577336818365e-02
    1.650000   1.60318216  3.6549576413316673e-02
    1.650000   1.66795381  3.8113178445375206e-02
    1.650000   1.73272541  4.1328632624821268e-02
    1.650000   1.79749694  4.6380991002477300e-02
    1.650000   1.86226837  5.3569759622579934e-02
    1.650000   1.92703964  6.3336609750299894e-02
    1.650000   1.99181073  7.6304224667541276e-02
    1.650000   2.05658157  9.3326884825823173e-02
    1.650000   2.12135212  1.1555203176747710e-01
    1.650000   2.18612229  1.4448996608584816e-01
    1.650000   2.25089198  1.8208860536166310e-01
    1.650000   2.31566107  2.3082327104392800e-01
    1.650000   2.38042940  2.9387762761073599e-01
    1.650000   2.44519674  3.7573562475547539e-01
    1.650000   2.50996278  4.8428606752697168e-01
    1.650000   2.57472706  6.3782856377468022e-01
    1.650000   2.63948889  8.8648251461042815e-01
    1.650000   2.70424717  1.3718488313799262e+00
    1.650000   2.76900006  2.4745330667123970e+00
    1.650000   2.83374417  5.1125418790550423e+00
    1.650000   2.89847256  1.1112085148074401e+01
    1.650000   2.96316844  2.2911909092783933e+01
    1.650000   3.02777863  4.0818273410294651e+01
    1.650000   3.09200950  5.8077942923060903e+01
    1.700000   0.04958315  2.7538943883644656e+01
    1.700000   0.11381403  2.0319339555554421e+01
    1.700000   0.17842421  1.2336497712885235e+01
    1.700000   0.24312010  6.6148435296157899e+00
    1.700000   0.30784849  3.4168733829522395e+00
    1.700000   0.37259260  1.8582349298530485e+00
    1.700000   0.43734549  1.1281844594605142e+00
    1.700000   0.50210377  7.6586797276670027e-01
    1.700000   0.56686560  5.6048091655550070e-01
    1.700000   0.63162987  4.2616737155367557e-01
    1.700000   0.69639591  3.2940296215338916e-01
    1.700000   0.76116325  2.5640311201470600e-01
    1.700000   0.82593158  2.0044906923115269e-01
    1.700000   0.89070068  1.5742937426589868e-01
    1.700000   0.95547037  1.2438402156480503e-01
    1.700000   1.02024053  9.9037926704702850e-02
    1.700000   1.08501108  7.9625857279790782e-02
    1.700000   1.14978193  6.4793471764722277e-02
    1.700000   1.21455301  5.3518653067779157e-02
    1.700000   1.27932429  4.5043315826740621e-02
    1.700000   1.34409571  3.8815945669719722e-02
    1.700000   1.40886724  3.4445639832523092e-02
    1.700000   1.47363885  3.1667343290801370e-02
    1.700000   1.53841049  3.0317259286921444e-02
    1.700000   1.60318216  3.0317258638001481e-02
    1.700000   1.66795381  3.1667341488707264e-02
    1.700000   1.73272541  3.4445637367120509e-02
    1.700000   1.79749694  3.8815943560121732e-02
    1.700000   1.86226837  4.5043315988250926e-02
    1.700000   1.92703964  5.3518658973022479e-02
    1.700000   1.99181073  6.4793489604925758e-02
    1.700000   2.05658157  7.9625897999638456e-02
    1.700000   2.12135212  9.9038009588306483e-02
    1.700000   2.18612229  1.2438418061093437e-01
    1.700000   2.25089198  1.5742966963461782e-01
    1.700000   2.31566107  2.0044960800065081e-01
    1.700000   2.38042940  2.5640408615993276e-01
    1.700000   2.44519674  3.2940471850878789e-01
    1.700000   2.50996278  4.2617054104555319e-01
    1.700000   2.57472706  5.6048665183565549e-01
    1.700000   2.63948889  7.6587837764781941e-01
    1.700000   2.70424717  1.1282033337415232e+00
    1.700000   2.76900006  1.8582689512682706e+00
    1.700000   2.83374417  3.4169336310649010e+00
    1.700000   2.89847256  6.6149464042848134e+00
    1.700000   2.96316844  1.2336662366147262e+01
    1.700000   3.02777863  2.0319577388796507e+01
    1.700000   3.09200950  2.7539241245377536e+01
    1.750000   0.04958315  1.4037312137184188e+01
    1.750000   0.11381403  1.0817131377705403e+01
    1.750000   0.17842421  7.0593085831504228e+00
    1.750000   0.24312010  4.1583455692736973e+00
    1.750000   0.30784849  2.3874815077649263e+00
    1.750000   0.37259260  1.4335964775064864e+00
    1.750000   0.43734549  9.3474133724008368e-01
    1.750000   0.50210377  6.5872126510472118e-01
    1.750000   0.56686560  4.8859382008311725e-01
    1.750000   0.63162987  3.7218328183815413e-01
    1.750000   0.69639591  2.8696710606062759e-01
    1.750000   0.76116325  2.2255628856679596e-01
    1.750000   0.82593158  1.7331915786150687e-01
    1.750000   0.89070068  1.3559528540046822e-01
    1.750000   0.95547037  1.0670850805857188e-01
    1.750000   1.02024053  8.4610607976180460e-02
    1.750000   1.08501108  6.7724940266487496e-02
    1.750000   1.14978193  5.4849629838439745e-02
    1.750000   1.21455301  4.5081400903740743e-02
    1.750000   1.27932429  3.7751848313356311e-02
    1.750000   1.34409571  3.2375187843889111e-02
    1.750000   1.40886724  2.8607174300780004e-02
    1.750000   1.47363885  2.6214338511394087e-02
    1.750000   1.53841049  2.5052351950931192e-02
    1.750000   1.60318216  2.5052351509564398e-02
    1.750000   1.66795381  2.6214337297335133e-02
    1.750000   1.73272541  2.8607172686833972e-02
    1.750000   1.79749694  3.2375186606102065e-02
    1.750000   1.86226837  3.7751848910634336e-02
    1.750000   1.92703964  4.5081405980360367e-02
    1.750000   1.99181073  5.4849644103543427e-02
    1.750000   2.05658157  6.7724972027793179e-02
    1.750000   2.12135212  8.4610671825861850e-02
    1.750000   2.18612229  1.0670862960974029e-01
    1.750000   2.25089198  1.3559550970370646e-01
    1.750000   2.31566107  1.7331956446662911e-01
    1.750000   2.38042940  2.2255701862116892e-01
    1.750000   2.44519674  2.8696841116740607e-01
    1.750000   2.50996278  3.7218561184907073e-01
    1.750000   2.57472706  4.8859797884952810e-01
    1.750000   2.63948889  6.5872867888260478e-01
    1.750000   2.70424717  9.3475449072111394e-01
    1.750000   2.76900006  1.4336195409471693e+00
    1.750000   2.83374417  2.3875210063658363e+00
    1.750000   2.89847256  4.1584104579843677e+00
    1.750000   2.96316844  7.0594082655391430e+00
    1.750000   3.02777863  1.0817270066241157e+01
    1.750000   3.09200950  1.4037481189931556e+01
    1.800000   0.04958315  7.6998000521276673e+00
    1.800000   0.11381403  6.1734898961899782e+00
    1.800000   0.17842421  4.3056884325791911e+00
    1.800000   0.24312010  2.7625921448585951e+00
    1.800000   0.30784849  1.7384372599273270e+00
    1.800000   0.37259260  1.1309036027021984e+00
    1.800000   0.43734549  7.7865736459192714e-01
    1.800000   0.50210377  5.6443235939929082e-01
    1.800000   0.56686560  4.2316548784712654e-01
    1.800000   0.63162987  3.2298523618563557e-01
    1.800000   0.69639591  2.4864779643790816e-01
    1.800000   0.76116325  1.9230187519315955e-01
    1.800000   0.82593158  1.4927895992485307e-01
    1.800000   0.89070068  1.1638705904611933e-01
    1.800000   0.95547037  9.1255176510596184e-02
    1.800000   1.02024053  7.2068205505024213e-02
    1.800000   1.08501108  5.7434182529484852e-02
    1.800000   1.14978193  4.6295738682852833e-02
    1.800000   1.21455301  3.7860015271478926e-02
    1.800000   1.27932429  3.1540971640600240e-02
    1.800000   1.34409571  2.6912805431479243e-02
    1.800000   1.40886724  2.3673708652149249e-02
    1.800000   1.47363885  2.1618898800186581e-02
    1.800000   1.53841049  2.0621719916132507e-02
    1.800000   1.60318216  2.0621719629789918e-02
    1.800000   1.66795381  2.1618898024652996e-02
    1.800000   1.73272541  2.3673707670392424e-02
    1.800000   1.79749694  2.6912804832775118e-02
    1.800000   1.86226837  3.1540972532822953e-02
    1.800000   1.92703964  3.7860019661588022e-02
    1.800000   1.99181073  4.6295750140347515e-02
    1.800000   2.05658157  5.7434207337635164e-02
    1.800000   2.12135212  7.2068254663960538e-02
    1.800000   2.18612229  9.1255269240530443e-02
    1.800000   2.25089198  1.1638722894700865e-01
    1.800000   2.31566107  1.4927926585262444e-01
    1.800000   2.38042940  1.9230242049782956e-01
    1.800000   2.44519674  2.4864876290837706e-01
    1.800000   2.50996278  3.2298694338056266e-01
    1.800000   2.57472706  4.2316849464260681e-01
    1.800000   2.63948889  5.6443763082938669e-01
    1.800000   2.70424717  7.7866652536519265e-01
    1.800000   2.76900006  1.1309192652213111e+00
    1.800000   2.83374417  1.7384632974716907e+00
    1.800000   2.89847256  2.7626335183175028e+00
    1.800000   2.96316844  4.3057498530808278e+00
    1.800000   3.02777863  6.1735728021459639e+00
    1.800000   3.09200950  7.6998991082016310e+00
    1.850000   0.04958315  4.5453923535514758e+00
    1.850000   0.11381403  3.7773233071205237e+00
    1.850000   0.17842421  2.7957901986045699e+00
    1.850000   0.24312010  1.9318136589258221e+00
    1.850000   0.30784849  1.3108912347266670e+00
    1.850000   0.37259260  9.0750467363857279e-01
    1.850000   0.43734549  6.5091815627274474e-01
    1.850000   0.50210377  4.8201863073000539e-01
    1.850000   0.56686560  3.6450897776019320e-01
    1.850000   0.63162987  2.7878360435316552e-01
    1.850000   0.69639591  2.1442803205336927e-01
    1.850000   0.76116325  1.6548574881841061e-01
    1.850000   0.82593158  1.2811725643621602e-01
    1.850000   0.89070068  9.9581120847001769e-02
    1.850000   0.95547037  7.7808582198115137e-02
    1.850000   1.02024053  6.1210960494439540e-02
    1.850000   1.08501108  4.8570975413289738e-02
    1.850000   1.14978193  3.8965205155996718e-02
    1.850000   1.21455301  3.1701808240572858e-02
    1.850000   1.27932429  2.6269509938102283e-02
    1.850000   1.34409571  2.2296721936556949e-02
    1.850000   1.40886724  1.9519912138036808e-02
    1.850000   1.47363885  1.7760150885658792e-02
    1.850000   1.53841049  1.6906706660112944e-02
    1.850000   1.60318216  1.6906706487976025e-02
    1.850000   1.66795381  1.7760150432446511e-02
    1.850000   1.73272541  1.9519911617989581e-02
    1.850000   1.79749694  2.2296721795924363e-02
    1.850000   1.86226837  2.6269511015748405e-02
    1.850000   1.92703964  3.1701812055042737e-02
    1.850000   1.99181073  3.8965214404173332e-02
    1.850000   2.05658157  4.8570994831301895e-02
    1.850000   2.12135212  6.1210998345820673e-02
    1.850000   2.18612229  7.7808652854725061e-02
    1.850000   2.25089198  9.9581249278979586e-02
    1.850000   2.31566107  1.2811748603394171e-01
    1.850000   2.38042940  1.6548615499476782e-01
    1.850000   2.44519674  2.1442874573216902e-01
    1.850000   2.50996278  2.7878485190771124e-01
    1.850000   2.57472706  3.6451114696784714e-01
    1.850000   2.63948889  4.8202237406294701e-01
    1.850000   2.70424717  6.5092453742391765e-01
    1.850000   2.76900006  9.0751533610245394e-01
    1.850000   2.83374417  1.3109084975412084e+00
    1.850000   2.89847256  1.9318403096838315e+00
    1.850000   2.96316844  2.7958286392428100e+00
    1.850000   3.02777863  3.7773739219221749e+00
    1.850000   3.09200950  4.5454518637499168e+00
    1.900000   0.04958315  2.8782613522164522e+00
    1.900000   0.11381403  2.4677286634176983e+00
    1.900000   0.17842421  1.9215239450046637e+00
    1.900000   0.24312010  1.4112273814307383e+00
    1.900000   0.30784849  1.0161068186453486e+00
    1.900000   0.37259260  7.3728417855139916e-01
    1.900000   0.43734549  5.4519772084672158e-01
    1.900000   0.50210377  4.1036277845593638e-01
    1.900000   0.56686560  3.1251722017648126e-01
    1.900000   0.63162987  2.3950601603317032e-01
    1.900000   0.69639591  1.8414056827011061e-01
    1.900000   0.76116325  1.4188287607242359e-01
    1.900000   0.82593158  1.0959391151048586e-01
    1.900000   0.89070068  8.4946355996333309e-02
    1.900000   0.95547037  6.6156544932072403e-02
    1.900000   1.02024053  5.1847864149133290e-02
    1.900000   1.08501108  4.0964251107581860e-02
    1.900000   1.14978193  3.2704377377889886e-02
    1.900000   1.21455301  2.6467702333217605e-02
    1.900000   1.27932429  2.1810180405960018e-02
    1.900000   1.34409571  1.8408838421718466e-02
    1.900000   1.40886724  1.6034425672485291e-02
    1.900000   1.47363885  1.4531159998752867e-02
    1.900000   1.53841049  1.3802569442503168e-02
    1.900000   1.60318216  1.3802569353119841e-02
    1.900000   1.66795381  1.4531159778333259e-02
    1.900000   1.73272541  1.6034425482851354e-02
    1.900000   1.79749694  1.8408838599942485e-02
    1.900000   1.86226837  2.1810181585459422e-02
    1.900000   1.92703964  2.6467705659606214e-02
    1.900000   1.99181073  3.2704384882495358e-02
    1.900000   2.05658157  4.0964266349045327e-02
    1.900000   2.12135212  5.1847893315211127e-02
    1.900000   2.18612229  6.6156598734534208e-02
    1.900000   2.25089198  8.4946452932607136e-02
    1.900000   2.31566107  1.0959408347008062e-01
    1.900000   2.38042940  1.4188317792291447e-01
    1.900000   2.44519674  1.8414109405975501e-01
    1.900000   2.50996278  2.3950692579835664e-01
    1.900000   2.57472706  3.1251878266417332e-01
    1.900000   2.63948889  4.1036543488253419e-01
    1.900000   2.70424717  5.4520216910513031e-01
    1.900000   2.76900006  7.3729145778402094e-01
    1.900000   2.83374417  1.0161183298112633e+00
    1.900000   2.89847256  1.4112447124719605e+00
    1.900000   2.96316844  1.9215483387056040e+00
    1.900000   3.02777863  2.4677601263065694e+00
    1.900000   3.09200950  2.8782978614814554e+00
    1.950000   0.04958315  1.9404673148035596e+00
    1.950000   0.11381403  1.7073101896840324e+00
    1.950000   0.17842421  1.3852551286991881e+00
    1.950000   0.24312010  1.0673108645717346e+00
    1.950000   0.30784849  8.0388393996060192e-01
    1.950000   0.37259260  6.0407010735055922e-01
    1.950000   0.43734549  4.5699071552135528e-01
    1.950000   0.50210377  3.4833653876876525e-01
    1.950000   0.56686560  2.6684043917038608e-01
    1.950000   0.63162987  2.0490925486979736e-01
    1.950000   0.69639591  1.5752985318453355e-01
    1.950000   0.76116325  1.2123124670532484e-01
    1.950000   0.82593158  9.3458985099696162e-02
    1.950000   0.89070068  7.2255247961160757e-02
    1.950000   0.95547037  5.6096796430614229e-02
    1.950000   1.02024053  4.3800632337761179e-02
    1.950000   1.08501108  3.4456780588511593e-02
    1.950000   1.14978193  2.7373743103928712e-02
    1.950000   1.21455301  2.2032684020457018e-02
    1.950000   1.27932429  1.8049532977687462e-02
    1.950000   1.34409571  1.5144618768975306e-02
    1.950000   1.40886724  1.3119209417299979e-02
    1.950000   1.47363885  1.1838130927736275e-02
    1.950000   1.53841049  1.1217610411331552e-02
    1.950000   1.60318216  1.1217610380681847e-02
    1.950000   1.66795381  1.1838130871761032e-02
    1.950000   1.73272541  1.3119209457959276e-02
    1.950000   1.79749694  1.5144619160258945e-02
    1.950000   1.86226837  1.8049534196620837e-02
    1.950000   1.92703964  2.2032686928877086e-02
    1.950000   1.99181073  2.7373749227368696e-02
    1.950000   2.05658157  3.4456792592845203e-02
    1.950000   2.12135212  4.3800654842414889e-02
    1.950000   2.18612229  5.6096837395561296e-02
    1.950000   2.25089198  7.2255321049317922e-02
    1.950000   2.31566107  9.3459113684119979e-02
    1.950000   2.38042940  1.2123147060725702e-01
    1.950000   2.44519674  1.5753023982424194e-01
    1.950000   2.50996278  2.0490991722424176e-01
    1.950000   2.57472706  2.6684156339843362e-01
    1.950000   2.63948889  3.4833842348223654e-01
    1.950000   2.70424717  4.5699381988388821e-01
    1.950000   2.76900006  6.0407509198846976e-01
    1.950000   2.83374417  8.0389165886016900e-01
    1.950000   2.89847256  1.0673222340859299e+00
    1.950000   2.96316844  1.3852707995212585e+00
    1.950000   3.02777863  1.7073300538627656e+00
    1.950000   3.09200950  1.9404901149013523e+00
    2.000000   0.04958315  1.3782093318173143e+00
    2.000000   0.11381403  1.2376702623318372e+00
    2.000000   0.17842421  1.0368026032147908e+00
    2.000000   0.24312010  8.2842482962081210e-01
    2.000000   0.30784849  6.4525476298143691e-01
    2.000000   0.37259260  4.9762843569622156e-01
    2.000000   0.43734549  3.8300489286270473e-01
    2.000000   0.50210377  2.9485866105403791e-01
    2.000000   0.56686560  2.2699956153260994e-01
    2.000000   0.63162987  1.7465457245531679e-01
    2.000000   0.69639591  1.3429422916853301e-01
    2.000000   0.76116325  1.0325470186145938e-01
    2.000000   0.82593158  7.9465181894841169e-02
    2.000000   0.89070068  6.1290779414471121e-02
    2.000000   0.95547037  4.7440810148497256e-02
    2.000000   1.02024053  3.6905746532312537e-02
    2.000000   1.08501108  2.8906115457381993e-02
    2.000000   1.14978193  2.2848164030422530e-02
    2.000000   1.21455301  1.8285566522932940e-02
    2.000000   1.27932429  1.4887392717415286e-02
    2.000000   1.34409571  1.2412314164935769e-02
    2.000000   1.40886724  1.0688622964305904e-02
    2.000000   1.47363885  9.5994001491977073e-03
    2.000000   1.53841049  9.0721269871633196e-03
    2.000000   1.60318216  9.0721269970761124e-03
    2.000000   1.66795381  9.5994002059996801e-03
    2.000000   1.73272541  1.0688623159729748e-02
    2.000000   1.79749694  1.2412314689934995e-02
    2.000000   1.86226837  1.4887393930334792e-02
    2.000000   1.92703964  1.8285569070374822e-02
    2.000000   1.99181073  2.2848169054834593e-02
    2.000000   2.05658157  2.8906124950104632e-02
    2.000000   2.12135212  3.6905763932078749e-02
    2.000000   2.18612229  4.7440841353908768e-02
    2.000000   2.25089198  6.1290834490736676e-02
    2.000000   2.31566107  7.9465277931298831e-02
    2.000000   2.38042940  1.0325486769819889e-01
    2.000000   2.44519674  1.3429451305772605e-01
    2.000000   2.50996278  1.7465505407528248e-01
    2.000000   2.57472706  2.2700036983256289e-01
    2.000000   2.63948889  2.9485999840202759e-01
    2.000000   2.70424717  3.8300706232243958e-01
    2.000000   2.76900006  4.9763185965295709e-01
    2.000000   2.83374417  6.4525996662924079e-01
    2.000000   2.89847256  8.2843234822109790e-01
    2.000000   2.96316844  1.0368127804760503e+00
    2.000000   3.02777863  1.2376829739093664e+00
    2.000000   3.09200950  1.3782237889762092e+00
    2.050000   0.04958315  1.0194409831641167e+00
    2.050000   0.11381403  9.2986182551733421e-01
    2.050000   0.17842421  7.9791566644465872e-01
    2.050000   0.24312010  6.5504013133665207e-01
    2.050000   0.30784849  5.2304262152145431e-01
    2.050000   0.37259260  4.1127903932227960e-01
    2.050000   0.43734549  3.2075712938931145e-01
    2.050000   0.50210377  2.4892048096417657e-01
    2.050000   0.56686560  1.9245774084697667e-01
    2.050000   0.63162987  1.4835742933689247e-01
    2.050000   0.69639591  1.1411406830729880e-01
    2.050000   0.76116325  8.7677884385884836e-02
    2.050000   0.82593158  6.7375638470771437e-02
    2.050000   0.89070068  5.1850409709350141e-02
    2.050000   0.95547037  4.0015709064665318e-02
    2.050000   1.02024053  3.1015188459826728e-02
    2.050000   1.08501108  2.4184623911819695e-02
    2.050000   1.14978193  1.9016476173756982e-02
    2.050000   1.21455301  1.5128308983454060e-02
    2.050000   1.27932429  1.2235993783893909e-02
    2.050000   1.34409571  1.0131974858607579e-02
    2.050000   1.40886724  8.6683583935674453e-03
    2.050000   1.47363885  7.7443219617586451e-03
    2.050000   1.53841049  7.2972760902084164e-03
    2.050000   1.60318216  7.2972761270815121e-03
    2.050000   1.66795381  7.7443220927061436e-03
    2.050000   1.73272541  8.6683586874649471e-03
    2.050000   1.79749694  1.0131975458718157e-02
    2.050000   1.86226837  1.2235994958770294e-02
    2.050000   1.92703964  1.5128311216955660e-02
    2.050000   1.99181073  1.9016480319108742e-02
    2.050000   2.05658157  2.4184631452371302e-02
    2.050000   2.12135212  3.1015201948363477e-02
    2.050000   2.18612229  4.0015732860685937e-02
    2.050000   2.25089198  5.1850451209399941e-02
    2.050000   2.31566107  6.7375710142241835e-02
    2.050000   2.38042940  8.7678007077507961e-02
    2.050000   2.44519674  1.1411427650701939e-01
    2.050000   2.50996278  1.4835777920400381e-01
    2.050000   2.57472706  1.9245832173398153e-01
    2.050000   2.63948889  2.4892143024496705e-01
    2.050000   2.70424717  3.2075864778700430e-01
    2.050000   2.76900006  4.1128139845621853e-01
    2.050000   2.83374417  5.2304614716340025e-01
    2.050000   2.89847256  6.5504513970393108e-01
    2.050000   2.96316844  7.9792234010229768e-01
    2.050000   3.02777863  9.2987005616876883e-01
    2.050000   3.09200950  1.0194502714094984e+00
    2.100000   0.04958315  7.7706023857038731e-01
    2.100000   0.11381403  7.1705176927276648e-01
    2.100000   0.17842421  6.2637228661294642e-01
    2.100000   0.24312010  5.2460761646646492e-01
    2.100000   0.30784849  4.2670483879156124e-01
    2.100000   0.37259260  3.4049217750142147e-01
    2.100000   0.43734549  2.6831275947197342e-01
    2.100000   0.50210377  2.0959587379001940e-01
    2.100000   0.56686560  1.6266483284126154e-01
    2.100000   0.63162987  1.2561971528251489e-01
    2.100000   0.69639591  9.6670077128882814e-02
    2.100000   0.76116325  7.4235696531915099e-02
    2.100000   0.82593158  5.6968505422495611e-02
    2.100000   0.89070068  4.3748077447789017e-02
    2.100000   0.95547037  3.3664897815179222e-02
    2.100000   1.02024053  2.5996323675027487e-02
    2.100000   1.08501108  2.0178949652953714e-02
    2.100000   1.14978193  1.5780698802633976e-02
    2.100000   1.21455301  1.2475074137611054e-02
    2.100000   1.27932429  1.0018944334539958e-02
    2.100000   1.34409571  8.2343583668981965e-03
    2.100000   1.40886724  6.9943146971258568e-03
    2.100000   1.47363885  6.2121241383759828e-03
    2.100000   1.53841049  5.8339214627522841e-03
    2.100000   1.60318216  5.8339215165256692e-03
    2.100000   1.66795381  6.2121243149466949e-03
    2.100000   1.73272541  6.9943150481318649e-03
    2.100000   1.79749694  8.2343589996239572e-03
    2.100000   1.86226837  1.0018945449798426e-02
    2.100000   1.92703964  1.2475076096576212e-02
    2.100000   1.99181073  1.5780702240834627e-02
    2.100000   2.05658157  2.0178955672341722e-02
    2.100000   2.12135212  2.5996334165631720e-02
    2.100000   2.18612229  3.3664915990780669e-02
    2.100000   2.25089198  4.3748108731109396e-02
    2.100000   2.31566107  5.6968558890430475e-02
    2.100000   2.38042940  7.4235787231480374e-02
    2.100000   2.44519674  9.6670229683145620e-02
    2.100000   2.50996278  1.2561996925947649e-01
    2.100000   2.57472706  1.6266525019323660e-01
    2.100000   2.63948889  2.0959654794732396e-01
    2.100000   2.70424717  2.6831382385157143e-01
    2.100000   2.76900006  3.4049380776889276e-01
    2.100000   2.83374417  4.2670723868801769e-01
    2.100000   2.89847256  5.2461097477707908e-01
    2.100000   2.96316844  6.2637670048985117e-01
    2.100000   3.02777863  7.1705715366246914e-01
    2.100000   3.09200950  7.7706627434789666e-01
    2.150000   0.04958315  6.0510263619855542e-01
    2.150000   0.11381403  5.6318048540612076e-01
    2.150000   0.17842421  4.9848706643369761e-01
    2.150000   0.24312010  4.2375379065581159e-01
    2.150000   0.30784849  3.4950065633111344e-01
    2.150000   0.37259260  2.8206535155698464e-01
    2.150000   0.43734549  2.2411983909010233e-01
    2.150000   0.50210377  1.7604368840000043e-01
    2.150000   0.56686560  1.3708448568639447e-01
    2.150000   0.63162987  1.0605011342516366e-01
    2.150000   0.69639591  8.1654822034256974e-02
    2.150000   0.76116325  6.2678977584900888e-02
    2.150000   0.82593158  4.8039358799397115e-02
    2.150000   0.89070068  3.6814896860659814e-02
    2.150000   0.95547037  2.8247874510807926e-02
    2.150000   1.02024053  2.1731255774171915e-02
    2.150000   1.08501108  1.6789127120852582e-02
    2.150000   1.14978193  1.3055024584585982e-02
    2.150000   1.21455301  1.0251154264761246e-02
    2.150000   1.27932429  8.1701214782319911e-03
    2.150000   1.34409571  6.6598113950704693e-03
    2.150000   1.40886724  5.6114757877133072e-03
    2.150000   1.47363885  4.9507858446292208e-03
    2.150000   1.53841049  4.6315122525276047e-03
    2.150000   1.60318216  4.6315123158670478e-03
    2.150000   1.66795381  4.9507860460803492e-03
    2.150000   1.73272541  5.6114761659483200e-03
    2.150000   1.79749694  6.6598120303049627e-03
    2.150000   1.86226837  8.1701225203200945e-03
    2.150000   1.92703964  1.0251155982655715e-02
    2.150000   1.99181073  1.3055027450435370e-02
    2.150000   2.05658157  1.6789131951089414e-02
    2.150000   2.12135212  2.1731263964450624e-02
    2.150000   2.18612229  2.8247888424387319e-02
    2.150000   2.25089198  3.6814920464162001e-02
    2.150000   2.31566107  4.8039398688440399e-02
    2.150000   2.38042940  6.2679044602902176e-02
    2.150000   2.44519674  8.1654933744633076e-02
    2.150000   2.50996278  1.0605029770069921e-01
    2.150000   2.57472706  1.3708478551438341e-01
    2.150000   2.63948889  1.7604416745165327e-01
    2.150000   2.70424717  2.2412058636421567e-01
    2.150000   2.76900006  2.8206648129509354e-01
    2.150000   2.83374417  3.4950229695589274e-01
    2.150000   2.89847256  4.2375605597491028e-01
    2.150000   2.96316844  4.9849000801400284e-01
    2.150000   3.02777863  5.6318403973080966e-01
    2.150000   3.09200950  6.0510659754960605e-01
    2.200000   0.04958315  4.7821880737931266e-01
    2.200000   0.11381403  4.4792524281393681e-01
    2.200000   0.17842421  4.0038413381171239e-01
    2.200000   0.24312010  3.4418982734336073e-01
    2.200000   0.30784849  2.8692234496678209e-01
    2.200000   0.37259260  2.3363930763153071e-01
    2.200000   0.43734549  1.8690390719928082e-01
    2.200000   0.50210377  1.4750644411747330e-01
    2.200000   0.56686560  1.1521004441929848e-01
    2.200000   0.63162987  8.9276498188641473e-02
    2.200000   0.69639591  6.8779622635939466e-02
    2.200000   0.76116325  5.2777607088299011e-02
    2.200000   0.82593158  4.0402162698695399e-02
    2.200000   0.89070068  3.0899011170428450e-02
    2.200000   0.95547037  2.3639536651641247e-02
    2.200000   1.02024053  1.8115873437743478e-02
    2.200000   1.08501108  1.3927514375172995e-02
    2.200000   1.14978193  1.0764710196566257e-02
    2.200000   1.21455301  8.3918547212923390e-03
    2.200000   1.27932429  6.6325639726929116e-03
    2.200000   1.34409571  5.3571776742556377e-03
    2.200000   1.40886724  4.4728335658944475e-03
    2.200000   1.47363885  3.9159725215544890e-03
    2.200000   1.53841049  3.6470242729489274e-03
    2.200000   1.60318216  3.6470243406015916e-03
    2.200000   1.66795381  3.9159727330816078e-03
    2.200000   1.73272541  4.4728339502410116e-03
    2.200000   1.79749694  5.3571782913254410e-03
    2.200000   1.86226837  6.6325649341110980e-03
    2.200000   1.92703964  8.3918562268854458e-03
    2.200000   1.99181073  1.0764712596213765e-02
    2.200000   2.05658157  1.3927518272163120e-02
    2.200000   2.12135212  1.8115879859962845e-02
    2.200000   2.18612229  2.3639547332598185e-02
    2.200000   2.25089198  3.0899029005138461e-02
    2.200000   2.31566107  4.0402192470715699e-02
    2.200000   2.38042940  5.2777656600555924e-02
    2.200000   2.44519674  6.8779704405597455e-02
    2.200000   2.50996278  8.9276631847985469e-02
    2.200000   2.57472706  1.1521025982137285e-01
    2.200000   2.63948889  1.4750678474174916e-01
    2.200000   2.70424717  1.8690443262454146e-01
    2.200000   2.76900006  2.3364009255119023e-01
    2.200000   2.83374417  2.8692347092952686e-01
    2.200000   2.89847256  3.4419136357597818e-01
    2.200000   2.96316844  4.0038610746001407e-01
    2.200000   3.02777863  4.4792760774323626e-01
    2.200000   3.09200950  4.7822142989062633e-01
    2.250000   0.04958315  3.8174994466822693e-01
    2.250000   0.11381403  3.5927787327204658e-01
    2.250000   0.17842421  3.2354043253594644e-01
    2.250000   0.24312010  2.8052926555972157e-01
    2.250000   0.30784849  2.3581539521027187e-01
    2.250000   0.37259260  1.9341085780935793e-01
    2.250000   0.43734549  1.5560032707385985e-01
    2.250000   0.50210377  1.2330703616130907e-01
    2.250000   0.56686560  9.6573229968682089e-02
    2.250000   0.63162987  7.4953003605135418e-02
    2.250000   0.69639591  5.7778303236387989e-02
    2.250000   0.76116325  4.4321872566426494e-02
    2.250000   0.82593158  3.3889281221594784e-02
    2.250000   0.89070068  2.5864919529189317e-02
    2.250000   0.95547037  1.9729194547519882e-02
    2.250000   1.02024053  1.5058740406987460e-02
    2.250000   1.08501108  1.1517652102368428e-02
    2.250000   1.14978193  8.8449470459821666e-03
    2.250000   1.21455301  6.8413940566278897e-03
    2.250000   1.27932429  5.3574066768957611e-03
    2.250000   1.34409571  4.2827649192680988e-03
    2.250000   1.40886724  3.5383817367595854e-03
    2.250000   1.47363885  3.0700486692366463e-03
    2.250000   1.53841049  2.8439825697129115e-03
    2.250000   1.60318216  2.8439826380019474e-03
    2.250000   1.66795381  3.0700488805297842e-03
    2.250000   1.73272541  3.5383821127220583e-03
    2.250000   1.79749694  4.2827655046019002e-03
    2.250000   1.86226837  5.3574075546240175e-03
    2.250000   1.92703964  6.8413953749057350e-03
    2.250000   1.99181073  8.8449490634408441e-03
    2.250000   2.05658157  1.1517655263615881e-02
    2.250000   2.12135212  1.5058745467045080e-02
    2.250000   2.18612229  1.9729202774760736e-02
    2.250000   2.25089198  2.5864933031747063e-02
    2.250000   2.31566107  3.3889303462222464e-02
    2.250000   2.38042940  4.4321909152114695e-02
    2.250000   2.44519674  5.7778363080549899e-02
    2.250000   2.50996278  7.4953100534746450e-02
    2.250000   2.57472706  9.6573384733220663e-02
    2.250000   2.63948889  1.2330727851136196e-01
    2.250000   2.70424717  1.5560069702976853e-01
    2.250000   2.76900006  1.9341140445636426e-01
    2.250000   2.83374417  2.3581617069347649e-01
    2.250000   2.89847256  2.8053031233860742e-01
    2.250000   2.96316844  3.2354176467111900e-01
    2.250000   3.02777863  3.5927945779740122e-01
    2.250000   3.09200950  3.8175169403540821e-01
    2.300000   0.04958315  3.0678282384524580e-01
    2.300000   0.11381403  2.8977941504964660e-01
    2.300000   0.17842421  2.6245563887035905e-01
    2.300000   0.24312010  2.2910108691871417e-01
    2.300000   0.30784849  1.9387702980769750e-01
    2.300000   0.37259260  1.5995964978512378e-01
    2.300000   0.43734549  1.2930959997892405e-01
    2.300000   0.50210377  1.0284428562367845e-01
    2.300000   0.56686560  8.0748136161010925e-02
    2.300000   0.63162987  6.2763541186281593e-02
    2.300000   0.69639591  4.8408830341867742e-02
    2.300000   0.76116325  3.7122682200696151e-02
    2.300000   0.82593158  2.8350881490692877e-02
    2.300000   0.89070068  2.1592491810721530e-02
    2.300000   0.95547037  1.6419434821713531e-02
    2.300000   1.02024053  1.2479927476651645e-02
    2.300000   1.08501108  9.4931194309155857e-03
    2.300000   1.14978193  7.2397631387321080e-03
    2.300000   1.21455301  5.5518576548186926e-03
    2.300000   1.27932429  4.3028834361895528e-03
    2.300000   1.34409571  3.3993901626986961e-03
    2.300000   1.40886724  2.7741944633242620e-03
    2.300000   1.47363885  2.3811793431584953e-03
    2.300000   1.53841049  2.1915745161845655e-03
    2.300000   1.60318216  2.1915745826152880e-03
    2.300000   1.66795381  2.3811795472767497e-03
    2.300000   1.73272541  2.7741948213594867e-03
    2.300000   1.79749694  3.3993907080040438e-03
    2.300000   1.86226837  4.3028842304452765e-03
    2.300000   1.92703964  5.5518588076614262e-03
    2.300000   1.99181073  7.2397648408829658e-03
    2.300000   2.05658157  9.4931220091677929e-03
    2.300000   2.12135212  1.2479931484096398e-02
    2.300000   2.18612229  1.6419441183994375e-02
    2.300000   2.25089198  2.1592502059395040e-02
    2.300000   2.31566107  2.8350898127500281e-02
    2.300000   2.38042940  3.7122709248773082e-02
    2.300000   2.44519674  4.8408874142959850e-02
    2.300000   2.50996278  6.2763611477606479e-02
    2.300000   2.57472706  8.0748247376122087e-02
    2.300000   2.63948889  1.0284445815813251e-01
    2.300000   2.70424717  1.2930986080244922e-01
    2.300000   2.76900006  1.5996003130960487e-01
    2.300000   2.83374417  1.9387756559439520e-01
    2.300000   2.89847256  2.2910180320946294e-01
    2.300000   2.96316844  2.6245654274439068e-01
    2.300000   3.02777863  2.8978048318468835e-01
    2.300000   3.09200950  3.0678399851904659e-01
    2.350000   0.04958315  2.4761321022377084e-01
    2.350000   0.11381403  2.3455712426477471e-01
    2.350000   0.17842421  2.1340354861878472e-01
    2.350000   0.24312010  1.8728970275379545e-01
    2.350000   0.30784849  1.5936419567333093e-01
    2.350000   0.37259260  1.3214102164761340e-01
    2.350000   0.43734549  1.0726662278747107e-01
    2.350000   0.50210377  8.5587784576457798e-02
    2.350000   0.56686560  6.7352198160448712e-02
    2.350000   0.63162987  5.2422970213077652e-02
    2.350000   0.69639591  4.0453544872910696e-02
    2.350000   0.76116325  3.1011023776839352e-02
    2.350000   0.82593158  2.3653961487047983e-02
    2.350000   0.89070068  1.7975815165640095e-02
    2.350000   0.95547037  1.3624927709926562e-02
    2.350000   1.02024053  1.0309850133679119e-02
    2.350000   1.08501108  7.7964307520673650e-03
    2.350000   1.14978193  5.9009869402282889e-03
    2.350000   1.21455301  4.4822261994224332e-03
    2.350000   1.27932429  3.4334127526312683e-03
    2.350000   1.34409571  2.6755128003343688e-03
    2.350000   1.40886724  2.1515957001451221e-03
    2.350000   1.47363885  1.8225239963341193e-03
    2.350000   1.53841049  1.6638559984692924e-03
    2.350000   1.60318216  1.6638560614247410e-03
    2.350000   1.66795381  1.8225241888342168e-03
    2.350000   1.73272541  2.1515960343693940e-03
    2.350000   1.79749694  2.6755133011831709e-03
    2.350000   1.86226837  3.4334134659001875e-03
    2.350000   1.92703964  4.4822272061121448e-03
    2.350000   1.99181073  5.9009883806574329e-03
    2.350000   2.05658157  7.7964328657917133e-03
    2.350000   2.12135212  1.0309853324737186e-02
    2.350000   2.18612229  1.3624932652022251e-02
    2.350000   2.25089198  1.7975822968727847e-02
    2.350000   2.31566107  2.3653973954837346e-02
    2.350000   2.38042940  3.1011043791500222e-02
    2.350000   2.44519674  4.0453576942213389e-02
    2.350000   2.50996278  5.2423021192771264e-02
    2.350000   2.57472706  6.7352278097625271e-02
    2.350000   2.63948889  8.5587907477965186e-02
    2.350000   2.70424717  1.0726680688325492e-01
    2.350000   2.76900006  1.3214128843599265e-01
    2.350000   2.83374417  1.5936456688626310e-01
    2.350000   2.89847256  1.8729019472468800e-01
    2.350000   2.96316844  2.1340416473954096e-01
    2.350000   3.02777863  2.3455784813839689e-01
    2.350000   3.09200950  2.4761400355667013e-01
    2.400000   0.04958315  2.0040576561363621e-01
    2.400000   0.11381403  1.9027172584314475e-01
    2.400000   0.17842421  1.7374480326158026e-01
    2.400000   0.24312010  1.5315828222507463e-01
    2.400000   0.30784849  1.3091880368940398e-01
    2.400000   0.37259260  1.0901742542815643e-01
    2.400000   0.43734549  8.8818439701245672e-02
    2.400000   0.50210377  7.1072327937885954e-02
    2.400000   0.56686560  5.6045224983123088e-02
    2.400000   0.63162987  4.3676738557958811e-02
    2.400000   0.69639591  3.3718479200381062e-02
    2.400000   0.76116325  2.5836947973876170e-02
    2.400000   0.82593158  1.9681162549189571e-02
    2.400000   0.89070068  1.4921968278319493e-02
    2.400000   0.95547037  1.1271238556859480e-02
    2.400000   1.02024053  8.4881512166492326e-03
    2.400000   1.08501108  6.3779995388565519e-03
    2.400000   1.14978193  4.7872901460359911e-03
    2.400000   1.21455301  3.5974894513745265e-03
    2.400000   1.27932429  2.7187720899391650e-03
    2.400000   1.34409571  2.0844578645471939e-03
    2.400000   1.40886724  1.6464194155459441e-03
    2.400000   1.47363885  1.3715214196101219e-03
    2.400000   1.53841049  1.2390487380229275e-03
    2.400000   1.60318216  1.2390487965296046e-03
    2.400000   1.66795381  1.3715215978768193e-03
    2.400000   1.73272541  1.6464197227403744e-03
    2.400000   1.79749694  2.0844583192879997e-03
    2.400000   1.86226837  2.7187727262288682e-03
    2.400000   1.92703964  3.5974903289820587e-03
    2.400000   1.99181073  4.7872913679747357e-03
    2.400000   2.05658157  6.3780012802619884e-03
    2.400000   2.12135212  8.4881537718234819e-03
    2.400000   2.18612229  1.1271242414745549e-02
    2.400000   2.25089198  1.4921974241229805e-02
    2.400000   2.31566107  1.9681171914673369e-02
    2.400000   2.38042940  2.5836962803173005e-02
    2.400000   2.44519674  3.3718502694157000e-02
    2.400000   2.50996278  4.3676775541515320e-02
    2.400000   2.57472706  5.6045282453907178e-02
    2.400000   2.63948889  7.1072415530326727e-02
    2.400000   2.70424717  8.8818569771882877e-02
    2.400000   2.76900006  1.0901761229570861e-01
    2.400000   2.83374417  1.3091906150542143e-01
    2.400000   2.89847256  1.5315862122223842e-01
    2.400000   2.96316844  1.7374522491994249e-01
    2.400000   3.02777863  1.9027221868014149e-01
    2.400000   3.09200950  2.0040630408385846e-01
    2.450000   0.04958315  1.6246374629231225e-01
    2.450000   0.11381403  1.5453533707613337e-01
    2.450000   0.17842421  1.4153703787483710e-01
    2.450000   0.24312010  1.2522706267310724e-01
    2.450000   0.30784849  1.0745950263713615e-01
    2.450000   0.37259260  8.9812633697361727e-02
    2.450000   0.43734549  7.3407259865832367e-02
    2.450000   0.50210377  5.8892153021801050e-02
    2.450000   0.56686560  4.6527230410200272e-02
    2.450000   0.63162987  3.6299554646703362e-02
    2.450000   0.69639591  2.8032099541793642e-02
    2.450000   0.76116325  2.1468269252753011e-02
    2.450000   0.82593158  1.6329475783031910e-02
    2.450000   0.89070068  1.2349786679712246e-02
    2.450000   0.95547037  9.2936813944587589e-03
    2.450000   1.02024053  6.9626516006706142e-03
    2.450000   1.08501108  5.1951828760068083e-03
    2.450000   1.14978193  3.8633168977481960e-03
    2.450000   1.21455301  2.8678485803071761e-03
    2.450000   1.27932429  2.1333610001289319e-03
    2.450000   1.34409571  1.6037275479035408e-03
    2.450000   1.40886724  1.2383572410658798e-03
    2.450000   1.47363885  1.0092613902892413e-03
    2.450000   1.53841049  8.9892391493228557e-04
    2.450000   1.60318216  8.9892396848131634e-04
    2.450000   1.66795381  1.0092615530239023e-03
    2.450000   1.73272541  1.2383575199174431e-03
    2.450000   1.79749694  1.6037279568315611e-03
    2.450000   1.86226837  2.1333615644012942e-03
    2.450000   1.92703964  2.8678493439926434e-03
    2.450000   1.99181073  3.8633179363257199e-03
    2.450000   2.05658157  5.1951843171728291e-03
    2.450000   2.12135212  6.9626536581509392e-03
    2.450000   2.18612229  9.2936844220308634e-03
    2.450000   2.25089198  1.2349791255678364e-02
    2.450000   2.31566107  1.6329482838542114e-02
    2.450000   2.38042940  2.1468280259104144e-02
    2.450000   2.44519674  2.8032116768627022e-02
    2.450000   2.50996278  3.6299581488374949e-02
    2.450000   2.57472706  4.6527271741768246e-02
    2.450000   2.63948889  5.8892215478996292e-02
    2.450000   2.70424717  7.3407351844913482e-02
    2.450000   2.76900006  8.9812764771305856e-02
    2.450000   2.83374417  1.0745968206920135e-01
    2.450000   2.89847256  1.2522729691272655e-01
    2.450000   2.96316844  1.4153732744171763e-01
    2.450000   3.02777863  1.5453567394977874e-01
    2.450000   3.09200950  1.6246411334791877e-01
    2.500000   0.04958315  1.3181736653569787e-01
    2.500000   0.11381403  1.2557859421327899e-01
    2.500000   0.17842421  1.1530603885208694e-01
    2.500000   0.24312010  1.0233807618529923e-01
    2.500000   0.30784849  8.8111887555440679e-02
    2.500000   0.37259260  7.3879670929820784e-02
    2.500000   0.43734549  6.0556856577487828e-02
    2.500000   0.50210377  4.8695166336464188e-02
    2.500000   0.56686560  3.8535562602770017e-02
    2.500000   0.63162987  3.0093477152563917e-02
    2.500000   0.69639591  2.3243711145174491e-02
    2.500000   0.76116325  1.7789118850368428e-02
    2.500000   0.82593158  1.3508916817577132e-02
    2.500000   0.89070068  1.0188660312164912e-02
    2.500000   0.95547037  7.6362373455291796e-03
    2.500000   1.02024053  5.6883810052092950e-03
    2.500000   1.08501108  4.2114122978909319e-03
    2.500000   1.14978193  3.0989008380863945e-03
    2.500000   1.21455301  2.2680056025784542e-03
    2.500000   1.27932429  1.6555496585272163e-03
    2.500000   1.34409571  1.2143962017697046e-03
    2.500000   1.40886724  9.1038785773425604e-04
    2.500000   1.47363885  7.1993677456033678e-04
    2.500000   1.53841049  6.2826556834072380e-04
    2.500000   1.60318216  6.2826561675239344e-04
    2.500000   1.66795381  7.1993692139341427e-04
    2.500000   1.73272541  9.1038810826109240e-04
    2.500000   1.79749694  1.2143965664998561e-03
    2.500000   1.86226837  1.6555501562735635e-03
    2.500000   1.92703964  2.2680062658302306e-03
    2.500000   1.99181073  3.0989017220569713e-03
    2.500000   2.05658157  4.2114134954426476e-03
    2.500000   2.12135212  5.6883826710658328e-03
    2.500000   2.18612229  7.6362397348351541e-03
    2.500000   2.25089198  1.0188663840469774e-02
    2.500000   2.31566107  1.3508922151277790e-02
    2.500000   2.38042940  1.7789127037358285e-02
    2.500000   2.44519674  2.3243723792391192e-02
    2.500000   2.50996278  3.0093496645855609e-02
    2.500000   2.57472706  3.8535592338764448e-02
    2.500000   2.63948889  4.8695210890317982e-02
    2.500000   2.70424717  6.0556921666773872e-02
    2.500000   2.76900006  7.3879762976509014e-02
    2.500000   2.83374417  8.8112012651931818e-02
    2.500000   2.89847256  1.0233823841934438e-01
    2.500000   2.96316844  1.1530623828702243e-01
    2.500000   3.02777863  1.2557882525652267e-01
    2.500000   3.09200950  1.3181761765823502e-01
    2.550000   0.04958315  1.0698300508556509e-01
    2.550000   0.11381403  1.0205301486639408e-01
    2.550000   0.17842421  9.3906125060212953e-02
    2.550000   0.24312010  8.3569154177788846e-02
    2.550000   0.30784849  7.2161431320149655e-02
    2.550000   0.37259260  6.0677255833423094e-02
    2.550000   0.43734549  4.9861258337898035e-02
    2.550000   0.50210377  4.0177303314526194e-02
    2.550000   0.56686560  3.1841675741855001e-02
    2.550000   0.63162987  2.4885689710387408e-02
    2.550000   0.69639591  1.9221691795394322e-02
    2.550000   0.76116325  1.4698443228419957e-02
    2.550000   0.82593158  1.1141219152408939e-02
    2.550000   0.89070068  8.3773894028320653e-03
    2.550000   0.95547037  6.2505504522654921e-03
    2.550000   1.02024053  4.6266938540102430e-03
    2.550000   1.08501108  3.3954113000628870e-03
    2.550000   1.14978193  2.4683675245581317e-03
    2.550000   1.21455301  1.7765355998552159e-03
    2.550000   1.27932429  1.2671072567816916e-03
    2.550000   1.34409571  9.0058244566211445e-04
    2.550000   1.40886724  6.4828122763692494e-04
    2.550000   1.47363885  4.9036887659693862e-04
    2.550000   1.53841049  4.1440641925857288e-04
    2.550000   1.60318216  4.1440646258032434e-04
    2.550000   1.66795381  4.9036900779677478e-04
    2.550000   1.73272541  6.4828145075706374e-04
    2.550000   1.79749694  9.0058276866058888e-04
    2.550000   1.86226837  1.2671076937102758e-03
    2.550000   1.92703964  1.7765361746843635e-03
    2.550000   1.99181073  2.4683682776281911e-03
    2.550000   2.05658157  3.3954122987333293e-03
    2.550000   2.12135212  4.6266952099251833e-03
    2.550000   2.18612229  6.2505523487879043e-03
    2.550000   2.25089198  8.3773921375421920e-03
    2.550000   2.31566107  1.1141223200766251e-02
    2.550000   2.38042940  1.4698449334866375e-02
    2.550000   2.44519674  1.9221701095525585e-02
    2.550000   2.50996278  2.4885703879314009e-02
    2.550000   2.57472706  3.1841697145534344e-02
    2.550000   2.63948889  4.0177335109669643e-02
    2.550000   2.70424717  4.9861304424991676e-02
    2.550000   2.76900006  6.0677320533555533e-02
    2.550000   2.83374417  7.2161518657600551e-02
    2.550000   2.89847256  8.3569266756974556e-02
    2.550000   2.96316844  9.3906262749598263e-02
    2.550000   3.02777863  1.0205317377131250e-01
    2.550000   3.09200950  1.0698317741591376e-01
    2.600000   0.04958315  8.6816521415715914e-02
    2.600000   0.11381403  8.2908733187344166e-02
    2.600000   0.17842421  7.6431289599343949e-02
    2.600000   0.24312010  6.8176795551431510e-02
    2.600000   0.30784849  5.9020256923244259e-02
    2.600000   0.37259260  4.9751732450545955e-02
    2.600000   0.43734549  4.0975101517272704e-02
    2.600000   0.50210377  3.3077134222737233e-02
    2.600000   0.56686560  2.6247778832346687e-02
    2.600000   0.63162987  2.0526144795488931e-02
    2.600000   0.69639591  1.5851668359124930e-02
    2.600000   0.76116325  1.2108512109473604e-02
    2.600000   0.82593158  9.1585793341900975e-03
    2.600000   0.89070068  6.8631142877776169e-03
    2.600000   0.95547037  5.0950067540714884e-03
    2.600000   1.02024053  3.7444704844224693e-03
    2.600000   1.08501108  2.7204966297479484e-03
    2.600000   1.14978193  1.9499174066530207e-03
    2.600000   1.21455301  1.3753357628821963e-03
    2.600000   1.27932429  9.5270358082976357e-04
    2.600000   1.34409571  6.4899127207073413e-04
    2.600000   1.40886724  4.4017029005156543e-04
    2.600000   1.47363885  3.0959850521104678e-04
    2.600000   1.53841049  2.4682852053511646e-04
    2.600000   1.60318216  2.4682855896573745e-04
    2.600000   1.66795381  3.0959862146716073e-04
    2.600000   1.73272541  4.4017048726283477e-04
    2.600000   1.79749694  6.4899155630912726e-04
    2.600000   1.86226837  9.5270396264111098e-04
    2.600000   1.92703964  1.3753362599848796e-03
    2.600000   1.99181073  1.9499180485033239e-03
    2.600000   2.05658157  2.7204974650916528e-03
    2.600000   2.12135212  3.7444715935458770e-03
    2.600000   2.18612229  5.0950082682470416e-03
    2.600000   2.25089198  6.8631164192942259e-03
    2.600000   2.31566107  9.1585824210945795e-03
    2.600000   2.38042940  1.2108516679067342e-02
    2.600000   2.44519674  1.5851675212083662e-02
    2.600000   2.50996278  2.0526155106148254e-02
    2.600000   2.57472706  2.6247794247707221e-02
    2.600000   2.63948889  3.3077156921564106e-02
    2.600000   2.70424717  4.0975134164177210e-02
    2.600000   2.76900006  4.9751777960509842e-02
    2.600000   2.83374417  5.9020317964783540e-02
    2.600000   2.89847256  6.8176873791990500e-02
    2.600000   2.96316844  7.6431384843568762e-02
    2.600000   3.02777863  8.2908842725929799e-02
    2.600000   3.09200950  8.6816639968944648e-02
    2.650000   0.04958315  7.0419972982109932e-02
    2.650000   0.11381403  6.7315509250658920e-02
    2.650000   0.17842421  6.2156105139467961e-02
    2.650000   0.24312010  5.5556491348929614e-02
    2.650000   0.30784849  4.8202656798508464e-02
    2.650000   0.37259260  4.0722715294137866e-02
    2.650000   0.43734549  3.3605274146901551e-02
    2.650000   0.50210377  2.7170798377353637e-02
    2.650000   0.56686560  2.1583520513488854e-02
    2.650000   0.63162987  1.6885202075767221e-02
    2.650000   0.69639591  1.3034714687197165e-02
    2.650000   0.76116325  9.9434792235174770e-03
    2.650000   0.82593158  7.5024750981790064e-03
    2.650000   0.89070068  5.6003276170104753e-03
    2.650000   0.95547037  4.1338979365542674e-03
    2.650000   1.02024053  3.0134010821559298e-03
    2.650000   1.08501108  2.1639585324804171e-03
    2.650000   1.14978193  1.5250833130666772e-03
    2.650000   1.21455301  1.0491445218443814e-03
    2.650000   1.27932429  6.9947666305294803e-04
    2.650000   1.34409571  4.4851884388305259e-04
    2.650000   1.40886724  2.7618272830319182e-04
    2.650000   1.47363885  1.6853532645272839e-04
    2.650000   1.53841049  1.1682128997139855e-04
    2.650000   1.60318216  1.1682132380501226e-04
    2.650000   1.66795381  1.6853542871627069e-04
    2.650000   1.73272541  2.7618290144824876e-04
    2.650000   1.79749694  4.4851909258716995e-04
    2.650000   1.86226837  6.9947699528309496e-04
    2.650000   1.92703964  1.0491449507404615e-03
    2.650000   1.99181073  1.5250838601429850e-03
    2.650000   2.05658157  2.1639592329407886e-03
    2.650000   2.12135212  3.0134019935357005e-03
    2.650000   2.18612229  4.1338991524420554e-03
    2.650000   2.25089198  5.6003292882016165e-03
    2.650000   2.31566107  7.5024774640593981e-03
    2.650000   2.38042940  9.9434826562885721e-03
    2.650000   2.44519674  1.3034719749827792e-02
    2.650000   2.50996278  1.6885209589908072e-02
    2.650000   2.57472706  2.1583531624429119e-02
    2.650000   2.63948889  2.7170814588729091e-02
    2.650000   2.70424717  3.3605297280777012e-02
    2.650000   2.76900006  4.0722747321106895e-02
    2.650000   2.83374417  4.8202699494127588e-02
    2.650000   2.89847256  5.5556545785652466e-02
    2.650000   2.96316844  6.2156171119902015e-02
    2.650000   3.02777863  6.7315584892145425e-02
    2.650000   3.09200950  7.0420054697701531e-02
    2.700000   0.04958315  5.7079648901107422e-02
    2.700000   0.11381403  5.4609427305658084e-02
    2.700000   0.17842421  5.0494695773687703e-02
    2.700000   0.24312010  4.5214009246601135e-02
    2.700000   0.30784849  3.9306383024011744e-02
    2.700000   0.37259260  3.3271383593721393e-02
    2.700000   0.43734549  2.7503623713463345e-02
    2.700000   0.50210377  2.2267320350515565e-02
    2.700000   0.56686560  1.7702814040133019e-02
    2.700000   0.63162987  1.3851344417082195e-02
    2.700000   0.69639591  1.0685622858175540e-02
    2.700000   0.76116325  8.1380236317310610e-03
    2.700000   0.82593158  6.1225689244009491e-03
    2.700000   0.89070068  4.5499723576455714e-03
    2.700000   0.95547037  3.3366679118331595e-03
    2.700000   1.02024053  2.4093479455749799e-03
    2.700000   1.08501108  1.7065140933142577e-03
    2.700000   1.14978193  1.1782558380239885e-03
    2.700000   1.21455301  7.8512379935512992e-04
    2.700000   1.27932429  4.9665940767963071e-04
    2.700000   1.34409571  2.8991285799847633e-04
    2.700000   1.40886724  1.4812570418710461e-04
    2.700000   1.47363885  5.9658432772741367e-05
    2.700000   1.53841049  1.7189879232951318e-05
    2.700000   1.60318216  1.7189908818304363e-05
    2.700000   1.66795381  5.9658522140697328e-05
    2.700000   1.73272541  1.4812585528384121e-04
    2.700000   1.79749694  2.8991307446918189e-04
    2.700000   1.86226837  4.9665969559522854e-04
    2.700000   1.92703964  7.8512416850890290e-04
    2.700000   1.99181073  1.1782563041513772e-03
    2.700000   2.05658157  1.7065146817999885e-03
    2.700000   2.12135212  2.4093486975058595e-03
    2.700000   2.18612229  3.3366688936288242e-03
    2.700000   2.25089198  4.5499736759023615e-03
    2.700000   2.31566107  6.1225707478540416e-03
    2.700000   2.38042940  8.1380262220270821e-03
    2.700000   2.44519674  1.0685626609814107e-02
    2.700000   2.50996278  1.3851349903499526e-02
    2.700000   2.57472706  1.7702822056465770e-02
    2.700000   2.63948889  2.2267331933840704e-02
    2.700000   2.70424717  2.7503640110280326e-02
    2.700000   2.76900006  3.3271406138349210e-02
    2.700000   2.83374417  3.9306412901333063e-02
    2.700000   2.89847256  4.5214047149369177e-02
    2.700000   2.96316844  5.0494741528286029e-02
    2.700000   3.02777863  5.4609479605493234e-02
    2.700000   3.09200950  5.7079705304944064e-02
    2.750000   0.04958315  4.6223151218432325e-02
    2.750000   0.11381403  4.4255421363467759e-02
    2.750000   0.17842421  4.0971108584943731e-02
    2.750000   0.24312010  3.6743852055654863e-02
    2.750000   0.30784849  3.1997925670601057e-02
    2.750000   0.37259260  2.7130764329148047e-02
    2.750000   0.43734549  2.2460579008242020e-02
    2.750000   0.50210377  1.8204337319768445e-02
    2.750000   0.56686560  1.4480867115816226e-02
    2.750000   0.63162987  1.1329024361494810e-02
    2.750000   0.69639591  8.7312805895576780e-03
    2.750000   0.76116325  6.6360883611424597e-03
    2.750000   0.82593158  4.9757032003390584e-03
    2.750000   0.89070068  3.6786255350460930e-03
    2.750000   0.95547037  2.6772387818726098e-03
    2.750000   1.02024053  1.9117806822362686e-03
    2.750000   1.08501108  1.3318273585192024e-03
    2.750000   1.14978193  8.9626991308767133e-04
    2.750000   1.21455301  5.7249755235531073e-04
    2.750000   1.27932429  3.3525837797482267e-04
    2.750000   1.34409571  1.6548174738540493e-04
    2.750000   1.40886724  4.9216928309387210e-05
    2.750000   1.47363885 -2.3238424462861374e-05
    2.750000   1.53841049 -5.7992631370714536e-05
    2.750000   1.60318216 -5.7992605659299334e-05
    2.750000   1.66795381 -2.3238346830347611e-05
    2.750000   1.73272541  4.9217059430660724e-05
    2.750000   1.79749694  1.6548193487426471e-04
    2.750000   1.86226837  3.3525862650745443e-04
    2.750000   1.92703964  5.7249786928223142e-04
    2.750000   1.99181073  8.9627030995083823e-04
    2.750000   2.05658157  1.3318278536084043e-03
    2.750000   2.12135212  1.9117813047912927e-03
    2.750000   2.18612229  2.6772395787984073e-03
    2.750000   2.25089198  3.6786265812806100e-03
    2.750000   2.31566107  4.9757046141770105e-03
    2.750000   2.38042940  6.6360903256186864e-03
    2.750000   2.44519674  8.7312833799840211e-03
    2.750000   2.50996278  1.1329028376795461e-02
    2.750000   2.57472706  1.4480872906799133e-02
    2.750000   2.63948889  1.8204345600862027e-02
    2.750000   2.70424717  2.2460590632098053e-02
    2.750000   2.76900006  2.7130780200217423e-02
    2.750000   2.83374417  3.1997946581513587e-02
    2.750000   2.89847256  3.6743878455728657e-02
    2.750000   2.96316844  4.0971140332169809e-02
    2.750000   3.02777863  4.4255457552454962e-02
    2.750000   3.09200950  4.6223190185856335e-02
    2.800000   0.04958315  3.7388527752669848e-02
    2.800000   0.11381403  3.5819951791771901e-02
    2.800000   0.17842421  3.3197183386166618e-02
    2.800000   0.24312010  2.9812621699930677e-02
    2.800000   0.30784849  2.6000676382612112e-02
    2.800000   0.37259260  2.2077575654368336e-02
    2.800000   0.43734549  1.8299576763062743e-02
    2.800000   0.50210377  1.4844246712846164e-02
    2.800000   0.56686560  1.1811452785550786e-02
    2.800000   0.63162987  9.2366720174793370e-03
    2.800000   0.69639591  7.1091737154865709e-03
    2.800000   0.76116325  5.3897249726843092e-03
    2.800000   0.82593158  4.0249886907681729e-03
    2.800000   0.89070068  2.9577652677023709e-03
    2.800000   0.95547037  2.1334114556959215e-03
    2.800000   1.02024053  1.5032784544099862e-03
    2.800000   1.08501108  1.0260898512404540e-03
    2.800000   1.14978193  6.6804603382307145e-04
    2.800000   1.21455301  4.0224011529118019e-04
    2.800000   1.27932429  2.0777838620429282e-04
    2.800000   1.34409571  6.8846515858320847e-05
    2.800000   1.40886724 -2.6143998831630060e-05
    2.800000   1.47363885 -8.5262899525310749e-05
    2.800000   1.53841049 -1.1359511715584972e-04
    2.800000   1.60318216 -1.1359509493895806e-04
    2.800000   1.66795381 -8.5262832462668363e-05
    2.800000   1.73272541 -2.6143885641014725e-05
    2.800000   1.79749694  6.8846677484269569e-05
    2.800000   1.86226837  2.0777859991403375e-04
    2.800000   1.92703964  4.0224038665343740e-04
    2.800000   1.99181073  6.6804637134437685e-04
    2.800000   2.05658157  1.0260902681023991e-03
    2.800000   2.12135212  1.5032789713545556e-03
    2.800000   2.18612229  2.1334121056695702e-03
    2.800000   2.25089198  2.9577661030558799e-03
    2.800000   2.31566107  4.0249897939092756e-03
    2.800000   2.38042940  5.3897264709097965e-03
    2.800000   2.44519674  7.1091757999687238e-03
    2.800000   2.50996278  9.2366749646206319e-03
    2.800000   2.57472706  1.1811456975768839e-02
    2.800000   2.63948889  1.4844252637368006e-02
    2.800000   2.70424717  1.8299585004687750e-02
    2.800000   2.76900006  2.2077586826442151e-02
    2.800000   2.83374417  2.6000691016360919e-02
    2.800000   2.89847256  2.9812640087914264e-02
    2.800000   2.96316844  3.3197205417399740e-02
    2.800000   3.02777863  3.5819976840109194e-02
    2.800000   3.09200950  3.7388554684344634e-02
    2.850000   0.04958315  3.0201348886256099e-02
    2.850000   0.11381403  2.8950467349819729e-02
    2.850000   0.17842421  2.6855566045458207e-02
    2.850000   0.24312010  2.4145882982291578e-02
    2.850000   0.30784849  2.1085267048982514e-02
    2.850000   0.37259260  1.7925336894736091e-02
    2.850000   0.43734549  1.4872205111352265e-02
    2.850000   0.50210377  1.2070767883688386e-02
    2.850000   0.56686560  9.6044372730782236e-03
    2.850000   0.63162987  7.5048796439989157e-03
    2.850000   0.69639591  5.7660225805711372e-03
    2.850000   0.76116325  4.3580468302155846e-03
    2.850000   0.82593158  3.2389848346828162e-03
    2.850000   0.89070068  2.3631170597716473e-03
    2.850000   0.95547037  1.6863355181589070e-03
    2.850000   1.02024053  1.1690932477204784e-03
    2.850000   1.08501108  7.7765526279589174e-04
    2.850000   1.14978193  4.8427996459678217e-04
    2.850000   1.21455301  2.6680832373375681e-04
    2.850000   1.27932429  1.0798706333381559e-04
    2.850000   1.34409571 -5.2704220219744510e-06
    2.850000   1.40886724 -8.2569437050152621e-05
    2.850000   1.47363885 -1.3060675735741909e-04
    2.850000   1.53841049 -1.5360565416258431e-04
    2.850000   1.60318216 -1.5360563506956504e-04
    2.850000   1.66795381 -1.3060669973264993e-04
    2.850000   1.73272541 -8.2569339828696218e-05
    2.850000   1.79749694 -5.2702833254136093e-06
    2.850000   1.86226837  1.0798724639414593e-04
    2.850000   1.92703964  2.6680855542659881e-04
    2.850000   1.99181073  4.8428025123609114e-04
    2.850000   2.05658157  7.7765561389891492e-04
    2.850000   2.12135212  1.1690936779608157e-03
    2.850000   2.18612229  1.6863360505452330e-03
    2.850000   2.25089198  2.3631177306115739e-03
    2.850000   2.31566107  3.2389857009537965e-03
    2.850000   2.38042940  4.3580479798285389e-03
    2.850000   2.44519674  5.7660241454589234e-03
    2.850000   2.50996278  7.5048818147035934e-03
    2.850000   2.57472706  9.6044403113101778e-03
    2.850000   2.63948889  1.2070772126283540e-02
    2.850000   2.70424717  1.4872210956053110e-02
    2.850000   2.76900006  1.7925344757371394e-02
    2.850000   2.83374417  2.1085277286032881e-02
    2.850000   2.89847256  2.4145895784952361e-02
    2.850000   2.96316844  2.6855581329737730e-02
    2.850000   3.02777863  2.8950484683784077e-02
    2.850000   3.09200950  3.0201367497367952e-02
    2.900000   0.04958315  2.4357236205262662e-02
    2.900000   0.11381403  2.3359589170726031e-02
    2.900000   0.17842421  2.1686393422605411e-02
    2.900000   0.24312010  1.9517621630045955e-02
    2.900000   0.30784849  1.7061604824208296e-02
    2.900000   0.37259260  1.4518531196484497e-02
    2.900000   0.43734549  1.2053987473501258e-02
    2.900000   0.50210377  9.7859003710114318e-03
    2.900000   0.56686560  7.7835664279691909e-03
    2.900000   0.63162987  6.0747671760493383e-03
    2.900000   0.69639591  4.6565540608081071e-03
    2.900000   0.76116325  3.5062896896384350e-03
    2.900000   0.82593158  2.5909681949734930e-03
    2.900000   0.89070068  1.8740743055247297e-03
    2.900000   0.95547037  1.3200426315932035e-03
    2.900000   1.02024053  8.9676822113379806e-04
    2.900000   1.08501108  5.7672241617239949e-04
    2.900000   1.14978193  3.3717519263685378e-04
    2.900000   1.21455301  1.5991192155313672e-04
    2.900000   1.27932429  3.0714152094634607e-05
    2.900000   1.34409571 -6.1224433747374547e-05
    2.900000   1.40886724 -1.2384760844860051e-04
    2.900000   1.47363885 -1.6269995550146263e-04
    2.900000   1.53841049 -1.8128079779851743e-04
    2.900000   1.60318216 -1.8128078147654859e-04
    2.900000   1.66795381 -1.6269990624140547e-04
    2.900000   1.73272541 -1.2384752535290751e-04
    2.900000   1.79749694 -6.1224315262489151e-05
    2.900000   1.86226837  3.0714308292689335e-05
    2.900000   1.92703964  1.5991211878315159e-04
    2.900000   1.99181073  3.3717543563141104e-04
    2.900000   2.05658157  5.7672271182965305e-04
    2.900000   2.12135212  8.9676857981466063e-04
    2.900000   2.18612229  1.3200430692681417e-03
    2.900000   2.25089198  1.8740748471647154e-03
    2.900000   2.31566107  2.5909688796200495e-03
    2.900000   2.38042940  3.5062905774836022e-03
    2.900000   2.44519674  4.6565552422124651e-03
    2.900000   2.50996278  6.0747687815314181e-03
    2.900000   2.57472706  7.7835686366642051e-03
    2.900000   2.63948889  9.7859034130235046e-03
    2.900000   2.70424717  1.2053991619615526e-02
    2.900000   2.76900006  1.4518536728317296e-02
    2.900000   2.83374417  1.7061611981110274e-02
    2.900000   2.89847256  1.9517630537404681e-02
    2.900000   2.96316844  2.1686404018432880e-02
    2.900000   3.02777863  2.3359601158017627e-02
    2.900000   3.09200950  2.4357249058241760e-02
    2.950000   0.04958315  1.9608275462381222e-02
    2.950000   0.11381403  1.8812703852567874e-02
    2.950000   0.17842421  1.7476693195191111e-02
    2.950000   0.24312010  1.5741688021645647e-02
    2.950000   0.30784849  1.3772264787975566e-02
    2.950000   0.37259260  1.1727656146350587e-02
    2.950000   0.43734549  9.7407375005985498e-03
    2.950000   0.50210377  7.9072537608875591e-03
    2.950000   0.56686560  6.2845028128810428e-03
    2.950000   0.63162987  4.8965253581606310e-03
    2.950000   0.69639591  3.7424059811322664e-03
    2.950000   0.76116325  2.8049753777436900e-03
    2.950000   0.82593158  2.0582839401903472e-03
    2.950000   0.89070068  1.4731873812707642e-03
    2.950000   0.95547037  1.0210376864441802e-03
    2.950000   1.02024053  6.7580542753286981e-04
    2.950000   1.08501108  4.1506099678764507e-04
    2.950000   1.14978193  2.2021289332853729e-04
    2.950000   1.21455301  7.6317294344362179e-05
    2.950000   1.27932429 -2.8319169644400196e-05
    2.950000   1.34409571 -1.0260035902188347e-04
    2.950000   1.40886724 -1.5308083570600165e-04
    2.950000   1.47363885 -1.8434026351701649e-04
    2.950000   1.53841049 -1.9927099255093159e-04
    2.950000   1.60318216 -1.9927097867055544e-04
    2.950000   1.66795381 -1.8434022162250465e-04
    2.950000   1.73272541 -1.5308076503060692e-04
    2.950000   1.79749694 -1.0260025826096340e-04
    2.950000   1.86226837 -2.8319036896913897e-05
    2.950000   1.92703964  7.6317461700731610e-05
    2.950000   1.99181073  2.2021309888651817e-04
    2.950000   2.05658157  4.1506124557987034e-04
    2.950000   2.12135212  6.7580572687116344e-04
    2.950000   2.18612229  1.0210380473438562e-03
    2.950000   2.25089198  1.4731878207395212e-03
    2.950000   2.31566107  2.0582844846893157e-03
    2.950000   2.38042940  2.8049760680511054e-03
    2.950000   2.44519674  3.7424068785510928e-03
    2.950000   2.50996278  4.8965265513771705e-03
    2.950000   2.57472706  6.2845044237121277e-03
    2.950000   2.63948889  7.9072559457379794e-03
    2.950000   2.70424717  9.7407404431669661e-03
    2.950000   2.76900006  1.1727660036969130e-02
    2.950000   2.83374417  1.3772269787310073e-02
    2.950000   2.89847256  1.5741694212193669e-02
    2.950000   2.96316844  1.7476700532168536e-02
    2.950000   3.02777863  1.8812712132581299e-02
    2.950000   3.09200950  1.9608284328357577e-02
    3.000000   0.04958315  1.5752289341716592e-02
    3.000000   0.11381403  1.5118097050415231e-02
    3.000000   0.17842421  1.4051850894815865e-02
    3.000000   0.24312010  1.2664799501969007e-02
    3.000000   0.30784849  1.1086989323214912e-02
    3.000000   0.37259260  9.4450297102471881e-03
    3.000000   0.43734549  7.8454209091175769e-03
    3.000000   0.50210377  6.3657196386793652e-03
    3.000000   0.56686560  5.0530992533167193e-03
    3.000000   0.63162987  3.9281281484884936e-03
    3.000000   0.69639591  2.9911574154637879e-03
    3.000000   0.76116325  2.2291724693271906e-03
    3.000000   0.82593158  1.6217743587376994e-03
    3.000000   0.89070068  1.1457154406976269e-03
    3.000000   0.95547037  7.7794202742457368e-04
    3.000000   1.02024053  4.9737751697170450e-04
    3.000000   1.08501108  2.8577498552032917e-04
    3.000000   1.14978193  1.2795466942291253e-04
    3.000000   1.21455301  1.1680100709021448e-05
    3.000000   1.27932429 -7.2645089320262619e-05
    3.000000   1.34409571 -1.3234062234083503e-04
    3.000000   1.40886724 -1.7280186485934328e-04
    3.000000   1.47363885 -1.9780204789685325e-04
    3.000000   1.53841049 -2.0972568004316234e-04
    3.000000   1.60318216 -2.0972566830126444e-04
    3.000000   1.66795381 -1.9780201245056826e-04
    3.000000   1.73272541 -1.7280180504585866e-04
    3.000000   1.79749694 -1.3234053704896465e-04
    3.000000   1.86226837 -7.2644976969032371e-05
    3.000000   1.92703964  1.1680242228467832e-05
    3.000000   1.99181073  1.2795484288106863e-04
    3.000000   2.05658157  2.8577519462515626e-04
    3.000000   2.12135212  4.9737776689125083e-04
    3.000000   2.18612229  7.7794232570895514e-04
    3.000000   2.25089198  1.1457157987997070e-03
    3.000000   2.31566107  1.6217747943524155e-03
    3.000000   2.38042940  2.2291730097147677e-03
    3.000000   2.44519674  2.9911581017161813e-03
    3.000000   2.50996278  3.9281290402514045e-03
    3.000000   2.57472706  5.0531004327341112e-03
    3.000000   2.63948889  6.3657212113589403e-03
    3.000000   2.70424717  7.8454229990662511e-03
    3.000000   2.76900006  9.4450324456871841e-03
    3.000000   2.83374417  1.1086992811861460e-02
    3.000000   2.89847256  1.2664803798261548e-02
    3.000000   2.96316844  1.4051855967028844e-02
    3.000000   3.02777863  1.5118102759977905e-02
    3.000000   3.09200950  1.5752295446911396e-02
    3.050000   0.04958315  1.2624273907737495e-02
    3.050000   0.11381403  1.2119029866535482e-02
    3.050000   0.17842421  1.1268687802236495e-02
    3.050000   0.24312010  1.0160789144995299e-02
    3.050000   0.30784849  8.8981008004631532e-03
    3.050000   0.37259260  7.5812411251044267e-03
    3.050000   0.43734549  6.2954646781889631e-03
    3.050000   0.50210377  5.1034539208444467e-03
    3.050000   0.56686560  4.0438909982287597e-03
    3.050000   0.63162987  3.1342029629326889e-03
    3.050000   0.69639591  2.3754763144878364e-03
    3.050000   0.76116325  1.7578467571407479e-03
    3.050000   0.82593158  1.2652779540708635e-03
    3.050000   0.89070068  8.7923500396596495e-04
    3.050000   0.95547037  5.8118331244426294e-04
    3.050000   1.02024053  3.5407841098306553e-04
    3.050000   1.08501108  1.8309918234005353e-04
    3.050000   1.14978193  5.5873816372218943e-05
    3.050000   1.21455301 -3.7597124691475623e-05
    3.050000   1.27932429 -1.0517173556751974e-04
    3.050000   1.34409571 -1.5285319619924212e-04
    3.050000   1.40886724 -1.8507153109487200e-04
    3.050000   1.47363885 -2.0492736689745798e-04
    3.050000   1.53841049 -2.1438119251700931e-04
    3.050000   1.60318216 -2.1438118263799024e-04
    3.050000   1.66795381 -2.0492733706668144e-04
    3.050000   1.73272541 -1.8507148073358687e-04
    3.050000   1.79749694 -1.5285312434916166e-04
    3.050000   1.86226837 -1.0517164089312595e-04
    3.050000   1.92703964 -3.7597005465607092e-05
    3.050000   1.99181073  5.5873962325413277e-05
    3.050000   2.05658157  1.8309935779015014e-04
    3.050000   2.12135212  3.5407861959964413e-04
    3.050000   2.18612229  5.8118355937273681e-04
    3.050000   2.25089198  8.7923529681608063e-04
    3.050000   2.31566107  1.2652783044772139e-03
    3.050000   2.38042940  1.7578471830172269e-03
    3.050000   2.44519674  2.3754768429533075e-03
    3.050000   2.50996278  3.1342036335711356e-03
    3.050000   2.57472706  4.0438918658279588e-03
    3.050000   2.63948889  5.1034550560919763e-03
    3.050000   2.70424717  6.2954661642379050e-03
    3.050000   2.76900006  7.5812430479290580e-03
    3.050000   2.83374417  8.8981032321044616e-03
    3.050000   2.89847256  1.0160792121468691e-02
    3.050000   2.96316844  1.1268691301503422e-02
    3.050000   3.02777863  1.2119033794800919e-02
    3.050000   3.09200950  1.2624278102116054e-02
    3.100000   0.04958315  1.0089507872952793e-02
    3.100000   0.11381403  9.6873312285857792e-03
    3.100000   0.17842421  9.0098161486926436e-03
    3.100000   0.24312010  8.1258646336609657e-03
    3.100000   0.30784849  7.1166737482272202e-03
    3.100000   0.37259260  6.0621530182750063e-03
    3.100000   0.43734549  5.0304586797188773e-03
    3.100000   0.50210377  4.0721374133754493e-03
    3.100000   0.56686560  3.2187868077915870e-03
    3.100000   0.63162987  2.4850456345221613e-03
    3.100000   0.69639591  1.8723747867332441e-03
    3.100000   0.76116325  1.3732937527631934e-03
    3.100000   0.82593158  9.7519253472193562e-04
    3.100000   0.89070068  6.6329957367368322e-04
    3.100000   0.95547037  4.2272687164335499e-04
    3.100000   1.02024053  2.3970833906315466e-04
    3.100000   1.08501108  1.0222465715701211e-04
    3.100000   1.14978193  2.1133154460255506e-07
    3.100000   1.21455301 -7.4485855591029261e-05
    3.100000   1.27932429 -1.2828672121305740e-04
    3.100000   1.34409571 -1.6610239302684355e-04
    3.100000   1.40886724 -1.9156058562546150e-04
    3.100000   1.47363885 -2.0720208669593138e-04
    3.100000   1.53841049 -2.1463408981566478e-04
    3.100000   1.60318216 -2.1463408155134714e-04
    3.100000   1.66795381 -2.0720206173168576e-04
    3.100000   1.73272541 -1.9156054345183796e-04
    3.100000   1.79749694 -1.6610233280861186e-04
    3.100000   1.86226837 -1.2828664180601073e-04
    3.100000   1.92703964 -7.4485755555001108e-05
    3.100000   1.99181073  2.1145395321049941e-07
    3.100000   2.05658157  1.0222480404384220e-04
    3.100000   2.12135212  2.3970851305667716e-04
    3.100000   2.18612229  4.2272707623484989e-04
    3.100000   2.25089198  6.6329981383996884e-04
    3.100000   2.31566107  9.7519281794786325e-04
    3.100000   2.38042940  1.3732940905566021e-03
    3.100000   2.44519674  1.8723751966246637e-03
    3.100000   2.50996278  2.4850461423220676e-03
    3.100000   2.57472706  3.2187874495161152e-03
    3.100000   2.63948889  4.0721382357929766e-03
    3.100000   2.70424717  5.0304597380870829e-03
    3.100000   2.76900006  6.0621543698604089e-03
    3.100000   2.83374417  7.1166754410231705e-03
    3.100000   2.89847256  8.1258666915408582e-03
    3.100000   2.96316844  9.0098185566654717e-03
    3.100000   3.02777863  9.6873339236863490e-03
    3.100000   3.09200950  1.0089510746092926e-02
    3.150000   0.04958315  8.0379767675024215e-03
    3.150000   0.11381403  7.7181912883524627e-03
    3.150000   0.17842421  7.1790200253961361e-03
    3.150000   0.24312010  6.4746931365263580e-03
    3.150000   0.30784849  5.6693413665364952e-03
    3.150000   0.37259260  4.8263742541120669e-03
    3.150000   0.43734549  4.0001995059237095e-03
    3.150000   0.50210377  3.2314832478694895e-03
    3.150000   0.56686560  2.5459387603181988e-03
    3.150000   0.63162987  1.9557662746927068e-03
    3.150000   0.69639591  1.4625619090528369e-03
    3.150000   0.76116325  1.0606453079695854e-03
    3.150000   0.82593158  7.4009580809152834e-04
    3.150000   0.89070068  4.8914477079868243e-04
    3.150000   0.95547037  2.9584379249605284e-04
    3.150000   1.02024053  1.4908903869739726e-04
    3.150000   1.08501108  3.9149395896600002e-05
    3.150000   1.14978193 -4.2146680707481097e-05
    3.150000   1.21455301 -1.0143397831554669e-04
    3.150000   1.27932429 -1.4394442966702582e-04
    3.150000   1.34409571 -1.7368506116657978e-04
    3.150000   1.40886724 -1.9361811006714073e-04
    3.150000   1.47363885 -2.0581934677009353e-04
    3.150000   1.53841049 -2.1160221871022286e-04
    3.150000   1.60318216 -2.1160221183892772e-04
    3.150000   1.66795381 -2.0581932600396616e-04
    3.150000   1.73272541 -1.9361807495491391e-04
    3.150000   1.79749694 -1.7368501097399960e-04
    3.150000   1.86226837 -1.4394436340176231e-04
    3.150000   1.92703964 -1.0143389475645886e-04
    3.150000   1.99181073 -4.2146578427791558e-05
    3.150000   2.05658157  3.9149518532493609e-05
    3.150000   2.12135212  1.4908918359890806e-04
    3.150000   2.18612229  2.9584396202808475e-04
    3.150000   2.25089198  4.8914496815547349e-04
    3.150000   2.31566107  7.4009603794988204e-04
    3.150000   2.38042940  1.0606455774938906e-03
    3.150000   2.44519674  1.4625622292556146e-03
    3.150000   2.50996278  1.9557666620017987e-03
    3.150000   2.57472706  2.5459392379494641e-03
    3.150000   2.63948889  3.2314838462859478e-03
    3.150000   2.70424717  4.0002002614002927e-03
    3.150000   2.76900006  4.8263752044462541e-03
    3.150000   2.83374417  5.6693425435141867e-03
    3.150000   2.89847256  6.4746945559905431e-03
    3.150000   2.96316844  7.1790216773934441e-03
    3.150000   3.02777863  7.7181931310582406e-03
    3.150000   3.09200950  8.0379787284563398e-03
    3.200000   0.04958315  6.3798434679220055e-03
    3.200000   0.11381403  6.1259169085409069e-03
    3.200000   0.17842421  5.6974673213921172e-03
    3.200000   0.24312010  5.1371655864129607e-03
    3.200000   0.30784849  4.4956330009321916e-03
    3.200000   0.37259260  3.8231340193247130e-03
    3.200000   0.43734549  3.1630310108029329e-03
    3.200000   0.50210377  2.5479614887223283e-03
    3.200000   0.56686560  1.9987709445918639e-03
    3.200000   0.63162987  1.5255522386672872e-03
    3.200000   0.69639591  1.1298839686838707e-03
    3.200000   0.76116325  8.0744258803855493e-04
    3.200000   0.82593158  5.5041724305588530e-04
    3.200000   0.89070068  3.4943382102245316e-04
    3.200000   0.95547037  1.9491134106489698e-04
    3.200000   1.02024053  7.7905324751300918e-05
    3.200000   1.08501108 -9.4491830683346348e-06
    3.200000   1.14978193 -7.3773156883102998e-05
    3.200000   1.21455301 -1.2045236187359387e-04
    3.200000   1.27932429 -1.5373944983028531e-04
    3.200000   1.34409571 -1.7689440322491136e-04
    3.200000   1.40886724 -1.9232859956640601e-04
    3.200000   1.47363885 -2.0173236564666237e-04
    3.200000   1.53841049 -2.0617544101504632e-04
    3.200000   1.60318216 -2.0617543534013076e-04
    3.200000   1.66795381 -2.0173234848610853e-04
    3.200000   1.73272541 -1.9232857051863995e-04
    3.200000   1.79749694 -1.7689436164012342e-04
    3.200000   1.86226837 -1.5373939483917119e-04
    3.200000   1.92703964 -1.2045229242520167e-04
    3.200000   1.99181073 -7.3773071785730653e-05
    3.200000   2.05658157 -9.4490810202662022e-06
    3.200000   2.12135212  7.7905445165552702e-05
    3.200000   2.18612229  1.9491148145212527e-04
    3.200000   2.25089198  3.4943398338748642e-04
    3.200000   2.31566107  5.5041743020347146e-04
    3.200000   2.38042940  8.0744280422830115e-04
    3.200000   2.44519674  1.1298842205500930e-03
    3.200000   2.50996278  1.5255525363098599e-03
    3.200000   2.57472706  1.9987713025686211e-03
    3.200000   2.63948889  2.5479619264514252e-03
    3.200000   2.70424717  3.1630315517020792e-03
    3.200000   2.76900006  3.8231346880279920e-03
    3.200000   2.83374417  4.4956338183138947e-03
    3.200000   2.89847256  5.1371665629864694e-03
    3.200000   2.96316844  5.6974684507433808e-03
    3.200000   3.02777863  6.1259181632666001e-03
    3.200000   3.09200950  6.3798448004147900e-03
    3.250000   0.04958315  5.0417588626616855e-03
    3.250000   0.11381403  4.8404639493985664e-03
    3.250000   0.17842421  4.5005990680342710e-03
    3.250000   0.24312010  4.0557218042020131e-03
    3.250000   0.30784849  3.5457563486030893e-03
    3.250000   0.37259260  3.0104971040779138e-03
    3.250000   0.43734549  2.4844407909180091e-03
    3.250000   0.50210377  1.9937133645523413e-03
    3.250000   0.56686560  1.5551481675626863e-03
    3.250000   0.63162987  1.1770348879141487e-03
    3.250000   0.69639591  8.6084239070242658e-04
    3.250000   0.76116325  6.0326796890060037e-04
    3.250000   0.82593158  3.9815532957849435e-04
    3.250000   0.89070068  2.3803860550563718e-04
    3.250000   0.95547037  1.1524172182301843e-04
    3.250000   1.02024053  2.2569623601484717e-05
    3.250000   1.08501108 -4.6322788355940771e-05
    3.250000   1.14978193 -9.6788360718513079e-05
    3.250000   1.21455301 -1.3318789425076442e-04
    3.250000   1.27932429 -1.5896823567539665e-04
    3.250000   1.34409571 -1.7677332112903018e-04
    3.250000   1.40886724 -1.8855949394948251e-04
    3.250000   1.47363885 -1.9569828454026739e-04
    3.250000   1.53841049 -1.9905768759518932e-04
    3.250000   1.60318216 -1.9905768294326172e-04
    3.250000   1.66795381 -1.9569827046305317e-04
    3.250000   1.73272541 -1.8855947008849958e-04
    3.250000   1.79749694 -1.7677328690635945e-04
    3.250000   1.86226837 -1.5896819032344480e-04
    3.250000   1.92703964 -1.3318783685362388e-04
    3.250000   1.99181073 -9.6788290261791527e-05
    3.250000   2.05658157 -4.6322703776800937e-05
    3.250000   2.12135212  2.2569723380682110e-05
    3.250000   2.18612229  1.1524183790562271e-04
    3.250000   2.25089198  2.3803873911722607e-04
    3.250000   2.31566107  3.9815548229953134e-04
    3.250000   2.38042940  6.0326814308247665e-04
    3.250000   2.44519674  8.6084259008381494e-04
    3.250000   2.50996278  1.1770351183821011e-03
    3.250000   2.57472706  1.5551484378801066e-03
    3.250000   2.63948889  1.9937136867180056e-03
    3.250000   2.70424717  2.4844411796964188e-03
    3.250000   2.76900006  3.0104975752424249e-03
    3.250000   2.83374417  3.5457569156974074e-03
    3.250000   2.89847256  4.0557224741907009e-03
    3.250000   2.96316844  4.5005998369455668e-03
    3.250000   3.02777863  4.8404647996019247e-03
    3.250000   3.09200950  5.0417597633340520e-03
    3.300000   0.04958315  3.9638513912164030e-03
    3.300000   0.11381403  3.8046002223377719e-03
    3.300000   0.17842421  3.5355732007789635e-03
    3.300000   0.24312010  3.1831395526700579e-03
    3.300000   0.30784849  2.7787520832666846e-03
    3.300000   0.37259260  2.3538685679192835e-03
    3.300000   0.43734549  1.9358763888448615e-03
    3.300000   0.50210377  1.5456300106727544e-03
    3.300000   0.56686560  1.1966671303309813e-03
    3.300000   0.63162987  8.9574763664821821e-04
    3.300000   0.69639591  6.4418016764096432e-04
    3.300000   0.76116325  4.3942889834201954e-04
    3.300000   0.82593158  2.7663479190104858e-04
    3.300000   0.89070068  1.4985189656383364e-04
    3.300000   0.95547037  5.2935566352290661e-05
    3.300000   1.02024053 -1.9893564038517722e-05
    3.300000   1.08501108 -7.3744489027650084e-05
    3.300000   1.14978193 -1.1293456642549106e-04
    3.300000   1.21455301 -1.4098497770496143e-04
    3.300000   1.27932429 -1.6068077703893202e-04
    3.300000   1.34409571 -1.7415891776275243e-04
    3.300000   1.40886724 -1.8300067353091388e-04
    3.300000   1.47363885 -1.8831449186939778e-04
    3.300000   1.53841049 -1.9080174494193734e-04
    3.300000   1.60318216 -1.9080174116092215e-04
    3.300000   1.66795381 -1.8831448041763674e-04
    3.300000   1.73272541 -1.8300065408776347e-04
    3.300000   1.79749694 -1.7415888981249018e-04
    3.300000   1.86226837 -1.6068073989973736e-04
    3.300000   1.92703964 -1.4098493057050209e-04
    3.300000   1.99181073 -1.1293450841793073e-04
    3.300000   2.05658157 -7.3744419257171424e-05
    3.300000   2.12135212 -1.9893481658150658e-05
    3.300000   2.18612229  5.2935662116702666e-05
    3.300000   2.25089198  1.4985200643922669e-04
    3.300000   2.31566107  2.7663491668755079e-04
    3.300000   2.38042940  4.3942903916717387e-04
    3.300000   2.44519674  6.4418032636764672e-04
    3.300000   2.50996278  8.9574781640652053e-04
    3.300000   2.57472706  1.1966673360587657e-03
    3.300000   2.63948889  1.5456302494395149e-03
    3.300000   2.70424717  1.9358766696407079e-03
    3.300000   2.76900006  2.3538689005898178e-03
    3.300000   2.83374417  2.7787524764478731e-03
    3.300000   2.89847256  3.1831400109564641e-03
    3.300000   2.96316844  3.5355737218503648e-03
    3.300000   3.02777863  3.8046007951309190e-03
    3.300000   3.09200950  3.9638519961717987e-03
    3.350000   0.04958315  3.0972676117588601e-03
    3.350000   0.11381403  2.9715824085888788e-03
    3.350000   0.17842421  2.7591632542773308e-03
    3.350000   0.24312010  2.4807077390814037e-03
    3.350000   0.30784849  2.1609600946032679e-03
    3.350000   0.37259260  1.8247432015578366e-03
    3.350000   0.43734549  1.4937493198022183e-03
    3.350000   0.50210377  1.1845731398253817e-03
    3.350000   0.56686560  9.0805403972443505e-04
    3.350000   0.63162987  6.6966373944315073e-04
    3.350000   0.69639591  4.7052829660339430e-04
    3.350000   0.76116325  3.0868730394758930e-04
    3.350000   0.82593158  1.8029877373268587e-04
    3.350000   0.89070068  8.0626810021700346e-05
    3.350000   0.95547037  4.7569155971004436e-06
    3.350000   1.02024053 -5.1945963811361590e-05
    3.350000   1.08501108 -9.3586903227734544e-05
    3.350000   1.14978193 -1.2363910411984170e-04
    3.350000   1.21455301 -1.4493720409342628e-04
    3.350000   1.27932429 -1.5972381458133935e-04
    3.350000   1.34409571 -1.6971954637798648e-04
    3.350000   1.40886724 -1.7619720893687570e-04
    3.350000   1.47363885 -1.8004865204966587e-04
    3.350000   1.53841049 -1.8183796528524937e-04
    3.350000   1.60318216 -1.8183796224240971e-04
    3.350000   1.66795381 -1.8004864282377162e-04
    3.350000   1.73272541 -1.7619719324085261e-04
    3.350000   1.79749694 -1.6971952375063708e-04
    3.350000   1.86226837 -1.5972378441448987e-04
    3.350000   1.92703964 -1.4493716567171104e-04
    3.350000   1.99181073 -1.2363905667319932e-04
    3.350000   2.05658157 -9.3586845993974454e-05
    3.350000   2.12135212 -5.1945896101386811e-05
    3.350000   2.18612229  4.7569943459269925e-06
    3.350000   2.25089198  8.0626900227163603e-05
    3.350000   2.31566107  1.8029887571513540e-04
    3.350000   2.38042940  3.0868741807572105e-04
    3.350000   2.44519674  4.7052842355941416e-04
    3.350000   2.50996278  6.6966388059485119e-04
    3.350000   2.57472706  9.0805419753181387e-04
    3.350000   2.63948889  1.1845733181311676e-03
    3.350000   2.70424717  1.4937495237871813e-03
    3.350000   2.76900006  1.8247434371355335e-03
    3.350000   2.83374417  2.1609603671410758e-03
    3.350000   2.89847256  2.4807080515871095e-03
    3.350000   2.96316844  2.7591636055209574e-03
    3.350000   3.02777863  2.9715827918732158e-03
    3.350000   3.09200950  3.0972680150198237e-03
    3.400000   0.04958315  2.4021614180534945e-03
    3.400000   0.11381403  2.3032529001204595e-03
    3.400000   0.17842421  2.1360309466014180e-03
    3.400000   0.24312010  1.9167178048685987e-03
    3.400000   0.30784849  1.6647461744161891e-03
    3.400000   0.37259260  1.3996615361684837e-03
    3.400000   0.43734549  1.1385990340631940e-03
    3.400000   0.50210377  8.9471756102994240e-04
    3.400000   0.56686560  6.7665420904795392e-04
    3.400000   0.63162987  4.8880333112971241e-04
    3.400000   0.69639591  3.3210448029972827e-04
    3.400000   0.76116325  2.0502870716490991e-04
    3.400000   0.82593158  1.0453148551140767e-04
    3.400000   0.89070068  2.6839909342710450e-05
    3.400000   0.95547037 -3.1973185015406628e-05
    3.400000   1.02024053 -7.5618967120319098e-05
    3.400000   1.08501108 -1.0738833685679331e-04
    3.400000   1.14978193 -1.3006747218566864e-04
    3.400000   1.21455301 -1.4593069232478174e-04
    3.400000   1.27932429 -1.5677691087124826e-04
    3.400000   1.34409571 -1.6398559232976798e-04
    3.400000   1.40886724 -1.6857645843633510e-04
    3.400000   1.47363885 -1.7126347331170659e-04
    3.400000   1.53841049 -1.7249790616999074e-04
    3.400000   1.60318216 -1.7249790374997465e-04
    3.400000   1.66795381 -1.7126346596445897e-04
    3.400000   1.73272541 -1.6857644590479500e-04
    3.400000   1.79749694 -1.6398557420106233e-04
    3.400000   1.86226837 -1.5677688660142698e-04
    3.400000   1.92703964 -1.4593066127564230e-04
    3.400000   1.99181073 -1.3006743367450271e-04
    3.400000   2.05658157 -1.0738829021793575e-04
    3.400000   2.12135212 -7.5618911773704409e-05
    3.400000   2.18612229 -3.1973120531701936e-05
    3.400000   2.25089198  2.6839983197986624e-05
    3.400000   2.31566107  1.0453156877917014e-04
    3.400000   2.38042940  2.0502879976663926e-04
    3.400000   2.44519674  3.3210458220533229e-04
    3.400000   2.50996278  4.8880344261774378e-04
    3.400000   2.57472706  6.7665433101485502e-04
    3.400000   2.63948889  8.9471769524872519e-04
    3.400000   2.70424717  1.1385991832406999e-03
    3.400000   2.76900006  1.3996617036403174e-03
    3.400000   2.83374417  1.6647463633889955e-03
    3.400000   2.89847256  1.9167180172860641e-03
    3.400000   2.96316844  2.1360311819315315e-03
    3.400000   3.02777863  2.3032531545282078e-03
    3.400000   3.09200950  2.4021616844075700e-03
    3.450000   0.04958315  1.8460493216998807e-03
    3.450000   0.11381403  1.7684802964240878e-03
    3.450000   0.17842421  1.6373063167589455e-03
    3.450000   0.24312010  1.4652186318469089e-03
    3.450000   0.30784849  1.2674461057319607e-03
    3.450000   0.37259260  1.0593397050706870e-03
    3.450000   0.43734549  8.5439259642396646e-04
    3.450000   0.50210377  6.6299785832052958e-04
    3.450000   0.56686560  4.9200077728304645e-04
    3.450000   0.63162987  3.4490030321576644e-04
    3.450000   0.69639591  2.2245711671532977e-04
    3.450000   0.76116325  1.2346578485909781e-04
    3.450000   0.82593158  4.5507268196151366e-05
    3.450000   0.89070068 -1.4425217168603482e-05
    3.450000   0.95547037 -5.9467027372620885e-05
    3.450000   1.02024053 -9.2584295011318319e-05
    3.450000   1.08501108 -1.1640861026976937e-04
    3.450000   1.14978193 -1.3316799075813667e-04
    3.450000   1.21455301 -1.4468036088981418e-04
    3.450000   1.27932429 -1.5238249771613050e-04
    3.450000   1.34409571 -1.5737499343235583e-04
    3.450000   1.40886724 -1.6047043809763460e-04
    3.450000   1.47363885 -1.6223708778961477e-04
    3.450000   1.53841049 -1.6303374724768157e-04
    3.450000   1.60318216 -1.6303374535065797e-04
    3.450000   1.66795381 -1.6223708202051451e-04
    3.450000   1.73272541 -1.6047042822637649e-04
    3.450000   1.79749694 -1.5737497908924769e-04
    3.450000   1.86226837 -1.5238247841394049e-04
    3.450000   1.92703964 -1.4468033605706678e-04
    3.450000   1.99181073 -1.3316795978485750e-04
    3.450000   2.05658157 -1.1640857256557897e-04
    3.450000   2.12135212 -9.2584250072885312e-05
    3.450000   2.18612229 -5.9466974852949683e-05
    3.450000   2.25089198 -1.4425156934740990e-05
    3.450000   2.31566107  4.5507336036550951e-05
    3.450000   2.38042940  1.2346585998545623e-04
    3.450000   2.44519674  2.2245719869612142e-04
    3.450000   2.50996278  3.4490039169014552e-04
    3.450000   2.57472706  4.9200087219822860e-04
    3.450000   2.63948889  6.6299796016001564e-04
    3.450000   2.70424717  8.5439270632277472e-04
    3.450000   2.76900006  1.0593398247014552e-03
    3.450000   2.83374417  1.2674462368881631e-03
    3.450000   2.89847256  1.4652187757582347e-03
    3.450000   2.96316844  1.6373064733218379e-03
    3.450000   3.02777863  1.7684804636451533e-03
    3.450000   3.09200950  1.8460494956460598e-03
    3.500000   0.04958315  1.4024648397511906e-03
    3.500000   0.11381403  1.3418814350881069e-03
    3.500000   0.17842421  1.2394209528277327e-03
    3.500000   0.24312010  1.1049895981405827e-03
    3.500000   0.30784849  9.5049098243985550e-04
    3.500000   0.37259260  7.8794530622178650e-04
    3.500000   0.43734549  6.2793917283071815e-04
    3.500000   0.50210377  4.7864377088784412e-04
    3.500000   0.56686560  3.4545118665464647e-04
    3.500000   0.63162987  2.3112064868193488e-04
    3.500000   0.69639591  1.3624835610117315e-04
    3.500000   0.76116325  5.9871686713753072e-05
    3.500000   0.82593158  6.2473301675950119e-08
    3.500000   0.89070068 -4.5576721764414219e-05
    3.500000   0.95547037 -7.9546764240625930e-05
    3.500000   1.02024053 -1.0421371031147807e-04
    3.500000   1.08501108 -1.2167608197724318e-04
    3.500000   1.14978193 -1.3370926747406986e-04
    3.500000   1.21455301 -1.4176022608581993e-04
    3.500000   1.27932429 -1.4697085392421515e-04
    3.500000   1.34409571 -1.5021435198306660e-04
    3.500000   1.40886724 -1.5213424614320500e-04
    3.500000   1.47363885 -1.5317977929936482e-04
    3.500000   1.53841049 -1.5363419724514124e-04
    3.500000   1.60318216 -1.5363419578504547e-04
    3.500000   1.66795381 -1.5317977484933504e-04
    3.500000   1.73272541 -1.5213423849750156e-04
    3.500000   1.79749694 -1.5021434081080056e-04
    3.500000   1.86226837 -1.4697083878875122e-04
    3.500000   1.92703964 -1.4176020647431307e-04
    3.500000   1.99181073 -1.3370924283865094e-04
    3.500000   2.05658157 -1.2167605178832194e-04
    3.500000   2.12135212 -1.0421367412142886e-04
    3.500000   2.18612229 -7.9546721752455233e-05
    3.500000   2.25089198 -4.5576672895066428e-05
    3.500000   2.31566107  6.2528379114792169e-08
    3.500000   2.38042940  5.9871747568489395e-05
    3.500000   2.44519674  1.3624842210244661e-04
    3.500000   2.50996278  2.3112071912529414e-04
    3.500000   2.57472706  3.4545126094545452e-04
    3.500000   2.63948889  4.7864384874076116e-04
    3.500000   2.70424717  6.2793925441352941e-04
    3.500000   2.76900006  7.8794539215893170e-04
    3.500000   2.83374417  9.5049107361447587e-04
    3.500000   2.89847256  1.1049896953038813e-03
    3.500000   2.96316844  1.2394210561230427e-03
    3.500000   3.02777863  1.3418815436769245e-03
    3.500000   3.09200950  1.4024649517322615e-03
    3.550000   0.04958315  1.0498575006531435e-03
    3.550000   0.11381403  1.0027742052404612e-03
    3.550000   0.17842421  9.2314951265227269e-04
    3.550000   0.24312010  8.1869412340513997e-04
    3.550000   0.30784849  6.9868340420167058e-04
    3.550000   0.37259260  5.7249561850743137e-04
    3.550000   0.43734549  4.4840136399385217e-04
    3.550000   0.50210377  3.3279085558012250e-04
    3.550000   0.56686560  2.2988147035020630e-04
    3.550000   0.63162987  1.4182490033808184e-04
    3.550000   0.69639591  6.9070722648566558e-05
    3.550000   0.76116325  1.0838955257848418e-05
    3.550000   0.82593158 -3.4413022757923500e-05
    3.550000   0.89070068 -6.8598084720193435e-05
    3.550000   0.95547037 -9.3709081396505631e-05
    3.550000   1.02024053 -1.1162936642163067e-04
    3.550000   1.08501108 -1.2402717525721897e-04
    3.550000   1.14978193 -1.3231156860548174e-04
    3.550000   1.21455301 -1.3762865813579580e-04
    3.550000   1.27932429 -1.4088082459534342e-04
    3.550000   1.34409571 -1.4275636012665074e-04
    3.550000   1.40886724 -1.4376120001561570e-04
    3.550000   1.47363885 -1.4424767692991700e-04
    3.550000   1.53841049 -1.4443748952478778e-04
    3.550000   1.60318216 -1.4443748842769976e-04
    3.550000   1.66795381 -1.4424767357641455e-04
    3.550000   1.73272541 -1.4376119422196255e-04
    3.550000   1.79749694 -1.4275635159697391e-04
    3.550000   1.86226837 -1.4088081293844426e-04
    3.550000   1.92703964 -1.3762864289101385e-04
    3.550000   1.99181073 -1.3231154927915263e-04
    3.550000   2.05658157 -1.2402715137058826e-04
    3.550000   2.12135212 -1.1162933756933152e-04
    3.550000   2.18612229 -9.3709047311729018e-05
    3.550000   2.25089198 -6.8598045338527281e-05
    3.550000   2.31566107 -3.4412978267133867e-05
    3.550000   2.38042940  1.0839004398633295e-05
    3.550000   2.44519674  6.9070775737265739e-05
    3.550000   2.50996278  1.4182495651681853e-04
    3.550000   2.57472706  2.2988152874793834e-04
    3.550000   2.63948889  3.3279091548533198e-04
    3.550000   2.70424717  4.4840142500798401e-04
    3.550000   2.76900006  5.7249568061657635e-04
    3.550000   2.83374417  6.9868346771539806e-04
    3.550000   2.89847256  8.1869418875519747e-04
    3.550000   2.96316844  9.2314958010945077e-04
    3.550000   3.02777863  1.0027742746640416e-03
    3.550000   3.09200950  1.0498575713959214e-03
    3.600000   0.04958315  7.7069202167327072e-04
    3.600000   0.11381403  7.3431960197468894e-04
    3.600000   0.17842421  6.7282264996388523e-04
    3.600000   0.24312010  5.9218244523293680e-04
    3.600000   0.30784849  4.9959911331175525e-04
    3.600000   0.37259260  4.0235815673339689e-04
    3.600000   0.43734549  3.0688802952208476e-04
    3.600000   0.50210377  2.1815485040573197e-04
    3.600000   0.56686560  1.3942969665329405e-04
    3.600000   0.63162987  7.2368209638389732e-05
    3.600000   0.69639591  1.7292468568191561e-05
    3.600000   0.76116325 -2.6439603275037983e-05
    3.600000   0.82593158 -6.0067465123610802e-05
    3.600000   0.89070068 -8.5118695791154382e-05
    3.600000   0.95547037 -1.0317973389162116e-04
    3.600000   1.02024053 -1.1574617108272396e-04
    3.600000   1.08501108 -1.2413953440483939e-04
    3.600000   1.14978193 -1.2947303318007074e-04
    3.600000   1.21455301 -1.3264939021641816e-04
    3.600000   1.27932429 -1.3437697000264669e-04
    3.600000   1.34409571 -1.3519414790882299e-04
    3.600000   1.40886724 -1.3549524007114058e-04
    3.600000   1.47363885 -1.3555393299384896e-04
    3.600000   1.53841049 -1.3554196754985364e-04
    3.600000   1.60318216 -1.3554196675252179e-04
    3.600000   1.66795381 -1.3555393054640036e-04
    3.600000   1.73272541 -1.3549523580975333e-04
    3.600000   1.79749694 -1.3519414156928092e-04
    3.600000   1.86226837 -1.3437696123476758e-04
    3.600000   1.92703964 -1.3264937860642264e-04
    3.600000   1.99181073 -1.2947301828244016e-04
    3.600000   2.05658157 -1.2413951578472623e-04
    3.600000   2.12135212 -1.1574614836858012e-04
    3.600000   2.18612229 -1.0317970683527671e-04
    3.600000   2.25089198 -8.5118664329104362e-05
    3.600000   2.31566107 -6.0067429429176693e-05
    3.600000   2.38042940 -2.6439563787404263e-05
    3.600000   2.44519674  1.7292511153291568e-05
    3.600000   2.50996278  7.2368254428113352e-05
    3.600000   2.57472706  1.3942974266895579e-04
    3.600000   2.63948889  2.1815489673095669e-04
    3.600000   2.70424717  3.0688807545396220e-04
    3.600000   2.76900006  4.0235820189001801e-04
    3.600000   2.83374417  4.9959915765317750e-04
    3.600000   2.89847256  5.9218248897922074e-04
    3.600000   2.96316844  6.7282269343713964e-04
    3.600000   3.02777863  7.3431964543207995e-04
    3.600000   3.09200950  7.7069206520879747e-04
    3.650000   0.04958315  5.5071134097712507e-04
    3.650000   0.11381403  5.2281897598482072e-04
    3.650000   0.17842421  4.7568095758910889e-04
    3.650000   0.24312010  4.1391769514305030e-04
    3.650000   0.30784849  3.4309279895031333e-04
    3.650000   0.37259260  2.6883667263486008e-04
    3.650000   0.43734549  1.9611552506243837e-04
    3.650000   0.50210377  1.2875979376625665e-04
    3.650000   0.56686560  6.9281084958431542e-05
    3.650000   0.63162987  1.8932453968420639e-05
    3.650000   0.69639591 -2.2072556826519492e-05
    3.650000   0.76116325 -5.4271289211806870e-05
    3.650000   0.82593158 -7.8664469807083201e-05
    3.650000   0.89070068 -9.6473323148104381e-05
    3.650000   0.95547037 -1.0895943678571782e-04
    3.650000   1.02024053 -1.1730735705440863e-04
    3.650000   1.08501108 -1.2255977996103261e-04
    3.650000   1.14978193 -1.2559153233741765e-04
    3.650000   1.21455301 -1.2710895695338745e-04
    3.650000   1.27932429 -1.2766372660700360e-04
    3.650000   1.34409571 -1.2767306756134809e-04
    3.650000   1.40886724 -1.2744106497373606e-04
    3.650000   1.47363885 -1.2717781954465983e-04
    3.650000   1.53841049 -1.2701467944119764e-04
    3.650000   1.60318216 -1.2701467888969208e-04
    3.650000   1.66795381 -1.2717781784082769e-04
    3.650000   1.73272541 -1.2744106197177363e-04
    3.650000   1.79749694 -1.2767306302569528e-04
    3.650000   1.86226837 -1.2766372022460272e-04
    3.650000   1.92703964 -1.2710894835284484e-04
    3.650000   1.99181073 -1.2559152111655226e-04
    3.650000   2.05658157 -1.2255976572395977e-04
    3.650000   2.12135212 -1.1730733945817803e-04
    3.650000   2.18612229 -1.0895941559457941e-04
    3.650000   2.25089198 -9.6473298290495056e-05
    3.650000   2.31566107 -7.8664441426913093e-05
    3.650000   2.38042940 -5.4271257702249313e-05
    3.650000   2.44519674 -2.2072522832802661e-05
    3.650000   2.50996278  1.8932489588825194e-05
    3.650000   2.57472706  6.9281121222723580e-05
    3.650000   2.63948889  1.2875982969236127e-04
    3.650000   2.70424717  1.9611555981091926e-04
    3.650000   2.76900006  2.6883670563153280e-04
    3.650000   2.83374417  3.4309282995345842e-04
    3.650000   2.89847256  4.1391772423425821e-04
    3.650000   2.96316844  4.7568098509536089e-04
    3.650000   3.02777863  5.2281900236806126e-04
    3.650000   3.09200950  5.5071136673952878e-04
    3.700000   0.04958315  3.7833379807176911e-04
    3.700000   0.11381403  3.5713855553530993e-04
    3.700000   0.17842421  3.2134488994202100e-04
    3.700000   0.24312010  2.7450377593083309e-04
    3.700000   0.30784849  2.2089030176268372e-04
    3.700000   0.37259260  1.6482838168115825e-04
    3.700000   0.43734549  1.1012625526138467e-04
    3.700000   0.50210377  5.9711396424335041e-05
    3.700000   0.56686560  1.5488352578892316e-05
    3.700000   0.63162987 -2.1614482124163119e-05
    3.700000   0.69639591 -5.1474183943484863e-05
    3.700000   0.76116325 -7.4547896324407318e-05
    3.700000   0.82593158 -9.1647999195820985e-05
    3.700000   0.89070068 -1.0375211343762421e-04
    3.700000   0.95547037 -1.1186240019291218e-04
    3.700000   1.02024053 -1.1691428717127309e-04
    3.700000   1.08501108 -1.1972669459028588e-04
    3.700000   1.14978193 -1.2098285874555413e-04
    3.700000   1.21455301 -1.2123113694164958e-04
    3.700000   1.27932429 -1.2089707246624850e-04
    3.700000   1.34409571 -1.2030034602593345e-04
    3.700000   1.40886724 -1.1967238856161590e-04
    3.700000   1.47363885 -1.1917210638370363e-04
    3.700000   1.53841049 -1.1889833149720848e-04
    3.700000   1.60318216 -1.1889833114571651e-04
    3.700000   1.66795381 -1.1917210528546390e-04
    3.700000   1.73272541 -1.1967238658711378e-04
    3.700000   1.79749694 -1.2030034296554332e-04
    3.700000   1.86226837 -1.2089706804056514e-04
    3.700000   1.92703964 -1.2123113081775624e-04
    3.700000   1.99181073 -1.2098285056063943e-04
    3.700000   2.05658157 -1.1972668398374197e-04
    3.700000   2.12135212 -1.1691427382555584e-04
    3.700000   2.18612229 -1.1186238388179009e-04
    3.700000   2.25089198 -1.0375209407800823e-04
    3.700000   2.31566107 -9.1647976896264455e-05
    3.700000   2.38042940 -7.4547871420340594e-05
    3.700000   2.44519674 -5.1474157007377791e-05
    3.700000   2.50996278 -2.1614453939627471e-05
    3.700000   2.57472706  1.5488381085010582e-05
    3.700000   2.63948889  5.9711424288355350e-05
    3.700000   2.70424717  1.1012628161177696e-04
    3.700000   2.76900006  1.6482840586336267e-04
    3.700000   2.83374417  2.2089032342933703e-04
    3.700000   2.89847256  2.7450379507491454e-04
    3.700000   2.96316844  3.2134490686889524e-04
    3.700000   3.02777863  3.5713857079061151e-04
    3.700000   3.09200950  3.7833381235395506e-04
    3.750000   0.04958315  2.4416014683351106e-04
    3.750000   0.11381403  2.2823833052659654e-04
    3.750000   0.17842421  2.0138003759918112e-04
    3.750000   0.24312010  1.6629723135003278e-04
    3.750000   0.30784849  1.2625240391926268e-04
    3.750000   0.37259260  8.4540473481853606e-05
    3.750000   0.43734549  4.4055155513011862e-05
    3.750000   0.50210377  7.0084242082994222e-06
    3.750000   0.56686560 -2.5178226644405946e-05
    3.750000   0.63162987 -5.1836431484354156e-05
    3.750000   0.69639591 -7.2917508401908009e-05
    3.750000   0.76116325 -8.8816517534895566e-05
    3.750000   0.82593158 -1.0019690193929678e-04
    3.750000   0.89070068 -1.0784254413504842e-04
    3.750000   0.95547037 -1.1254862109384132e-04
    3.750000   1.02024053 -1.1505137680919055e-04
    3.750000   1.08501108 -1.1599055131390766e-04
    3.750000   1.14978193 -1.1589582934767017e-04
    3.750000   1.21455301 -1.1518888624139758e-04
    3.750000   1.27932429 -1.1419411223433024e-04
    3.750000   1.34409571 -1.1315296847875283e-04
    3.750000   1.40886724 -1.1223864426424064e-04
    3.750000   1.47363885 -1.1156902334929491e-04
    3.750000   1.53841049 -1.1121689216134819e-04
    3.750000   1.60318216 -1.1121689197110661e-04
    3.750000   1.66795381 -1.1156902273980604e-04
    3.750000   1.73272541 -1.1223864312070330e-04
    3.750000   1.79749694 -1.1315296661499557e-04
    3.750000   1.86226837 -1.1419410940145655e-04
    3.750000   1.92703964 -1.1518888214149331e-04
    3.750000   1.99181073 -1.1589582365389300e-04
    3.750000   2.05658157 -1.1599054369804434e-04
    3.750000   2.12135212 -1.1505136697710939e-04
    3.750000   2.18612229 -1.1254860882790208e-04
    3.750000   2.25089198 -1.0784252934046979e-04
    3.750000   2.31566107 -1.0019688468883384e-04
    3.750000   2.38042940 -8.8816498103467880e-05
    3.750000   2.44519674 -7.2917487280929765e-05
    3.750000   2.50996278 -5.1836409365686453e-05
    3.750000   2.57472706 -2.5178204367380273e-05
    3.750000   2.63948889  7.0084457460365319e-06
    3.750000   2.70424717  4.4055175470038230e-05
    3.750000   2.76900006  8.4540491192348474e-05
    3.750000   2.83374417  1.2625241899164838e-04
    3.750000   2.89847256  1.6629724372261138e-04
    3.750000   2.96316844  2.0138004754233216e-04
    3.750000   3.02777863  2.2823833859656541e-04
    3.750000   3.09200950  2.4416015379412619e-04
    3.800000   0.04958315  1.4057048944364481e-04
    3.800000   0.11381403  1.2878649803985305e-04
    3.800000   0.17842421  1.0894076468165227e-04
    3.800000   0.24312010  8.3088367182705303e-05
    3.800000   0.30784849  5.3697869539498711e-05
    3.800000   0.37259260  2.3255898227412107e-05
    3.800000   0.43734549 -6.0638156437631847e-06
    3.800000   0.50210377 -3.2614055671947944e-05
    3.800000   0.56686560 -5.5355762711590345e-05
    3.800000   0.63162987 -7.3827258615992224e-05
    3.800000   0.69639591 -8.8039506063588768e-05
    3.800000   0.76116325 -9.8338839945488060e-05
    3.800000   0.82593158 -1.0527060232437501e-04
    3.800000   0.89070068 -1.0946455258034854e-04
    3.800000   0.95547037 -1.1155088829599716e-04
    3.800000   1.02024053 -1.1210689052307473e-04
    3.800000   1.08501108 -1.1162919164280265e-04
    3.800000   1.14978193 -1.1052479713214918e-04
    3.800000   1.21455301 -1.0911417473994968e-04
    3.800000   1.27932429 -1.0764093129920393e-04
    3.800000   1.34409571 -1.0628409692610487e-04
    3.800000   1.40886724 -1.0517040937322119e-04
    3.800000   1.47363885 -1.0438505905387266e-04
    3.800000   1.53841049 -1.0398008883224120e-04
    3.800000   1.60318216 -1.0398008877057305e-04
    3.800000   1.66795381 -1.0438505883461472e-04
    3.800000   1.73272541 -1.0517040889483120e-04
    3.800000   1.79749694 -1.0628409602359785e-04
    3.800000   1.86226837 -1.0764092975132390e-04
    3.800000   1.92703964 -1.0911417228064372e-04
    3.800000   1.99181073 -1.1052479346753522e-04
    3.800000   2.05658157 -1.1162918647466680e-04
    3.800000   2.12135212 -1.1210688357939422e-04
    3.800000   2.18612229 -1.1155087936786614e-04
    3.800000   2.25089198 -1.0946454156295120e-04
    3.800000   2.31566107 -1.0527058925738516e-04
    3.800000   2.38042940 -9.8338825045869859e-05
    3.800000   2.44519674 -8.8039489741970314e-05
    3.800000   2.50996278 -7.3827241467547315e-05
    3.800000   2.57472706 -5.5355745474846690e-05
    3.800000   2.63948889 -3.2614039154585149e-05
    3.800000   2.70424717 -6.0638006226753963e-06
    3.800000   2.76900006  2.3255911115883488e-05
    3.800000   2.83374417  5.3697879897741214e-05
    3.800000   2.89847256  8.3088374917389318e-05
    3.800000   2.96316844  1.0894077002315666e-04
    3.800000   3.02777863  1.2878650151351901e-04
    3.800000   3.09200950  1.4057049180123197e-04
    3.850000   0.04958315  6.1394822354802109e-05
    3.850000   0.11381403  5.2844040952753759e-05
    3.850000   0.17842421  3.8478220845088141e-05
    3.850000   0.24312010  1.9839432186983786e-05
    3.850000   0.30784849 -1.2245209754734525e-06
    3.850000   0.37259260 -2.2859940884183152e-05
    3.850000   0.43734549 -4.3457835835185943e-05
    3.850000   0.50210377 -6.1814766802837103e-05
    3.850000   0.56686560 -7.7192696075294059e-05
    3.850000   0.63162987 -8.9292825481482660e-05
    3.850000   0.69639591 -9.8173009525648306e-05
    3.850000   0.76116325 -1.0414070715087764e-04
    3.850000   0.82593158 -1.0764730113820535e-04
    3.850000   0.89070068 -1.0919989306887728e-04
    3.850000   0.95547037 -1.0929732028882619e-04
    3.850000   1.02024053 -1.0839025967459788e-04
    3.850000   1.08501108 -1.0686137101151011e-04
    3.850000   1.14978193 -1.0501999230281279e-04
    3.850000   1.21455301 -1.0310607310658815e-04
    3.850000   1.27932429 -1.0129901280386609e-04
    3.850000   1.34409571 -9.9728278289766358e-05
    3.850000   1.40886724 -9.8483776154189082e-05
    3.850000   1.47363885 -9.7624805687051146e-05
    3.850000   1.53841049 -9.7186998712733310e-05
    3.850000   1.60318216 -9.7186998752214369e-05
    3.850000   1.66795381 -9.7624805775296339e-05
    3.850000   1.73272541 -9.8483776201585007e-05
    3.850000   1.79749694 -9.9728278150432094e-05
    3.850000   1.86226837 -1.0129901228155648e-04
    3.850000   1.92703964 -1.0310607196423454e-04
    3.850000   1.99181073 -1.0501999027676813e-04
    3.850000   2.05658157 -1.0686136783145908e-04
    3.850000   2.12135212 -1.0839025508966662e-04
    3.850000   2.18612229 -1.0929731409948954e-04
    3.850000   2.25089198 -1.0919988516281605e-04
    3.850000   2.31566107 -1.0764729152634281e-04
    3.850000   2.38042940 -1.0414069599768878e-04
    3.850000   2.44519674 -9.8172997166181259e-05
    3.850000   2.50996278 -8.9292812417086443e-05
    3.850000   2.57472706 -7.7192682941740393e-05
    3.850000   2.63948889 -6.1814754308953503e-05
    3.850000   2.70424717 -4.3457824676869003e-05
    3.850000   2.76900006 -2.2859931646125097e-05
    3.850000   2.83374417 -1.2245140386001228e-06
    3.850000   2.89847256  1.9839436713278730e-05
    3.850000   2.96316844  3.8478223151246904e-05
    3.850000   3.02777863  5.2844041512034266e-05
    3.850000   3.09200950  6.1394821864309656e-05
    3.900000   0.04958315  1.6438350901809985e-06
    3.900000   0.11381403 -4.3932203637513487e-06
    3.900000   0.17842421 -1.4498784907870183e-05
    3.900000   0.24312010 -2.7530216101228657e-05
    3.900000   0.30784849 -4.2123460027147712e-05
    3.900000   0.37259260 -5.6918577390828061e-05
    3.900000   0.43734549 -7.0747623018168487e-05
    3.900000   0.50210377 -8.2754044808338545e-05
    3.900000   0.56686560 -9.2435148987137479e-05
    3.900000   0.63162987 -9.9619216067473073e-05
    3.900000   0.69639591 -1.0440003788214441e-04
    3.900000   0.76116325 -1.0705347042638927e-04
    3.900000   0.82593158 -1.0795585450000315e-04
    3.900000   0.89070068 -1.0751662204339808e-04
    3.900000   0.95547037 -1.0613013665949515e-04
    3.900000   1.02024053 -1.0414647250230057e-04
    3.900000   1.08501108 -1.0185781114831739e-04
    3.900000   1.14978193 -9.9496048621423549e-05
    3.900000   1.21455301 -9.7237383341204162e-05
    3.900000   1.27932429 -9.5210463950481174e-05
    3.900000   1.34409571 -9.3505654472939188e-05
    3.900000   1.40886724 -9.2183858665471674e-05
    3.900000   1.47363885 -9.1284023806343699e-05
    3.900000   1.53841049 -9.0828900379102444e-05
    3.900000   1.60318216 -9.0828900496820061e-05
    3.900000   1.66795381 -9.1284024132936591e-05
    3.900000   1.73272541 -9.2183859122035836e-05
    3.900000   1.79749694 -9.3505654930786653e-05
    3.900000   1.86226837 -9.5210464235958247e-05
    3.900000   1.92703964 -9.7237383243576852e-05
    3.900000   1.99181073 -9.9496047904764070e-05
    3.900000   2.05658157 -1.0185780956828613e-04
    3.900000   2.12135212 -1.0414646982835075e-04
    3.900000   2.18612229 -1.0613013270227488e-04
    3.900000   2.25089198 -1.0751661668589265e-04
    3.900000   2.31566107 -1.0795584772933816e-04
    3.900000   2.38042940 -1.0705346236135143e-04
    3.900000   2.44519674 -1.0440002878997433e-04
    3.900000   2.50996278 -9.9619206362922840e-05
    3.900000   2.57472706 -9.2435139207957897e-05
    3.900000   2.63948889 -8.2754035564849704e-05
    3.900000   2.70424717 -7.0747614920083052e-05
    3.900000   2.76900006 -5.6918570960988239e-05
    3.900000   2.83374417 -4.2123455617195708e-05
    3.900000   2.89847256 -2.7530213826236999e-05
    3.900000   2.96316844 -1.4498784614374329e-05
    3.900000   3.02777863 -4.3932216389813237e-06
    3.900000   3.09200950  1.6438328682787173e-06
    3.950000   0.04958315 -4.2710981175710405e-05
    3.950000   0.11381403 -4.6805490054355199e-05
    3.950000   0.17842421 -5.3619520150650541e-05
    3.950000   0.24312010 -6.2320280379511668e-05
    3.950000   0.30784849 -7.1919190185039430e-05
    3.950000   0.37259260 -8.1439778585048949e-05
    3.950000   0.43734549 -9.0056770551457242e-05
    3.950000   0.50210377 -9.7183084387488555e-05
    3.950000   0.56686560 -1.0249855595506453e-04
    3.950000   0.63162987 -1.0592943333011033e-04
    3.950000   0.69639591 -1.0759617585452165e-04
    3.950000   0.76116325 -1.0774842698771575e-04
    3.950000   0.82593158 -1.0670232670572206e-04
    3.950000   0.89070068 -1.0478947970578558e-04
    3.950000   0.95547037 -1.0232126037971352e-04
    3.950000   1.02024053 -9.9568005652206709e-05
    3.950000   1.08501108 -9.6750332121286738e-05
    3.950000   1.14978193 -9.4039015413978537e-05
    3.950000   1.21455301 -9.1560059339413873e-05
    3.950000   1.27932429 -8.9402257896905012e-05
    3.950000   1.34409571 -8.7625351555586958e-05
    3.950000   1.40886724 -8.6267592136342244e-05
    3.950000   1.47363885 -8.5352071141428840e-05
    3.950000   1.53841049 -8.4891523885013818e-05
    3.950000   1.60318216 -8.4891524061920674e-05
    3.950000   1.66795381 -8.5352071648839523e-05
    3.950000   1.73272541 -8.6267592904952788e-05
    3.950000   1.79749694 -8.7625352472144559e-05
    3.950000   1.86226837 -8.9402258808123284e-05
    3.950000   1.92703964 -9.1560060058440369e-05
    3.950000   1.99181073 -9.4039015730259257e-05
    3.950000   2.05658157 -9.6750331814642149e-05
    3.950000   2.12135212 -9.9568004511621334e-05
    3.950000   2.18612229 -1.0232125822674028e-04
    3.950000   2.25089198 -1.0478947642143430e-04
    3.950000   2.31566107 -1.0670232225828951e-04
    3.950000   2.38042940 -1.0774842145745235e-04
    3.950000   2.44519674 -1.0759616944965860e-04
    3.950000   2.50996278 -1.0592942638815824e-04
    3.950000   2.57472706 -1.0249854892412549e-04
    3.950000   2.63948889 -9.7183077785053756e-05
    3.950000   2.70424717 -9.0056764902708385e-05
    3.950000   2.76900006 -8.1439774348254359e-05
    3.950000   2.83374417 -7.1919187676544729e-05
    3.950000   2.89847256 -6.2320279713253522e-05
    3.950000   2.96316844 -5.3619521205750918e-05
    3.950000   3.02777863 -4.6805492479222215e-05
    3.950000   3.09200950 -4.2710984429982460e-05
    4.000000   0.04958315 -7.4916878648076008e-05
    4.000000   0.11381403 -7.7521292651647658e-05
    4.000000   0.17842421 -8.1811463707209085e-05
    4.000000   0.24312010 -8.7193892624255534e-05
    4.000000   0.30784849 -9.2970023648571558e-05
    4.000000   0.37259260 -9.8459598392270197e-05
    4.000000   0.43734549 -1.0310193207863784e-04
    4.000000   0.50210377 -1.0651771795290647e-04
    4.000000   0.56686560 -1.0852699844693977e-04
    4.000000   0.63162987 -1.0913044294606150e-04
    4.000000   0.69639591 -1.0846744257167040e-04
    4.000000   0.76116325 -1.0676544980627831e-04
    4.000000   0.82593158 -1.0429206524823726e-04
    4.000000   0.89070068 -1.0131682218595824e-04
    4.000000   0.95547037 -9.8085258903316761e-05
    4.000000   1.02024053 -9.4804695160910656e-05
    4.000000   1.08501108 -9.1639379415333158e-05
    4.000000   1.14978193 -8.8712108541619432e-05
    4.000000   1.21455301 -8.6109624334836758e-05
    4.000000   1.27932429 -8.3889663669734114e-05
    4.000000   1.34409571 -8.2088195529192017e-05
    4.000000   1.40886724 -8.0725954919962925e-05
    4.000000   1.47363885 -7.9813814442023862e-05
    4.000000   1.53841049 -7.9356813113826884e-05
    4.000000   1.60318216 -7.9356813334173845e-05
    4.000000   1.66795381 -7.9813815082657242e-05
    4.000000   1.73272541 -8.0725955920158050e-05
    4.000000   1.79749694 -8.2088196789529270e-05
    4.000000   1.86226837 -8.3889665055245056e-05
    4.000000   1.92703964 -8.6109625680275641e-05
    4.000000   1.99181073 -8.8712109659609315e-05
    4.000000   2.05658157 -9.1639380108110319e-05
    4.000000   2.12135212 -9.4804695236154707e-05
    4.000000   2.18612229 -9.8085258194056691e-05
    4.000000   2.25089198 -1.0131682057365745e-04
    4.000000   2.31566107 -1.0429206268699162e-04
    4.000000   2.38042940 -1.0676544634471170e-04
    4.000000   2.44519674 -1.0846743836788120e-04
    4.000000   2.50996278 -1.0913043827038268e-04
    4.000000   2.57472706 -1.0852699366784513e-04
    4.000000   2.63948889 -1.0651771350353918e-04
    4.000000   2.70424717 -1.0310192840519281e-04
    4.000000   2.76900006 -9.8459595890222149e-05
    4.000000   2.83374417 -9.2970022597107737e-05
    4.000000   2.89847256 -8.7193893131858445e-05
    4.000000   2.96316844 -8.1811465680666791e-05
    4.000000   3.02777863 -7.7521295796857784e-05
    4.000000   3.09200950 -7.4916882504861179e-05
    4.050000   0.04958315 -9.7586392722880051e-05
    4.050000   0.11381403 -9.9058190322872479e-05
    4.050000   0.17842421 -1.0143124182066530e-04
    4.050000   0.24312010 -1.0429584439005299e-04
    4.050000   0.30784849 -1.0717614938265936e-04
    4.050000   0.37259260 -1.0961921654261771e-04
    4.050000   0.43734549 -1.1126712815123927e-04
    4.050000   0.50210377 -1.1189933009075103e-04
    4.050000   0.56686560 -1.1144228540400119e-04
    4.050000   0.63162987 -1.0995214724469134e-04
    4.050000   0.69639591 -1.0758086993972095e-04
    4.050000   0.76116325 -1.0453674622787560e-04
    4.050000   0.82593158 -1.0104801840163681e-04
    4.050000   0.89070068 -9.7334659815942918e-05
    4.050000   0.95547037 -9.3590055002456898e-05
    4.050000   1.02024053 -8.9971883870564815e-05
    4.050000   1.08501108 -8.6600212296964667e-05
    4.050000   1.14978193 -8.3560413442932389e-05
    4.050000   1.21455301 -8.0908758543550419e-05
    4.050000   1.27932429 -7.8679007929849035e-05
    4.050000   1.34409571 -7.6888877000365409e-05
    4.050000   1.40886724 -7.5545720575284685e-05
    4.050000   1.47363885 -7.4651122536222516e-05
    4.050000   1.53841049 -7.4204294004843471e-05
    4.050000   1.60318216 -7.4204294255689445e-05
    4.050000   1.66795381 -7.4651123270941903e-05
    4.050000   1.73272541 -7.5545721740802644e-05
    4.050000   1.79749694 -7.6888878509627634e-05
    4.050000   1.86226837 -7.8679009664321762e-05
    4.050000   1.92703964 -8.0908760357491561e-05
    4.050000   1.99181073 -8.3560415170076858e-05
    4.050000   2.05658157 -8.6600213760277427e-05
    4.050000   2.12135212 -8.9971884895529556e-05
    4.050000   2.18612229 -9.3590055433929260e-05
    4.050000   2.25089198 -9.7334659537889336e-05
    4.050000   2.31566107 -1.0104801735806510e-04
    4.050000   2.38042940 -1.0453674444210927e-04
    4.050000   2.44519674 -1.0758086752812336e-04
    4.050000   2.50996278 -1.0995214442032163e-04
    4.050000   2.57472706 -1.1144228246613171e-04
    4.050000   2.63948889 -1.1189932739782170e-04
    4.050000   2.70424717 -1.1126712607798431e-04
    4.050000   2.76900006 -1.0961921542603050e-04
    4.050000   2.83374417 -1.0717614946546215e-04
    4.050000   2.89847256 -1.0429584577267453e-04
    4.050000   2.96316844 -1.0143124443268503e-04
    4.050000   3.02777863 -9.9058193921759590e-05
    4.050000   3.09200950 -9.7586396922650208e-05
    4.100000   0.04958315 -1.1281688838332433e-04
    4.100000   0.11381403 -1.1343765077181716e-04
    4.100000   0.17842421 -1.1437162691060652e-04
    4.100000   0.24312010 -1.1534934377541177e-04
    4.100000   0.30784849 -1.1606473526649873e-04
    4.100000   0.37259260 -1.1623791032224005e-04
    4.100000   0.43734549 -1.1566490223287354e-04
    4.100000   0.50210377 -1.1424508758303677e-04
    4.100000   0.56686560 -1.1198449474257807e-04
    4.100000   0.63162987 -1.0897962388111656e-04
    4.100000   0.69639591 -1.0538982149747534e-04
    4.100000   0.76116325 -1.0140653882604247e-04
    4.100000   0.82593158 -9.7225905773235311e-05
    4.100000   0.89070068 -9.3028272228472747e-05
    4.100000   0.95547037 -8.8965772119019667e-05
    4.100000   1.02024053 -8.5157129992044782e-05
    4.100000   1.08501108 -8.1687977817997910e-05
    4.100000   1.14978193 -7.8614719193801887e-05
    4.100000   1.21455301 -7.5970201963414857e-05
    4.100000   1.27932429 -7.3769888350430575e-05
    4.100000   1.34409571 -7.2017666344983353e-05
    4.100000   1.40886724 -7.0710828866350317e-05
    4.100000   1.47363885 -6.9844021382000490e-05
    4.100000   1.53841049 -6.9412125565009473e-05
    4.100000   1.60318216 -6.9412125835798384e-05
    4.100000   1.66795381 -6.9844022178847779e-05
    4.100000   1.73272541 -7.0710830142989837e-05
    4.100000   1.79749694 -7.2017668025385698e-05
    4.100000   1.86226837 -7.3769890330775296e-05
    4.100000   1.92703964 -7.5970204115516338e-05
    4.100000   1.99181073 -7.8614721370568331e-05
    4.100000   2.05658157 -8.1687979861491377e-05
    4.100000   2.12135212 -8.5157131744595049e-05
    4.100000   2.18612229 -8.8965773437442387e-05
    4.100000   2.25089198 -9.3028273000878527e-05
    4.100000   2.31566107 -9.7225905937055657e-05
    4.100000   2.38042940 -1.0140653838489787e-04
    4.100000   2.44519674 -1.0538982053360843e-04
    4.100000   2.50996278 -1.0897962255956163e-04
    4.100000   2.57472706 -1.1198449330348595e-04
    4.100000   2.63948889 -1.1424508631996169e-04
    4.100000   2.70424717 -1.1566490145734819e-04
    4.100000   2.76900006 -1.1623791031837036e-04
    4.100000   2.83374417 -1.1606473624269836e-04
    4.100000   2.89847256 -1.1534934582265718e-04
    4.100000   2.96316844 -1.1437162997675480e-04
    4.100000   3.02777863 -1.1343765465912366e-04
    4.100000   3.09200950 -1.1281689277184590e-04
    4.150000   0.04958315 -1.2228803565637471e-04
    4.150000   0.11381403 -1.2227876232618368e-04
    4.150000   0.17842421 -1.2214892025359022e-04
    4.150000   0.24312010 -1.2173514152716699e-04
    4.150000   0.30784849 -1.2085963656572774e-04
    4.150000   0.37259260 -1.1937293408205451e-04
    4.150000   0.43734549 -1.1718659683666502e-04
    4.150000   0.50210377 -1.1428930645689274e-04
    4.150000   0.56686560 -1.1074541413896779e-04
    4.150000   0.63162987 -1.0667975180473870e-04
    4.150000   0.69639591 -1.0225492102389638e-04
    4.150000   0.76116325 -9.7647338679216042e-05
    4.150000   0.82593158 -9.3026757877411463e-05
    4.150000   0.89070068 -8.8541798246024895e-05
    4.150000   0.95547037 -8.4312022353088390e-05
    4.150000   1.02024053 -8.0425716882409273e-05
    4.150000   1.08501108 -7.6941859127704492e-05
    4.150000   1.14978193 -7.3894633558942269e-05
    4.150000   1.21455301 -7.1299093322684944e-05
    4.150000   1.27932429 -6.9156938127423848e-05
    4.150000   1.34409571 -6.7461763258822759e-05
    4.150000   1.40886724 -6.6203448815591194e-05
    4.150000   1.47363885 -6.5371577434457395e-05
    4.150000   1.53841049 -6.4957896694918887e-05
    4.150000   1.60318216 -6.4957896977110177e-05
    4.150000   1.66795381 -6.5371578267551283e-05
    4.150000   1.73272541 -6.6203450159364242e-05
    4.150000   1.79749694 -6.7461765047055244e-05
    4.150000   1.86226837 -6.9156940269430662e-05
    4.150000   1.92703964 -7.1299095706043632e-05
    4.150000   1.99181073 -7.3894636053917348e-05
    4.150000   2.05658157 -7.6941861593885519e-05
    4.150000   2.12135212 -8.0425719177960569e-05
    4.150000   2.18612229 -8.4312024346709600e-05
    4.150000   2.25089198 -8.8541799831219341e-05
    4.150000   2.31566107 -9.3026758987947361e-05
    4.150000   2.38042940 -9.7647339303815332e-05
    4.150000   2.44519674 -1.0225492121739559e-04
    4.150000   2.50996278 -1.0667975169247554e-04
    4.150000   2.57472706 -1.1074541391129806e-04
    4.150000   2.63948889 -1.1428930635185224e-04
    4.150000   2.70424717 -1.1718659711085983e-04
    4.150000   2.76900006 -1.1937293497274150e-04
    4.150000   2.83374417 -1.2085963824995267e-04
    4.150000   2.89847256 -1.2173514408586939e-04
    4.150000   2.96316844 -1.2214892364891699e-04
    4.150000   3.02777863 -1.2227876639834349e-04
    4.150000   3.09200950 -1.2228804014261776e-04
    4.200000   0.04958315 -1.2734124403381364e-04
    4.200000   0.11381403 -1.2687464524321722e-04
    4.200000   0.17842421 -1.2597426669163747e-04
    4.200000   0.24312010 -1.2455618919137701e-04
    4.200000   0.30784849 -1.2253844474804584e-04
    4.200000   0.37259260 -1.1986860567492563e-04
    4.200000   0.43734549 -1.1654363777901036e-04
    4.200000   0.50210377 -1.1261747584129732e-04
    4.200000   0.56686560 -1.0819608513762158e-04
    4.200000   0.63162987 -1.0342316697251091e-04
    4.200000   0.69639591 -9.8461322404679171e-05
    4.200000   0.76116325 -9.3473375983624163e-05
    4.200000   0.82593158 -8.8607260100192361e-05
    4.200000   0.89070068 -8.3986136313289492e-05
    4.200000   0.95547037 -7.9703896821498607e-05
    4.200000   1.02024053 -7.5825166051737058e-05
    4.200000   1.08501108 -7.2388456448254653e-05
    4.200000   1.14978193 -6.9411104487462780e-05
    4.200000   1.21455301 -6.6894845978951009e-05
    4.200000   1.27932429 -6.4831224157245760e-05
    4.200000   1.34409571 -6.3206349996568637e-05
    4.200000   1.40886724 -6.2004793915917462e-05
    4.200000   1.47363885 -6.1212563644921626e-05
    4.200000   1.53841049 -6.0819220348005760e-05
    4.200000   1.60318216 -6.0819220634756804e-05
    4.200000   1.66795381 -6.1212564493502421e-05
    4.200000   1.73272541 -6.2004795291455329e-05
    4.200000   1.79749694 -6.3206351841550392e-05
    4.200000   1.86226837 -6.4831226392684672e-05
    4.200000   1.92703964 -6.6894848506536138e-05
    4.200000   1.99181073 -6.9411107193124240e-05
    4.200000   2.05658157 -7.2388459207596413e-05
    4.200000   2.12135212 -7.5825168737715423e-05
    4.200000   2.18612229 -7.9703899314444073e-05
    4.200000   2.25089198 -8.3986138512986161e-05
    4.200000   2.31566107 -8.8607261939092121e-05
    4.200000   2.38042940 -9.3473377439583485e-05
    4.200000   2.44519674 -9.8461323510906165e-05
    4.200000   2.50996278 -1.0342316782196862e-04
    4.200000   2.57472706 -1.0819608587923353e-04
    4.200000   2.63948889 -1.1261747666618466e-04
    4.200000   2.70424717 -1.1654363889668646e-04
    4.200000   2.76900006 -1.1986860728180089e-04
    4.200000   2.83374417 -1.2253844699306086e-04
    4.200000   2.89847256 -1.2455619214540593e-04
    4.200000   2.96316844 -1.2597427032771420e-04
    4.200000   3.02777863 -1.2687464943308646e-04
    4.200000   3.09200950 -1.2734124856323618e-04
    4.250000   0.04958315 -1.2904435448697564e-04
    4.250000   0.11381403 -1.2825471294428256e-04
    4.250000   0.17842421 -1.2681181353413782e-04
    4.250000   0.24312010 -1.2469043144393565e-04
    4.250000   0.30784849 -1.2187913235036387e-04
    4.250000   0.37259260 -1.1839650280507258e-04
    4.250000   0.43734549 -1.1430139442616149e-04
    4.250000   0.50210377 -1.0969420491975274e-04
    4.250000   0.56686560 -1.0470945691478124e-04
    4.250000   0.63162987 -9.9502337658556481e-05
    4.250000   0.69639591 -9.4232935181539631e-05
    4.250000   0.76116325 -8.9051663242026050e-05
    4.250000   0.82593158 -8.4088267620070864e-05
    4.250000   0.89070068 -7.9445438172171665e-05
    4.250000   0.95547037 -7.5196876896724968e-05
    4.250000   1.02024053 -7.1388923063637368e-05
    4.250000   1.08501108 -6.8044533369168792e-05
    4.250000   1.14978193 -6.5168452790695993e-05
    4.250000   1.21455301 -6.2752644580798606e-05
    4.250000   1.27932429 -6.0781347187957603e-05
    4.250000   1.34409571 -5.9235405366548926e-05
    4.250000   1.40886724 -5.8095738775272693e-05
    4.250000   1.47363885 -5.7345952456903875e-05
    4.250000   1.53841049 -5.6974167016681620e-05
    4.250000   1.60318216 -5.6974167302579736e-05
    4.250000   1.66795381 -5.7345953304515115e-05
    4.250000   1.73272541 -5.8095740154455539e-05
    4.250000   1.79749694 -5.9235407227496513e-05
    4.250000   1.86226837 -6.0781349462077704e-05
    4.250000   1.92703964 -6.2752647182380588e-05
    4.250000   1.99181073 -6.5168455619759609e-05
    4.250000   2.05658157 -6.8044536315895517e-05
    4.250000   2.12135212 -7.1388926014709250e-05
    4.250000   2.18612229 -7.5196879743707478e-05
    4.250000   2.25089198 -7.9445440821700983e-05
    4.250000   2.31566107 -8.4088270005119512e-05
    4.250000   2.38042940 -8.9051665332909506e-05
    4.250000   2.44519674 -9.4232936994717887e-05
    4.250000   2.50996278 -9.9502339260924879e-05
    4.250000   2.57472706 -1.0470945842116452e-04
    4.250000   2.63948889 -1.0969420648204687e-04
    4.250000   2.70424717 -1.1430139621395236e-04
    4.250000   2.76900006 -1.1839650497959762e-04
    4.250000   2.83374417 -1.2187913503576221e-04
    4.250000   2.89847256 -1.2469043470136207e-04
    4.250000   2.96316844 -1.2681181734467759e-04
    4.250000   3.02777863 -1.2825471720546655e-04
    4.250000   3.09200950 -1.2904435902503784e-04
    4.300000   0.04958315 -1.2824428864622109e-04
    4.300000   0.11381403 -1.2723536654368891e-04
    4.300000   0.17842421 -1.2542610300299683e-04
    4.300000   0.24312010 -1.2283387228421150e-04
    4.300000   0.30784849 -1.1949815367479569e-04
    4.300000   0.37259260 -1.1548834293853345e-04
    4.300000   0.43734549 -1.1090691653528255e-04
    4.300000   0.50210377 -1.0588614667621007e-04
    4.300000   0.56686560 -1.0057898953226345e-04
    4.300000   0.63162987 -9.5146420232485759e-05
    4.300000   0.69639591 -8.9744120952121230e-05
    4.300000   0.76116325 -8.4511090089667623e-05
    4.300000   0.82593158 -7.9561799332891251e-05
    4.300000   0.89070068 -7.4982433349964509e-05
    4.300000   0.95547037 -7.0830849802732670e-05
    4.300000   1.02024053 -6.7139358550904714e-05
    4.300000   1.08501108 -6.3919239375260644e-05
    4.300000   1.14978193 -6.1166003276543469e-05
    4.300000   1.21455301 -5.8864632038035526e-05
    4.300000   1.27932429 -5.6994300351939985e-05
    4.300000   1.34409571 -5.5532326368906851e-05
    4.300000   1.40886724 -5.4457277481874762e-05
    4.300000   1.47363885 -5.3751271932053285e-05
    4.300000   1.53841049 -5.3401571671921606e-05
    4.300000   1.60318216 -5.3401571952743853e-05
    4.300000   1.66795381 -5.3751272765841321e-05
    4.300000   1.73272541 -5.4457278842653378e-05
    4.300000   1.79749694 -5.5532328213678508e-05
    4.300000   1.86226837 -5.6994302621321296e-05
    4.300000   1.92703964 -5.8864634657536307e-05
    4.300000   1.99181073 -6.1166006158819619e-05
    4.300000   2.05658157 -6.3919242423704425e-05
    4.300000   2.12135212 -6.7139361664864407e-05
    4.300000   2.18612229 -7.0830852884493347e-05
    4.300000   2.25089198 -7.4982436313324454e-05
    4.300000   2.31566107 -7.9561802112739462e-05
    4.300000   2.38042940 -8.4511092651458220e-05
    4.300000   2.44519674 -8.9744123299626910e-05
    4.300000   2.50996278 -9.5146422411883521e-05
    4.300000   2.57472706 -1.0057899163059987e-04
    4.300000   2.63948889 -1.0588614881289148e-04
    4.300000   2.70424717 -1.1090691884636121e-04
    4.300000   2.76900006 -1.1548834555526461e-04
    4.300000   2.83374417 -1.1949815669970225e-04
    4.300000   2.89847256 -1.2283387576929550e-04
    4.300000   2.96316844 -1.2542610693510852e-04
    4.300000   3.02777863 -1.2723537084113871e-04
    4.300000   3.09200950 -1.2824429316855588e-04
    4.350000   0.04958315 -1.2560986403036995e-04
    4.350000   0.11381403 -1.2446123830683810e-04
    4.350000   0.17842421 -1.2242065791893749e-04
    4.350000   0.24312010 -1.1953567363793806e-04
    4.350000   0.30784849 -1.1588153363479217e-04
    4.350000   0.37259260 -1.1156284697545173e-04
    4.350000   0.43734549 -1.0671162545226634e-04
    4.350000   0.50210377 -1.0148077415131404e-04
    4.350000   0.56686560 -9.6033906581190700e-05
    4.350000   0.63162987 -9.0533447501640421e-05
    4.350000   0.69639591 -8.5129291842878698e-05
    4.350000   0.76116325 -7.9949884259363773e-05
    4.350000   0.82593158 -7.5096769179918042e-05
    4.350000   0.89070068 -7.0642783735432244e-05
    4.350000   0.95547037 -6.6633382338272882e-05
    4.350000   1.02024053 -6.3090203338223816e-05
    4.350000   1.08501108 -6.0015901166506035e-05
    4.350000   1.14978193 -5.7399386918679954e-05
    4.350000   1.21455301 -5.5220844387567798e-05
    4.350000   1.27932429 -5.3456132556490623e-05
    4.350000   1.34409571 -5.2080395903678096e-05
    4.350000   1.40886724 -5.1070856538016103e-05
    4.350000   1.47363885 -5.0408854342967386e-05
    4.350000   1.53841049 -5.0081241797902912e-05
    4.350000   1.60318216 -5.0081242070421105e-05
    4.350000   1.66795381 -5.0408855153074488e-05
    4.350000   1.73272541 -5.1070857863403744e-05
    4.350000   1.79749694 -5.2080397707349302e-05
    4.350000   1.86226837 -5.3456134787202583e-05
    4.350000   1.92703964 -5.5220846980791387e-05
    4.350000   1.99181073 -5.7399389798367884e-05
    4.350000   2.05658157 -6.0015904247976939e-05
    4.350000   2.12135212 -6.3090206532447077e-05
    4.350000   2.18612229 -6.6633385557659323e-05
    4.350000   2.25089198 -7.0642786901036497e-05
    4.350000   2.31566107 -7.5096772229561262e-05
    4.350000   2.38042940 -7.9949887155761725e-05
    4.350000   2.44519674 -8.5129294580446724e-05
    4.350000   2.50996278 -9.0533450110312096e-05
    4.350000   2.57472706 -9.6033909125610087e-05
    4.350000   2.63948889 -1.0148077672420653e-04
    4.350000   2.70424717 -1.0671162816175250e-04
    4.350000   2.76900006 -1.1156284992745002e-04
    4.350000   2.83374417 -1.1588153691317071e-04
    4.350000   2.89847256 -1.1953567728625773e-04
    4.350000   2.96316844 -1.2242066192799645e-04
    4.350000   3.02777863 -1.2446124261148743e-04
    4.350000   3.09200950 -1.2560986851726025e-04
    4.400000   0.04958315 -1.2166658234469189e-04
    4.400000   0.11381403 -1.2043871617665143e-04
    4.400000   0.17842421 -1.1826936736305277e-04
    4.400000   0.24312010 -1.1522673096799688e-04
    4.400000   0.30784849 -1.1141020646308104e-04
    4.400000   0.37259260 -1.0694766007889159e-04
    4.400000   0.43734549 -1.0198985188266742e-04
    4.400000   0.50210377 -9.6701736157561675e-05
    4.400000   0.56686560 -9.1251679719053813e-05
    4.400000   0.63162987 -8.5800310157813886e-05
    4.400000   0.69639591 -8.0490771433048772e-05
    4.400000   0.76116325 -7.5441718597346448e-05
    4.400000   0.82593158 -7.0743671249108404e-05
    4.400000   0.89070068 -6.6458635092029781e-05
    4.400000   0.95547037 -6.2622381363569099e-05
    4.400000   1.02024053 -5.9248517040893070e-05
    4.400000   1.08501108 -5.6333459860691719e-05
    4.400000   1.14978193 -5.3861574295437416e-05
    4.400000   1.21455301 -5.1809941135961174e-05
    4.400000   1.27932429 -5.0152454933826982e-05
    4.400000   1.34409571 -4.8863127955411413e-05
    4.400000   1.40886724 -4.7918609061713191e-05
    4.400000   1.47363885 -4.7300000970266684e-05
    4.400000   1.53841049 -4.6994088829441535e-05
    4.400000   1.60318216 -4.6994089091250590e-05
    4.400000   1.66795381 -4.7300001749325149e-05
    4.400000   1.73272541 -4.7918610338930401e-05
    4.400000   1.79749694 -4.8863129699063382e-05
    4.400000   1.86226837 -5.0152457099849240e-05
    4.400000   1.92703964 -5.1809943668646587e-05
    4.400000   1.99181073 -5.3861577128803811e-05
    4.400000   2.05658157 -5.6333462920788254e-05
    4.400000   2.12135212 -5.9248520249289652e-05
    4.400000   2.18612229 -6.2622384642156204e-05
    4.400000   2.25089198 -6.6458638369044115e-05
    4.400000   2.31566107 -7.0743674466000733e-05
    4.400000   2.38042940 -7.5441721715748184e-05
    4.400000   2.44519674 -8.0490774440708824e-05
    4.400000   2.50996278 -8.5800313072121110e-05
    4.400000   2.57472706 -9.1251682586763870e-05
    4.400000   2.63948889 -9.6701739049672597e-05
    4.400000   2.70424717 -1.0198985488420832e-04
    4.400000   2.76900006 -1.0694766327453395e-04
    4.400000   2.83374417 -1.1141020992072671e-04
    4.400000   2.89847256 -1.1522673472354767e-04
    4.400000   2.96316844 -1.1826937140985516e-04
    4.400000   3.02777863 -1.2043872046256740e-04
    4.400000   3.09200950 -1.2166658677820899e-04
    4.450000   0.04958315 -1.1682486878448834e-04
    4.450000   0.11381403 -1.1556316714056544e-04
    4.450000   0.17842421 -1.1334198918217669e-04
    4.450000   0.24312010 -1.1024291202233396e-04
    4.450000   0.30784849 -1.0638064252452586e-04
    4.450000   0.37259260 -1.0189721511690942e-04
    4.450000   0.43734549 -9.6953958145761575e-05
    4.450000   0.50210377 -9.1721395231279614e-05
    4.450000   0.56686560 -8.6368229279742555e-05
    4.450000   0.63162987 -8.1050914952438444e-05
    4.450000   0.69639591 -7.5905218839171610e-05
    4.450000   0.76116325 -7.1040697976934954e-05
    4.450000   0.82593158 -6.6538399516050619e-05
    4.450000   0.89070068 -6.2451504960070911e-05
    4.450000   0.95547037 -5.8808248463368149e-05
    4.450000   1.02024053 -5.5616272965257024e-05
    4.450000   1.08501108 -5.2867618160814332e-05
    4.450000   1.14978193 -5.0543690184712971e-05
    4.450000   1.21455301 -4.8619770302846564e-05
    4.450000   1.27932429 -4.7068821670188768e-05
    4.450000   1.34409571 -4.5864515848478509e-05
    4.450000   1.40886724 -4.4983511884770417e-05
    4.450000   1.47363885 -4.4407082238135406e-05
    4.450000   1.53841049 -4.4122200922584955e-05
    4.450000   1.60318216 -4.4122201171956543e-05
    4.450000   1.66795381 -4.4407082980826275e-05
    4.450000   1.73272541 -4.4983513104505566e-05
    4.450000   1.79749694 -4.5864517518159965e-05
    4.450000   1.86226837 -4.7068823752063263e-05
    4.450000   1.92703964 -4.8619772749000195e-05
    4.450000   1.99181073 -5.0543692938106045e-05
    4.450000   2.05658157 -5.2867621157109114e-05
    4.450000   2.12135212 -5.5616276135652332e-05
    4.450000   2.18612229 -5.8808251738552066e-05
    4.450000   2.25089198 -6.2451508275256223e-05
    4.450000   2.31566107 -6.6538402816766507e-05
    4.450000   2.38042940 -7.1040701224977861e-05
    4.450000   2.44519674 -7.5905222017768576e-05
    4.450000   2.50996278 -8.1050918069464179e-05
    4.450000   2.57472706 -8.6368232367820376e-05
    4.450000   2.63948889 -9.1721398343852978e-05
    4.450000   2.70424717 -9.6953961348908701e-05
    4.450000   2.76900006 -1.0189721847760392e-04
    4.450000   2.83374417 -1.0638064609711314e-04
    4.450000   2.89847256 -1.1024291583585734e-04
    4.450000   2.96316844 -1.1334199323148050e-04
    4.450000   3.02777863 -1.1556317138363118e-04
    4.450000   3.09200950 -1.1682487314724888e-04
    4.500000   0.04958315 -1.1140297083871541e-04
    4.500000   0.11381403 -1.1014101956424720e-04
    4.500000   0.17842421 -1.0792484823592722e-04
    4.500000   0.24312010 -1.0484393215641990e-04
    4.500000   0.30784849 -1.0102161706266134e-04
    4.500000   0.37259260 -9.6607268583358521e-05
    4.500000   0.43734549 -9.1766654638911278e-05
    4.500000   0.50210377 -8.6671047098198237e-05
    4.500000   0.56686560 -8.1486242913554897e-05
    4.500000   0.63162987 -7.6362838716409663e-05
    4.500000   0.69639591 -7.1428866506557649e-05
    4.500000   0.76116325 -6.6785421162051216e-05
    4.500000   0.82593158 -6.2505353159291821e-05
    4.500000   0.89070068 -5.8634623296817982e-05
    4.500000   0.95547037 -5.5195618314430698e-05
    4.500000   1.02024053 -5.2191628216179749e-05
    4.500000   1.08501108 -4.9611750648669867e-05
    4.500000   1.14978193 -4.7435650541397019e-05
    4.500000   1.21455301 -4.5637800422814363e-05
    4.500000   1.27932429 -4.4191010821548943e-05
    4.500000   1.34409571 -4.3069204364091050e-05
    4.500000   1.40886724 -4.2249483003122993e-05
    4.500000   1.47363885 -4.1713588546985838e-05
    4.500000   1.53841049 -4.1448871405140388e-05
    4.500000   1.60318216 -4.1448871640901655e-05
    4.500000   1.66795381 -4.1713589249670737e-05
    4.500000   1.73272541 -4.2249484158916512e-05
    4.500000   1.79749694 -4.3069205949938144e-05
    4.500000   1.86226837 -4.4191012805236164e-05
    4.500000   1.92703964 -4.5637802763290362e-05
    4.500000   1.99181073 -4.7435653189543634e-05
    4.500000   2.05658157 -4.9611753548736190e-05
    4.500000   2.12135212 -5.2191631308061744e-05
    4.500000   2.18612229 -5.5195621536927343e-05
    4.500000   2.25089198 -5.8634626591813708e-05
    4.500000   2.31566107 -6.2505356476639371e-05
    4.500000   2.38042940 -6.6785424464634887e-05
    4.500000   2.44519674 -7.1428869774769509e-05
    4.500000   2.50996278 -7.6362841951060749e-05
    4.500000   2.57472706 -8.1486246136232000e-05
    4.500000   2.63948889 -8.6671050348281707e-05
    4.500000   2.70424717 -9.1766657967032463e-05
    4.500000   2.76900006 -9.6607272041847184e-05
    4.500000   2.83374417 -1.0102162069443135e-04
    4.500000   2.89847256 -1.0484393598445128e-04
    4.500000   2.96316844 -1.0792485225578957e-04
    4.500000   3.02777863 -1.1014102374172392e-04
    4.500000   3.09200950 -1.1140297511356261e-04
    4.550000   0.04958315 -1.0564550450697345e-04
    4.550000   0.11381403 -1.0440765350116162e-04
    4.550000   0.17842421 -1.0223761397736205e-04
    4.550000   0.24312010 -9.9228664725676879e-05
    4.550000   0.30784849 -9.5507822619921555e-05
    4.550000   0.37259260 -9.1226710158395425e-05
    4.550000   0.43734549 -8.6551013868483461e-05
    4.550000   0.50210377 -8.1649234764638641e-05
    4.550000   0.56686560 -7.6681945554584805e-05
    4.550000   0.63162987 -7.1792743326174586e-05
    4.550000   0.69639591 -6.7101780155330739e-05
    4.550000   0.76116325 -6.2702280059530359e-05
    4.550000   0.82593158 -5.8659953197902481e-05
    4.550000   0.89070068 -5.5014822758967461e-05
    4.550000   0.95547037 -5.1784755242162379e-05
    4.550000   1.02024053 -4.8969936225559587e-05
    4.550000   1.08501108 -4.6557621215665011e-05
    4.550000   1.14978193 -4.4526655850355470e-05
    4.550000   1.21455301 -4.2851445966865210e-05
    4.550000   1.27932429 -4.1505225991445389e-05
    4.550000   1.34409571 -4.0462602549468924e-05
    4.550000   1.40886724 -3.9701433409693312e-05
    4.550000   1.47363885 -3.9204144073016686e-05
    4.550000   1.53841049 -3.8958594327663434e-05
    4.550000   1.60318216 -3.8958594549092883e-05
    4.550000   1.66795381 -3.9204144733423630e-05
    4.550000   1.73272541 -3.9701434497403536e-05
    4.550000   1.79749694 -4.0462604044959430e-05
    4.550000   1.86226837 -4.1505227867348806e-05
    4.550000   1.92703964 -4.2851448188158685e-05
    4.550000   1.99181073 -4.4526658374916312e-05
    4.550000   2.05658157 -4.6557623995382819e-05
    4.550000   2.12135212 -4.8969939208157039e-05
    4.550000   2.18612229 -5.1784758373860588e-05
    4.550000   2.25089198 -5.5014825987957074e-05
    4.550000   2.31566107 -5.8659956478442451e-05
    4.550000   2.38042940 -6.2702283356247344e-05
    4.550000   2.44519674 -6.7101783447088325e-05
    4.550000   2.50996278 -7.1792746608684971e-05
    4.550000   2.57472706 -7.6681948840928523e-05
    4.550000   2.63948889 -8.1649238083027445e-05
    4.550000   2.70424717 -8.6551017257044906e-05
    4.550000   2.76900006 -9.1226713657424264e-05
    4.550000   2.83374417 -9.5507826262754294e-05
    4.550000   2.89847256 -9.9228668529994038e-05
    4.550000   2.96316844 -1.0223761793892258e-04
    4.550000   3.02777863 -1.0440765759169810e-04
    4.550000   3.09200950 -1.0564550867713261e-04
    4.600000   0.04958315 -9.9738455289105664e-05
    4.600000   0.11381403 -9.8541875031497216e-05
    4.600000   0.17842421 -9.6446880717133559e-05
    4.600000   0.24312010 -9.3547541214051538e-05
    4.600000   0.30784849 -8.9970901517627810e-05
    4.600000   0.37259260 -8.5867140689299725e-05
    4.600000   0.43734549 -8.1398597219008604e-05
    4.600000   0.50210377 -7.6728498697723119e-05
    4.600000   0.56686560 -7.2010596756189369e-05
    4.600000   0.63162987 -6.7380771557520194e-05
    4.600000   0.69639591 -6.2951314055369480e-05
    4.600000   0.76116325 -5.8808131430349443e-05
    4.600000   0.82593158 -5.5010675042911384e-05
    4.600000   0.89070068 -5.1594059196393888e-05
    4.600000   0.95547037 -4.8572669820984921e-05
    4.600000   1.02024053 -4.5944549114683010e-05
    4.600000   1.08501108 -4.3695943988657961e-05
    4.600000   1.14978193 -4.1805568817373456e-05
    4.600000   1.21455301 -4.0248307830769947e-05
    4.600000   1.27932429 -3.8998235834503627e-05
    4.600000   1.34409571 -3.8030950791144594e-05
    4.600000   1.40886724 -3.7325284534356951e-05
    4.600000   1.47363885 -3.6864493284044123e-05
    4.600000   1.53841049 -3.6637036152759824e-05
    4.600000   1.60318216 -3.6637036359497771e-05
    4.600000   1.66795381 -3.6864493901001584e-05
    4.600000   1.73272541 -3.7325285551720527e-05
    4.600000   1.79749694 -3.8030952192465982e-05
    4.600000   1.86226837 -3.8998237596643635e-05
    4.600000   1.92703964 -4.0248309923987358e-05
    4.600000   1.99181073 -4.1805571205708415e-05
    4.600000   2.05658157 -4.3695946630771174e-05
    4.600000   2.12135212 -4.5944551965310819e-05
    4.600000   2.18612229 -4.8572672833102521e-05
    4.600000   2.25089198 -5.1594062324088206e-05
    4.600000   2.31566107 -5.5010678244807705e-05
    4.600000   2.38042940 -5.8808134673261478e-05
    4.600000   2.44519674 -6.2951317317622361e-05
    4.600000   2.50996278 -6.7380774831284320e-05
    4.600000   2.57472706 -7.2010600048089690e-05
    4.600000   2.63948889 -7.6728502027187807e-05
    4.600000   2.70424717 -8.1398600614121787e-05
    4.600000   2.76900006 -8.5867144180523447e-05
    4.600000   2.83374417 -8.9970905130335938e-05
    4.600000   2.89847256 -9.3547544961340652e-05
    4.600000   2.96316844 -9.6446884594594167e-05
    4.600000   3.02777863 -9.8541879015363865e-05
    4.600000   3.09200950 -9.9738459338551095e-05
    4.650000   0.04958315 -9.3821293539177606e-05
    4.650000   0.11381403 -9.2677609021110866e-05
    4.650000   0.17842421 -9.0677142486994411e-05
    4.650000   0.24312010 -8.7912577565177970e-05
    4.650000   0.30784849 -8.4508371522360061e-05
    4.650000   0.37259260 -8.0610625509163077e-05
    4.650000   0.43734549 -7.6376036592234710e-05
    4.650000   0.50210377 -7.1960845045547693e-05
    4.650000   0.56686560 -6.7510943748102218e-05
    4.650000   0.63162987 -6.3154106064681938e-05
    4.650000   0.69639591 -5.8994905295710004e-05
    4.650000   0.76116325 -5.5112453199754434e-05
    4.650000   0.82593158 -5.1560683814075427e-05
    4.650000   0.89070068 -4.8370629226365747e-05
    4.650000   0.95547037 -4.5554006788013251e-05
    4.650000   1.02024053 -4.3107449101277630e-05
    4.650000   1.08501108 -4.1016817719433014e-05
    4.650000   1.14978193 -3.9261199342020818e-05
    4.650000   1.21455301 -3.7816346548031359e-05
    4.650000   1.27932429 -3.6657465122196182e-05
    4.650000   1.34409571 -3.5761353049889655e-05
    4.650000   1.40886724 -3.5107960224124302e-05
    4.650000   1.47363885 -3.4681467870395200e-05
    4.650000   1.53841049 -3.4470990686330375e-05
    4.650000   1.60318216 -3.4470990878309017e-05
    4.650000   1.66795381 -3.4681468443613065e-05
    4.650000   1.73272541 -3.5107961170380220e-05
    4.650000   1.79749694 -3.5761354355406812e-05
    4.650000   1.86226837 -3.6657466767514896e-05
    4.650000   1.92703964 -3.7816348508025707e-05
    4.650000   1.99181073 -3.9261201586139588e-05
    4.650000   2.05658157 -4.1016820212324148e-05
    4.650000   2.12135212 -4.3107451803935436e-05
    4.650000   2.18612229 -4.5554009659524656e-05
    4.650000   2.25089198 -4.8370632226274642e-05
    4.650000   2.31566107 -5.1560686905252074e-05
    4.650000   2.38042940 -5.5112456351467672e-05
    4.650000   2.44519674 -5.8994908486488544e-05
    4.650000   2.50996278 -6.3154109284369733e-05
    4.650000   2.57472706 -6.7510946998523431e-05
    4.650000   2.63948889 -7.1960848339293028e-05
    4.650000   2.70424717 -7.6376039949384799e-05
    4.650000   2.76900006 -8.0610628952207348e-05
    4.650000   2.83374417 -8.4508375070093959e-05
    4.650000   2.89847256 -8.7912581226778859e-05
    4.650000   2.96316844 -9.0677146257663532e-05
    4.650000   3.02777863 -9.2677612880470408e-05
    4.650000   3.09200950 -9.3821297453048800e-05
    4.700000   0.04958315 -8.7996742861102048e-05
    4.700000   0.11381403 -8.6913328683995534e-05
    4.700000   0.17842421 -8.5019646645552826e-05
    4.700000   0.24312010 -8.2405466085426921e-05
    4.700000   0.30784849 -7.9190832813262247e-05
    4.700000   0.37259260 -7.5515957493751669e-05
    4.700000   0.43734549 -7.1530352604393886e-05
    4.700000   0.50210377 -6.7382164468010147e-05
    4.700000   0.56686560 -6.3208818899769509e-05
    4.700000   0.63162987 -5.9129842286456913e-05
    4.700000   0.69639591 -5.5242326064079536e-05
    4.700000   0.76116325 -5.1619078325246511e-05
    4.700000   0.82593158 -4.8309144422437078e-05
    4.700000   0.89070068 -4.5340140288129742e-05
    4.700000   0.95547037 -4.2721746684094546e-05
    4.700000   1.02024053 -4.0449741310986553e-05
    4.700000   1.08501108 -3.8510058282302381e-05
    4.700000   1.14978193 -3.6882515548391891e-05
    4.700000   1.21455301 -3.5544002585415792e-05
    4.700000   1.27932429 -3.4471048451384197e-05
    4.700000   1.34409571 -3.3641782965182400e-05
    4.700000   1.40886724 -3.3037360330211343e-05
    4.700000   1.47363885 -3.2642940126651810e-05
    4.700000   1.53841049 -3.2448322789546813e-05
    4.700000   1.60318216 -3.2448322966924348e-05
    4.700000   1.66795381 -3.2642940656532135e-05
    4.700000   1.73272541 -3.3037361205789463e-05
    4.700000   1.79749694 -3.3641784174987822e-05
    4.700000   1.86226837 -3.4471049979156877e-05
    4.700000   1.92703964 -3.5544004410048841e-05
    4.700000   1.99181073 -3.6882517644069892e-05
    4.700000   2.05658157 -3.8510060618948936e-05
    4.700000   2.12135212 -4.0449743855156099e-05
    4.700000   2.18612229 -4.2721749400375000e-05
    4.700000   2.25089198 -4.5340143141083848e-05
    4.700000   2.31566107 -4.8309147378984187e-05
    4.700000   2.38042940 -5.1619081357254695e-05
    4.700000   2.44519674 -5.5242329150810412e-05
    4.700000   2.50996278 -5.9129845416373019e-05
    4.700000   2.57472706 -6.3208822071208749e-05
    4.700000   2.63948889 -6.7382167688313904e-05
    4.700000   2.70424717 -7.1530355887320388e-05
    4.700000   2.76900006 -7.5515960855370039e-05
    4.700000   2.83374417 -7.9190836266978970e-05
    4.700000   2.89847256 -8.2405469637105702e-05
    4.700000   2.96316844 -8.5019650289893230e-05
    4.700000   3.02777863 -8.6913332403152325e-05
    4.700000   3.09200950 -8.7996746626072643e-05
    4.750000   0.04958315 -8.2338641299652539e-05
    4.750000   0.11381403 -8.1319645355608971e-05
    4.750000   0.17842421 -7.9539522024768802e-05
    4.750000   0.24312010 -7.7084092558995186e-05
    4.750000   0.30784849 -7.4067774413484695e-05
    4.750000   0.37259260 -7.0623704446242039e-05
    4.750000   0.43734549 -6.6893241053318282e-05
    4.750000   0.50210377 -6.3015793216952482e-05
    4.750000   0.56686560 -5.9120037313522880e-05
    4.750000   0.63162987 -5.5317299904863712e-05
    4.750000   0.69639591 -5.1697492390415675e-05
    4.750000   0.76116325 -4.8327583161021683e-05
    4.750000   0.82593158 -4.5252266006638815e-05
    4.750000   0.89070068 -4.2496278991684709e-05
    4.750000   0.95547037 -4.0067756240431043e-05
    4.750000   1.02024053 -3.7962034640242213e-05
    4.750000   1.08501108 -3.6165449495960205e-05
    4.750000   1.14978193 -3.4658796194787332e-05
    4.750000   1.21455301 -3.3420275355641705e-05
    4.750000   1.27932429 -3.2427855495369423e-05
    4.750000   1.34409571 -3.1661070749464718e-05
    4.750000   1.40886724 -3.1102321453354937e-05
    4.750000   1.47363885 -3.0737767475987338e-05
    4.750000   1.53841049 -3.0557905148981272e-05
    4.750000   1.60318216 -3.0557905312092780e-05
    4.750000   1.66795381 -3.0737767963470459e-05
    4.750000   1.73272541 -3.1102322259605396e-05
    4.750000   1.79749694 -3.1661071865008912e-05
    4.750000   1.86226837 -3.2427856906712905e-05
    4.750000   1.92703964 -3.3420277045171643e-05
    4.750000   1.99181073 -3.4658798140819094e-05
    4.750000   2.05658157 -3.6165451673052465e-05
    4.750000   2.12135212 -3.7962037019871089e-05
    4.750000   2.18612229 -4.0067758792114009e-05
    4.750000   2.25089198 -4.2496281684560918e-05
    4.750000   2.31566107 -4.5252268811444099e-05
    4.750000   2.38042940 -4.8327586052264945e-05
    4.750000   2.44519674 -5.1697495348461024e-05
    4.750000   2.50996278 -5.5317302917509306e-05
    4.750000   2.57472706 -5.9120040376660921e-05
    4.750000   2.63948889 -6.3015796333955760e-05
    4.750000   2.70424717 -6.6893244233000602e-05
    4.750000   2.76900006 -7.0623707699552014e-05
    4.750000   2.83374417 -7.4067777749446464e-05
    4.750000   2.89847256 -7.7084095980705435e-05
    4.750000   2.96316844 -7.9539525526389873e-05
    4.750000   3.02777863 -8.1319648921190666e-05
    4.750000   3.09200950 -8.2338644904213971e-05
    4.800000   0.04958315 -7.6898254164619752e-05
    4.800000   0.11381403 -7.5945404145021843e-05
    4.800000   0.17842421 -7.4281505019858305e-05
    4.800000   0.24312010 -7.1987772774321354e-05
    4.800000   0.30784849 -6.9172240720982543e-05
    4.800000   0.37259260 -6.5960266102509709e-05
    4.800000   0.43734549 -6.2484518078323819e-05
    4.800000   0.50210377 -5.8875374208048779e-05
    4.800000   0.56686560 -5.5252722914568104e-05
    4.800000   0.63162987 -5.1719875712820107e-05
    4.800000   0.69639591 -4.8359910680044655e-05
    4.800000   0.76116325 -4.5234393896552522e-05
    4.800000   0.82593158 -4.2384129952973837e-05
    4.800000   0.89070068 -3.9831415575715264e-05
    4.800000   0.95547037 -3.7583216363013385e-05
    4.800000   1.02024053 -3.5634732562738523e-05
    4.800000   1.08501108 -3.3972928809503585e-05
    4.800000   1.14978193 -3.2579736925489571e-05
    4.800000   1.21455301 -3.1434770339300877e-05
    4.800000   1.27932429 -3.0517494911204852e-05
    4.800000   1.34409571 -2.9808876337197714e-05
    4.800000   1.40886724 -2.9292569172553479e-05
    4.800000   1.47363885 -2.8955731746817833e-05
    4.800000   1.53841049 -2.8789551369845036e-05
    4.800000   1.60318216 -2.8789551519158974e-05
    4.800000   1.66795381 -2.8955732193250515e-05
    4.800000   1.73272541 -2.9292569911536075e-05
    4.800000   1.79749694 -2.9808877360973325e-05
    4.800000   1.86226837 -3.0517496208666685e-05
    4.800000   1.92703964 -3.1434771895861130e-05
    4.800000   1.99181073 -3.2579738723060927e-05
    4.800000   2.05658157 -3.3972930826699342e-05
    4.800000   2.12135212 -3.5634734775379502e-05
    4.800000   2.18612229 -3.7583218745009921e-05
    4.800000   2.25089198 -3.9831418100356018e-05
    4.800000   2.31566107 -4.2384132594548852e-05
    4.800000   2.38042940 -4.5234396632180056e-05
    4.800000   2.44519674 -4.8359913491432578e-05
    4.800000   2.50996278 -5.1719878587638417e-05
    4.800000   2.57472706 -5.5252725847078167e-05
    4.800000   2.63948889 -5.8875377198680305e-05
    4.800000   2.70424717 -6.2484521132072940e-05
    4.800000   2.76900006 -6.5960269226277433e-05
    4.800000   2.83374417 -6.9172243920269136e-05
    4.800000   2.89847256 -7.1987776049940862e-05
    4.800000   2.96316844 -7.4281508365456355e-05
    4.800000   3.02777863 -7.5945407546072728e-05
    4.800000   3.09200950 -7.6898257599279033e-05
    4.850000   0.04958315 -7.1709331153994770e-05
    4.850000   0.11381403 -7.0822567519599559e-05
    4.850000   0.17842421 -6.9274527718456337e-05
    4.850000   0.24312010 -6.7141448970603194e-05
    4.850000   0.30784849 -6.4524571488235011e-05
    4.850000   0.37259260 -6.1541125444979775e-05
    4.850000   0.43734549 -5.8314880352345484e-05
    4.850000   0.50210377 -5.4967147783759382e-05
    4.850000   0.56686560 -5.1609168724232760e-05
    4.850000   0.63162987 -4.8336522665443165e-05
    4.850000   0.69639591 -4.5225829113467344e-05
    4.850000   0.76116325 -4.2333663520531118e-05
    4.850000   0.82593158 -3.9697342098941449e-05
    4.850000   0.89070068 -3.7337075626257615e-05
    4.850000   0.95547037 -3.5258951435138337e-05
    4.850000   1.02024053 -3.3458251821339318e-05
    4.850000   1.08501108 -3.1922721346554812e-05
    4.850000   1.14978193 -3.0635520468725173e-05
    4.850000   1.21455301 -2.9577721865849341e-05
    4.850000   1.27932429 -2.8730302558279640e-05
    4.850000   1.34409571 -2.8075653072890052e-05
    4.850000   1.40886724 -2.7598665094116065e-05
    4.850000   1.47363885 -2.7287475944143104e-05
    4.850000   1.53841049 -2.7133947848328816e-05
    4.850000   1.60318216 -2.7133947984410771e-05
    4.850000   1.66795381 -2.7287476351176442e-05
    4.850000   1.73272541 -2.7598665768416921e-05
    4.850000   1.79749694 -2.8075654008173709e-05
    4.850000   1.86226837 -2.8730303745495157e-05
    4.850000   1.92703964 -2.9577723293020297e-05
    4.850000   1.99181073 -3.0635522120885664e-05
    4.850000   2.05658157 -3.1922723205855523e-05
    4.850000   2.12135212 -3.3458253867417713e-05
    4.850000   2.18612229 -3.5258953645809856e-05
    4.850000   2.25089198 -3.7337077978544932e-05
    4.850000   2.31566107 -3.9697344570417923e-05
    4.850000   2.38042940 -4.2333666090832884e-05
    4.850000   2.44519674 -4.5225831765791247e-05
    4.850000   2.50996278 -4.8336525387723940e-05
    4.850000   2.57472706 -5.1609171509730063e-05
    4.850000   2.63948889 -5.4967150630777895e-05
    4.850000   2.70424717 -5.8314883262976374e-05
    4.850000   2.76900006 -6.1541128422962083e-05
    4.850000   2.83374417 -6.4524574536264790e-05
    4.850000   2.89847256 -6.7141452087645829e-05
    4.850000   2.96316844 -6.9274530897694704e-05
    4.850000   3.02777863 -7.0822570747594511e-05
    4.850000   3.09200950 -7.1709334411356910e-05
    4.900000   0.04958315 -6.6792146340872451e-05
    4.900000   0.11381403 -6.5970116834962881e-05
    4.900000   0.17842421 -6.4535383597341979e-05
    4.900000   0.24312010 -6.2559042682266096e-05
    4.900000   0.30784849 -6.0135389754663798e-05
    4.900000   0.37259260 -5.7373445590447428e-05
    4.900000   0.43734549 -5.4388108532546857e-05
    4.900000   0.50210377 -5.1291778687490445e-05
    4.900000   0.56686560 -4.8187318219366694e-05
    4.900000   0.63162987 -4.5162924888379668e-05
    4.900000   0.69639591 -4.2289149151953464e-05
    4.900000   0.76116325 -3.9617962508685455e-05
    4.900000   0.82593158 -3.7183542540521189e-05
    4.900000   0.89070068 -3.5004304665673541e-05
    4.900000   0.95547037 -3.3085679394535251e-05
    4.900000   1.02024053 -3.1423183671399291e-05
    4.900000   1.08501108 -3.0005433282782901e-05
    4.900000   1.14978193 -2.8816858941920638e-05
    4.900000   1.21455301 -2.7839997593974115e-05
    4.900000   1.27932429 -2.7057318495377863e-05
    4.900000   1.34409571 -2.6452605267562128e-05
    4.900000   1.40886724 -2.6011951264501830e-05
    4.900000   1.47363885 -2.5724440566099498e-05
    4.900000   1.53841049 -2.5582586236130942e-05
    4.900000   1.60318216 -2.5582586359617406e-05
    4.900000   1.66795381 -2.5724440935597398e-05
    4.900000   1.73272541 -2.6011951877080770e-05
    4.900000   1.79749694 -2.6452606118200478e-05
    4.900000   1.86226837 -2.7057319576787056e-05
    4.900000   1.92703964 -2.7839998896425989e-05
    4.900000   1.99181073 -2.8816860453144994e-05
    4.900000   2.05658157 -3.0005434988008119e-05
    4.900000   2.12135212 -3.1423185553607222e-05
    4.900000   2.18612229 -3.3085681434988880e-05
    4.900000   2.25089198 -3.5004306844747818e-05
    4.900000   2.31566107 -3.7183544838788858e-05
    4.900000   2.38042940 -3.9617964908179904e-05
    4.900000   2.44519674 -4.2289151637423465e-05
    4.900000   2.50996278 -4.5162927448304413e-05
    4.900000   2.57472706 -4.8187320846484517e-05
    4.900000   2.63948889 -5.1291781378626089e-05
    4.900000   2.70424717 -5.4388111287624598e-05
    4.900000   2.76900006 -5.7373448410771562e-05
    4.900000   2.83374417 -6.0135392640731932e-05
    4.900000   2.89847256 -6.2559045631569278e-05
    4.900000   2.96316844 -6.4535386602681717e-05
    4.900000   3.02777863 -6.5970119883747034e-05
    4.900000   3.09200950 -6.6792149415655731e-05
    4.950000   0.04958315 -6.2156715368733075e-05
    4.950000   0.11381403 -6.1397159262894914e-05
    4.950000   0.17842421 -6.0071646556761887e-05
    4.950000   0.24312010 -5.8246124366353029e-05
    4.950000   0.30784849 -5.6007980340867798e-05
    4.950000   0.37259260 -5.3458136024750561e-05
    4.950000   0.43734549 -5.0702819025442549e-05
    4.950000   0.50210377 -4.7845806628215916e-05
    4.950000   0.56686560 -4.4981939141060005e-05
    4.950000   0.63162987 -4.2192425986015795e-05
    4.950000   0.69639591 -3.9542142566423167e-05
    4.950000   0.76116325 -3.7078818750662401e-05
    4.950000   0.82593158 -3.4833800499780872e-05
    4.950000   0.89070068 -3.2823946619942413e-05
    4.950000   0.95547037 -3.1054198505313259e-05
    4.950000   1.02024053 -2.9520409630087231e-05
    4.950000   1.08501108 -2.8212113453840757e-05
    4.950000   1.14978193 -2.7115014828891726e-05
    4.950000   1.21455301 -2.6213089498054260e-05
    4.950000   1.27932429 -2.5490256259251105e-05
    4.950000   1.34409571 -2.4931642184170247e-05
    4.950000   1.40886724 -2.4524493856703315e-05
    4.950000   1.47363885 -2.4258800967430640e-05
    4.950000   1.53841049 -2.4127697802433733e-05
    4.950000   1.60318216 -2.4127697914005350e-05
    4.950000   1.66795381 -2.4258801301398339e-05
    4.950000   1.73272541 -2.4524494410779154e-05
    4.950000   1.79749694 -2.4931642954405258e-05
    4.950000   1.86226837 -2.5490257239863211e-05
    4.950000   1.92703964 -2.6213090681245300e-05
    4.950000   1.99181073 -2.7115016204714484e-05
    4.950000   2.05658157 -2.8212115010190655e-05
    4.950000   2.12135212 -2.9520411352863876e-05
    4.950000   2.18612229 -3.1054200378817954e-05
    4.950000   2.25089198 -3.2823948627533602e-05
    4.950000   2.31566107 -3.4833802624758482e-05
    4.950000   2.38042940 -3.7078820977307200e-05
    4.950000   2.44519674 -3.9542144881048180e-05
    4.950000   2.50996278 -4.2192428377828461e-05
    4.950000   2.57472706 -4.4981941602641346e-05
    4.950000   2.63948889 -4.7845809155414608e-05
    4.950000   2.70424717 -5.0702821616607997e-05
    4.950000   2.76900006 -5.3458138679344865e-05
    4.950000   2.83374417 -5.6007983057693911e-05
    4.950000   2.89847256 -5.8246127141758545e-05
    4.950000   2.96316844 -6.0071649383256147e-05
    4.950000   3.02777863 -6.1397162128570831e-05
    4.950000   3.09200950 -6.2156718257704783e-05
    5.000000   0.04958315 -5.7805348067071469e-05
    5.000000   0.11381403 -5.7105392775346864e-05
    5.000000   0.17842421 -5.5883986528563064e-05
    5.000000   0.24312010 -5.4202030626011222e-05
    5.000000   0.30784849 -5.2140175341477685e-05
    5.000000   0.37259260 -4.9791489358205858e-05
    5.000000   0.43734549 -4.7253850041655720e-05
    5.000000   0.50210377 -4.4622792023324964e-05
    5.000000   0.56686560 -4.1985548273540811e-05
    5.000000   0.63162987 -3.9416757704213442e-05
    5.000000   0.69639591 -3.6976011268651004e-05
    5.000000   0.76116325 -3.4707135860071787e-05
    5.000000   0.82593158 -3.2638916763587111e-05
    5.000000   0.89070068 -3.0786853357830539e-05
    5.000000   0.95547037 -2.9155523817396317e-05
    5.000000   1.02024053 -2.7741181446507576e-05
    5.000000   1.08501108 -2.6534290379561485e-05
    5.000000   1.14978193 -2.5521805885004971e-05
    5.000000   1.21455301 -2.4689095162310415e-05
    5.000000   1.27932429 -2.4021467147957361e-05
    5.000000   1.34409571 -2.3505330395948711e-05
    5.000000   1.40886724 -2.3129027536358032e-05
    5.000000   1.47363885 -2.2883406839023629e-05
    5.000000   1.53841049 -2.2762190600255302e-05
    5.000000   1.60318216 -2.2762190700619453e-05
    5.000000   1.66795381 -2.2883407139548361e-05
    5.000000   1.73272541 -2.3129028035301740e-05
    5.000000   1.79749694 -2.3505331090273554e-05
    5.000000   1.86226837 -2.4021468033162447e-05
    5.000000   1.92703964 -2.4689096232245436e-05
    5.000000   1.99181073 -2.5521807131722242e-05
    5.000000   2.05658157 -2.6534291793254646e-05
    5.000000   2.12135212 -2.7741183015614417e-05
    5.000000   2.18612229 -2.9155525528881210e-05
    5.000000   2.25089198 -3.0786855197700151e-05
    5.000000   2.31566107 -3.2638918717602484e-05
    5.000000   2.38042940 -3.4707137914596239e-05
    5.000000   2.44519674 -3.6976013411528845e-05
    5.000000   2.50996278 -3.9416759925501110e-05
    5.000000   2.57472706 -4.1985550565926134e-05
    5.000000   2.63948889 -4.4622794382073875e-05
    5.000000   2.70424717 -4.7253852464008850e-05
    5.000000   2.76900006 -4.9791491842268049e-05
    5.000000   2.83374417 -5.2140177884777267e-05
    5.000000   2.89847256 -5.4202033224032148e-05
    5.000000   2.96316844 -5.5883989173619622e-05
    5.000000   3.02777863 -5.7105395456109167e-05
    5.000000   3.09200950 -5.7805350768931634e-05
    5.050000   0.04958315 -5.3734665185322017e-05
    5.050000   0.11381403 -5.3091053407470588e-05
    5.050000   0.17842421 -5.1967998283610181e-05
    5.050000   0.24312010 -5.0421535626543895e-05
    5.050000   0.30784849 -4.8525841589663512e-05
    5.050000   0.37259260 -4.6366471212218594e-05
    5.050000   0.43734549 -4.4033352215022498e-05
    5.050000   0.50210377 -4.1614215491622395e-05
    5.050000   0.56686560 -3.9189135112213037e-05
    5.050000   0.63162987 -3.6826607497358349e-05
    5.050000   0.69639591 -3.4581320489154604e-05
    5.050000   0.76116325 -3.2493513736500872e-05
    5.050000   0.82593158 -3.0589652108787692e-05
    5.050000   0.89070068 -2.8884039338991015e-05
    5.050000   0.95547037 -2.7380983886898002e-05
    5.050000   1.02024053 -2.6077173161094775e-05
    5.050000   1.08501108 -2.4963990484644818e-05
    5.050000   1.14978193 -2.4029598156708030e-05
    5.050000   1.21455301 -2.3260692367863116e-05
    5.050000   1.27932429 -2.2643901603938345e-05
    5.050000   1.34409571 -2.2166845969687451e-05
    5.050000   1.40886724 -2.1818901516118020e-05
    5.050000   1.47363885 -2.1591724534306036e-05
    5.050000   1.53841049 -2.1479590034355337e-05
    5.050000   1.60318216 -2.1479590124230212e-05
    5.050000   1.66795381 -2.1591724803515052e-05
    5.050000   1.73272541 -2.1818901963376963e-05
    5.050000   1.79749694 -2.2166846592731737e-05
    5.050000   1.86226837 -2.2643902399352240e-05
    5.050000   1.92703964 -2.3260693330899479e-05
    5.050000   1.99181073 -2.4029599281124548e-05
    5.050000   2.05658157 -2.4963991762618435e-05
    5.050000   2.12135212 -2.6077174583257164e-05
    5.050000   2.18612229 -2.7380985442543229e-05
    5.050000   2.25089198 -2.8884041016463409e-05
    5.050000   2.31566107 -3.0589653896052527e-05
    5.050000   2.38042940 -3.2493515621835649e-05
    5.050000   2.44519674 -3.4581322461873263e-05
    5.050000   2.50996278 -3.6826609548430491e-05
    5.050000   2.57472706 -3.9189137234622782e-05
    5.050000   2.63948889 -4.1614217680351946e-05
    5.050000   2.70424717 -4.4033354466578143e-05
    5.050000   2.76900006 -4.6366473523735396e-05
    5.050000   2.83374417 -4.8525843957737632e-05
    5.050000   2.89847256 -5.0421538046040058e-05
    5.050000   2.96316844 -5.1968000746741937e-05
    5.050000   3.02777863 -5.3091055903419301e-05
    5.050000   3.09200950 -5.3734667700549741e-05
    5.100000   0.04958315 -4.9937183844573327e-05
    5.100000   0.11381403 -4.9346445794210972e-05
    5.100000   0.17842421 -4.8315638308269794e-05
    5.100000   0.24312010 -4.6896163479951235e-05
    5.100000   0.30784849 -4.5156047475076102e-05
    5.100000   0.37259260 -4.3173730610229727e-05
    5.100000   0.43734549 -4.1031641152941374e-05
    5.100000   0.50210377 -3.8810178950719819e-05
    5.100000   0.56686560 -3.6582723597179262e-05
    5.100000   0.63162987 -3.4412056527408549e-05
    5.100000   0.69639591 -3.2348330280584277e-05
    5.100000   0.76116325 -3.0428490886738587e-05
    5.100000   0.82593158 -2.8676896743530470e-05
    5.100000   0.89070068 -2.7106792800538408e-05
    5.100000   0.95547037 -2.5722286335728733e-05
    5.100000   1.02024053 -2.4520511603895552e-05
    5.100000   1.08501108 -2.3493742144179556e-05
    5.100000   1.14978193 -2.2631290429848486e-05
    5.100000   1.21455301 -2.1921109297175825e-05
    5.100000   1.27932429 -2.1351069287932999e-05
    5.100000   1.34409571 -2.0909927535641689e-05
    5.100000   1.40886724 -2.0588027995149466e-05
    5.100000   1.47363885 -2.0377782710969916e-05
    5.100000   1.53841049 -2.0273983189312910e-05
    5.100000   1.60318216 -2.0273983269414366e-05
    5.100000   1.66795381 -2.0377782950988380e-05
    5.100000   1.73272541 -2.0588028394185278e-05
    5.100000   1.79749694 -2.0909928092075674e-05
    5.100000   1.86226837 -2.1351069999269205e-05
    5.100000   1.92703964 -2.1921110159854667e-05
    5.100000   1.99181073 -2.2631291439082781e-05
    5.100000   2.05658157 -2.3493743293841482e-05
    5.100000   2.12135212 -2.4520512886514003e-05
    5.100000   2.18612229 -2.5722287742619423e-05
    5.100000   2.25089198 -2.7106794322102865e-05
    5.100000   2.31566107 -2.8676898369697001e-05
    5.100000   2.38042940 -3.0428492607529604e-05
    5.100000   2.44519674 -3.2348332086704241e-05
    5.100000   2.50996278 -3.4412058410760619e-05
    5.100000   2.57472706 -3.6582725551176631e-05
    5.100000   2.63948889 -3.8810180970285249e-05
    5.100000   2.70424717 -4.1031643234136020e-05
    5.100000   2.76900006 -4.3173732749531870e-05
    5.100000   2.83374417 -4.5156049668434085e-05
    5.100000   2.89847256 -4.6896165721811782e-05
    5.100000   2.96316844 -4.8315640590836019e-05
    5.100000   3.02777863 -4.9346448107139934e-05
    5.100000   3.09200950 -4.9937186175245427e-05
    5.150000   0.04958315 -4.6402556638561098e-05
    5.150000   0.11381403 -4.5861139008777017e-05
    5.150000   0.17842421 -4.4916346842429379e-05
    5.150000   0.24312010 -4.3615212160887283e-05
    5.150000   0.30784849 -4.2019972089316220e-05
    5.150000   0.37259260 -4.0202385748578207e-05
    5.150000   0.43734549 -3.8237858682174749e-05
    5.150000   0.50210377 -3.6199947356597056e-05
    5.150000   0.56686560 -3.4155803887152626e-05
    5.150000   0.63162987 -3.2162913832058427e-05
    5.150000   0.69639591 -3.0267245732381976e-05
    5.150000   0.76116325 -2.8502724411850865e-05
    5.150000   0.82593158 -2.6891793000054467e-05
    5.150000   0.89070068 -2.5446752761595150e-05
    5.150000   0.95547037 -2.4171559186517250e-05
    5.150000   1.02024053 -2.3063790434876920e-05
    5.150000   1.08501108 -2.2116569240957515e-05
    5.150000   1.14978193 -2.1320292712742688e-05
    5.150000   1.21455301 -2.0664092147543381e-05
    5.150000   1.27932429 -2.0136999032540022e-05
    5.150000   1.34409571 -1.9728830998111829e-05
    5.150000   1.40886724 -1.9430833438336959e-05
    5.150000   1.47363885 -1.9236121555295669e-05
    5.150000   1.53841049 -1.9139967095013935e-05
    5.150000   1.60318216 -1.9139967166047927e-05
    5.150000   1.66795381 -1.9236121768218647e-05
    5.150000   1.73272541 -1.9430833792569515e-05
    5.150000   1.79749694 -1.9728831492578774e-05
    5.150000   1.86226837 -2.0136999665512355e-05
    5.150000   1.92703964 -2.0664092916465416e-05
    5.150000   1.99181073 -2.1320293614059639e-05
    5.150000   2.05658157 -2.2116570269989721e-05
    5.150000   2.12135212 -2.3063791585780034e-05
    5.150000   2.18612229 -2.4171560452362236e-05
    5.150000   2.25089198 -2.5446754134578844e-05
    5.150000   2.31566107 -2.6891794471850592e-05
    5.150000   2.38042940 -2.8502725974055498e-05
    5.150000   2.44519674 -3.0267247376994753e-05
    5.150000   2.50996278 -3.2162915551913418e-05
    5.150000   2.57472706 -3.4155805676175691e-05
    5.150000   2.63948889 -3.6199949209817264e-05
    5.150000   2.70424717 -3.8237860595434434e-05
    5.150000   2.76900006 -4.0202387717945198e-05
    5.150000   2.83374417 -4.2019974110319268e-05
    5.150000   2.89847256 -4.3615214227728671e-05
    5.150000   2.96316844 -4.4916348947383312e-05
    5.150000   3.02777863 -4.5861141141956738e-05
    5.150000   3.09200950 -4.6402558788160505e-05
    5.200000   0.04958315 -4.3118533271307893e-05
    5.200000   0.11381403 -4.2622894253222748e-05
    5.200000   0.17842421 -4.1757917653292465e-05
    5.200000   0.24312010 -4.0566546263260406e-05
    5.200000   0.30784849 -3.9105607881082458e-05
    5.200000   0.37259260 -3.7440629780846289e-05
    5.200000   0.43734549 -3.5640480853184755e-05
    5.200000   0.50210377 -3.3772362878041541e-05
    5.200000   0.56686560 -3.1897660223619885e-05
    5.200000   0.63162987 -3.0068967630203845e-05
    5.200000   0.69639591 -2.8328402497371096e-05
    5.200000   0.76116325 -2.6707120598969047e-05
    5.200000   0.82593158 -2.5225821211966823e-05
    5.200000   0.89070068 -2.3895959355838413e-05
    5.200000   0.95547037 -2.2721373560147322e-05
    5.200000   1.02024053 -2.1700071808764530e-05
    5.200000   1.08501108 -2.0825977154262003e-05
    5.200000   1.14978193 -2.0090500786144360e-05
    5.200000   1.21455301 -1.9483871517645309e-05
    5.200000   1.27932429 -1.8996199545099746e-05
    5.200000   1.34409571 -1.8618286400074433e-05
    5.200000   1.40886724 -1.8342212963447626e-05
    5.200000   1.47363885 -1.8161745704119213e-05
    5.200000   1.53841049 -1.8072600971006177e-05
    5.200000   1.60318216 -1.8072601033659710e-05
    5.200000   1.66795381 -1.8161745891989501e-05
    5.200000   1.73272541 -1.8342213276221724e-05
    5.200000   1.79749694 -1.8618286837127052e-05
    5.200000   1.86226837 -1.8996200105344637e-05
    5.200000   1.92703964 -1.9483872199367112e-05
    5.200000   1.99181073 -2.0090501586828467e-05
    5.200000   2.05658157 -2.0825978070456217e-05
    5.200000   2.12135212 -2.1700072836019468e-05
    5.200000   2.18612229 -2.2721374693043992e-05
    5.200000   2.25089198 -2.3895960588139868e-05
    5.200000   2.31566107 -2.5225822536884419e-05
    5.200000   2.38042940 -2.6707122009511327e-05
    5.200000   2.44519674 -2.8328403986734430e-05
    5.200000   2.50996278 -3.0068969192123442e-05
    5.200000   2.57472706 -3.1897661852583613e-05
    5.200000   2.63948889 -3.3772364569304807e-05
    5.200000   2.70424717 -3.5640482602541003e-05
    5.200000   2.76900006 -3.7440631584149747e-05
    5.200000   2.83374417 -3.9105609733625920e-05
    5.200000   2.89847256 -4.0566548159142254e-05
    5.200000   2.96316844 -4.1757919584933070e-05
    5.200000   3.02777863 -4.2622896211185863e-05
    5.200000   3.09200950 -4.3118535244521586e-05
    5.250000   0.04958315 -4.0071700537939449e-05
    5.250000   0.11381403 -3.9618378327248719e-05
    5.250000   0.17842421 -3.8827166269959429e-05
    5.250000   0.24312010 -3.7737205079681862e-05
    5.250000   0.30784849 -3.6400298359645167e-05
    5.250000   0.37259260 -3.4876192862855849e-05
    5.250000   0.43734549 -3.3227703632360790e-05
    5.250000   0.50210377 -3.1516157351487994e-05
    5.250000   0.56686560 -2.9797616066197056e-05
    5.250000   0.63162987 -2.8120170810680567e-05
    5.250000   0.69639591 -2.6522401116328745e-05
    5.250000   0.76116325 -2.5032926614458151e-05
    5.250000   0.82593158 -2.3670856815516952e-05
    5.250000   0.89070068 -2.2446883548718318e-05
    5.250000   0.95547037 -2.1364752217912451e-05
    5.250000   1.02024053 -2.0422878913540308e-05
    5.250000   1.08501108 -1.9615933476411096e-05
    5.250000   1.14978193 -1.8936268389398535e-05
    5.250000   1.21455301 -1.8375128589389546e-05
    5.250000   1.27932429 -1.7923621477761043e-05
    5.250000   1.34409571 -1.7573457268654036e-05
    5.250000   1.40886724 -1.7317487962975816e-05
    5.250000   1.47363885 -1.7150080866225839e-05
    5.250000   1.53841049 -1.7067362391487350e-05
    5.250000   1.60318216 -1.7067362446424962e-05
    5.250000   1.66795381 -1.7150081031017356e-05
    5.250000   1.73272541 -1.7317488237529731e-05
    5.250000   1.79749694 -1.7573457652714793e-05
    5.250000   1.86226837 -1.7923621970775069e-05
    5.250000   1.92703964 -1.8375129190342204e-05
    5.250000   1.99181073 -1.8936269096646943e-05
    5.250000   2.05658157 -1.9615934287543443e-05
    5.250000   2.12135212 -2.0422879825290506e-05
    5.250000   2.18612229 -2.1364753226159630e-05
    5.250000   2.25089198 -2.2446884648582418e-05
    5.250000   2.31566107 -2.3670858001558015e-05
    5.250000   2.38042940 -2.5032927880944199e-05
    5.250000   2.44519674 -2.6522402457551265e-05
    5.250000   2.50996278 -2.8120172221231564e-05
    5.250000   2.57472706 -2.9797617541149015e-05
    5.250000   2.63948889 -3.1516158886406786e-05
    5.250000   2.70424717 -3.3227705223115479e-05
    5.250000   2.76900006 -3.4876194505240259e-05
    5.250000   2.83374417 -3.6400300048864292e-05
    5.250000   2.89847256 -3.7737206809847027e-05
    5.250000   2.96316844 -3.8827168033697104e-05
    5.250000   3.02777863 -3.9618380115575178e-05
    5.250000   3.09200950 -4.0071702340465032e-05
    5.300000   0.04958315 -3.7248045797035455e-05
    5.300000   0.11381403 -3.6833706511497680e-05
    5.300000   0.17842421 -3.6110437739597504e-05
    5.300000   0.24312010 -3.5113863647870566e-05
    5.300000   0.30784849 -3.3891144505134697e-05
    5.300000   0.37259260 -3.2496689844901623e-05
    5.300000   0.43734549 -3.0987731368853758e-05
    5.300000   0.50210377 -2.9420183985482255e-05
    5.300000   0.56686560 -2.7845213684053255e-05
    5.300000   0.63162987 -2.6306774428873143e-05
    5.300000   0.69639591 -2.4840201067594651e-05
    5.300000   0.76116325 -2.3471791788919416e-05
    5.300000   0.82593158 -2.2219205160071818e-05
    5.300000   0.89070068 -2.1092441104840667e-05
    5.300000   0.95547037 -2.0095167526699679e-05
    5.300000   1.02024053 -1.9226181952960560e-05
    5.300000   1.08501108 -1.8480845248487704e-05
    5.300000   1.14978193 -1.7852378240120283e-05
    5.300000   1.21455301 -1.7332961855787502e-05
    5.300000   1.27932429 -1.6914621285662095e-05
    5.300000   1.34409571 -1.6589902625216788e-05
    5.300000   1.40886724 -1.6352366981643559e-05
    5.300000   1.47363885 -1.6196934062559970e-05
    5.300000   1.53841049 -1.6120107241610308e-05
    5.300000   1.60318216 -1.6120107289466399e-05
    5.300000   1.66795381 -1.6196934206167298e-05
    5.300000   1.73272541 -1.6352367221086220e-05
    5.300000   1.79749694 -1.6589902960544128e-05
    5.300000   1.86226837 -1.6914621716758029e-05
    5.300000   1.92703964 -1.7332962382216378e-05
    5.300000   1.99181073 -1.7852378860966858e-05
    5.300000   2.05658157 -1.8480845962212512e-05
    5.300000   2.12135212 -1.9226182757300577e-05
    5.300000   2.18612229 -2.0095168418643713e-05
    5.300000   2.25089198 -2.1092442080677028e-05
    5.300000   2.31566107 -2.2219206215537114e-05
    5.300000   2.38042940 -2.3471792919402130e-05
    5.300000   2.44519674 -2.4840202268375408e-05
    5.300000   2.50996278 -2.6306775695349697e-05
    5.300000   2.57472706 -2.7845215011885065e-05
    5.300000   2.63948889 -2.9420185370594877e-05
    5.300000   2.70424717 -3.0987732807290367e-05
    5.300000   2.76900006 -3.2496691332507309e-05
    5.300000   2.83374417 -3.3891146037145990e-05
    5.300000   2.89847256 -3.5113865218501866e-05
    5.300000   2.96316844 -3.6110439341736112e-05
    5.300000   3.02777863 -3.6833708136618901e-05
    5.300000   3.09200950 -3.7248047435390115e-05
    5.350000   0.04958315 -3.4633380404625550e-05
    5.350000   0.11381403 -3.4254850120536928e-05
    5.350000   0.17842421 -3.3593987089850844e-05
    5.350000   0.24312010 -3.2683177199575690e-05
    5.350000   0.30784849 -3.1565307110906909e-05
    5.350000   0.37259260 -3.0289877391014383e-05
    5.350000   0.43734549 -2.8908988342788221e-05
    5.350000   0.50210377 -2.7473585290663150e-05
    5.350000   0.56686560 -2.6030342113093625e-05
    5.350000   0.63162987 -2.4619420394036645e-05
    5.350000   0.69639591 -2.3273183369797024e-05
    5.350000   0.76116325 -2.2015805339349246e-05
    5.350000   0.82593158 -2.0863619239636378e-05
    5.350000   0.89070068 -1.9825994696921084e-05
    5.350000   0.95547037 -1.8906531688816199e-05
    5.350000   1.02024053 -1.8104379592470024e-05
    5.350000   1.08501108 -1.7415534099376483e-05
    5.350000   1.14978193 -1.6834012787381097e-05
    5.350000   1.21455301 -1.6352854931158892e-05
    5.350000   1.27932429 -1.5964927141355359e-05
    5.350000   1.34409571 -1.5663541735649919e-05
    5.350000   1.40886724 -1.5442909793083737e-05
    5.350000   1.47363885 -1.5298457346568062e-05
    5.350000   1.53841049 -1.5227033286975524e-05
    5.350000   1.60318216 -1.5227033328355436e-05
    5.350000   1.66795381 -1.5298457470792660e-05
    5.350000   1.73272541 -1.5442910000380797e-05
    5.350000   1.79749694 -1.5663542026313890e-05
    5.350000   1.86226837 -1.5964927515627164e-05
    5.350000   1.92703964 -1.6352855389079496e-05
    5.350000   1.99181073 -1.6834013328636157e-05
    5.350000   2.05658157 -1.7415534723152203e-05
    5.350000   2.12135212 -1.8104380297349877e-05
    5.350000   2.18612229 -1.8906532472728346e-05
    5.350000   2.25089198 -1.9825995557162127e-05
    5.350000   2.31566107 -2.0863620172962853e-05
    5.350000   2.38042940 -2.2015806342131515e-05
    5.350000   2.44519674 -2.3273184438209201e-05
    5.350000   2.50996278 -2.4619421524224467e-05
    5.350000   2.57472706 -2.6030343301288381e-05
    5.350000   2.63948889 -2.7473586533184891e-05
    5.350000   2.70424717 -2.8908989635918466e-05
    5.350000   2.76900006 -3.0289878730735411e-05
    5.350000   2.83374417 -3.1565308492576021e-05
    5.350000   2.89847256 -3.2683178617585524e-05
    5.350000   2.96316844 -3.3593988537391791e-05
    5.350000   3.02777863 -3.4254851589548547e-05
    5.350000   3.09200950 -3.4633381885971683e-05
    5.400000   0.04958315 -3.2213652519354906e-05
    5.400000   0.11381403 -3.1867937159724367e-05
    5.400000   0.17842421 -3.1264259268696306e-05
    5.400000   0.24312010 -3.0432033573473878e-05
    5.400000   0.30784849 -2.9410227036251528e-05
    5.400000   0.37259260 -2.8243839727823891e-05
    5.400000   0.43734549 -2.6980269795676328e-05
    5.400000   0.50210377 -2.5665910945136088e-05
    5.400000   0.56686560 -2.4343324707984331e-05
    5.400000   0.63162987 -2.3049202367085819e-05
    5.400000   0.69639591 -2.1813188847053415e-05
    5.400000   0.76116325 -2.0657516027398582e-05
    5.400000   0.82593158 -1.9597304516417899e-05
    5.400000   0.89070068 -1.8641347253112793e-05
    5.400000   0.95547037 -1.7793181479006285e-05
    5.400000   1.02024053 -1.7052277441998746e-05
    5.400000   1.08501108 -1.6415210344962651e-05
    5.400000   1.14978193 -1.5876725361811826e-05
    5.400000   1.21455301 -1.5430645811978869e-05
    5.400000   1.27932429 -1.5070607056417026e-05
    5.400000   1.34409571 -1.4790621595965623e-05
    5.400000   1.40886724 -1.4585494564245956e-05
    5.400000   1.47363885 -1.4451114826808090e-05
    5.400000   1.53841049 -1.4384647146679692e-05
    5.400000   1.60318216 -1.4384647182155221e-05
    5.400000   1.66795381 -1.4451114933356307e-05
    5.400000   1.73272541 -1.4585494742208861e-05
    5.400000   1.79749694 -1.4790621845833580e-05
    5.400000   1.86226837 -1.5070607378718814e-05
    5.400000   1.92703964 -1.5430646207141636e-05
    5.400000   1.99181073 -1.5876725830012340e-05
    5.400000   2.05658157 -1.6415210885991969e-05
    5.400000   2.12135212 -1.7052278055144961e-05
    5.400000   2.18612229 -1.7793182162993153e-05
    5.400000   2.25089198 -1.8641348006093089e-05
    5.400000   2.31566107 -1.9597305336031296e-05
    5.400000   2.38042940 -2.0657516910878998e-05
    5.400000   2.44519674 -2.1813189791368689e-05
    5.400000   2.50996278 -2.3049203369067503e-05
    5.400000   2.57472706 -2.4343325764415654e-05
    5.400000   2.63948889 -2.5665912052743255e-05
    5.400000   2.70424717 -2.6980270951020947e-05
    5.400000   2.76900006 -2.8243840927094706e-05
    5.400000   2.83374417 -2.9410228274990695e-05
    5.400000   2.89847256 -3.0432034846310024e-05
    5.400000   2.96316844 -3.1264260569157706e-05
    5.400000   3.02777863 -3.1867938480218327e-05
    5.400000   3.09200950 -3.2213653851336286e-05
    5.450000   0.04958315 -2.9975172948816635e-05
    5.450000   0.11381403 -2.9659468973872308e-05
    5.450000   0.17842421 -2.9108090115415909e-05
    5.450000   0.24312010 -2.8347733371500258e-05
    5.450000   0.30784849 -2.7413781072929208e-05
    5.450000   0.37259260 -2.6347118493214695e-05
    5.450000   0.43734549 -2.5190845656155041e-05
    5.450000   0.50210377 -2.3987196637675587e-05
    5.450000   0.56686560 -2.2774975327612035e-05
    5.450000   0.63162987 -2.1587702120479790e-05
    5.450000   0.69639591 -2.0452537761323813e-05
    5.450000   0.76116325 -1.9389938153027967e-05
    5.450000   0.82593158 -1.8413914158438155e-05
    5.450000   0.89070068 -1.7532728992970740e-05
    5.450000   0.95547037 -1.6749859245592827e-05
    5.450000   1.02024053 -1.6065064789651850e-05
    5.450000   1.08501108 -1.5475446842575562e-05
    5.450000   1.14978193 -1.4976412199032281e-05
    5.450000   1.21455301 -1.4562497826047980e-05
    5.450000   1.27932429 -1.4228039272513499e-05
    5.450000   1.34409571 -1.3967687089959706e-05
    5.450000   1.40886724 -1.3776787958456470e-05
    5.450000   1.47363885 -1.3651652789524245e-05
    5.450000   1.53841049 -1.3589734442109444e-05
    5.450000   1.60318216 -1.3589734472218477e-05
    5.450000   1.66795381 -1.3651652880004544e-05
    5.450000   1.73272541 -1.3776788109737683e-05
    5.450000   1.79749694 -1.3967687302686942e-05
    5.450000   1.86226837 -1.4228039547441168e-05
    5.450000   1.92703964 -1.4562498163914310e-05
    5.450000   1.99181073 -1.4976412600415441e-05
    5.450000   2.05658157 -1.5475447307759046e-05
    5.450000   2.12135212 -1.6065065318510355e-05
    5.450000   2.18612229 -1.6749859837516876e-05
    5.450000   2.25089198 -1.7532729646839280e-05
    5.450000   2.31566107 -1.8413914872648882e-05
    5.450000   2.38042940 -1.9389938925567148e-05
    5.450000   2.44519674 -2.0452538589863395e-05
    5.450000   2.50996278 -2.1587703002477522e-05
    5.450000   2.57472706 -2.2774976260369257e-05
    5.450000   2.63948889 -2.3987197618324526e-05
    5.450000   2.70424717 -2.5190846681569030e-05
    5.450000   2.76900006 -2.6347119559830224e-05
    5.450000   2.83374417 -2.7413782176523559e-05
    5.450000   2.89847256 -2.8347734506979227e-05
    5.450000   2.96316844 -2.9108091276671578e-05
    5.450000   3.02777863 -2.9659470153783501e-05
    5.450000   3.09200950 -2.9975174139410174e-05
    5.500000   0.04958315 -2.7904773046047998e-05
    5.500000   0.11381403 -2.7616471270277710e-05
    5.500000   0.17842421 -2.7112845676170920e-05
    5.500000   0.24312010 -2.6418113749512962e-05
    5.500000   0.30784849 -2.5564387650382583e-05
    5.500000   0.37259260 -2.4588799115439920e-05
    5.500000   0.43734549 -2.3530527576327169e-05
    5.500000   0.50210377 -2.2428012755899106e-05
    5.500000   0.56686560 -2.1316630405397016e-05
    5.500000   0.63162987 -2.0227007169186158e-05
    5.500000   0.69639591 -1.9184035370802822e-05
    5.500000   0.76116325 -1.8206547386716308e-05
    5.500000   0.82593158 -1.7307537322678395e-05
    5.500000   0.89070068 -1.6494780077852169e-05
    5.500000   0.95547037 -1.5771691540296600e-05
    5.500000   1.02024053 -1.5138290511701057e-05
    5.500000   1.08501108 -1.4592153187493027e-05
    5.500000   1.14978193 -1.4129285666064081e-05
    5.500000   1.21455301 -1.3744872407356489e-05
    5.500000   1.27932429 -1.3433884918165680e-05
    5.500000   1.34409571 -1.3191553714499134e-05
    5.500000   1.40886724 -1.3013718004094723e-05
    5.500000   1.47363885 -1.2897072705561495e-05
    5.500000   1.53841049 -1.2839332885528865e-05
    5.500000   1.60318216 -1.2839332910777943e-05
    5.500000   1.66795381 -1.2897072781481439e-05
    5.500000   1.73272541 -1.3013718131183160e-05
    5.500000   1.79749694 -1.3191553893519959e-05
    5.500000   1.86226837 -1.3433885150051005e-05
    5.500000   1.92703964 -1.3744872693088747e-05
    5.500000   1.99181073 -1.4129286006542342e-05
    5.500000   2.05658157 -1.4592153583402064e-05
    5.500000   2.12135212 -1.5138290963395684e-05
    5.500000   2.18612229 -1.5771692047723796e-05
    5.500000   2.25089198 -1.6494780640504582e-05
    5.500000   2.31566107 -1.7307537939596536e-05
    5.500000   2.38042940 -1.8206548056539169e-05
    5.500000   2.44519674 -1.9184036091824331e-05
    5.500000   2.50996278 -2.0227007939426780e-05
    5.500000   2.57472706 -2.1316631222641994e-05
    5.500000   2.63948889 -2.2428013617680012e-05
    5.500000   2.70424717 -2.3530528479840656e-05
    5.500000   2.76900006 -2.4588800057400191e-05
    5.500000   2.83374417 -2.5564388626836801e-05
    5.500000   2.89847256 -2.6418114755676502e-05
    5.500000   2.96316844 -2.7112846706314813e-05
    5.500000   3.02777863 -2.7616472317750633e-05
    5.500000   3.09200950 -2.7904774103434344e-05
    5.550000   0.04958315 -2.5989909884060286e-05
    5.550000   0.11381403 -2.5726594243059390e-05
    5.550000   0.17842421 -2.5266513735770387e-05
    5.550000   0.24312010 -2.4631628574970670e-05
    5.550000   0.30784849 -2.3851073777348833e-05
    5.550000   0.37259260 -2.2958563681459517e-05
    5.550000   0.43734549 -2.1989707779884529e-05
    5.550000   0.50210377 -2.0979490015564746e-05
    5.550000   0.56686560 -1.9960162700521779e-05
    5.550000   0.63162987 -1.8959714306858104e-05
    5.550000   0.69639591 -1.8000967040748708e-05
    5.550000   0.76116325 -1.7101269214936681e-05
    5.550000   0.82593158 -1.6272682554883764e-05
    5.550000   0.89070068 -1.5522530377371197e-05
    5.550000   0.95547037 -1.4854166425605246e-05
    5.550000   1.02024053 -1.4267838853633755e-05
    5.550000   1.08501108 -1.3761550673655414e-05
    5.550000   1.14978193 -1.3331848906102980e-05
    5.550000   1.21455301 -1.2974503757778962e-05
    5.550000   1.27932429 -1.2685062879560216e-05
    5.550000   1.34409571 -1.2459282740404891e-05
    5.550000   1.40886724 -1.2293449542217583e-05
    5.550000   1.47363885 -1.2184606901175698e-05
    5.550000   1.53841049 -1.2130708071905876e-05
    5.550000   1.60318216 -1.2130708092765499e-05
    5.550000   1.66795381 -1.2184606963944207e-05
    5.550000   1.73272541 -1.2293449647442073e-05
    5.550000   1.79749694 -1.2459282888936021e-05
    5.550000   1.86226837 -1.2685063072466185e-05
    5.550000   1.92703964 -1.2974503996230687e-05
    5.550000   1.99181073 -1.3331849191252981e-05
    5.550000   2.05658157 -1.3761551006509451e-05
    5.550000   2.12135212 -1.4267839234939226e-05
    5.550000   2.18612229 -1.4854166855766360e-05
    5.550000   2.25089198 -1.5522530856391829e-05
    5.550000   2.31566107 -1.6272683082355304e-05
    5.550000   2.38042940 -1.7101269790053194e-05
    5.550000   2.44519674 -1.8000967662351104e-05
    5.550000   2.50996278 -1.8959714973470103e-05
    5.550000   2.57472706 -1.9960163410375599e-05
    5.550000   2.63948889 -2.0979490766575846e-05
    5.550000   2.70424717 -2.1989708569576852e-05
    5.550000   2.76900006 -2.2958564506840391e-05
    5.550000   2.83374417 -2.3851074634760499e-05
    5.550000   2.89847256 -2.4631629459953563e-05
    5.550000   2.96316844 -2.5266514642990192e-05
    5.550000   3.02777863 -2.5726595166331075e-05
    5.550000   3.09200950 -2.5989910816507880e-05
    5.600000   0.04958315 -2.4218730872800467e-05
    5.600000   0.11381403 -2.3978173563212423e-05
    5.600000   0.17842421 -2.3557758646874002e-05
    5.600000   0.24312010 -2.2977395122673242e-05
    5.600000   0.30784849 -2.2263512323334842e-05
    5.600000   0.37259260 -2.1446718246095826e-05
    5.600000   0.43734549 -2.0559376505777602e-05
    5.600000   0.50210377 -1.9633327687814661e-05
    5.600000   0.56686560 -1.8697981343176118e-05
    5.600000   0.63162987 -1.7778922726781361e-05
    5.600000   0.69639591 -1.6897085775939568e-05
    5.600000   0.76116325 -1.6068462182948176e-05
    5.600000   0.82593158 -1.5304257924027342e-05
    5.600000   0.89070068 -1.4611377511691839e-05
    5.600000   0.95547037 -1.3993110255425395e-05
    5.600000   1.02024053 -1.3449905593642685e-05
    5.600000   1.08501108 -1.2980148311350051e-05
    5.600000   1.14978193 -1.2580872029035077e-05
    5.600000   1.21455301 -1.2248375399892397e-05
    5.600000   1.27932429 -1.1978726799879145e-05
    5.600000   1.34409571 -1.1768158659729594e-05
    5.600000   1.40886724 -1.1613362060758574e-05
    5.600000   1.47363885 -1.1511696673710758e-05
    5.600000   1.53841049 -1.1461331742229396e-05
    5.600000   1.60318216 -1.1461331759137768e-05
    5.600000   1.66795381 -1.1511696724637440e-05
    5.600000   1.73272541 -1.1613362146285023e-05
    5.600000   1.79749694 -1.1768158780771158e-05
    5.600000   1.86226837 -1.1978726957601257e-05
    5.600000   1.92703964 -1.2248375595609616e-05
    5.600000   1.99181073 -1.2580872264093628e-05
    5.600000   2.05658157 -1.2980148587009922e-05
    5.600000   2.12135212 -1.3449905910964433e-05
    5.600000   2.18612229 -1.3993110615187143e-05
    5.600000   2.25089198 -1.4611377914323321e-05
    5.600000   2.31566107 -1.5304258369578957e-05
    5.600000   2.38042940 -1.6068462671092989e-05
    5.600000   2.44519674 -1.6897086305990686e-05
    5.600000   2.50996278 -1.7778923297712324e-05
    5.600000   2.57472706 -1.8697981953625638e-05
    5.600000   2.63948889 -1.9633328336062098e-05
    5.600000   2.70424717 -2.0559377189670374e-05
    5.600000   2.76900006 -2.1446718962943025e-05
    5.600000   2.83374417 -2.2263513069785313e-05
    5.600000   2.89847256 -2.2977395894606811e-05
    5.600000   2.96316844 -2.3557759439350909e-05
    5.600000   3.02777863 -2.3978174370511851e-05
    5.600000   3.09200950 -2.4218731688566751e-05
    5.650000   0.04958315 -2.2580107504214515e-05
    5.650000   0.11381403 -2.2360261601385519e-05
    5.650000   0.17842421 -2.1975948279094363e-05
    5.650000   0.24312010 -2.1445215405165546e-05
    5.650000   0.30784849 -2.0792036884486154e-05
    5.650000   0.37259260 -2.0044200906576294e-05
    5.650000   0.43734549 -1.9231123438446045e-05
    5.650000   0.50210377 -1.8381788913787490e-05
    5.650000   0.56686560 -1.7523021827518252e-05
    5.650000   0.63162987 -1.6678219633227036e-05
    5.650000   0.69639591 -1.5866594430764940e-05
    5.650000   0.76116325 -1.5102897641462085e-05
    5.650000   0.82593158 -1.4397549144058960e-05
    5.650000   0.89070068 -1.3757064055092433e-05
    5.650000   0.95547037 -1.3184664522909369e-05
    5.650000   1.02024053 -1.2680974955059015e-05
    5.650000   1.08501108 -1.2244720093935474e-05
    5.650000   1.14978193 -1.1873369908090605e-05
    5.650000   1.21455301 -1.1563698583666679e-05
    5.650000   1.27932429 -1.1312244098929837e-05
    5.650000   1.34409571 -1.1115668761012926e-05
    5.650000   1.40886724 -1.0971029723003490e-05
    5.650000   1.47363885 -1.0875972639016913e-05
    5.650000   1.53841049 -1.0828862295321595e-05
    5.650000   1.60318216 -1.0828862308685958e-05
    5.650000   1.66795381 -1.0875972679317158e-05
    5.650000   1.73272541 -1.0971029790845039e-05
    5.650000   1.79749694 -1.1115668857351809e-05
    5.650000   1.86226837 -1.1312244225000042e-05
    5.650000   1.92703964 -1.1563698740887802e-05
    5.650000   1.99181073 -1.1873370097952896e-05
    5.650000   2.05658157 -1.2244720317894755e-05
    5.650000   2.12135212 -1.2680975214424828e-05
    5.650000   2.18612229 -1.3184664818760896e-05
    5.650000   2.25089198 -1.3757064388204701e-05
    5.650000   2.31566107 -1.4397549514868987e-05
    5.650000   2.38042940 -1.5102898050048263e-05
    5.650000   2.44519674 -1.5866594876848231e-05
    5.650000   2.50996278 -1.6678220116175933e-05
    5.650000   2.57472706 -1.7523022346344110e-05
    5.650000   2.63948889 -1.8381789467106118e-05
    5.650000   2.70424717 -1.9231124024419342e-05
    5.650000   2.76900006 -2.0044201522816951e-05
    5.650000   2.83374417 -2.0792037527953127e-05
    5.650000   2.89847256 -2.1445216072083195e-05
    5.650000   2.96316844 -2.1975948964917581e-05
    5.650000   3.02777863 -2.2360262300845631e-05
    5.650000   3.09200950 -2.2580108211462493e-05
    5.700000   0.04958315 -2.1063645908679703e-05
    5.700000   0.11381403 -2.0862636313263763e-05
    5.700000   0.17842421 -2.0511160084821664e-05
    5.700000   0.24312010 -2.0025578557089090e-05
    5.700000   0.30784849 -1.9427639974877277e-05
    5.700000   0.37259260 -1.8742575650594935e-05
    5.700000   0.43734549 -1.7997127388488739e-05
    5.700000   0.50210377 -1.7217686651175526e-05
    5.700000   0.56686560 -1.6428728829758240e-05
    5.700000   0.63162987 -1.5651660623099095e-05
    5.700000   0.69639591 -1.4904124357793901e-05
    5.700000   0.76116325 -1.4199737319031035e-05
    5.700000   0.82593158 -1.3548196642201649e-05
    5.700000   0.89070068 -1.2955654566897262e-05
    5.700000   0.95547037 -1.2425263209205254e-05
    5.700000   1.02024053 -1.1957797520533955e-05
    5.700000   1.08501108 -1.1552283627955466e-05
    5.700000   1.14978193 -1.1206581592846146e-05
    5.700000   1.21455301 -1.0917892480279813e-05
    5.700000   1.27932429 -1.0683176890647967e-05
    5.700000   1.34409571 -1.0499484670937294e-05
    5.700000   1.40886724 -1.0364203402448008e-05
    5.700000   1.47363885 -1.0275237106583015e-05
    5.700000   1.53841049 -1.0231127336448654e-05
    5.700000   1.60318216 -1.0231127346643892e-05
    5.700000   1.66795381 -1.0275237137379549e-05
    5.700000   1.73272541 -1.0364203454464233e-05
    5.700000   1.79749694 -1.0499484745155144e-05
    5.700000   1.86226837 -1.0683176988344076e-05
    5.700000   1.92703964 -1.0917892602943675e-05
    5.700000   1.99181073 -1.1206581742072285e-05
    5.700000   2.05658157 -1.1552283805345314e-05
    5.700000   2.12135212 -1.1957797727589153e-05
    5.700000   2.18612229 -1.2425263447244058e-05
    5.700000   2.25089198 -1.2955654836977375e-05
    5.700000   2.31566107 -1.3548196945074955e-05
    5.700000   2.38042940 -1.4199737655118090e-05
    5.700000   2.44519674 -1.4904124727165004e-05
    5.700000   2.50996278 -1.5651661025472274e-05
    5.700000   2.57472706 -1.6428729264473769e-05
    5.700000   2.63948889 -1.7217687117166135e-05
    5.700000   2.70424717 -1.7997127884215364e-05
    5.700000   2.76900006 -1.8742576173964989e-05
    5.700000   2.83374417 -1.9427640523162442e-05
    5.700000   2.89847256 -2.0025579126856915e-05
    5.700000   2.96316844 -2.0511160671914061e-05
    5.700000   3.02777863 -2.0862636912855008e-05
    5.700000   3.09200950 -2.1063646515408790e-05
    5.750000   0.04958315 -1.9659680291197438e-05
    5.750000   0.11381403 -1.9475793655073582e-05
    5.750000   0.17842421 -1.9154171805845012e-05
    5.750000   0.24312010 -1.8709649339342766e-05
    5.750000   0.30784849 -1.8161959070600509e-05
    5.750000   0.37259260 -1.7534015923136902e-05
    5.750000   0.43734549 -1.6850137577531083e-05
    5.750000   0.50210377 -1.6134363034471640e-05
    5.750000   0.56686560 -1.5409034102270850e-05
    5.750000   0.63162987 -1.4693746613289679e-05
    5.750000   0.69639591 -1.4004711857062383e-05
    5.750000   0.76116325 -1.3354509733050797e-05
    5.750000   0.82593158 -1.2752172298373451e-05
    5.750000   0.89070068 -1.2203512941558398e-05
    5.750000   0.95547037 -1.1711610940598492e-05
    5.750000   1.02024053 -1.1277369312344949e-05
    5.750000   1.08501108 -1.0900080181851917e-05
    5.750000   1.14978193 -1.0577951311977143e-05
    5.750000   1.21455301 -1.0308566076315858e-05
    5.750000   1.27932429 -1.0089264668444422e-05
    5.750000   1.34409571 -9.9174457020523459e-06
    5.750000   1.40886724 -9.7907945434591729e-06
    5.750000   1.47363885 -9.7074482894708188e-06
    5.750000   1.53841049 -9.6661080640170246e-06
    5.750000   1.60318216 -9.6661080713903905e-06
    5.750000   1.66795381 -9.7074483118013347e-06
    5.750000   1.73272541 -9.7907945813675768e-06
    5.750000   1.79749694 -9.9174457565318161e-06
    5.750000   1.86226837 -1.0089264740795624e-05
    5.750000   1.92703964 -1.0308566168068103e-05
    5.750000   1.99181073 -1.0577951424798201e-05
    5.750000   2.05658157 -1.0900080317446735e-05
    5.750000   2.12135212 -1.1277369472359798e-05
    5.750000   2.18612229 -1.1711611126534706e-05
    5.750000   2.25089198 -1.2203513154698709e-05
    5.750000   2.31566107 -1.2752172539729196e-05
    5.750000   2.38042940 -1.3354510003325783e-05
    5.750000   2.44519674 -1.4004712156625822e-05
    5.750000   2.50996278 -1.4693746942159167e-05
    5.750000   2.57472706 -1.5409034460084625e-05
    5.750000   2.63948889 -1.6134363420449630e-05
    5.750000   2.70424717 -1.6850137990417520e-05
    5.750000   2.76900006 -1.7534016361128115e-05
    5.750000   2.83374417 -1.8161959531271924e-05
    5.750000   2.89847256 -1.8709649819597705e-05
    5.750000   2.96316844 -1.9154172301907171e-05
    5.750000   3.02777863 -1.9475794162543753e-05
    5.750000   3.09200950 -1.9659680805183905e-05
    5.800000   0.04958315 -1.8359254015987814e-05
    5.800000   0.11381403 -1.8190928139080928e-05
    5.800000   0.17842421 -1.7896441159095792e-05
    5.800000   0.24312010 -1.7489246738962901e-05
    5.800000   0.30784849 -1.6987254056561503e-05
    5.800000   0.37259260 -1.6411281001178058e-05
    5.800000   0.43734549 -1.5783449147920744e-05
    5.800000   0.50210377 -1.5125664316369199e-05
    5.800000   0.56686560 -1.4458331190576204e-05
    5.800000   0.63162987 -1.3799398683656128e-05
    5.800000   0.69639591 -1.3163773468693512e-05
    5.800000   0.76116325 -1.2563086205343511e-05
    5.800000   0.82593158 -1.2005756393556436e-05
    5.800000   0.89070068 -1.1497280431773374e-05
    5.800000   0.95547037 -1.1040662162755584e-05
    5.800000   1.02024053 -1.0636912135061761e-05
    5.800000   1.08501108 -1.0285556164061693e-05
    5.800000   1.14978193 -9.9851110128512504e-06
    5.800000   1.21455301 -9.7335016688628316e-06
    5.800000   1.27932429 -9.5284086256337835e-06
    5.800000   1.34409571 -9.3675438507295081e-06
    5.800000   1.40886724 -9.2488606765965176e-06
    5.800000   1.47363885 -9.1707061686311036e-06
    5.800000   1.53841049 -9.1319253095376838e-06
    5.800000   1.60318216 -9.1319253144059616e-06
    5.800000   1.66795381 -9.1707061834464061e-06
    5.800000   1.73272541 -9.2488607019764809e-06
    5.800000   1.79749694 -9.3675438876641324e-06
    5.800000   1.86226837 -9.5284086754306438e-06
    5.800000   1.92703964 -9.7335017330717694e-06
    5.800000   1.99181073 -9.9851110931818019e-06
    5.800000   2.05658157 -1.0285556262287999e-05
    5.800000   2.12135212 -1.0636912252932450e-05
    5.800000   2.18612229 -1.1040662301911630e-05
    5.800000   2.25089198 -1.1497280593674089e-05
    5.800000   2.31566107 -1.2005756579419939e-05
    5.800000   2.38042940 -1.2563086416107531e-05
    5.800000   2.44519674 -1.3163773704977826e-05
    5.800000   2.50996278 -1.3799398945738886e-05
    5.800000   2.57472706 -1.4458331478356793e-05
    5.800000   2.63948889 -1.5125664629332506e-05
    5.800000   2.70424717 -1.5783449485074172e-05
    5.800000   2.76900006 -1.6411281360992375e-05
    5.800000   2.83374417 -1.6987254436907360e-05
    5.800000   2.89847256 -1.7489247137071205e-05
    5.800000   2.96316844 -1.7896441571557910e-05
    5.800000   3.02777863 -1.8190928561909628e-05
    5.800000   3.09200950 -1.8359254444740802e-05
    5.850000   0.04958315 -1.7154092064338336e-05
    5.850000   0.11381403 -1.6999905128846512e-05
    5.850000   0.17842421 -1.6730077887397555e-05
    5.850000   0.24312010 -1.6356815765105129e-05
    5.850000   0.30784849 -1.5896378840554299e-05
    5.850000   0.37259260 -1.5367687577532081e-05
    5.850000   0.43734549 -1.4790874929129806e-05
    5.850000   0.50210377 -1.4185913064707237e-05
    5.850000   0.56686560 -1.3571448315711666e-05
    5.850000   0.63162987 -1.2963931880957318e-05
    5.850000   0.69639591 -1.2377080896072151e-05
    5.850000   0.76116325 -1.1821657051662913e-05
    5.850000   0.82593158 -1.1305515157102922e-05
    5.850000   0.89070068 -1.0833854590329996e-05
    5.850000   0.95547037 -1.0409601464093049e-05
    5.850000   1.02024053 -1.0033855224975150e-05
    5.850000   1.08501108 -9.7063460086655957e-06
    5.850000   1.14978193 -9.4258643670409234e-06
    5.850000   1.21455301 -9.1906398549896052e-06
    5.850000   1.27932429 -8.9986574791815288e-06
    5.850000   1.34409571 -8.8479102962060218e-06
    5.850000   1.40886724 -8.7365924280280338e-06
    5.850000   1.47363885 -8.6632398441740251e-06
    5.850000   1.53841049 -8.6268270602662983e-06
    5.850000   1.60318216 -8.6268270629218076e-06
    5.850000   1.66795381 -8.6632398523460126e-06
    5.850000   1.73272541 -8.7365924423262769e-06
    5.850000   1.79749694 -8.8479103176097397e-06
    5.850000   1.86226837 -8.9986575089907426e-06
    5.850000   1.92703964 -9.1906398947561165e-06
    5.850000   1.99181073 -9.4258644184901349e-06
    5.850000   2.05658157 -9.7063460736126889e-06
    5.850000   2.12135212 -1.0033855305238938e-05
    5.850000   2.18612229 -1.0409601561415032e-05
    5.850000   2.25089198 -1.0833854706302066e-05
    5.850000   2.31566107 -1.1305515293107171e-05
    5.850000   2.38042940 -1.1821657208826932e-05
    5.850000   2.44519674 -1.2377081075225542e-05
    5.850000   2.50996278 -1.2963932082599264e-05
    5.850000   2.57472706 -1.3571448539973539e-05
    5.850000   2.63948889 -1.4185913311308865e-05
    5.850000   2.70424717 -1.4790875197324818e-05
    5.850000   2.76900006 -1.5367687866051754e-05
    5.850000   2.83374417 -1.5896379147550688e-05
    5.850000   2.89847256 -1.6356816088124518e-05
    5.850000   2.96316844 -1.6730078223386780e-05
    5.850000   3.02777863 -1.6999905474211355e-05
    5.850000   3.09200950 -1.7154092415062082e-05
    5.900000   0.04958315 -1.6036567754386694e-05
    5.900000   0.11381403 -1.5895227664897164e-05
    5.900000   0.17842421 -1.5647810798123310e-05
    5.900000   0.24312010 -1.5305394839989144e-05
    5.900000   0.30784849 -1.4882749270064842e-05
    5.900000   0.37259260 -1.4397078404183563e-05
    5.900000   0.43734549 -1.3866715021236517e-05
    5.900000   0.50210377 -1.3309878894804046e-05
    5.900000   0.56686560 -1.2743620441522382e-05
    5.900000   0.63162987 -1.2183028770140577e-05
    5.900000   0.69639591 -1.1640736143833262e-05
    5.900000   0.76116325 -1.1126708358911187e-05
    5.900000   0.82593158 -1.0648279186686489e-05
    5.900000   0.89070068 -1.0210369292023194e-05
    5.900000   0.95547037 -9.8158251215221349e-06
    5.900000   1.02024053 -9.4658182118907917e-06
    5.900000   1.08501108 -9.1602564233705542e-06
    5.900000   1.14978193 -8.8981721591888859e-06
    5.900000   1.21455301 -8.6780659061924846e-06
    5.900000   1.27932429 -8.4981946685726645e-06
    5.900000   1.34409571 -8.3568032597690850e-06
    5.900000   1.40886724 -8.2523018738305049e-06
    5.900000   1.47363885 -8.1833962194812522e-06
    5.900000   1.53841049 -8.1491773081043707e-06
    5.900000   1.60318216 -8.1491773088133694e-06
    5.900000   1.66795381 -8.1833962218080313e-06
    5.900000   1.73272541 -8.2523018783721465e-06
    5.900000   1.79749694 -8.3568032674862107e-06
    5.900000   1.86226837 -8.4981946807453428e-06
    5.900000   1.92703964 -8.6780659243602012e-06
    5.900000   1.99181073 -8.8981721850753292e-06
    5.900000   2.05658157 -9.1602564588084358e-06
    5.900000   2.12135212 -9.4658182587380275e-06
    5.900000   2.18612229 -9.8158251815879805e-06
    5.900000   2.25089198 -1.0210369366997429e-05
    5.900000   2.31566107 -1.0648279278076626e-05
    5.900000   2.38042940 -1.1126708467996235e-05
    5.900000   2.44519674 -1.1640736271614750e-05
    5.900000   2.50996278 -1.2183028917307683e-05
    5.900000   2.57472706 -1.2743620608406496e-05
    5.900000   2.63948889 -1.3309879081336793e-05
    5.900000   2.70424717 -1.3866715226897888e-05
    5.900000   2.76900006 -1.4397078627945937e-05
    5.900000   2.83374417 -1.4882749510350178e-05
    5.900000   2.89847256 -1.5305395094645741e-05
    5.900000   2.96316844 -1.5647811064434968e-05
    5.900000   3.02777863 -1.5895227939644338e-05
    5.900000   3.09200950 -1.6036568033959371e-05
    5.950000   0.04958315 -1.4999665943677913e-05
    5.950000   0.11381403 -1.4869999965092346e-05
    5.950000   0.17842421 -1.4642951803140843e-05
    5.950000   0.24312010 -1.4328580623461387e-05
    5.950000   0.30784849 -1.3940308984824589e-05
    5.950000   0.37259260 -1.3493789405662452e-05
    5.950000   0.43734549 -1.3005725379826611e-05
    5.950000   0.50210377 -1.2492748702681981e-05
    5.950000   0.56686560 -1.1970461289353138e-05
    5.950000   0.63162987 -1.1452713313940406e-05
    5.950000   0.69639591 -1.0951147294341562e-05
    5.950000   0.76116325 -1.0474999641444127e-05
    5.950000   0.82593158 -1.0031122923870985e-05
    5.950000   0.89070068 -9.6241759319586678e-06
    5.950000   0.95547037 -9.2569238972346273e-06
    5.950000   1.02024053 -8.9305953704106471e-06
    5.950000   1.08501108 -8.6452519385341076e-06
    5.950000   1.14978193 -8.4001389699836793e-06
    5.950000   1.21455301 -8.1939974187429194e-06
    5.950000   1.27932429 -8.0253268070559402e-06
    5.950000   1.34409571 -7.8925970922192279e-06
    5.950000   1.40886724 -7.7944121014943259e-06
    5.950000   1.47363885 -7.7296298770995140e-06
    5.950000   1.53841049 -7.6974460821482209e-06
    5.950000   1.60318216 -7.6974460811526997e-06
    5.950000   1.66795381 -7.7296298743081576e-06
    5.950000   1.73272541 -7.7944120974872722e-06
    5.950000   1.79749694 -7.8925970879337155e-06
    5.950000   1.86226837 -8.0253268037442463e-06
    5.950000   1.92703964 -8.1939974179169539e-06
    5.950000   1.99181073 -8.4001389733511537e-06
    5.950000   2.05658157 -8.6452519479242217e-06
    5.950000   2.12135212 -8.9305953876978950e-06
    5.950000   2.18612229 -9.2569239242689730e-06
    5.950000   2.25089198 -9.6241759704979452e-06
    5.950000   2.31566107 -1.0031122975514574e-05
    5.950000   2.38042940 -1.0474999707588759e-05
    5.950000   2.44519674 -1.0951147376129383e-05
    5.950000   2.50996278 -1.1452713412217852e-05
    5.950000   2.57472706 -1.1970461404626055e-05
    5.950000   2.63948889 -1.2492748835071078e-05
    5.950000   2.70424717 -1.3005725529015848e-05
    5.950000   2.76900006 -1.3493789570850161e-05
    5.950000   2.83374417 -1.3940309164687788e-05
    5.950000   2.89847256 -1.4328580816130536e-05
    5.950000   2.96316844 -1.4642952006221388e-05
    5.950000   3.02777863 -1.4870000175720085e-05
    5.950000   3.09200950 -1.4999666158627519e-05
    6.000000   0.04958315 -1.4036944403586645e-05
    6.000000   0.11381403 -1.3917889229476370e-05
    6.000000   0.17842421 -1.3709358488327001e-05
    6.000000   0.24312010 -1.3420491663863296e-05
    6.000000   0.30784849 -1.3063494438433926e-05
    6.000000   0.37259260 -1.2652616323293589e-05
    6.000000   0.43734549 -1.2203086287825216e-05
    6.000000   0.50210377 -1.1730097115243020e-05
    6.000000   0.56686560 -1.1247935859204997e-05
    6.000000   0.63162987 -1.0769325499574661e-05
    6.000000   0.69639591 -1.0305005220236121e-05
    6.000000   0.76116325 -9.8635425722781219e-06
    6.000000   0.82593158 -9.4513452980575976e-06
    6.000000   0.89070068 -9.0728258469678636e-06
    6.000000   0.95547037 -8.7306670820639475e-06
    6.000000   1.02024053 -8.4261411174789290e-06
    6.000000   1.08501108 -8.1594416854765650e-06
    6.000000   1.14978193 -7.9300010610417441e-06
    6.000000   1.21455301 -7.7367731334859259e-06
    6.000000   1.27932429 -7.5784732691949470e-06
    6.000000   1.34409571 -7.4537724672635753e-06
    6.000000   1.40886724 -7.3614478524351664e-06
    6.000000   1.47363885 -7.3004940180033847e-06
    6.000000   1.53841049 -7.2702005355129193e-06
    6.000000   1.60318216 -7.2702005330337233e-06
    6.000000   1.66795381 -7.3004940107557811e-06
    6.000000   1.73272541 -7.3614478409802529e-06
    6.000000   1.79749694 -7.4537724525077049e-06
    6.000000   1.86226837 -7.5784732523587865e-06
    6.000000   1.92703964 -7.7367731160451245e-06
    6.000000   1.99181073 -7.9300010446731662e-06
    6.000000   2.05658157 -8.1594416719896879e-06
    6.000000   2.12135212 -8.4261411087466512e-06
    6.000000   2.18612229 -8.7306670799540156e-06
    6.000000   2.25089198 -9.0728258532780541e-06
    6.000000   2.31566107 -9.4513453144547088e-06
    6.000000   2.38042940 -9.8635426002470770e-06
    6.000000   2.44519674 -1.0305005261029951e-05
    6.000000   2.50996278 -1.0769325554170620e-05
    6.000000   2.57472706 -1.1247935928257683e-05
    6.000000   2.63948889 -1.1730097199039026e-05
    6.000000   2.70424717 -1.2203086386234539e-05
    6.000000   2.76900006 -1.2652616435723936e-05
    6.000000   2.83374417 -1.3063494563798919e-05
    6.000000   2.89847256 -1.3420491800560630e-05
    6.000000   2.96316844 -1.3709358634264779e-05
    6.000000   3.02777863 -1.3917889382126340e-05
    6.000000   3.09200950 -1.4036944560084021e-05
    6.050000   0.04958315 -1.3142494633037160e-05
    6.050000   0.11381403 -1.3033086971345584e-05
    6.050000   0.17842421 -1.2841396356238615e-05
    6.050000   0.24312010 -1.2575731914504572e-05
    6.050000   0.30784849 -1.2247200005660323e-05
    6.050000   0.37259260 -1.1868781674321259e-05
    6.050000   0.43734549 -1.1454371363560914e-05
    6.050000   0.50210377 -1.1017857676595855e-05
    6.050000   0.56686560 -1.0572333856201249e-05
    6.050000   0.63162987 -1.0129497004145747e-05
    6.050000   0.69639591 -9.6992614321506959e-06
    6.050000   0.76116325 -9.2895809110383467e-06
    6.050000   0.82593158 -8.9064515978813241e-06
    6.050000   0.89070068 -8.5540539696055500e-06
    6.050000   0.95547037 -8.2349877567561243e-06
    6.050000   1.02024053 -7.9505566990629806e-06
    6.050000   1.08501108 -7.7010673262670755e-06
    6.050000   1.14978193 -7.4861153693192513e-06
    6.050000   1.21455301 -7.3048428228351182e-06
    6.050000   1.27932429 -7.1561568060222249e-06
    6.050000   1.34409571 -7.0389075681628082e-06
    6.050000   1.40886724 -6.9520271304671163e-06
    6.050000   1.47363885 -6.8946323479352122e-06
    6.050000   1.53841049 -6.8660969695782166e-06
    6.050000   1.60318216 -6.8660969658163984e-06
    6.050000   1.66795381 -6.8946323368319384e-06
    6.050000   1.73272541 -6.9520271125627829e-06
    6.050000   1.79749694 -7.0389075443321156e-06
    6.050000   1.86226837 -7.1561567774435509e-06
    6.050000   1.92703964 -7.3048427909440804e-06
    6.050000   1.99181073 -7.4861153357513763e-06
    6.050000   2.05658157 -7.7010672928010986e-06
    6.050000   2.12135212 -7.9505566675517863e-06
    6.050000   2.18612229 -8.2349877290671322e-06
    6.050000   2.25089198 -8.5540539475556052e-06
    6.050000   2.31566107 -8.9064515831796307e-06
    6.050000   2.38042940 -9.2895809052336164e-06
    6.050000   2.44519674 -9.6992614365832397e-06
    6.050000   2.50996278 -1.0129497019898019e-05
    6.050000   2.57472706 -1.0572333884054500e-05
    6.050000   2.63948889 -1.1017857716981503e-05
    6.050000   2.70424717 -1.1454371416516447e-05
    6.050000   2.76900006 -1.1868781739447043e-05
    6.050000   2.83374417 -1.2247200082085343e-05
    6.050000   2.89847256 -1.2575732000881739e-05
    6.050000   2.96316844 -1.2841396450757879e-05
    6.050000   3.02777863 -1.3033087071792517e-05
    6.050000   3.09200950 -1.3142494736888700e-05
    6.100000   0.04958315 -1.2310903045965387e-05
    6.100000   0.11381403 -1.2210270774107488e-05
    6.100000   0.17842421 -1.2033901581914121e-05
    6.100000   0.24312010 -1.1789354876166453e-05
    6.100000   0.30784849 -1.1486743842408012e-05
    6.100000   0.37259260 -1.1137902591908622e-05
    6.100000   0.43734549 -1.0755517568623769e-05
    6.100000   0.50210377 -1.0352295135361464e-05
    6.100000   0.56686560 -9.9402442960152744e-06
    6.100000   0.63162987 -9.5301280913446636e-06
    6.100000   0.69639591 -9.1311071846907557e-06
    6.100000   0.76116325 -8.7505716938863440e-06
    6.100000   0.82593158 -8.3941365886111859e-06
    6.100000   0.89070068 -8.0657636967634617e-06
    6.100000   0.95547037 -7.7679692254467494e-06
    6.100000   1.02024053 -7.5020779998539821e-06
    6.100000   1.08501108 -7.2684920543813191e-06
    6.100000   1.14978193 -7.0669495205768855e-06
    6.100000   1.21455301 -6.8967581480345496e-06
    6.100000   1.27932429 -6.7569950869133709e-06
    6.100000   1.34409571 -6.6466701644509714e-06
    6.100000   1.40886724 -6.5648536718565085e-06
    6.100000   1.47363885 -6.5107718058752913e-06
    6.100000   1.53841049 -6.4838736905016645e-06
    6.100000   1.60318216 -6.4838736856380657e-06
    6.100000   1.66795381 -6.5107717914599561e-06
    6.100000   1.73272541 -6.5648536484067935e-06
    6.100000   1.79749694 -6.6466701328085267e-06
    6.100000   1.86226837 -6.7569950482117113e-06
    6.100000   1.92703964 -6.8967581036603417e-06
    6.100000   1.99181073 -7.0669494721199457e-06
    6.100000   2.05658157 -7.2684920035754808e-06
    6.100000   2.12135212 -7.5020779485225590e-06
    6.100000   2.18612229 -7.7679691754403823e-06
    6.100000   2.25089198 -8.0657636498991988e-06
    6.100000   2.31566107 -8.3941365466223634e-06
    6.100000   2.38042940 -8.7505716583651957e-06
    6.100000   2.44519674 -9.1311071570385723e-06
    6.100000   2.50996278 -9.5301280727313907e-06
    6.100000   2.57472706 -9.9402442873275540e-06
    6.100000   2.63948889 -1.0352295137156952e-05
    6.100000   2.70424717 -1.0755517581088387e-05
    6.100000   2.76900006 -1.1137902614815742e-05
    6.100000   2.83374417 -1.1486743875091207e-05
    6.100000   2.89847256 -1.1789354917510781e-05
    6.100000   2.96316844 -1.2033901630374750e-05
    6.100000   3.02777863 -1.2210270827763929e-05
    6.100000   3.09200950 -1.2310903102609931e-05
    6.150000   0.04958315 -1.1537213205398084e-05
    6.150000   0.11381403 -1.1444567120546504e-05
    6.150000   0.17842421 -1.1282144883455920e-05
    6.150000   0.24312010 -1.1056828907329415e-05
    6.150000   0.30784849 -1.0777834969667065e-05
    6.150000   0.37259260 -1.0455959941377529e-05
    6.150000   0.43734549 -1.0102796533995042e-05
    6.150000   0.50210377 -9.7299790774900274e-06
    6.150000   0.56686560 -9.3485314657564314e-06
    6.150000   0.63162987 -8.9683658557838797e-06
    6.150000   0.69639591 -8.5979539055424980e-06
    6.150000   0.76116325 -8.2441677078456519e-06
    6.150000   0.82593158 -7.9122688641023819e-06
    6.150000   0.89070068 -7.6060129352276949e-06
    6.150000   0.95547037 -7.3278325641266081e-06
    6.150000   1.02024053 -7.0790644047149506e-06
    6.150000   1.08501108 -6.8601905853186962e-06
    6.150000   1.14978193 -6.6710727747118474e-06
    6.150000   1.21455301 -6.5111643957329793e-06
    6.150000   1.27932429 -6.3796930751648373e-06
    6.150000   1.34409571 -6.2758104847517524e-06
    6.150000   1.40886724 -6.1987101826739989e-06
    6.150000   1.47363885 -6.1477160403368339e-06
    6.150000   1.53841049 -6.1223446037477742e-06
    6.150000   1.60318216 -6.1223445979466064e-06
    6.150000   1.66795381 -6.1477160231004020e-06
    6.150000   1.73272541 -6.1987101544964950e-06
    6.150000   1.79749694 -6.2758104464386226e-06
    6.150000   1.86226837 -6.3796930278031832e-06
    6.150000   1.92703964 -6.5111643406580085e-06
    6.150000   1.99181073 -6.6710727134593697e-06
    6.150000   2.05658157 -6.8601905195719378e-06
    6.150000   2.12135212 -7.0790643362563892e-06
    6.150000   2.18612229 -7.3278324947754501e-06
    6.150000   2.25089198 -7.6060128667917289e-06
    6.150000   2.31566107 -7.9122687983178730e-06
    6.150000   2.38042940 -8.2441676463295927e-06
    6.150000   2.44519674 -8.5979538497438248e-06
    6.150000   2.50996278 -8.9683658069379478e-06
    6.150000   2.57472706 -9.3485314248357462e-06
    6.150000   2.63948889 -9.7299790451611685e-06
    6.150000   2.70424717 -1.0102796510574103e-05
    6.150000   2.76900006 -1.0455959926797785e-05
    6.150000   2.83374417 -1.0777834963447280e-05
    6.150000   2.89847256 -1.1056828908568807e-05
    6.150000   2.96316844 -1.1282144890857312e-05
    6.150000   3.02777863 -1.1444567132462214e-05
    6.150000   3.09200950 -1.1537213219915070e-05
    6.200000   0.04958315 -1.0816889572859317e-05
    6.200000   0.11381403 -1.0731515743608235e-05
    6.200000   0.17842421 -1.0581796923094520e-05
    6.200000   0.24312010 -1.0374004073316008e-05
    6.200000   0.30784849 -1.0116541900446002e-05
    6.200000   0.37259260 -9.8192689755410643e-06
    6.200000   0.43734549 -9.4927874105298842e-06
    6.200000   0.50210377 -9.1477590562918346e-06
    6.200000   0.56686560 -8.7943123422197143e-06
    6.200000   0.63162987 -8.4415838730309235e-06
    6.200000   0.69639591 -8.0974149687138716e-06
    6.200000   0.76116325 -7.7682012402184632e-06
    6.200000   0.82593158 -7.4588764000993263e-06
    6.200000   0.89070068 -7.1730012729012068e-06
    6.200000   0.95547037 -6.9129252196357148e-06
    6.200000   1.02024053 -6.6799886383598578e-06
    6.200000   1.08501108 -6.4747400577666004e-06
    6.200000   1.14978193 -6.2971478200855550e-06
    6.200000   1.21455301 -6.1467930092455113e-06
    6.200000   1.27932429 -6.0230361520149896e-06
    6.200000   1.34409571 -5.9251548005004567e-06
    6.200000   1.40886724 -5.8524522585994381e-06
    6.200000   1.47363885 -5.8043395490067710e-06
    6.200000   1.53841049 -5.7803934623661164e-06
    6.200000   1.60318216 -5.7803934557743290e-06
    6.200000   1.66795381 -5.8043395293917639e-06
    6.200000   1.73272541 -5.8524522264309801e-06
    6.200000   1.79749694 -5.9251547565467727e-06
    6.200000   1.86226837 -6.0230360973173161e-06
    6.200000   1.92703964 -6.1467929450811317e-06
    6.200000   1.99181073 -6.2971477479322630e-06
    6.200000   2.05658157 -6.4747399792532132e-06
    6.200000   2.12135212 -6.6799885552183292e-06
    6.200000   2.18612229 -6.9129251336479742e-06
    6.200000   2.25089198 -7.1730011858476125e-06
    6.200000   2.31566107 -7.4588763137088139e-06
    6.200000   2.38042940 -7.7682011561180357e-06
    6.200000   2.44519674 -8.0974148883810026e-06
    6.200000   2.50996278 -8.4415837977502554e-06
    6.200000   2.57472706 -8.7943122730351406e-06
    6.200000   2.63948889 -9.1477589939613211e-06
    6.200000   2.70424717 -9.4927873554868305e-06
    6.200000   2.76900006 -9.8192689278571463e-06
    6.200000   2.83374417 -1.0116541859810564e-05
    6.200000   2.89847256 -1.0374004039027265e-05
    6.200000   2.96316844 -1.0581796894083772e-05
    6.200000   3.02777863 -1.0731515718478619e-05
    6.200000   3.09200950 -1.0816889549973336e-05
    6.250000   0.04958315 -1.0145783083505377e-05
    6.250000   0.11381403 -1.0067035794837929e-05
    6.250000   0.17842421 -9.9288955105119399e-06
    6.250000   0.24312010 -9.7370807737103743e-06
    6.250000   0.30784849 -9.4992630111445119e-06
    6.250000   0.37259260 -9.2244516898466246e-06
    6.250000   0.43734549 -8.9223513636285952e-06
    6.250000   0.50210377 -8.6027413004819246e-06
    6.250000   0.56686560 -8.2749355127918439e-06
    6.250000   0.63162987 -7.9473632697063526e-06
    6.250000   0.69639591 -7.6272888003638843e-06
    6.250000   0.76116325 -7.3206690707592692e-06
    6.250000   0.82593158 -7.0321332604970439e-06
    6.250000   0.89070068 -6.7650582154868495e-06
    6.250000   0.95547037 -6.5217105908478277e-06
    6.250000   1.02024053 -6.3034275096220917e-06
    6.250000   1.08501108 -6.1108117687104230e-06
    6.250000   1.14978193 -5.9439233389020432e-06
    6.250000   1.21455301 -5.8024548363362780e-06
    6.250000   1.27932429 -5.6858839114371781e-06
    6.250000   1.34409571 -5.5935996436606160e-06
    6.250000   1.40886724 -5.5250029110666027e-06
    6.250000   1.47363885 -5.4795824062769882e-06
    6.250000   1.53841049 -5.4569686939364426e-06
    6.250000   1.60318216 -5.4569686866871289e-06
    6.250000   1.66795381 -5.4795823846806753e-06
    6.250000   1.73272541 -5.5250028755690486e-06
    6.250000   1.79749694 -5.5935995949934004e-06
    6.250000   1.86226837 -5.6858838505909433e-06
    6.250000   1.92703964 -5.8024547645332781e-06
    6.250000   1.99181073 -5.9439232575593390e-06
    6.250000   2.05658157 -6.1108116793965712e-06
    6.250000   2.12135212 -6.3034274140117884e-06
    6.250000   2.18612229 -6.5217104906769618e-06
    6.250000   2.25089198 -6.7650581125019876e-06
    6.250000   2.31566107 -7.0321331564055064e-06
    6.250000   2.38042940 -7.3206689671848419e-06
    6.250000   2.44519674 -7.6272886988023165e-06
    6.250000   2.50996278 -7.9473631714754318e-06
    6.250000   2.57472706 -8.2749354189901397e-06
    6.250000   2.63948889 -8.6027412119455873e-06
    6.250000   2.70424717 -8.9223512808914554e-06
    6.250000   2.76900006 -9.2244516131076283e-06
    6.250000   2.83374417 -9.4992629402449201e-06
    6.250000   2.89847256 -9.7370807081316537e-06
    6.250000   2.96316844 -9.9288954493919838e-06
    6.250000   3.02777863 -1.0067035737015959e-05
    6.250000   3.09200950 -1.0145783027594769e-05
    6.300000   0.04958315 -9.5200987358427850e-06
    6.300000   0.11381403 -9.4473940091894865e-06
    6.300000   0.17842421 -9.3198147698060482e-06
    6.300000   0.24312010 -9.1425802864516924e-06
    6.300000   0.30784849 -8.9226987689799247e-06
    6.300000   0.37259260 -8.6684109603487800e-06
    6.300000   0.43734549 -8.3886077664498143e-06
    6.300000   0.50210377 -8.0922670275752120e-06
    6.300000   0.56686560 -7.7879616020152102e-06
    6.300000   0.63162987 -7.4834751957407849e-06
    6.300000   0.69639591 -7.1855432821257778e-06
    6.300000   0.76116325 -6.8997186580193673e-06
    6.300000   0.82593158 -6.6303473980416402e-06
    6.300000   0.89070068 -6.3806324232031837e-06
    6.300000   0.95547037 -6.1527585222043703e-06
    6.300000   1.02024053 -5.9480534882020365e-06
    6.300000   1.08501108 -5.7671636695349952e-06
    6.300000   1.14978193 -5.6102272709440497e-06
    6.300000   1.21455301 -5.4770340217560276e-06
    6.300000   1.27932429 -5.3671645551610492e-06
    6.300000   1.34409571 -5.2801065892141542e-06
    6.300000   1.40886724 -5.2153476316993277e-06
    6.300000   1.47363885 -5.1724455114680469e-06
    6.300000   1.53841049 -5.1510787394245784e-06
    6.300000   1.60318216 -5.1510787316355641e-06
    6.300000   1.66795381 -5.1724454882457391e-06
    6.300000   1.73272541 -5.2153475934664746e-06
    6.300000   1.79749694 -5.2801065366638719e-06
    6.300000   1.86226837 -5.3671644892363360e-06
    6.300000   1.92703964 -5.4770339436202147e-06
    6.300000   1.99181073 -5.6102271819510328e-06
    6.300000   2.05658157 -5.7671635711915943e-06
    6.300000   2.12135212 -5.9480533821228295e-06
    6.300000   2.18612229 -6.1527584100715822e-06
    6.300000   2.25089198 -6.3806323067200301e-06
    6.300000   2.31566107 -6.6303472788877655e-06
    6.300000   2.38042940 -6.8997185378047829e-06
    6.300000   2.44519674 -7.1855431623484674e-06
    6.300000   2.50996278 -7.4834750777410146e-06
    6.300000   2.57472706 -7.7879614869360181e-06
    6.300000   2.63948889 -8.0922669163139310e-06
    6.300000   2.70424717 -8.3886076596290613e-06
    6.300000   2.76900006 -8.6684108582784181e-06
    6.300000   2.83374417 -8.9226986716404383e-06
    6.300000   2.89847256 -9.1425801934895350e-06
    6.300000   2.96316844 -9.3198146805494771e-06
    6.300000   3.02777863 -9.4473939226939886e-06
    6.300000   3.09200950 -9.5200986509538697e-06
    6.350000   0.04958315 -8.9363652925094018e-06
    6.350000   0.11381403 -8.8691749556824718e-06
    6.350000   0.17842421 -8.7512363477416739e-06
    6.350000   0.24312010 -8.5873172906058214e-06
    6.350000   0.30784849 -8.3838258593160068e-06
    6.350000   0.37259260 -8.1483064890958440e-06
    6.350000   0.43734549 -7.8889120972284856e-06
    6.350000   0.50210377 -7.6138923503779779e-06
    6.350000   0.56686560 -7.3311451758419008e-06
    6.350000   0.63162987 -7.0478646576123480e-06
    6.350000   0.69639591 -6.7703014003149923e-06
    6.350000   0.76116325 -6.5036354605110050e-06
    6.350000   0.82593158 -6.2519494847436303e-06
    6.350000   0.89070068 -6.0182818796043670e-06
    6.350000   0.95547037 -5.8047366402300622e-06
    6.350000   1.02024053 -5.6126270443363751e-06
    6.350000   1.08501108 -5.4426335544071693e-06
    6.350000   1.14978193 -5.2949607083862041e-06
    6.350000   1.21455301 -5.1694824790101363e-06
    6.350000   1.27932429 -5.0658698242194907e-06
    6.350000   1.34409571 -4.9836975403669747e-06
    6.350000   1.40886724 -4.9225299343533570e-06
    6.350000   1.47363885 -4.8819862980429413e-06
    6.350000   1.53841049 -4.8617878447497844e-06
    6.350000   1.60318216 -4.8617878365280659e-06
    6.350000   1.66795381 -4.8819862735126079e-06
    6.350000   1.73272541 -4.9225298939153036e-06
    6.350000   1.79749694 -4.9836974846768700e-06
    6.350000   1.86226837 -5.0658697541717243e-06
    6.350000   1.92703964 -5.1694823957103616e-06
    6.350000   1.99181073 -5.2949606131258313e-06
    6.350000   2.05658157 -5.4426334486260425e-06
    6.350000   2.12135212 -5.6126269295873106e-06
    6.350000   2.18612229 -5.8047365181378506e-06
    6.350000   2.25089198 -6.0182817518243867e-06
    6.350000   2.31566107 -6.2519493529166011e-06
    6.350000   2.38042940 -6.5036353262259345e-06
    6.350000   2.44519674 -6.7703012650637892e-06
    6.350000   2.50996278 -7.0478645227468964e-06
    6.350000   2.57472706 -7.3311450425336457e-06
    6.350000   2.63948889 -7.6138922195789418e-06
    6.350000   2.70424717 -7.8889119696332195e-06
    6.350000   2.76900006 -8.1483063651136444e-06
    6.350000   2.83374417 -8.3838257390501964e-06
    6.350000   2.89847256 -8.5873171738525178e-06
    6.350000   2.96316844 -8.7512362340047443e-06
    6.350000   3.02777863 -8.8691748442133629e-06
    6.350000   3.09200950 -8.9363651823671767e-06
    6.400000   0.04958315 -8.3914071193860801e-06
    6.400000   0.11381403 -8.3292533966909535e-06
    6.400000   0.17842421 -8.2201226784332359e-06
    6.400000   0.24312010 -8.0683743728907656e-06
    6.400000   0.30784849 -7.8798732064415025e-06
    6.400000   0.37259260 -7.6615325384144671e-06
    6.400000   0.43734549 -7.4208355104422584e-06
    6.400000   0.50210377 -7.1653697356791299e-06
    6.400000   0.56686560 -6.9024180735449200e-06
    6.400000   0.63162987 -6.6386356553083612e-06
    6.400000   0.69639591 -6.3798280783981723e-06
    6.400000   0.76116325 -6.1308313265623707e-06
    6.400000   0.82593158 -5.8954827040957457e-06
    6.400000   0.89070068 -5.6766649241665271e-06
    6.400000   0.95547037 -5.4764024653615430e-06
    6.400000   1.02024053 -5.2959896852358042e-06
    6.400000   1.08501108 -5.1361328767810288e-06
    6.400000   1.14978193 -4.9970923598026407e-06
    6.400000   1.21455301 -4.8788148817548223e-06
    6.400000   1.27932429 -4.7810504095888614e-06
    6.400000   1.34409571 -4.7034504609752647e-06
    6.400000   1.40886724 -4.6456473207863445e-06
    6.400000   1.47363885 -4.6073148508700521e-06
    6.400000   1.53841049 -4.5882122526824158e-06
    6.400000   1.60318216 -4.5882122441222890e-06
    6.400000   1.66795381 -4.6073148253168105e-06
    6.400000   1.73272541 -4.6456472786174699e-06
    6.400000   1.79749694 -4.7034504028101246e-06
    6.400000   1.86226837 -4.7810503362727794e-06
    6.400000   1.92703964 -4.8788147943375976e-06
    6.400000   1.99181073 -4.9970922595119721e-06
    6.400000   2.05658157 -5.1361327649902591e-06
    6.400000   2.12135212 -5.2959895634337361e-06
    6.400000   2.18612229 -5.4764023351116333e-06
    6.400000   2.25089198 -5.6766647870704440e-06
    6.400000   2.31566107 -5.8954825617539325e-06
    6.400000   2.38042940 -6.1308311805336492e-06
    6.400000   2.44519674 -6.3798279301571439e-06
    6.400000   2.50996278 -6.6386355062110646e-06
    6.400000   2.57472706 -6.9024179247822277e-06
    6.400000   2.63948889 -7.1653695882447911e-06
    6.400000   2.70424717 -7.4208353650919010e-06
    6.400000   2.76900006 -7.6615323956443076e-06
    6.400000   2.83374417 -7.8798730664652964e-06
    6.400000   2.89847256 -8.0683742356395899e-06
    6.400000   2.96316844 -8.2201225435687958e-06
    6.400000   3.02777863 -8.3292532636441783e-06
    6.400000   3.09200950 -8.3914069874091346e-06
    6.450000   0.04958315 -7.8823181393704352e-06
    6.450000   0.11381403 -7.8247687295449806e-06
    6.450000   0.17842421 -7.7236922736856339e-06
    6.450000   0.24312010 -7.5830784814550757e-06
    6.450000   0.30784849 -7.4082998448179794e-06
    6.450000   0.37259260 -7.2056974045057183e-06
    6.450000   0.43734549 -6.9821460260875497e-06
    6.450000   0.50210377 -6.7446309540879449e-06
    6.450000   0.56686560 -6.4998741021633601e-06
    6.450000   0.63162987 -6.2540375550404159e-06
    6.450000   0.69639591 -6.0125181233208487e-06
    6.450000   0.76116325 -5.7798338832300324e-06
    6.450000   0.82593158 -5.5595934362433157e-06
    6.450000   0.89070068 -5.3545320814363515e-06
    6.450000   0.95547037 -5.1665962341504986e-06
    6.450000   1.02024053 -4.9970576259907760e-06
    6.450000   1.08501108 -4.8466411345490034e-06
    6.450000   1.14978193 -4.7156535267032345e-06
    6.450000   1.21455301 -4.6041041208787579e-06
    6.450000   1.27932429 -4.5118117904027772e-06
    6.450000   1.34409571 -4.4384955056776857e-06
    6.450000   1.40886724 -4.3838476220336793e-06
    6.450000   1.47363885 -4.3475903847311618e-06
    6.450000   1.53841049 -4.3295167487811363e-06
    6.450000   1.60318216 -4.3295167399656477e-06
    6.450000   1.66795381 -4.3475903584051236e-06
    6.450000   1.73272541 -4.3838475785535452e-06
    6.450000   1.79749694 -4.4384954456271274e-06
    6.450000   1.86226837 -4.5118117145793253e-06
    6.450000   1.92703964 -4.6041040302760193e-06
    6.450000   1.99181073 -4.7156534224853366e-06
    6.450000   2.05658157 -4.8466410180251033e-06
    6.450000   2.12135212 -4.9970574985819681e-06
    6.450000   2.18612229 -5.1665960973578540e-06
    6.450000   2.25089198 -5.3545319368067192e-06
    6.450000   2.31566107 -5.5595932853279637e-06
    6.450000   2.38042940 -5.7798337275534168e-06
    6.450000   2.44519674 -6.0125179643364330e-06
    6.450000   2.50996278 -6.2540373940974313e-06
    6.450000   2.57472706 -6.4998739404647603e-06
    6.450000   2.63948889 -6.7446307926568195e-06
    6.450000   2.70424717 -6.9821458657333623e-06
    6.450000   2.76900006 -7.2056972457971939e-06
    6.450000   2.83374417 -7.4082996880677563e-06
    6.450000   2.89847256 -7.5830783267142239e-06
    6.450000   2.96316844 -7.7236921207593613e-06
    6.450000   3.02777863 -7.8247685780260295e-06
    6.450000   3.09200950 -7.8823179886892489e-06
    6.500000   0.04958315 -7.4064378405811374e-06
    6.500000   0.11381403 -7.3531014489748630e-06
    6.500000   0.17842421 -7.2593969755039245e-06
    6.500000   0.24312010 -7.1289792608749228e-06
    6.500000   0.30784849 -6.9667745720699290e-06
    6.500000   0.37259260 -6.7786045591531113e-06
    6.500000   0.43734549 -6.5707912638752815e-06
    6.500000   0.50210377 -6.3497714466143265e-06
    6.500000   0.56686560 -6.1217550186602110e-06
    6.500000   0.63162987 -5.8924526234582437e-06
    6.500000   0.69639591 -5.6668852127625559e-06
    6.500000   0.76116325 -5.4492768534274817e-06
    6.500000   0.82593158 -5.2430227679771801e-06
    6.500000   0.89070068 -5.0507186217425314e-06
    6.500000   0.95547037 -4.8742343701944955e-06
    6.500000   1.02024053 -4.7148160367412532e-06
    6.500000   1.08501108 -4.5732007690391315e-06
    6.500000   1.14978193 -4.4497335410250683e-06
    6.500000   1.21455301 -4.3444771785835689e-06
    6.500000   1.27932429 -4.2573104535736865e-06
    6.500000   1.34409571 -4.1880115036872015e-06
    6.500000   1.40886724 -4.1363256730546480e-06
    6.500000   1.47363885 -4.1020180426977814e-06
    6.500000   1.53841049 -4.0849115205924385e-06
    6.500000   1.60318216 -4.0849115115959711e-06
    6.500000   1.66795381 -4.1020180158231531e-06
    6.500000   1.73272541 -4.1363256286347850e-06
    6.500000   1.79749694 -4.1880114422729438e-06
    6.500000   1.86226837 -4.2573103759169224e-06
    6.500000   1.92703964 -4.3444770856227254e-06
    6.500000   1.99181073 -4.4497334338622774e-06
    6.500000   2.05658157 -4.5732006489187905e-06
    6.500000   2.12135212 -4.7148159050181940e-06
    6.500000   2.18612229 -4.8742342283049987e-06
    6.500000   2.25089198 -5.0507184711742579e-06
    6.500000   2.31566107 -5.2430226102323836e-06
    6.500000   2.38042940 -5.4492766899893270e-06
    6.500000   2.44519674 -5.6668850450586881e-06
    6.500000   2.50996278 -5.8924524528242120e-06
    6.500000   2.57472706 -6.1217548463032872e-06
    6.500000   2.63948889 -6.3497712735795586e-06
    6.500000   2.70424717 -6.5707910910139826e-06
    6.500000   2.76900006 -6.7786043870972365e-06
    6.500000   2.83374417 -6.9667744012176880e-06
    6.500000   2.89847256 -7.1289790913855215e-06
    6.500000   2.96316844 -7.2593968073112544e-06
    6.500000   3.02777863 -7.3531012818158755e-06
    6.500000   3.09200950 -7.4064376740494540e-06
    6.550000   0.04958315 -6.9613292533627460e-06
    6.550000   0.11381403 -6.9118515445837601e-06
    6.550000   0.17842421 -6.8249010847268015e-06
    6.550000   0.24312010 -6.7038291821731118e-06
    6.550000   0.30784849 -6.5531572976391175e-06
    6.550000   0.37259260 -6.3782353739912018e-06
    6.550000   0.43734549 -6.1848826378944654e-06
    6.550000   0.50210377 -5.9790360252374203e-06
    6.550000   0.56686560 -5.7664377194044935e-06
    6.550000   0.63162987 -5.5523846458808775e-06
    6.550000   0.69639591 -5.3415518493000199e-06
    6.550000   0.76116325 -5.1378912310730181e-06
    6.550000   0.82593158 -4.9445987613849859e-06
    6.550000   0.89070068 -4.7641377914243985e-06
    6.550000   0.95547037 -4.5983035458853944e-06
    6.550000   1.02024053 -4.4483138121884216e-06
    6.550000   1.08501108 -4.3149125276418174e-06
    6.550000   1.14978193 -4.1984756167549996e-06
    6.550000   1.21455301 -4.0991113756546893e-06
    6.550000   1.27932429 -4.0167504536027545e-06
    6.550000   1.34409571 -3.9512227571131295e-06
    6.550000   1.40886724 -3.9023202831113585e-06
    6.550000   1.47363885 -3.8698459779387056e-06
    6.550000   1.53841049 -3.8536492941752665e-06
    6.550000   1.60318216 -3.8536492850642303e-06
    6.550000   1.66795381 -3.8698459507108536e-06
    6.550000   1.73272541 -3.9023202380814564e-06
    6.550000   1.79749694 -3.9512226947972146e-06
    6.550000   1.86226837 -4.0167503747092800e-06
    6.550000   1.92703964 -4.0991112810684589e-06
    6.550000   1.99181073 -4.1984755075182087e-06
    6.550000   2.05658157 -4.3149124049324034e-06
    6.550000   2.12135212 -4.4483136772971788e-06
    6.550000   2.18612229 -4.5983034001852937e-06
    6.550000   2.25089198 -4.7641376363422466e-06
    6.550000   2.31566107 -4.9445985983703146e-06
    6.550000   2.38042940 -5.1378910615657401e-06
    6.550000   2.44519674 -5.3415516746945650e-06
    6.550000   2.50996278 -5.5523844674944479e-06
    6.550000   2.57472706 -5.7664375384423257e-06
    6.550000   2.63948889 -5.9790358427581301e-06
    6.550000   2.70424717 -6.1848824547831539e-06
    6.550000   2.76900006 -6.3782351909339327e-06
    6.550000   2.83374417 -6.5531571151079931e-06
    6.550000   2.89847256 -6.7038290004221496e-06
    6.550000   2.96316844 -6.8249009038049431e-06
    6.550000   3.02777863 -6.9118513643605277e-06
    6.550000   3.09200950 -6.9613290735756094e-06
    6.600000   0.04958315 -6.5447587937709486e-06
    6.600000   0.11381403 -6.4988187316102777e-06
    6.600000   0.17842421 -6.4180622650737827e-06
    6.600000   0.24312010 -6.3055653687431943e-06
    6.600000   0.30784849 -6.1654819901399288e-06
    6.600000   0.37259260 -6.0027333331128094e-06
    6.600000   0.43734549 -5.8226809208281750e-06
    6.600000   0.50210377 -5.6308058203817805e-06
    6.600000   0.56686560 -5.4324225541815566e-06
    6.600000   0.63162987 -5.2324485503856247e-06
    6.600000   0.69639591 -5.0352402081717010e-06
    6.600000   0.76116325 -4.8444972459045838e-06
    6.600000   0.82593158 -4.6632294177541193e-06
    6.600000   0.89070068 -4.4937746540114593e-06
    6.600000   0.95547037 -4.3378552809669999e-06
    6.600000   1.02024053 -4.1966588136956618e-06
    6.600000   1.08501108 -4.0709312442426983e-06
    6.600000   1.14978193 -3.9610730733522481e-06
    6.600000   1.21455301 -3.8672309526355886e-06
    6.600000   1.27932429 -3.7893802758381711e-06
    6.600000   1.34409571 -3.7273961191372152e-06
    6.600000   1.40886724 -3.6811114687635056e-06
    6.600000   1.47363885 -3.6503626868600965e-06
    6.600000   1.53841049 -3.6350227163947777e-06
    6.600000   1.60318216 -3.6350227072260894e-06
    6.600000   1.66795381 -3.6503626594532257e-06
    6.600000   1.73272541 -3.6811114234117303e-06
    6.600000   1.79749694 -3.7273960563263201e-06
    6.600000   1.86226837 -3.7893801962334142e-06
    6.600000   1.92703964 -3.8672308570694817e-06
    6.600000   1.99181073 -3.9610729628094772e-06
    6.600000   2.05658157 -4.0709311198380122e-06
    6.600000   2.12135212 -4.1966586766561520e-06
    6.600000   2.18612229 -4.3378551325996840e-06
    6.600000   2.25089198 -4.4937744956835594e-06
    6.600000   2.31566107 -4.6632292508595077e-06
    6.600000   2.38042940 -4.8444970718370024e-06
    6.600000   2.44519674 -5.0352400282912959e-06
    6.600000   2.50996278 -5.2324483659862734e-06
    6.600000   2.57472706 -5.4324223664587800e-06
    6.600000   2.63948889 -5.6308056304030850e-06
    6.600000   2.70424717 -5.8226807295040905e-06
    6.600000   2.76900006 -6.0027331411727413e-06
    6.600000   2.83374417 -6.1654817981197297e-06
    6.600000   2.89847256 -6.3055651769805382e-06
    6.600000   2.96316844 -6.4180620737218918e-06
    6.600000   3.02777863 -6.4988185406562568e-06
    6.600000   3.09200950 -6.5447586030809063e-06
    6.650000   0.04958315 -6.1546778611673633e-06
    6.650000   0.11381403 -6.1119844036979352e-06
    6.650000   0.17842421 -6.0369141133309049e-06
    6.650000   0.24312010 -5.9322930117054278e-06
    6.650000   0.30784849 -5.8019411205098592e-06
    6.650000   0.37259260 -5.6503896353718940e-06
    6.650000   0.43734549 -5.4825830839307947e-06
    6.650000   0.50210377 -5.3035863868166582e-06
    6.650000   0.56686560 -5.1183226818524990e-06
    6.650000   0.63162987 -4.9313609606702442e-06
    6.650000   0.69639591 -4.7467638073620385e-06
    6.650000   0.76116325 -4.5679970523869069e-06
    6.650000   0.82593158 -4.3978962766669820e-06
    6.650000   0.89070068 -4.2386804874743925e-06
    6.650000   0.95547037 -4.0920010278884465e-06
    6.650000   1.02024053 -3.9590135384047008e-06
    6.650000   1.08501108 -3.8404619958333510e-06
    6.650000   1.14978193 -3.7367658928111568e-06
    6.650000   1.21455301 -3.6481039497315846e-06
    6.650000   1.27932429 -3.5744899705022334e-06
    6.650000   1.34409571 -3.5158383213438935e-06
    6.650000   1.40886724 -3.4720179202597860e-06
    6.650000   1.47363885 -3.4428945653627213e-06
    6.650000   1.53841049 -3.4283619552513623e-06
    6.650000   1.60318216 -3.4283619460746985e-06
    6.650000   1.66795381 -3.4428945379260112e-06
    6.650000   1.73272541 -3.4720178748387708e-06
    6.650000   1.79749694 -3.5158382583935518e-06
    6.650000   1.86226837 -3.5744898906460860e-06
    6.650000   1.92703964 -3.6481038537533034e-06
    6.650000   1.99181073 -3.7367657816386444e-06
    6.650000   2.05658157 -3.8404618705207566e-06
    6.650000   2.12135212 -3.9590134001129290e-06
    6.650000   2.18612229 -4.0920008778635201e-06
    6.650000   2.25089198 -4.2386803270229098e-06
    6.650000   2.31566107 -4.3978961071275490e-06
    6.650000   2.38042940 -4.5679968751044704e-06
    6.650000   2.44519674 -4.7467636236582656e-06
    6.650000   2.50996278 -4.9313607718116084e-06
    6.650000   2.57472706 -5.1183224890224975e-06
    6.650000   2.63948889 -5.3035861910843593e-06
    6.650000   2.70424717 -5.4825828862225374e-06
    6.650000   2.76900006 -5.6503894364556050e-06
    6.650000   2.83374417 -5.8019409209758909e-06
    6.650000   2.89847256 -5.9322928119649291e-06
    6.650000   2.96316844 -6.0369139136252083e-06
    6.650000   3.02777863 -6.1119842041194536e-06
    6.650000   3.09200950 -6.1546776616992688e-06
    6.700000   0.04958315 -5.7892060725482975e-06
    6.700000   0.11381403 -5.7494951917881504e-06
    6.700000   0.17842421 -5.6796502823809267e-06
    6.700000   0.24312010 -5.5822702650329707e-06
    6.700000   0.30784849 -5.4608714958432570e-06
    6.700000   0.37259260 -5.3196300865634047e-06
    6.700000   0.43734549 -5.1631103187899820e-06
    6.700000   0.50210377 -4.9959968802645832e-06
    6.700000   0.56686560 -4.8228543864319084e-06
    6.700000   0.63162987 -4.6479316029423479e-06
    6.700000   0.69639591 -4.4750199316627668e-06
    6.700000   0.76116325 -4.3073680805357592e-06
    6.700000   0.82593158 -4.1476485939035278e-06
    6.700000   0.89070068 -3.9979676865795141e-06
    6.700000   0.95547037 -3.8599076978849550e-06
    6.700000   1.02024053 -3.7345911737112394e-06
    6.700000   1.08501108 -3.6227565975782849e-06
    6.700000   1.14978193 -3.5248375760676327e-06
    6.700000   1.21455301 -3.4410393540272313e-06
    6.700000   1.27932429 -3.3714085284541232e-06
    6.700000   1.34409571 -3.3158935230773280e-06
    6.700000   1.40886724 -3.2743946756155543e-06
    6.700000   1.47363885 -3.2468036634320319e-06
    6.700000   1.53841049 -3.2330324939340794e-06
    6.700000   1.60318216 -3.2330324847940217e-06
    6.700000   1.66795381 -3.2468036360968659e-06
    6.700000   1.73272541 -3.2743946303452876e-06
    6.700000   1.79749694 -3.3158934602968659e-06
    6.700000   1.86226837 -3.3714084487486714e-06
    6.700000   1.92703964 -3.4410392581323303e-06
    6.700000   1.99181073 -3.5248374648566998e-06
    6.700000   2.05658157 -3.6227564720465143e-06
    6.700000   2.12135212 -3.7345910349581451e-06
    6.700000   2.18612229 -3.8599075470928632e-06
    6.700000   2.25089198 -3.9979675249958152e-06
    6.700000   2.31566107 -4.1476484228112064e-06
    6.700000   2.38042940 -4.3073679012315288e-06
    6.700000   2.44519674 -4.4750197454253963e-06
    6.700000   2.50996278 -4.6479314110112475e-06
    6.700000   2.57472706 -4.8228541899700642e-06
    6.700000   2.63948889 -4.9959966803373011e-06
    6.700000   2.70424717 -5.1631101163382918e-06
    6.700000   2.76900006 -5.3196298823814838e-06
    6.700000   2.83374417 -5.4608712905674303e-06
    6.700000   2.89847256 -5.5822700591381932e-06
    6.700000   2.96316844 -5.6796500761867205e-06
    6.700000   3.02777863 -5.7494949854819487e-06
    6.700000   3.09200950 -5.7892058662157608e-06
    6.750000   0.04958315 -5.4466160150287320e-06
    6.750000   0.11381403 -5.4096480122611614e-06
    6.750000   0.17842421 -5.3446100431816663e-06
    6.750000   0.24312010 -5.2538945107094532e-06
    6.750000   0.30784849 -5.1407413793099658e-06
    6.750000   0.37259260 -5.0090031828027413e-06
    6.750000   0.43734549 -4.8628971487292038e-06
    6.750000   0.50210377 -4.7067602193772882e-06
    6.750000   0.56686560 -4.5448282751845637e-06
    6.750000   0.63162987 -4.3810554953616419e-06
    6.750000   0.69639591 -4.2189827459058723e-06
    6.750000   0.76116325 -4.0616569901776148e-06
    6.750000   0.82593158 -3.9115980456014217e-06
    6.750000   0.89070068 -3.7708051232023299e-06
    6.750000   0.95547037 -3.6407935855699408e-06
    6.750000   1.02024053 -3.5226519992533846e-06
    6.750000   1.08501108 -3.4171104022801097e-06
    6.750000   1.14978193 -3.3246122679565662e-06
    6.750000   1.21455301 -3.2453844860148787e-06
    6.750000   1.27932429 -3.1795014729658112e-06
    6.750000   1.34409571 -3.1269410588869830e-06
    6.750000   1.40886724 -3.0876309797585770e-06
    6.750000   1.47363885 -3.0614856163306818e-06
    6.750000   1.53841049 -3.0484330973046138e-06
    6.750000   1.60318216 -3.0484330882382344e-06
    6.750000   1.66795381 -3.0614855892121508e-06
    6.750000   1.73272541 -3.0876309348301889e-06
    6.750000   1.79749694 -3.1269409965462614e-06
    6.750000   1.86226837 -3.1795013937601944e-06
    6.750000   1.92703964 -3.2453843906351076e-06
    6.750000   1.99181073 -3.3246121572238194e-06
    6.750000   2.05658157 -3.4171102771308858e-06
    6.750000   2.12135212 -3.5226518607279711e-06
    6.750000   2.18612229 -3.6407934347917560e-06
    6.750000   2.25089198 -3.7708049613588998e-06
    6.750000   2.31566107 -3.9115978739194807e-06
    6.750000   2.38042940 -4.0616568099037146e-06
    6.750000   2.44519674 -4.2189825582781040e-06
    6.750000   2.50996278 -4.3810553015845813e-06
    6.750000   2.57472706 -4.5448280764006304e-06
    6.750000   2.63948889 -4.7067600166460720e-06
    6.750000   2.70424717 -4.8628969429940438e-06
    6.750000   2.76900006 -5.0090029748822422e-06
    6.750000   2.83374417 -5.1407411698791189e-06
    6.750000   2.89847256 -5.2538943002953120e-06
    6.750000   2.96316844 -5.3446098321744055e-06
    6.750000   3.02777863 -5.4096478009293870e-06
    6.750000   3.09200950 -5.4466158035480442e-06
    6.800000   0.04958315 -5.1253193994389008e-06
    6.800000   0.11381403 -5.0908764891316497e-06
    6.800000   0.17842421 -5.0302651737458105e-06
    6.800000   0.24312010 -4.9456898864195319e-06
    6.800000   0.30784849 -4.8401387941243270e-06
    6.800000   0.37259260 -4.7171692893385898e-06
    6.800000   0.43734549 -4.5806815408370629e-06
    6.800000   0.50210377 -4.4346941512133826e-06
    6.800000   0.56686560 -4.2831412840436679e-06
    6.800000   0.63162987 -4.1297058523584526e-06
    6.800000   0.69639591 -3.9776970364782491e-06
    6.800000   0.76116325 -3.8299741741301706e-06
    6.800000   0.82593158 -3.6889139100238095e-06
    6.800000   0.89070068 -3.5564139212965851e-06
    6.800000   0.95547037 -3.4339246534769230e-06
    6.800000   1.02024053 -3.3225001020508835e-06
    6.800000   1.08501108 -3.2228593735766905e-06
    6.800000   1.14978193 -3.1354521231996981e-06
    6.800000   1.21455301 -3.0605226005061649e-06
    6.800000   1.27932429 -2.9981686447064078e-06
    6.800000   1.34409571 -2.9483933629364282e-06
    6.800000   1.40886724 -2.9111483088707074e-06
    6.800000   1.47363885 -2.8863677333242956e-06
    6.800000   1.53841049 -2.8739939321449222e-06
    6.800000   1.60318216 -2.8739939231857662e-06
    6.800000   1.66795381 -2.8863677065202205e-06
    6.800000   1.73272541 -2.9111482644474707e-06
    6.800000   1.79749694 -2.9483933012649927e-06
    6.800000   1.86226837 -2.9981685663017653e-06
    6.800000   1.92703964 -3.0605225060141830e-06
    6.800000   1.99181073 -3.1354520133896540e-06
    6.800000   2.05658157 -3.2228592493329229e-06
    6.800000   2.12135212 -3.3224999643551214e-06
    6.800000   2.18612229 -3.4339245033937152e-06
    6.800000   2.25089198 -3.5564137599551440e-06
    6.800000   2.31566107 -3.6889137385962502e-06
    6.800000   2.38042940 -3.8299739938122383e-06
    6.800000   2.44519674 -3.9776968484654823e-06
    6.800000   2.50996278 -4.1297056578201279e-06
    6.800000   2.57472706 -4.2831410840992334e-06
    6.800000   2.63948889 -4.4346939469080743e-06
    6.800000   2.70424717 -4.5806813331190970e-06
    6.800000   2.76900006 -4.7171690790403879e-06
    6.800000   2.83374417 -4.8401385819516107e-06
    6.800000   2.89847256 -4.9456896729459153e-06
    6.800000   2.96316844 -5.0302649594207005e-06
    6.800000   3.02777863 -5.0908762742937425e-06
    6.800000   3.09200950 -5.1253191843457563e-06
    6.850000   0.04958315 -4.8238545015691288e-06
    6.850000   0.11381403 -4.7917386387181594e-06
    6.850000   0.17842421 -4.7352080668432910e-06
    6.850000   0.24312010 -4.6562959720542745e-06
    6.850000   0.30784849 -4.5577609134598269e-06
    6.850000   0.37259260 -4.4428908230682011e-06
    6.850000   0.43734549 -4.3152959338258745e-06
    6.850000   0.50210377 -4.1787031425148064e-06
    6.850000   0.56686560 -4.0367694198613319e-06
    6.850000   0.63162987 -3.8929276403705523e-06
    6.850000   0.69639591 -3.7502725243197551e-06
    6.850000   0.76116325 -3.6114887597456948e-06
    6.850000   0.82593158 -3.4788186820984200e-06
    6.850000   0.89070068 -3.3540636068449087e-06
    6.850000   0.95547037 -3.2386111414989959e-06
    6.850000   1.02024053 -3.1334803737847752e-06
    6.850000   1.08501108 -3.0393774053026882e-06
    6.850000   1.14978193 -2.9567548887760461e-06
    6.850000   1.21455301 -2.8858706797657282e-06
    6.850000   1.27932429 -2.8268421597832822e-06
    6.850000   1.34409571 -2.7796940517775131e-06
    6.850000   1.40886724 -2.7443985424601684e-06
    6.850000   1.47363885 -2.7209072272461238e-06
    6.850000   1.53841049 -2.7091748248469715e-06
    6.850000   1.60318216 -2.7091748160214485e-06
    6.850000   1.66795381 -2.7209072008393939e-06
    6.850000   1.73272541 -2.7443984986820595e-06
    6.850000   1.79749694 -2.7796939909752609e-06
    6.850000   1.86226837 -2.8268420824356402e-06
    6.850000   1.92703964 -2.8858705864794952e-06
    6.850000   1.99181073 -2.9567547802746975e-06
    6.850000   2.05658157 -3.0393772824150822e-06
    6.850000   2.12135212 -3.1334802374384903e-06
    6.850000   2.18612229 -3.2386109927011411e-06
    6.850000   2.25089198 -3.3540634466677135e-06
    6.850000   2.31566107 -3.4788185116602668e-06
    6.850000   2.38042940 -3.6114885801934438e-06
    6.850000   2.44519674 -3.7502723368034310e-06
    6.850000   2.50996278 -3.8929274460245456e-06
    6.850000   2.57472706 -4.0367692197787023e-06
    6.850000   2.63948889 -4.1787029377260685e-06
    6.850000   2.70424717 -4.3152957252744231e-06
    6.850000   2.76900006 -4.4428906115969450e-06
    6.850000   2.83374417 -4.5577606998000832e-06
    6.850000   2.89847256 -4.6562957568173225e-06
    6.850000   2.96316844 -4.7352078505289597e-06
    6.850000   3.02777863 -4.7917384217284828e-06
    6.850000   3.09200950 -4.8238542842296114e-06
    6.900000   0.04958315 -4.5408747824646164e-06
    6.900000   0.11381403 -4.5109057101111350e-06
    6.900000   0.17842421 -4.4581409530642537e-06
    6.900000   0.24312010 -4.3844575362391354e-06
    6.900000   0.30784849 -4.2924044430749826e-06
    6.900000   0.37259260 -4.1850233518546015e-06
    6.900000   0.43734549 -4.0656591016243595e-06
    6.900000   0.50210377 -3.9377710238003371e-06
    6.900000   0.56686560 -3.8047611735045386e-06
    6.900000   0.63162987 -3.6698317258509647e-06
    6.900000   0.69639591 -3.5358786967688032e-06
    6.900000   0.76116325 -3.4054240622091179e-06
    6.900000   0.82593158 -3.2805840796358464e-06
    6.900000   0.89070068 -3.1630685966432977e-06
    6.900000   0.95547037 -3.0542044694237650e-06
    6.900000   1.02024053 -2.9549757621974574e-06
    6.900000   1.08501108 -2.8660738622785106e-06
    6.900000   1.14978193 -2.7879516807430066e-06
    6.900000   1.21455301 -2.7208773991883165e-06
    6.900000   1.27932429 -2.6649845229981913e-06
    6.900000   1.34409571 -2.6203161491140438e-06
    6.900000   1.40886724 -2.5868622678492168e-06
    6.900000   1.47363885 -2.5645895702629081e-06
    6.900000   1.53841049 -2.5534636422569371e-06
    6.900000   1.60318216 -2.5534636335884087e-06
    6.900000   1.66795381 -2.5645895443235583e-06
    6.900000   1.73272541 -2.5868622248348381e-06
    6.900000   1.79749694 -2.6203160893480903e-06
    6.900000   1.86226837 -2.6649844469281334e-06
    6.900000   1.92703964 -2.7208773073812512e-06
    6.900000   1.99181073 -2.7879515738761288e-06
    6.900000   2.05658157 -2.8660737411344749e-06
    6.900000   2.12135212 -2.9549756276470657e-06
    6.900000   2.18612229 -3.0542043224199142e-06
    6.900000   2.25089198 -3.1630684382032925e-06
    6.900000   2.31566107 -3.2805839108265244e-06
    6.900000   2.38042940 -3.4054238841255729e-06
    6.900000   2.44519674 -3.5358785105188361e-06
    6.900000   2.50996278 -3.6698315325317576e-06
    6.900000   2.57472706 -3.8047609741804465e-06
    6.900000   2.63948889 -3.9377708194828079e-06
    6.900000   2.70424717 -4.0656588932513839e-06
    6.900000   2.76900006 -4.1850231402753402e-06
    6.900000   2.83374417 -4.2924042290368533e-06
    6.900000   2.89847256 -4.3844573203866819e-06
    6.900000   2.96316844 -4.4581407359384725e-06
    6.900000   3.02777863 -4.5109054921677662e-06
    6.900000   3.09200950 -4.5408745640898859e-06
    6.950000   0.04958315 -4.2751385850383414e-06
    6.950000   0.11381403 -4.2471520805545918e-06
    6.950000   0.17842421 -4.1978661416142098e-06
    6.950000   0.24312010 -4.1290152496981351e-06
    6.950000   0.30784849 -4.0429569089118530e-06
    6.950000   0.37259260 -3.9425075290733535e-06
    6.950000   0.43734549 -3.8307687777479991e-06
    6.950000   0.50210377 -3.7109543180816783e-06
    6.950000   0.56686560 -3.5862315424601565e-06
    6.950000   0.63162987 -3.4595895607933104e-06
    6.950000   0.69639591 -3.3337401097191471e-06
    6.950000   0.76116325 -3.2110534468188178e-06
    6.950000   0.82593158 -3.0935274036781868e-06
    6.950000   0.89070068 -2.9827849930305776e-06
    6.950000   0.95547037 -2.8800944038022311e-06
    6.950000   1.02024053 -2.7864047514392557e-06
    6.950000   1.08501108 -2.7023913204029018e-06
    6.950000   1.14978193 -2.6285049359065625e-06
    6.950000   1.21455301 -2.5650212480839012e-06
    6.950000   1.27932429 -2.5120868806013187e-06
    6.950000   1.34409571 -2.4697604381186874e-06
    6.950000   1.40886724 -2.4380472036290033e-06
    6.950000   1.47363885 -2.4169269630439752e-06
    6.950000   1.53841049 -2.4063747831862558e-06
    6.950000   1.60318216 -2.4063747746952867e-06
    6.950000   1.66795381 -2.4169269376318047e-06
    6.950000   1.73272541 -2.4380471614772451e-06
    6.950000   1.79749694 -2.4697603795301778e-06
    6.950000   1.86226837 -2.5120868059926561e-06
    6.950000   1.92703964 -2.5650211579848689e-06
    6.950000   1.99181073 -2.6285048309539377e-06
    6.950000   2.05658157 -2.7023912013279126e-06
    6.950000   2.12135212 -2.7864046190645410e-06
    6.950000   2.18612229 -2.8800942590282297e-06
    6.950000   2.25089198 -2.9827848368192051e-06
    6.950000   2.31566107 -3.0935272370463244e-06
    6.950000   2.38042940 -3.2110532708127461e-06
    6.950000   2.44519674 -3.3337399254030062e-06
    6.950000   2.50996278 -3.4595893692251428e-06
    6.950000   2.57472706 -3.5862313446754908e-06
    6.950000   2.63948889 -3.7109541150718553e-06
    6.950000   2.70424717 -3.8307685704406832e-06
    6.950000   2.76900006 -3.9425073183186780e-06
    6.950000   2.83374417 -4.0429566954713588e-06
    6.950000   2.89847256 -4.1290150342388996e-06
    6.950000   2.96316844 -4.1978659247165921e-06
    6.950000   3.02777863 -4.2471518627157079e-06
    6.950000   3.09200950 -4.2751383666972695e-06
    7.000000   0.04958315 -4.0254998105679633e-06
    7.000000   0.11381403 -3.9993461111182467e-06
    7.000000   0.17842421 -3.9532771873382061e-06
    7.000000   0.24312010 -3.8888972782370623e-06
    7.000000   0.30784849 -3.8083887676801410e-06
    7.000000   0.37259260 -3.7143617873056560e-06
    7.000000   0.43734549 -3.6096949707199790e-06
    7.000000   0.50210377 -3.4973761910573915e-06
    7.000000   0.56686560 -3.3803566062282248e-06
    7.000000   0.63162987 -3.2614283553212943e-06
    7.000000   0.69639591 -3.1431321155385221e-06
    7.000000   0.76116325 -3.0276965611395766e-06
    7.000000   0.82593158 -2.9170082187900163e-06
    7.000000   0.89070068 -2.8126076547789722e-06
    7.000000   0.95547037 -2.7157064632034128e-06
    7.000000   1.02024053 -2.6272190487230346e-06
    7.000000   1.08501108 -2.5478034862312541e-06
    7.000000   1.14978193 -2.4779065209380805e-06
    7.000000   1.21455301 -2.4178087900728811e-06
    7.000000   1.27932429 -2.3676673986101728e-06
    7.000000   1.34409571 -2.3275539286353553e-06
    7.000000   1.40886724 -2.2974867302763834e-06
    7.000000   1.47363885 -2.2774569061058122e-06
    7.000000   1.53841049 -2.2674477696481171e-06
    7.000000   1.60318216 -2.2674477613502913e-06
    7.000000   1.66795381 -2.2774568812687623e-06
    7.000000   1.73272541 -2.2974866890689649e-06
    7.000000   1.79749694 -2.3275538713394891e-06
    7.000000   1.86226837 -2.3676673256158422e-06
    7.000000   1.92703964 -2.4178087018756077e-06
    7.000000   1.99181073 -2.4779064181307520e-06
    7.000000   2.05658157 -2.5478033695028397e-06
    7.000000   2.12135212 -2.6272189188454353e-06
    7.000000   2.18612229 -2.7157063210264177e-06
    7.000000   2.25089198 -2.8126075012159836e-06
    7.000000   2.31566107 -2.9170080548051141e-06
    7.000000   2.38042940 -3.0276963877317233e-06
    7.000000   2.44519674 -3.1431319337282486e-06
    7.000000   2.50996278 -3.2614281661306626e-06
    7.000000   2.57472706 -3.3803564106605827e-06
    7.000000   2.63948889 -3.4973759900821001e-06
    7.000000   2.70424717 -3.6096947652504705e-06
    7.000000   2.76900006 -3.7143615781896207e-06
    7.000000   2.83374417 -3.8083885556889884e-06
    7.000000   2.89847256 -3.8888970640569821e-06
    7.000000   2.96316844 -3.9532769715765342e-06
    7.000000   3.02777863 -3.9993458943124847e-06
    7.000000   3.09200950 -4.0254995932004516e-06
    7.100000   0.04958315 -3.5703581338007043e-06
    7.100000   0.11381403 -3.5474716737831065e-06
    7.100000   0.17842421 -3.5071401089365712e-06
    7.100000   0.24312010 -3.4507394922413387e-06
    7.100000   0.30784849 -3.3801449662684517e-06
    7.100000   0.37259260 -3.2976040911851022e-06
    7.100000   0.43734549 -3.2056025357450890e-06
    7.100000   0.50210377 -3.1067291390177951e-06
    7.100000   0.56686560 -3.0035514552313473e-06
    7.100000   0.63162987 -2.8985105330779764e-06
    7.100000   0.69639591 -2.7938403231760199e-06
    7.100000   0.76116325 -2.6915136806931750e-06
    7.100000   0.82593158 -2.5932139741376900e-06
    7.100000   0.89070068 -2.5003291370900741e-06
    7.100000   0.95547037 -2.4139637069736973e-06
    7.100000   1.02024053 -2.3349639154138524e-06
    7.100000   1.08501108 -2.2639510549163511e-06
    7.100000   1.14978193 -2.2013589310410997e-06
    7.100000   1.21455301 -2.1474720110647836e-06
    7.100000   1.27932429 -2.1024617310082721e-06
    7.100000   1.34409571 -2.0664192062653663e-06
    7.100000   1.40886724 -2.0393832397943384e-06
    7.100000   1.47363885 -2.0213630102311579e-06
    7.100000   1.53841049 -2.0123551533712400e-06
    7.100000   1.60318216 -2.0123551454959677e-06
    7.100000   1.66795381 -2.0213629866559478e-06
    7.100000   1.73272541 -2.0393832006642203e-06
    7.100000   1.79749694 -2.0664191518244755e-06
    7.100000   1.86226837 -2.1024616615944451e-06
    7.100000   1.92703964 -2.1474719271097794e-06
    7.100000   1.99181073 -2.2013588330647056e-06
    7.100000   2.05658157 -2.2639509435211373e-06
    7.100000   2.12135212 -2.3349637912855023e-06
    7.100000   2.18612229 -2.4139635708646575e-06
    7.100000   2.25089198 -2.5003289898194083e-06
    7.100000   2.31566107 -2.5932138165718393e-06
    7.100000   2.38042940 -2.6915135137422971e-06
    7.100000   2.44519674 -2.7938401477732025e-06
    7.100000   2.50996278 -2.8985103501699338e-06
    7.100000   2.57472706 -3.0035512657580539e-06
    7.100000   2.63948889 -3.1067289438984651e-06
    7.100000   2.70424717 -3.2056023358615837e-06
    7.100000   2.76900006 -3.2976038873715118e-06
    7.100000   2.83374417 -3.3801447592981212e-06
    7.100000   2.89847256 -3.4507392828259747e-06
    7.100000   2.96316844 -3.5071398977229545e-06
    7.100000   3.02777863 -3.5474714613648705e-06
    7.100000   3.09200950 -3.5703579207282226e-06
    7.200000   0.04958315 -3.1678912255722415e-06
    7.200000   0.11381403 -3.1478137927527969e-06
    7.200000   0.17842421 -3.1124178627140931e-06
    7.200000   0.24312010 -3.0628878318192896e-06
    7.200000   0.30784849 -3.0008402980248913e-06
    7.200000   0.37259260 -2.9282169599853255e-06
    7.200000   0.43734549 -2.8471709134503228e-06
    7.200000   0.50210377 -2.7599519073660224e-06
    7.200000   0.56686560 -2.6687998608008354e-06
    7.200000   0.63162987 -2.5758540689567606e-06
    7.200000   0.69639591 -2.4830827908004775e-06
    7.200000   0.76116325 -2.3922350840702973e-06
    7.200000   0.82593158 -2.3048142821661996e-06
    7.200000   0.89070068 -2.2220706554355171e-06
    7.200000   0.95547037 -2.1450096603271657e-06
    7.200000   1.02024053 -2.0744117099953768e-06
    7.200000   1.08501108 -2.0108594666649012e-06
    7.200000   1.14978193 -1.9547690887887156e-06
    7.200000   1.21455301 -1.9064224969307519e-06
    7.200000   1.27932429 -1.8659984118901076e-06
    7.200000   1.34409571 -1.8336005675672247e-06
    7.200000   1.40886724 -1.8092820500375217e-06
    7.200000   1.47363885 -1.7930651375653425e-06
    7.200000   1.53841049 -1.7849563130663880e-06
    7.200000   1.60318216 -1.7849563056467627e-06
    7.200000   1.66795381 -1.7930651153476228e-06
    7.200000   1.73272541 -1.8092820131489991e-06
    7.200000   1.79749694 -1.8336005162178951e-06
    7.200000   1.86226837 -1.8659983463736647e-06
    7.200000   1.92703964 -1.9064224176220605e-06
    7.200000   1.99181073 -1.9547689961405821e-06
    7.200000   2.05658157 -2.0108593612061661e-06
    7.200000   2.12135212 -2.0744115923299521e-06
    7.200000   2.18612229 -2.1450095311219941e-06
    7.200000   2.25089198 -2.2220705154207892e-06
    7.200000   2.31566107 -2.3048141321218541e-06
    7.200000   2.38042940 -2.3922349248185944e-06
    7.200000   2.44519674 -2.4830826231951976e-06
    7.200000   2.50996278 -2.5758538938688408e-06
    7.200000   2.57472706 -2.6687996791056034e-06
    7.200000   2.63948889 -2.7599517199280315e-06
    7.200000   2.70424717 -2.8471707211143139e-06
    7.200000   2.76900006 -2.9282167635591130e-06
    7.200000   2.83374417 -3.0008400982740360e-06
    7.200000   2.89847256 -3.0628876294615422e-06
    7.200000   2.96316844 -3.1124176584184075e-06
    7.200000   3.02777863 -3.1478135871467620e-06
    7.200000   3.09200950 -3.1678910192496836e-06
    7.300000   0.04958315 -2.8116071861220137e-06
    7.300000   0.11381403 -2.7939540542785513e-06
    7.300000   0.17842421 -2.7628201926521027e-06
    7.300000   0.24312010 -2.7192283628161606e-06
    7.300000   0.30784849 -2.6645767076643328e-06
    7.300000   0.37259260 -2.6005478567343863e-06
    7.300000   0.43734549 -2.5290123131705415e-06
    7.300000   0.50210377 -2.4519305388660558e-06
    7.300000   0.56686560 -2.3712615509253900e-06
    7.300000   0.63162987 -2.2888843546615226e-06
    7.300000   0.69639591 -2.2065363019822624e-06
    7.300000   0.76116325 -2.1257701241327310e-06
    7.300000   0.82593158 -2.0479293151377556e-06
    7.300000   0.89070068 -1.9741399607992522e-06
    7.300000   0.95547037 -1.9053161047795627e-06
    7.300000   1.02024053 -1.8421752920037431e-06
    7.300000   1.08501108 -1.7852609296238488e-06
    7.300000   1.14978193 -1.7349684218278043e-06
    7.300000   1.21455301 -1.6915725304020985e-06
    7.300000   1.27932429 -1.6552539725128005e-06
    7.300000   1.34409571 -1.6261238059062044e-06
    7.300000   1.40886724 -1.6042446171304740e-06
    7.300000   1.47363885 -1.5896478956961910e-06
    7.300000   1.53841049 -1.5823472426083229e-06
    7.300000   1.60318216 -1.5823472356601550e-06
    7.300000   1.66795381 -1.5896478748852769e-06
    7.300000   1.73272541 -1.6042445825679121e-06
    7.300000   1.79749694 -1.6261237577727580e-06
    7.300000   1.86226837 -1.6552539110619328e-06
    7.300000   1.92703964 -1.6915724559601463e-06
    7.300000   1.99181073 -1.7349683347885796e-06
    7.300000   2.05658157 -1.7852608304508696e-06
    7.300000   2.12135212 -1.8421751812269271e-06
    7.300000   2.18612229 -1.9053159829905319e-06
    7.300000   2.25089198 -1.9741398286468176e-06
    7.300000   2.31566107 -2.0479291733213026e-06
    7.300000   2.38042940 -2.1257699733949823e-06
    7.300000   2.44519674 -2.2065361430983802e-06
    7.300000   2.50996278 -2.2888841884312686e-06
    7.300000   2.57472706 -2.3712613781597863e-06
    7.300000   2.63948889 -2.4519303603764238e-06
    7.300000   2.70424717 -2.5290121297536761e-06
    7.300000   2.76900006 -2.6005476691678124e-06
    7.300000   2.83374417 -2.6645765166956781e-06
    7.300000   2.89847256 -2.7192281691559330e-06
    7.300000   2.96316844 -2.7628199969779692e-06
    7.300000   3.02777863 -2.7939538572316670e-06
    7.300000   3.09200950 -2.8116069883230243e-06
    7.400000   0.04958315 -2.4959079482885118e-06
    7.400000   0.11381403 -2.4803546390664911e-06
    7.400000   0.17842421 -2.4529144011300266e-06
    7.400000   0.24312010 -2.4144731259388854e-06
    7.400000   0.30784849 -2.3662436288732856e-06
    7.400000   0.37259260 -2.3096882270821642e-06
    7.400000   0.43734549 -2.2464363565140295e-06
    7.400000   0.50210377 -2.1782007354279782e-06
    7.400000   0.56686560 -2.1066986610199097e-06
    7.400000   0.63162987 -2.0335838417274785e-06
    7.400000   0.69639591 -1.9603923334266470e-06
    7.400000   0.76116325 -1.8885042042231832e-06
    7.400000   0.82593158 -1.8191208085645908e-06
    7.400000   0.89070068 -1.7532561977056759e-06
    7.400000   0.95547037 -1.6917403097170410e-06
    7.400000   1.02024053 -1.6352311552808698e-06
    7.400000   1.08501108 -1.5842331689228903e-06
    7.400000   1.14978193 -1.5391191219355740e-06
    7.400000   1.21455301 -1.5001533819233947e-06
    7.400000   1.27932429 -1.4675147584906045e-06
    7.400000   1.34409571 -1.4413176226737741e-06
    7.400000   1.40886724 -1.4216303831293877e-06
    7.400000   1.47363885 -1.4084907211734277e-06
    7.400000   1.53841049 -1.4019172239934671e-06
    7.400000   1.60318216 -1.4019172175196111e-06
    7.400000   1.66795381 -1.4084907017824098e-06
    7.400000   1.73272541 -1.4216303509157746e-06
    7.400000   1.79749694 -1.4413175777933916e-06
    7.400000   1.86226837 -1.4675147011632271e-06
    7.400000   1.92703964 -1.5001533124302020e-06
    7.400000   1.99181073 -1.5391190406188389e-06
    7.400000   2.05658157 -1.5842330761897698e-06
    7.400000   2.12135212 -1.6352310515951797e-06
    7.400000   2.18612229 -1.6917401956022606e-06
    7.400000   2.25089198 -1.7532560737376821e-06
    7.400000   2.31566107 -1.8191206753695897e-06
    7.400000   2.38042940 -1.8885040624678382e-06
    7.400000   2.44519674 -1.9603921838174220e-06
    7.400000   2.50996278 -2.0335836849936887e-06
    7.400000   2.57472706 -2.1066984979108514e-06
    7.400000   2.63948889 -2.1782005666969136e-06
    7.400000   2.70424717 -2.2464361829141768e-06
    7.400000   2.76900006 -2.3096880493528954e-06
    7.400000   2.83374417 -2.3662434477349506e-06
    7.400000   2.89847256 -2.4144729420866022e-06
    7.400000   2.96316844 -2.4529142152346462e-06
    7.400000   3.02777863 -2.4803544517737113e-06
    7.400000   3.09200950 -2.4959077602259027e-06
    7.500000   0.04958315 -2.2159477026350615e-06
    7.500000   0.11381403 -2.2022193124636756e-06
    7.500000   0.17842421 -2.1779907974655629e-06
    7.500000   0.24312010 -2.1440316869666824e-06
    7.500000   0.30784849 -2.1013969516475207e-06
    7.500000   0.37259260 -2.0513608259775049e-06
    7.500000   0.43734549 -1.9953463198929550e-06
    7.500000   0.50210377 -1.9348532050845405e-06
    7.500000   0.56686560 -1.8713900478967817e-06
    7.500000   0.63162987 -1.8064149171049855e-06
    7.500000   0.69639591 -1.7412878850073564e-06
    7.500000   0.76116325 -1.6772368203430923e-06
    7.500000   0.82593158 -1.6153364995206701e-06
    7.500000   0.89070068 -1.5564999010380104e-06
    7.500000   0.95547037 -1.5014797694462323e-06
    7.500000   1.02024053 -1.4508781356973080e-06
    7.500000   1.08501108 -1.4051614027344920e-06
    7.500000   1.14978193 -1.3646787635101597e-06
    7.500000   1.21455301 -1.3296820227928908e-06
    7.500000   1.27932429 -1.3003452638015175e-06
    7.500000   1.34409571 -1.2767831742675381e-06
    7.500000   1.40886724 -1.2590671830610122e-06
    7.500000   1.47363885 -1.2472388360113872e-06
    7.500000   1.53841049 -1.2413200513575818e-06
    7.500000   1.60318216 -1.2413200453528877e-06
    7.500000   1.66795381 -1.2472388180238396e-06
    7.500000   1.73272541 -1.2590671531713854e-06
    7.500000   1.79749694 -1.2767831326099355e-06
    7.500000   1.86226837 -1.3003452105652767e-06
    7.500000   1.92703964 -1.3296819582218597e-06
    7.500000   1.99181073 -1.3646786879020430e-06
    7.500000   2.05658157 -1.4051613164445963e-06
    7.500000   2.12135212 -1.4508780391332300e-06
    7.500000   2.18612229 -1.5014796630679468e-06
    7.500000   2.25089198 -1.5564997853574975e-06
    7.500000   2.31566107 -1.6153363750967576e-06
    7.500000   2.38042940 -1.6772366877753956e-06
    7.500000   2.44519674 -1.7412877449336522e-06
    7.500000   2.50996278 -1.8064147701918468e-06
    7.500000   2.57472706 -1.8713898948316021e-06
    7.500000   2.63948889 -1.9348530465675900e-06
    7.500000   2.70424717 -1.9953461566281629e-06
    7.500000   2.76900006 -2.0513606586635721e-06
    7.500000   2.83374417 -2.1013967809738152e-06
    7.500000   2.89847256 -2.1440315136051707e-06
    7.500000   2.96316844 -2.1779906220707499e-06
    7.500000   3.02777863 -2.2022191356740408e-06
    7.500000   3.09200950 -2.2159475250755110e-06
    7.600000   0.04958315 -1.9675166340768680e-06
    7.600000   0.11381403 -1.9553792156954086e-06
    7.600000   0.17842421 -1.9339520607726649e-06
    7.600000   0.24312010 -1.9039053885344799e-06
    7.600000   0.30784849 -1.8661592183979593e-06
    7.600000   0.37259260 -1.8218266149712419e-06
    7.600000   0.43734549 -1.7721531812035596e-06
    7.600000   0.50210377 -1.7184550113262611e-06
    7.600000   0.56686560 -1.6620598333198329e-06
    7.600000   0.63162987 -1.6042553170941327e-06
    7.600000   0.69639591 -1.5462472776142867e-06
    7.600000   0.76116325 -1.4891291472770073e-06
    7.600000   0.82593158 -1.4338628454503699e-06
    7.600000   0.89070068 -1.3812701740729300e-06
    7.600000   0.95547037 -1.3320331821961491e-06
    7.600000   1.02024053 -1.2867015718760442e-06
    7.600000   1.08501108 -1.2457051196146846e-06
    7.600000   1.14978193 -1.2093691941661492e-06
    7.600000   1.21455301 -1.1779316888163470e-06
    7.600000   1.27932429 -1.1515599873501364e-06
    7.600000   1.34409571 -1.1303668949186235e-06
    7.600000   1.40886724 -1.1144247520214211e-06
    7.600000   1.47363885 -1.1037771915023042e-06
    7.600000   1.53841049 -1.0984481872688869e-06
    7.600000   1.60318216 -1.0984481817203070e-06
    7.600000   1.66795381 -1.1037771748815814e-06
    7.600000   1.73272541 -1.1144247243964658e-06
    7.600000   1.79749694 -1.1303668564042370e-06
    7.600000   1.86226837 -1.1515599381112365e-06
    7.600000   1.92703964 -1.1779316290625888e-06
    7.600000   1.99181073 -1.2093691241564860e-06
    7.600000   2.05658157 -1.2457050396594373e-06
    7.600000   2.12135212 -1.2867014823300519e-06
    7.600000   2.18612229 -1.3320330834671695e-06
    7.600000   2.25089198 -1.3812700666132689e-06
    7.600000   2.31566107 -1.4338627297595126e-06
    7.600000   2.38042940 -1.4891290238915303e-06
    7.600000   2.44519674 -1.5462471471118015e-06
    7.600000   2.50996278 -1.6042551800800159e-06
    7.600000   2.57472706 -1.6620596904244351e-06
    7.600000   2.63948889 -1.7184548631963890e-06
    7.600000   2.70424717 -1.7721530284931487e-06
    7.600000   2.76900006 -1.8218264583392252e-06
    7.600000   2.83374417 -1.8661590584955619e-06
    7.600000   2.89847256 -1.9039052260066386e-06
    7.600000   2.96316844 -1.9339518962534022e-06
    7.600000   3.02777863 -1.9553790498064517e-06
    7.600000   3.09200950 -1.9675164674302935e-06
    7.700000   0.04958315 -1.7469451505778394e-06
    7.700000   0.11381403 -1.7361987388595655e-06
    7.700000   0.17842421 -1.7172219716953857e-06
    7.700000   0.24312010 -1.6905999958512923e-06
    7.700000   0.30784849 -1.6571370299021517e-06
    7.700000   0.37259260 -1.6178075363249515e-06
    7.700000   0.43734549 -1.5737041231708452e-06
    7.700000   0.50210377 -1.5259839307462862e-06
    7.700000   0.56686560 -1.4758175311795670e-06
    7.700000   0.63162987 -1.4243437662053475e-06
    7.700000   0.69639591 -1.3726329149166512e-06
    7.700000   0.76116325 -1.3216594461786842e-06
    7.700000   0.82593158 -1.2722845517976628e-06
    7.700000   0.89070068 -1.2252477953963072e-06
    7.700000   0.95547037 -1.1811666073458316e-06
    7.700000   1.02024053 -1.1405420148271114e-06
    7.700000   1.08501108 -1.1037688860703638e-06
    7.700000   1.14978193 -1.0711490353934185e-06
    7.700000   1.21455301 -1.0429057202442417e-06
    7.700000   1.27932429 -1.0191983068794033e-06
    7.700000   1.34409571 -1.0001361425363042e-06
    7.700000   1.40886724 -9.8579091717894135e-07
    7.700000   1.47363885 -9.7620700852016217e-07
    7.700000   1.53841049 -9.7140947240160794e-07
    7.700000   1.60318216 -9.7140946729273275e-07
    7.700000   1.66795381 -9.7620699321317482e-07
    7.700000   1.73272541 -9.8579089173335630e-07
    7.700000   1.79749694 -1.0001361070511044e-06
    7.700000   1.86226837 -1.0191982614945919e-06
    7.700000   1.92703964 -1.0429056651428342e-06
    7.700000   1.99181073 -1.0711489708001960e-06
    7.700000   2.05658157 -1.1037688122537449e-06
    7.700000   2.12135212 -1.1405419321003817e-06
    7.700000   2.18612229 -1.1811665160657902e-06
    7.700000   2.25089198 -1.2252476959655386e-06
    7.700000   2.31566107 -1.2722844446596392e-06
    7.700000   2.38042940 -1.3216593318157958e-06
    7.700000   2.44519674 -1.3726327938478510e-06
    7.700000   2.50996278 -1.4243436389810577e-06
    7.700000   2.57472706 -1.4758173983754924e-06
    7.700000   2.63948889 -1.5259837929579216e-06
    7.700000   2.70424717 -1.5737039810049391e-06
    7.700000   2.76900006 -1.6178073903961418e-06
    7.700000   2.83374417 -1.6571368808260464e-06
    7.700000   2.89847256 -1.6905998442396610e-06
    7.700000   2.96316844 -1.7172218181545378e-06
    7.700000   3.02777863 -1.7361985839887496e-06
    7.700000   3.09200950 -1.7469449949703903e-06
    7.800000   0.04958315 -1.5510246966899402e-06
    7.800000   0.11381403 -1.5414976500888988e-06
    7.800000   0.17842421 -1.5246698292584896e-06
    7.800000   0.24312010 -1.5010532464891818e-06
    7.800000   0.30784849 -1.4713524066810371e-06
    7.800000   0.37259260 -1.4364221744239071e-06
    7.800000   0.43734549 -1.3972227861453706e-06
    7.800000   0.50210377 -1.3547733997042684e-06
    7.800000   0.56686560 -1.3101076223769412e-06
    7.800000   0.63162987 -1.2642339756143505e-06
    7.800000   0.69639591 -1.2181033952409198e-06
    7.800000   0.76116325 -1.1725849083539970e-06
    7.800000   0.82593158 -1.1284497264095059e-06
    7.800000   0.89070068 -1.0863632500839746e-06
    7.800000   0.95547037 -1.0468839484953517e-06
    7.800000   1.02024053 -1.0104677626508240e-06
    7.800000   1.08501108 -9.7747656726915507e-07
    7.800000   1.14978193 -9.4818926353006464e-07
    7.800000   1.21455301 -9.2281421824726479e-07
    7.800000   1.27932429 -9.0150196529887198e-07
    7.800000   1.34409571 -8.8435730426428018e-07
    7.800000   1.40886724 -8.7145014116298409e-07
    7.800000   1.47363885 -8.6282459998483843e-07
    7.800000   1.53841049 -8.5850608367719930e-07
    7.800000   1.60318216 -8.5850607898718497e-07
    7.800000   1.66795381 -8.6282458593016547e-07
    7.800000   1.73272541 -8.7145011779475443e-07
    7.800000   1.79749694 -8.8435727166750417e-07
    7.800000   1.86226837 -9.0150192359468082e-07
    7.800000   1.92703964 -9.2281416759342781e-07
    7.800000   1.99181073 -9.4818920412205088e-07
    7.800000   2.05658157 -9.7747649933999304e-07
    7.800000   2.12135212 -1.0104676864754908e-06
    7.800000   2.18612229 -1.0468838643880684e-06
    7.800000   2.25089198 -1.0863631583991703e-06
    7.800000   2.31566107 -1.1284496275421231e-06
    7.800000   2.38042940 -1.1725848027375469e-06
    7.800000   2.44519674 -1.2181032833412814e-06
    7.800000   2.50996278 -1.2642338579299111e-06
    7.800000   2.57472706 -1.3101074994340760e-06
    7.800000   2.63948889 -1.3547732720470624e-06
    7.800000   2.70424717 -1.3972226543369605e-06
    7.800000   2.76900006 -1.4364220390346745e-06
    7.800000   2.83374417 -1.4713522682894344e-06
    7.800000   2.89847256 -1.5010531056703732e-06
    7.800000   2.96316844 -1.5246696865897966e-06
    7.800000   3.02777863 -1.5414975061433978e-06
    7.800000   3.09200950 -1.5510245520344369e-06
    7.900000   0.04958315 -1.3769419988042921e-06
    7.900000   0.11381403 -1.3684863938332809e-06
    7.900000   0.17842421 -1.3535475805885236e-06
    7.900000   0.24312010 -1.3325744889556115e-06
    7.900000   0.30784849 -1.3061854810727127e-06
    7.900000   0.37259260 -1.2751318943148006e-06
    7.900000   0.43734549 -1.2402590885916807e-06
    7.900000   0.50210377 -1.2024661012294999e-06
    7.900000   0.56686560 -1.1626668578166542e-06
    7.900000   0.63162987 -1.1217555002584833e-06
    7.900000   0.69639591 -1.0805776757698016e-06
    7.900000   0.76116325 -1.0399088217274077e-06
    7.900000   0.82593158 -1.0004397109485276e-06
    7.900000   0.89070068 -9.6276887806895472e-07
    7.900000   0.95547037 -9.2740107749460741e-07
    7.900000   1.02024053 -8.9475063828850268e-07
    7.900000   1.08501108 -8.6514846417877215e-07
    7.900000   1.14978193 -8.3885144378479325e-07
    7.900000   1.21455301 -8.1605314624956702e-07
    7.900000   1.27932429 -7.9689484122106996e-07
    7.900000   1.34409571 -7.8147606625363327e-07
    7.900000   1.40886724 -7.6986414481046377e-07
    7.900000   1.47363885 -7.6210221857013129e-07
    7.900000   1.53841049 -7.5821549131155732e-07
    7.900000   1.60318216 -7.5821548701680160e-07
    7.900000   1.66795381 -7.6210220569872768e-07
    7.900000   1.73272541 -7.6986412340683110e-07
    7.900000   1.79749694 -7.8147603639069898e-07
    7.900000   1.86226837 -7.9689480300183376e-07
    7.900000   1.92703964 -8.1605309981115837e-07
    7.900000   1.99181073 -8.3885138929606944e-07
    7.900000   2.05658157 -8.6514840184475740e-07
    7.900000   2.12135212 -8.9475056834756942e-07
    7.900000   2.18612229 -9.2740100022347157e-07
    7.900000   2.25089198 -9.6276879378196144e-07
    7.900000   2.31566107 -1.0004396199971581e-06
    7.900000   2.38042940 -1.0399087244973287e-06
    7.900000   2.44519674 -1.0805775726826997e-06
    7.900000   2.50996278 -1.1217553917627067e-06
    7.900000   2.57472706 -1.1626667443914577e-06
    7.900000   2.63948889 -1.2024659833742671e-06
    7.900000   2.70424717 -1.2402589668239403e-06
    7.900000   2.76900006 -1.2751317691642719e-06
    7.900000   2.83374417 -1.3061853530763562e-06
    7.900000   2.89847256 -1.3325743586562878e-06
    7.900000   2.96316844 -1.3535474485293145e-06
    7.900000   3.02777863 -1.3684862605568674e-06
    7.900000   3.09200950 -1.3769418648519912e-06
    8.000000   0.04958315 -1.2222242057522982e-06
    8.000000   0.11381403 -1.2147120751221344e-06
    8.000000   0.17842421 -1.2014372727975054e-06
    8.000000   0.24312010 -1.1827941457113620e-06
    8.000000   0.30784849 -1.1593264090899541e-06
    8.000000   0.37259260 -1.1316955190800591e-06
    8.000000   0.43734549 -1.1006468608539469e-06
    8.000000   0.50210377 -1.0669746251745382e-06
    8.000000   0.56686560 -1.0314879068841569e-06
    8.000000   0.63162987 -9.9498024777622293e-07
    8.000000   0.69639591 -9.5820424545998530e-07
    8.000000   0.76116325 -9.2185216431573463e-07
    8.000000   0.82593158 -8.8654282488741230e-07
    8.000000   0.89070068 -8.5281448945415128e-07
    8.000000   0.95547037 -8.2112304675643771e-07
    8.000000   1.02024053 -7.9184453968223695e-07
    8.000000   1.08501108 -7.6528096425893817e-07
    8.000000   1.14978193 -7.4166826954342893e-07
    8.000000   1.21455301 -7.2118557227066942e-07
    8.000000   1.27932429 -7.0396473401502576e-07
    8.000000   1.34409571 -6.9009960380248241e-07
    8.000000   1.40886724 -6.7965438376777951e-07
    8.000000   1.47363885 -6.7267071590768982e-07
    8.000000   1.53841049 -6.6917320679544630e-07
    8.000000   1.60318216 -6.6917320287106356e-07
    8.000000   1.66795381 -6.7267070414773182e-07
    8.000000   1.73272541 -6.7965436420828368e-07
    8.000000   1.79749694 -6.9009957650744507e-07
    8.000000   1.86226837 -7.0396469907414790e-07
    8.000000   1.92703964 -7.2118552980000949e-07
    8.000000   1.99181073 -7.4166821969024751e-07
    8.000000   2.05658157 -7.6528090720064155e-07
    8.000000   2.12135212 -7.9184447562955550e-07
    8.000000   2.18612229 -8.2112297595199682e-07
    8.000000   2.25089198 -8.5281441217554344e-07
    8.000000   2.31566107 -8.8654274144718981e-07
    8.000000   2.38042940 -9.2185207505837552e-07
    8.000000   2.44519674 -9.5820415076308585e-07
    8.000000   2.50996278 -9.9498014804769578e-07
    8.000000   2.57472706 -1.0314878025560831e-06
    8.000000   2.63948889 -1.0669745167042435e-06
    8.000000   2.70424717 -1.1006467487168341e-06
    8.000000   2.76900006 -1.1316954037650864e-06
    8.000000   2.83374417 -1.1593262910974364e-06
    8.000000   2.89847256 -1.1827940255466862e-06
    8.000000   2.96316844 -1.2014371509700816e-06
    8.000000   3.02777863 -1.2147119521422492e-06
    8.000000   3.09200950 -1.2222240821332690e-06
    8.100000   0.04958315 -1.0846928888860837e-06
    8.100000   0.11381403 -1.0780131365623031e-06
    8.100000   0.17842421 -1.0662069078310243e-06
    8.100000   0.24312010 -1.0496211827060084e-06
    8.100000   0.30784849 -1.0287348070877259e-06
    8.100000   0.37259260 -1.0041309894225800e-06
    8.100000   0.43734549 -9.7646788289838268e-07
    8.100000   0.50210377 -9.4644794252962229e-07
    8.100000   0.56686560 -9.1478823996969467e-07
    8.100000   0.63162987 -8.8219366858484364e-07
    8.100000   0.69639591 -8.4933446653341238e-07
    8.100000   0.76116325 -8.1682890285666623e-07
    8.100000   0.82593158 -7.8523140498808152e-07
    8.100000   0.89070068 -7.5502592071489155e-07
    8.100000   0.95547037 -7.2662394148220705e-07
    8.100000   1.02024053 -7.0036637907066596e-07
    8.100000   1.08501108 -6.7652837610761503e-07
    8.100000   1.14978193 -6.5532612086533848e-07
    8.100000   1.21455301 -6.3692480077709498e-07
    8.100000   1.27932429 -6.2144693875484760e-07
    8.100000   1.34409571 -6.0898048732673656e-07
    8.100000   1.40886724 -5.9958618877472950e-07
    8.100000   1.47363885 -5.9330383234106250e-07
    8.100000   1.53841049 -5.9015714533532039e-07
    8.100000   1.60318216 -5.9015714175717772e-07
    8.100000   1.66795381 -5.9330382161797511e-07
    8.100000   1.73272541 -5.9958617093880649e-07
    8.100000   1.79749694 -6.0898046243149656e-07
    8.100000   1.86226837 -6.2144690687645484e-07
    8.100000   1.92703964 -6.3692476201874731e-07
    8.100000   1.99181073 -6.5532607535281096e-07
    8.100000   2.05658157 -6.7652832399493151e-07
    8.100000   2.12135212 -7.0036632054321897e-07
    8.100000   2.18612229 -7.2662387675327006e-07
    8.100000   2.25089198 -7.5502585002951776e-07
    8.100000   2.31566107 -7.8523132862314186e-07
    8.100000   2.38042940 -8.1682882112134414e-07
    8.100000   2.44519674 -8.4933437976647064e-07
    8.100000   2.50996278 -8.8219357715365082e-07
    8.100000   2.57472706 -9.1478814426643770e-07
    8.100000   2.63948889 -9.4644784297061142e-07
    8.100000   2.70424717 -9.7646777991926474e-07
    8.100000   2.76900006 -1.0041308834740591e-06
    8.100000   2.83374417 -1.0287346986303404e-06
    8.100000   2.89847256 -1.0496210722121518e-06
    8.100000   2.96316844 -1.0662067957753321e-06
    8.100000   3.02777863 -1.0780130234242773e-06
    8.100000   3.09200950 -1.0846927751458240e-06
    8.200000   0.04958315 -9.6242526922746473e-07
    8.200000   0.11381403 -9.5648112971600110e-07
    8.200000   0.17842421 -9.4597316106369939e-07
    8.200000   0.24312010 -9.3120712706780456e-07
    8.200000   0.30784849 -9.1260535302618062e-07
    8.200000   0.37259260 -8.9068275577643288e-07
    8.200000   0.43734549 -8.6602119399368819e-07
    8.200000   0.50210377 -8.3924268174948871e-07
    8.200000   0.56686560 -8.1098335076675011e-07
    8.200000   0.63162987 -7.8186984513311903e-07
    8.200000   0.69639591 -7.5249940673896219e-07
    8.200000   0.76116325 -7.2342441293215252e-07
    8.200000   0.82593158 -6.9514164003004752e-07
    8.200000   0.89070068 -6.6808610391720009e-07
    8.200000   0.95547037 -6.4262900551127043e-07
    8.200000   1.02024053 -6.1907909667648658e-07
    8.200000   1.08501108 -5.9768667574578568e-07
    8.200000   1.14978193 -5.7864940408122741e-07
    8.200000   1.21455301 -5.6211918309969928e-07
    8.200000   1.27932429 -5.4820942111434116e-07
    8.200000   1.34409571 -5.3700213001345999e-07
    8.200000   1.40886724 -5.2855440663276569e-07
    8.200000   1.47363885 -5.2290396132487300e-07
    8.200000   1.53841049 -5.2007345033035761e-07
    8.200000   1.60318216 -5.2007344707434570e-07
    8.200000   1.66795381 -5.2290395156602399e-07
    8.200000   1.73272541 -5.2855439039827865e-07
    8.200000   1.79749694 -5.3700210734909248e-07
    8.200000   1.86226837 -5.4820939208638770e-07
    8.200000   1.92703964 -5.6211914779583688e-07
    8.200000   1.99181073 -5.7864936261204480e-07
    8.200000   2.05658157 -5.9768662824515770e-07
    8.200000   2.12135212 -6.1907904330579851e-07
    8.200000   2.18612229 -6.4262894645829265e-07
    8.200000   2.25089198 -6.6808603939968962e-07
    8.200000   2.31566107 -6.9514157029299848e-07
    8.200000   2.38042940 -7.2342433825092855e-07
    8.200000   2.44519674 -7.5249932741803934e-07
    8.200000   2.50996278 -7.8186976150308302e-07
    8.200000   2.57472706 -8.1098326318374443e-07
    8.200000   2.63948889 -8.3924259059142293e-07
    8.200000   2.70424717 -8.6602109965839907e-07
    8.200000   2.76900006 -8.9068265867791921e-07
    8.200000   2.83374417 -9.1260525359019377e-07
    8.200000   2.89847256 -9.3120702573184318e-07
    8.200000   2.96316844 -9.4597305826759742e-07
    8.200000   3.02777863 -9.5648102590832188e-07
    8.200000   3.09200950 -9.6242516485637689e-07
    8.300000   0.04958315 -8.5372136298822854e-07
    8.300000   0.11381403 -8.4842829924674573e-07
    8.300000   0.17842421 -8.3906972913259044e-07
    8.300000   0.24312010 -8.2591546282354978e-07
    8.300000   0.30784849 -8.0933846042560017e-07
    8.300000   0.37259260 -7.8979389898071088e-07
    8.300000   0.43734549 -7.6779676405865523e-07
    8.300000   0.50210377 -7.4389839232154035e-07
    8.300000   0.56686560 -7.1866359739641023e-07
    8.300000   0.63162987 -6.9264984876493081e-07
    8.300000   0.69639591 -6.6638961359765808e-07
    8.300000   0.76116325 -6.4037654674683539e-07
    8.300000   0.82593158 -6.1505579315587883e-07
    8.300000   0.89070068 -5.9081829864527681e-07
    8.300000   0.95547037 -5.6799873926279862e-07
    8.300000   1.02024053 -5.4687648797161069e-07
    8.300000   1.08501108 -5.2767893708762427e-07
    8.300000   1.14978193 -5.1058647199830676e-07
    8.300000   1.21455301 -4.9573842719067964e-07
    8.300000   1.27932429 -4.8323942941710695e-07
    8.300000   1.34409571 -4.7316562656053444e-07
    8.300000   1.40886724 -4.6557039992719246e-07
    8.300000   1.47363885 -4.6048925210178197e-07
    8.300000   1.53841049 -4.5794364619879548e-07
    8.300000   1.60318216 -4.5794364323977276e-07
    8.300000   1.66795381 -4.6048924323412941e-07
    8.300000   1.73272541 -4.6557038517329360e-07
    8.300000   1.79749694 -4.7316560596124146e-07
    8.300000   1.86226837 -4.8323940302844515e-07
    8.300000   1.92703964 -4.9573839508897257e-07
    8.300000   1.99181073 -5.1058643427830893e-07
    8.300000   2.05658157 -5.2767889386737140e-07
    8.300000   2.12135212 -5.4687643939102766e-07
    8.300000   2.18612229 -5.6799868548839242e-07
    8.300000   2.25089198 -5.9081823986743290e-07
    8.300000   2.31566107 -6.1505572959412423e-07
    8.300000   2.38042940 -6.4037647864679590e-07
    8.300000   2.44519674 -6.6638954123071690e-07
    8.300000   2.50996278 -6.9264977242918701e-07
    8.300000   2.57472706 -7.1866351741426317e-07
    8.300000   2.63948889 -7.4389830903639975e-07
    8.300000   2.70424717 -7.6779667783402294e-07
    8.300000   2.76900006 -7.8979381019444566e-07
    8.300000   2.83374417 -8.0933836947064198e-07
    8.300000   2.89847256 -8.2591537010122993e-07
    8.300000   2.96316844 -8.3906963505283051e-07
    8.300000   3.02777863 -8.4842820422448706e-07
    8.300000   3.09200950 -8.5372126744087370e-07
    8.400000   0.04958315 -7.5707599548675826e-07
    8.400000   0.11381403 -7.5235995141749373e-07
    8.400000   0.17842421 -7.4402031599819931e-07
    8.400000   0.24312010 -7.3229546481349290e-07
    8.400000   0.30784849 -7.1751514728100054e-07
    8.400000   0.37259260 -7.0008217174564987e-07
    8.400000   0.43734549 -6.8045279336234476e-07
    8.400000   0.50210377 -6.5911613813255786e-07
    8.400000   0.56686560 -6.3657407947039039e-07
    8.400000   0.63162987 -6.1332285228521305e-07
    8.400000   0.69639591 -5.8983738449149281e-07
    8.400000   0.76116325 -5.6655896178697715e-07
    8.400000   0.82593158 -5.4388647750345136e-07
    8.400000   0.89070068 -5.2217119774433324e-07
    8.400000   0.95547037 -5.0171471939445459e-07
    8.400000   1.02024053 -4.8276962624042310e-07
    8.400000   1.08501108 -4.6554225460802306e-07
    8.400000   1.14978193 -4.5019695380841619e-07
    8.400000   1.21455301 -4.3686125245899185e-07
    8.400000   1.27932429 -4.2563140235166985e-07
    8.400000   1.34409571 -4.1657785106035044e-07
    8.400000   1.40886724 -4.0975028027724408e-07
    8.400000   1.47363885 -4.0518192968810033e-07
    8.400000   1.53841049 -4.0289300066061651e-07
    8.400000   1.60318216 -4.0289299797640309e-07
    8.400000   1.66795381 -4.0518192164258213e-07
    8.400000   1.73272541 -4.0975026689028042e-07
    8.400000   1.79749694 -4.1657783236521775e-07
    8.400000   1.86226837 -4.2563137839860037e-07
    8.400000   1.92703964 -4.3686122331358091e-07
    8.400000   1.99181073 -4.5019691955206467e-07
    8.400000   2.05658157 -4.6554221534443310e-07
    8.400000   2.12135212 -4.8276958209105905e-07
    8.400000   2.18612229 -5.0171467050644752e-07
    8.400000   2.25089198 -5.2217114428669153e-07
    8.400000   2.31566107 -5.4388641967014617e-07
    8.400000   2.38042940 -5.6655889979654194e-07
    8.400000   2.44519674 -5.8983731858931238e-07
    8.400000   2.50996278 -6.1332278273707735e-07
    8.400000   2.57472706 -6.3657400656780230e-07
    8.400000   2.63948889 -6.5911606218722445e-07
    8.400000   2.70424717 -6.8045271470569754e-07
    8.400000   2.76900006 -7.0008209072355885e-07
    8.400000   2.83374417 -7.1751506425315848e-07
    8.400000   2.89847256 -7.3229538014922829e-07
    8.400000   2.96316844 -7.4402023007595567e-07
    8.400000   3.02777863 -7.5235986462014721e-07
    8.400000   3.09200950 -7.5707590820304267e-07
    8.500000   0.04958315 -6.7115483977475118e-07
    8.500000   0.11381403 -6.6695078032287625e-07
    8.500000   0.17842421 -6.5951546028476524e-07
    8.500000   0.24312010 -6.4905971445288124e-07
    8.500000   0.30784849 -6.3587539289058972e-07
    8.500000   0.37259260 -6.2031930935166359e-07
    8.500000   0.43734549 -6.0279604809068836e-07
    8.500000   0.50210377 -5.8373988835077601e-07
    8.500000   0.56686560 -5.6359707797866671e-07
    8.500000   0.63162987 -5.4280958142793443e-07
    8.500000   0.69639591 -5.2180116792180946e-07
    8.500000   0.76116325 -5.0096639273790716e-07
    8.500000   0.82593158 -4.8066270905912274e-07
    8.500000   0.89070068 -4.6120566667550670e-07
    8.500000   0.95547037 -4.4286693037441739e-07
    8.500000   1.02024053 -4.2587469591827940e-07
    8.500000   1.08501108 -4.1041599432921965e-07
    8.500000   1.14978193 -3.9664034737635635e-07
    8.500000   1.21455301 -3.8466425535088290e-07
    8.500000   1.27932429 -3.7457604798984055e-07
    8.500000   1.34409571 -3.6644069705796271e-07
    8.500000   1.40886724 -3.6030426335537598e-07
    8.500000   1.47363885 -3.5619772369506991e-07
    8.500000   1.53841049 -3.5413998961181828e-07
    8.500000   1.60318216 -3.5413998718051286e-07
    8.500000   1.66795381 -3.5619771640476142e-07
    8.500000   1.73272541 -3.6030425122410229e-07
    8.500000   1.79749694 -3.6644068011485404e-07
    8.500000   1.86226837 -3.7457602627781214e-07
    8.500000   1.92703964 -3.8466422892490687e-07
    8.500000   1.99181073 -3.9664031630899150e-07
    8.500000   2.05658157 -4.1041595870999222e-07
    8.500000   2.12135212 -4.2587465585547849e-07
    8.500000   2.18612229 -4.4286688599585724e-07
    8.500000   2.25089198 -4.6120561812914401e-07
    8.500000   2.31566107 -4.8066265651925445e-07
    8.500000   2.38042940 -5.0096633639923523e-07
    8.500000   2.44519674 -5.2180110800314029e-07
    8.500000   2.50996278 -5.4280951816881475e-07
    8.500000   2.57472706 -5.6359701164322120e-07
    8.500000   2.63948889 -5.8373981921957586e-07
    8.500000   2.70424717 -6.0279597646548895e-07
    8.500000   2.76900006 -6.2031923554840631e-07
    8.500000   2.83374417 -6.3587531723715065e-07
    8.500000   2.89847256 -6.4905963728959672e-07
    8.500000   2.96316844 -6.5951538195943167e-07
    8.500000   3.02777863 -6.6695070118947908e-07
    8.500000   3.09200950 -6.7115476019117431e-07
    8.600000   0.04958315 -5.9477380038638821e-07
    8.600000   0.11381403 -5.9102448582060819e-07
    8.600000   0.17842421 -5.8439256141994261e-07
    8.600000   0.24312010 -5.7506468701610149e-07
    8.600000   0.30784849 -5.6329941136775879e-07
    8.600000   0.37259260 -5.4941308231282685e-07
    8.600000   0.43734549 -5.3376475137821759e-07
    8.600000   0.50210377 -5.1674027316897973e-07
    8.600000   0.56686560 -4.9873667220868777e-07
    8.600000   0.63162987 -4.8014776403338412e-07
    8.600000   0.69639591 -4.6135179602460937e-07
    8.600000   0.76116325 -4.4270160403550043e-07
    8.600000   0.82593158 -4.2451750694285874e-07
    8.600000   0.89070068 -4.0708291503862857e-07
    8.600000   0.95547037 -3.9064243052345819e-07
    8.600000   1.02024053 -3.7540207917247191e-07
    8.600000   1.08501108 -3.6153123180023914e-07
    8.600000   1.14978193 -3.4916574554989153e-07
    8.600000   1.21455301 -3.3841186746643909e-07
    8.600000   1.27932429 -3.2935048366715669e-07
    8.600000   1.34409571 -3.2204135505873971e-07
    8.600000   1.40886724 -3.1652704494677654e-07
    8.600000   1.47363885 -3.1283630784321970e-07
    8.600000   1.53841049 -3.1098676767836241e-07
    8.600000   1.60318216 -3.1098676547809538e-07
    8.600000   1.66795381 -3.1283630124598304e-07
    8.600000   1.73272541 -3.1652703396708708e-07
    8.600000   1.79749694 -3.2204133972087997e-07
    8.600000   1.86226837 -3.2935046400872493e-07
    8.600000   1.92703964 -3.3841184353663157e-07
    8.600000   1.99181073 -3.4916571741049342e-07
    8.600000   2.05658157 -3.6153119952872060e-07
    8.600000   2.12135212 -3.7540204286456815e-07
    8.600000   2.18612229 -3.9064239028982090e-07
    8.600000   2.25089198 -4.0708287101432693e-07
    8.600000   2.31566107 -4.2451745927887293e-07
    8.600000   2.38042940 -4.4270155290664615e-07
    8.600000   2.44519674 -4.6135174162544902e-07
    8.600000   2.50996278 -4.8014770658133799e-07
    8.600000   2.57472706 -4.9873661193979811e-07
    8.600000   2.63948889 -5.1674021033805268e-07
    8.600000   2.70424717 -5.3376468625935555e-07
    8.600000   2.76900006 -5.4941301519246132e-07
    8.600000   2.83374417 -5.6329934254755854e-07
    8.600000   2.89847256 -5.7506461680641568e-07
    8.600000   2.96316844 -5.8439249013924326e-07
    8.600000   3.02777863 -5.9102441379640894e-07
    8.600000   3.09200950 -5.9477372794649356e-07
    8.700000   0.04958315 -5.2688119312509475e-07
    8.700000   0.11381403 -5.2353614479306274e-07
    8.700000   0.17842421 -5.1761858481086453e-07
    8.700000   0.24312010 -5.0929391619869190e-07
    8.700000   0.30784849 -4.9879137854437564e-07
    8.700000   0.37259260 -4.8639166260124108e-07
    8.700000   0.43734549 -4.7241363848898947e-07
    8.700000   0.50210377 -4.5720035090151881e-07
    8.700000   0.56686560 -4.4110521736258629e-07
    8.700000   0.63162987 -4.2447929599530536e-07
    8.700000   0.69639591 -4.0766030010706239e-07
    8.700000   0.76116325 -3.9096380427148722e-07
    8.700000   0.82593158 -3.7467684832440326e-07
    8.700000   0.89070068 -3.5905392988754387e-07
    8.700000   0.95547037 -3.4431520103982506e-07
    8.700000   1.02024053 -3.3064655991540267e-07
    8.700000   1.08501108 -3.1820125401628995e-07
    8.700000   1.14978193 -3.0710258358698281e-07
    8.700000   1.21455301 -2.9744730125234372e-07
    8.700000   1.27932429 -2.8930933779400452e-07
    8.700000   1.34409571 -2.8274353303288294e-07
    8.700000   1.40886724 -2.7778910674987624e-07
    8.700000   1.47363885 -2.7447266080184708e-07
    8.700000   1.53841049 -2.7281055601624289e-07
    8.700000   1.60318216 -2.7281055402692799e-07
    8.700000   1.66795381 -2.7447265483700835e-07
    8.700000   1.73272541 -2.7778909682281300e-07
    8.700000   1.79749694 -2.8274351916485014e-07
    8.700000   1.86226837 -2.8930932001545735e-07
    8.700000   1.92703964 -2.9744727960608943e-07
    8.700000   1.99181073 -3.0710255812798144e-07
    8.700000   2.05658157 -3.1820122481212918e-07
    8.700000   2.12135212 -3.3064652704838926e-07
    8.700000   2.18612229 -3.4431516460993777e-07
    8.700000   2.25089198 -3.5905389001141510e-07
    8.700000   2.31566107 -3.7467680513803018e-07
    8.700000   2.38042940 -3.9096375793046466e-07
    8.700000   2.44519674 -4.0766025078545073e-07
    8.700000   2.50996278 -4.2447924388616932e-07
    8.700000   2.57472706 -4.4110516268087725e-07
    8.700000   2.63948889 -4.5720029387780877e-07
    8.700000   2.70424717 -4.7241357936949186e-07
    8.700000   2.76900006 -4.8639160164879911e-07
    8.700000   2.83374417 -4.9879131603270917e-07
    8.700000   2.89847256 -5.0929385241190977e-07
    8.700000   2.96316844 -5.1761852004046719e-07
    8.700000   3.02777863 -5.2353607933920626e-07
    8.700000   3.09200950 -5.2688112729027991e-07
    8.800000   0.04958315 -4.6654227553770958e-07
    8.800000   0.11381403 -4.6355689888336772e-07
    8.800000   0.17842421 -4.5827502398853758e-07
    8.800000   0.24312010 -4.5084333405797957e-07
    8.800000   0.30784849 -4.4146523488173643e-07
    8.800000   0.37259260 -4.3038995365020263e-07
    8.800000   0.43734549 -4.1790085579896137e-07
    8.800000   0.50210377 -4.0430309608230455e-07
    8.800000   0.56686560 -3.8991142195516437e-07
    8.800000   0.63162987 -3.7503889102101987e-07
    8.800000   0.69639591 -3.5998710217184938e-07
    8.800000   0.76116325 -3.4503833879327804e-07
    8.800000   0.82593158 -3.3044981487638583e-07
    8.800000   0.89070068 -3.1645002541501437e-07
    8.800000   0.95547037 -3.0323704757389859e-07
    8.800000   1.02024053 -2.9097852715857704e-07
    8.800000   1.08501108 -2.7981301719954132e-07
    8.800000   1.14978193 -2.6985230760735534e-07
    8.800000   1.21455301 -2.6118438937939114e-07
    8.800000   1.27932429 -2.5387672444476628e-07
    8.800000   1.34409571 -2.4797953422064248e-07
    8.800000   1.40886724 -2.4352886860140650e-07
    8.800000   1.47363885 -2.4054926658336547e-07
    8.800000   1.53841049 -2.3905586636067400e-07
    8.800000   1.60318216 -2.3905586456347104e-07
    8.800000   1.66795381 -2.4054926119625726e-07
    8.800000   1.73272541 -2.4352885963435383e-07
    8.800000   1.79749694 -2.4797952169244349e-07
    8.800000   1.86226837 -2.5387670838238944e-07
    8.800000   1.92703964 -2.6118436981936798e-07
    8.800000   1.99181073 -2.6985228459647655e-07
    8.800000   2.05658157 -2.7981299079810659e-07
    8.800000   2.12135212 -2.9097849743889243e-07
    8.800000   2.18612229 -3.0323701462245495e-07
    8.800000   2.25089198 -3.1644998933633663e-07
    8.800000   2.31566107 -3.3044977579090270e-07
    8.800000   2.38042940 -3.4503829683896928e-07
    8.800000   2.44519674 -3.5998705750476965e-07
    8.800000   2.50996278 -3.7503884381593195e-07
    8.800000   2.57472706 -3.8991137240485256e-07
    8.800000   2.63948889 -4.0430304439419459e-07
    8.800000   2.70424717 -4.1790080219629480e-07
    8.800000   2.76900006 -4.3038989837206201e-07
    8.800000   2.83374417 -4.4146517817601543e-07
    8.800000   2.89847256 -4.5084327618518878e-07
    8.800000   2.96316844 -4.5827496521507188e-07
    8.800000   3.02777863 -4.6355683948270795e-07
    8.800000   3.09200950 -4.6654221578736888e-07
    8.900000   0.04958315 -4.1292576520030791e-07
    8.900000   0.11381403 -4.1026060257373267e-07
    8.900000   0.17842421 -4.0554477525604983e-07
    8.900000   0.24312010 -3.9890845787877300e-07
    8.900000   0.30784849 -3.9053225540842395e-07
    8.900000   0.37259260 -3.8063759704201370e-07
    8.900000   0.43734549 -3.6947643980749572e-07
    8.900000   0.50210377 -3.5732036854088129e-07
    8.900000   0.56686560 -3.4444980832486592e-07
    8.900000   0.63162987 -3.3114401980083594e-07
    8.900000   0.69639591 -3.1767240852984024e-07
    8.900000   0.76116325 -3.0428750510109808e-07
    8.900000   0.82593158 -2.9121979164532139e-07
    8.900000   0.89070068 -2.7867438393760714e-07
    8.900000   0.95547037 -2.6682944103852978e-07
    8.900000   1.02024053 -2.5583607419139058e-07
    8.900000   1.08501108 -2.4581946482268030e-07
    8.900000   1.14978193 -2.3688087471900639e-07
    8.900000   1.21455301 -2.2910023333384541e-07
    8.900000   1.27932429 -2.2253900992650670e-07
    8.900000   1.34409571 -2.1724311414186783e-07
    8.900000   1.40886724 -2.1324561095126849e-07
    8.900000   1.47363885 -2.1056907950052874e-07
    8.900000   1.53841049 -2.0922748685868176e-07
    8.900000   1.60318216 -2.0922748523751040e-07
    8.900000   1.66795381 -2.1056907463875169e-07
    8.900000   1.73272541 -2.1324560285859216e-07
    8.900000   1.79749694 -2.1724310283368644e-07
    8.900000   1.86226837 -2.2253899542683675e-07
    8.900000   1.92703964 -2.2910021567372431e-07
    8.900000   1.99181073 -2.3688085394115841e-07
    8.900000   2.05658157 -2.4581944097679066e-07
    8.900000   2.12135212 -2.5583604734257004e-07
    8.900000   2.18612229 -2.6682941126251875e-07
    8.900000   2.25089198 -2.7867435132689675e-07
    8.900000   2.31566107 -2.9121975630794767e-07
    8.900000   2.38042940 -3.0428746715905723e-07
    8.900000   2.44519674 -3.1767236812345238e-07
    8.900000   2.50996278 -3.3114397708594887e-07
    8.900000   2.57472706 -3.4444976347368473e-07
    8.900000   2.63948889 -3.5732032174239560e-07
    8.900000   2.70424717 -3.6947639126321303e-07
    8.900000   2.76900006 -3.8063754696855861e-07
    8.900000   2.83374417 -3.9053220403116022e-07
    8.900000   2.89847256 -3.9890840543481425e-07
    8.900000   2.96316844 -4.0554472198905204e-07
    8.900000   3.02777863 -4.1026054873276344e-07
    8.900000   3.09200950 -4.1292571103893205e-07
    9.000000   0.04958315 -3.6529204868686900e-07
    9.000000   0.11381403 -3.6291213978825774e-07
    9.000000   0.17842421 -3.5870064231570745e-07
    9.000000   0.24312010 -3.5277315414060139e-07
    9.000000   0.30784849 -3.4529013224813162e-07
    9.000000   0.37259260 -3.3644841883368615e-07
    9.000000   0.43734549 -3.2647215761989516e-07
    9.000000   0.50210377 -3.1560316378666457e-07
    9.000000   0.56686560 -3.0409137511992507e-07
    9.000000   0.63162987 -2.9218597505158318e-07
    9.000000   0.69639591 -2.8012765831804434e-07
    9.000000   0.76116325 -2.6814235853884138e-07
    9.000000   0.82593158 -2.5643659877107091e-07
    9.000000   0.89070068 -2.4519447970550124e-07
    9.000000   0.95547037 -2.3457619858817727e-07
    9.000000   1.02024053 -2.2471790217727378e-07
    9.000000   1.08501108 -2.1573262074378902e-07
    9.000000   1.14978193 -2.0771200463576188e-07
    9.000000   1.21455301 -2.0072858486469030e-07
    9.000000   1.27932429 -1.9483829788470223e-07
    9.000000   1.34409571 -1.9008304550556533e-07
    9.000000   1.40886724 -1.8649309772295287e-07
    9.000000   1.47363885 -1.8408918473481885e-07
    9.000000   1.53841049 -1.8288416122275605e-07
    9.000000   1.60318216 -1.8288415976104061e-07
    9.000000   1.66795381 -1.8408918035088178e-07
    9.000000   1.73272541 -1.8649309042543861e-07
    9.000000   1.79749694 -1.9008303530724065e-07
    9.000000   1.86226837 -1.9483828480741540e-07
    9.000000   1.92703964 -2.0072856893366440e-07
    9.000000   1.99181073 -2.0771198588756723e-07
    9.000000   2.05658157 -2.1573259922424217e-07
    9.000000   2.12135212 -2.2471787794256968e-07
    9.000000   2.18612229 -2.3457617170539488e-07
    9.000000   2.25089198 -2.4519445025637383e-07
    9.000000   2.31566107 -2.5643656685089168e-07
    9.000000   2.38042940 -2.6814232425708994e-07
    9.000000   2.44519674 -2.8012762179914812e-07
    9.000000   2.50996278 -2.9218593643609253e-07
    9.000000   2.57472706 -3.0409133456374891e-07
    9.000000   2.63948889 -3.1560312145809319e-07
    9.000000   2.70424717 -3.2647211370335469e-07
    9.000000   2.76900006 -3.3644837352292151e-07
    9.000000   2.83374417 -3.4529008574983558e-07
    9.000000   2.89847256 -3.5277310666851942e-07
    9.000000   2.96316844 -3.5870059409368787e-07
    9.000000   3.02777863 -3.6291209104211318e-07
    9.000000   3.09200950 -3.6529199964802992e-07
    9.100000   0.04958315 -3.2298283654340003e-07
    9.100000   0.11381403 -3.2085716859878450e-07
    9.100000   0.17842421 -3.1709523781309327e-07
    9.100000   0.24312010 -3.1179975656988672e-07
    9.100000   0.30784849 -3.0511335899597349e-07
    9.100000   0.37259260 -2.9721111855117787e-07
    9.100000   0.43734549 -2.8829252666613477e-07
    9.100000   0.50210377 -2.7857297744695857e-07
    9.100000   0.56686560 -2.6827530924887649e-07
    9.100000   0.63162987 -2.5762192395454762e-07
    9.100000   0.69639591 -2.4682790137459688e-07
    9.100000   0.76116325 -2.3609539444861586e-07
    9.100000   0.82593158 -2.2560945248698570e-07
    9.100000   0.89070068 -2.1553529081927713e-07
    9.100000   0.95547037 -2.0601691746285846e-07
    9.100000   1.02024053 -1.9717694706217813e-07
    9.100000   1.08501108 -1.8911738125275920e-07
    9.100000   1.14978193 -1.8192111050426448e-07
    9.100000   1.21455301 -1.7565389106763028e-07
    9.100000   1.27932429 -1.7036656601393056e-07
    9.100000   1.34409571 -1.6609732573542997e-07
    9.100000   1.40886724 -1.6287383545264587e-07
    9.100000   1.47363885 -1.6071509114758104e-07
    9.100000   1.53841049 -1.5963289814622598e-07
    9.100000   1.60318216 -1.5963289682908813e-07
    9.100000   1.66795381 -1.6071508719693531e-07
    9.100000   1.73272541 -1.6287382887660868e-07
    9.100000   1.79749694 -1.6609731654449950e-07
    9.100000   1.86226837 -1.7036655422609353e-07
    9.100000   1.92703964 -1.7565387670705437e-07
    9.100000   1.99181073 -1.8192109360169779e-07
    9.100000   2.05658157 -1.8911736184830347e-07
    9.100000   2.12135212 -1.9717692520404691e-07
    9.100000   2.18612229 -2.0601689321136865e-07
    9.100000   2.25089198 -2.1553526424715279e-07
    9.100000   2.31566107 -2.2560942367680073e-07
    9.100000   2.38042940 -2.3609536350057423e-07
    9.100000   2.44519674 -2.4682786839834333e-07
    9.100000   2.50996278 -2.5762188907783017e-07
    9.100000   2.57472706 -2.6827527260973838e-07
    9.100000   2.63948889 -2.7857293919808930e-07
    9.100000   2.70424717 -2.8829248697283842e-07
    9.100000   2.76900006 -2.9721107759132655e-07
    9.100000   2.83374417 -3.0511331695422959e-07
    9.100000   2.89847256 -3.1179971364174513e-07
    9.100000   2.96316844 -3.1709519420035811e-07
    9.100000   3.02777863 -3.2085712450947081e-07
    9.100000   3.09200950 -3.2298279218681837e-07
    9.200000   0.04958315 -2.8541206155393792e-07
    9.200000   0.11381403 -2.8351309468596336e-07
    9.200000   0.17842421 -2.8015208829480403e-07
    9.200000   0.24312010 -2.7542035283085633e-07
    9.200000   0.30784849 -2.6944474122530441e-07
    9.200000   0.37259260 -2.6238103614841737e-07
    9.200000   0.43734549 -2.5440686062564464e-07
    9.200000   0.50210377 -2.4571414268977322e-07
    9.200000   0.56686560 -2.3650161796186843e-07
    9.200000   0.63162987 -2.2696782986023045e-07
    9.200000   0.69639591 -2.1730499771292261e-07
    9.200000   0.76116325 -2.0769400831017715e-07
    9.200000   0.82593158 -1.9830066513967613e-07
    9.200000   0.89070068 -1.8927321603815401e-07
    9.200000   0.95547037 -1.8074108441663095e-07
    9.200000   1.02024053 -1.7281465736698319e-07
    9.200000   1.08501108 -1.6558593760008819e-07
    9.200000   1.14978193 -1.5912984363834551e-07
    9.200000   1.21455301 -1.5350594018318151e-07
    9.200000   1.27932429 -1.4876039325843636e-07
    9.200000   1.34409571 -1.4492796734979692e-07
    9.200000   1.40886724 -1.4203390985507931e-07
    9.200000   1.47363885 -1.4009559805497721e-07
    9.200000   1.53841049 -1.3912385300444538e-07
    9.200000   1.60318216 -1.3912385181751097e-07
    9.200000   1.66795381 -1.4009559449772582e-07
    9.200000   1.73272541 -1.4203390393204796e-07
    9.200000   1.79749694 -1.4492795907260520e-07
    9.200000   1.86226837 -1.4876038264122125e-07
    9.200000   1.92703964 -1.5350592724622694e-07
    9.200000   1.99181073 -1.5912982840937733e-07
    9.200000   2.05658157 -1.6558592011428625e-07
    9.200000   2.12135212 -1.7281463766622197e-07
    9.200000   2.18612229 -1.8074106255516414e-07
    9.200000   2.25089198 -1.8927319207928672e-07
    9.200000   2.31566107 -1.9830063915757768e-07
    9.200000   2.38042940 -2.0769398039293082e-07
    9.200000   2.44519674 -2.1730496795997035e-07
    9.200000   2.50996278 -2.2696779838426886e-07
    9.200000   2.57472706 -2.3650158488854665e-07
    9.200000   2.63948889 -2.4571410815652980e-07
    9.200000   2.70424717 -2.5440682478106309e-07
    9.200000   2.76900006 -2.6238099915205456e-07
    9.200000   2.83374417 -2.6944470324678222e-07
    9.200000   2.89847256 -2.7542031404557613e-07
    9.200000   2.96316844 -2.8015204888831262e-07
    9.200000   3.02777863 -2.8351305484457082e-07
    9.200000   3.09200950 -2.8541202147035807e-07
    9.300000   0.04958315 -2.5205785139729883e-07
    9.300000   0.11381403 -2.5036110732065567e-07
    9.300000   0.17842421 -2.4735778102579635e-07
    9.300000   0.24312010 -2.4312908464298472e-07
    9.300000   0.30784849 -2.3778788569175271e-07
    9.300000   0.37259260 -2.3147285822588498e-07
    9.300000   0.43734549 -2.2434221224544443e-07
    9.300000   0.50210377 -2.1656702084040015e-07
    9.300000   0.56686560 -2.0832457066471864e-07
    9.300000   0.63162987 -1.9979214176285246e-07
    9.300000   0.69639591 -1.9114154535987547e-07
    9.300000   0.76116325 -1.8253464812687059e-07
    9.300000   0.82593158 -1.7412000504702988e-07
    9.300000   0.89070068 -1.6603062294833617e-07
    9.300000   0.95547037 -1.5838279197026812e-07
    9.300000   1.02024053 -1.5127585802256091e-07
    9.300000   1.08501108 -1.4479276730056074e-07
    9.300000   1.14978193 -1.3900119295725080e-07
    9.300000   1.21455301 -1.3395505086375068e-07
    9.300000   1.27932429 -1.2969622174581485e-07
    9.300000   1.34409571 -1.2625631647515830e-07
    9.300000   1.40886724 -1.2365834583244769e-07
    9.300000   1.47363885 -1.2191818243898199e-07
    9.300000   1.53841049 -1.2104572852321845e-07
    9.300000   1.60318216 -1.2104572745435660e-07
    9.300000   1.66795381 -1.2191817923784329e-07
    9.300000   1.73272541 -1.2365834050178851e-07
    9.300000   1.79749694 -1.2625630902435407e-07
    9.300000   1.86226837 -1.2969621218844763e-07
    9.300000   1.92703964 -1.3395503921664961e-07
    9.300000   1.99181073 -1.3900117924456298e-07
    9.300000   2.05658157 -1.4479275155318207e-07
    9.300000   2.12135212 -1.5127584027819110e-07
    9.300000   2.18612229 -1.5838277227535240e-07
    9.300000   2.25089198 -1.6603060135861334e-07
    9.300000   2.31566107 -1.7411998163042625e-07
    9.300000   2.38042940 -1.8253462296083531e-07
    9.300000   2.44519674 -1.9114151853343009e-07
    9.300000   2.50996278 -1.9979211337645059e-07
    9.300000   2.57472706 -2.0832454083263141e-07
    9.300000   2.63948889 -2.1656698968520195e-07
    9.300000   2.70424717 -2.2434217990111746e-07
    9.300000   2.76900006 -2.3147282483686608e-07
    9.300000   2.83374417 -2.3778785141089923e-07
    9.300000   2.89847256 -2.4312904963046856e-07
    9.300000   2.96316844 -2.4735774544836211e-07
    9.300000   3.02777863 -2.5036107134799506e-07
    9.300000   3.09200950 -2.5205781520507431e-07
    9.400000   0.04958315 -2.2245543394120813e-07
    9.400000   0.11381403 -2.2093913827518980e-07
    9.400000   0.17842421 -2.1825501678834404e-07
    9.400000   0.24312010 -2.1447533059889861e-07
    9.400000   0.30784849 -2.0970054371281702e-07
    9.400000   0.37259260 -2.0405414602169520e-07
    9.400000   0.43734549 -1.9767710298909872e-07
    9.400000   0.50210377 -1.9072194278371716e-07
    9.400000   0.56686560 -1.8334685557438989e-07
    9.400000   0.63162987 -1.7571016385036482e-07
    9.400000   0.69639591 -1.6796545550279981e-07
    9.400000   0.76116325 -1.6025758397643497e-07
    9.400000   0.82593158 -1.5271964638830946e-07
    9.400000   0.89070068 -1.4547096223215962e-07
    9.400000   0.95547037 -1.3861600003928753e-07
    9.400000   1.02024053 -1.3224414198988221e-07
    9.400000   1.08501108 -1.2643013850955414e-07
    9.400000   1.14978193 -1.2123508544178544e-07
    9.400000   1.21455301 -1.1670775278760607e-07
    9.400000   1.27932429 -1.1288610247196006e-07
    9.400000   1.34409571 -1.0979884938995357e-07
    9.400000   1.40886724 -1.0746694142702605e-07
    9.400000   1.47363885 -1.0590485746553863e-07
    9.400000   1.53841049 -1.0512164547116604e-07
    9.400000   1.60318216 -1.0512164451040900e-07
    9.400000   1.66795381 -1.0590485458534922e-07
    9.400000   1.73272541 -1.0746693663126838e-07
    9.400000   1.79749694 -1.0979884268661216e-07
    9.400000   1.86226837 -1.1288609387260334e-07
    9.400000   1.92703964 -1.1670774230732051e-07
    9.400000   1.99181073 -1.2123507310053472e-07
    9.400000   2.05658157 -1.2643012433471873e-07
    9.400000   2.12135212 -1.3224412601585652e-07
    9.400000   2.18612229 -1.3861598230606179e-07
    9.400000   2.25089198 -1.4547094279087810e-07
    9.400000   2.31566107 -1.5271962529727219e-07
    9.400000   2.38042940 -1.6025756130473630e-07
    9.400000   2.44519674 -1.6796543133070168e-07
    9.400000   2.50996278 -1.7571013826804802e-07
    9.400000   2.57472706 -1.8334682868397100e-07
    9.400000   2.63948889 -1.9072191469516612e-07
    9.400000   2.70424717 -1.9767707382377785e-07
    9.400000   2.76900006 -2.0405411591042542e-07
    9.400000   2.83374417 -2.0970051279170903e-07
    9.400000   2.89847256 -2.1447529901477863e-07
    9.400000   2.96316844 -2.1825498469208782e-07
    9.400000   3.02777863 -2.2093910582018783e-07
    9.400000   3.09200950 -2.2245540128625085e-07
    9.500000   0.04958315 -1.9619085556090600e-07
    9.500000   0.11381403 -1.9483562576298301e-07
    9.500000   0.17842421 -1.9243645375364020e-07
    9.500000   0.24312010 -1.8905766082287018e-07
    9.500000   0.30784849 -1.8478870284523250e-07
    9.500000   0.37259260 -1.7973958490372131e-07
    9.500000   0.43734549 -1.7403594529662694e-07
    9.500000   0.50210377 -1.6781381305844134e-07
    9.500000   0.56686560 -1.6121436916977192e-07
    9.500000   0.63162987 -1.5437902884597464e-07
    9.500000   0.69639591 -1.4744510402210474e-07
    9.500000   0.76116325 -1.4054222864336488e-07
    9.500000   0.82593158 -1.3378964731799046e-07
    9.500000   0.89070068 -1.2729438991031026e-07
    9.500000   0.95547037 -1.2115028792017994e-07
    9.500000   1.02024053 -1.1543773717046218e-07
    9.500000   1.08501108 -1.1022407707664320e-07
    9.500000   1.14978193 -1.0556443886070503e-07
    9.500000   1.21455301 -1.0150291113185055e-07
    9.500000   1.27932429 -9.8073878248022063e-08
    9.500000   1.34409571 -9.5303401305701035e-08
    9.500000   1.40886724 -9.3210530389036690e-08
    9.500000   1.47363885 -9.1808457295156360e-08
    9.500000   1.53841049 -9.1105438503364928e-08
    9.500000   1.60318216 -9.1105437639874633e-08
    9.500000   1.66795381 -9.1808454704905573e-08
    9.500000   1.73272541 -9.3210526076281366e-08
    9.500000   1.79749694 -9.5303395277219133e-08
    9.500000   1.86226837 -9.8073870514304536e-08
    9.500000   1.92703964 -1.0150290170548591e-07
    9.500000   1.99181073 -1.0556442776009483e-07
    9.500000   2.05658157 -1.1022406432478362e-07
    9.500000   2.12135212 -1.1543772279765074e-07
    9.500000   2.18612229 -1.2115027196258418e-07
    9.500000   2.25089198 -1.2729437241152132e-07
    9.500000   2.31566107 -1.3378962833090087e-07
    9.500000   2.38042940 -1.4054220823123131e-07
    9.500000   2.44519674 -1.4744508225498650e-07
    9.500000   2.50996278 -1.5437900580463072e-07
    9.500000   2.57472706 -1.6121434494548582e-07
    9.500000   2.63948889 -1.6781378774994017e-07
    9.500000   2.70424717 -1.7403591901414109e-07
    9.500000   2.76900006 -1.7973955776563663e-07
    9.500000   2.83374417 -1.8478867497452409e-07
    9.500000   2.89847256 -1.8905763235022707e-07
    9.500000   2.96316844 -1.9243642481641953e-07
    9.500000   3.02777863 -1.9483559650186702e-07
    9.500000   3.09200950 -1.9619082611767664e-07
    9.600000   0.04958315 -1.7289541085626120e-07
    9.600000   0.11381403 -1.7168398314703932e-07
    9.600000   0.17842421 -1.6953924456737891e-07
    9.600000   0.24312010 -1.6651846892813954e-07
    9.600000   0.30784849 -1.6270133634135348e-07
    9.600000   0.37259260 -1.5818586936911683e-07
    9.600000   0.43734549 -1.5308407626892770e-07
    9.600000   0.50210377 -1.4751730042204238e-07
    9.600000   0.56686560 -1.4161156709483310e-07
    9.600000   0.63162987 -1.3549320846110260e-07
    9.600000   0.69639591 -1.2928499706076752e-07
    9.600000   0.76116325 -1.2310295091722547e-07
    9.600000   0.82593158 -1.1705390134170966e-07
    9.600000   0.89070068 -1.1123384558201408e-07
    9.600000   0.95547037 -1.0572704720909513e-07
    9.600000   1.02024053 -1.0060580131124395e-07
    9.600000   1.08501108 -9.5930750651919749e-08
    9.600000   1.14978193 -9.1751622492617890e-08
    9.600000   1.21455301 -8.8108251694441214e-08
    9.600000   1.27932429 -8.5031761467007271e-08
    9.600000   1.34409571 -8.2545785527314741e-08
    9.600000   1.40886724 -8.0667631931912759e-08
    9.600000   1.47363885 -7.9409307007316639e-08
    9.600000   1.53841049 -7.8778336098327734e-08
    9.600000   1.60318216 -7.8778335322082217e-08
    9.600000   1.66795381 -7.9409304679090319e-08
    9.600000   1.73272541 -8.0667628055893870e-08
    9.600000   1.79749694 -8.2545780108504933e-08
    9.600000   1.86226837 -8.5031754514844583e-08
    9.600000   1.92703964 -8.8108243220193314e-08
    9.600000   1.99181073 -9.1751612512086946e-08
    9.600000   2.05658157 -9.5930739185886059e-08
    9.600000   2.12135212 -1.0060578838525820e-07
    9.600000   2.18612229 -1.0572703285528468e-07
    9.600000   2.25089198 -1.1123382983951436e-07
    9.600000   2.31566107 -1.1705388425863525e-07
    9.600000   2.38042940 -1.2310293254758460e-07
    9.600000   2.44519674 -1.2928497746864864e-07
    9.600000   2.50996278 -1.3549318771851264e-07
    9.600000   2.57472706 -1.4161154528466088e-07
    9.600000   2.63948889 -1.4751727763259187e-07
    9.600000   2.70424717 -1.5308405259934733e-07
    9.600000   2.76900006 -1.5818584492343042e-07
    9.600000   2.83374417 -1.6270131123362387e-07
    9.600000   2.89847256 -1.6651844327684581e-07
    9.600000   2.96316844 -1.6953921849454277e-07
    9.600000   3.02777863 -1.7168395678070462e-07
    9.600000   3.09200950 -1.7289538432601319e-07
    9.700000   0.04958315 -1.5224069691768471e-07
    9.700000   0.11381403 -1.5115768669359127e-07
    9.700000   0.17842421 -1.4924018285928925e-07
    9.700000   0.24312010 -1.4653920013369753e-07
    9.700000   0.30784849 -1.4312573244232880e-07
    9.700000   0.37259260 -1.3908714927846017e-07
    9.700000   0.43734549 -1.3452333244787101e-07
    9.700000   0.50210377 -1.2954254855505702e-07
    9.700000   0.56686560 -1.2425731416402973e-07
    9.700000   0.63162987 -1.1878050241198471e-07
    9.700000   0.69639591 -1.1322189561251277e-07
    9.700000   0.76116325 -1.0768532972231250e-07
    9.700000   0.82593158 -1.0226651297978142e-07
    9.700000   0.89070068 -9.7051540148651410e-08
    9.700000   0.95547037 -9.2116071179536556e-08
    9.700000   1.02024053 -8.7525102146928159e-08
    9.700000   1.08501108 -8.3333228516100631e-08
    9.700000   1.14978193 -7.9585285637074929e-08
    9.700000   1.21455301 -7.6317247328670188e-08
    9.700000   1.27932429 -7.3557268037249023e-08
    9.700000   1.34409571 -7.1326764821166300e-08
    9.700000   1.40886724 -6.9641449828293781e-08
    9.700000   1.47363885 -6.8512240002447987e-08
    9.700000   1.53841049 -6.7945987059842478e-08
    9.700000   1.60318216 -6.7945986362529169e-08
    9.700000   1.66795381 -6.8512237910935652e-08
    9.700000   1.73272541 -6.9641446345773551e-08
    9.700000   1.79749694 -7.1326759952862594e-08
    9.700000   1.86226837 -7.3557261789548496e-08
    9.700000   1.92703964 -7.6317239713105075e-08
    9.700000   1.99181073 -7.9585276666263678e-08
    9.700000   2.05658157 -8.3333218208685075e-08
    9.700000   2.12135212 -8.7525090526436701e-08
    9.700000   2.18612229 -9.2116058273788247e-08
    9.700000   2.25089198 -9.7051525993433009e-08
    9.700000   2.31566107 -1.0226649761541085e-07
    9.700000   2.38042940 -1.0768531319859893e-07
    9.700000   2.44519674 -1.1322187798635549e-07
    9.700000   2.50996278 -1.1878048374876606e-07
    9.700000   2.57472706 -1.2425729453576862e-07
    9.700000   2.63948889 -1.2954252804319989e-07
    9.700000   2.70424717 -1.3452331114134225e-07
    9.700000   2.76900006 -1.3908712727038551e-07
    9.700000   2.83374417 -1.4312570983649711e-07
    9.700000   2.89847256 -1.4653917703553880e-07
    9.700000   2.96316844 -1.4924015938025061e-07
    9.700000   3.02777863 -1.5115766294874406e-07
    9.700000   3.09200950 -1.5224067302477926e-07
    9.800000   0.04958315 -1.3393421748489921e-07
    9.800000   0.11381403 -1.3296590861717474e-07
    9.800000   0.17842421 -1.3125138699499837e-07
    9.800000   0.24312010 -1.2883610549468576e-07
    9.800000   0.30784849 -1.2578333614376220e-07
    9.800000   0.37259260 -1.2217097293295197e-07
    9.800000   0.43734549 -1.1808810445055395e-07
    9.800000   0.50210377 -1.1363134894041955e-07
    9.800000   0.56686560 -1.0890117872317180e-07
    9.800000   0.63162987 -1.0399845435475841e-07
    9.800000   0.69639591 -9.9021350374853580e-08
    9.800000   0.76116325 -9.4062802968500817e-08
    9.800000   0.82593158 -8.9208553901006265e-08
    9.800000   0.89070068 -8.4535811237681415e-08
    9.800000   0.95547037 -8.0112500600371444e-08
    9.800000   1.02024053 -7.5997044190525413e-08
    9.800000   1.08501108 -7.2238579695182039e-08
    9.800000   1.14978193 -6.8877517420639537e-08
    9.800000   1.21455301 -6.5946329929043209e-08
    9.800000   1.27932429 -6.3470472276610696e-08
    9.800000   1.34409571 -6.1469340213038787e-08
    9.800000   1.40886724 -5.9957186358399451e-08
    9.800000   1.47363885 -5.8943928591146443e-08
    9.800000   1.53841049 -5.8435799380597903e-08
    9.800000   1.60318216 -5.8435798754930088e-08
    9.800000   1.66795381 -5.8943926713143764e-08
    9.800000   1.73272541 -5.9957183230831329e-08
    9.800000   1.79749694 -6.1469335839645579e-08
    9.800000   1.86226837 -6.3470466664586545e-08
    9.800000   1.92703964 -6.5946323087425190e-08
    9.800000   1.99181073 -6.8877509361582227e-08
    9.800000   2.05658157 -7.2238570434157859e-08
    9.800000   2.12135212 -7.5997033746954049e-08
    9.800000   2.18612229 -8.0112489001177333e-08
    9.800000   2.25089198 -8.4535798512739171e-08
    9.800000   2.31566107 -8.9208540088640979e-08
    9.800000   2.38042940 -9.4062788111552305e-08
    9.800000   2.44519674 -9.9021334524681540e-08
    9.800000   2.50996278 -1.0399843756910411e-07
    9.800000   2.57472706 -1.0890116106770060e-07
    9.800000   2.63948889 -1.1363133048786999e-07
    9.800000   2.70424717 -1.1808808527930334e-07
    9.800000   2.76900006 -1.2217095312928558e-07
    9.800000   2.83374417 -1.2578331579952767e-07
    9.800000   2.89847256 -1.2883608470584107e-07
    9.800000   2.96316844 -1.3125136586288415e-07
    9.800000   3.02777863 -1.3296588724385037e-07
    9.800000   3.09200950 -1.3393419597820988e-07
    9.900000   0.04958315 -1.1771547251542104e-07
    9.900000   0.11381403 -1.1684963165349838e-07
    9.900000   0.17842421 -1.1531645857612429e-07
    9.900000   0.24312010 -1.1315646153512119e-07
    9.900000   0.30784849 -1.1042604480845435e-07
    9.900000   0.37259260 -1.0719467078255568e-07
    9.900000   0.43734549 -1.0354181788347281e-07
    9.900000   0.50210377 -9.9553725024166380e-08
    9.900000   0.56686560 -9.5320123126536656e-08
    9.900000   0.63162987 -9.0931149034452873e-08
    9.900000   0.69639591 -8.6474603543937388e-08
    9.900000   0.76116325 -8.2033669962789855e-08
    9.900000   0.82593158 -7.7685160340084121e-08
    9.900000   0.89070068 -7.3498308795750006e-08
    9.900000   0.95547037 -6.9534089881204954e-08
    9.900000   1.02024053 -6.5845007270838140e-08
    9.900000   1.08501108 -6.2475275488102617e-08
    9.900000   1.14978193 -5.9461304805783108e-08
    9.900000   1.21455301 -5.6832395504311782e-08
    9.900000   1.27932429 -5.4611550777957022e-08
    9.900000   1.34409571 -5.2816325564598886e-08
    9.900000   1.40886724 -5.1459639724526049e-08
    9.900000   1.47363885 -5.0550496518847609e-08
    9.900000   1.53841049 -5.0094560295341282e-08
    9.900000   1.60318216 -5.0094559733129741e-08
    9.900000   1.66795381 -5.0550494832811348e-08
    9.900000   1.73272541 -5.1459636916572382e-08
    9.900000   1.79749694 -5.2816321638204843e-08
    9.900000   1.86226837 -5.4611545738173064e-08
    9.900000   1.92703964 -5.6832389360805281e-08
    9.900000   1.99181073 -5.9461297566972717e-08
    9.900000   2.05658157 -6.2475267168750388e-08
    9.900000   2.12135212 -6.5844997889184477e-08
    9.900000   2.18612229 -6.9534079459946409e-08
    9.900000   2.25089198 -7.3498297361913388e-08
    9.900000   2.31566107 -7.7685147927140348e-08
    9.900000   2.38042940 -8.2033656609695614e-08
    9.900000   2.44519674 -8.6474589294975693e-08
    9.900000   2.50996278 -9.0931133944231012e-08
    9.900000   2.57472706 -9.5320107251158292e-08
    9.900000   2.63948889 -9.9553708430382568e-08
    9.900000   2.70424717 -1.0354180064129816e-07
    9.900000   2.76900006 -1.0719465297068244e-07
    9.900000   2.83374417 -1.1042602650835068e-07
    9.900000   2.89847256 -1.1315644283365385e-07
    9.900000   2.96316844 -1.1531643956445394e-07
    9.900000   3.02777863 -1.1684961242431896e-07
    9.900000   3.09200950 -1.1771545316453517e-07
   10.000000   0.04958315 -1.0335247713315871e-07
   10.000000   0.11381403 -1.0257818974387825e-07
   10.000000   0.17842421 -1.0120706132312425e-07
   10.000000   0.24312010 -9.9275202328843243e-08
   10.000000   0.30784849 -9.6832906472809603e-08
   10.000000   0.37259260 -9.3942130608993518e-08
   10.000000   0.43734549 -9.0673793494216949e-08
   10.000000   0.50210377 -8.7104882794220397e-08
   10.000000   0.56686560 -8.3315547659090207e-08
   10.000000   0.63162987 -7.9386350100656571e-08
   10.000000   0.69639591 -7.5395818973498484e-08
   10.000000   0.76116325 -7.1418410609732382e-08
   10.000000   0.82593158 -6.7522936607499343e-08
   10.000000   0.89070068 -6.3771477112746126e-08
   10.000000   0.95547037 -6.0218761008866977e-08
   10.000000   1.02024053 -5.6911965300815578e-08
   10.000000   1.08501108 -5.3890865676678795e-08
   10.000000   1.14978193 -5.1188258768993027e-08
   10.000000   1.21455301 -4.8830572851571752e-08
   10.000000   1.27932429 -4.6838586186911790e-08
   10.000000   1.34409571 -4.5228179204413860e-08
   10.000000   1.40886724 -4.4011056408343944e-08
   10.000000   1.47363885 -4.3195385067225859e-08
   10.000000   1.53841049 -4.2786309223644676e-08
   10.000000   1.60318216 -4.2786308718602108e-08
   10.000000   1.66795381 -4.3195383553763880e-08
   10.000000   1.73272541 -4.4011053886465444e-08
   10.000000   1.79749694 -4.5228175679276794e-08
   10.000000   1.86226837 -4.6838581662239768e-08
   10.000000   1.92703964 -4.8830567334670625e-08
   10.000000   1.99181073 -5.1188252269818728e-08
   10.000000   2.05658157 -5.3890858205512451e-08
   10.000000   2.12135212 -5.6911956875788604e-08
   10.000000   2.18612229 -6.0218751648711275e-08
   10.000000   2.25089198 -6.3771466841144247e-08
   10.000000   2.31566107 -6.7522925455118103e-08
   10.000000   2.38042940 -7.1418398611443438e-08
   10.000000   2.44519674 -7.5395806169848827e-08
   10.000000   2.50996278 -7.9386336538142221e-08
   10.000000   2.57472706 -8.3315533389889388e-08
   10.000000   2.63948889 -8.7104867877097606e-08
   10.000000   2.70424717 -9.0673777993429946e-08
   10.000000   2.76900006 -9.3942114593811242e-08
   10.000000   2.83374417 -9.6832890016938027e-08
   10.000000   2.89847256 -9.9275185511328925e-08
   10.000000   2.96316844 -1.0120704422546339e-07
   10.000000   3.02777863 -1.0257817245074932e-07
   10.000000   3.09200950 -1.0335245972989333e-07
   10.100000   0.04958315 -9.0638661119209719e-08
   10.100000   0.11381403 -8.9946186479618248e-08
   10.100000   0.17842421 -8.8719872852023125e-08
   10.100000   0.24312010 -8.6991917725043943e-08
   10.100000   0.30784849 -8.4807175946942071e-08
   10.100000   0.37259260 -8.2220920924418651e-08
   10.100000   0.43734549 -7.9296445082575280e-08
   10.100000   0.50210377 -7.6102488139411683e-08
   10.100000   0.56686560 -7.2710650076684033e-08
   10.100000   0.63162987 -6.9192942490735623e-08
   10.100000   0.69639591 -6.5619606260070681e-08
   10.100000   0.76116325 -6.2057288469885357e-08
   10.100000   0.82593158 -5.8567633134213017e-08
   10.100000   0.89070068 -5.5206302874623598e-08
   10.100000   0.95547037 -5.2022415921647071e-08
   10.100000   1.02024053 -4.9058356781779219e-08
   10.100000   1.08501108 -4.6349900689010278e-08
   10.100000   1.14978193 -4.3926581501091830e-08
   10.100000   1.21455301 -4.1812229128026053e-08
   10.100000   1.27932429 -4.0025604547833418e-08
   10.100000   1.34409571 -3.8581066514000822e-08
   10.100000   1.40886724 -3.7489212580010450e-08
   10.100000   1.47363885 -3.6757446950550689e-08
   10.100000   1.53841049 -3.6390437896248136e-08
   10.100000   1.60318216 -3.6390437443249371e-08
   10.100000   1.66795381 -3.6757445592576689e-08
   10.100000   1.73272541 -3.7489210317009770e-08
   10.100000   1.79749694 -3.8581063350355654e-08
   10.100000   1.86226837 -4.0025600486889813e-08
   10.100000   1.92703964 -4.1812224175444157e-08
   10.100000   1.99181073 -4.3926575666479636e-08
   10.100000   2.05658157 -4.6349893981914570e-08
   10.100000   2.12135212 -4.9058349217111978e-08
   10.100000   2.18612229 -5.2022407516715649e-08
   10.100000   2.25089198 -5.5206293650997107e-08
   10.100000   2.31566107 -5.8567623118566144e-08
   10.100000   2.38042940 -6.2057277692966942e-08
   10.100000   2.44519674 -6.5619594758335228e-08
   10.100000   2.50996278 -6.9192930306011087e-08
   10.100000   2.57472706 -7.2710637255143226e-08
   10.100000   2.63948889 -7.6102474734502226e-08
   10.100000   2.70424717 -7.9296431151721150e-08
   10.100000   2.76900006 -8.2220906529782642e-08
   10.100000   2.83374417 -8.4807161155323662e-08
   10.100000   2.89847256 -8.6991902606925687e-08
   10.100000   2.96316844 -8.8719857481086114e-08
   10.100000   3.02777863 -8.9946170932052501e-08
   10.100000   3.09200950 -9.0638645472713263e-08
   10.200000   0.04958315 -7.9390106165724443e-08
   10.200000   0.11381403 -7.8770748927209126e-08
   10.200000   0.17842421 -7.7673867658031923e-08
   10.200000   0.24312010 -7.6128177020594917e-08
   10.200000   0.30784849 -7.4173689239910009e-08
   10.200000   0.37259260 -7.1859724476618638e-08
   10.200000   0.43734549 -6.9242778510678978e-08
   10.200000   0.50210377 -6.6384235845179017e-08
   10.200000   0.56686560 -6.3348067124640194e-08
   10.200000   0.63162987 -6.0198647241592999e-08
   10.200000   0.69639591 -5.6998807969924571e-08
   10.200000   0.76116325 -5.3808208174455661e-08
   10.200000   0.82593158 -5.0682070698148840e-08
   10.200000   0.89070068 -4.7670301922907918e-08
   10.200000   0.95547037 -4.4816980853494039e-08
   10.200000   1.02024053 -4.2160181331092007e-08
   10.200000   1.08501108 -3.9732074604994287e-08
   10.200000   1.14978193 -3.7559250018000144e-08
   10.200000   1.21455301 -3.5663188150294866e-08
   10.200000   1.27932429 -3.4060822360398172e-08
   10.200000   1.34409571 -3.2765129879676863e-08
   10.200000   1.40886724 -3.1785701135302083e-08
   10.200000   1.47363885 -3.1129244700362825e-08
   10.200000   1.53841049 -3.0799994396325130e-08
   10.200000   1.60318216 -3.0799993989900187e-08
   10.200000   1.66795381 -3.1129243480799421e-08
   10.200000   1.73272541 -3.1785699105034598e-08
   10.200000   1.79749694 -3.2765127040780229e-08
   10.200000   1.86226837 -3.4060818716145569e-08
   10.200000   1.92703964 -3.5663183706343701e-08
   10.200000   1.99181073 -3.7559244781312691e-08
   10.200000   2.05658157 -3.9732068584845231e-08
   10.200000   2.12135212 -4.2160174540614369e-08
   10.200000   2.18612229 -4.4816973308265860e-08
   10.200000   2.25089198 -4.7670293641173289e-08
   10.200000   2.31566107 -5.0682061704805057e-08
   10.200000   2.38042940 -5.3808198496209594e-08
   10.200000   2.44519674 -5.6998797639269931e-08
   10.200000   2.50996278 -6.0198636296364055e-08
   10.200000   2.57472706 -6.3348055607274773e-08
   10.200000   2.63948889 -6.6384223801735024e-08
   10.200000   2.70424717 -6.9242765993830654e-08
   10.200000   2.76900006 -7.1859711542039511e-08
   10.200000   2.83374417 -7.4173675947661784e-08
   10.200000   2.89847256 -7.6128163434493558e-08
   10.200000   2.96316844 -7.7673853844929653e-08
   10.200000   3.02777863 -7.8770734953958349e-08
   10.200000   3.09200950 -7.9390092104152059e-08
   10.300000   0.04958315 -6.9443083306573866e-08
   10.300000   0.11381403 -6.8889079599074413e-08
   10.300000   0.17842421 -6.7907894682561702e-08
   10.300000   0.24312010 -6.6525142242995813e-08
   10.300000   0.30784849 -6.4776521442844794e-08
   10.300000   0.37259260 -6.2706048129336129e-08
   10.300000   0.43734549 -6.0364159320657032e-08
   10.300000   0.50210377 -5.7805678987606950e-08
   10.300000   0.56686560 -5.5087768090009760e-08
   10.300000   0.63162987 -5.2267979979487577e-08
   10.300000   0.69639591 -4.9402522461387081e-08
   10.300000   0.76116325 -4.6544800725592656e-08
   10.300000   0.82593158 -4.3744285325002723e-08
   10.300000   0.89070068 -4.1045720075048541e-08
   10.300000   0.95547037 -3.8488658783767519e-08
   10.300000   1.02024053 -3.6107299008271415e-08
   10.300000   1.08501108 -3.3930566324034468e-08
   10.300000   1.14978193 -3.1982393966598931e-08
   10.300000   1.21455301 -3.0282139545811515e-08
   10.300000   1.27932429 -2.8845081770292961e-08
   10.300000   1.34409571 -2.7682944630168011e-08
   10.300000   1.40886724 -2.6804403137485302e-08
   10.300000   1.47363885 -2.6215532411482608e-08
   10.300000   1.53841049 -2.5920170049763680e-08
   10.300000   1.60318216 -2.5920169685188053e-08
   10.300000   1.66795381 -2.6215531317298847e-08
   10.300000   1.73272541 -2.6804401316019630e-08
   10.300000   1.79749694 -2.7682942083026671e-08
   10.300000   1.86226837 -2.8845078500504714e-08
   10.300000   1.92703964 -3.0282135558066433e-08
   10.300000   1.99181073 -3.1982389267188460e-08
   10.300000   2.05658157 -3.3930560921819564e-08
   10.300000   2.12135212 -3.6107292914407146e-08
   10.300000   2.18612229 -3.8488652011559528e-08
   10.300000   2.25089198 -4.1045712641475379e-08
   10.300000   2.31566107 -4.3744277251214464e-08
   10.300000   2.38042940 -4.6544792035954773e-08
   10.300000   2.44519674 -4.9402513185784186e-08
   10.300000   2.50996278 -5.2267970150822500e-08
   10.300000   2.57472706 -5.5087757746860173e-08
   10.300000   2.63948889 -5.7805668171473140e-08
   10.300000   2.70424717 -6.0364148078859526e-08
   10.300000   2.76900006 -6.2706036510279465e-08
   10.300000   2.83374417 -6.4776509503097049e-08
   10.300000   2.89847256 -6.6525130036710438e-08
   10.300000   2.96316844 -6.7907882271197646e-08
   10.300000   3.02777863 -6.8889067045005581e-08
   10.300000   3.09200950 -6.9443070671947410e-08
   10.400000   0.04958315 -6.0651857390056346e-08
   10.400000   0.11381403 -6.0156273709964180e-08
   10.400000   0.17842421 -5.9278517076536573e-08
   10.400000   0.24312010 -5.8041439361929066e-08
   10.400000   0.30784849 -5.6476897247848293e-08
   10.400000   0.37259260 -5.4624179234058359e-08
   10.400000   0.43734549 -5.2528320112549200e-08
   10.400000   0.50210377 -5.0238290964809606e-08
   10.400000   0.56686560 -4.7805173673692805e-08
   10.400000   0.63162987 -4.5280427456842005e-08
   10.400000   0.69639591 -4.2714337642495388e-08
   10.400000   0.76116325 -4.0154712937032268e-08
   10.400000   0.82593158 -3.7645870976647805e-08
   10.400000   0.89070068 -3.5227925877116310e-08
   10.400000   0.95547037 -3.2936368488073390e-08
   10.400000   1.02024053 -3.0801911510390894e-08
   10.400000   1.08501108 -2.8850558446263126e-08
   10.400000   1.14978193 -2.7103847557870246e-08
   10.400000   1.21455301 -2.5579219012188646e-08
   10.400000   1.27932429 -2.4290454393302974e-08
   10.400000   1.34409571 -2.3248141667011254e-08
   10.400000   1.40886724 -2.2460124513709240e-08
   10.400000   1.47363885 -2.1931901795285311e-08
   10.400000   1.53841049 -2.1666950146169123e-08
   10.400000   1.60318216 -2.1666949819060182e-08
   10.400000   1.66795381 -2.1931900814343145e-08
   10.400000   1.73272541 -2.2460122880211320e-08
   10.400000   1.79749694 -2.3248139382547156e-08
   10.400000   1.86226837 -2.4290451460175893e-08
   10.400000   1.92703964 -2.5579215435125844e-08
   10.400000   1.99181073 -2.7103843341673141e-08
   10.400000   2.05658157 -2.8850553599801230e-08
   10.400000   2.12135212 -3.0801906042533637e-08
   10.400000   2.18612229 -3.2936362410709455e-08
   10.400000   2.25089198 -3.5227919205659765e-08
   10.400000   2.31566107 -3.7645863730363844e-08
   10.400000   2.38042940 -4.0154705138110562e-08
   10.400000   2.44519674 -4.2714329316008501e-08
   10.400000   2.50996278 -4.5280418632886719e-08
   10.400000   2.57472706 -4.7805164386386648e-08
   10.400000   2.63948889 -5.0238281252931691e-08
   10.400000   2.70424717 -5.2528310016749016e-08
   10.400000   2.76900006 -5.4624168799498935e-08
   10.400000   2.83374417 -5.6476886523352171e-08
   10.400000   2.89847256 -5.8041428399030863e-08
   10.400000   2.96316844 -5.9278505928480918e-08
   10.400000   3.02777863 -6.0156262433047629e-08
   10.400000   3.09200950 -6.0651846040643873e-08
   10.500000   0.04958315 -5.2886729339096265e-08
   10.500000   0.11381403 -5.2443372697921752e-08
   10.500000   0.17842421 -5.1658085561000524e-08
   10.500000   0.24312010 -5.0551259384783073e-08
   10.500000   0.30784849 -4.9151326725644959e-08
   10.500000   0.37259260 -4.7493361949082120e-08
   10.500000   0.43734549 -4.5617581976956274e-08
   10.500000   0.50210377 -4.3567735365618101e-08
   10.500000   0.56686560 -4.1389476316009722e-08
   10.500000   0.63162987 -3.9128819147015907e-08
   10.500000   0.69639591 -3.6830753530343367e-08
   10.500000   0.76116325 -3.4538079705646899e-08
   10.500000   0.82593158 -3.2290499425240805e-08
   10.500000   0.89070068 -3.0123975318807287e-08
   10.500000   0.95547037 -2.8070350825915759e-08
   10.500000   1.02024053 -2.6157206345154858e-08
   10.500000   1.08501108 -2.4407915398579442e-08
   10.500000   1.14978193 -2.2841857525777260e-08
   10.500000   1.21455301 -2.1474741876340680e-08
   10.500000   1.27932429 -2.0318996201169974e-08
   10.500000   1.34409571 -1.9384179382857219e-08
   10.500000   1.40886724 -1.8677380727782224e-08
   10.500000   1.47363885 -1.8203575339185297e-08
   10.500000   1.53841049 -1.7965911338778985e-08
   10.500000   1.60318216 -1.7965911044715294e-08
   10.500000   1.66795381 -1.8203574460096758e-08
   10.500000   1.73272541 -1.8677379262129285e-08
   10.500000   1.79749694 -1.9384177333554640e-08
   10.500000   1.86226837 -2.0318993570101622e-08
   10.500000   1.92703964 -2.1474738666707615e-08
   10.500000   1.99181073 -2.2841853744131341e-08
   10.500000   2.05658157 -2.4407911049118134e-08
   10.500000   2.12135212 -2.6157201438758645e-08
   10.500000   2.18612229 -2.8070345372342081e-08
   10.500000   2.25089198 -3.0123969332982501e-08
   10.500000   2.31566107 -3.2290492922284457e-08
   10.500000   2.38042940 -3.4538072704815882e-08
   10.500000   2.44519674 -3.6830746057044704e-08
   10.500000   2.50996278 -3.9128811226923093e-08
   10.500000   2.57472706 -4.1389467978349995e-08
   10.500000   2.63948889 -4.3567726646669999e-08
   10.500000   2.70424717 -4.5617572913162187e-08
   10.500000   2.76900006 -4.7493352580206544e-08
   10.500000   2.83374417 -4.9151317095290988e-08
   10.500000   2.89847256 -5.0551249540368742e-08
   10.500000   2.96316844 -5.1658075549754002e-08
   10.500000   3.02777863 -5.2443362571313590e-08
   10.500000   3.09200950 -5.2886719146392601e-08
   10.600000   0.04958315 -4.6032290257915310e-08
   10.600000   0.11381403 -4.5635628273611421e-08
   10.600000   0.17842421 -4.4933020000032567e-08
   10.600000   0.24312010 -4.3942664438537938e-08
   10.600000   0.30784849 -4.2689942098020567e-08
   10.600000   0.37259260 -4.1206169882152392e-08
   10.600000   0.43734549 -3.9527267148004353e-08
   10.600000   0.50210377 -3.7692321595937042e-08
   10.600000   0.56686560 -3.5742140673117689e-08
   10.600000   0.63162987 -3.3717873350046312e-08
   10.600000   0.69639591 -3.1659773812076272e-08
   10.600000   0.76116325 -2.9606159950889839e-08
   10.600000   0.82593158 -2.7592598801143136e-08
   10.600000   0.89070068 -2.5651330589514886e-08
   10.600000   0.95547037 -2.3810924813287379e-08
   10.600000   1.02024053 -2.2096146997394489e-08
   10.600000   1.08501108 -2.0528004184144273e-08
   10.600000   1.14978193 -1.9123930788887425e-08
   10.600000   1.21455301 -1.7898073888184103e-08
   10.600000   1.27932429 -1.6861637601819251e-08
   10.600000   1.34409571 -1.6023249171043256e-08
   10.600000   1.40886724 -1.5389313841211925e-08
   10.600000   1.47363885 -1.4964331065877260e-08
   10.600000   1.53841049 -1.4751150248735780e-08
   10.600000   1.60318216 -1.4751149985687564e-08
   10.600000   1.66795381 -1.4964330276470095e-08
   10.600000   1.73272541 -1.5389312526673006e-08
   10.600000   1.79749694 -1.6023247333066454e-08
   10.600000   1.86226837 -1.6861635241691635e-08
   10.600000   1.92703964 -1.7898071009705176e-08
   10.600000   1.99181073 -1.9123927396558128e-08
   10.600000   2.05658157 -2.0528000283622895e-08
   10.600000   2.12135212 -2.2096142595649103e-08
   10.600000   2.18612229 -2.3810919920337698e-08
   10.600000   2.25089198 -2.5651325218874978e-08
   10.600000   2.31566107 -2.7592592966388102e-08
   10.600000   2.38042940 -2.9606153669325613e-08
   10.600000   2.44519674 -3.1659767105205121e-08
   10.600000   2.50996278 -3.3717866241905167e-08
   10.600000   2.57472706 -3.5742133190671407e-08
   10.600000   2.63948889 -3.7692313769748968e-08
   10.600000   2.70424717 -3.9527259011465207e-08
   10.600000   2.76900006 -4.1206161471684743e-08
   10.600000   2.83374417 -4.2689933452563585e-08
   10.600000   2.89847256 -4.3942655600465691e-08
   10.600000   2.96316844 -4.4933011011604904e-08
   10.600000   3.02777863 -4.5635619180782573e-08
   10.600000   3.09200950 -4.6032281106319892e-08
   10.700000   0.04958315 -3.9985864396015770e-08
   10.700000   0.11381403 -3.9630954172721001e-08
   10.700000   0.17842421 -3.9002276660052889e-08
   10.700000   0.24312010 -3.8116076718408062e-08
   10.700000   0.30784849 -3.6995013859817396e-08
   10.700000   0.37259260 -3.5667054030370342e-08
   10.700000   0.43734549 -3.4164282431123456e-08
   10.700000   0.50210377 -3.2521626513455178e-08
   10.700000   0.56686560 -3.0775565150979117e-08
   10.700000   0.63162987 -2.8962899403571475e-08
   10.700000   0.69639591 -2.7119648613193459e-08
   10.700000   0.76116325 -2.5280119081902693e-08
   10.700000   0.82593158 -2.3476174195231337e-08
   10.700000   0.89070068 -2.1736716732689009e-08
   10.700000   0.95547037 -2.0087377812592340e-08
   10.700000   1.02024053 -1.8550393779400708e-08
   10.700000   1.08501108 -1.7144642794827604e-08
   10.700000   1.14978193 -1.5885807137876591e-08
   10.700000   1.21455301 -1.4786624803505596e-08
   10.700000   1.27932429 -1.3857194467697997e-08
   10.700000   1.34409571 -1.3105300407644580e-08
   10.700000   1.40886724 -1.2536727970259758e-08
   10.700000   1.47363885 -1.2155544960075660e-08
   10.700000   1.53841049 -1.1964329381758023e-08
   10.700000   1.60318216 -1.1964329145092593e-08
   10.700000   1.66795381 -1.2155544252336101e-08
   10.700000   1.73272541 -1.2536726791341684e-08
   10.700000   1.79749694 -1.3105298758783059e-08
   10.700000   1.86226837 -1.3857192350954172e-08
   10.700000   1.92703964 -1.4786622222042751e-08
   10.700000   1.99181073 -1.5885804094500264e-08
   10.700000   2.05658157 -1.7144639295984811e-08
   10.700000   2.12135212 -1.8550389831181396e-08
   10.700000   2.18612229 -2.0087373424381909e-08
   10.700000   2.25089198 -2.1736711914573060e-08
   10.700000   2.31566107 -2.3476168960535715e-08
   10.700000   2.38042940 -2.5280113446344344e-08
   10.700000   2.44519674 -2.7119642595247923e-08
   10.700000   2.50996278 -2.8962893024062249e-08
   10.700000   2.57472706 -3.0775558436694197e-08
   10.700000   2.63948889 -3.2521619489551750e-08
   10.700000   2.70424717 -3.4164275127319308e-08
   10.700000   2.76900006 -3.5667046481679075e-08
   10.700000   2.83374417 -3.6995006099864367e-08
   10.700000   2.89847256 -3.8116068784259942e-08
   10.700000   2.96316844 -3.9002268591614278e-08
   10.700000   3.02777863 -3.9630946010023426e-08
   10.700000   3.09200950 -3.9985856180187087e-08
   10.800000   0.04958315 -3.4656120525492174e-08
   10.800000   0.11381403 -3.4338545324800916e-08
   10.800000   0.17842421 -3.3775981102800168e-08
   10.800000   0.24312010 -3.2982930611934091e-08
   10.800000   0.30784849 -3.1979627013046408e-08
   10.800000   0.37259260 -3.0791047249651850e-08
   10.800000   0.43734549 -2.9445855220315325e-08
   10.800000   0.50210377 -2.7975264419675962e-08
   10.800000   0.56686560 -2.6411887448134430e-08
   10.800000   0.63162987 -2.4788639494049081e-08
   10.800000   0.69639591 -2.3137752547940004e-08
   10.800000   0.76116325 -2.1489942537352498e-08
   10.800000   0.82593158 -1.9873755377478752e-08
   10.800000   0.89070068 -1.8315101707882733e-08
   10.800000   0.95547037 -1.6836975714462447e-08
   10.800000   1.02024053 -1.5459341604244048e-08
   10.800000   1.08501108 -1.4199162806403325e-08
   10.800000   1.14978193 -1.3070543735285346e-08
   10.800000   1.21455301 -1.2084951749499318e-08
   10.800000   1.27932429 -1.1251487265991558e-08
   10.800000   1.34409571 -1.0577172214692896e-08
   10.800000   1.40886724 -1.0067230520142037e-08
   10.800000   1.47363885 -9.7253385228129744e-09
   10.800000   1.53841049 -9.5538278305549008e-09
   10.800000   1.60318216 -9.5538276180866287e-09
   10.800000   1.66795381 -9.7253378888268078e-09
   10.800000   1.73272541 -1.0067229463058260e-08
   10.800000   1.79749694 -1.0577170736374454e-08
   10.800000   1.86226837 -1.1251485367583991e-08
   10.800000   1.92703964 -1.2084949434398429e-08
   10.800000   1.99181073 -1.3070541007340102e-08
   10.800000   2.05658157 -1.4199159668878317e-08
   10.800000   2.12135212 -1.5459338063488112e-08
   10.800000   2.18612229 -1.6836971778344231e-08
   10.800000   2.25089198 -1.8315097385168000e-08
   10.800000   2.31566107 -1.9873750681321747e-08
   10.800000   2.38042940 -2.1489937482065809e-08
   10.800000   2.44519674 -2.3137747148844663e-08
   10.800000   2.50996278 -2.4788633771395016e-08
   10.800000   2.57472706 -2.6411881421873200e-08
   10.800000   2.63948889 -2.7975258116846644e-08
   10.800000   2.70424717 -2.9445848666828397e-08
   10.800000   2.76900006 -3.0791040474309275e-08
   10.800000   2.83374417 -3.1979620048437226e-08
   10.800000   2.89847256 -3.2982923490785802e-08
   10.800000   2.96316844 -3.3775973860598027e-08
   10.800000   3.02777863 -3.4338537998180784e-08
   10.800000   3.09200950 -3.4656113151706052e-08
   10.900000   0.04958315 -2.9961833556157873e-08
   10.900000   0.11381403 -2.9677646370394418e-08
   10.900000   0.17842421 -2.9174208886986390e-08
   10.900000   0.24312010 -2.8464470461360665e-08
   10.900000   0.30784849 -2.7566500229488957e-08
   10.900000   0.37259260 -2.6502608515014081e-08
   10.900000   0.43734549 -2.5298405827041748e-08
   10.900000   0.50210377 -2.3981789642269629e-08
   10.900000   0.56686560 -2.2581918818143089e-08
   10.900000   0.63162987 -2.1128235310707240e-08
   10.900000   0.69639591 -1.9649583743631857e-08
   10.900000   0.76116325 -1.8173466585028663e-08
   10.900000   0.82593158 -1.6725458209090519e-08
   10.900000   0.89070068 -1.5328786834444230e-08
   10.900000   0.95547037 -1.4004080445388701e-08
   10.900000   1.02024053 -1.2769262316163975e-08
   10.900000   1.08501108 -1.1639574075097170e-08
   10.900000   1.14978193 -1.0627699564338169e-08
   10.900000   1.21455301 -9.7439606970190017e-09
   10.900000   1.27932429 -8.9965567723100996e-09
   10.900000   1.34409571 -8.3918205957887216e-09
   10.900000   1.40886724 -7.9344678863787808e-09
   10.900000   1.47363885 -7.6278201911173469e-09
   10.900000   1.53841049 -7.4739855605495712e-09
   10.900000   1.60318216 -7.4739853702644104e-09
   10.900000   1.66795381 -7.6278196218360719e-09
   10.900000   1.73272541 -7.9344669389020296e-09
   10.900000   1.79749694 -8.3918192698248238e-09
   10.900000   1.86226837 -8.9965550709400415e-09
   10.900000   1.92703964 -9.7439586207967048e-09
   10.900000   1.99181073 -1.0627697117491050e-08
   10.900000   2.05658157 -1.1639571261441715e-08
   10.900000   2.12135212 -1.2769259140504179e-08
   10.900000   2.18612229 -1.4004076914750882e-08
   10.900000   2.25089198 -1.5328782957553936e-08
   10.900000   2.31566107 -1.6725453997473058e-08
   10.900000   2.38042940 -1.8173462049922340e-08
   10.900000   2.44519674 -1.9649578899373500e-08
   10.900000   2.50996278 -2.1128230176300699e-08
   10.900000   2.57472706 -2.2581913412084297e-08
   10.900000   2.63948889 -2.3981783986647343e-08
   10.900000   2.70424717 -2.5298399946678582e-08
   10.900000   2.76900006 -2.6502602436126708e-08
   10.900000   2.83374417 -2.7566493980050742e-08
   10.900000   2.89847256 -2.8464464070945112e-08
   10.900000   2.96316844 -2.9174202386567770e-08
   10.900000   3.02777863 -2.9677639794679416e-08
   10.900000   3.09200950 -2.9961826938439586e-08
   11.000000   0.04958315 -2.5830780185097445e-08
   11.000000   0.11381403 -2.5576453437304230e-08
   11.000000   0.17842421 -2.5125898160460357e-08
   11.000000   0.24312010 -2.4490678319651163e-08
   11.000000   0.30784849 -2.3686932638243022e-08
   11.000000   0.37259260 -2.2734592033961776e-08
   11.000000   0.43734549 -2.1656541558465517e-08
   11.000000   0.50210377 -2.0477717587279076e-08
   11.000000   0.56686560 -1.9224193404376675e-08
   11.000000   0.63162987 -1.7922306274553244e-08
   11.000000   0.69639591 -1.6597871035504940e-08
   11.000000   0.76116325 -1.5275513952657245e-08
   11.000000   0.82593158 -1.3978147733140742e-08
   11.000000   0.89070068 -1.2726595924239683e-08
   11.000000   0.95547037 -1.1539363422529539e-08
   11.000000   1.02024053 -1.0432540471576578e-08
   11.000000   1.08501108 -9.4198206566437518e-09
   11.000000   1.14978193 -8.5126091425797484e-09
   11.000000   1.21455301 -7.7201955521812597e-09
   11.000000   1.27932429 -7.0499660300113867e-09
   11.000000   1.34409571 -6.5076307000558446e-09
   11.000000   1.40886724 -6.0974454817689489e-09
   11.000000   1.47363885 -5.8224105267111907e-09
   11.000000   1.53841049 -5.6844311806039993e-09
   11.000000   1.60318216 -5.6844310103340119e-09
   11.000000   1.66795381 -5.8224100162309752e-09
   11.000000   1.73272541 -6.0974446324632170e-09
   11.000000   1.79749694 -6.5076295112749412e-09
   11.000000   1.86226837 -7.0499645038020551e-09
   11.000000   1.92703964 -7.7201936908290481e-09
   11.000000   1.99181073 -8.5126069478590823e-09
   11.000000   2.05658157 -9.4198181331450503e-09
   11.000000   2.12135212 -1.0432537623759646e-08
   11.000000   2.18612229 -1.1539360256414455e-08
   11.000000   2.25089198 -1.2726592447620058e-08
   11.000000   2.31566107 -1.3978143955670459e-08
   11.000000   2.38042940 -1.5275509884096574e-08
   11.000000   2.44519674 -1.6597866690570495e-08
   11.000000   2.50996278 -1.7922301668347320e-08
   11.000000   2.57472706 -1.9224188554524066e-08
   11.000000   2.63948889 -2.0477712512911703e-08
   11.000000   2.70424717 -2.1656536282390095e-08
   11.000000   2.76900006 -2.2734586578810616e-08
   11.000000   2.83374417 -2.3686927029711029e-08
   11.000000   2.89847256 -2.4490672585717988e-08
   11.000000   2.96316844 -2.5125892328309419e-08
   11.000000   3.02777863 -2.5576447536807127e-08
   11.000000   3.09200950 -2.5830774245922463e-08
   11.250000   0.04958315 -1.7563314491116000e-08
   11.250000   0.11381403 -1.7370566490615282e-08
   11.250000   0.17842421 -1.7029073929513393e-08
   11.250000   0.24312010 -1.6547556600680007e-08
   11.250000   0.30784849 -1.5938188713264638e-08
   11.250000   0.37259260 -1.5216012425057044e-08
   11.250000   0.43734549 -1.4398309934415675e-08
   11.250000   0.50210377 -1.3503926309430520e-08
   11.250000   0.56686560 -1.2552582601231949e-08
   11.250000   0.63162987 -1.1564218874450396e-08
   11.250000   0.69639591 -1.0558400966399227e-08
   11.250000   0.76116325 -9.5538164404535641e-09
   11.250000   0.82593158 -8.5678756730143801e-09
   11.250000   0.89070068 -7.6164246064907984e-09
   11.250000   0.95547037 -6.7135670926369650e-09
   11.250000   1.02024053 -5.8715876680434980e-09
   11.250000   1.08501108 -5.1009604395466922e-09
   11.250000   1.14978193 -4.4104264313110590e-09
   11.250000   1.21455301 -3.8071202557266434e-09
   11.250000   1.27932429 -3.2967270123962973e-09
   11.250000   1.34409571 -2.8836514824819588e-09
   11.250000   1.40886724 -2.5711836879580826e-09
   11.250000   1.47363885 -2.3616473539751517e-09
   11.250000   1.53841049 -2.2565205338121070e-09
   11.250000   1.60318216 -2.2565204050117667e-09
   11.250000   1.66795381 -2.3616469656749116e-09
   11.250000   1.73272541 -2.5711830409383331e-09
   11.250000   1.79749694 -2.8836505781513268e-09
   11.250000   1.86226837 -3.2967258503072293e-09
   11.250000   1.92703964 -3.8071188384601005e-09
   11.250000   1.99181073 -4.4104247610941572e-09
   11.250000   2.05658157 -5.1009585180615280e-09
   11.250000   2.12135212 -5.8715854983598222e-09
   11.250000   2.18612229 -6.7135646816704676e-09
   11.250000   2.25089198 -7.6164219583586881e-09
   11.250000   2.31566107 -8.5678727945205738e-09
   11.250000   2.38042940 -9.5538133408098579e-09
   11.250000   2.44519674 -1.0558397655665245e-08
   11.250000   2.50996278 -1.1564215364016533e-08
   11.250000   2.57472706 -1.2552578905085715e-08
   11.250000   2.63948889 -1.3503922441859976e-08
   11.250000   2.70424717 -1.4398305911952210e-08
   11.250000   2.76900006 -1.5216008266709080e-08
   11.250000   2.83374417 -1.5938184437636608e-08
   11.250000   2.89847256 -1.6547552228057741e-08
   11.250000   2.96316844 -1.7029069482630118e-08
   11.250000   3.02777863 -1.7370561990987854e-08
   11.250000   3.09200950 -1.7563309961758725e-08
   11.500000   0.04958315 -1.1610812316620696e-08
   11.500000   0.11381403 -1.1464671420317524e-08
   11.500000   0.17842421 -1.1205733432232298e-08
   11.500000   0.24312010 -1.0840578653447874e-08
   11.500000   0.30784849 -1.0378397589250238e-08
   11.500000   0.37259260 -9.8305508974958261e-09
   11.500000   0.43734549 -9.2100983690545390e-09
   11.500000   0.50210377 -8.5312904400881027e-09
   11.500000   0.56686560 -7.8090516922104159e-09
   11.500000   0.63162987 -7.0584860082630815e-09
   11.500000   0.69639591 -6.2944287589148871e-09
   11.500000   0.76116325 -5.5310652505670821e-09
   11.500000   0.82593158 -4.7816276002407110e-09
   11.500000   0.89070068 -4.0581751801928602e-09
   11.500000   0.95547037 -3.3714573157168070e-09
   11.500000   1.02024053 -2.7308516266953766e-09
   11.500000   1.08501108 -2.1443674142415911e-09
   11.500000   1.14978193 -1.6187009848987816e-09
   11.500000   1.21455301 -1.1593286052295962e-09
   11.500000   1.27932429 -7.7062272427562265e-10
   11.500000   1.34409571 -4.5597795935881454e-10
   11.500000   1.40886724 -2.1793477393473852e-10
   11.500000   1.47363885 -5.8290641193785542e-11
   11.500000   1.53841049  2.1809502564358688e-11
   11.500000   1.60318216  2.1809601093432214e-11
   11.500000   1.66795381 -5.8290345325158778e-11
   11.500000   1.73272541 -2.1793428159394181e-10
   11.500000   1.79749694 -4.5597727037939337e-10
   11.500000   1.86226837 -7.7062184016963220e-10
   11.500000   1.92703964 -1.1593275264602631e-09
   11.500000   1.99181073 -1.6186997130041227e-09
   11.500000   2.05658157 -2.1443659502668212e-09
   11.500000   2.12135212 -2.7308499750715519e-09
   11.500000   2.18612229 -3.3714554793599533e-09
   11.500000   2.25089198 -4.0581731637894421e-09
   11.500000   2.31566107 -4.7816254083548087e-09
   11.500000   2.38042940 -5.5310628892569010e-09
   11.500000   2.44519674 -6.2944262366417993e-09
   11.500000   2.50996278 -7.0584833337175986e-09
   11.500000   2.57472706 -7.8090488760758519e-09
   11.500000   2.63948889 -8.5312874926732356e-09
   11.500000   2.70424717 -9.2100953038322699e-09
   11.500000   2.76900006 -9.8305477272224100e-09
   11.500000   2.83374417 -1.0378394329992304e-08
   11.500000   2.89847256 -1.0840575321013651e-08
   11.500000   2.96316844 -1.1205730042222206e-08
   11.500000   3.02777863 -1.1464667989276891e-08
   11.500000   3.09200950 -1.1610808863899213e-08
   11.750000   0.04958315 -7.3607725336900216e-09
   11.750000   0.11381403 -7.2499218535503414e-09
   11.750000   0.17842421 -7.0534986950247076e-09
   11.750000   0.24312010 -6.7764724664002005e-09
   11.750000   0.30784849 -6.4257861506000480e-09
   11.750000   0.37259260 -6.0100257508117682e-09
   11.750000   0.43734549 -5.5390665647548926e-09
   11.750000   0.50210377 -5.0236909678183935e-09
   11.750000   0.56686560 -4.4751996821309726e-09
   11.750000   0.63162987 -3.9050387470962098e-09
   11.750000   0.69639591 -3.3244612763295558e-09
   11.750000   0.76116325 -2.7442385073184473e-09
   11.750000   0.82593158 -2.1744294360138041e-09
   11.750000   0.89070068 -1.6242130616380005e-09
   11.750000   0.95547037 -1.1017824268632417e-09
   11.750000   1.02024053 -6.1429565737158453e-10
   11.750000   1.08501108 -1.6787616244801830e-10
   11.750000   1.14978193  2.3234775992593878e-10
   11.750000   1.21455301  5.8217463211931595e-10
   11.750000   1.27932429  8.7824359358447658e-10
   11.750000   1.34409571  1.1179405090480956e-09
   11.750000   1.40886724  1.2993054888202720e-09
   11.750000   1.47363885  1.4209496013301294e-09
   11.750000   1.53841049  1.4819869908873626e-09
   11.750000   1.60318216  1.4819870660843188e-09
   11.750000   1.66795381  1.4209498262026622e-09
   11.750000   1.73272541  1.2993058636072644e-09
   11.750000   1.79749694  1.1179410331809280e-09
   11.750000   1.86226837  8.7824426746794613e-10
   11.750000   1.92703964  5.8217545427714958e-10
   11.750000   1.99181073  2.3234872969414072e-10
   11.750000   2.05658157 -1.6787504768313278e-10
   11.750000   2.12135212 -6.1429439976361775e-10
   11.750000   2.18612229 -1.1017810279548476e-09
   11.750000   2.25089198 -1.6242115248778165e-09
   11.750000   2.31566107 -2.1744277663083716e-09
   11.750000   2.38042940 -2.7442367088400567e-09
   11.750000   2.44519674 -3.3244593548465394e-09
   11.750000   2.50996278 -3.9050367095628260e-09
   11.750000   2.57472706 -4.4751975347921029e-09
   11.750000   2.63948889 -5.0236887211206053e-09
   11.750000   2.70424717 -5.5390642279983322e-09
   11.750000   2.76900006 -6.0100233345422870e-09
   11.750000   2.83374417 -6.4257836660779936e-09
   11.750000   2.89847256 -6.7764699254488012e-09
   11.750000   2.96316844 -7.0534961105395802e-09
   11.750000   3.02777863 -7.2499192385325051e-09
   11.750000   3.09200950 -7.3607699013901341e-09
   12.000000   0.04958315 -4.3583393303072134e-09
   12.000000   0.11381403 -4.2742209810702579e-09
   12.000000   0.17842421 -4.1251567671524917e-09
   12.000000   0.24312010 -3.9149021827340474e-09
   12.000000   0.30784849 -3.6487058634205073e-09
   12.000000   0.37259260 -3.3330610259214056e-09
   12.000000   0.43734549 -2.9754395645712353e-09
   12.000000   0.50210377 -2.5840044651280348e-09
   12.000000   0.56686560 -2.1673169898076689e-09
   12.000000   0.63162987 -1.7340552620099303e-09
   12.000000   0.69639591 -1.2927586233780961e-09
   12.000000   0.76116325 -8.5160872122560632e-10
   12.000000   0.82593158 -4.1825441100415025e-10
   12.000000   0.89070068  3.1639945125371690e-13
   12.000000   0.95547037  3.9785841947500031e-10
   12.000000   1.02024053  7.6890768758857726e-10
   12.000000   1.08501108  1.1087831024671499e-09
   12.000000   1.14978193  1.4135580503987106e-09
   12.000000   1.21455301  1.6800101723669813e-09
   12.000000   1.27932429  1.9055573707254406e-09
   12.000000   1.34409571  2.0881877531400058e-09
   12.000000   1.40886724  2.2263904412974556e-09
   12.000000   1.47363885  2.3190931108986094e-09
   12.000000   1.53841049  2.3656110210808679e-09
   12.000000   1.60318216  2.3656110783116928e-09
   12.000000   1.66795381  2.3190932823955720e-09
   12.000000   1.73272541  2.2263907272553932e-09
   12.000000   1.79749694  2.0881881532238002e-09
   12.000000   1.86226837  1.9055578827789263e-09
   12.000000   1.92703964  1.6800107987798365e-09
   12.000000   1.99181073  1.4135587883450426e-09
   12.000000   2.05658157  1.1087839518593998e-09
   12.000000   2.12135212  7.6890864632591856e-10
   12.000000   2.18612229  3.9785948465549798e-10
   12.000000   2.25089198  3.1756927025817428e-13
   12.000000   2.31566107 -4.1825313818798446e-10
   12.000000   2.38042940 -8.5160735060618277e-10
   12.000000   2.44519674 -1.2927571584724805e-09
   12.000000   2.50996278 -1.7340537086077498e-09
   12.000000   2.57472706 -2.1673153535169876e-09
   12.000000   2.63948889 -2.5840027529525515e-09
   12.000000   2.70424717 -2.9754377830236101e-09
   12.000000   2.76900006 -3.3330591842929112e-09
   12.000000   2.83374417 -3.6487039697885360e-09
   12.000000   2.89847256 -3.9149002462580536e-09
   12.000000   2.96316844 -4.1251547966633902e-09
   12.000000   3.02777863 -4.2742189868292442e-09
   12.000000   3.09200950 -4.3583373244086118e-09
   12.250000   0.04958315 -2.2663235394618840e-09
   12.250000   0.11381403 -2.2024633949603063e-09
   12.250000   0.17842421 -2.0892913660066669e-09
   12.250000   0.24312010 -1.9296474602039456e-09
   12.250000   0.30784849 -1.7275020254090972e-09
   12.250000   0.37259260 -1.4877686672738453e-09
   12.250000   0.43734549 -1.2161041628024407e-09
   12.250000   0.50210377 -9.1869189606402623e-10
   12.250000   0.56686560 -6.0202109917772022e-10
   12.250000   0.63162987 -2.7267440813323570e-10
   12.250000   0.69639591  6.2865474414850138e-11
   12.250000   0.76116325  3.9838169500333837e-10
   12.250000   0.82593158  7.2805638198528410e-10
   12.250000   0.89070068  1.0465685171476859e-09
   12.250000   0.95547037  1.3491568434024066e-09
   12.250000   1.02024053  1.6316503546091386e-09
   12.250000   1.08501108  1.8904706569941986e-09
   12.250000   1.14978193  2.1226116445927035e-09
   12.250000   1.21455301  2.3256025025740408e-09
   12.250000   1.27932429  2.4974601508636996e-09
   12.250000   1.34409571  2.6366369372580349e-09
   12.250000   1.40886724  2.7419688146558300e-09
   12.250000   1.47363885  2.8126284748418364e-09
   12.250000   1.53841049  2.8480870530744448e-09
   12.250000   1.60318216  2.8480870966343801e-09
   12.250000   1.66795381  2.8126286055529714e-09
   12.250000   1.73272541  2.7419690320912609e-09
   12.250000   1.79749694  2.6366372418530027e-09
   12.250000   1.86226837  2.4974605415045043e-09
   12.250000   1.92703964  2.3256029795281203e-09
   12.250000   1.99181073  2.1226122064799338e-09
   12.250000   2.05658157  1.8904713043487383e-09
   12.250000   2.12135212  1.6316510847307782e-09
   12.250000   2.18612229  1.3491576557310990e-09
   12.250000   2.25089198  1.0465694091115641e-09
   12.250000   2.31566107  7.2805735212071257e-10
   12.250000   2.38042940  3.9838273958509916e-10
   12.250000   2.44519674  6.2866590274383610e-11
   12.250000   2.50996278 -2.7267322348370731e-10
   12.250000   2.57472706 -6.0201985172524213e-10
   12.250000   2.63948889 -9.1869059002871072e-10
   12.250000   2.70424717 -1.2161028039898995e-09
   12.250000   2.76900006 -1.4877672626929122e-09
   12.250000   2.83374417 -1.7275005809931099e-09
   12.250000   2.89847256 -1.9296459830622976e-09
   12.250000   2.96316844 -2.0892898638151978e-09
   12.250000   3.02777863 -2.2024618753769003e-09
   12.250000   3.09200950 -2.2663220083373187e-09
   12.500000   0.04958315 -8.3526949089554632e-10
   12.500000   0.11381403 -7.8676785427460698e-10
   12.500000   0.17842421 -7.0080900198921198e-10
   12.500000   0.24312010 -5.7954201058543119e-10
   12.500000   0.30784849 -4.2597214603076271e-10
   12.500000   0.37259260 -2.4381992444338512e-10
   12.500000   0.43734549 -3.7370424033943785e-11
   12.500000   0.50210377  1.8868994332202849e-10
   12.500000   0.56686560  4.2943998945333497e-10
   12.500000   0.63162987  6.7988424654970429e-10
   12.500000   0.69639591  9.3509925652588115e-10
   12.500000   0.76116325  1.1903593963245164e-09
   12.500000   0.82593158  1.4412381046694078e-09
   12.500000   0.89070068  1.6836826415644972e-09
   12.500000   0.95547037  1.9140625002491864e-09
   12.500000   1.02024053  2.1291933509784083e-09
   12.500000   1.08501108  2.3263396975952676e-09
   12.500000   1.14978193  2.5032003092816719e-09
   12.500000   1.21455301  2.6578809506240865e-09
   12.500000   1.27932429  2.7888590027434160e-09
   12.500000   1.34409571  2.8949443735310084e-09
   12.500000   1.40886724  2.9752406585668664e-09
   12.500000   1.47363885  3.0291099482650582e-09
   12.500000   1.53841049  3.0561440339485046e-09
   12.500000   1.60318216  3.0561440666828869e-09
   12.500000   1.66795381  3.0291100478136708e-09
   12.500000   1.73272541  2.9752408241469402e-09
   12.500000   1.79749694  2.8949446062782849e-09
   12.500000   1.86226837  2.7888593010948650e-09
   12.500000   1.92703964  2.6578813142851175e-09
   12.500000   1.99181073  2.5032007378481275e-09
   12.500000   2.05658157  2.3263401908840545e-09
   12.500000   2.12135212  2.1291939080239028e-09
   12.500000   2.18612229  1.9140631203836585e-09
   12.500000   2.25089198  1.6836833223530619e-09
   12.500000   2.31566107  1.4412388451143658e-09
   12.500000   2.38042940  1.1903601940877252e-09
   12.500000   2.44519674  9.3510010852516910e-10
   12.500000   2.50996278  6.7988514933893651e-10
   12.500000   2.57472706  4.2944094078094599e-10
   12.500000   2.63948889  1.8869093906492546e-10
   12.500000   2.70424717 -3.7369388238030803e-11
   12.500000   2.76900006 -2.4381885290177418e-10
   12.500000   2.83374417 -4.2597104429617340e-10
   12.500000   2.89847256 -5.7954088370373970e-10
   12.500000   2.96316844 -7.0080785554030863e-10
   12.500000   3.02777863 -7.8676669439812149e-10
   12.500000   3.09200950 -8.3526832396064356e-10
   12.750000   0.04958315  1.1893810915911258e-10
   12.750000   0.11381403  1.5579089283409373e-10
   12.750000   0.17842421  2.2110817841557460e-10
   12.750000   0.24312010  3.1326271305789817e-10
   12.750000   0.30784849  4.2997835061746617e-10
   12.750000   0.37259260  5.6843630751926865e-10
   12.750000   0.43734549  7.2538875437245193e-10
   12.750000   0.50210377  8.9728193955694582e-10
   12.750000   0.56686560  1.0803819474592512e-09
   12.750000   0.63162987  1.2708960269499546e-09
   12.750000   0.69639591  1.4650833565240433e-09
   12.750000   0.76116325  1.6593504944510524e-09
   12.750000   0.82593158  1.8503283817122090e-09
   12.750000   0.89070068  2.0349294364921381e-09
   12.750000   0.95547037  2.2103847989935266e-09
   12.750000   1.02024053  2.3742630792442072e-09
   12.750000   1.08501108  2.5244730015935814e-09
   12.750000   1.14978193  2.6592529652353645e-09
   12.750000   1.21455301  2.7771509148599981e-09
   12.750000   1.27932429  2.8769980053787569e-09
   12.750000   1.34409571  2.9578793589599000e-09
   12.750000   1.40886724  3.0191049410243306e-09
   12.750000   1.47363885  3.0601831101767996e-09
   12.750000   1.53841049  3.0807989548472652e-09
   12.750000   1.60318216  3.0807989798276242e-09
   12.750000   1.66795381  3.0601831861171456e-09
   12.750000   1.73272541  3.0191050680754941e-09
   12.750000   1.79749694  2.9578795367997575e-09
   12.750000   1.86226837  2.8769982327475946e-09
   12.750000   1.92703964  2.7771511929696055e-09
   12.750000   1.99181073  2.6592532926346044e-09
   12.750000   2.05658157  2.5244733782935159e-09
   12.750000   2.12135212  2.3742635041222805e-09
   12.750000   2.18612229  2.2103852714700038e-09
   12.750000   2.25089198  2.0349299568036868e-09
   12.750000   2.31566107  1.8503289461878919e-09
   12.750000   2.38042940  1.6593511030341595e-09
   12.750000   2.44519674  1.4650840076128227e-09
   12.750000   2.50996278  1.2708967162003075e-09
   12.750000   2.57472706  1.0803826734869954e-09
   12.750000   2.63948889  8.9728270041625213e-10
   12.750000   2.70424717  7.2538954590935879e-10
   12.750000   2.76900006  5.6843712562094770e-10
   12.750000   2.83374417  4.2997919196125077e-10
   12.750000   2.89847256  3.1326357450865458e-10
   12.750000   2.96316844  2.2110905348253963e-10
   12.750000   3.02777863  1.5579177872024003e-10
   12.750000   3.09200950  1.1893900059041686e-10
   13.000000   0.04958315  7.3181267930744461e-10
   13.000000   0.11381403  7.5982641806418512e-10
   13.000000   0.17842421  8.0948007416974383e-10
   13.000000   0.24312010  8.7954077430613555e-10
   13.000000   0.30784849  9.6828357802383524e-10
   13.000000   0.37259260  1.0735716634339439e-09
   13.000000   0.43734549  1.1929420183283136e-09
   13.000000   0.50210377  1.3236983839415807e-09
   13.000000   0.56686560  1.4630062765881607e-09
   13.000000   0.63162987  1.6079847679661215e-09
   13.000000   0.69639591  1.7557904004016461e-09
   13.000000   0.76116325  1.9036896206315218e-09
   13.000000   0.82593158  2.0491173842092214e-09
   13.000000   0.89070068  2.1897207540956144e-09
   13.000000   0.95547037  2.3233875396904045e-09
   13.000000   1.02024053  2.4482609555850874e-09
   13.000000   1.08501108  2.5627420760454831e-09
   13.000000   1.14978193  2.6654823521818002e-09
   13.000000   1.21455301  2.7553687512095785e-09
   13.000000   1.27932429  2.8315041224625450e-09
   13.000000   1.34409571  2.8931853155189300e-09
   13.000000   1.40886724  2.9398813126911558e-09
   13.000000   1.47363885  2.9712133470868009e-09
   13.000000   1.53841049  2.9869385888769697e-09
   13.000000   1.60318216  2.9869386080250461e-09
   13.000000   1.66795381  2.9712134049384928e-09
   13.000000   1.73272541  2.9398814099436763e-09
   13.000000   1.79749694  2.8931854506621612e-09
   13.000000   1.86226837  2.8315042959144939e-09
   13.000000   1.92703964  2.7553689631509292e-09
   13.000000   1.99181073  2.6654826029717470e-09
   13.000000   2.05658157  2.5627423639873153e-09
   13.000000   2.12135212  2.4482612809770044e-09
   13.000000   2.18612229  2.3233879012887539e-09
   13.000000   2.25089198  2.1897211513237013e-09
   13.000000   2.31566107  2.0491178157698470e-09
   13.000000   2.38042940  1.9036900855299274e-09
   13.000000   2.44519674  1.7557908972337501e-09
   13.000000   2.50996278  1.6079852951485645e-09
   13.000000   2.57472706  1.4630068304947316e-09
   13.000000   2.63948889  1.3236989645118029e-09
   13.000000   2.70424717  1.1929426227776844e-09
   13.000000   2.76900006  1.0735722880628461e-09
   13.000000   2.83374417  9.6828422064349489e-10
   13.000000   2.89847256  8.7954143129008040e-10
   13.000000   2.96316844  8.0948074287580369e-10
   13.000000   3.02777863  7.5982709434585227e-10
   13.000000   3.09200950  7.3181336066118806e-10
   13.250000   0.04958315  1.1027670339246152e-09
   13.250000   0.11381403  1.1240708543867176e-09
   13.250000   0.17842421  1.1618331938719984e-09
   13.250000   0.24312010  1.2151194257639233e-09
   13.250000   0.30784849  1.2826215864375884e-09
   13.250000   0.37259260  1.3627189216245552e-09
   13.250000   0.43734549  1.4535425865935351e-09
   13.250000   0.50210377  1.5530458560361450e-09
   13.250000   0.56686560  1.6590759752139453e-09
   13.250000   0.63162987  1.7694436294355016e-09
   13.250000   0.69639591  1.8819865466408615e-09
   13.250000   0.76116325  1.9946245054408806e-09
   13.250000   0.82593158  2.1054039345637280e-09
   13.250000   0.89070068  2.2125312196049432e-09
   13.250000   0.95547037  2.3143947124877267e-09
   13.250000   1.02024053  2.4095761740838680e-09
   13.250000   1.08501108  2.4968529609753440e-09
   13.250000   1.14978193  2.5751926652206788e-09
   13.250000   1.21455301  2.6437421322667325e-09
   13.250000   1.27932429  2.7018128123400155e-09
   13.250000   1.34409571  2.7488643671626863e-09
   13.250000   1.40886724  2.7844882513881406e-09
   13.250000   1.47363885  2.8083927449587520e-09
   13.250000   1.53841049  2.8203906683867768e-09
   13.250000   1.60318216  2.8203906830660836e-09
   13.250000   1.66795381  2.8083927890684568e-09
   13.250000   1.73272541  2.7844883251994246e-09
   13.250000   1.79749694  2.7488644708319020e-09
   13.250000   1.86226837  2.7018129453180848e-09
   13.250000   1.92703964  2.6437422945603686e-09
   13.250000   1.99181073  2.5751928567913288e-09
   13.250000   2.05658157  2.4968531807614340e-09
   13.250000   2.12135212  2.4095764224765850e-09
   13.250000   2.18612229  2.3143949888488802e-09
   13.250000   2.25089198  2.2125315232805712e-09
   13.250000   2.31566107  2.1054042647596838e-09
   13.250000   2.38042940  1.9946248612051083e-09
   13.250000   2.44519674  1.8819869268484475e-09
   13.250000   2.50996278  1.7694440317852539e-09
   13.250000   2.57472706  1.6590763995163317e-09
   13.250000   2.63948889  1.5530462999732221e-09
   13.250000   2.70424717  1.4535430482011653e-09
   13.250000   2.76900006  1.3627193996541467e-09
   13.250000   2.83374417  1.2826220775172412e-09
   13.250000   2.89847256  1.2151199287773261e-09
   13.250000   2.96316844  1.1618337050859686e-09
   13.250000   3.02777863  1.1240713723801472e-09
   13.250000   3.09200950  1.1027675541802384e-09
   13.500000   0.04958315  1.3044420146055102e-09
   13.500000   0.11381403  1.3206499576482689e-09
   13.500000   0.17842421  1.3493808722936324e-09
   13.500000   0.24312010  1.3899258296959570e-09
   13.500000   0.30784849  1.4412924913727900e-09
   13.500000   0.37259260  1.5022508694702549e-09
   13.500000   0.43734549  1.5713822063485772e-09
   13.500000   0.50210377  1.6471320567409290e-09
   13.500000   0.56686560  1.7278646449163892e-09
   13.500000   0.63162987  1.8119154891413793e-09
   13.500000   0.69639591  1.8976396290459848e-09
   13.500000   0.76116325  1.9834534202201009e-09
   13.500000   0.82593158  2.0678684837598263e-09
   13.500000   0.89070068  2.1495171592439590e-09
   13.500000   0.95547037  2.2271694126044637e-09
   13.500000   1.02024053  2.2997417503143773e-09
   13.500000   1.08501108  2.3662991240196393e-09
   13.500000   1.14978193  2.4260510846648240e-09
   13.500000   1.21455301  2.4783436613310371e-09
   13.500000   1.27932429  2.5226484279976145e-09
   13.500000   1.34409571  2.5585502082461268e-09
   13.500000   1.40886724  2.5857347384267090e-09
   13.500000   1.47363885  2.6039773958934610e-09
   13.500000   1.53841049  2.6131339410426937e-09
   13.500000   1.60318216  2.6131339522891157e-09
   13.500000   1.66795381  2.6039774302855794e-09
   13.500000   1.73272541  2.5857347951201115e-09
   13.500000   1.79749694  2.5585502877431248e-09
   13.500000   1.86226837  2.5226485294501541e-09
   13.500000   1.92703964  2.4783437859457203e-09
   13.500000   1.99181073  2.4260512310622387e-09
   13.500000   2.05658157  2.3662992920130052e-09
   13.500000   2.12135212  2.2997419404071587e-09
   13.500000   2.18612229  2.2271696235435568e-09
   13.500000   2.25089198  2.1495173913862447e-09
   13.500000   2.31566107  2.0678687361974594e-09
   13.500000   2.38042940  1.9834536919273874e-09
   13.500000   2.44519674  1.8976399205713524e-09
   13.500000   2.50996278  1.8119157973287073e-09
   13.500000   2.57472706  1.7278649692839113e-09
   13.500000   2.63948889  1.6471323962439141e-09
   13.500000   2.70424717  1.5713825598740006e-09
   13.500000   2.76900006  1.5022512348064657e-09
   13.500000   2.83374417  1.4412928672194318e-09
   13.500000   2.89847256  1.3899262144373128e-09
   13.500000   2.96316844  1.3493812629107915e-09
   13.500000   3.02777863  1.3206503534684532e-09
   13.500000   3.09200950  1.3044424138136652e-09
   13.750000   0.04958315  1.3896613441031981e-09
   13.750000   0.11381403  1.4019975035828776e-09
   13.750000   0.17842421  1.4238660918601558e-09
   13.750000   0.24312010  1.4547290785454813e-09
   13.750000   0.30784849  1.4938331779426201e-09
   13.750000   0.37259260  1.5402444625167349e-09
   13.750000   0.43734549  1.5928853119982980e-09
   13.750000   0.50210377  1.6505745748909352e-09
   13.750000   0.56686560  1.7120687231427112e-09
   13.750000   0.63162987  1.7761017278984045e-09
   13.750000   0.69639591  1.8414216611415024e-09
   13.750000   0.76116325  1.9068224526024026e-09
   13.750000   0.82593158  1.9711697526262185e-09
   13.750000   0.89070068  2.0334203776727160e-09
   13.750000   0.95547037  2.0926353001006411e-09
   13.750000   1.02024053  2.1479865861193339e-09
   13.750000   1.08501108  2.1987590118127571e-09
   13.750000   1.14978193  2.2443473177617395e-09
   13.750000   1.21455301  2.2842501878082217e-09
   13.750000   1.27932429  2.3180620867054370e-09
   13.750000   1.34409571  2.3454640332766190e-09
   13.750000   1.40886724  2.3662143203396334e-09
   13.750000   1.47363885  2.3801400242109814e-09
   13.750000   1.53841049  2.3871300204696739e-09
   13.750000   1.60318216  2.3871300293262111e-09
   13.750000   1.66795381  2.3801400502099261e-09
   13.750000   1.73272541  2.3662143639020523e-09
   13.750000   1.79749694  2.3454640939664060e-09
   13.750000   1.86226837  2.3180621642050726e-09
   13.750000   1.92703964  2.2842502833679832e-09
   13.750000   1.99181073  2.2443474306812618e-09
   13.750000   2.05658157  2.1987591410583382e-09
   13.750000   2.12135212  2.1479867321470931e-09
   13.750000   2.18612229  2.0926354627986030e-09
   13.750000   2.25089198  2.0334205560521703e-09
   13.750000   2.31566107  1.9711699458823031e-09
   13.750000   2.38042940  1.9068226608390317e-09
   13.750000   2.44519674  1.8414218839294730e-09
   13.750000   2.50996278  1.7761019642768765e-09
   13.750000   2.57472706  1.7120689723694486e-09
   13.750000   2.63948889  1.6505748349852646e-09
   13.750000   2.70424717  1.5928855826633673e-09
   13.750000   2.76900006  1.5402447426419539e-09
   13.750000   2.83374417  1.4938334660550716e-09
   13.750000   2.89847256  1.4547293736092133e-09
   13.750000   2.96316844  1.4238663916191730e-09
   13.750000   3.02777863  1.4019978069937879e-09
   13.750000   3.09200950  1.3896616494460405e-09
   14.000000   0.04958315  1.3966116097796136e-09
   14.000000   0.11381403  1.4060047547845090e-09
   14.000000   0.17842421  1.4226568990177724e-09
   14.000000   0.24312010  1.4461594911304537e-09
   14.000000   0.30784849  1.4759404142990365e-09
   14.000000   0.37259260  1.5112901705830624e-09
   14.000000   0.43734549  1.5513898450548172e-09
   14.000000   0.50210377  1.5953415037514066e-09
   14.000000   0.56686560  1.6421993726435423e-09
   14.000000   0.63162987  1.6910000711629683e-09
   14.000000   0.69639591  1.7407904064641436e-09
   14.000000   0.76116325  1.7906515140413039e-09
   14.000000   0.82593158  1.8397185651177124e-09
   14.000000   0.89070068  1.8871956251406684e-09
   14.000000   0.95547037  1.9323656316850755e-09
   14.000000   1.02024053  1.9745957891967777e-09
   14.000000   1.08501108  2.0133389246371652e-09
   14.000000   1.14978193  2.0481315194937772e-09
   14.000000   1.21455301  2.0785892531997746e-09
   14.000000   1.27932429  2.1044008957987891e-09
   14.000000   1.34409571  2.1253213847056190e-09
   14.000000   1.40886724  2.1411648365714267e-09
   14.000000   1.47363885  2.1517981457601875e-09
   14.000000   1.53841049  2.1571357184795815e-09
   14.000000   1.60318216  2.1571357247402084e-09
   14.000000   1.66795381  2.1517981659754866e-09
   14.000000   1.73272541  2.1411648687375107e-09
   14.000000   1.79749694  2.1253214318122500e-09
   14.000000   1.86226837  2.1044009558475881e-09
   14.000000   1.92703964  2.0785893263544943e-09
   14.000000   1.99181073  2.0481316063597183e-09
   14.000000   2.05658157  2.0133390236878621e-09
   14.000000   2.12135212  1.9745959016140586e-09
   14.000000   2.18612229  1.9323657558480382e-09
   14.000000   2.25089198  1.8871957617461915e-09
   14.000000   2.31566107  1.8397187137290081e-09
   14.000000   2.38042940  1.7906516741749958e-09
   14.000000   2.44519674  1.7407905772943409e-09
   14.000000   2.50996278  1.6910002520709134e-09
   14.000000   2.57472706  1.6421995628203698e-09
   14.000000   2.63948889  1.5953417036190710e-09
   14.000000   2.70424717  1.5513900534231653e-09
   14.000000   2.76900006  1.5112903854579750e-09
   14.000000   2.83374417  1.4759406352797368e-09
   14.000000   2.89847256  1.4461597179653372e-09
   14.000000   2.96316844  1.4226571294982804e-09
   14.000000   3.02777863  1.4060049865738421e-09
   14.000000   3.09200950  1.3966118434227685e-09
   14.250000   0.04958315  1.3526960998842742e-09
   14.250000   0.11381403  1.3598512380568177e-09
   14.250000   0.17842421  1.3725363592422608e-09
   14.250000   0.24312010  1.3904410733481827e-09
   14.250000   0.30784849  1.4131306359189219e-09
   14.250000   0.37259260  1.4400657783430435e-09
   14.250000   0.43734549  1.4706238809688747e-09
   14.250000   0.50210377  1.5041219962001107e-09
   14.250000   0.56686560  1.5398404843706025e-09
   14.250000   0.63162987  1.5770459548538270e-09
   14.250000   0.69639591  1.6150123695444082e-09
   14.250000   0.76116325  1.6530394168940818e-09
   14.250000   0.82593158  1.6904675229583759e-09
   14.250000   0.89070068  1.7266892116514305e-09
   14.250000   0.95547037  1.7611567720323772e-09
   14.250000   1.02024053  1.7933864415062614e-09
   14.250000   1.08501108  1.8229595316875689e-09
   14.250000   1.14978193  1.8495210229840595e-09
   14.250000   1.21455301  1.8727762594599905e-09
   14.250000   1.27932429  1.8924863771993864e-09
   14.250000   1.34409571  1.9084631064738468e-09
   14.250000   1.40886724  1.9205635036590708e-09
   14.250000   1.47363885  1.9286851270963069e-09
   14.250000   1.53841049  1.9327620557980721e-09
   14.250000   1.60318216  1.9327620603648271e-09
   14.250000   1.66795381  1.9286851421612990e-09
   14.250000   1.73272541  1.9205635292960396e-09
   14.250000   1.79749694  1.9084631433349765e-09
   14.250000   1.86226837  1.8924864237931353e-09
   14.250000   1.92703964  1.8727763152099703e-09
   14.250000   1.99181073  1.8495210893047993e-09
   14.250000   2.05658157  1.8229596071089550e-09
   14.250000   2.12135212  1.7933865269377606e-09
   14.250000   2.18612229  1.7611568680890673e-09
   14.250000   2.25089198  1.7266893165255246e-09
   14.250000   2.31566107  1.6904676371376816e-09
   14.250000   2.38042940  1.6530395395829501e-09
   14.250000   2.44519674  1.6150125004106153e-09
   14.250000   2.50996278  1.5770460933627115e-09
   14.250000   2.57472706  1.5398406310876760e-09
   14.250000   2.63948889  1.5041221499943783e-09
   14.250000   2.70424717  1.4706240411633648e-09
   14.250000   2.76900006  1.4400659436193586e-09
   14.250000   2.83374417  1.4131308046318201e-09
   14.250000   2.89847256  1.3904412472094882e-09
   14.250000   2.96316844  1.3725365353485353e-09
   14.250000   3.02777863  1.3598514160504590e-09
   14.250000   3.09200950  1.3526962792506534e-09
   14.500000   0.04958315  1.2773984265614230e-09
   14.500000   0.11381403  1.2828509481876444e-09
   14.500000   0.17842421  1.2925179274101406e-09
   14.500000   0.24312010  1.3061634304515053e-09
   14.500000   0.30784849  1.3234569346840493e-09
   14.500000   0.37259260  1.3439883623160993e-09
   14.500000   0.43734549  1.3672841088907690e-09
   14.500000   0.50210377  1.3928245053194802e-09
   14.500000   0.56686560  1.4200617374584341e-09
   14.500000   0.63162987  1.4484372617784811e-09
   14.500000   0.69639591  1.4773978457700246e-09
   14.500000   0.76116325  1.5064095514266446e-09
   14.500000   0.82593158  1.5349691728828526e-09
   14.500000   0.89070068  1.5626129289868509e-09
   14.500000   0.95547037  1.5889223463514294e-09
   14.500000   1.02024053  1.6135275097482829e-09
   14.500000   1.08501108  1.6361079819931841e-09
   14.500000   1.14978193  1.6563918064724936e-09
   14.500000   1.21455301  1.6741530465453333e-09
   14.500000   1.27932429  1.6892083708396820e-09
   14.500000   1.34409571  1.7014131369382594e-09
   14.500000   1.40886724  1.7106574278613496e-09
   14.500000   1.47363885  1.7168624072132757e-09
   14.500000   1.53841049  1.7199773128787845e-09
   14.500000   1.60318216  1.7199773167738959e-09
   14.500000   1.66795381  1.7168624191170579e-09
   14.500000   1.73272541  1.7106574476909764e-09
   14.500000   1.79749694  1.7014131647039750e-09
   14.500000   1.86226837  1.6892084063514969e-09
   14.500000   1.92703964  1.6741530899748148e-09
   14.500000   1.99181073  1.6563918572744832e-09
   14.500000   2.05658157  1.6361080413844791e-09
   14.500000   2.12135212  1.6135275755576221e-09
   14.500000   2.18612229  1.5889224202054863e-09
   14.500000   2.25089198  1.5626130099283281e-09
   14.500000   2.31566107  1.5349692603963758e-09
   14.500000   2.38042940  1.5064096457808837e-09
   14.500000   2.44519674  1.4773979474884975e-09
   14.500000   2.50996278  1.4484373680743003e-09
   14.500000   2.57472706  1.4200618496503120e-09
   14.500000   2.63948889  1.3928246239422062e-09
   14.500000   2.70424717  1.3672842317488522e-09
   14.500000   2.76900006  1.3439884885591698e-09
   14.500000   2.83374417  1.3234570660466791e-09
   14.500000   2.89847256  1.3061635636309137e-09
   14.500000   2.96316844  1.2925180632869002e-09
   14.500000   3.02777863  1.2828510853216322e-09
   14.500000   3.09200950  1.2773985645568182e-09
   14.750000   0.04958315  1.1844072767011373e-09
   14.750000   0.11381403  1.1885639468955880e-09
   14.750000   0.17842421  1.1959337347716634e-09
   14.750000   0.24312010  1.2063372145096689e-09
   14.750000   0.30784849  1.2195229821650855e-09
   14.750000   0.37259260  1.2351790486356357e-09
   14.750000   0.43734549  1.2529449984332930e-09
   14.750000   0.50210377  1.2724252258224144e-09
   14.750000   0.56686560  1.2932025378429619e-09
   14.750000   0.63162987  1.3148513805303220e-09
   14.750000   0.69639591  1.3369500356285134e-09
   14.750000   0.76116325  1.3590912594716848e-09
   14.750000   0.82593158  1.3808910203156626e-09
   14.750000   0.89070068  1.4019951299390045e-09
   14.750000   0.95547037  1.4220837722858675e-09
   14.750000   1.02024053  1.4408740174988119e-09
   14.750000   1.08501108  1.4581205776008235e-09
   14.750000   1.14978193  1.4736150881546876e-09
   14.750000   1.21455301  1.4871842886105427e-09
   14.750000   1.27932429  1.4986874557111398e-09
   14.750000   1.34409571  1.5080134644658616e-09
   14.750000   1.40886724  1.5150777965965410e-09
   14.750000   1.47363885  1.5198197843872974e-09
   14.750000   1.53841049  1.5222003415055916e-09
   14.750000   1.60318216  1.5222003443651510e-09
   14.750000   1.66795381  1.5198197928471728e-09
   14.750000   1.73272541  1.5150778113887168e-09
   14.750000   1.79749694  1.5080134862862813e-09
   14.750000   1.86226837  1.4986874826619024e-09
   14.750000   1.92703964  1.4871843217427288e-09
   14.750000   1.99181073  1.4736151278135058e-09
   14.750000   2.05658157  1.4581206232318701e-09
   14.750000   2.12135212  1.4408740684458363e-09
   14.750000   2.18612229  1.4220838287490788e-09
   14.750000   2.25089198  1.4019951925347142e-09
   14.750000   2.31566107  1.3808910874803076e-09
   14.750000   2.38042940  1.3590913329094430e-09
   14.750000   2.44519674  1.3369501132744283e-09
   14.750000   2.50996278  1.3148514628412562e-09
   14.750000   2.57472706  1.2932026237370700e-09
   14.750000   2.63948889  1.2724253166608362e-09
   14.750000   2.70424717  1.2529450929049257e-09
   14.750000   2.76900006  1.2351791458110647e-09
   14.750000   2.83374417  1.2195230826041565e-09
   14.750000   2.89847256  1.2063373172706289e-09
   14.750000   2.96316844  1.1959338397794511e-09
   14.750000   3.02777863  1.1885640524832898e-09
   14.750000   3.09200950  1.1844073823451298e-09
   15.000000   0.04958315  1.0831902704580393e-09
   15.000000   0.11381403  1.0863602649134052e-09
   15.000000   0.17842421  1.0919808746743287e-09
   15.000000   0.24312010  1.0999155807494064e-09
   15.000000   0.30784849  1.1099730702100241e-09
   15.000000   0.37259260  1.1219158721988845e-09
   15.000000   0.43734549  1.1354695856048137e-09
   15.000000   0.50210377  1.1503329209661936e-09
   15.000000   0.56686560  1.1661880257760855e-09
   15.000000   0.63162987  1.1827105432091004e-09
   15.000000   0.69639591  1.1995788821584646e-09
   15.000000   0.76116325  1.2164823236847653e-09
   15.000000   0.82593158  1.2331276858892065e-09
   15.000000   0.89070068  1.2492443971230944e-09
   15.000000   0.95547037  1.2645879711437281e-09
   15.000000   1.02024053  1.2789419590685491e-09
   15.000000   1.08501108  1.2921185586659846e-09
   15.000000   1.14978193  1.3039581012650008e-09
   15.000000   1.21455301  1.3143277039755196e-09
   15.000000   1.27932429  1.3231193434446392e-09
   15.000000   1.34409571  1.3302476409701371e-09
   15.000000   1.40886724  1.3356476044235703e-09
   15.000000   1.47363885  1.3392725541606621e-09
   15.000000   1.53841049  1.3410923952230976e-09
   15.000000   1.60318216  1.3410923975974561e-09
   15.000000   1.66795381  1.3392725609736980e-09
   15.000000   1.73272541  1.3356476165595277e-09
   15.000000   1.79749694  1.3302476564833005e-09
   15.000000   1.86226837  1.3231193643983128e-09
   15.000000   1.92703964  1.3143277302720047e-09
   15.000000   1.99181073  1.3039581321931783e-09
   15.000000   2.05658157  1.2921185935852378e-09
   15.000000   2.12135212  1.2789419986506471e-09
   15.000000   2.18612229  1.2645880146546041e-09
   15.000000   2.25089198  1.2492444453980184e-09
   15.000000   2.31566107  1.2331277381432927e-09
   15.000000   2.38042940  1.2164823800715182e-09
   15.000000   2.44519674  1.1995789418317982e-09
   15.000000   2.50996278  1.1827106064009990e-09
   15.000000   2.57472706  1.1661880922867065e-09
   15.000000   2.63948889  1.1503329907611703e-09
   15.000000   2.70424717  1.1354696585080550e-09
   15.000000   2.76900006  1.1219159474647941e-09
   15.000000   2.83374417  1.1099731468978434e-09
   15.000000   2.89847256  1.0999156602051290e-09
   15.000000   2.96316844  1.0919809550393424e-09
   15.000000   3.02777863  1.0863603470319094e-09
   15.000000   3.09200950  1.0831903518028401e-09
   15.250000   0.04958315  9.8015740638839844e-10
   15.250000   0.11381403  9.8257582983862923e-10
   15.250000   0.17842421  9.8686399995223701e-10
   15.250000   0.24312010  9.9291799828375398e-10
   15.250000   0.30784849  1.0005921707226251e-09
   15.250000   0.37259260  1.0097056905966254e-09
   15.250000   0.43734549  1.0200495494068899e-09
   15.250000   0.50210377  1.0313941912851508e-09
   15.250000   0.56686560  1.0434973546977642e-09
   15.250000   0.63162987  1.0561117156379685e-09
   15.250000   0.69639591  1.0689919471148385e-09
   15.250000   0.76116325  1.0819008962727147e-09
   15.250000   0.82593158  1.0946146648482281e-09
   15.250000   0.89070068  1.1069264955152299e-09
   15.250000   0.95547037  1.1186494391832787e-09
   15.250000   1.02024053  1.1296178673134209e-09
   15.250000   1.08501108  1.1396879591123087e-09
   15.250000   1.14978193  1.1487373444418156e-09
   15.250000   1.21455301  1.1566640932228849e-09
   15.250000   1.27932429  1.1633852747968982e-09
   15.250000   1.34409571  1.1688352884793730e-09
   15.250000   1.40886724  1.1729641602553180e-09
   15.250000   1.47363885  1.1757359706131614e-09
   15.250000   1.53841049  1.1771275472349165e-09
   15.250000   1.60318216  1.1771275492012387e-09
   15.250000   1.66795381  1.1757359755053028e-09
   15.250000   1.73272541  1.1729641698977944e-09
   15.250000   1.79749694  1.1688353014888124e-09
   15.250000   1.86226837  1.1633852914133954e-09
   15.250000   1.92703964  1.1566641132109428e-09
   15.250000   1.99181073  1.1487373681856484e-09
   15.250000   2.05658157  1.1396879866070006e-09
   15.250000   2.12135212  1.1296178971780878e-09
   15.250000   2.18612229  1.1186494731880217e-09
   15.250000   2.25089198  1.1069265323023198e-09
   15.250000   2.31566107  1.0946147049957402e-09
   15.250000   2.38042940  1.0819009395401705e-09
   15.250000   2.44519674  1.0689919938607661e-09
   15.250000   2.50996278  1.0561117643881809e-09
   15.250000   2.57472706  1.0434974062697591e-09
   15.250000   2.63948889  1.0313942452108025e-09
   15.250000   2.70424717  1.0200496058344453e-09
   15.250000   2.76900006  1.0097057482691199e-09
   15.250000   2.83374417  1.0005922311107575e-09
   15.250000   2.89847256  9.9291805840515562e-10
   15.250000   2.96316844  9.8686406158264336e-10
   15.250000   3.02777863  9.8257589326761491e-10
   15.250000   3.09200950  9.8015746974143984e-10
   15.500000   0.04958315  8.7951905579527957e-10
   15.500000   0.11381403  8.8136476329268140e-10
   15.500000   0.17842421  8.8463754018712962e-10
   15.500000   0.24312010  8.8925825163350609e-10
   15.500000   0.30784849  8.9511595724727320e-10
   15.500000   0.37259260  9.0207289747864313e-10
   15.500000   0.43734549  9.0996981300200811e-10
   15.500000   0.50210377  9.1863172773401865e-10
   15.500000   0.56686560  9.2787392148520497e-10
   15.500000   0.63162987  9.3750773789237116e-10
   15.500000   0.69639591  9.4734596105917669e-10
   15.500000   0.76116325  9.5720752285897273e-10
   15.500000   0.82593158  9.6692138362231753e-10
   15.500000   0.89070068  9.7632950327027605e-10
   15.500000   0.95547037  9.8528889088252565e-10
   15.500000   1.02024053  9.9367277521991692e-10
   15.500000   1.08501108  1.0013709971238061e-09
   15.500000   1.14978193  1.0082897531242330e-09
   15.500000   1.21455301  1.0143508456616114e-09
   15.500000   1.27932429  1.0194906030852939e-09
   15.500000   1.34409571  1.0236586181637443e-09
   15.500000   1.40886724  1.0268164626661803e-09
   15.500000   1.47363885  1.0289364956617825e-09
   15.500000   1.53841049  1.0300008808242331e-09
   15.500000   1.60318216  1.0300008820815152e-09
   15.500000   1.66795381  1.0289364996488795e-09
   15.500000   1.73272541  1.0268164692207191e-09
   15.500000   1.79749694  1.0236586283084777e-09
   15.500000   1.86226837  1.0194906153948937e-09
   15.500000   1.92703964  1.0143508612046409e-09
   15.500000   1.99181073  1.0082897709650630e-09
   15.500000   2.05658157  1.0013710175573609e-09
   15.500000   2.12135212  9.9367279884867998e-10
   15.500000   2.18612229  9.8528891775527270e-10
   15.500000   2.25089198  9.7632953178358282e-10
   15.500000   2.31566107  9.6692141504905781e-10
   15.500000   2.38042940  9.5720755642560403e-10
   15.500000   2.44519674  9.4734599713191791e-10
   15.500000   2.50996278  9.3750777542637760e-10
   15.500000   2.57472706  9.2787396156361794e-10
   15.500000   2.63948889  9.1863177022813030e-10
   15.500000   2.70424717  9.0996985651298550e-10
   15.500000   2.76900006  9.0207294272675998e-10
   15.500000   2.83374417  8.9511600335808598e-10
   15.500000   2.89847256  8.8925829900410697e-10
   15.500000   2.96316844  8.8463758828450059e-10
   15.500000   3.02777863  8.8136481190640654e-10
   15.500000   3.09200950  8.7951910437104311e-10
   15.750000   0.04958315  7.8391686753105926e-10
   15.750000   0.11381403  7.8532597902982943e-10
   15.750000   0.17842421  7.8782467194208162e-10
   15.750000   0.24312010  7.9135265184747810e-10
   15.750000   0.30784849  7.9582538618682876e-10
   15.750000   0.37259260  8.0113788525360838e-10
   15.750000   0.43734549  8.0716874200423400e-10
   15.750000   0.50210377  8.1378453270730018e-10
   15.750000   0.56686560  8.2084435696597370e-10
   15.750000   0.63162987  8.2820425802769004e-10
   15.750000   0.69639591  8.3572131425865938e-10
   15.750000   0.76116325  8.4325723457535590e-10
   15.750000   0.82593158  8.5068131687397423e-10
   15.750000   0.89070068  8.5787272522686431e-10
   15.750000   0.95547037  8.6472206265356145e-10
   15.750000   1.02024053  8.7113227580955843e-10
   15.750000   1.08501108  8.7701897113981435e-10
   15.750000   1.14978193  8.8231023077743781e-10
   15.750000   1.21455301  8.8694605741996396e-10
   15.750000   1.27932429  8.9087755945405688e-10
   15.750000   1.34409571  8.9406600118843950e-10
   15.750000   1.40886724  8.9648183172426923e-10
   15.750000   1.47363885  8.9810378198403428e-10
   15.750000   1.53841049  8.9891812145784796e-10
   15.750000   1.60318216  8.9891812324521725e-10
   15.750000   1.66795381  8.9810378517594229e-10
   15.750000   1.73272541  8.9648183652213733e-10
   15.750000   1.79749694  8.9406600841406647e-10
   15.750000   1.86226837  8.9087756889325515e-10
   15.750000   1.92703964  8.8694606943933552e-10
   15.750000   1.99181073  8.8231024476548032e-10
   15.750000   2.05658157  8.7701898718968012e-10
   15.750000   2.12135212  8.7113229404507753e-10
   15.750000   2.18612229  8.6472208337843646e-10
   15.750000   2.25089198  8.5787274787893552e-10
   15.750000   2.31566107  8.5068134094170891e-10
   15.750000   2.38042940  8.4325726055374504e-10
   15.750000   2.44519674  8.3572134218496435e-10
   15.750000   2.50996278  8.2820428698665773e-10
   15.750000   2.57472706  8.2084438871048172e-10
   15.750000   2.63948889  8.1378456491477312e-10
   15.750000   2.70424717  8.0716877517915919e-10
   15.750000   2.76900006  8.0113792046705836e-10
   15.750000   2.83374417  7.9582542230725333e-10
   15.750000   2.89847256  7.9135268830453591e-10
   15.750000   2.96316844  7.8782470841487138e-10
   15.750000   3.02777863  7.8532601675447060e-10
   15.750000   3.09200950  7.8391690510516473e-10
   16.000000   0.04958315  6.9488606381798539e-10
   16.000000   0.11381403  6.9596222271852185e-10
   16.000000   0.17842421  6.9787056624463388e-10
   16.000000   0.24312010  7.0056514018292040e-10
   16.000000   0.30784849  7.0398150534363189e-10
   16.000000   0.37259260  7.0803961264247612e-10
   16.000000   0.43734549  7.1264687653037487e-10
   16.000000   0.50210377  7.1770151958073406e-10
   16.000000   0.56686560  7.2309602412112814e-10
   16.000000   0.63162987  7.2872050277259505e-10
   16.000000   0.69639591  7.3446581330955521e-10
   16.000000   0.76116325  7.4022629955972577e-10
   16.000000   0.82593158  7.4590205555124974e-10
   16.000000   0.89070068  7.5140066374678785e-10
   16.000000   0.95547037  7.5663840700541824e-10
   16.000000   1.02024053  7.6154096825856873e-10
   16.000000   1.08501108  7.6604367750307832e-10
   16.000000   1.14978193  7.7009138912074750e-10
   16.000000   1.21455301  7.7363806177268142e-10
   16.000000   1.27932429  7.7664615005459848e-10
   16.000000   1.34409571  7.7908588412871269e-10
   16.000000   1.40886724  7.8093454074905565e-10
   16.000000   1.47363885  7.8217575318911934e-10
   16.000000   1.53841049  7.8279894957438931e-10
   16.000000   1.60318216  7.8279894966263687e-10
   16.000000   1.66795381  7.8217575519658598e-10
   16.000000   1.73272541  7.8093454530247306e-10
   16.000000   1.79749694  7.7908588999638371e-10
   16.000000   1.86226837  7.7664615723196484e-10
   16.000000   1.92703964  7.7363807066092911e-10
   16.000000   1.99181073  7.7009139971555545e-10
   16.000000   2.05658157  7.6604369044082799e-10
   16.000000   2.12135212  7.6154098174475052e-10
   16.000000   2.18612229  7.5663842319670625e-10
   16.000000   2.25089198  7.5140068099915471e-10
   16.000000   2.31566107  7.4590207378714717e-10
   16.000000   2.38042940  7.4022632002231349e-10
   16.000000   2.44519674  7.3446583468845163e-10
   16.000000   2.50996278  7.2872052520760848e-10
   16.000000   2.57472706  7.2309604799640022e-10
   16.000000   2.63948889  7.1770154448283445e-10
   16.000000   2.70424717  7.1264690253575387e-10
   16.000000   2.76900006  7.0803963949696150e-10
   16.000000   2.83374417  7.0398153251166370e-10
   16.000000   2.89847256  7.0056516879454575e-10
   16.000000   2.96316844  6.9787059483197475e-10
   16.000000   3.02777863  6.9596225215573859e-10
   16.000000   3.09200950  6.9488609370853143e-10
   16.250000   0.04958315  6.1319276087572642e-10
   16.250000   0.11381403  6.1401490883864947e-10
   16.250000   0.17842421  6.1547286128798067e-10
   16.250000   0.24312010  6.1753157743921286e-10
   16.250000   0.30784849  6.2014191425620306e-10
   16.250000   0.37259260  6.2324281787023239e-10
   16.250000   0.43734549  6.2676365329200465e-10
   16.250000   0.50210377  6.3062675260758847e-10
   16.250000   0.56686560  6.3475004587022678e-10
   16.250000   0.63162987  6.3904962097518881e-10
   16.250000   0.69639591  6.4344210396724636e-10
   16.250000   0.76116325  6.4784674617374971e-10
   16.250000   0.82593158  6.5218716013231950e-10
   16.250000   0.89070068  6.5639264306974854e-10
   16.250000   0.95547037  6.6039911572240847e-10
   16.250000   1.02024053  6.6414965442142753e-10
   16.250000   1.08501108  6.6759469689729031e-10
   16.250000   1.14978193  6.7069194732978808e-10
   16.250000   1.21455301  6.7340607226910854e-10
   16.250000   1.27932429  6.7570823485342518e-10
   16.250000   1.34409571  6.7757555587392624e-10
   16.250000   1.40886724  6.7899055823657104e-10
   16.250000   1.47363885  6.7994064791008531e-10
   16.250000   1.53841049  6.8041768732640064e-10
   16.250000   1.60318216  6.8041768876682483e-10
   16.250000   1.66795381  6.7994065048187151e-10
   16.250000   1.73272541  6.7899056140996705e-10
   16.250000   1.79749694  6.7757556013587871e-10
   16.250000   1.86226837  6.7570824059023354e-10
   16.250000   1.92703964  6.7340607967524172e-10
   16.250000   1.99181073  6.7069195595919234e-10
   16.250000   2.05658157  6.6759470597238931e-10
   16.250000   2.12135212  6.6414966545521877e-10
   16.250000   2.18612229  6.6039912739447203e-10
   16.250000   2.25089198  6.5639265700156003e-10
   16.250000   2.31566107  6.5218717442716753e-10
   16.250000   2.38042940  6.4784676232323057e-10
   16.250000   2.44519674  6.4344212017404814e-10
   16.250000   2.50996278  6.3904963901364919e-10
   16.250000   2.57472706  6.3475006477262613e-10
   16.250000   2.63948889  6.3062677244319934e-10
   16.250000   2.70424717  6.2676367320409788e-10
   16.250000   2.76900006  6.2324283871857641e-10
   16.250000   2.83374417  6.2014193645212376e-10
   16.250000   2.89847256  6.1753159981010201e-10
   16.250000   2.96316844  6.1547288373035022e-10
   16.250000   3.02777863  6.1401493239290610e-10
   16.250000   3.09200950  6.1319278339284104e-10
   16.500000   0.04958315  5.3907878829218104e-10
   16.500000   0.11381403  5.3970708285496550e-10
   16.500000   0.17842421  5.4082129737681010e-10
   16.500000   0.24312010  5.4239470240323965e-10
   16.500000   0.30784849  5.4438980956678142e-10
   16.500000   0.37259260  5.4676002914994289e-10
   16.500000   0.43734549  5.4945145569059238e-10
   16.500000   0.50210377  5.5240480024155003e-10
   16.500000   0.56686560  5.5555739222905100e-10
   16.500000   0.63162987  5.5884513534048680e-10
   16.500000   0.69639591  5.6220431815466241e-10
   16.500000   0.76116325  5.6557321119789036e-10
   16.500000   0.82593158  5.6889338984569234e-10
   16.500000   0.89070068  5.7211075147483794e-10
   16.500000   0.95547037  5.7517623443353447e-10
   16.500000   1.02024053  5.7804622927397638e-10
   16.500000   1.08501108  5.8068274350258950e-10
   16.500000   1.14978193  5.8305333412343147e-10
   16.500000   1.21455301  5.8513087906814301e-10
   16.500000   1.27932429  5.8689322692996645e-10
   16.500000   1.34409571  5.8832279412678775e-10
   16.500000   1.40886724  5.8940613836267332e-10
   16.500000   1.47363885  5.9013356876729749e-10
   16.500000   1.53841049  5.9049881996143559e-10
   16.500000   1.60318216  5.9049881972604853e-10
   16.500000   1.66795381  5.9013357010508243e-10
   16.500000   1.73272541  5.8940614061942831e-10
   16.500000   1.79749694  5.8832279853145410e-10
   16.500000   1.86226837  5.8689323169516309e-10
   16.500000   1.92703964  5.8513088502125868e-10
   16.500000   1.99181073  5.8305334098239346e-10
   16.500000   2.05658157  5.8068275131572874e-10
   16.500000   2.12135212  5.7804623780207708e-10
   16.500000   2.18612229  5.7517624379084919e-10
   16.500000   2.25089198  5.7211076214679319e-10
   16.500000   2.31566107  5.6889340187501779e-10
   16.500000   2.38042940  5.6557322351545372e-10
   16.500000   2.44519674  5.6220433107445182e-10
   16.500000   2.50996278  5.5884514916978352e-10
   16.500000   2.57472706  5.5555740718183529e-10
   16.500000   2.63948889  5.5240481579521320e-10
   16.500000   2.70424717  5.4945147141132412e-10
   16.500000   2.76900006  5.4676004566089578e-10
   16.500000   2.83374417  5.4438982598954672e-10
   16.500000   2.89847256  5.4239472072426876e-10
   16.500000   2.96316844  5.4082131462212783e-10
   16.500000   3.02777863  5.3970710102924698e-10
   16.500000   3.09200950  5.3907880580803357e-10
   16.750000   0.04958315  4.7243825223125873e-10
   16.750000   0.11381403  4.7291855174878773e-10
   16.750000   0.17842421  4.7377033399891247e-10
   16.750000   0.24312010  4.7497320382824652e-10
   16.750000   0.30784849  4.7649854867762328e-10
   16.750000   0.37259260  4.7831080851331425e-10
   16.750000   0.43734549  4.8036882813494360e-10
   16.750000   0.50210377  4.8262733285296063e-10
   16.750000   0.56686560  4.8503844908020415e-10
   16.750000   0.63162987  4.8755320248010701e-10
   16.750000   0.69639591  4.9012289062250233e-10
   16.750000   0.76116325  4.9270031009352383e-10
   16.750000   0.82593158  4.9524076187776566e-10
   16.750000   0.89070068  4.9770283629618412e-10
   16.750000   0.95547037  5.0004895966108142e-10
   16.750000   1.02024053  5.0224571738277847e-10
   16.750000   1.08501108  5.0426397880463966e-10
   16.750000   1.14978193  5.0607885386847756e-10
   16.750000   1.21455301  5.0766952156463715e-10
   16.750000   1.27932429  5.0901896577070931e-10
   16.750000   1.34409571  5.1011366867009502e-10
   16.750000   1.40886724  5.1094329207558234e-10
   16.750000   1.47363885  5.1150037854863611e-10
   16.750000   1.53841049  5.1178010501859783e-10
   16.750000   1.60318216  5.1178010453304405e-10
   16.750000   1.66795381  5.1150037966889974e-10
   16.750000   1.73272541  5.1094329387490615e-10
   16.750000   1.79749694  5.1011367175851083e-10
   16.750000   1.86226837  5.0901896896101961e-10
   16.750000   1.92703964  5.0766952595449365e-10
   16.750000   1.99181073  5.0607885944765714e-10
   16.750000   2.05658157  5.0426398506530151e-10
   16.750000   2.12135212  5.0224572401998813e-10
   16.750000   2.18612229  5.0004896657943726e-10
   16.750000   2.25089198  4.9770284487775822e-10
   16.750000   2.31566107  4.9524077102723709e-10
   16.750000   2.38042940  4.9270031916956137e-10
   16.750000   2.44519674  4.9012290033497460e-10
   16.750000   2.50996278  4.8755321312871354e-10
   16.750000   2.57472706  4.8503846119025653e-10
   16.750000   2.63948889  4.8262734476218679e-10
   16.750000   2.70424717  4.8036884128775092e-10
   16.750000   2.76900006  4.7831082131917390e-10
   16.750000   2.83374417  4.7649856063793384e-10
   16.750000   2.89847256  4.7497321692338912e-10
   16.750000   2.96316844  4.7377034736686586e-10
   16.750000   3.02777863  4.7291856522689830e-10
   16.750000   3.09200950  4.7243826655479990e-10
   17.000000   0.04958315  4.1294382382885381e-10
   17.000000   0.11381403  4.1331109815900608e-10
   17.000000   0.17842421  4.1396245398278236e-10
   17.000000   0.24312010  4.1488232178224962e-10
   17.000000   0.30784849  4.1604885816134228e-10
   17.000000   0.37259260  4.1743491135402609e-10
   17.000000   0.43734549  4.1900904735581071e-10
   17.000000   0.50210377  4.2073668388054339e-10
   17.000000   0.56686560  4.2258123873593288e-10
   17.000000   0.63162987  4.2450527796047182e-10
   17.000000   0.69639591  4.2647156282583943e-10
   17.000000   0.76116325  4.2844398779271347e-10
   17.000000   0.82593158  4.3038834516311352e-10
   17.000000   0.89070068  4.3227293193208693e-10
   17.000000   0.95547037  4.3406896617908038e-10
   17.000000   1.02024053  4.3575083865132631e-10
   17.000000   1.08501108  4.3729621043927618e-10
   17.000000   1.14978193  4.3868598291032936e-10
   17.000000   1.21455301  4.3990416922217908e-10
   17.000000   1.27932429  4.4093769674721370e-10
   17.000000   1.34409571  4.4177617332014493e-10
   17.000000   1.40886724  4.4241164761722816e-10
   17.000000   1.47363885  4.4283837995229578e-10
   17.000000   1.53841049  4.4305265722394453e-10
   17.000000   1.60318216  4.4305265727457910e-10
   17.000000   1.66795381  4.4283838065438668e-10
   17.000000   1.73272541  4.4241164913304610e-10
   17.000000   1.79749694  4.4177617591915831e-10
   17.000000   1.86226837  4.4093770019944231e-10
   17.000000   1.92703964  4.3990417343046763e-10
   17.000000   1.99181073  4.3868598694090880e-10
   17.000000   2.05658157  4.3729621500990184e-10
   17.000000   2.12135212  4.3575084339221841e-10
   17.000000   2.18612229  4.3406897218725346e-10
   17.000000   2.25089198  4.3227293787963858e-10
   17.000000   2.31566107  4.3038835223628335e-10
   17.000000   2.38042940  4.2844399483795530e-10
   17.000000   2.44519674  4.2647157101288436e-10
   17.000000   2.50996278  4.2450528590490245e-10
   17.000000   2.57472706  4.2258124800837127e-10
   17.000000   2.63948889  4.2073669334017628e-10
   17.000000   2.70424717  4.1900905773529806e-10
   17.000000   2.76900006  4.1743492211830297e-10
   17.000000   2.83374417  4.1604886904734101e-10
   17.000000   2.89847256  4.1488233231437164e-10
   17.000000   2.96316844  4.1396246474163149e-10
   17.000000   3.02777863  4.1331110885446138e-10
   17.000000   3.09200950  4.1294383435172945e-10
   17.250000   0.04958315  3.6013613529011758e-10
   17.250000   0.11381403  3.6041706251747582e-10
   17.250000   0.17842421  3.6091529682329266e-10
   17.250000   0.24312010  3.6161894811611669e-10
   17.250000   0.30784849  3.6251133428293328e-10
   17.250000   0.37259260  3.6357171575520965e-10
   17.250000   0.43734549  3.6477607829365204e-10
   17.250000   0.50210377  3.6609799343019749e-10
   17.250000   0.56686560  3.6750950276304536e-10
   17.250000   0.63162987  3.6898198333203031e-10
   17.250000   0.69639591  3.7048695473166267e-10
   17.250000   0.76116325  3.7199678791376719e-10
   17.250000   0.82593158  3.7348530218428815e-10
   17.250000   0.89070068  3.7492821781959161e-10
   17.250000   0.95547037  3.7630348339478695e-10
   17.250000   1.02024053  3.7759146698450079e-10
   17.250000   1.08501108  3.7877503642850351e-10
   17.250000   1.14978193  3.7983953142126450e-10
   17.250000   1.21455301  3.8077267846120916e-10
   17.250000   1.27932429  3.8156443211849807e-10
   17.250000   1.34409571  3.8220680227815423e-10
   17.250000   1.40886724  3.8269367262274168e-10
   17.250000   1.47363885  3.8302062645289738e-10
   17.250000   1.53841049  3.8318480470922323e-10
   17.250000   1.60318216  3.8318480529511924e-10
   17.250000   1.66795381  3.8302062681803559e-10
   17.250000   1.73272541  3.8269367426631973e-10
   17.250000   1.79749694  3.8220680383739031e-10
   17.250000   1.86226837  3.8156443399732364e-10
   17.250000   1.92703964  3.8077268152137143e-10
   17.250000   1.99181073  3.7983953535461548e-10
   17.250000   2.05658157  3.7877503950756557e-10
   17.250000   2.12135212  3.7759147146178259e-10
   17.250000   2.18612229  3.7630348822865560e-10
   17.250000   2.25089198  3.7492822286979012e-10
   17.250000   2.31566107  3.7348530726877753e-10
   17.250000   2.38042940  3.7199679383083635e-10
   17.250000   2.44519674  3.7048695993477545e-10
   17.250000   2.50996278  3.6898198997731470e-10
   17.250000   2.57472706  3.6750950972626360e-10
   17.250000   2.63948889  3.6609800055407488e-10
   17.250000   2.70424717  3.6477608557693598e-10
   17.250000   2.76900006  3.6357172261984414e-10
   17.250000   2.83374417  3.6251134239465256e-10
   17.250000   2.89847256  3.6161895636503840e-10
   17.250000   2.96316844  3.6091530487252889e-10
   17.250000   3.02777863  3.6041707136541107e-10
   17.250000   3.09200950  3.6013614335263590e-10
   17.500000   0.04958315  3.1348622552974560e-10
   17.500000   0.11381403  3.1370116651441770e-10
   17.500000   0.17842421  3.1408238187892941e-10
   17.500000   0.24312010  3.1462078785512693e-10
   17.500000   0.30784849  3.1530364047419526e-10
   17.500000   0.37259260  3.1611509192226578e-10
   17.500000   0.43734549  3.1703679228560461e-10
   17.500000   0.50210377  3.1804853844305404e-10
   17.500000   0.56686560  3.1912895340838287e-10
   17.500000   0.63162987  3.2025614653879539e-10
   17.500000   0.69639591  3.2140832795448128e-10
   17.500000   0.76116325  3.2256435423298409e-10
   17.500000   0.82593158  3.2370417774248368e-10
   17.500000   0.89070068  3.2480920301294571e-10
   17.500000   0.95547037  3.2586252927989083e-10
   17.500000   1.02024053  3.2684910535448779e-10
   17.500000   1.08501108  3.2775578702028344e-10
   17.500000   1.14978193  3.2857132473829768e-10
   17.500000   1.21455301  3.2928628945259428e-10
   17.500000   1.27932429  3.2989296313261998e-10
   17.500000   1.34409571  3.3038520237898659e-10
   17.500000   1.40886724  3.3075830191013362e-10
   17.500000   1.47363885  3.3100886157459435e-10
   17.500000   1.53841049  3.3113468295304625e-10
   17.500000   1.60318216  3.3113468239487056e-10
   17.500000   1.66795381  3.3100886267740308e-10
   17.500000   1.73272541  3.3075830259838346e-10
   17.500000   1.79749694  3.3038520319964747e-10
   17.500000   1.86226837  3.2989296414358368e-10
   17.500000   1.92703964  3.2928629099645865e-10
   17.500000   1.99181073  3.2857132681869440e-10
   17.500000   2.05658157  3.2775579009031605e-10
   17.500000   2.12135212  3.2684910905667406e-10
   17.500000   2.18612229  3.2586253287196664e-10
   17.500000   2.25089198  3.2480920638734785e-10
   17.500000   2.31566107  3.2370418185719138e-10
   17.500000   2.38042940  3.2256435862789276e-10
   17.500000   2.44519674  3.2140833294132324e-10
   17.500000   2.50996278  3.2025615140286994e-10
   17.500000   2.57472706  3.1912895929572052e-10
   17.500000   2.63948889  3.1804854449713114e-10
   17.500000   2.70424717  3.1703679887037722e-10
   17.500000   2.76900006  3.1611509851162350e-10
   17.500000   2.83374417  3.1530364709134481e-10
   17.500000   2.89847256  3.1462079402261773e-10
   17.500000   2.96316844  3.1408238831842429e-10
   17.500000   3.02777863  3.1370117286381566e-10
   17.500000   3.09200950  3.1348623205344736e-10
   17.750000   0.04958315  2.7243837477190380e-10
   17.750000   0.11381403  2.7260287456465873e-10
   17.750000   0.17842421  2.7289463246047523e-10
   17.750000   0.24312010  2.7330670960652868e-10
   17.750000   0.30784849  2.7382936699283566e-10
   17.750000   0.37259260  2.7445048989448203e-10
   17.750000   0.43734549  2.7515605177479023e-10
   17.750000   0.50210377  2.7593060529270076e-10
   17.750000   0.56686560  2.7675780048693145e-10
   17.750000   0.63162987  2.7762088975408024e-10
   17.750000   0.69639591  2.7850320042001683e-10
   17.750000   0.76116325  2.7938854430920243e-10
   17.750000   0.82593158  2.8026156816096014e-10
   17.750000   0.89070068  2.8110802655522344e-10
   17.750000   0.95547037  2.8191496416569302e-10
   17.750000   1.02024053  2.8267083917719816e-10
   17.750000   1.08501108  2.8336556548632349e-10
   17.750000   1.14978193  2.8399050845597812e-10
   17.750000   1.21455301  2.8453842450386446e-10
   17.750000   1.27932429  2.8500338270658254e-10
   17.750000   1.34409571  2.8538065917629613e-10
   17.750000   1.40886724  2.8566663396893882e-10
   17.750000   1.47363885  2.8585869132594130e-10
   17.750000   1.53841049  2.8595513588338614e-10
   17.750000   1.60318216  2.8595513627632547e-10
   17.750000   1.66795381  2.8585869148702992e-10
   17.750000   1.73272541  2.8566663461400223e-10
   17.750000   1.79749694  2.8538066087931273e-10
   17.750000   1.86226837  2.8500338424364469e-10
   17.750000   1.92703964  2.8453842621470625e-10
   17.750000   1.99181073  2.8399051055348626e-10
   17.750000   2.05658157  2.8336556893454157e-10
   17.750000   2.12135212  2.8267084152706975e-10
   17.750000   2.18612229  2.8191496688511701e-10
   17.750000   2.25089198  2.8110802960404848e-10
   17.750000   2.31566107  2.8026157257357203e-10
   17.750000   2.38042940  2.7938854775335461e-10
   17.750000   2.44519674  2.7850320370150762e-10
   17.750000   2.50996278  2.7762089419577517e-10
   17.750000   2.57472706  2.7675780454747474e-10
   17.750000   2.63948889  2.7593060984132548e-10
   17.750000   2.70424717  2.7515605649864940e-10
   17.750000   2.76900006  2.7445049481838216e-10
   17.750000   2.83374417  2.7382937101853578e-10
   17.750000   2.89847256  2.7330671417593502e-10
   17.750000   2.96316844  2.7289463766888165e-10
   17.750000   3.02777863  2.7260287903761463e-10
   17.750000   3.09200950  2.7243838037218853e-10
   18.000000   0.04958315  2.3643876770723470e-10
   18.000000   0.11381403  2.3656469455369861e-10
   18.000000   0.17842421  2.3678804591121295e-10
   18.000000   0.24312010  2.3710351695652165e-10
   18.000000   0.30784849  2.3750366197001622e-10
   18.000000   0.37259260  2.3797921998104746e-10
   18.000000   0.43734549  2.3851946345812765e-10
   18.000000   0.50210377  2.3911257829620060e-10
   18.000000   0.56686560  2.3974605670351098e-10
   18.000000   0.63162987  2.4040708300538459e-10
   18.000000   0.69639591  2.4108289336398490e-10
   18.000000   0.76116325  2.4176109447794090e-10
   18.000000   0.82593158  2.4242992373327307e-10
   18.000000   0.89070068  2.4307846386231987e-10
   18.000000   0.95547037  2.4369678445932854e-10
   18.000000   1.02024053  2.4427603317498451e-10
   18.000000   1.08501108  2.4480846868520506e-10
   18.000000   1.14978193  2.4528746077993412e-10
   18.000000   1.21455301  2.4570744697200077e-10
   18.000000   1.27932429  2.4606386728300549e-10
   18.000000   1.34409571  2.4635309069457720e-10
   18.000000   1.40886724  2.4657233024272141e-10
   18.000000   1.47363885  2.4671957322270570e-10
   18.000000   1.53841049  2.4679351578334994e-10
   18.000000   1.60318216  2.4679351594087842e-10
   18.000000   1.66795381  2.4671957425242143e-10
   18.000000   1.73272541  2.4657233085370038e-10
   18.000000   1.79749694  2.4635309108305451e-10
   18.000000   1.86226837  2.4606386900090923e-10
   18.000000   1.92703964  2.4570744814832010e-10
   18.000000   1.99181073  2.4528746316572504e-10
   18.000000   2.05658157  2.4480846991821775e-10
   18.000000   2.12135212  2.4427603503760650e-10
   18.000000   2.18612229  2.4369678764775199e-10
   18.000000   2.25089198  2.4307846646672801e-10
   18.000000   2.31566107  2.4242992624341835e-10
   18.000000   2.38042940  2.4176109721173369e-10
   18.000000   2.44519674  2.4108289699911483e-10
   18.000000   2.50996278  2.4040708656273763e-10
   18.000000   2.57472706  2.3974606011757049e-10
   18.000000   2.63948889  2.3911258257906124e-10
   18.000000   2.70424717  2.3851946721679163e-10
   18.000000   2.76900006  2.3797922332177146e-10
   18.000000   2.83374417  2.3750366551506711e-10
   18.000000   2.89847256  2.3710352115327579e-10
   18.000000   2.96316844  2.3678805023892317e-10
   18.000000   3.02777863  2.3656469872041297e-10
   18.000000   3.09200950  2.3643877163424710e-10
   18.250000   0.04958315  2.0495398603445475e-10
   18.250000   0.11381403  2.0505040993311275e-10
   18.250000   0.17842421  2.0522143563291251e-10
   18.250000   0.24312010  2.0546300930769263e-10
   18.250000   0.30784849  2.0576943443861278e-10
   18.250000   0.37259260  2.0613362979225127e-10
   18.250000   0.43734549  2.0654739012289110e-10
   18.250000   0.50210377  2.0700167731604285e-10
   18.250000   0.56686560  2.0748691829439484e-10
   18.250000   0.63162987  2.0799330523052465e-10
   18.250000   0.69639591  2.0851106473887020e-10
   18.250000   0.76116325  2.0903070341533126e-10
   18.250000   0.82593158  2.0954321146819354e-10
   18.250000   0.89070068  2.1004021889259637e-10
   18.250000   0.95547037  2.1051411319407854e-10
   18.250000   1.02024053  2.1095810012994255e-10
   18.250000   1.08501108  2.1136624061052618e-10
   18.250000   1.14978193  2.1173344374021979e-10
   18.250000   1.21455301  2.1205543420164223e-10
   18.250000   1.27932429  2.1232870813953070e-10
   18.250000   1.34409571  2.1255047230650233e-10
   18.250000   1.40886724  2.1271858257734587e-10
   18.250000   1.47363885  2.1283149163553227e-10
   18.250000   1.53841049  2.1288819182892857e-10
   18.250000   1.60318216  2.1288819216627961e-10
   18.250000   1.66795381  2.1283149149043165e-10
   18.250000   1.73272541  2.1271858396162500e-10
   18.250000   1.79749694  2.1255047241568821e-10
   18.250000   1.86226837  2.1232870993191024e-10
   18.250000   1.92703964  2.1205543553817712e-10
   18.250000   1.99181073  2.1173344537839718e-10
   18.250000   2.05658157  2.1136624281998590e-10
   18.250000   2.12135212  2.1095810164182696e-10
   18.250000   2.18612229  2.1051411500511348e-10
   18.250000   2.25089198  2.1004022140951329e-10
   18.250000   2.31566107  2.0954321377938890e-10
   18.250000   2.38042940  2.0903070580278903e-10
   18.250000   2.44519674  2.0851106661677096e-10
   18.250000   2.50996278  2.0799330703077965e-10
   18.250000   2.57472706  2.0748692112760804e-10
   18.250000   2.63948889  2.0700167994537529e-10
   18.250000   2.70424717  2.0654739351801347e-10
   18.250000   2.76900006  2.0613363314976572e-10
   18.250000   2.83374417  2.0576943745952396e-10
   18.250000   2.89847256  2.0546301186477969e-10
   18.250000   2.96316844  2.0522143984711515e-10
   18.250000   3.02777863  2.0505041349330312e-10
   18.250000   3.09200950  2.0495398953293186e-10
   18.500000   0.04958315  1.7748228797033849e-10
   18.500000   0.11381403  1.7755613857480996e-10
   18.500000   0.17842421  1.7768712920710635e-10
   18.500000   0.24312010  1.7787215796928481e-10
   18.500000   0.30784849  1.7810686923930132e-10
   18.500000   0.37259260  1.7838584635844019e-10
   18.500000   0.43734549  1.7870280975981427e-10
   18.500000   0.50210377  1.7905084231120478e-10
   18.500000   0.56686560  1.7942261910874980e-10
   18.500000   0.63162987  1.7981062870824439e-10
   18.500000   0.69639591  1.8020738697427630e-10
   18.500000   0.76116325  1.8060562145120545e-10
   18.500000   0.82593158  1.8099842760545368e-10
   18.500000   0.89070068  1.8137938848613416e-10
   18.500000   0.95547037  1.8174266378552253e-10
   18.500000   1.02024053  1.8208304382888412e-10
   18.500000   1.08501108  1.8239596832991836e-10
   18.500000   1.14978193  1.8267752647679150e-10
   18.500000   1.21455301  1.8292443413341639e-10
   18.500000   1.27932429  1.8313399789551852e-10
   18.500000   1.34409571  1.8330406926925188e-10
   18.500000   1.40886724  1.8343299975022651e-10
   18.500000   1.47363885  1.8351959488362588e-10
   18.500000   1.53841049  1.8356308201851909e-10
   18.500000   1.60318216  1.8356308264534017e-10
   18.500000   1.66795381  1.8351959555445320e-10
   18.500000   1.73272541  1.8343300036140204e-10
   18.500000   1.79749694  1.8330406998212428e-10
   18.500000   1.86226837  1.8313399861681130e-10
   18.500000   1.92703964  1.8292443513230972e-10
   18.500000   1.99181073  1.8267752737953578e-10
   18.500000   2.05658157  1.8239596945899167e-10
   18.500000   2.12135212  1.8208304555972978e-10
   18.500000   2.18612229  1.8174266539324491e-10
   18.500000   2.25089198  1.8137938979781154e-10
   18.500000   2.31566107  1.8099842887363494e-10
   18.500000   2.38042940  1.8060562287093397e-10
   18.500000   2.44519674  1.8020738863654664e-10
   18.500000   2.50996278  1.7981063065256972e-10
   18.500000   2.57472706  1.7942262117211051e-10
   18.500000   2.63948889  1.7905084508469397e-10
   18.500000   2.70424717  1.7870281194828620e-10
   18.500000   2.76900006  1.7838584875767875e-10
   18.500000   2.83374417  1.7810687178649367e-10
   18.500000   2.89847256  1.7787216111825672e-10
   18.500000   2.96316844  1.7768713152010179e-10
   18.500000   3.02777863  1.7755614156026059e-10
   18.500000   3.09200950  1.7748229113562415e-10
   18.750000   0.04958315  1.5355981131425035e-10
   18.750000   0.11381403  1.5361638553862329e-10
   18.750000   0.17842421  1.5371673523413701e-10
   18.750000   0.24312010  1.5385848720238197e-10
   18.750000   0.30784849  1.5403830900470357e-10
   18.750000   0.37259260  1.5425205517622650e-10
   18.750000   0.43734549  1.5449492028272622e-10
   18.750000   0.50210377  1.5476160980281961e-10
   18.750000   0.56686560  1.5504651438531307e-10
   18.750000   0.63162987  1.5534388344639883e-10
   18.750000   0.69639591  1.5564798266487158e-10
   18.750000   0.76116325  1.5595324000511978e-10
   18.750000   0.82593158  1.5625436172566837e-10
   18.750000   0.89070068  1.5654642966382386e-10
   18.750000   0.95547037  1.5682496308659491e-10
   18.750000   1.02024053  1.5708596318860780e-10
   18.750000   1.08501108  1.5732593011702419e-10
   18.750000   1.14978193  1.5754185894892744e-10
   18.750000   1.21455301  1.5773122681961690e-10
   18.750000   1.27932429  1.5789196326897989e-10
   18.750000   1.34409571  1.5802241433568217e-10
   18.750000   1.40886724  1.5812131306480321e-10
   18.750000   1.47363885  1.5818773942191238e-10
   18.750000   1.53841049  1.5822109893074592e-10
   18.750000   1.60318216  1.5822109902865650e-10
   18.750000   1.66795381  1.5818773996919260e-10
   18.750000   1.73272541  1.5812131287967378e-10
   18.750000   1.79749694  1.5802241532521732e-10
   18.750000   1.86226837  1.5789196322791469e-10
   18.750000   1.92703964  1.5773122748793761e-10
   18.750000   1.99181073  1.5754185992312191e-10
   18.750000   2.05658157  1.5732593097084728e-10
   18.750000   2.12135212  1.5708596471856993e-10
   18.750000   2.18612229  1.5682496469143630e-10
   18.750000   2.25089198  1.5654643084466523e-10
   18.750000   2.31566107  1.5625436313181097e-10
   18.750000   2.38042940  1.5595324081432408e-10
   18.750000   2.44519674  1.5564798439248146e-10
   18.750000   2.50996278  1.5534388501231317e-10
   18.750000   2.57472706  1.5504651611839540e-10
   18.750000   2.63948889  1.5476161147301853e-10
   18.750000   2.70424717  1.5449492187057577e-10
   18.750000   2.76900006  1.5425205677168471e-10
   18.750000   2.83374417  1.5403831141920643e-10
   18.750000   2.89847256  1.5385848937130930e-10
   18.750000   2.96316844  1.5371673743277419e-10
   18.750000   3.02777863  1.5361638754914781e-10
   18.750000   3.09200950  1.5355981263972334e-10
   19.000000   0.04958315  1.3276328319739381e-10
   19.000000   0.11381403  1.3280663253788112e-10
   19.000000   0.17842421  1.3288352594585931e-10
   19.000000   0.24312010  1.3299214716126615e-10
   19.000000   0.30784849  1.3312994475188911e-10
   19.000000   0.37259260  1.3329374757686801e-10
   19.000000   0.43734549  1.3347987632882042e-10
   19.000000   0.50210377  1.3368427675926783e-10
   19.000000   0.56686560  1.3390265396568177e-10
   19.000000   0.63162987  1.3413060235291000e-10
   19.000000   0.69639591  1.3436372803572220e-10
   19.000000   0.76116325  1.3459776229053594e-10
   19.000000   0.82593158  1.3482864432382183e-10
   19.000000   0.89070068  1.3505260417069735e-10
   19.000000   0.95547037  1.3526620340198202e-10
   19.000000   1.02024053  1.3546637235346766e-10
   19.000000   1.08501108  1.3565042393347835e-10
   19.000000   1.14978193  1.3581605058074589e-10
   19.000000   1.21455301  1.3596131311735402e-10
   19.000000   1.27932429  1.3608461954401311e-10
   19.000000   1.34409571  1.3618469803357531e-10
   19.000000   1.40886724  1.3626057220516842e-10
   19.000000   1.47363885  1.3631153595020256e-10
   19.000000   1.53841049  1.3633713130766621e-10
   19.000000   1.60318216  1.3633713096526883e-10
   19.000000   1.66795381  1.3631153676504487e-10
   19.000000   1.73272541  1.3626057312529591e-10
   19.000000   1.79749694  1.3618469844868466e-10
   19.000000   1.86226837  1.3608461966298874e-10
   19.000000   1.92703964  1.3596131444500940e-10
   19.000000   1.99181073  1.3581605140895833e-10
   19.000000   2.05658157  1.3565042449590895e-10
   19.000000   2.12135212  1.3546637287465822e-10
   19.000000   2.18612229  1.3526620383728424e-10
   19.000000   2.25089198  1.3505260554702892e-10
   19.000000   2.31566107  1.3482864621915460e-10
   19.000000   2.38042940  1.3459776264740339e-10
   19.000000   2.44519674  1.3436372950230557e-10
   19.000000   2.50996278  1.3413060347504858e-10
   19.000000   2.57472706  1.3390265512065002e-10
   19.000000   2.63948889  1.3368427817091394e-10
   19.000000   2.70424717  1.3347987783043946e-10
   19.000000   2.76900006  1.3329374945727146e-10
   19.000000   2.83374417  1.3312994667453197e-10
   19.000000   2.89847256  1.3299214829246648e-10
   19.000000   2.96316844  1.3288352716234630e-10
   19.000000   3.02777863  1.3280663434992985e-10
   19.000000   3.09200950  1.3276328444695699e-10
   19.250000   0.04958315  1.1471037597927612e-10
   19.250000   0.11381403  1.1474359865882333e-10
   19.250000   0.17842421  1.1480253086515112e-10
   19.250000   0.24312010  1.1488578109417543e-10
   19.250000   0.30784849  1.1499139852795636e-10
   19.250000   0.37259260  1.1511695311848392e-10
   19.250000   0.43734549  1.1525962818209531e-10
   19.250000   0.50210377  1.1541631930116562e-10
   19.250000   0.56686560  1.1558373672808893e-10
   19.250000   0.63162987  1.1575850341789563e-10
   19.250000   0.69639591  1.1593725492325187e-10
   19.250000   0.76116325  1.1611671616102264e-10
   19.250000   0.82593158  1.1629377583988171e-10
   19.250000   0.89070068  1.1646554065088402e-10
   19.250000   0.95547037  1.1662937294626069e-10
   19.250000   1.02024053  1.1678291538585654e-10
   19.250000   1.08501108  1.1692410442353091e-10
   19.250000   1.14978193  1.1705116846945423e-10
   19.250000   1.21455301  1.1716261710587815e-10
   19.250000   1.27932429  1.1725722490577936e-10
   19.250000   1.34409571  1.1733401411064394e-10
   19.250000   1.40886724  1.1739223435882597e-10
   19.250000   1.47363885  1.1743134059490328e-10
   19.250000   1.53841049  1.1745098131637610e-10
   19.250000   1.60318216  1.1745098118968087e-10
   19.250000   1.66795381  1.1743134042610002e-10
   19.250000   1.73272541  1.1739223434735985e-10
   19.250000   1.79749694  1.1733401431345280e-10
   19.250000   1.86226837  1.1725722459850471e-10
   19.250000   1.92703964  1.1716261729062390e-10
   19.250000   1.99181073  1.1705116889432814e-10
   19.250000   2.05658157  1.1692410483833942e-10
   19.250000   2.12135212  1.1678291539780066e-10
   19.250000   2.18612229  1.1662937350023007e-10
   19.250000   2.25089198  1.1646554168749249e-10
   19.250000   2.31566107  1.1629377718182421e-10
   19.250000   2.38042940  1.1611671748758935e-10
   19.250000   2.44519674  1.1593725678094068e-10
   19.250000   2.50996278  1.1575850528673136e-10
   19.250000   2.57472706  1.1558373794650038e-10
   19.250000   2.63948889  1.1541632074705956e-10
   19.250000   2.70424717  1.1525962973718879e-10
   19.250000   2.76900006  1.1511695476395953e-10
   19.250000   2.83374417  1.1499140008235699e-10
   19.250000   2.89847256  1.1488578310306040e-10
   19.250000   2.96316844  1.1480253182745875e-10
   19.250000   3.02777863  1.1474359964293359e-10
   19.250000   3.09200950  1.1471037778711306e-10
   19.500000   0.04958315  9.9058515400418625e-11
   19.500000   0.11381403  9.9083982475385693e-11
   19.500000   0.17842421  9.9129157847848711e-11
   19.500000   0.24312010  9.9192975734426227e-11
   19.500000   0.30784849  9.9273943767573168e-11
   19.500000   0.37259260  9.9370199328524054e-11
   19.500000   0.43734549  9.9479586563335260e-11
   19.500000   0.50210377  9.9599727049293904e-11
   19.500000   0.56686560  9.9728099546374245e-11
   19.500000   0.63162987  9.9862118053766364e-11
   19.500000   0.69639591  9.9999201837865086e-11
   19.500000   0.76116325  1.0013684066151999e-10
   19.500000   0.82593158  1.0027264775521147e-10
   19.500000   0.89070068  1.0040440380611223e-10
   19.500000   0.95547037  1.0053008394040545e-10
   19.500000   1.02024053  1.0064788020099231e-10
   19.500000   1.08501108  1.0075620716972831e-10
   19.500000   1.14978193  1.0085370212513271e-10
   19.500000   1.21455301  1.0093921971858658e-10
   19.500000   1.27932429  1.0101181965226318e-10
   19.500000   1.34409571  1.0107074899719563e-10
   19.500000   1.40886724  1.0111542887550083e-10
   19.500000   1.47363885  1.0114544133448911e-10
   19.500000   1.53841049  1.0116051510852605e-10
   19.500000   1.60318216  1.0116051491586535e-10
   19.500000   1.66795381  1.0114544148053593e-10
   19.500000   1.73272541  1.0111542879113016e-10
   19.500000   1.79749694  1.0107074886461928e-10
   19.500000   1.86226837  1.0101182001578271e-10
   19.500000   1.92703964  1.0093922089078858e-10
   19.500000   1.99181073  1.0085370260757052e-10
   19.500000   2.05658157  1.0075620707053304e-10
   19.500000   2.12135212  1.0064788069057481e-10
   19.500000   2.18612229  1.0053008478338134e-10
   19.500000   2.25089198  1.0040440463838998e-10
   19.500000   2.31566107  1.0027264876417465e-10
   19.500000   2.38042940  1.0013684094984292e-10
   19.500000   2.44519674  9.9999202398417160e-11
   19.500000   2.50996278  9.9862118814512535e-11
   19.500000   2.57472706  9.9728100669480583e-11
   19.500000   2.63948889  9.9599728299963125e-11
   19.500000   2.70424717  9.9479587537422672e-11
   19.500000   2.76900006  9.9370200734735050e-11
   19.500000   2.83374417  9.9273944544143381e-11
   19.500000   2.89847256  9.9192977441710261e-11
   19.500000   2.96316844  9.9129158960768281e-11
   19.500000   3.02777863  9.9083983879962594e-11
   19.500000   3.09200950  9.9058516739063558e-11
   19.750000   0.04958315  8.5502737351293188e-11
   19.750000   0.11381403  8.5522262512899898e-11
   19.750000   0.17842421  8.5556898822583756e-11
   19.750000   0.24312010  8.5605829779568282e-11
   19.750000   0.30784849  8.5667911751189587e-11
   19.750000   0.37259260  8.5741719879477682e-11
   19.750000   0.43734549  8.5825600699273657e-11
   19.750000   0.50210377  8.5917732436919961e-11
   19.750000   0.56686560  8.6016183720285048e-11
   19.750000   0.63162987  8.6118972435442670e-11
   19.750000   0.69639591  8.6224117934745375e-11
   19.750000   0.76116325  8.6329698194173328e-11
   19.750000   0.82593158  8.6433881391864695e-11
   19.750000   0.89070068  8.6534963685174406e-11
   19.750000   0.95547037  8.6631392102371567e-11
   19.750000   1.02024053  8.6721778159786625e-11
   19.750000   1.08501108  8.6804903461028746e-11
   19.750000   1.14978193  8.6879720976497009e-11
   19.750000   1.21455301  8.6945352753549867e-11
   19.750000   1.27932429  8.7001071418260879e-11
   19.750000   1.34409571  8.7046300027715535e-11
   19.750000   1.40886724  8.7080594205854964e-11
   19.750000   1.47363885  8.7103630661453416e-11
   19.750000   1.53841049  8.7115200254523746e-11
   19.750000   1.60318216  8.7115200244796361e-11
   19.750000   1.66795381  8.7103630108528297e-11
   19.750000   1.73272541  8.7080594032579483e-11
   19.750000   1.79749694  8.7046300412920764e-11
   19.750000   1.86226837  8.7001071563733205e-11
   19.750000   1.92703964  8.6945352467332605e-11
   19.750000   1.99181073  8.6879721925832216e-11
   19.750000   2.05658157  8.6804903610074388e-11
   19.750000   2.12135212  8.6721778539781275e-11
   19.750000   2.18612229  8.6631392974105782e-11
   19.750000   2.25089198  8.6534963828004083e-11
   19.750000   2.31566107  8.6433882316884761e-11
   19.750000   2.38042940  8.6329698770680035e-11
   19.750000   2.44519674  8.6224119296874146e-11
   19.750000   2.50996278  8.6118972267237935e-11
   19.750000   2.57472706  8.6016185228948722e-11
   19.750000   2.63948889  8.5917733276078731e-11
   19.750000   2.70424717  8.5825601449084448e-11
   19.750000   2.76900006  8.5741721007755553e-11
   19.750000   2.83374417  8.5667912795708183e-11
   19.750000   2.89847256  8.5605831090225390e-11
   19.750000   2.96316844  8.5556899127655992e-11
   19.750000   3.02777863  8.5522264305738524e-11
   19.750000   3.09200950  8.5502737677525440e-11
   20.000000   0.04958315  7.3772994825885458e-11
   20.000000   0.11381403  7.3787967943148524e-11
   20.000000   0.17842421  7.3814528245385796e-11
   20.000000   0.24312010  7.3852051582823030e-11
   20.000000   0.30784849  7.3899660910650331e-11
   20.000000   0.37259260  7.3956264882011854e-11
   20.000000   0.43734549  7.4020597617133058e-11
   20.000000   0.50210377  7.4091263321050869e-11
   20.000000   0.56686560  7.4166779692280673e-11
   20.000000   0.63162987  7.4245627112666269e-11
   20.000000   0.69639591  7.4326290441423300e-11
   20.000000   0.76116325  7.4407291100841277e-11
   20.000000   0.82593158  7.4487226060184686e-11
   20.000000   0.89070068  7.4564787757245041e-11
   20.000000   0.95547037  7.4638782828471022e-11
   20.000000   1.02024053  7.4708146558173007e-11
   20.000000   1.08501108  7.4771941940994610e-11
   20.000000   1.14978193  7.4829365581995623e-11
   20.000000   1.21455301  7.4879740766996976e-11
   20.000000   1.27932429  7.4922509487482304e-11
   20.000000   1.34409571  7.4957228244887138e-11
   20.000000   1.40886724  7.4983553093261860e-11
   20.000000   1.47363885  7.5001237378835611e-11
   20.000000   1.53841049  7.5010118884874029e-11
   20.000000   1.60318216  7.5010118261130022e-11
   20.000000   1.66795381  7.5001237237156310e-11
   20.000000   1.73272541  7.4983552610362826e-11
   20.000000   1.79749694  7.4957227776910469e-11
   20.000000   1.86226837  7.4922509403135576e-11
   20.000000   1.92703964  7.4879740329107283e-11
   20.000000   1.99181073  7.4829365675908436e-11
   20.000000   2.05658157  7.4771942424685203e-11
   20.000000   2.12135212  7.4708146623697952e-11
   20.000000   2.18612229  7.4638783592957820e-11
   20.000000   2.25089198  7.4564787702538430e-11
   20.000000   2.31566107  7.4487226921543277e-11
   20.000000   2.38042940  7.4407291164511734e-11
   20.000000   2.44519674  7.4326290062704653e-11
   20.000000   2.50996278  7.4245627711943346e-11
   20.000000   2.57472706  7.4166780427082763e-11
   20.000000   2.63948889  7.4091263728980482e-11
   20.000000   2.70424717  7.4020598743411815e-11
   20.000000   2.76900006  7.3956266080519168e-11
   20.000000   2.83374417  7.3899661557231580e-11
   20.000000   2.89847256  7.3852051837863130e-11
   20.000000   2.96316844  7.3814528103823928e-11
   20.000000   3.02777863  7.3787968365910816e-11
   20.000000   3.09200950  7.3772995186928909e-11
   20.500000   0.04958315  5.4868242046836291e-11
   20.500000   0.11381403  5.4877050880889196e-11
   20.500000   0.17842421  5.4892676551511491e-11
   20.500000   0.24312010  5.4914754359343930e-11
   20.500000   0.30784849  5.4942767550574712e-11
   20.500000   0.37259260  5.4976075443280639e-11
   20.500000   0.43734549  5.5013934930243364e-11
   20.500000   0.50210377  5.5055525215170593e-11
   20.500000   0.56686560  5.5099974975615931e-11
   20.500000   0.63162987  5.5146392470238630e-11
   20.500000   0.69639591  5.5193883708418710e-11
   20.500000   0.76116325  5.5241580263167275e-11
   20.500000   0.82593158  5.5288654625241393e-11
   20.500000   0.89070068  5.5334338173612726e-11
   20.500000   0.95547037  5.5377926861290877e-11
   20.500000   1.02024053  5.5418792463129664e-11
   20.500000   1.08501108  5.5456381715974031e-11
   20.500000   1.14978193  5.5490220602865985e-11
   20.500000   1.21455301  5.5519907849502576e-11
   20.500000   1.27932429  5.5545115833214736e-11
   20.500000   1.34409571  5.5565579963732702e-11
   20.500000   1.40886724  5.5581097559350022e-11
   20.500000   1.47363885  5.5591522112599798e-11
   20.500000   1.53841049  5.5596757794305737e-11
   20.500000   1.60318216  5.5596758316834515e-11
   20.500000   1.66795381  5.5591522116569703e-11
   20.500000   1.73272541  5.5581098209320378e-11
   20.500000   1.79749694  5.5565579706900166e-11
   20.500000   1.86226837  5.5545116302883920e-11
   20.500000   1.92703964  5.5519908208311237e-11
   20.500000   1.99181073  5.5490221025090752e-11
   20.500000   2.05658157  5.5456382041688404e-11
   20.500000   2.12135212  5.5418792751838904e-11
   20.500000   2.18612229  5.5377928028541634e-11
   20.500000   2.25089198  5.5334338680012051e-11
   20.500000   2.31566107  5.5288655077436555e-11
   20.500000   2.38042940  5.5241579928911790e-11
   20.500000   2.44519674  5.5193883800501399e-11
   20.500000   2.50996278  5.5146392606067599e-11
   20.500000   2.57472706  5.5099976013765534e-11
   20.500000   2.63948889  5.5055525708735060e-11
   20.500000   2.70424717  5.5013935182756008e-11
   20.500000   2.76900006  5.4976076447136755e-11
   20.500000   2.83374417  5.4942768047607244e-11
   20.500000   2.89847256  5.4914754977029000e-11
   20.500000   2.96316844  5.4892678001584431e-11
   20.500000   3.02777863  5.4877051407804229e-11
   20.500000   3.09200950  5.4868242837103348e-11
   21.000000   0.04958315  4.0769383883444583e-11
   21.000000   0.11381403  4.0774568791060465e-11
   21.000000   0.17842421  4.0783767240252965e-11
   21.000000   0.24312010  4.0796763534960879e-11
   21.000000   0.30784849  4.0813255682890972e-11
   21.000000   0.37259260  4.0832865975919476e-11
   21.000000   0.43734549  4.0855157623787166e-11
   21.000000   0.50210377  4.0879647989833778e-11
   21.000000   0.56686560  4.0905825461760896e-11
   21.000000   0.63162987  4.0933164315099499e-11
   21.000000   0.69639591  4.0961139101267669e-11
   21.000000   0.76116325  4.0989237765791001e-11
   21.000000   0.82593158  4.1016974184968295e-11
   21.000000   0.89070068  4.1043893971349663e-11
   21.000000   0.95547037  4.1069582024771763e-11
   21.000000   1.02024053  4.1093667493444701e-11
   21.000000   1.08501108  4.1115825077043243e-11
   21.000000   1.14978193  4.1135772812082972e-11
   21.000000   1.21455301  4.1153275394041364e-11
   21.000000   1.27932429  4.1168138226395976e-11
   21.000000   1.34409571  4.1180204985720635e-11
   21.000000   1.40886724  4.1189354640047469e-11
   21.000000   1.47363885  4.1195502741678583e-11
   21.000000   1.53841049  4.1198590400337126e-11
   21.000000   1.60318216  4.1198590075317339e-11
   21.000000   1.66795381  4.1195502597735398e-11
   21.000000   1.73272541  4.1189355166577772e-11
   21.000000   1.79749694  4.1180205321583720e-11
   21.000000   1.86226837  4.1168137898076352e-11
   21.000000   1.92703964  4.1153275858836891e-11
   21.000000   1.99181073  4.1135773752279669e-11
   21.000000   2.05658157  4.1115824554791034e-11
   21.000000   2.12135212  4.1093667579122570e-11
   21.000000   2.18612229  4.1069582313927157e-11
   21.000000   2.25089198  4.1043893622149667e-11
   21.000000   2.31566107  4.1016974060199499e-11
   21.000000   2.38042940  4.0989237983325672e-11
   21.000000   2.44519674  4.0961139191627554e-11
   21.000000   2.50996278  4.0933164462577860e-11
   21.000000   2.57472706  4.0905826185225222e-11
   21.000000   2.63948889  4.0879648340890981e-11
   21.000000   2.70424717  4.0855157900576986e-11
   21.000000   2.76900006  4.0832866128569390e-11
   21.000000   2.83374417  4.0813255257659185e-11
   21.000000   2.89847256  4.0796763754572595e-11
   21.000000   2.96316844  4.0783768014982985e-11
   21.000000   3.02777863  4.0774569290765559e-11
   21.000000   3.09200950  4.0769384177194409e-11
   21.500000   0.04958315  3.0273821030780513e-11
   21.500000   0.11381403  3.0276874803854400e-11
   21.500000   0.17842421  3.0282292193759791e-11
   21.500000   0.24312010  3.0289946654612313e-11
   21.500000   0.30784849  3.0299659346065464e-11
   21.500000   0.37259260  3.0311210172788224e-11
   21.500000   0.43734549  3.0324341946692459e-11
   21.500000   0.50210377  3.0338769071622702e-11
   21.500000   0.56686560  3.0354191405634192e-11
   21.500000   0.63162987  3.0370300002757173e-11
   21.500000   0.69639591  3.0386784461483737e-11
   21.500000   0.76116325  3.0403344023465470e-11
   21.500000   0.82593158  3.0419691410728771e-11
   21.500000   0.89070068  3.0435558920009252e-11
   21.500000   0.95547037  3.0450702902155087e-11
   21.500000   1.02024053  3.0464903532612895e-11
   21.500000   1.08501108  3.0477968045718664e-11
   21.500000   1.14978193  3.0489730818402839e-11
   21.500000   1.21455301  3.0500052106149021e-11
   21.500000   1.27932429  3.0508818370797852e-11
   21.500000   1.34409571  3.0515934134613964e-11
   21.500000   1.40886724  3.0521331749737877e-11
   21.500000   1.47363885  3.0524957799403035e-11
   21.500000   1.53841049  3.0526779363214560e-11
   21.500000   1.60318216  3.0526778715668851e-11
   21.500000   1.66795381  3.0524957564479767e-11
   21.500000   1.73272541  3.0521331474395663e-11
   21.500000   1.79749694  3.0515934699221524e-11
   21.500000   1.86226837  3.0508817774304697e-11
   21.500000   1.92703964  3.0500052286469741e-11
   21.500000   1.99181073  3.0489731040867940e-11
   21.500000   2.05658157  3.0477967943633726e-11
   21.500000   2.12135212  3.0464903427135858e-11
   21.500000   2.18612229  3.0450702915206763e-11
   21.500000   2.25089198  3.0435559537360975e-11
   21.500000   2.31566107  3.0419691840744338e-11
   21.500000   2.38042940  3.0403344565930878e-11
   21.500000   2.44519674  3.0386784535965431e-11
   21.500000   2.50996278  3.0370300341919429e-11
   21.500000   2.57472706  3.0354191851194564e-11
   21.500000   2.63948889  3.0338769309759018e-11
   21.500000   2.70424717  3.0324340931154685e-11
   21.500000   2.76900006  3.0311210303750838e-11
   21.500000   2.83374417  3.0299659925913897e-11
   21.500000   2.89847256  3.0289946665331611e-11
   21.500000   2.96316844  3.0282292794205687e-11
   21.500000   3.02777863  3.0276875252289321e-11
   21.500000   3.09200950  3.0273821494044670e-11
   22.000000   0.04958315  2.2470879124430978e-11
   22.000000   0.11381403  2.2472677145319509e-11
   22.000000   0.17842421  2.2475869200232140e-11
   22.000000   0.24312010  2.2480378879284310e-11
   22.000000   0.30784849  2.2486101674898383e-11
   22.000000   0.37259260  2.2492907039109464e-11
   22.000000   0.43734549  2.2500644356279466e-11
   22.000000   0.50210377  2.2509146339532890e-11
   22.000000   0.56686560  2.2518234693138927e-11
   22.000000   0.63162987  2.2527728662788624e-11
   22.000000   0.69639591  2.2537444620913264e-11
   22.000000   0.76116325  2.2547206523442120e-11
   22.000000   0.82593158  2.2556843457693080e-11
   22.000000   0.89070068  2.2566198370320015e-11
   22.000000   0.95547037  2.2575127951878574e-11
   22.000000   1.02024053  2.2583501355631974e-11
   22.000000   1.08501108  2.2591205574154084e-11
   22.000000   1.14978193  2.2598142848936676e-11
   22.000000   1.21455301  2.2604230999516084e-11
   22.000000   1.27932429  2.2609400975660230e-11
   22.000000   1.34409571  2.2613598425858632e-11
   22.000000   1.40886724  2.2616782215065410e-11
   22.000000   1.47363885  2.2618920830229867e-11
   22.000000   1.53841049  2.2619996039768530e-11
   22.000000   1.60318216  2.2619996137305008e-11
   22.000000   1.66795381  2.2618921414602077e-11
   22.000000   1.73272541  2.2616782197383462e-11
   22.000000   1.79749694  2.2613598251795516e-11
   22.000000   1.86226837  2.2609400768735520e-11
   22.000000   1.92703964  2.2604230687803168e-11
   22.000000   1.99181073  2.2598142850436151e-11
   22.000000   2.05658157  2.2591205234868849e-11
   22.000000   2.12135212  2.2583501325112311e-11
   22.000000   2.18612229  2.2575127449127865e-11
   22.000000   2.25089198  2.2566198825780252e-11
   22.000000   2.31566107  2.2556843119025737e-11
   22.000000   2.38042940  2.2547206271271732e-11
   22.000000   2.44519674  2.2537445173777424e-11
   22.000000   2.50996278  2.2527728581360150e-11
   22.000000   2.57472706  2.2518235020636708e-11
   22.000000   2.63948889  2.2509145872720572e-11
   22.000000   2.70424717  2.2500643852522489e-11
   22.000000   2.76900006  2.2492907527996910e-11
   22.000000   2.83374417  2.2486101697185553e-11
   22.000000   2.89847256  2.2480378952920756e-11
   22.000000   2.96316844  2.2475868959754897e-11
   22.000000   3.02777863  2.2472678266378571e-11
   22.000000   3.09200950  2.2470878980032116e-11
   22.500000   0.04958315  1.6675115765129916e-11
   22.500000   0.11381403  1.6676175753844427e-11
   22.500000   0.17842421  1.6678055848045981e-11
   22.500000   0.24312010  1.6680712711318805e-11
   22.500000   0.30784849  1.6684085354371862e-11
   22.500000   0.37259260  1.6688096121082648e-11
   22.500000   0.43734549  1.6692655194504788e-11
   22.500000   0.50210377  1.6697666238769129e-11
   22.500000   0.56686560  1.6703022798019618e-11
   22.500000   0.63162987  1.6708618863916414e-11
   22.500000   0.69639591  1.6714346317223785e-11
   22.500000   0.76116325  1.6720101355894554e-11
   22.500000   0.82593158  1.6725782922806063e-11
   22.500000   0.89070068  1.6731298988686399e-11
   22.500000   0.95547037  1.6736563782347810e-11
   22.500000   1.02024053  1.6741502130388409e-11
   22.500000   1.08501108  1.6746044851853085e-11
   22.500000   1.14978193  1.6750135938087003e-11
   22.500000   1.21455301  1.6753726658161372e-11
   22.500000   1.27932429  1.6756775703143893e-11
   22.500000   1.34409571  1.6759252280626219e-11
   22.500000   1.40886724  1.6761130358946876e-11
   22.500000   1.47363885  1.6762391918765080e-11
   22.500000   1.53841049  1.6763025482077258e-11
   22.500000   1.60318216  1.6763025766788447e-11
   22.500000   1.66795381  1.6762391723061931e-11
   22.500000   1.73272541  1.6761130671166124e-11
   22.500000   1.79749694  1.6759252536955167e-11
   22.500000   1.86226837  1.6756775937313247e-11
   22.500000   1.92703964  1.6753727014707811e-11
   22.500000   1.99181073  1.6750136471270323e-11
   22.500000   2.05658157  1.6746045025252792e-11
   22.500000   2.12135212  1.6741501453587900e-11
   22.500000   2.18612229  1.6736563870733363e-11
   22.500000   2.25089198  1.6731299078613013e-11
   22.500000   2.31566107  1.6725783284652913e-11
   22.500000   2.38042940  1.6720100890852418e-11
   22.500000   2.44519674  1.6714346528724527e-11
   22.500000   2.50996278  1.6708619107733784e-11
   22.500000   2.57472706  1.6703023684256961e-11
   22.500000   2.63948889  1.6697666137986791e-11
   22.500000   2.70424717  1.6692655523242357e-11
   22.500000   2.76900006  1.6688096306348517e-11
   22.500000   2.83374417  1.6684085008628395e-11
   22.500000   2.89847256  1.6680713402220242e-11
   22.500000   2.96316844  1.6678056614827500e-11
   22.500000   3.02777863  1.6676175764874997e-11
   22.500000   3.09200950  1.6675116183584484e-11
   23.000000   0.04958315  1.2372912560050305e-11
   23.000000   0.11381403  1.2373536896851816e-11
   23.000000   0.17842421  1.2374644740399019e-11
   23.000000   0.24312010  1.2376210114270413e-11
   23.000000   0.30784849  1.2378197826188656e-11
   23.000000   0.37259260  1.2380561408733591e-11
   23.000000   0.43734549  1.2383248620879656e-11
   23.000000   0.50210377  1.2386200841971889e-11
   23.000000   0.56686560  1.2389358046912244e-11
   23.000000   0.63162987  1.2392656907782551e-11
   23.000000   0.69639591  1.2396033048231300e-11
   23.000000   0.76116325  1.2399424847436644e-11
   23.000000   0.82593158  1.2402774598887608e-11
   23.000000   0.89070068  1.2406025971429284e-11
   23.000000   0.95547037  1.2409130027066960e-11
   23.000000   1.02024053  1.2412041287575025e-11
   23.000000   1.08501108  1.2414720392132714e-11
   23.000000   1.14978193  1.2417132461330250e-11
   23.000000   1.21455301  1.2419249694141541e-11
   23.000000   1.27932429  1.2421047792561699e-11
   23.000000   1.34409571  1.2422507750963739e-11
   23.000000   1.40886724  1.2423615329839945e-11
   23.000000   1.47363885  1.2424359150937957e-11
   23.000000   1.53841049  1.2424733523887405e-11
   23.000000   1.60318216  1.2424732840835759e-11
   23.000000   1.66795381  1.2424359282423433e-11
   23.000000   1.73272541  1.2423615140859188e-11
   23.000000   1.79749694  1.2422508168129057e-11
   23.000000   1.86226837  1.2421047825342085e-11
   23.000000   1.92703964  1.2419249638581355e-11
   23.000000   1.99181073  1.2417132409894361e-11
   23.000000   2.05658157  1.2414720408624085e-11
   23.000000   2.12135212  1.2412041412022566e-11
   23.000000   2.18612229  1.2409130484034871e-11
   23.000000   2.25089198  1.2406025966196026e-11
   23.000000   2.31566107  1.2402774805539641e-11
   23.000000   2.38042940  1.2399424845784951e-11
   23.000000   2.44519674  1.2396032909324797e-11
   23.000000   2.50996278  1.2392656879241239e-11
   23.000000   2.57472706  1.2389358058876475e-11
   23.000000   2.63948889  1.2386201608719965e-11
   23.000000   2.70424717  1.2383247977806999e-11
   23.000000   2.76900006  1.2380561209812494e-11
   23.000000   2.83374417  1.2378198100378313e-11
   23.000000   2.89847256  1.2376210542274494e-11
   23.000000   2.96316844  1.2374645117365808e-11
   23.000000   3.02777863  1.2373536325088568e-11
   23.000000   3.09200950  1.2372912414795351e-11
   23.500000   0.04958315  9.1806565794623706e-12
   23.500000   0.11381403  9.1810241515593525e-12
   23.500000   0.17842421  9.1816770450083701e-12
   23.500000   0.24312010  9.1825998541798866e-12
   23.500000   0.30784849  9.1837708094780550e-12
   23.500000   0.37259260  9.1851631328621528e-12
   23.500000   0.43734549  9.1867463705549181e-12
   23.500000   0.50210377  9.1884862961095414e-12
   23.500000   0.56686560  9.1903467564953865e-12
   23.500000   0.63162987  9.1922901713486300e-12
   23.500000   0.69639591  9.1942789784853579e-12
   23.500000   0.76116325  9.1962779837461576e-12
   23.500000   0.82593158  9.1982519186385847e-12
   23.500000   0.89070068  9.2001685309976434e-12
   23.500000   0.95547037  9.2019977005242960e-12
   23.500000   1.02024053  9.2037136993377089e-12
   23.500000   1.08501108  9.2052928615016926e-12
   23.500000   1.14978193  9.2067149977265798e-12
   23.500000   1.21455301  9.2079625597291608e-12
   23.500000   1.27932429  9.2090225333597588e-12
   23.500000   1.34409571  9.2098825532206679e-12
   23.500000   1.40886724  9.2105352381316127e-12
   23.500000   1.47363885  9.2109734814595732e-12
   23.500000   1.53841049  9.2111942181450154e-12
   23.500000   1.60318216  9.2111946489132296e-12
   23.500000   1.66795381  9.2109733302475661e-12
   23.500000   1.73272541  9.2105349769495589e-12
   23.500000   1.79749694  9.2098823327715950e-12
   23.500000   1.86226837  9.2090218981289826e-12
   23.500000   1.92703964  9.2079619883534127e-12
   23.500000   1.99181073  9.2067148166307942e-12
   23.500000   2.05658157  9.2052923676612831e-12
   23.500000   2.12135212  9.2037135911858439e-12
   23.500000   2.18612229  9.2019979439889506e-12
   23.500000   2.25089198  9.2001685067161766e-12
   23.500000   2.31566107  9.1982523769785188e-12
   23.500000   2.38042940  9.1962781188096846e-12
   23.500000   2.44519674  9.1942795226392253e-12
   23.500000   2.50996278  9.1922899780845474e-12
   23.500000   2.57472706  9.1903463130948917e-12
   23.500000   2.63948889  9.1884860543900683e-12
   23.500000   2.70424717  9.1867461478265862e-12
   23.500000   2.76900006  9.1851634918238892e-12
   23.500000   2.83374417  9.1837705276895217e-12
   23.500000   2.89847256  9.1825996260689482e-12
   23.500000   2.96316844  9.1816772742529498e-12
   23.500000   3.02777863  9.1810245540521100e-12
   23.500000   3.09200950  9.1806563776217806e-12
   24.000000   0.04958315  6.8125235174624045e-12
   24.000000   0.11381403  6.8127405771817162e-12
   24.000000   0.17842421  6.8131248406183416e-12
   24.000000   0.24312010  6.8136688980572267e-12
   24.000000   0.30784849  6.8143577457613015e-12
   24.000000   0.37259260  6.8151778275054521e-12
   24.000000   0.43734549  6.8161102421613957e-12
   24.000000   0.50210377  6.8171348459173839e-12
   24.000000   0.56686560  6.8182302352366281e-12
   24.000000   0.63162987  6.8193747808512767e-12
   24.000000   0.69639591  6.8205471656222837e-12
   24.000000   0.76116325  6.8217243509432240e-12
   24.000000   0.82593158  6.8228865390231827e-12
   24.000000   0.89070068  6.8240151367901880e-12
   24.000000   0.95547037  6.8250928257649328e-12
   24.000000   1.02024053  6.8261033640964276e-12
   24.000000   1.08501108  6.8270329958871800e-12
   24.000000   1.14978193  6.8278708027364848e-12
   24.000000   1.21455301  6.8286053601894193e-12
   24.000000   1.27932429  6.8292295201020634e-12
   24.000000   1.34409571  6.8297364690118056e-12
   24.000000   1.40886724  6.8301208655227527e-12
   24.000000   1.47363885  6.8303787561712499e-12
   24.000000   1.53841049  6.8305091421914720e-12
   24.000000   1.60318216  6.8305094035471102e-12
   24.000000   1.66795381  6.8303793907307004e-12
   24.000000   1.73272541  6.8301209997481479e-12
   24.000000   1.79749694  6.8297363186901349e-12
   24.000000   1.86226837  6.8292296352001784e-12
   24.000000   1.92703964  6.8286060532211347e-12
   24.000000   1.99181073  6.8278709122039604e-12
   24.000000   2.05658157  6.8270331390965757e-12
   24.000000   2.12135212  6.8261032565785577e-12
   24.000000   2.18612229  6.8250929149586825e-12
   24.000000   2.25089198  6.8240151469825855e-12
   24.000000   2.31566107  6.8228865750008404e-12
   24.000000   2.38042940  6.8217246293811338e-12
   24.000000   2.44519674  6.8205467574936079e-12
   24.000000   2.50996278  6.8193755688592149e-12
   24.000000   2.57472706  6.8182306525140960e-12
   24.000000   2.63948889  6.8171342468820563e-12
   24.000000   2.70424717  6.8161105043518780e-12
   24.000000   2.76900006  6.8151776211493582e-12
   24.000000   2.83374417  6.8143570869338397e-12
   24.000000   2.89847256  6.8136677943256665e-12
   24.000000   2.96316844  6.8131252444149045e-12
   24.000000   3.02777863  6.8127398017856505e-12
   24.000000   3.09200950  6.8125240047851518e-12
   24.500000   0.04958315  5.0559207922196698e-12
   24.500000   0.11381403  5.0560485014895261e-12
   24.500000   0.17842421  5.0562737980411014e-12
   24.500000   0.24312010  5.0565937059547057e-12
   24.500000   0.30784849  5.0570000759576110e-12
   24.500000   0.37259260  5.0574819076037983e-12
   24.500000   0.43734549  5.0580309719111781e-12
   24.500000   0.50210377  5.0586337601787583e-12
   24.500000   0.56686560  5.0592789703691380e-12
   24.500000   0.63162987  5.0599522183248606e-12
   24.500000   0.69639591  5.0606418242116221e-12
   24.500000   0.76116325  5.0613341924975658e-12
   24.500000   0.82593158  5.0620187315909415e-12
   24.500000   0.89070068  5.0626830211820325e-12
   24.500000   0.95547037  5.0633164008378772e-12
   24.500000   1.02024053  5.0639111426785281e-12
   24.500000   1.08501108  5.0644582662325768e-12
   24.500000   1.14978193  5.0649509941473828e-12
   24.500000   1.21455301  5.0653838527372499e-12
   24.500000   1.27932429  5.0657510989552957e-12
   24.500000   1.34409571  5.0660487468503276e-12
   24.500000   1.40886724  5.0662750704609919e-12
   24.500000   1.47363885  5.0664265815513208e-12
   24.500000   1.53841049  5.0665038456072481e-12
   24.500000   1.60318216  5.0665034007977594e-12
   24.500000   1.66795381  5.0664271588343873e-12
   24.500000   1.73272541  5.0662750571313923e-12
   24.500000   1.79749694  5.0660492058972409e-12
   24.500000   1.86226837  5.0657508745575597e-12
   24.500000   1.92703964  5.0653834940098633e-12
   24.500000   1.99181073  5.0649510885893165e-12
   24.500000   2.05658157  5.0644589173232770e-12
   24.500000   2.12135212  5.0639114574365912e-12
   24.500000   2.18612229  5.0633168411157628e-12
   24.500000   2.25089198  5.0626827975342408e-12
   24.500000   2.31566107  5.0620181824948711e-12
   24.500000   2.38042940  5.0613347011943814e-12
   24.500000   2.44519674  5.0606420483511008e-12
   24.500000   2.50996278  5.0599525591213617e-12
   24.500000   2.57472706  5.0592789156763097e-12
   24.500000   2.63948889  5.0586344043623914e-12
   24.500000   2.70424717  5.0580314641199682e-12
   24.500000   2.76900006  5.0574827752330282e-12
   24.500000   2.83374417  5.0569997320008865e-12
   24.500000   2.89847256  5.0565940410968748e-12
   24.500000   2.96316844  5.0562742364968915e-12
   24.500000   3.02777863  5.0560477538354107e-12
   24.500000   3.09200950  5.0559199844145361e-12
   25.000000   0.04958315  3.7529203936776800e-12
   25.000000   0.11381403  3.7529960224649338e-12
   25.000000   0.17842421  3.7531283155661776e-12
   25.000000   0.24312010  3.7533159522849270e-12
   25.000000   0.30784849  3.7535547637264300e-12
   25.000000   0.37259260  3.7538385435412858e-12
   25.000000   0.43734549  3.7541609309301010e-12
   25.000000   0.50210377  3.7545162718576034e-12
   25.000000   0.56686560  3.7548942453196889e-12
   25.000000   0.63162987  3.7552905174707078e-12
   25.000000   0.69639591  3.7556951660603189e-12
   25.000000   0.76116325  3.7561028142823348e-12
   25.000000   0.82593158  3.7565050986703877e-12
   25.000000   0.89070068  3.7568945058866615e-12
   25.000000   0.95547037  3.7572677503642306e-12
   25.000000   1.02024053  3.7576167944424765e-12
   25.000000   1.08501108  3.7579382965440643e-12
   25.000000   1.14978193  3.7582277289195248e-12
   25.000000   1.21455301  3.7584816556824918e-12
   25.000000   1.27932429  3.7586970394065758e-12
   25.000000   1.34409571  3.7588727165592314e-12
   25.000000   1.40886724  3.7590046668561903e-12
   25.000000   1.47363885  3.7590947555708904e-12
   25.000000   1.53841049  3.7591392004535858e-12
   25.000000   1.60318216  3.7591392739174202e-12
   25.000000   1.66795381  3.7590946930190546e-12
   25.000000   1.73272541  3.7590051410636279e-12
   25.000000   1.79749694  3.7588727431296984e-12
   25.000000   1.86226837  3.7586972659528859e-12
   25.000000   1.92703964  3.7584816178172095e-12
   25.000000   1.99181073  3.7582278503119576e-12
   25.000000   2.05658157  3.7579379889961251e-12
   25.000000   2.12135212  3.7576167284969327e-12
   25.000000   2.18612229  3.7572670840141330e-12
   25.000000   2.25089198  3.7568946844626191e-12
   25.000000   2.31566107  3.7565047835589334e-12
   25.000000   2.38042940  3.7561029822571805e-12
   25.000000   2.44519674  3.7556955646352049e-12
   25.000000   2.50996278  3.7552904270191702e-12
   25.000000   2.57472706  3.7548943476374498e-12
   25.000000   2.63948889  3.7545155533130440e-12
   25.000000   2.70424717  3.7541614209435610e-12
   25.000000   2.76900006  3.7538388131402012e-12
   25.000000   2.83374417  3.7535542756727151e-12
   25.000000   2.89847256  3.7533161532894653e-12
   25.000000   2.96316844  3.7531281820383655e-12
   25.000000   3.02777863  3.7529953375817002e-12
   25.000000   3.09200950  3.7529203624095509e-12
