# R_ang  theta_rad  Veff_hartree
    1.500000   0.04958315  6.8395791808444449e+02
    1.500000   0.11381403  3.8231091528171481e+02
    1.500000   0.17842421  1.5351153215801298e+02
    1.500000   0.24312010  5.0472670089594267e+01
    1.500000   0.30784849  1.5068161083290095e+01
    1.500000   0.37259260  4.6050616129964830e+00
    1.500000   0.43734549  1.7793457100863150e+00
    1.500000   0.50210377  1.0284765342972415e+00
    1.500000   0.56686560  7.8133775582217280e-01
    1.500000   0.63162987  6.4275725236191716e-01
    1.500000   0.69639591  5.2966722694272472e-01
    1.500000   0.76116325  4.3095594010922461e-01
    1.500000   0.82593158  3.4731520886957756e-01
    1.500000   0.89070068  2.7894207246538233e-01
    1.500000   0.95547037  2.2446207904463128e-01
    1.500000   1.02024053  1.8173590263976819e-01
    1.500000   1.08501108  1.4854472666319565e-01
    1.500000   1.14978193  1.2293198720030589e-01
    1.500000   1.21455301  1.0331351838590548e-01
    1.500000   1.27932429  8.8472098559342086e-02
    1.500000   1.34409571  7.7507415230911328e-02
    1.500000   1.40886724  6.9777319571908455e-02
    1.500000   1.47363885  6.4845968129926462e-02
    1.500000   1.53841049  6.2444353459068874e-02
    1.500000   1.60318216  6.2444352937251549e-02
    1.500000   1.66795381  6.4845966658963153e-02
    1.500000   1.73272541  6.9777317470716083e-02
    1.500000   1.79749694  7.7507413159875513e-02
    1.500000   1.86226837  8.8472097754863921e-02
    1.500000   1.92703964  1.0331352108634914e-01
    1.500000   1.99181073  1.2293199740298739e-01
    1.500000   2.05658157  1.4854475147230528e-01
    1.500000   2.12135212  1.8173595469359372e-01
    1.500000   2.18612229  2.2446218095504974e-01
    1.500000   2.25089198  2.7894226508931846e-01
    1.500000   2.31566107  3.4731556704376987e-01
    1.500000   2.38042940  4.3095660327670832e-01
    1.500000   2.44519674  5.2966846026795233e-01
    1.500000   2.50996278  6.4275957197444333e-01
    1.500000   2.57472706  7.8134219268670546e-01
    1.500000   2.63948889  1.0284852056133507e+00
    1.500000   2.70424717  1.7793630870474741e+00
    1.500000   2.76900006  4.6050973751350250e+00
    1.500000   2.83374417  1.5068236479006524e+01
    1.500000   2.89847256  5.0472831057847806e+01
    1.500000   2.96316844  1.5351186945020456e+02
    1.500000   3.02777863  3.8231156210635436e+02
    1.500000   3.09200950  6.8395892328425907e+02
    1.550000   0.04958315  2.4469248579390600e+02
    1.550000   0.11381403  1.4960049628618867e+02
    1.550000   0.17842421  6.7715866076851896e+01
    1.550000   0.24312010  2.5205924027970955e+01
    1.550000   0.30784849  8.5850295300613073e+00
    1.550000   0.37259260  3.0937509721071712e+00
    1.550000   0.43734549  1.4371612534053255e+00
    1.550000   0.50210377  9.2399385769475806e-01
    1.550000   0.56686560  7.1456674311209023e-01
    1.550000   0.63162987  5.8129085824417559e-01
    1.550000   0.69639591  4.7283367003298177e-01
    1.550000   0.76116325  3.8095220750367581e-01
    1.550000   0.82593158  3.0483602837592572e-01
    1.550000   0.89070068  2.4347902571809443e-01
    1.550000   0.95547037  1.9500179200081511e-01
    1.550000   1.02024053  1.5718362329311306e-01
    1.550000   1.08501108  1.2790866240526030e-01
    1.550000   1.14978193  1.0537644159712552e-01
    1.550000   1.21455301  8.8153566711901971e-02
    1.550000   1.27932429  7.5147686061161942e-02
    1.550000   1.34409571  6.5553916517869112e-02
    1.550000   1.40886724  5.8799007800981580e-02
    1.550000   1.47363885  5.4493974273874951e-02
    1.550000   1.53841049  5.2398665579430154e-02
    1.550000   1.60318216  5.2398665190899495e-02
    1.550000   1.66795381  5.4493973181046332e-02
    1.550000   1.73272541  5.8799006249705778e-02
    1.550000   1.79749694  6.5553915018007683e-02
    1.550000   1.86226837  7.5147685568623127e-02
    1.550000   1.92703964  8.8153568958756076e-02
    1.550000   1.99181073  1.0537644967689239e-01
    1.550000   2.05658157  1.2790868181168835e-01
    1.550000   2.12135212  1.5718366378217327e-01
    1.550000   2.18612229  1.9500187097546595e-01
    1.550000   2.25089198  2.4347917448304535e-01
    1.550000   2.31566107  3.0483630390784316e-01
    1.550000   2.38042940  3.8095271503696787e-01
    1.550000   2.44519674  4.7283460729382693e-01
    1.550000   2.50996278  5.8129260388876103e-01
    1.550000   2.57472706  7.1457003703623967e-01
    1.550000   2.63948889  9.2400017460887540e-01
    1.550000   2.70424717  1.4371735829178922e+00
    1.550000   2.76900006  3.0937754308772996e+00
    1.550000   2.83374417  8.5850785256045477e+00
    1.550000   2.89847256  2.5206021553035225e+01
    1.550000   2.96316844  6.7716052569219968e+01
    1.550000   3.02777863  1.4960081842449745e+02
    1.550000   3.09200950  2.4469294516169251e+02
    1.600000   0.04958315  9.5082147907363407e+01
    1.600000   0.11381403  6.2219211207982276e+01
    1.600000   0.17842421  3.1095276907825561e+01
    1.600000   0.24312010  1.3000754311469368e+01
    1.600000   0.30784849  5.0921567352735835e+00
    1.600000   0.37259260  2.1830642703446022e+00
    1.600000   0.43734549  1.1912258728575473e+00
    1.600000   0.50210377  8.2615749842687358e-01
    1.600000   0.56686560  6.4559984928393366e-01
    1.600000   0.63162987  5.2038162529055254e-01
    1.600000   0.69639591  4.1887564916342312e-01
    1.600000   0.76116325  3.3472795580735853e-01
    1.600000   0.82593158  2.6620358120396515e-01
    1.600000   0.89070068  2.1157474568019088e-01
    1.600000   0.95547037  1.6871029153085565e-01
    1.600000   1.02024053  1.3541826512699598e-01
    1.600000   1.08501108  1.0972517813787126e-01
    1.600000   1.14978193  8.9995409630961060e-02
    1.600000   1.21455301  7.4943602644829396e-02
    1.600000   1.27932429  6.3596407354513218e-02
    1.600000   1.34409571  5.5238635089589240e-02
    1.600000   1.40886724  4.9361377798747857e-02
    1.600000   1.47363885  4.5619291385593681e-02
    1.600000   1.53841049  4.3799079490786139e-02
    1.600000   1.60318216  4.3799079206028574e-02
    1.600000   1.66795381  4.5619290587180471e-02
    1.600000   1.73272541  4.9361376675572360e-02
    1.600000   1.79749694  5.5238634033878624e-02
    1.600000   1.86226837  6.3596407102401442e-02
    1.600000   1.92703964  7.4943604530800331e-02
    1.600000   1.99181073  8.9995416037727663e-02
    1.600000   2.05658157  1.0972519329174897e-01
    1.600000   2.12135212  1.3541829651621992e-01
    1.600000   2.18612229  1.6871035246609098e-01
    1.600000   2.25089198  2.1157485998351036e-01
    1.600000   2.31566107  2.6620379192915239e-01
    1.600000   2.38042940  3.3472834171861182e-01
    1.600000   2.44519674  4.1887635637120951e-01
    1.600000   2.50996278  5.2038292887381332e-01
    1.600000   2.57472706  6.4560227468148867e-01
    1.600000   2.63948889  8.2616206165787398e-01
    1.600000   2.70424717  1.1912345516871636e+00
    1.600000   2.76900006  2.1830808955898799e+00
    1.600000   2.83374417  5.0921885210190361e+00
    1.600000   2.89847256  1.3000813862366794e+01
    1.600000   2.96316844  3.1095382686581360e+01
    1.600000   3.02777863  6.2219380239644209e+01
    1.600000   3.09200950  9.5082375007129485e+01
    1.650000   0.04958315  3.9791035351862504e+01
    1.650000   0.11381403  2.7536501721522157e+01
    1.650000   0.17842421  1.5036679770646414e+01
    1.650000   0.24312010  7.0584920226375329e+00
    1.650000   0.30784849  3.2047047135944129e+00
    1.650000   0.37259260  1.6245755887933970e+00
    1.650000   0.43734549  1.0068541927054169e+00
    1.650000   0.50210377  7.3475613933791351e-01
    1.650000   0.56686560  5.7735224516371009e-01
    1.650000   0.63162987  4.6186823119248560e-01
    1.650000   0.69639591  3.6864131914784715e-01
    1.650000   0.76116325  2.9257918199705762e-01
    1.650000   0.82593158  2.3144240511832287e-01
    1.650000   0.89070068  1.8312739670617051e-01
    1.650000   0.95547037  1.4542956243899458e-01
    1.650000   1.02024053  1.1625877622311243e-01
    1.650000   1.08501108  9.3805622702965802e-02
    1.650000   1.14978193  7.6599669302367140e-02
    1.650000   1.21455301  6.3496829058048807e-02
    1.650000   1.27932429  5.3634906107629408e-02
    1.650000   1.34409571  4.6381661644134139e-02
    1.650000   1.40886724  4.1287432914606390e-02
    1.650000   1.47363885  3.8046999783678405e-02
    1.650000   1.53841049  3.6471751262155384e-02
    1.650000   1.60318216  3.6471751057427934e-02
    1.650000   1.66795381  3.8046999212251603e-02
    1.650000   1.73272541  4.1287432121157874e-02
    1.650000   1.79749694  4.6381660929378343e-02
    1.650000   1.86226837  5.3634906036369452e-02
    1.650000   1.92703964  6.3496830654325570e-02
    1.650000   1.99181073  7.6599674393420761e-02
    1.650000   2.05658157  9.3805634524751741e-02
    1.650000   2.12135212  1.1625880049392107e-01
    1.650000   2.18612229  1.4542960928324114e-01
    1.650000   2.25089198  1.8312748414343724e-01
    1.650000   2.31566107  2.3144256547135222e-01
    1.650000   2.38042940  2.9257947380726373e-01
    1.650000   2.44519674  3.6864184957943763e-01
    1.650000   2.50996278  4.6186919850971125e-01
    1.650000   2.57472706  5.7735401950165222e-01
    1.650000   2.63948889  7.3475941520492638e-01
    1.650000   2.70424717  1.0068602695681506e+00
    1.650000   2.76900006  1.6245868556218834e+00
    1.650000   2.83374417  3.2047253691036022e+00
    1.650000   2.89847256  7.0585287601396836e+00
    1.650000   2.96316844  1.5036741237686426e+01
    1.650000   3.02777863  2.7536594285497713e+01
    1.650000   3.09200950  3.9791154478189505e+01
    1.700000   0.04958315  1.7942995908332389e+01
    1.700000   0.11381403  1.3060907087806141e+01
    1.700000   0.17842421  7.7697003891546004e+00
    1.700000   0.24312010  4.1075360991910621e+00
    1.700000   0.30784849  2.1621706999948058e+00
    1.700000   0.37259260  1.2675570914314742e+00
    1.700000   0.43734549  8.6162333151074744e-01
    1.700000   0.50210377  6.4971665058388095e-01
    1.700000   0.56686560  5.1180568110078084e-01
    1.700000   0.63162987  4.0691703407507979e-01
    1.700000   0.69639591  3.2257129160908499e-01
    1.700000   0.76116325  2.5455828859489182e-01
    1.700000   0.82593158  2.0042959736350233e-01
    1.700000   0.89070068  1.5794515442637894e-01
    1.700000   0.95547037  1.2494707585298195e-01
    1.700000   1.02024053  9.9492236206205439e-02
    1.700000   1.08501108  7.9944382325454921e-02
    1.700000   1.14978193  6.4993116485962787e-02
    1.700000   1.21455301  5.3626531506869260e-02
    1.700000   1.27932429  4.5084779885363496e-02
    1.700000   1.34409571  3.8811437473378681e-02
    1.700000   1.40886724  3.4410826110545412e-02
    1.700000   1.47363885  3.1614257240616429e-02
    1.700000   1.53841049  3.0255599329520610e-02
    1.700000   1.60318216  3.0255599185901899e-02
    1.700000   1.66795381  3.1614256842391206e-02
    1.700000   1.73272541  3.4410825568198529e-02
    1.700000   1.79749694  3.8811437016730593e-02
    1.700000   1.86226837  4.5084779946267563e-02
    1.700000   1.92703964  5.3626532868211792e-02
    1.700000   1.99181073  6.4993120543384394e-02
    1.700000   2.05658157  7.9944391545962834e-02
    1.700000   2.12135212  9.9492254936387858e-02
    1.700000   2.18612229  1.2494711175584937e-01
    1.700000   2.25089198  1.5794522106089010e-01
    1.700000   2.31566107  2.0042971886090055e-01
    1.700000   2.38042940  2.5455850821046272e-01
    1.700000   2.44519674  3.2257168746154402e-01
    1.700000   2.50996278  4.0691774817630505e-01
    1.700000   2.57472706  5.1180697260913732e-01
    1.700000   2.63948889  6.4971899167964020e-01
    1.700000   2.70424717  8.6162757269261370e-01
    1.700000   2.76900006  1.2675647212054668e+00
    1.700000   2.83374417  2.1621841731169464e+00
    1.700000   2.89847256  4.1075590174347205e+00
    1.700000   2.96316844  7.7697369037264830e+00
    1.700000   3.02777863  1.3060959591813592e+01
    1.700000   3.09200950  1.7943061339841297e+01
    1.750000   0.04958315  8.7879143171900491e+00
    1.750000   0.11381403  6.7191166292592133e+00
    1.750000   0.17842421  4.3555175548823621e+00
    1.750000   0.24312010  2.5921595574441558e+00
    1.750000   0.30784849  1.5612630834554990e+00
    1.750000   0.37259260  1.0251731980633199e+00
    1.750000   0.43734549  7.4200870040002831e-01
    1.750000   0.50210377  5.7111164072682674e-01
    1.750000   0.56686560  4.5024073673148252e-01
    1.750000   0.63162987  3.5619814842198688e-01
    1.750000   0.69639591  2.8082062515708456e-01
    1.750000   0.76116325  2.2055815785726104e-01
    1.750000   0.82593158  1.7295263674863887e-01
    1.750000   0.89070068  1.3578595940461835e-01
    1.750000   0.95547037  1.0702321279296925e-01
    1.750000   1.02024053  8.4892888831366170e-02
    1.750000   1.08501108  6.7932170728512403e-02
    1.750000   1.14978193  5.4982076738921894e-02
    1.750000   1.21455301  4.5152594063731386e-02
    1.750000   1.27932429  3.7777111435956835e-02
    1.750000   1.34409571  3.2367881981283542e-02
    1.750000   1.40886724  2.8578024331266324e-02
    1.750000   1.47363885  2.6171858262346508e-02
    1.750000   1.53841049  2.5003571274902995e-02
    1.750000   1.60318216  2.5003571177445595e-02
    1.750000   1.66795381  2.6171857994811351e-02
    1.750000   1.73272541  2.8578023977789122e-02
    1.750000   1.79749694  3.2367881716974044e-02
    1.750000   1.86226837  3.7777111589940598e-02
    1.750000   1.92703964  4.5152595232443124e-02
    1.750000   1.99181073  5.4982079984380337e-02
    1.750000   2.05658157  6.7932177924071246e-02
    1.750000   2.12135212  8.4892903267170555e-02
    1.750000   2.18612229  1.0702324024354250e-01
    1.750000   2.25089198  1.3578601002550025e-01
    1.750000   2.31566107  1.7295272846912640e-01
    1.750000   2.38042940  2.2055832248023777e-01
    1.750000   2.44519674  2.8082091934480724e-01
    1.750000   2.50996278  3.5619867340197009e-01
    1.750000   2.57472706  4.5024167316244396e-01
    1.750000   2.63948889  5.7111330853334086e-01
    1.750000   2.70424717  7.4201165533585600e-01
    1.750000   2.76900006  1.0251783690228984e+00
    1.750000   2.83374417  1.5612719152794918e+00
    1.750000   2.89847256  2.5921740163762910e+00
    1.750000   2.96316844  4.3555396792510424e+00
    1.750000   3.02777863  6.7191472947359010e+00
    1.750000   3.09200950  8.7879515982828700e+00
    1.800000   0.04958315  4.7276864948228967e+00
    1.800000   0.11381403  3.7942642599180103e+00
    1.800000   0.17842421  2.6739927106532226e+00
    1.800000   0.24312010  1.7739553668585686e+00
    1.800000   0.30784849  1.1925565454474700e+00
    1.800000   0.37259260  8.4912385401406532e-01
    1.800000   0.43734549  6.4022576224444516e-01
    1.800000   0.50210377  4.9905428764602117e-01
    1.800000   0.56686560  3.9341401282653837e-01
    1.800000   0.63162987  3.1002402439597521e-01
    1.800000   0.69639591  2.4335023146295320e-01
    1.800000   0.76116325  1.9037238511230611e-01
    1.800000   0.82593158  1.4874974576987518e-01
    1.800000   0.89070068  1.1638494303263036e-01
    1.800000   0.95547037  9.1410094705682787e-02
    1.800000   1.02024053  7.2235163664313373e-02
    1.800000   1.08501108  5.7565058648226260e-02
    1.800000   1.14978193  4.6381543549337351e-02
    1.800000   1.21455301  3.7905756173064922e-02
    1.800000   1.27932429  3.1555307480634731e-02
    1.800000   1.34409571  2.6904222782082033e-02
    1.800000   1.40886724  2.3649444416365378e-02
    1.800000   1.47363885  2.1584933342165526e-02
    1.800000   1.53841049  2.0583131933928980e-02
    1.800000   1.60318216  2.0583131870925076e-02
    1.800000   1.66795381  2.1584933172010413e-02
    1.800000   1.73272541  2.3649444202959308e-02
    1.800000   1.79749694  2.6904222658465239e-02
    1.800000   1.86226837  3.1555307696870413e-02
    1.800000   1.92703964  3.7905757182048180e-02
    1.800000   1.99181073  4.6381546156408215e-02
    1.800000   2.05658157  5.7565064270750380e-02
    1.800000   2.12135212  7.2235174783284783e-02
    1.800000   2.18612229  9.1410115655371244e-02
    1.800000   2.25089198  1.1638498138854762e-01
    1.800000   2.31566107  1.4874981479822352e-01
    1.800000   2.38042940  1.9037250809894260e-01
    1.800000   2.44519674  2.4335044934175812e-01
    1.800000   2.50996278  3.1002440905598050e-01
    1.800000   2.57472706  3.9341468982009214e-01
    1.800000   2.63948889  4.9905547332849814e-01
    1.800000   2.70424717  6.4022781980036292e-01
    1.800000   2.76900006  8.4912736500082264e-01
    1.800000   2.83374417  1.1925623671536378e+00
    1.800000   2.89847256  1.7739645884725550e+00
    1.800000   2.96316844  2.6740063533635277e+00
    1.800000   3.02777863  3.7942826162870436e+00
    1.800000   3.09200950  4.7277083796218724e+00
    1.850000   0.04958315  2.8132756660380922e+00
    1.850000   0.11381403  2.3621906946463422e+00
    1.850000   0.17842421  1.7937249986521047e+00
    1.850000   0.24312010  1.3010906304726626e+00
    1.850000   0.30784849  9.4855402489866436e-01
    1.850000   0.37259260  7.1313590355778766e-01
    1.850000   0.43734549  5.5189548266102340e-01
    1.850000   0.50210377  4.3360089514661798e-01
    1.850000   0.56686560  3.4169498037399254e-01
    1.850000   0.63162987  2.6845572441242099e-01
    1.850000   0.69639591  2.0999383074220701e-01
    1.850000   0.76116325  1.6373739669637741e-01
    1.850000   0.82593158  1.2753720198996069e-01
    1.850000   0.89070068  9.9472619669955117e-02
    1.850000   0.95547037  7.7863911618265336e-02
    1.850000   1.02024053  6.1302092203130813e-02
    1.850000   1.08501108  4.8650201581960317e-02
    1.850000   1.14978193  3.9019014443874060e-02
    1.850000   1.21455301  3.1730095069086396e-02
    1.850000   1.27932429  2.6276605469998767e-02
    1.850000   1.34409571  2.2287805095947778e-02
    1.850000   1.40886724  1.9499781305499661e-02
    1.850000   1.47363885  1.7732974166124425e-02
    1.850000   1.53841049  1.6876142049066550e-02
    1.850000   1.60318216  1.6876142011423272e-02
    1.850000   1.66795381  1.7732974067475992e-02
    1.850000   1.73272541  1.9499781194253874e-02
    1.850000   1.79749694  2.2287805072907715e-02
    1.850000   1.86226837  2.6276605724601079e-02
    1.850000   1.92703964  3.1730095944161277e-02
    1.850000   1.99181073  3.9019016548124522e-02
    1.850000   2.05658157  4.8650205984114167e-02
    1.850000   2.12135212  6.1302100767486017e-02
    1.850000   2.18612229  7.7863927586449208e-02
    1.850000   2.25089198  9.9472648672556341e-02
    1.850000   2.31566107  1.2753725380772329e-01
    1.850000   2.38042940  1.6373748831983931e-01
    1.850000   2.44519674  2.0999399164733912e-01
    1.850000   2.50996278  2.6845600551149007e-01
    1.850000   2.57472706  3.4169546874925405e-01
    1.850000   2.63948889  4.3360173701119564e-01
    1.850000   2.70424717  5.5189691567143906e-01
    1.850000   2.76900006  7.1313829341287460e-01
    1.850000   2.83374417  9.4855788474169200e-01
    1.850000   2.89847256  1.3010965723521708e+00
    1.850000   2.96316844  1.7937335431415633e+00
    1.850000   3.02777863  2.3622019145181627e+00
    1.850000   3.09200950  2.8132888339017041e+00
    1.900000   0.04958315  1.8436115625049414e+00
    1.900000   0.11381403  1.6080879468505507e+00
    1.900000   0.17842421  1.2962632051723126e+00
    1.900000   0.24312010  1.0046404373169626e+00
    1.900000   0.30784849  7.7429941367286215e-01
    1.900000   0.37259260  6.0304813968937343e-01
    1.900000   0.43734549  4.7452394199981279e-01
    1.900000   0.50210377  3.7469589268692255e-01
    1.900000   0.56686560  2.9517243588286141e-01
    1.900000   0.63162987  2.3138287143792360e-01
    1.900000   0.69639591  1.8050613222480269e-01
    1.900000   0.76116325  1.4036128894263272e-01
    1.900000   0.82593158  1.0902725852376552e-01
    1.900000   0.89070068  8.4786439199177777e-02
    1.900000   0.95547037  6.6152538359341886e-02
    1.900000   1.02024053  5.1890352277109468e-02
    1.900000   1.08501108  4.1009128054532169e-02
    1.900000   1.14978193  3.2736541253319110e-02
    1.900000   1.21455301  2.6484185741308019e-02
    1.900000   1.27932429  2.1812588842689374e-02
    1.900000   1.34409571  1.8400144769730408e-02
    1.900000   1.40886724  1.6017741672572687e-02
    1.900000   1.47363885  1.4509366096678789e-02
    1.900000   1.53841049  1.3778293488708352e-02
    1.900000   1.60318216  1.3778293469422991e-02
    1.900000   1.66795381  1.4509366049614555e-02
    1.900000   1.73272541  1.6017741634312996e-02
    1.900000   1.79749694  1.8400144816454946e-02
    1.900000   1.86226837  2.1812589117506009e-02
    1.900000   1.92703964  2.6484186502962463e-02
    1.900000   1.99181073  3.2736542960464590e-02
    1.900000   2.05658157  4.1009131510446710e-02
    1.900000   2.12135212  5.1890358878145013e-02
    1.900000   2.18612229  6.6152550522041054e-02
    1.900000   2.25089198  8.4786461095064408e-02
    1.900000   2.31566107  1.0902729734137231e-01
    1.900000   2.38042940  1.4036135704291280e-01
    1.900000   2.44519674  1.8050625077830412e-01
    1.900000   2.50996278  2.3138307642830075e-01
    1.900000   2.57472706  2.9517278764114629e-01
    1.900000   2.63948889  3.7469649004516259e-01
    1.900000   2.70424717  4.7452494081909757e-01
    1.900000   2.76900006  6.0304977111044522e-01
    1.900000   2.83374417  7.7430198763921088e-01
    1.900000   2.89847256  1.0046443025091529e+00
    1.900000   2.96316844  1.2962686308454183e+00
    1.900000   3.02777863  1.6080949283481327e+00
    1.900000   3.09200950  1.8436196513096788e+00
    1.950000   0.04958315  1.3091551557056926e+00
    1.950000   0.11381403  1.1753439311777654e+00
    1.950000   0.17842421  9.8942824225951287e-01
    1.950000   0.24312010  8.0258002792982619e-01
    1.950000   0.30784849  6.4157569258928282e-01
    1.950000   0.37259260  5.1116189814674162e-01
    1.950000   0.43734549  4.0659460953568677e-01
    1.950000   0.50210377  3.2215695065831368e-01
    1.950000   0.56686560  2.5373738065691087e-01
    1.950000   0.63162987  1.9858293741279234e-01
    1.950000   0.69639591  1.5459701381425020e-01
    1.950000   0.76116325  1.1994318846763942e-01
    1.950000   0.82593158  9.2939502034952812e-02
    1.950000   0.89070068  7.2077718882336453e-02
    1.950000   0.95547037  5.6059856042105678e-02
    1.950000   1.02024053  4.3812937209520182e-02
    1.950000   1.08501108  3.4479298517799281e-02
    1.950000   1.14978193  2.7391510622122885e-02
    1.950000   1.21455301  2.2041321978578308e-02
    1.950000   1.27932429  1.8049002723360109e-02
    1.950000   1.34409571  1.5136453417584969e-02
    1.950000   1.40886724  1.3105368557361184e-02
    1.950000   1.47363885  1.1820586746135280e-02
    1.950000   1.53841049  1.1198246956708168e-02
    1.950000   1.60318216  1.1198246950435420e-02
    1.950000   1.66795381  1.1820586735454787e-02
    1.950000   1.73272541  1.3105368569858432e-02
    1.950000   1.79749694  1.5136453510689946e-02
    1.950000   1.86226837  1.8049003004894613e-02
    1.950000   1.92703964  2.2041322643272330e-02
    1.950000   1.99181073  2.7391512014547391e-02
    1.950000   2.05658157  3.4479301239891583e-02
    1.950000   2.12135212  4.3812942303966616e-02
    1.950000   2.18612229  5.6059865304963596e-02
    1.950000   2.25089198  7.2077735395158923e-02
    1.950000   2.31566107  9.2939531066594666e-02
    1.950000   2.38042940  1.1994323898869866e-01
    1.950000   2.44519674  1.5459710099885540e-01
    1.950000   2.50996278  1.9858308665723667e-01
    1.950000   2.57472706  2.5373763373873626e-01
    1.950000   2.63948889  3.2215737444191478e-01
    1.950000   2.70424717  4.0659530652963971e-01
    1.950000   2.76900006  5.1116301525623631e-01
    1.950000   2.83374417  6.4157741872881413e-01
    1.950000   2.89847256  8.0258256433361419e-01
    1.950000   2.96316844  9.8943172981363936e-01
    1.950000   3.02777863  1.1753483428312919e+00
    1.950000   3.09200950  1.3091602126797397e+00
    2.000000   0.04958315  9.8579754345119652e-01
    2.000000   0.11381403  9.0303653479598556e-01
    2.000000   0.17842421  7.8290533061361212e-01
    2.000000   0.24312010  6.5441483239416598e-01
    2.000000   0.30784849  5.3565881526894021e-01
    2.000000   0.37259260  4.3314327131585867e-01
    2.000000   0.43734549  3.4706449071443041e-01
    2.000000   0.50210377  2.7568686231050088e-01
    2.000000   0.56686560  2.1714720185776670e-01
    2.000000   0.63162987  1.6976470530884943e-01
    2.000000   0.69639591  1.3195546356600360e-01
    2.000000   0.76116325  1.0218597237925933e-01
    2.000000   0.82593158  7.9007728643868097e-02
    2.000000   0.89070068  6.1115447768044180e-02
    2.000000   0.95547037  4.7387842820854120e-02
    2.000000   1.02024053  3.6900211433913699e-02
    2.000000   1.08501108  2.8914487132127596e-02
    2.000000   1.14978193  2.2856562046188838e-02
    2.000000   1.21455301  1.8289104647173860e-02
    2.000000   1.27932429  1.4885105089591498e-02
    2.000000   1.34409571  1.2404820800711879e-02
    2.000000   1.40886724  1.0677108062156437e-02
    2.000000   1.47363885  9.5852003859059898e-03
    2.000000   1.53841049  9.0565916480881744e-03
    2.000000   1.60318216  9.0565916507863043e-03
    2.000000   1.66795381  9.5852004001256551e-03
    2.000000   1.73272541  1.0677108108655433e-02
    2.000000   1.79749694  1.2404820922686416e-02
    2.000000   1.86226837  1.4885105368071406e-02
    2.000000   1.92703964  1.8289105228312036e-02
    2.000000   1.99181073  2.2856563188115023e-02
    2.000000   2.05658157  2.8914489284600321e-02
    2.000000   2.12135212  3.6900215373288955e-02
    2.000000   2.18612229  4.7387849878279258e-02
    2.000000   2.25089198  6.1115460213834884e-02
    2.000000   2.31566107  7.9007750330406787e-02
    2.000000   2.38042940  1.0218600980292226e-01
    2.000000   2.44519674  1.3195552758510395e-01
    2.000000   2.50996278  1.6976481383027248e-01
    2.000000   2.57472706  2.1714738381165202e-01
    2.000000   2.63948889  2.7568716299589957e-01
    2.000000   2.70424717  3.4706497776981066e-01
    2.000000   2.76900006  4.3314403864775791e-01
    2.000000   2.83374417  5.3565997905235530e-01
    2.000000   2.89847256  6.5441651018647740e-01
    2.000000   2.96316844  7.8290759675862254e-01
    2.000000   3.02777863  9.0303936007352281e-01
    2.000000   3.09200950  9.8580075297641223e-01
    2.050000   0.04958315  7.7152013338992698e-01
    2.050000   0.11381403  7.1626716884253416e-01
    2.050000   0.17842421  6.3309677455458746e-01
    2.050000   0.24312010  5.3963455931875337e-01
    2.050000   0.30784849  4.4859848275615166e-01
    2.050000   0.37259260  3.6637710386484151e-01
    2.050000   0.43734549  2.9510461801869908e-01
    2.050000   0.50210377  2.3489902406677093e-01
    2.050000   0.56686560  1.8507483824999491e-01
    2.050000   0.63162987  1.4459977006937727e-01
    2.050000   0.69639591  1.1226611740932045e-01
    2.050000   0.76116325  8.6804392434650463e-02
    2.050000   0.82593158  6.6983813338767656e-02
    2.050000   0.89070068  5.1688027346572872e-02
    2.050000   0.95547037  3.9957202195210054e-02
    2.050000   1.02024053  3.0999911658282624e-02
    2.050000   1.08501108  2.4184398186227106e-02
    2.050000   1.14978193  1.9018951084272928e-02
    2.050000   1.21455301  1.5128630720870076e-02
    2.050000   1.27932429  1.2232733873286867e-02
    2.050000   1.34409571  1.0125197190653148e-02
    2.050000   1.40886724  8.6587348940575341e-03
    2.050000   1.47363885  7.7327486292977235e-03
    2.050000   1.53841049  7.2847193803156169e-03
    2.050000   1.60318216  7.2847193889612454e-03
    2.050000   1.66795381  7.7327486598375477e-03
    2.050000   1.73272541  8.6587349620836970e-03
    2.050000   1.79749694  1.0125197328586098e-02
    2.050000   1.86226837  1.2232734141875817e-02
    2.050000   1.92703964  1.5128631229521312e-02
    2.050000   1.99181073  1.9018952025828314e-02
    2.050000   2.05658157  2.4184399895800460e-02
    2.050000   2.12135212  3.0999914712331569e-02
    2.050000   2.18612229  3.9957207577691667e-02
    2.050000   2.25089198  5.1688036725980942e-02
    2.050000   2.31566107  6.6983829525574953e-02
    2.050000   2.38042940  8.6804420124773823e-02
    2.050000   2.44519674  1.1226616436248701e-01
    2.050000   2.50996278  1.4459984890402386e-01
    2.050000   2.57472706  1.8507496900720466e-01
    2.050000   2.63948889  2.3489923748804853e-01
    2.050000   2.70424717  2.9510495889014227e-01
    2.050000   2.76900006  3.6637763256369221e-01
    2.050000   2.83374417  4.4859927134301714e-01
    2.050000   2.89847256  5.3963567724914385e-01
    2.050000   2.96316844  6.3309826125832303e-01
    2.050000   3.02777863  7.1626899940305611e-01
    2.050000   3.09200950  7.7152219705080827e-01
    2.100000   0.04958315  6.1815169688626359e-01
    2.100000   0.11381403  5.7892457566448319e-01
    2.100000   0.17842421  5.1820566913522770e-01
    2.100000   0.24312010  4.4742446219478998e-01
    2.100000   0.30784849  3.7584185258948249e-01
    2.100000   0.37259260  3.0911772726484016e-01
    2.100000   0.43734549  2.4997855938582056e-01
    2.100000   0.50210377  1.9934699937165010e-01
    2.100000   0.56686560  1.5714584716830685e-01
    2.100000   0.63162987  1.2274505558351352e-01
    2.100000   0.69639591  9.5220466149799524e-02
    2.100000   0.76116325  7.3530037721640906e-02
    2.100000   0.82593158  5.6639591653969812e-02
    2.100000   0.89070068  4.3603684516374544e-02
    2.100000   0.95547037  3.3607066812550927e-02
    2.100000   1.02024053  2.5976490890149504e-02
    2.100000   1.08501108  2.0173813863714328e-02
    2.100000   1.14978193  1.5779581905558240e-02
    2.100000   1.21455301  1.2473454519665283e-02
    2.100000   1.27932429  1.0015223074857959e-02
    2.100000   1.34409571  8.2282811453463240e-03
    2.100000   1.40886724  6.9862229784448454e-03
    2.100000   1.47363885  6.2026114583554285e-03
    2.100000   1.53841049  5.8236813717623091e-03
    2.100000   1.60318216  5.8236813841210456e-03
    2.100000   1.66795381  6.2026114988858651e-03
    2.100000   1.73272541  6.9862230588408712e-03
    2.100000   1.79749694  8.2282812898949991e-03
    2.100000   1.86226837  1.0015223329000693e-02
    2.100000   1.92703964  1.2473454965094308e-02
    2.100000   1.99181073  1.5779582685954682e-02
    2.100000   2.05658157  2.0173815228089805e-02
    2.100000   2.12135212  2.5976493265384159e-02
    2.100000   2.18612229  3.3607070924104358e-02
    2.100000   2.25089198  4.3603691587569340e-02
    2.100000   2.31566107  5.6639603730956195e-02
    2.100000   2.38042940  7.3530058193296569e-02
    2.100000   2.44519674  9.5220500555438917e-02
    2.100000   2.50996278  1.2274511281180864e-01
    2.100000   2.57472706  1.5714594111119301e-01
    2.100000   2.63948889  1.9934715093147032e-01
    2.100000   2.70424717  2.4997879832426778e-01
    2.100000   2.76900006  3.0911809262451867e-01
    2.100000   2.83374417  3.7584238943776832e-01
    2.100000   2.89847256  4.4742521199968632e-01
    2.100000   2.96316844  5.1820665283461498e-01
    2.100000   3.02777863  5.7892577388770528e-01
    2.100000   3.09200950  6.1815303883793382e-01
    2.150000   0.04958315  5.0193044648222329e-01
    2.150000   0.11381403  4.7280236480837995e-01
    2.150000   0.17842421  4.2678927911266529e-01
    2.150000   0.24312010  3.7172719505614038e-01
    2.150000   0.30784849  3.1455191471501903e-01
    2.150000   0.37259260  2.6006415961395568e-01
    2.150000   0.43734549  2.1099376404166484e-01
    2.150000   0.50210377  1.6855246248650774e-01
    2.150000   0.56686560  1.3296575882980327e-01
    2.150000   0.63162987  1.0385859821670694e-01
    2.150000   0.69639591  8.0524223567482400e-02
    2.150000   0.76116325  6.2114126972718321e-02
    2.150000   0.82593158  4.7767443663101261e-02
    2.150000   0.89070068  3.6690054809746575e-02
    2.150000   0.95547037  2.8194144993180053e-02
    2.150000   1.02024053  2.1710079922333737e-02
    2.150000   1.08501108  1.6781480800215628e-02
    2.150000   1.14978193  1.3051867240824171e-02
    2.150000   1.21455301  1.0248442638861764e-02
    2.150000   1.27932429  8.1662622788239627e-03
    2.150000   1.34409571  6.6543873153014849e-03
    2.150000   1.40886724  5.6046219064294295e-03
    2.150000   1.47363885  4.9428905396611154e-03
    2.150000   1.53841049  4.6230753202684922e-03
    2.150000   1.60318216  4.6230753347125553e-03
    2.150000   1.66795381  4.9428905855834855e-03
    2.150000   1.73272541  5.6046219925900854e-03
    2.150000   1.79749694  6.6543874598649147e-03
    2.150000   1.86226837  8.1662625157102008e-03
    2.150000   1.92703964  1.0248443028921842e-02
    2.150000   1.99181073  1.3051867890830847e-02
    2.150000   2.05658157  1.6781481894703319e-02
    2.150000   2.12135212  2.1710081776580490e-02
    2.150000   2.18612229  2.8194148140718325e-02
    2.150000   2.25089198  3.6690060145463443e-02
    2.150000   2.31566107  4.7767452673785599e-02
    2.150000   2.38042940  6.2114142100312575e-02
    2.150000   2.44519674  8.0524248762545478e-02
    2.150000   2.50996278  1.0385863973940326e-01
    2.150000   2.57472706  1.3296582631715922e-01
    2.150000   2.63948889  1.6855257017970968e-01
    2.150000   2.70424717  2.1099393178988815e-01
    2.150000   2.76900006  2.6006441280503412e-01
    2.150000   2.83374417  3.1455228175609501e-01
    2.150000   2.89847256  3.7172770094627394e-01
    2.150000   2.96316844  4.2678993493181233e-01
    2.150000   3.02777863  4.7280315617462415e-01
    2.150000   3.09200950  5.0193132774477267e-01
    2.200000   0.04958315  4.1045803760067034e-01
    2.200000   0.11381403  3.8816032319673993e-01
    2.200000   0.17842421  3.5242455055584271e-01
    2.200000   0.24312010  3.0886278759462404e-01
    2.200000   0.30784849  2.6277758302315313e-01
    2.200000   0.37259260  2.1815508773377246e-01
    2.200000   0.43734549  1.7748822955852916e-01
    2.200000   0.50210377  1.4202871959055352e-01
    2.200000   0.56686560  1.1213970275098278e-01
    2.200000   0.63162987  8.7610288933691480e-02
    2.200000   0.69639591  6.7901924227362187e-02
    2.200000   0.76116325  5.2328811002627401e-02
    2.200000   0.82593158  4.0180042214103776e-02
    2.200000   0.89070068  3.0793266903354027e-02
    2.200000   0.95547037  2.3591555195428878e-02
    2.200000   1.02024053  1.8095251227630844e-02
    2.200000   1.08501108  1.3918876261423640e-02
    2.200000   1.14978193  1.0760523560097721e-02
    2.200000   1.21455301  8.3886054803657718e-03
    2.200000   1.27932429  6.6287637402074398e-03
    2.200000   1.34409571  5.3523446056637104e-03
    2.200000   1.40886724  4.4669797600530485e-03
    2.200000   1.47363885  3.9093491145372038e-03
    2.200000   1.53841049  3.6399940126649777e-03
    2.200000   1.60318216  3.6399940280298247e-03
    2.200000   1.66795381  3.9093491625734290e-03
    2.200000   1.73272541  4.4669798473182852e-03
    2.200000   1.79749694  5.3523447457257097e-03
    2.200000   1.86226837  6.6287639583391851e-03
    2.200000   1.92703964  8.3886058217897894e-03
    2.200000   1.99181073  1.0760524103955687e-02
    2.200000   2.05658157  1.3918877144102776e-02
    2.200000   2.12135212  1.8095252681368905e-02
    2.200000   2.18612229  2.3591557611627793e-02
    2.200000   2.25089198  3.0793270935171178e-02
    2.200000   2.31566107  4.0180048939829641e-02
    2.200000   2.38042940  5.2328822179332025e-02
    2.200000   2.44519674  6.7901942670132956e-02
    2.200000   2.50996278  8.7610319051034752e-02
    2.200000   2.57472706  1.1213975123395749e-01
    2.200000   2.63948889  1.4202879616193606e-01
    2.200000   2.70424717  1.7748834750358586e-01
    2.200000   2.76900006  2.1815526364986979e-01
    2.200000   2.83374417  2.6277783494897194e-01
    2.200000   2.89847256  3.0886313073610788e-01
    2.200000   2.96316844  3.5242499072054179e-01
    2.200000   3.02777863  3.8816084997671890e-01
    2.200000   3.09200950  4.1045862131782934e-01
    2.250000   0.04958315  3.3678294472298936e-01
    2.250000   0.11381403  3.1937591164687046e-01
    2.250000   0.17842421  2.9119079634651857e-01
    2.250000   0.24312010  2.5637746346680351e-01
    2.250000   0.30784849  2.1904795748130118e-01
    2.250000   0.37259260  1.8247405881907344e-01
    2.250000   0.43734549  1.4883211766977070e-01
    2.250000   0.50210377  1.1929888641252046e-01
    2.250000   0.56686560  9.4285963584304106e-02
    2.250000   0.63162987  7.3688850146075277e-02
    2.250000   0.69639591  5.7099520180940277e-02
    2.250000   0.76116325  4.3967453802527472e-02
    2.250000   0.82593158  3.3709573204729698e-02
    2.250000   0.89070068  2.5776745611011464e-02
    2.250000   0.95547037  1.9687508876918076e-02
    2.250000   1.02024053  1.5039706594097054e-02
    2.250000   1.08501108  1.1508946548915376e-02
    2.250000   1.14978193  8.8403723025024545e-03
    2.250000   1.21455301  6.8379595124683249e-03
    2.250000   1.27932429  5.3537784273101673e-03
    2.250000   1.34409571  4.2784565684977306e-03
    2.250000   1.40886724  3.5333374195834879e-03
    2.250000   1.47363885  3.0644292170718115e-03
    2.250000   1.53841049  2.8380540899549302e-03
    2.250000   1.60318216  2.8380541054265056e-03
    2.250000   1.66795381  3.0644292649426559e-03
    2.250000   1.73272541  3.5333375047622243e-03
    2.250000   1.79749694  4.2784567011101334e-03
    2.250000   1.86226837  5.3537786261566231e-03
    2.250000   1.92703964  6.8379598110845027e-03
    2.250000   1.99181073  8.8403727594020837e-03
    2.250000   2.05658157  1.1508947264631291e-02
    2.250000   2.12135212  1.5039707739242040e-02
    2.250000   2.18612229  1.9687510737900388e-02
    2.250000   2.25089198  2.5776748663473528e-02
    2.250000   2.31566107  3.3709578229209280e-02
    2.250000   2.38042940  4.3967462061496612e-02
    2.250000   2.44519674  5.7099533678714995e-02
    2.250000   2.50996278  7.3688871986965249e-02
    2.250000   2.57472706  9.4285998417957942e-02
    2.250000   2.63948889  1.1929894089029144e-01
    2.250000   2.70424717  1.4883220071412354e-01
    2.250000   2.76900006  1.8247418133602514e-01
    2.250000   2.83374417  2.1904813100536888e-01
    2.250000   2.89847256  2.5637769732365634e-01
    2.250000   2.96316844  2.9119109352521877e-01
    2.250000   3.02777863  3.1937626472860736e-01
    2.250000   3.09200950  3.3678333426847312e-01
    2.300000   0.04958315  2.7666152108262765e-01
    2.300000   0.11381403  2.6290592766232074e-01
    2.300000   0.17842421  2.4046762207599470e-01
    2.300000   0.24312010  2.1248441951463384e-01
    2.300000   0.30784849  1.8217542412071472e-01
    2.300000   0.37259260  1.5220769092866468e-01
    2.300000   0.43734549  1.2443397202240657e-01
    2.300000   0.50210377  9.9908875101025418e-02
    2.300000   0.56686560  7.9044843707045176e-02
    2.300000   0.63162987  6.1806016718254163e-02
    2.300000   0.69639591  4.7885536481781725e-02
    2.300000   0.76116325  3.6844218282371076e-02
    2.300000   0.82593158  2.8206633435844317e-02
    2.300000   0.89070068  2.1519874522721642e-02
    2.300000   0.95547037  1.6383944620195271e-02
    2.300000   1.02024053  1.2462965746066087e-02
    2.300000   1.08501108  9.4848761991076259e-03
    2.300000   1.14978193  7.2351914665257462e-03
    2.300000   1.21455301  5.5484535130374399e-03
    2.300000   1.27932429  4.2994857522208971e-03
    2.300000   1.34409571  3.3955423405644747e-03
    2.300000   1.40886724  2.7698080754544187e-03
    2.300000   1.47363885  2.3763569807720686e-03
    2.300000   1.53841049  2.1865142773660742e-03
    2.300000   1.60318216  2.1865142923932130e-03
    2.300000   1.66795381  2.3763570269468440e-03
    2.300000   1.73272541  2.7698081564533996e-03
    2.300000   1.79749694  3.3955424639426856e-03
    2.300000   1.86226837  4.2994859319467954e-03
    2.300000   1.92703964  5.5484537739313184e-03
    2.300000   1.99181073  7.2351918517442326e-03
    2.300000   2.05658157  9.4848767825555739e-03
    2.300000   2.12135212  1.2462966652741997e-02
    2.300000   2.18612229  1.6383946059133406e-02
    2.300000   2.25089198  2.1519876839483913e-02
    2.300000   2.31566107  2.8206637194326110e-02
    2.300000   2.38042940  3.6844224388335713e-02
    2.300000   2.44519674  4.7885546361053043e-02
    2.300000   2.50996278  6.1806032556532504e-02
    2.300000   2.57472706  7.9044868737993823e-02
    2.300000   2.63948889  9.9908913883561781e-02
    2.300000   2.70424717  1.2443403056838127e-01
    2.300000   2.76900006  1.5220777643884192e-01
    2.300000   2.83374417  1.8217554401873298e-01
    2.300000   2.89847256  2.1248457956341105e-01
    2.300000   2.96316844  2.4046782376576536e-01
    2.300000   3.02777863  2.6290616575367470e-01
    2.300000   3.09200950  2.7666178275551767e-01
    2.350000   0.04958315  2.2726461264813225e-01
    2.350000   0.11381403  2.1631419692221238e-01
    2.350000   0.17842421  1.9835307890178996e-01
    2.350000   0.24312010  1.7578986403629401e-01
    2.350000   0.30784849  1.5115998971537553e-01
    2.350000   0.37259260  1.2662789001358776e-01
    2.350000   0.43734549  1.0374676923227792e-01
    2.350000   0.50210377  8.3435866230669717e-02
    2.350000   0.56686560  6.6083965661542607e-02
    2.350000   0.63162987  5.1698663109038756e-02
    2.350000   0.69639591  4.0051198858808174e-02
    2.350000   0.76116325  3.0793187033379112e-02
    2.350000   0.82593158  2.3538944348157113e-02
    2.350000   0.89070068  1.7916609381155389e-02
    2.350000   0.95547037  1.3595177941887172e-02
    2.350000   1.02024053  1.0295103247582996e-02
    2.350000   1.08501108  7.7889230403525066e-03
    2.350000   1.14978193  5.8966433258806437e-03
    2.350000   1.21455301  4.4789773235626119e-03
    2.350000   1.27932429  3.4302699038670998e-03
    2.350000   1.34409571  2.6720667965990531e-03
    2.350000   1.40886724  2.1477475668768261e-03
    2.350000   1.47363885  1.8183396868964815e-03
    2.350000   1.53841049  1.6594857665355009e-03
    2.350000   1.60318216  1.6594857807619373e-03
    2.350000   1.66795381  1.8183397303987131e-03
    2.350000   1.73272541  2.1477476424131459e-03
    2.350000   1.79749694  2.6720669098088223e-03
    2.350000   1.86226837  3.4302700651210869e-03
    2.350000   1.92703964  4.4789775511994276e-03
    2.350000   1.99181073  5.8966436516553374e-03
    2.350000   2.05658157  7.7889235184476543e-03
    2.350000   2.12135212  1.0295103969320622e-02
    2.350000   2.18612229  1.3595179059416497e-02
    2.350000   2.25089198  1.7916611144915565e-02
    2.350000   2.31566107  2.3538947164686672e-02
    2.350000   2.38042940  3.0793191551497744e-02
    2.350000   2.44519674  4.0051206091847300e-02
    2.350000   2.50996278  5.1698674595604011e-02
    2.350000   2.57472706  6.6083983652093614e-02
    2.350000   2.63948889  8.3435893855451179e-02
    2.350000   2.70424717  1.0374681055427780e-01
    2.350000   2.76900006  1.2662794980848840e-01
    2.350000   2.83374417  1.5116007279005111e-01
    2.350000   2.89847256  1.7578997397702109e-01
    2.350000   2.96316844  1.9835321641087167e-01
    2.350000   3.02777863  2.1631435832072127e-01
    2.350000   3.09200950  2.2726478942912912e-01
    2.400000   0.04958315  1.8655304490588073e-01
    2.400000   0.11381403  1.7779792401898095e-01
    2.400000   0.17842421  1.6337648856189313e-01
    2.400000   0.24312010  1.4515619830349363e-01
    2.400000   0.30784849  1.2514165206698205e-01
    2.400000   0.37259260  1.0508389482681223e-01
    2.400000   0.43734549  8.6271979807543905e-02
    2.400000   0.50210377  6.9493127265680063e-02
    2.400000   0.56686560  5.5100934214378394e-02
    2.400000   0.63162987  4.3129447371619709e-02
    2.400000   0.69639591  3.3409842668335805e-02
    2.400000   0.76116325  2.5667183692505615e-02
    2.400000   0.82593158  1.9589975710023706e-02
    2.400000   0.89070068  1.4874100554769780e-02
    2.400000   0.95547037  1.1246605871933213e-02
    2.400000   1.02024053  8.4755609945706880e-03
    2.400000   1.08501108  6.3713382895001745e-03
    2.400000   1.14978193  4.7832913841506959e-03
    2.400000   1.21455301  3.5944615363230265e-03
    2.400000   1.27932429  2.7158875752310626e-03
    2.400000   1.34409571  2.0813619656047705e-03
    2.400000   1.40886724  1.6430156255086647e-03
    2.400000   1.47363885  1.3678533618506662e-03
    2.400000   1.53841049  1.2352329342239742e-03
    2.400000   1.60318216  1.2352329474363515e-03
    2.400000   1.66795381  1.3678534021093506e-03
    2.400000   1.73272541  1.6430156948888143e-03
    2.400000   1.79749694  2.0813620683215609e-03
    2.400000   1.86226837  2.7158877189832559e-03
    2.400000   1.92703964  3.5944617346417747e-03
    2.400000   1.99181073  4.7832916603496025e-03
    2.400000   2.05658157  6.3713386831942432e-03
    2.400000   2.12135212  8.4755615722836818e-03
    2.400000   2.18612229  1.1246606744092256e-02
    2.400000   2.25089198  1.4874101902399094e-02
    2.400000   2.31566107  1.9589977825559952e-02
    2.400000   2.38042940  2.5667187039910486e-02
    2.400000   2.44519674  3.3409847966990473e-02
    2.400000   2.50996278  4.3129455704231962e-02
    2.400000   2.57472706  5.5100947147978661e-02
    2.400000   2.63948889  6.9493146952925397e-02
    2.400000   2.70424717  8.6272009001922959e-02
    2.400000   2.76900006  1.0508393670876527e-01
    2.400000   2.83374417  1.2514170976650577e-01
    2.400000   2.89847256  1.4515627406680451e-01
    2.400000   2.96316844  1.6337658268555724e-01
    2.400000   3.02777863  1.7779803392922294e-01
    2.400000   3.09200950  1.8655316492665663e-01
    2.450000   0.04958315  1.5296713327145203e-01
    2.450000   0.11381403  1.4594998791678179e-01
    2.450000   0.17842421  1.3435205953051962e-01
    2.450000   0.24312010  1.1963083298705189e-01
    2.450000   0.30784849  1.0337491610103391e-01
    2.450000   0.37259260  8.6997596666469779e-02
    2.450000   0.43734549  7.1561268013850834e-02
    2.450000   0.50210377  5.7732036165972507e-02
    2.450000   0.56686560  4.5824093209127829e-02
    2.450000   0.63162987  3.5886411399205322e-02
    2.450000   0.69639591  2.7795836369012752e-02
    2.450000   0.76116325  2.1336415632791612e-02
    2.450000   0.82593158  1.6257543880421811e-02
    2.450000   0.89070068  1.2311361575203711e-02
    2.450000   0.95547037  9.2734888563417387e-03
    2.450000   1.02024053  6.9520504750866536e-03
    2.450000   1.08501108  5.1893803662332949e-03
    2.450000   1.14978193  3.8597112782715079e-03
    2.450000   1.21455301  2.8650698213976474e-03
    2.450000   1.27932429  2.1307264966161392e-03
    2.450000   1.34409571  1.6009374025296632e-03
    2.450000   1.40886724  1.2353244906230208e-03
    2.450000   1.47363885  1.0060166026374016e-03
    2.450000   1.53841049  8.9555969177554666e-04
    2.450000   1.60318216  8.9555970386350436e-04
    2.450000   1.66795381  1.0060166393732548e-03
    2.450000   1.73272541  1.2353245535744262e-03
    2.450000   1.79749694  1.6009374948551336e-03
    2.450000   1.86226837  2.1307266240347652e-03
    2.450000   1.92703964  2.8650699938844539e-03
    2.450000   1.99181073  3.8597115129077810e-03
    2.450000   2.05658157  5.1893806919038879e-03
    2.450000   2.12135212  6.9520509401033046e-03
    2.450000   2.18612229  9.2734895406053289e-03
    2.450000   2.25089198  1.2311362609191259e-02
    2.450000   2.31566107  1.6257545473975222e-02
    2.450000   2.38042940  2.1336418117039263e-02
    2.450000   2.44519674  2.7795840253989176e-02
    2.450000   2.50996278  3.5886417446381026e-02
    2.450000   2.57472706  4.5824102509996301e-02
    2.450000   2.63948889  5.7732050202864288e-02
    2.450000   2.70424717  7.1561288657420480e-02
    2.450000   2.76900006  8.6997626042780218e-02
    2.450000   2.83374417  1.0337495625874205e-01
    2.450000   2.89847256  1.1963088534147237e-01
    2.450000   2.96316844  1.3435212417660986e-01
    2.450000   3.02777863  1.4595006305815972e-01
    2.450000   3.09200950  1.5296721510248687e-01
    2.500000   0.04958315  1.2526563331872026e-01
    2.500000   0.11381403  1.1963409324348034e-01
    2.500000   0.17842421  1.1030014354786978e-01
    2.500000   0.24312010  9.8406266166792544e-02
    2.500000   0.30784849  8.5213156217468181e-02
    2.500000   0.37259260  7.1859383362405993e-02
    2.500000   0.43734549  5.9216100749961885e-02
    2.500000   0.50210377  4.7842074148051590e-02
    2.500000   0.56686560  3.8011955009809958e-02
    2.500000   0.63162987  2.9781874401568553e-02
    2.500000   0.69639591  2.3063196024105427e-02
    2.500000   0.76116325  1.7687026708127131e-02
    2.500000   0.82593158  1.3452429250590637e-02
    2.500000   0.89070068  1.0158006626949901e-02
    2.500000   0.95547037  7.6198218135229666e-03
    2.500000   1.02024053  5.6795504995676314e-03
    2.500000   1.08501108  4.2064243308649555e-03
    2.500000   1.14978193  3.0956949400075175e-03
    2.500000   1.21455301  2.2654813152648582e-03
    2.500000   1.27932429  1.6531507959464849e-03
    2.500000   1.34409571  1.2118745091302865e-03
    2.500000   1.40886724  9.0766916921485355e-04
    2.500000   1.47363885  7.1704444666354015e-04
    2.500000   1.53841049  6.2527505994442356e-04
    2.500000   1.60318216  6.2527507087055097e-04
    2.500000   1.66795381  7.1704447980279300e-04
    2.500000   1.73272541  9.0766922575838372e-04
    2.500000   1.79749694  1.2118745914539441e-03
    2.500000   1.86226837  1.6531509083058979e-03
    2.500000   1.92703964  2.2654814650115563e-03
    2.500000   1.99181073  3.0956951396344922e-03
    2.500000   2.05658157  4.2064246013762347e-03
    2.500000   2.12135212  5.6795508759368250e-03
    2.500000   2.18612229  7.6198223533727582e-03
    2.500000   2.25089198  1.0158007424031142e-02
    2.500000   2.31566107  1.3452430455064892e-02
    2.500000   2.38042940  1.7687028555795924e-02
    2.500000   2.44519674  2.3063198876009661e-02
    2.500000   2.50996278  2.9781878792815686e-02
    2.500000   2.57472706  3.8011961700702444e-02
    2.500000   2.63948889  4.7842084160382506e-02
    2.500000   2.70424717  5.9216115357336806e-02
    2.500000   2.76900006  7.1859403990874829e-02
    2.500000   2.83374417  8.5213184214277524e-02
    2.500000   2.89847256  9.8406302428670281e-02
    2.500000   2.96316844  1.1030018807572832e-01
    2.500000   3.02777863  1.1963414478552535e-01
    2.500000   3.09200950  1.2526568931256948e-01
    2.550000   0.04958315  1.0243689379632481e-01
    2.550000   0.11381403  9.7914614563033978e-02
    2.550000   0.17842421  9.0401283009718184e-02
    2.550000   0.24312010  8.0795055911944663e-02
    2.550000   0.30784849  7.0097197755110890e-02
    2.550000   0.37259260  5.9223570163043665e-02
    2.550000   0.43734549  4.8885756559193853e-02
    2.550000   0.50210377  3.9549422087425352e-02
    2.550000   0.56686560  3.1451748438626581e-02
    2.550000   0.63162987  2.4650875833798179e-02
    2.550000   0.69639591  1.9084023861750263e-02
    2.550000   0.76116325  1.4619625212110670e-02
    2.550000   0.82593158  1.1097043462606138e-02
    2.550000   0.89070068  8.3530704838442257e-03
    2.550000   0.95547037  6.2372992464264964e-03
    2.550000   1.02024053  4.6194007327977861e-03
    2.550000   1.08501108  3.3911646235955527e-03
    2.550000   1.14978193  2.4655440060051821e-03
    2.550000   1.21455301  1.7742579144512272e-03
    2.550000   1.27932429  1.2649272246723637e-03
    2.550000   1.34409571  8.9829827897369425e-04
    2.550000   1.40886724  6.4583243527227324e-04
    2.550000   1.47363885  4.8777514536565584e-04
    2.550000   1.53841049  4.1173071678190354e-04
    2.550000   1.60318216  4.1173072655904298e-04
    2.550000   1.66795381  4.8777517497542588e-04
    2.550000   1.73272541  6.4583248562657633e-04
    2.550000   1.79749694  8.9829835186954333e-04
    2.550000   1.86226837  1.2649273232856711e-03
    2.550000   1.92703964  1.7742580442030101e-03
    2.550000   1.99181073  2.4655441760202726e-03
    2.550000   2.05658157  3.3911648491070168e-03
    2.550000   2.12135212  4.6194010390390077e-03
    2.550000   2.18612229  6.2372996748052698e-03
    2.550000   2.25089198  8.3530711014897282e-03
    2.550000   2.31566107  1.1097044376640317e-02
    2.550000   2.38042940  1.4619626590020649e-02
    2.550000   2.44519674  1.9084025958621159e-02
    2.550000   2.50996278  2.4650879025237535e-02
    2.550000   2.57472706  3.1451753254094404e-02
    2.550000   2.63948889  3.9549429231751712e-02
    2.550000   2.70424717  4.8885766901033703e-02
    2.550000   2.76900006  5.9223584661766596e-02
    2.550000   2.83374417  7.0097217300505194e-02
    2.550000   2.89847256  8.0795081075106759e-02
    2.550000   2.96316844  9.0401313752911980e-02
    2.550000   3.02777863  9.7914650014990501e-02
    2.550000   3.09200950  1.0243693222553645e-01
    2.600000   0.04958315  8.3645640975453683e-02
    2.600000   0.11381403  8.0013495209289021e-02
    2.600000   0.17842421  7.3966468264650961e-02
    2.600000   0.24312010  6.6212016609664401e-02
    2.600000   0.30784849  5.7545696659019901e-02
    2.600000   0.37259260  4.8703282876144720e-02
    2.600000   0.43734549  4.0264244488690468e-02
    2.600000   0.50210377  3.2614662180385293e-02
    2.600000   0.56686560  2.5957422537833608e-02
    2.600000   0.63162987  2.0349359967417120e-02
    2.600000   0.69639591  1.5746870014747779e-02
    2.600000   0.76116325  1.2047834346182269e-02
    2.600000   0.82593158  9.1241669054251996e-03
    2.600000   0.89070068  6.8439180087367189e-03
    2.600000   0.95547037  5.0843748530044136e-03
    2.600000   1.02024053  3.7384880445795517e-03
    2.600000   1.08501108  2.7169062667421733e-03
    2.600000   1.14978193  1.9474465668944251e-03
    2.600000   1.21455301  1.3732899125772561e-03
    2.600000   1.27932429  9.5072527896762724e-04
    2.600000   1.34409571  6.4691924018491322e-04
    2.600000   1.40886724  4.3795718615775934e-04
    2.600000   1.47363885  3.0726237206143682e-04
    2.600000   1.53841049  2.4442300994958409e-04
    2.600000   1.60318216  2.4442301862396512e-04
    2.600000   1.66795381  3.0726239830158880e-04
    2.600000   1.73272541  4.3795723066847504e-04
    2.600000   1.79749694  6.4691930433523261e-04
    2.600000   1.86226837  9.5072536513837790e-04
    2.600000   1.92703964  1.3732900247723433e-03
    2.600000   1.99181073  1.9474467117734002e-03
    2.600000   2.05658157  2.7169064553252873e-03
    2.600000   2.12135212  3.7384882950092157e-03
    2.600000   2.18612229  5.0843751949205167e-03
    2.600000   2.25089198  6.8439184900205624e-03
    2.600000   2.31566107  9.1241676022253068e-03
    2.600000   2.38042940  1.2047835377106573e-02
    2.600000   2.44519674  1.5746871559603710e-02
    2.600000   2.50996278  2.0349362289451094e-02
    2.600000   2.57472706  2.5957426005509800e-02
    2.600000   2.63948889  3.2614667280043294e-02
    2.600000   2.70424717  4.0264251813605448e-02
    2.600000   2.76900006  4.8703293073372088e-02
    2.600000   2.83374417  5.7545710318480756e-02
    2.600000   2.89847256  6.6212034096824676e-02
    2.600000   2.96316844  7.3966489530571375e-02
    2.600000   3.02777863  8.0013519648178572e-02
    2.600000   3.09200950  8.3645667413767111e-02
    2.650000   0.04958315  6.8197954001375780e-02
    2.650000   0.11381403  6.5281018910040081e-02
    2.650000   0.17842421  6.0415748400757530e-02
    2.650000   0.24312010  5.4160126846237194e-02
    2.650000   0.30784849  4.7146384030838172e-02
    2.650000   0.37259260  3.9964965060022187e-02
    2.650000   0.43734549  3.3086575002865194e-02
    2.650000   0.50210377  2.6829965863083879e-02
    2.650000   0.56686560  2.1367355702611179e-02
    2.650000   0.63162987  1.6752243568036417e-02
    2.650000   0.69639591  1.2955089856603361e-02
    2.650000   0.76116325  9.8968986734384052e-03
    2.650000   0.82593158  7.4757695155095779e-03
    2.650000   0.89070068  5.5852459249168211e-03
    2.650000   0.95547037  4.1254132257079182e-03
    2.650000   1.02024053  3.0085207310155621e-03
    2.650000   1.08501108  2.1609383097977988e-03
    2.650000   1.14978193  1.5229303939034240e-03
    2.650000   1.21455301  1.0473128017856935e-03
    2.650000   1.27932429  6.9768389153984319e-04
    2.650000   1.34409571  4.4663821700951671e-04
    2.650000   1.40886724  2.7417876810842157e-04
    2.650000   1.47363885  1.6642548392409095e-04
    2.650000   1.53841049  1.1465206131588989e-04
    2.650000   1.60318216  1.1465206895472846e-04
    2.650000   1.66795381  1.6642550701184797e-04
    2.650000   1.73272541  2.7417880719605639e-04
    2.650000   1.79749694  4.4663827314976004e-04
    2.650000   1.86226837  6.9768396652863940e-04
    2.650000   1.92703964  1.0473128985891047e-03
    2.650000   1.99181073  1.5229305173818459e-03
    2.650000   2.05658157  2.1609384679060809e-03
    2.650000   2.12135212  3.0085209367508147e-03
    2.650000   2.18612229  4.1254135001961298e-03
    2.650000   2.25089198  5.5852463021617473e-03
    2.650000   2.31566107  7.4757700494221986e-03
    2.650000   2.38042940  9.8968994477167446e-03
    2.650000   2.44519674  1.2955090997635277e-02
    2.650000   2.50996278  1.6752245259949245e-02
    2.650000   2.57472706  2.1367358201543962e-02
    2.650000   2.63948889  2.6829969504570526e-02
    2.650000   2.70424717  3.3086580192473923e-02
    2.650000   2.76900006  3.9964972235072366e-02
    2.650000   2.83374417  4.7146393583764656e-02
    2.650000   2.89847256  5.4160139011976520e-02
    2.650000   2.96316844  6.0415763131837844e-02
    2.650000   3.02777863  6.5281035785705974e-02
    2.650000   3.09200950  6.8197972224374459e-02
    2.700000   0.04958315  5.5516053112176444e-02
    2.700000   0.11381403  5.3174143276394997e-02
    2.700000   0.17842421  4.9261490935368676e-02
    2.700000   0.24312010  4.4218589590992348e-02
    2.700000   0.30784849  3.8547892279400635e-02
    2.700000   0.37259260  3.2722756590423709e-02
    2.700000   0.43734549  2.7124730924876793e-02
    2.700000   0.50210377  2.2016046879050868e-02
    2.700000   0.56686560  1.7541950017772059e-02
    2.700000   0.63162987  1.3751468192074264e-02
    2.700000   0.69639591  1.0625248285554180e-02
    2.700000   0.76116325  8.1023692361599942e-03
    2.700000   0.82593158  6.1019222808449307e-03
    2.700000   0.89070068  4.5381764829712391e-03
    2.700000   0.95547037  3.3299294354518952e-03
    2.700000   1.02024053  2.4053845752096945e-03
    2.700000   1.08501108  1.7039826572946813e-03
    2.700000   1.14978193  1.1763854494147125e-03
    2.700000   1.21455301  7.8348795630177044e-04
    2.700000   1.27932429  4.9503744006028708e-04
    2.700000   1.34409571  2.8820673236718133e-04
    2.700000   1.40886724  1.4631017718146213e-04
    2.700000   1.47363885  5.7750812305255877e-05
    2.700000   1.53841049  1.5230975388119209e-05
    2.700000   1.60318216  1.5230982070529275e-05
    2.700000   1.66795381  5.7750832489560375e-05
    2.700000   1.73272541  1.4631021130400988e-04
    2.700000   1.79749694  2.8820678124660289e-04
    2.700000   1.86226837  4.9503750506261362e-04
    2.700000   1.92703964  7.8348803963446297e-04
    2.700000   1.99181073  1.1763855546289266e-03
    2.700000   2.05658157  1.7039827901223820e-03
    2.700000   2.12135212  2.4053847449276864e-03
    2.700000   2.18612229  3.3299296570476157e-03
    2.700000   2.25089198  4.5381767804738493e-03
    2.700000   2.31566107  6.1019226922422410e-03
    2.700000   2.38042940  8.1023698202693714e-03
    2.700000   2.44519674  1.0625249130909882e-02
    2.700000   2.50996278  1.3751469427132160e-02
    2.700000   2.57472706  1.7541951820294506e-02
    2.700000   2.63948889  2.2016049480376526e-02
    2.700000   2.70424717  2.7124734602369225e-02
    2.700000   2.76900006  3.2722761640115630e-02
    2.700000   2.83374417  3.8547898963108757e-02
    2.700000   2.89847256  4.4218598060390010e-02
    2.700000   2.96316844  4.9261501149516176e-02
    2.700000   3.02777863  5.3174154943421183e-02
    2.700000   3.09200950  5.5516065689538367e-02
    2.750000   0.04958315  4.5118829666343244e-02
    2.750000   0.11381403  4.3239348072313735e-02
    2.750000   0.17842421  4.0094543269376490e-02
    2.750000   0.24312010  3.6032374983037810e-02
    2.750000   0.30784849  3.1452132969283432e-02
    2.750000   0.37259260  2.6732969025155130e-02
    2.750000   0.43734549  2.2183593550260772e-02
    2.750000   0.50210377  1.8019075926985557e-02
    2.750000   0.56686560  1.4361236252080561e-02
    2.750000   0.63162987  1.1254107460999689e-02
    2.750000   0.69639591  8.6856057812658635e-03
    2.750000   0.76116325  6.6088815755140197e-03
    2.750000   0.82593158  4.9598025823786984e-03
    2.750000   0.89070068  3.6694404823111705e-03
    2.750000   0.95547037  2.6719112047501482e-03
    2.750000   1.02024053  1.9085742075256370e-03
    2.750000   1.08501108  1.3297112562268263e-03
    2.750000   1.14978193  8.9464855002336339e-04
    2.750000   1.21455301  5.7104013563094613e-04
    2.750000   1.27932429  3.3379415192778632e-04
    2.750000   1.34409571  1.6393628946355585e-04
    2.750000   1.40886724  4.7573514912632599e-05
    2.750000   1.47363885 -2.4962535451561402e-05
    2.750000   1.53841049 -5.9761310566812148e-05
    2.750000   1.60318216 -5.9761304756190877e-05
    2.750000   1.66795381 -2.4962517908362612e-05
    2.750000   1.73272541  4.7573544538989082e-05
    2.750000   1.79749694  1.6393633181805431e-04
    2.750000   1.86226837  3.3379420806034011e-04
    2.750000   1.92703964  5.7104020719537651e-04
    2.750000   1.99181073  8.9464863962082739e-04
    2.750000   2.05658157  1.3297113679830506e-03
    2.750000   2.12135212  1.9085743480377539e-03
    2.750000   2.18612229  2.6719113845963659e-03
    2.750000   2.25089198  3.6694407183764065e-03
    2.750000   2.31566107  4.9598029012835393e-03
    2.750000   2.38042940  6.6088820183864451e-03
    2.750000   2.44519674  8.6856064098647569e-03
    2.750000   2.50996278  1.1254108364648680e-02
    2.750000   2.57472706  1.4361237553865121e-02
    2.750000   2.63948889  1.8019077786204839e-02
    2.750000   2.70424717  2.2183596156569018e-02
    2.750000   2.76900006  2.6732972579146464e-02
    2.750000   2.83374417  3.1452137646047276e-02
    2.750000   2.89847256  3.6032380880891321e-02
    2.750000   2.96316844  4.0094550355219527e-02
    2.750000   3.02777863  4.3239356144000624e-02
    2.750000   3.09200950  4.5118838354283555e-02
    2.800000   0.04958315  3.6606094377863170e-02
    2.800000   0.11381403  3.5098494600815662e-02
    2.800000   0.17842421  3.2572456730139747e-02
    2.800000   0.24312010  2.9302961171263315e-02
    2.800000   0.30784849  2.5607270966083957e-02
    2.800000   0.37259260  2.1788828470629920e-02
    2.800000   0.43734549  1.8096999240078581e-02
    2.800000   0.50210377  1.4707689066717296e-02
    2.800000   0.56686560  1.1722573319120801e-02
    2.800000   0.63162987  9.1805757015035044e-03
    2.800000   0.69639591  7.0747082371438478e-03
    2.800000   0.76116325  5.3690343534350113e-03
    2.800000   0.82593158  4.0127932946291177e-03
    2.800000   0.89070068  2.9506456076487464e-03
    2.800000   0.95547037  2.1292177626982709e-03
    2.800000   1.02024053  1.5006930897319569e-03
    2.800000   1.08501108  1.0243247559512448e-03
    2.800000   1.14978193  6.6664335354352266e-04
    2.800000   1.21455301  4.0094515626408288e-04
    2.800000   1.27932429  2.0646046953703344e-04
    2.800000   1.34409571  6.7450304513554387e-05
    2.800000   1.40886724 -2.7628355423080372e-05
    2.800000   1.47363885 -8.6818293164454783e-05
    2.800000   1.53841049 -1.1518940113907653e-04
    2.800000   1.60318216 -1.1518939611466662e-04
    2.800000   1.66795381 -8.6818277999409891e-05
    2.800000   1.73272541 -2.7628329831371935e-05
    2.800000   1.79749694  6.7450341047534790e-05
    2.800000   1.86226837  2.0646051783041513e-04
    2.800000   1.92703964  4.0094521756702504e-04
    2.800000   1.99181073  6.6664342976962903e-04
    2.800000   2.05658157  1.0243248500698590e-03
    2.800000   2.12135212  1.5006932064181387e-03
    2.800000   2.18612229  2.1292179093764687e-03
    2.800000   2.25089198  2.9506457961070223e-03
    2.800000   2.31566107  4.0127935434015769e-03
    2.800000   2.38042940  5.3690346911094986e-03
    2.800000   2.44519674  7.0747087065814521e-03
    2.800000   2.50996278  9.1805763645605460e-03
    2.800000   2.57472706  1.1722574260762115e-02
    2.800000   2.63948889  1.4707690396419344e-02
    2.800000   2.70424717  1.8097001087413529e-02
    2.800000   2.76900006  2.1788830971573928e-02
    2.800000   2.83374417  2.5607274237941145e-02
    2.800000   2.89847256  2.9302965278010306e-02
    2.800000   2.96316844  3.2572461646108442e-02
    2.800000   3.02777863  3.5098500186284722e-02
    2.800000   3.09200950  3.6606100380978036e-02
    2.850000   0.04958315  2.9645491590527238e-02
    2.850000   0.11381403  2.8436916712777986e-02
    2.850000   0.17842421  2.6409345017556211e-02
    2.850000   0.24312010  2.3780141349514616e-02
    2.850000   0.30784849  2.0801340338158909e-02
    2.850000   0.37259260  1.7715598437233852e-02
    2.850000   0.43734549  1.4724038194215064e-02
    2.850000   0.50210377  1.1970173478754164e-02
    2.850000   0.56686560  9.5384947341283673e-03
    2.850000   0.63162987  7.4629662021964737e-03
    2.850000   0.69639591  5.7400927863033909e-03
    2.850000   0.76116325  4.3423712957870583e-03
    2.850000   0.82593158  3.2296731925036022e-03
    2.850000   0.89070068  2.3576250394221261e-03
    2.850000   0.95547037  1.6830491940063343e-03
    2.850000   1.02024053  1.1670155520471272e-03
    2.850000   1.08501108  7.7618607126888521e-04
    2.850000   1.14978193  4.8306928210314112e-04
    2.850000   1.21455301  2.6566159494572408e-04
    2.850000   1.27932429  1.0680549924645054e-04
    2.850000   1.34409571 -6.5269510163883694e-06
    2.850000   1.40886724 -8.3905403486246276e-05
    2.850000   1.47363885 -1.3200539086461474e-04
    2.850000   1.53841049 -1.5503829308428723e-04
    2.850000   1.60318216 -1.5503828876260311e-04
    2.850000   1.66795381 -1.3200537782270388e-04
    2.850000   1.73272541 -8.3905381487138663e-05
    2.850000   1.79749694 -6.5269196414424829e-06
    2.850000   1.86226837  1.0680554064244596e-04
    2.850000   1.92703964  2.6566164731860924e-04
    2.850000   1.99181073  4.8306934687005680e-04
    2.850000   2.05658157  7.7618615056979296e-04
    2.850000   2.12135212  1.1670156491846548e-03
    2.850000   2.18612229  1.6830493141598052e-03
    2.850000   2.25089198  2.3576251907598471e-03
    2.850000   2.31566107  3.2296733878303049e-03
    2.850000   2.38042940  4.3423715548312975e-03
    2.850000   2.44519674  5.7400931386243784e-03
    2.850000   2.50996278  7.4629666904074384e-03
    2.850000   2.57472706  9.5384954166441611e-03
    2.850000   2.63948889  1.1970174430598245e-02
    2.850000   2.70424717  1.4724039503768018e-02
    2.850000   2.76900006  1.7715600196638460e-02
    2.850000   2.83374417  2.0801342626098781e-02
    2.850000   2.89847256  2.3780144207774179e-02
    2.850000   2.96316844  2.6409348426819836e-02
    2.850000   3.02777863  2.8436920576723361e-02
    2.850000   3.09200950  2.9645495737607816e-02
    2.900000   0.04958315  2.3961487743449847e-02
    2.900000   0.11381403  2.2993300826284018e-02
    2.900000   0.17842421  2.1367128936639758e-02
    2.900000   0.24312010  1.9254815950178340e-02
    2.900000   0.30784849  1.6856523694564109e-02
    2.900000   0.37259260  1.4366145161267828e-02
    2.900000   0.43734549  1.1945659059851229e-02
    2.900000   0.50210377  9.7118784557812098e-03
    2.900000   0.56686560  7.7347315981597005e-03
    2.900000   0.63162987  6.0435338881239626e-03
    2.900000   0.69639591  4.6371145324345343e-03
    2.900000   0.76116325  3.4944654755298234e-03
    2.900000   0.82593158  2.5838945134719331e-03
    2.900000   0.89070068  1.8698606769509745e-03
    2.900000   0.95547037  1.3174800469091122e-03
    2.900000   1.02024053  8.9510456974288978e-04
    2.900000   1.08501108  5.7550270096096774e-04
    2.900000   1.14978193  3.3613350382442859e-04
    2.900000   1.21455301  1.5890094474921605e-04
    2.900000   1.27932429  2.9660250423924467e-05
    2.900000   1.34409571 -6.2349444869733332e-05
    2.900000   1.40886724 -1.2504412842365262e-04
    2.900000   1.47363885 -1.6395176428404804e-04
    2.900000   1.53841049 -1.8256234946507379e-04
    2.900000   1.60318216 -1.8256234576673663e-04
    2.900000   1.66795381 -1.6395175312377538e-04
    2.900000   1.73272541 -1.2504410960219200e-04
    2.900000   1.79749694 -6.2349418041733685e-05
    2.900000   1.86226837  2.9660285776084004e-05
    2.900000   1.92703964  1.5890098936651166e-04
    2.900000   1.99181073  3.3613355876614719e-04
    2.900000   2.05658157  5.7550276777447744e-04
    2.900000   2.12135212  8.9510465075567371e-04
    2.900000   2.18612229  1.3174801457106976e-03
    2.900000   2.25089198  1.8698607991523054e-03
    2.900000   2.31566107  2.5838946678377064e-03
    2.900000   2.38042940  3.4944656755552523e-03
    2.900000   2.44519674  4.6371147983467779e-03
    2.900000   2.50996278  6.0435342490881934e-03
    2.900000   2.57472706  7.7347320941282280e-03
    2.900000   2.63948889  9.7118791379677723e-03
    2.900000   2.70424717  1.1945659988385964e-02
    2.900000   2.76900006  1.4366146398516921e-02
    2.900000   2.83374417  1.6856525293331193e-02
    2.900000   2.89847256  1.9254817937849004e-02
    2.900000   2.96316844  2.1367131299022266e-02
    2.900000   3.02777863  2.2993303497194917e-02
    2.900000   3.09200950  2.3961490606196737e-02
    2.950000   0.04958315  1.9326061591183399e-02
    2.950000   0.11381403  1.8551068753376566e-02
    2.950000   0.17842421  1.7247995482860410e-02
    2.950000   0.24312010  1.5552699143977998e-02
    2.950000   0.30784849  1.3624089560126033e-02
    2.950000   0.37259260  1.1616969372444386e-02
    2.950000   0.43734549  9.6616083084463990e-03
    2.950000   0.50210377  7.8528739930112945e-03
    2.950000   0.56686560  6.2484251438457575e-03
    2.950000   0.63162987  4.8733274874164919e-03
    2.950000   0.69639591  3.7278937921506484e-03
    2.950000   0.76116325  2.7961023007902885e-03
    2.950000   0.82593158  2.0529423744263028e-03
    2.950000   0.89070068  1.4699749878251719e-03
    2.950000   0.95547037  1.0190510823052748e-03
    2.950000   1.02024053  6.7447931800274151e-04
    2.950000   1.08501108  4.1405212823732922e-04
    2.950000   1.14978193  2.1932063122695694e-04
    2.950000   1.21455301  7.5431209396999418e-05
    2.950000   1.27932429 -2.9253053984989062e-05
    2.950000   1.34409571 -1.0360098447981849e-04
    2.950000   1.40886724 -1.5414563338849428e-04
    2.950000   1.47363885 -1.8545376332833454e-04
    2.950000   1.53841049 -2.0041047562653990e-04
    2.950000   1.60318216 -2.0041047247747602e-04
    2.950000   1.66795381 -1.8545375382503571e-04
    2.950000   1.73272541 -1.5414561736109517e-04
    2.950000   1.79749694 -1.0360096163899185e-04
    2.950000   1.86226837 -2.9253023908494707e-05
    2.950000   1.92703964  7.5431247292814688e-05
    2.950000   1.99181073  2.1932067774368250e-04
    2.950000   2.05658157  4.1405218450048475e-04
    2.950000   2.12135212  6.7447938565063596e-04
    2.950000   2.18612229  1.0190511638085091e-03
    2.950000   2.25089198  1.4699750869987750e-03
    2.950000   2.31566107  2.0529424972021001e-03
    2.950000   2.38042940  2.7961024562992137e-03
    2.950000   2.44519674  3.7278939940994511e-03
    2.950000   2.50996278  4.8733277556015425e-03
    2.950000   2.57472706  6.2484255054090360e-03
    2.950000   2.63948889  7.8528744827320862e-03
    2.950000   2.70424717  9.6616089670832680e-03
    2.950000   2.76900006  1.1616970242117887e-02
    2.950000   2.83374417  1.3624090676259604e-02
    2.950000   2.89847256  1.5552700524579056e-02
    2.950000   2.96316844  1.7247997117714641e-02
    2.950000   3.02777863  1.8551070597201489e-02
    2.950000   3.09200950  1.9326063564781639e-02
    3.000000   0.04958315  1.5550831126703765e-02
    3.000000   0.11381403  1.4931051382973820e-02
    3.000000   0.17842421  1.3887931264536919e-02
    3.000000   0.24312010  1.2528865867230638e-02
    3.000000   0.30784849  1.0979960118476739e-02
    3.000000   0.37259260  9.3647010871302765e-03
    3.000000   0.43734549  7.7877092846617814e-03
    3.000000   0.50210377  6.3258617109968459e-03
    3.000000   0.56686560  5.0265303958684617e-03
    3.000000   0.63162987  3.9109694505107323e-03
    3.000000   0.69639591  2.9803797463261662e-03
    3.000000   0.76116325  2.2225557636073880e-03
    3.000000   0.82593158  1.6177700329450511e-03
    3.000000   0.89070068  1.1432853995641016e-03
    3.000000   0.95547037  7.7641327980528918e-04
    3.000000   1.02024053  4.9632695040233252e-04
    3.000000   1.08501108  2.8494512286180454e-04
    3.000000   1.14978193  1.2719532712299984e-04
    3.000000   1.21455301  1.0909467766560879e-05
    3.000000   1.27932429 -7.3465766670398664e-05
    3.000000   1.34409571 -1.3322325072458613e-04
    3.000000   1.40886724 -1.7374181887908088e-04
    3.000000   1.47363885 -1.9878477464041149e-04
    3.000000   1.53841049 -2.1073104881928111e-04
    3.000000   1.60318216 -2.1073104615138244e-04
    3.000000   1.66795381 -1.9878476658794663e-04
    3.000000   1.73272541 -1.7374180529546501e-04
    3.000000   1.79749694 -1.3322323136391749e-04
    3.000000   1.86226837 -7.3465741182445092e-05
    3.000000   1.92703964  1.0909499849693176e-05
    3.000000   1.99181073  1.2719536641724551e-04
    3.000000   2.05658157  2.8494517019341512e-04
    3.000000   2.12135212  4.9632700692535598e-04
    3.000000   2.18612229  7.7641334720820326e-04
    3.000000   2.25089198  1.1432854804096966e-03
    3.000000   2.31566107  1.6177701311919463e-03
    3.000000   2.38042940  2.2225558853489107e-03
    3.000000   2.44519674  2.9803799007358462e-03
    3.000000   2.50996278  3.9109696508840318e-03
    3.000000   2.57472706  5.0265306604848218e-03
    3.000000   2.63948889  6.3258620633132650e-03
    3.000000   2.70424717  7.7877097521648194e-03
    3.000000   2.76900006  9.3647016981704845e-03
    3.000000   2.83374417  1.0979960896785901e-02
    3.000000   2.89847256  1.2528866824685405e-02
    3.000000   2.96316844  1.3887932393926246e-02
    3.000000   3.02777863  1.4931052653481091e-02
    3.000000   3.09200950  1.5550832484763553e-02
    3.050000   0.04958315  1.2480408437833808e-02
    3.050000   0.11381403  1.1985279400364070e-02
    3.050000   0.17842421  1.1151205029866411e-02
    3.050000   0.24312010  1.0063061001519883e-02
    3.050000   0.30784849  8.8208662612896879e-03
    3.050000   0.37259260  7.5230359085164877e-03
    3.050000   0.43734549  6.2534700085973196e-03
    3.050000   0.50210377  5.0743311510227209e-03
    3.050000   0.56686560  4.0244048219471393e-03
    3.050000   0.63162987  3.1215773120656974e-03
    3.050000   0.69639591  2.3675239394679824e-03
    3.050000   0.76116325  1.7529513661360475e-03
    3.050000   0.82593158  1.2623036209489093e-03
    3.050000   0.89070068  8.7741522558461445e-04
    3.050000   0.95547037  5.8001852891201354e-04
    3.050000   1.02024053  3.5325348027410449e-04
    3.050000   1.08501108  1.8242225545737079e-04
    3.050000   1.14978193  5.5233520941993662e-05
    3.050000   1.21455301 -3.8260544661798508e-05
    3.050000   1.27932429 -1.0588536793659556e-04
    3.050000   1.34409571 -1.5362369379726709e-04
    3.050000   1.40886724 -1.8589294714554841e-04
    3.050000   1.47363885 -2.0578619233622313e-04
    3.050000   1.53841049 -2.1525967633739154e-04
    3.050000   1.60318216 -2.1525967408876065e-04
    3.050000   1.66795381 -2.0578618554755200e-04
    3.050000   1.73272541 -1.8589293568901781e-04
    3.050000   1.79749694 -1.5362367746118760e-04
    3.050000   1.86226837 -1.0588534642580149e-04
    3.050000   1.92703964 -3.8260517594241525e-05
    3.050000   1.99181073  5.5233554048233492e-05
    3.050000   2.05658157  1.8242229521681715e-04
    3.050000   2.12135212  3.5325352750263011e-04
    3.050000   2.18612229  5.8001858475570487e-04
    3.050000   2.25089198  8.7741529174039865e-04
    3.050000   2.31566107  1.2623037000120245e-03
    3.050000   2.38042940  1.7529514621007817e-03
    3.050000   2.44519674  2.3675240583755567e-03
    3.050000   2.50996278  3.1215774627231774e-03
    3.050000   2.57472706  4.0244050165263671e-03
    3.050000   2.63948889  5.0743314052015100e-03
    3.050000   2.70424717  6.2534703407832034e-03
    3.050000   2.76900006  7.5230363376980460e-03
    3.050000   2.83374417  8.8208668033248824e-03
    3.050000   2.89847256  1.0063061664262364e-02
    3.050000   2.96316844  1.1151205808324254e-02
    3.050000   3.02777863  1.1985280273707018e-02
    3.050000   3.09200950  1.2480409370006528e-02
    3.100000   0.04958315  9.9868072142618412e-03
    3.100000   0.11381403  9.5917402224162292e-03
    3.100000   0.17842421  8.9256834031625192e-03
    3.100000   0.24312010  8.0556900792614697e-03
    3.100000   0.30784849  7.0610379166708382e-03
    3.100000   0.37259260  6.0200804185866121e-03
    3.100000   0.43734549  4.9999990765215805e-03
    3.100000   0.50210377  4.0509471699513196e-03
    3.100000   0.56686560  3.2045710051714048e-03
    3.100000   0.63162987  2.4758173127978969e-03
    3.100000   0.69639591  1.8665555693493793e-03
    3.100000   0.76116325  1.3697085226665857e-03
    3.100000   0.82593158  9.7300988571839451e-04
    3.100000   0.89070068  6.6195532213412665e-04
    3.100000   0.95547037  4.2185179733635514e-04
    3.100000   1.02024053  2.3906908622428483e-04
    3.100000   1.08501108  1.0167940882379243e-04
    3.100000   1.14978193 -3.2158010150391154e-07
    3.100000   1.21455301 -7.5049315028881581e-05
    3.100000   1.27932429 -1.2889897940072340e-04
    3.100000   1.34409571 -1.6676626896777990e-04
    3.100000   1.40886724 -1.9226939044595401e-04
    3.100000   1.47363885 -2.0794344007065912e-04
    3.100000   1.53841049 -2.1539243061870434e-04
    3.100000   1.60318216 -2.1539242873361433e-04
    3.100000   1.66795381 -2.0794343437759770e-04
    3.100000   1.73272541 -1.9226938083252731e-04
    3.100000   1.79749694 -1.6676625524973812e-04
    3.100000   1.86226837 -1.2889896132567093e-04
    3.100000   1.92703964 -7.5049292279134576e-05
    3.100000   1.99181073 -3.2155229231757570e-07
    3.100000   2.05658157  1.0167944215740834e-04
    3.100000   2.12135212  2.3906912566357437e-04
    3.100000   2.18612229  4.2185184365468468e-04
    3.100000   2.25089198  6.6195537643572513e-04
    3.100000   2.31566107  9.7300994966565432e-04
    3.100000   2.38042940  1.3697085988161458e-03
    3.100000   2.44519674  1.8665556615946070e-03
    3.100000   2.50996278  2.4758174268665542e-03
    3.100000   2.57472706  3.2045711490471507e-03
    3.100000   2.63948889  4.0509473539870611e-03
    3.100000   2.70424717  4.9999993129294582e-03
    3.100000   2.76900006  6.0200807199970521e-03
    3.100000   2.83374417  7.0610382936370196e-03
    3.100000   2.89847256  8.0556905369874535e-03
    3.100000   2.96316844  8.9256839382653615e-03
    3.100000   3.02777863  9.5917408209370628e-03
    3.100000   3.09200950  9.9868078520887645e-03
    3.150000   0.04958315  7.9647510902506394e-03
    3.150000   0.11381403  7.6499673359634469e-03
    3.150000   0.17842421  7.1188723631889087e-03
    3.150000   0.24312010  6.4244117654858376e-03
    3.150000   0.30784849  5.6293737876243035e-03
    3.150000   0.37259260  4.7960686284888822e-03
    3.150000   0.43734549  3.9782036438024172e-03
    3.150000   0.50210377  3.2161500059816992e-03
    3.150000   0.56686560  2.5356395909214543e-03
    3.150000   0.63162987  1.9490794840766625e-03
    3.150000   0.69639591  1.4583497355428316e-03
    3.150000   0.76116325  1.0580550116193810e-03
    3.150000   0.82593158  7.3852058162132933e-04
    3.150000   0.89070068  4.8817096891862075e-04
    3.150000   0.95547037  2.9519996176392702e-04
    3.150000   1.02024053  1.4860359978592218e-04
    3.150000   1.08501108  3.8718520470005769e-05
    3.150000   1.14978193 -4.2582055215076584e-05
    3.150000   1.21455301 -1.0190393737734071e-04
    3.150000   1.27932429 -1.4446062022489971e-04
    3.150000   1.34409571 -1.7424758668591685e-04
    3.150000   1.40886724 -1.9421998513512723e-04
    3.150000   1.47363885 -2.0644936575932356e-04
    3.150000   1.53841049 -2.1224683257889431e-04
    3.150000   1.60318216 -2.1224683100757948e-04
    3.150000   1.66795381 -2.0644936101181705e-04
    3.150000   1.73272541 -1.9421997711193808e-04
    3.150000   1.79749694 -1.7424757522524072e-04
    3.150000   1.86226837 -1.4446060510818078e-04
    3.150000   1.92703964 -1.0190391833583182e-04
    3.150000   1.99181073 -4.2582031935038164e-05
    3.150000   2.05658157  3.8718548347975605e-05
    3.150000   2.12135212  1.4860363268132674e-04
    3.150000   2.18612229  2.9520000019671761e-04
    3.150000   2.25089198  4.8817101359223771e-04
    3.150000   2.31566107  7.3852063356759476e-04
    3.150000   2.38042940  1.0580550724211446e-03
    3.150000   2.44519674  1.4583498076347634e-03
    3.150000   2.50996278  1.9490795710907490e-03
    3.150000   2.57472706  2.5356396979879961e-03
    3.150000   2.63948889  3.2161501398265710e-03
    3.150000   2.70424717  3.9782038124249793e-03
    3.150000   2.76900006  4.7960688402105588e-03
    3.150000   2.83374417  5.6293740494249610e-03
    3.150000   2.89847256  6.4244120808182124e-03
    3.150000   2.96316844  7.1188727298168710e-03
    3.150000   3.02777863  7.6499677446360140e-03
    3.150000   3.09200950  7.9647515249827074e-03
    3.200000   0.04958315  6.3277499612318560e-03
    3.200000   0.11381403  6.0773429220712825e-03
    3.200000   0.17842421  5.6545858923332248e-03
    3.200000   0.24312010  5.1012559081238702e-03
    3.200000   0.30784849  4.4670344964399091e-03
    3.200000   0.37259260  3.8014095238802239e-03
    3.200000   0.43734549  3.1472411598011223e-03
    3.200000   0.50210377  2.5369476515780822e-03
    3.200000   0.56686560  1.9913774584478260e-03
    3.200000   0.63162987  1.5207626949223512e-03
    3.200000   0.69639591  1.1268795716801257e-03
    3.200000   0.76116325  8.0560611694153951e-04
    3.200000   0.82593158  5.4930740935475091e-04
    3.200000   0.89070068  3.4874882312284258e-04
    3.200000   0.95547037  1.9445289238685339e-04
    3.200000   1.02024053  7.7548355282853142e-05
    3.200000   1.08501108 -9.7797900033734376e-06
    3.200000   1.14978193 -7.4119372833100425e-05
    3.200000   1.21455301 -1.2083465600361553e-04
    3.200000   1.27932429 -1.5416461364185574e-04
    3.200000   1.34409571 -1.7736069421871875e-04
    3.200000   1.40886724 -1.9282906916285577e-04
    3.200000   1.47363885 -2.0225699488359814e-04
    3.200000   1.53841049 -2.0671252368243767e-04
    3.200000   1.60318216 -2.0671252238076349e-04
    3.200000   1.66795381 -2.0225699094864142e-04
    3.200000   1.73272541 -1.9282906250612223e-04
    3.200000   1.79749694 -1.7736068469710860e-04
    3.200000   1.86226837 -1.5416460106412424e-04
    3.200000   1.92703964 -1.2083464013889456e-04
    3.200000   1.99181073 -7.4119353420131756e-05
    3.200000   2.05658157 -9.7797667574959568e-06
    3.200000   2.12135212  7.7548382670348300e-05
    3.200000   2.18612229  1.9445292426573647e-04
    3.200000   2.25089198  3.4874885992960036e-04
    3.200000   2.31566107  5.4930745170147480e-04
    3.200000   2.38042940  8.0560616576071402e-04
    3.200000   2.44519674  1.1268796284278251e-03
    3.200000   2.50996278  1.5207627618187879e-03
    3.200000   2.57472706  1.9913775386953877e-03
    3.200000   2.63948889  2.5369477494483332e-03
    3.200000   2.70424717  3.1472412804426542e-03
    3.200000   2.76900006  3.8014096727033968e-03
    3.200000   2.83374417  4.4670346780205971e-03
    3.200000   2.89847256  5.1012561247531195e-03
    3.200000   2.96316844  5.6545861425783186e-03
    3.200000   3.02777863  6.0773431998895717e-03
    3.200000   3.09200950  6.3277502561477602e-03
    3.250000   0.04958315  5.0048280462334132e-03
    3.250000   0.11381403  4.8060082934207101e-03
    3.250000   0.17842421  4.4701526847739448e-03
    3.250000   0.24312010  4.0301963443288239e-03
    3.250000   0.30784849  3.5254054669916052e-03
    3.250000   0.37259260  2.9950262653844826e-03
    3.250000   0.43734549  2.4731962585897030e-03
    3.250000   0.50210377  1.9858797491033899e-03
    3.250000   0.56686560  1.5499057860755255e-03
    3.250000   0.63162987  1.1736580984793696e-03
    3.250000   0.69639591  8.5874331802012545e-04
    3.250000   0.76116325  6.0200136784333924e-04
    3.250000   0.82593158  3.9740175180536880e-04
    3.250000   0.89070068  2.3757918963126552e-04
    3.250000   0.95547037  1.1493278824204469e-04
    3.250000   1.02024053  2.2320983085706916e-05
    3.250000   1.08501108 -4.6564668072243919e-05
    3.250000   1.14978193 -9.7052626822688906e-05
    3.250000   1.21455301 -1.3348787310873039e-04
    3.250000   1.27932429 -1.5930722132320076e-04
    3.250000   1.34409571 -1.7714839192673531e-04
    3.250000   1.40886724 -1.8896397922590137e-04
    3.250000   1.47363885 -1.9612333577104690e-04
    3.250000   1.53841049 -1.9949327920041571e-04
    3.250000   1.60318216 -1.9949327812946363e-04
    3.250000   1.66795381 -1.9612333253142439e-04
    3.250000   1.73272541 -1.8896397373863042e-04
    3.250000   1.79749694 -1.7714838406459186e-04
    3.250000   1.86226837 -1.5930721091743583e-04
    3.250000   1.92703964 -1.3348785995841191e-04
    3.250000   1.99181073 -9.7052610705961094e-05
    3.250000   2.05658157 -4.6564648757685367e-05
    3.250000   2.12135212  2.2321005831328078e-05
    3.250000   2.18612229  1.1493281465584923e-04
    3.250000   2.25089198  2.3757921997531994e-04
    3.250000   2.31566107  3.9740178641786163e-04
    3.250000   2.38042940  6.0200140723034982e-04
    3.250000   2.44519674  8.5874336299164209e-04
    3.250000   2.50996278  1.1736581503171762e-03
    3.250000   2.57472706  1.5499058466934693e-03
    3.250000   2.63948889  1.9858798211264709e-03
    3.250000   2.70424717  2.4731963452501366e-03
    3.250000   2.76900006  2.9950263701350862e-03
    3.250000   2.83374417  3.5254055927944595e-03
    3.250000   2.89847256  4.0301964927017845e-03
    3.250000   2.96316844  4.4701528548371453e-03
    3.250000   3.02777863  4.8060084813027985e-03
    3.250000   3.09200950  5.0048282451757410e-03
    3.300000   0.04958315  3.9378025476911778e-03
    3.300000   0.11381403  3.7802895422326612e-03
    3.300000   0.17842421  3.5140814956758255e-03
    3.300000   0.24312010  3.1651141126296692e-03
    3.300000   0.30784849  2.7643797125014263e-03
    3.300000   0.37259260  2.3429496631835779e-03
    3.300000   0.43734549  1.9279552572381922e-03
    3.300000   0.50210377  1.5401327968353536e-03
    3.300000   0.56686560  1.1930130802978913e-03
    3.300000   0.63162987  8.9341978574447361e-04
    3.300000   0.69639591  6.4275777748365264e-04
    3.300000   0.76116325  4.3859219166316967e-04
    3.300000   0.82593158  2.7615386965798615e-04
    3.300000   0.89070068  1.4956925988929222e-04
    3.300000   0.95547037  5.2748156102721153e-05
    3.300000   1.02024053 -2.0049896564434230e-05
    3.300000   1.08501108 -7.3907151770806286e-05
    3.300000   1.14978193 -1.1312316995370151e-04
    3.300000   1.21455301 -1.4120761647022764e-04
    3.300000   1.27932429 -1.6093829271367156e-04
    3.300000   1.34409571 -1.7444771283515502e-04
    3.300000   1.40886724 -1.8331452173539554e-04
    3.300000   1.47363885 -1.8864567657637154e-04
    3.300000   1.53841049 -1.9114176569593665e-04
    3.300000   1.60318216 -1.9114176482157131e-04
    3.300000   1.66795381 -1.8864567392931376e-04
    3.300000   1.73272541 -1.8331451724499904e-04
    3.300000   1.79749694 -1.7444770638790126e-04
    3.300000   1.86226837 -1.6093828415972685e-04
    3.300000   1.92703964 -1.4120760563284348e-04
    3.300000   1.99181073 -1.1312315664121539e-04
    3.300000   2.05658157 -7.3907135790140507e-05
    3.300000   2.12135212 -2.0049877733611640e-05
    3.300000   2.18612229  5.2748177947523989e-05
    3.300000   2.25089198  1.4956928489897551e-04
    3.300000   2.31566107  2.7615389799676008e-04
    3.300000   2.38042940  4.3859222356441244e-04
    3.300000   2.44519674  6.4275781333983600e-04
    3.300000   2.50996278  8.9341982622457748e-04
    3.300000   2.57472706  1.1930131264668896e-03
    3.300000   2.63948889  1.5401328502261168e-03
    3.300000   2.70424717  1.9279553198060103e-03
    3.300000   2.76900006  2.3429497370733429e-03
    3.300000   2.83374417  2.7643797995958864e-03
    3.300000   2.89847256  3.1651142139304039e-03
    3.300000   2.96316844  3.5140816106756373e-03
    3.300000   3.02777863  3.7802896685169398e-03
    3.300000   3.09200950  3.9378026809920976e-03
    3.350000   0.04958315  3.0790254875289014e-03
    3.350000   0.11381403  2.9545578283329244e-03
    3.350000   0.17842421  2.7441152510629509e-03
    3.350000   0.24312010  2.4680936186240758e-03
    3.350000   0.30784849  2.1509153161976386e-03
    3.350000   0.37259260  1.8171314794563195e-03
    3.350000   0.43734549  1.4882525480809845e-03
    3.350000   0.50210377  1.1807876394571341e-03
    3.350000   0.56686560  9.0556907194761437e-04
    3.350000   0.63162987  6.6811210216889563e-04
    3.350000   0.69639591  4.6961014701650712e-04
    3.350000   0.76116325  3.0817428390659998e-04
    3.350000   0.82593158  1.8002666654825256e-04
    3.350000   0.89070068  8.0483382846042230e-05
    3.350000   0.95547037  4.6692042615247193e-06
    3.350000   1.02024053 -5.2022773536274386e-05
    3.350000   1.08501108 -9.3678264643661565e-05
    3.350000   1.14978193 -1.2375761312745373e-04
    3.350000   1.21455301 -1.4508718976590252e-04
    3.350000   1.27932429 -1.5990446237017973e-04
    3.350000   1.34409571 -1.6992695555953990e-04
    3.350000   1.40886724 -1.7642570494274097e-04
    3.350000   1.47363885 -1.8029159479727026e-04
    3.350000   1.53841049 -1.8208823087356130e-04
    3.350000   1.60318216 -1.8208823016598901e-04
    3.350000   1.66795381 -1.8029159265308393e-04
    3.350000   1.73272541 -1.7642570129867811e-04
    3.350000   1.79749694 -1.6992695031407446e-04
    3.350000   1.86226837 -1.5990445538967111e-04
    3.350000   1.92703964 -1.4508718089360545e-04
    3.350000   1.99181073 -1.2375760219540951e-04
    3.350000   2.05658157 -9.3678251486891255e-05
    3.350000   2.12135212 -5.2022758007615380e-05
    3.350000   2.18612229  4.6692222791428887e-06
    3.350000   2.25089198  8.0483403435051406e-05
    3.350000   2.31566107  1.8002668976646529e-04
    3.350000   2.38042940  3.0817430981905857e-04
    3.350000   2.44519674  4.6961017575384992e-04
    3.350000   2.50996278  6.6811213400960767e-04
    3.350000   2.57472706  9.0556910740819329e-04
    3.350000   2.63948889  1.1807876793571653e-03
    3.350000   2.70424717  1.4882525935349911e-03
    3.350000   2.76900006  1.8171315317429969e-03
    3.350000   2.83374417  2.1509153764817874e-03
    3.350000   2.89847256  2.4680936875616150e-03
    3.350000   2.96316844  2.7441153283917436e-03
    3.350000   3.02777863  2.9545579126047019e-03
    3.350000   3.09200950  3.0790255761303171e-03
    3.400000   0.04958315  2.3895136948168662e-03
    3.400000   0.11381403  2.2914548003384366e-03
    3.400000   0.17842421  2.1256131011659664e-03
    3.400000   0.24312010  1.9080011803295014e-03
    3.400000   0.30784849  1.6578272974989402e-03
    3.400000   0.37259260  1.3944464646747029e-03
    3.400000   0.43734549  1.1348654234812207e-03
    3.400000   0.50210377  8.9218174846491020e-04
    3.400000   0.56686560  6.7502646545331490e-04
    3.400000   0.63162987  4.8782389236405968e-04
    3.400000   0.69639591  3.3156085727199726e-04
    3.400000   0.76116325  2.0475903188112314e-04
    3.400000   0.82593158  1.0441959069539496e-04
    3.400000   0.89070068  2.6806832484438945e-05
    3.400000   0.95547037 -3.1978220874774367e-05
    3.400000   1.02024053 -7.5626516184441094e-05
    3.400000   1.08501108 -1.0741507067479136e-04
    3.400000   1.14978193 -1.3012089669453105e-04
    3.400000   1.21455301 -1.4601248838137188e-04
    3.400000   1.27932429 -1.5688520704873181e-04
    3.400000   1.34409571 -1.6411645410914155e-04
    3.400000   1.40886724 -1.6872482409176340e-04
    3.400000   1.47363885 -1.7142371206025598e-04
    3.400000   1.53841049 -1.7266412951935639e-04
    3.400000   1.60318216 -1.7266412895267953e-04
    3.400000   1.66795381 -1.7142371034099311e-04
    3.400000   1.73272541 -1.6872482116324524e-04
    3.400000   1.79749694 -1.6411644988045479e-04
    3.400000   1.86226837 -1.5688520140032778e-04
    3.400000   1.92703964 -1.4601248117341613e-04
    3.400000   1.99181073 -1.3012088777818517e-04
    3.400000   2.05658157 -1.0741505990616655e-04
    3.400000   2.12135212 -7.5626503440184422e-05
    3.400000   2.18612229 -3.1978206066943109e-05
    3.400000   2.25089198  2.6806849398124485e-05
    3.400000   2.31566107  1.0441960971135641e-04
    3.400000   2.38042940  2.0475905296592935e-04
    3.400000   2.44519674  3.3156088039925546e-04
    3.400000   2.50996278  4.8782391757201963e-04
    3.400000   2.57472706  6.7502649291370238e-04
    3.400000   2.63948889  8.9218177854124051e-04
    3.400000   2.70424717  1.1348654567434255e-03
    3.400000   2.76900006  1.3944465018347755e-03
    3.400000   2.83374417  1.6578273392477607e-03
    3.400000   2.89847256  1.9080012270911485e-03
    3.400000   2.96316844  2.1256131528343434e-03
    3.400000   3.02777863  2.2914548560969269e-03
    3.400000   3.09200950  2.3895137531383713e-03
    3.450000   0.04958315  1.8374029819831477e-03
    3.450000   0.11381403  1.7604236406033836e-03
    3.450000   0.17842421  1.6302079756310513e-03
    3.450000   0.24312010  1.4593019381461611e-03
    3.450000   0.30784849  1.2627784165080297e-03
    3.450000   0.37259260  1.0558554964319848e-03
    3.450000   0.43734549  8.5193628934515848e-04
    3.450000   0.50210377  6.6137048701600835e-04
    3.450000   0.56686560  4.9099873106049987e-04
    3.450000   0.63162987  3.4434082617769559e-04
    3.450000   0.69639591  2.2219073601368577e-04
    3.450000   0.76116325  1.2337887400795233e-04
    3.450000   0.82593158  4.5518691208451045e-05
    3.450000   0.89070068 -1.4370080511970041e-05
    3.450000   0.95547037 -5.9402695991513687e-05
    3.450000   1.02024053 -9.2530891751928427e-05
    3.450000   1.08501108 -1.1637642941080728e-04
    3.450000   1.14978193 -1.3316090862841676e-04
    3.450000   1.21455301 -1.4469825385257052e-04
    3.450000   1.27932429 -1.5242288228851372e-04
    3.450000   1.34409571 -1.5743408996618307e-04
    3.450000   1.40886724 -1.6054382361022529e-04
    3.450000   1.47363885 -1.6232006585063739e-04
    3.450000   1.53841049 -1.6312153158015458e-04
    3.450000   1.60318216 -1.6312153113195616e-04
    3.450000   1.66795381 -1.6232006448882206e-04
    3.450000   1.73272541 -1.6054382128405018e-04
    3.450000   1.79749694 -1.5743408659420758e-04
    3.450000   1.86226837 -1.5242287776361471e-04
    3.450000   1.92703964 -1.4469824804950147e-04
    3.450000   1.99181073 -1.3316090141418570e-04
    3.450000   2.05658157 -1.1637642065785540e-04
    3.450000   2.12135212 -9.2530881353452863e-05
    3.450000   2.18612229 -5.9402683877242743e-05
    3.450000   2.25089198 -1.4370066661407241e-05
    3.450000   2.31566107  4.5518706759688548e-05
    3.450000   2.38042940  1.2337889117389260e-04
    3.450000   2.44519674  2.2219075468035240e-04
    3.450000   2.50996278  3.4434084624340689e-04
    3.450000   2.57472706  4.9099875248891469e-04
    3.450000   2.63948889  6.6137050988780634e-04
    3.450000   2.70424717  8.5193631388551163e-04
    3.450000   2.76900006  1.0558555229883920e-03
    3.450000   2.83374417  1.2627784454620006e-03
    3.450000   2.89847256  1.4593019697661273e-03
    3.450000   2.96316844  1.6302080099059727e-03
    3.450000   3.02777863  1.7604236771214372e-03
    3.450000   3.09200950  1.8374030199190749e-03
    3.500000   0.04958315  1.3966722968766854e-03
    3.500000   0.11381403  1.3364951185738055e-03
    3.500000   0.17842421  1.2346947706825566e-03
    3.500000   0.24312010  1.1010771752101804e-03
    3.500000   0.30784849  9.4743807939541797e-04
    3.500000   0.37259260  7.8570556545444438e-04
    3.500000   0.43734549  6.2640364105915908e-04
    3.500000   0.50210377  4.7767327416798163e-04
    3.500000   0.56686560  3.4490336589930578e-04
    3.500000   0.63162987  2.3086786726364439e-04
    3.500000   0.69639591  1.3618649786459401e-04
    3.500000   0.76116325  5.9922014462941275e-05
    3.500000   0.82593158  1.6928105740315456e-07
    3.500000   0.89070068 -4.5450345814461648e-05
    3.500000   0.95547037 -7.9423515799986275e-05
    3.500000   1.02024053 -1.0410615969369122e-04
    3.500000   1.08501108 -1.2158995964624367e-04
    3.500000   1.14978193 -1.3364592067610046e-04
    3.500000   1.21455301 -1.4171835743106217e-04
    3.500000   1.27932429 -1.4694769223639147e-04
    3.500000   1.34409571 -1.5020639871592660e-04
    3.500000   1.40886724 -1.5213771667315406e-04
    3.500000   1.47363885 -1.5319083238391591e-04
    3.500000   1.53841049 -1.5364902403048423e-04
    3.500000   1.60318216 -1.5364902368143144e-04
    3.500000   1.66795381 -1.5319083132136062e-04
    3.500000   1.73272541 -1.5213771485169468e-04
    3.500000   1.79749694 -1.5020639606263105e-04
    3.500000   1.86226837 -1.4694768865521109e-04
    3.500000   1.92703964 -1.4171835280954147e-04
    3.500000   1.99181073 -1.3364591489473346e-04
    3.500000   2.05658157 -1.2158995259056828e-04
    3.500000   2.12135212 -1.0410615126874788e-04
    3.500000   2.18612229 -7.9423505945931487e-05
    3.500000   2.25089198 -4.5450334521019853e-05
    3.500000   2.31566107  1.6929374117882758e-07
    3.500000   2.38042940  5.9922028427985965e-05
    3.500000   2.44519674  1.3618651295444292e-04
    3.500000   2.50996278  2.3086788330251858e-04
    3.500000   2.57472706  3.4490338273329392e-04
    3.500000   2.63948889  4.7767329171034942e-04
    3.500000   2.70424717  6.2640365932411330e-04
    3.500000   2.76900006  7.8570558456063583e-04
    3.500000   2.83374417  9.4743809952558991e-04
    3.500000   2.89847256  1.1010771965283518e-03
    3.500000   2.96316844  1.2346947932317606e-03
    3.500000   3.02777863  1.3364951421945743e-03
    3.500000   3.09200950  1.3966723211875523e-03
    3.550000   0.04958315  1.0460921365960545e-03
    3.550000   0.11381403  9.9928584384568293e-04
    3.550000   0.17842421  9.2011102523054621e-04
    3.550000   0.24312010  8.1620956710312729e-04
    3.550000   0.30784849  6.9678275063511349e-04
    3.550000   0.37259260  5.7114552408245084e-04
    3.550000   0.43734549  4.4752548838443142e-04
    3.550000   0.50210377  3.3229223321378057e-04
    3.550000   0.56686560  2.2966125871490124e-04
    3.550000   0.63162987  1.4179483315479577e-04
    3.550000   0.69639591  6.9159230030351625e-05
    3.550000   0.76116325  1.0992427617228071e-05
    3.550000   0.82593158 -3.4231932703378322e-05
    3.550000   0.89070068 -6.8413499250289991e-05
    3.550000   0.95547037 -9.3535180264705308e-05
    3.550000   1.02024053 -1.1147332317916901e-04
    3.550000   1.08501108 -1.2389151652101644e-04
    3.550000   1.14978193 -1.3219593522099599e-04
    3.550000   1.21455301 -1.3753104466717838e-04
    3.550000   1.27932429 -1.4079840335530478e-04
    3.550000   1.34409571 -1.4268599224944909e-04
    3.550000   1.40886724 -1.4369971982754293e-04
    3.550000   1.47363885 -1.4419201779605799e-04
    3.550000   1.53841049 -1.4438470393480704e-04
    3.550000   1.60318216 -1.4438470366829137e-04
    3.550000   1.66795381 -1.4419201698276149e-04
    3.550000   1.73272541 -1.4369971842689367e-04
    3.550000   1.79749694 -1.4268599019619208e-04
    3.550000   1.86226837 -1.4079840056332798e-04
    3.550000   1.92703964 -1.3753104103540083e-04
    3.550000   1.99181073 -1.3219593064165070e-04
    3.550000   2.05658157 -1.2389151089053427e-04
    3.550000   2.12135212 -1.1147331641145029e-04
    3.550000   2.18612229 -9.3535172305920798e-05
    3.550000   2.25089198 -6.8413490093418658e-05
    3.550000   2.31566107 -3.4231922399599218e-05
    3.550000   2.38042940  1.0992438953987920e-05
    3.550000   2.44519674  6.9159242229577427e-05
    3.550000   2.50996278  1.4179484600883489e-04
    3.550000   2.57472706  2.2966127201110077e-04
    3.550000   2.63948889  3.3229224677383112e-04
    3.550000   2.70424717  4.4752550210008899e-04
    3.550000   2.76900006  5.7114553793386489e-04
    3.550000   2.83374417  6.9678276468022231e-04
    3.550000   2.89847256  8.1620958143615240e-04
    3.550000   2.96316844  9.2011103992171983e-04
    3.550000   3.02777863  9.9928585888661801e-04
    3.550000   3.09200950  1.0460921518772751e-03
    3.600000   0.04958315  7.6835884460964093e-04
    3.600000   0.11381403  7.3217268580721691e-04
    3.600000   0.17842421  6.7097783706358209e-04
    3.600000   0.24312010  5.9070873703705607e-04
    3.600000   0.30784849  4.9851510039072074e-04
    3.600000   0.37259260  4.0163941357661791e-04
    3.600000   0.43734549  3.0648106334938791e-04
    3.600000   0.50210377  2.1799247772395815e-04
    3.600000   0.56686560  1.3944393750596994e-04
    3.600000   0.63162987  7.2498838066147373e-05
    3.600000   0.69639591  1.7491174087419548e-05
    3.600000   0.76116325 -2.6208430634703495e-05
    3.600000   0.82593158 -5.9828012211913213e-05
    3.600000   0.89070068 -8.4885932934669132e-05
    3.600000   0.95547037 -1.0296178234247541e-04
    3.600000   1.02024053 -1.1554641399423640e-04
    3.600000   1.08501108 -1.2395830750567874e-04
    3.600000   1.14978193 -1.2930887990221491e-04
    3.600000   1.21455301 -1.3249993563422990e-04
    3.600000   1.27932429 -1.3423948964548269e-04
    3.600000   1.34409571 -1.3506590534745596e-04
    3.600000   1.40886724 -1.3537365594731122e-04
    3.600000   1.47363885 -1.3543663547279050e-04
    3.600000   1.53841049 -1.3542676325034616e-04
    3.600000   1.60318216 -1.3542676305214904e-04
    3.600000   1.66795381 -1.3543663486593839e-04
    3.600000   1.73272541 -1.3537365489560605e-04
    3.600000   1.79749694 -1.3506590379257829e-04
    3.600000   1.86226837 -1.3423948751029364e-04
    3.600000   1.92703964 -1.3249993282786037e-04
    3.600000   1.99181073 -1.2930887632731130e-04
    3.600000   2.05658157 -1.2395830306804537e-04
    3.600000   2.12135212 -1.1554640861477679e-04
    3.600000   2.18612229 -1.0296177597083710e-04
    3.600000   2.25089198 -8.4885925563162203e-05
    3.600000   2.31566107 -5.9828003887400923e-05
    3.600000   2.38042940 -2.6208421465287668e-05
    3.600000   2.44519674  1.7491183934364609e-05
    3.600000   2.50996278  7.2498848377291279e-05
    3.600000   2.57472706  1.3944394804720920e-04
    3.600000   2.63948889  2.1799248827423766e-04
    3.600000   2.70424717  3.0648107373575090e-04
    3.600000   2.76900006  4.0163942370016287e-04
    3.600000   2.83374417  4.9851511023375240e-04
    3.600000   2.89847256  5.9070874664745091e-04
    3.600000   2.96316844  6.7097784652170290e-04
    3.600000   3.02777863  7.3217269518951740e-04
    3.600000   3.09200950  7.6835885396558869e-04
    3.650000   0.04958315  5.4938269204519270e-04
    3.650000   0.11381403  5.2161315278976010e-04
    3.650000   0.17842421  4.7467387767009849e-04
    3.650000   0.24312010  4.1315374524267294e-04
    3.650000   0.30784849  3.4258250274465685e-04
    3.650000   0.37259260  2.6856179067025855e-04
    3.650000   0.43734549  1.9603859649558589e-04
    3.650000   0.50210377  1.2883462921355049e-04
    3.650000   0.56686560  6.9461537481742088e-05
    3.650000   0.63162987  1.9178190861159608e-05
    3.650000   0.69639591 -2.1793311921615838e-05
    3.650000   0.76116325 -5.3981342641994236e-05
    3.650000   0.82593158 -7.8378660033056843e-05
    3.650000   0.89070068 -9.6200149652405127e-05
    3.650000   0.95547037 -1.0870278017922274e-04
    3.650000   1.02024053 -1.1706799988843672e-04
    3.650000   1.08501108 -1.2233661532536926e-04
    3.650000   1.14978193 -1.2538245160851461e-04
    3.650000   1.21455301 -1.2691145693721932e-04
    3.650000   1.27932429 -1.2747529152732514e-04
    3.650000   1.34409571 -1.2749137974555133e-04
    3.650000   1.40886724 -1.2726409008705962e-04
    3.650000   1.47363885 -1.2700380317062787e-04
    3.650000   1.53841049 -1.2684208397576276e-04
    3.650000   1.60318216 -1.2684208383375358e-04
    3.650000   1.66795381 -1.2700380273368908e-04
    3.650000   1.73272541 -1.2726408932294821e-04
    3.650000   1.79749694 -1.2749137860223366e-04
    3.650000   1.86226837 -1.2747528993577964e-04
    3.650000   1.92703964 -1.2691145481580853e-04
    3.650000   1.99181073 -1.2538244886925692e-04
    3.650000   2.05658157 -1.2233661188237080e-04
    3.650000   2.12135212 -1.1706799566848114e-04
    3.650000   2.18612229 -1.0870277513408581e-04
    3.650000   2.25089198 -9.6200143771793252e-05
    3.650000   2.31566107 -7.8378653356254001e-05
    3.650000   2.38042940 -5.3981335265567197e-05
    3.650000   2.44519674 -2.1793304000107764e-05
    3.650000   2.50996278  1.9178199124207935e-05
    3.650000   2.57472706  6.9461545853529374e-05
    3.650000   2.63948889  1.2883463746086657e-04
    3.650000   2.70424717  1.9603860441761990e-04
    3.650000   2.76900006  2.6856179812761511e-04
    3.650000   2.83374417  3.4258250967635751e-04
    3.650000   2.89847256  4.1315375166619108e-04
    3.650000   2.96316844  4.7467388366560065e-04
    3.650000   3.02777863  5.2161315847603761e-04
    3.650000   3.09200950  5.4938269755749457e-04
    3.700000   0.04958315  3.7770298170853537e-04
    3.700000   0.11381403  3.5658649462716344e-04
    3.700000   0.17842421  3.2091975026906960e-04
    3.700000   0.24312010  2.7423282504887423e-04
    3.700000   0.30784849  2.2077846477327480e-04
    3.700000   0.37259260  1.6486177742785910e-04
    3.700000   0.43734549  1.1027869124521293e-04
    3.700000   0.50210377  5.9951459757631294e-05
    3.700000   0.56686560  1.5785287936747154e-05
    3.700000   0.63162987 -2.1286967074051616e-05
    3.700000   0.69639591 -5.1136193988795296e-05
    3.700000   0.76116325 -7.4213213144103511e-05
    3.700000   0.82593158 -9.1324899593273512e-05
    3.700000   0.89070068 -1.0344459396072223e-04
    3.700000   0.95547037 -1.1157143813795606e-04
    3.700000   1.02024053 -1.1663893923051692e-04
    3.700000   1.08501108 -1.1946495825670724e-04
    3.700000   1.14978193 -1.2073229403859787e-04
    3.700000   1.21455301 -1.2098927966042571e-04
    3.700000   1.27932429 -1.2066168030316542e-04
    3.700000   1.34409571 -1.2006951733163983e-04
    3.700000   1.40886724 -1.1944458761760250e-04
    3.700000   1.47363885 -1.1894612243332293e-04
    3.700000   1.53841049 -1.1867319308087332e-04
    3.700000   1.60318216 -1.1867319298474202e-04
    3.700000   1.66795381 -1.1894612213523713e-04
    3.700000   1.73272541 -1.1944458708889700e-04
    3.700000   1.79749694 -1.2006951652596991e-04
    3.700000   1.86226837 -1.2066167915887306e-04
    3.700000   1.92703964 -1.2098927810425465e-04
    3.700000   1.99181073 -1.2073229199108066e-04
    3.700000   2.05658157 -1.1946495563946666e-04
    3.700000   2.12135212 -1.1663893597554767e-04
    3.700000   2.18612229 -1.1157143419857318e-04
    3.700000   2.25089198 -1.0344458932331821e-04
    3.700000   2.31566107 -9.1324894288313753e-05
    3.700000   2.38042940 -7.4213207254122924e-05
    3.700000   2.44519674 -5.1136187650704308e-05
    3.700000   2.50996278 -2.1286960473242046e-05
    3.700000   2.57472706  1.5785294581883804e-05
    3.700000   2.63948889  5.9951466220094685e-05
    3.700000   2.70424717  1.1027869731917348e-04
    3.700000   2.76900006  1.6486178295789021e-04
    3.700000   2.83374417  2.2077846967611948e-04
    3.700000   2.89847256  2.7423282932247632e-04
    3.700000   2.96316844  3.2091975398757601e-04
    3.700000   3.02777863  3.5658649792518084e-04
    3.700000   3.09200950  3.7770298476075487e-04
    3.750000   0.04958315  2.4400792406282043e-04
    3.750000   0.11381403  2.2813450681618077e-04
    3.750000   0.17842421  2.0135367464411104e-04
    3.750000   0.24312010  1.6636384192070841e-04
    3.750000   0.30784849  1.2641313478698214e-04
    3.750000   0.37259260  8.4784573234707769e-05
    3.750000   0.43734549  4.4364365998844639e-05
    3.750000   0.50210377  7.3617094200091514e-06
    3.750000   0.56686560 -2.4800822264460368e-05
    3.750000   0.63162987 -5.1451358533733246e-05
    3.750000   0.69639591 -7.2536708141959484e-05
    3.750000   0.76116325 -8.8447487039931648e-05
    3.750000   0.82593158 -9.9843385403222410e-05
    3.750000   0.89070068 -1.0750547204868686e-04
    3.750000   0.95547037 -1.1222704450052971e-04
    3.750000   1.02024053 -1.1474326372281890e-04
    3.750000   1.08501108 -1.1569339837264662e-04
    3.750000   1.14978193 -1.1560709150149492e-04
    3.750000   1.21455301 -1.1490624983413151e-04
    3.750000   1.27932429 -1.1391564309897507e-04
    3.750000   1.34409571 -1.1287716495374222e-04
    3.750000   1.40886724 -1.1196442042422301e-04
    3.750000   1.47363885 -1.1129564278272169e-04
    3.750000   1.53841049 -1.1094386837817199e-04
    3.750000   1.60318216 -1.1094386831918756e-04
    3.750000   1.66795381 -1.1129564259717492e-04
    3.750000   1.73272541 -1.1196442008668332e-04
    3.750000   1.79749694 -1.1287716442301043e-04
    3.750000   1.86226837 -1.1391564232007135e-04
    3.750000   1.92703964 -1.1490624874143071e-04
    3.750000   1.99181073 -1.1560709002331441e-04
    3.750000   2.05658157 -1.1569339643751725e-04
    3.750000   2.12135212 -1.1474326126754678e-04
    3.750000   2.18612229 -1.1222704147981682e-04
    3.750000   2.25089198 -1.0750546844564910e-04
    3.750000   2.31566107 -9.9843381239502179e-05
    3.750000   2.38042940 -8.8447482383531464e-05
    3.750000   2.44519674 -7.2536703110462347e-05
    3.750000   2.50996278 -5.1451353290602792e-05
    3.750000   2.57472706 -2.4800817006903330e-05
    3.750000   2.63948889  7.3617144814984455e-06
    3.750000   2.70424717  4.4364370666914619e-05
    3.750000   2.76900006  8.4784577352938102e-05
    3.750000   2.83374417  1.2641313826322159e-04
    3.750000   2.89847256  1.6636384474078288e-04
    3.750000   2.96316844  2.0135367687326681e-04
    3.750000   3.02777863  2.2813450858899008e-04
    3.750000   3.09200950  2.4400792556496259e-04
    3.800000   0.04958315  1.4074082750504808e-04
    3.800000   0.11381403  1.2898456827886335e-04
    3.800000   0.17842421  1.0918265064516576e-04
    3.800000   0.24312010  8.3381650063336351e-05
    3.800000   0.30784849  5.4041245481746767e-05
    3.800000   0.37259260  2.3640913877983750e-05
    3.800000   0.43734549 -5.6498207916155992e-06
    3.800000   0.50210377 -3.2184853288720493e-05
    3.800000   0.56686560 -5.4923777985621559e-05
    3.800000   0.63162987 -7.3402106113306482e-05
    3.800000   0.69639591 -8.7627486903446388e-05
    3.800000   0.76116325 -9.7943145583100216e-05
    3.800000   0.82593158 -1.0489191418729082e-04
    3.800000   0.89070068 -1.0910177732305216e-04
    3.800000   0.95547037 -1.1120185837831401e-04
    3.800000   1.02024053 -1.1176894397325098e-04
    3.800000   1.08501108 -1.1129960427557788e-04
    3.800000   1.14978193 -1.1020107411199879e-04
    3.800000   1.21455301 -1.0879422298245484e-04
    3.800000   1.27932429 -1.0732313758946799e-04
    3.800000   1.34409571 -1.0596733468661945e-04
    3.800000   1.40886724 -1.0485399324773212e-04
    3.800000   1.47363885 -1.0406866261868118e-04
    3.800000   1.53841049 -1.0366363749410803e-04
    3.800000   1.60318216 -1.0366363746490298e-04
    3.800000   1.66795381 -1.0406866252346641e-04
    3.800000   1.73272541 -1.0485399306399180e-04
    3.800000   1.79749694 -1.0596733437780581e-04
    3.800000   1.86226837 -1.0732313710665572e-04
    3.800000   1.92703964 -1.0879422226697063e-04
    3.800000   1.99181073 -1.1020107309929849e-04
    3.800000   2.05658157 -1.1129960290060370e-04
    3.800000   2.12135212 -1.1176894217737280e-04
    3.800000   2.18612229 -1.1120185611771250e-04
    3.800000   2.25089198 -1.0910177457800242e-04
    3.800000   2.31566107 -1.0489191097131017e-04
    3.800000   2.38042940 -9.7943141950347236e-05
    3.800000   2.44519674 -8.7627482952384972e-05
    3.800000   2.50996278 -7.3402101984557084e-05
    3.800000   2.57472706 -5.4923773852484828e-05
    3.800000   2.63948889 -3.2184849340117479e-05
    3.800000   2.70424717 -5.6498172090487236e-06
    3.800000   2.76900006  2.3640916945886052e-05
    3.800000   2.83374417  5.4041247942221679e-05
    3.800000   2.89847256  8.3381651895145456e-05
    3.800000   2.96316844  1.0918265190365263e-04
    3.800000   3.02777863  1.2898456908967795e-04
    3.800000   3.09200950  1.4074082804821589e-04
    3.850000   0.04958315  6.1777321860248267e-05
    3.850000   0.11381403  5.3240428288638955e-05
    3.850000   0.17842421  3.8895923505105287e-05
    3.850000   0.24312010  2.0280809451555726e-05
    3.850000   0.30784849 -7.6226739439742752e-07
    3.850000   0.37259260 -2.2383535164012625e-05
    3.850000   0.43734549 -4.2975980978741477e-05
    3.850000   0.50210377 -6.1336170851796209e-05
    3.850000   0.56686560 -7.6724577460410021e-05
    3.850000   0.63162987 -8.8840108342737393e-05
    3.850000   0.69639591 -9.7738162899571401e-05
    3.850000   0.76116325 -1.0372403894098931e-04
    3.850000   0.82593158 -1.0724748783185999e-04
    3.850000   0.89070068 -1.0881456709459263e-04
    3.850000   0.95547037 -1.0892360239824312e-04
    3.850000   1.02024053 -1.0802518308071638e-04
    3.850000   1.08501108 -1.0650218485039679e-04
    3.850000   1.14978193 -1.0466435428641281e-04
    3.850000   1.21455301 -1.0275215019713036e-04
    3.850000   1.27932429 -1.0094551005068298e-04
    3.850000   1.34409571 -9.9374413804691739e-05
    3.850000   1.40886724 -9.8129216990196341e-05
    3.850000   1.47363885 -9.7269576278395981e-05
    3.850000   1.53841049 -9.6831370966379653e-05
    3.850000   1.60318216 -9.6831370960764909e-05
    3.850000   1.66795381 -9.7269576254846446e-05
    3.850000   1.73272541 -9.8129216928818491e-05
    3.850000   1.79749694 -9.9374413673136925e-05
    3.850000   1.86226837 -1.0094550980550748e-04
    3.850000   1.92703964 -1.0275214978598808e-04
    3.850000   1.99181073 -1.0466435365131842e-04
    3.850000   2.05658157 -1.0650218393226759e-04
    3.850000   2.12135212 -1.0802518182531619e-04
    3.850000   2.18612229 -1.0892360076342563e-04
    3.850000   2.25089198 -1.0881456505842826e-04
    3.850000   2.31566107 -1.0724748540079169e-04
    3.850000   2.38042940 -1.0372403615666169e-04
    3.850000   2.44519674 -9.7738159842629440e-05
    3.850000   2.50996278 -8.8840105131767004e-05
    3.850000   2.57472706 -7.6724574244571022e-05
    3.850000   2.63948889 -6.1336167796691035e-05
    3.850000   2.70424717 -4.2975978246598325e-05
    3.850000   2.76900006 -2.2383532890956363e-05
    3.850000   2.83374417 -7.6226566890493630e-07
    3.850000   2.89847256  2.0280810604600013e-05
    3.850000   2.96316844  3.8895924131277923e-05
    3.850000   3.02777863  5.3240428500277184e-05
    3.850000   3.09200950  6.1777321822731497e-05
    3.900000   0.04958315  2.1609851110914626e-06
    3.900000   0.11381403 -3.8712463450572732e-06
    3.900000   0.17842421 -1.3970182963513525e-05
    3.900000   0.24312010 -2.6995942541982571e-05
    3.900000   0.30784849 -4.1587129518379603e-05
    3.900000   0.37259260 -5.6385579704367405e-05
    3.900000   0.43734549 -7.0223856745152831e-05
    3.900000   0.50210377 -8.2244708782305018e-05
    3.900000   0.56686560 -9.1943902141870332e-05
    3.900000   0.63162987 -9.9147817952272447e-05
    3.900000   0.69639591 -1.0394841440236288e-04
    3.900000   0.76116325 -1.0662006113106242e-04
    3.900000   0.82593158 -1.0753808586798086e-04
    3.900000   0.89070068 -1.0711138558484312e-04
    3.900000   0.95547037 -1.0573419922138485e-04
    3.900000   1.02024053 -1.0375678829515570e-04
    3.900000   1.08501108 -1.0147173293177093e-04
    3.900000   1.14978193 -9.9111449906842677e-05
    3.900000   1.21455301 -9.6852708500884535e-05
    3.900000   1.27932429 -9.4824722979590514e-05
    3.900000   1.34409571 -9.3118376822965015e-05
    3.900000   1.40886724 -9.1795017731657218e-05
    3.900000   1.47363885 -9.0893941058546368e-05
    3.900000   1.53841049 -9.0438136029172142e-05
    3.900000   1.60318216 -9.0438136041970444e-05
    3.900000   1.66795381 -9.0893941091036871e-05
    3.900000   1.73272541 -9.1795017766304471e-05
    3.900000   1.79749694 -9.3118376831199178e-05
    3.900000   1.86226837 -9.4824722922924200e-05
    3.900000   1.92703964 -9.6852708332727691e-05
    3.900000   1.99181073 -9.9111449575230187e-05
    3.900000   2.05658157 -1.0147173238319618e-04
    3.900000   2.12135212 -1.0375678747963193e-04
    3.900000   2.18612229 -1.0573419809866681e-04
    3.900000   2.25089198 -1.0711138413148824e-04
    3.900000   2.31566107 -1.0753808408454252e-04
    3.900000   2.38042940 -1.0662005904828681e-04
    3.900000   2.44519674 -1.0394841208493549e-04
    3.900000   2.50996278 -9.9147815498507120e-05
    3.900000   2.57472706 -9.1943899678017846e-05
    3.900000   2.63948889 -8.2244706450925394e-05
    3.900000   2.70424717 -7.0223854688247918e-05
    3.900000   2.76900006 -5.6385578043463386e-05
    3.900000   2.83374417 -4.1587128334986057e-05
    3.900000   2.89847256 -2.6995941862339926e-05
    3.900000   2.96316844 -1.3970182751028012e-05
    3.900000   3.02777863 -3.8712465023111980e-06
    3.900000   3.09200950  2.1609847307205112e-06
    3.950000   0.04958315 -4.2113050493681761e-05
    3.950000   0.11381403 -4.6208471897472821e-05
    3.950000   0.17842421 -5.3025122518333371e-05
    3.950000   0.24312010 -6.1731447133397523e-05
    3.950000   0.30784849 -7.1339880947773215e-05
    3.950000   0.37259260 -8.0874327941729516e-05
    3.950000   0.43734549 -8.9509084863920890e-05
    3.950000   0.50210377 -9.6655949548942610e-05
    3.950000   0.56686560 -1.0199323520521390e-04
    3.950000   0.63162987 -1.0544560131324567e-04
    3.950000   0.69639591 -1.0713212816732584e-04
    3.950000   0.76116325 -1.0730145341526934e-04
    3.950000   0.82593158 -1.0626913661621942e-04
    3.950000   0.89070068 -1.0436659770304706e-04
    3.950000   0.95547037 -1.0190534707857222e-04
    3.950000   1.02024053 -9.9156088618074342e-05
    3.950000   1.08501108 -9.6339951004402059e-05
    3.950000   1.14978193 -9.3628294306334137e-05
    3.950000   1.21455301 -9.1147721727826510e-05
    3.950000   1.27932429 -8.8987598464268546e-05
    3.950000   1.34409571 -8.7208176659524014e-05
    3.950000   1.40886724 -8.5848138226759271e-05
    3.950000   1.47363885 -8.4930908145251641e-05
    3.950000   1.53841049 -8.4469448820375702e-05
    3.950000   1.60318216 -8.4469448847276248e-05
    3.950000   1.66795381 -8.4930908220765428e-05
    3.950000   1.73272541 -8.5848138335465243e-05
    3.950000   1.79749694 -8.7208176776248055e-05
    3.950000   1.86226837 -8.8987598554993676e-05
    3.950000   1.92703964 -9.1147721751188546e-05
    3.950000   1.99181073 -9.3628294215885845e-05
    3.950000   2.05658157 -9.6339950751838667e-05
    3.950000   2.12135212 -9.9156088157514719e-05
    3.950000   2.18612229 -1.0190534637188207e-04
    3.950000   2.25089198 -1.0436659672593659e-04
    3.950000   2.31566107 -1.0626913536453326e-04
    3.950000   2.38042940 -1.0730145191054392e-04
    3.950000   2.44519674 -1.0713212646035800e-04
    3.950000   2.50996278 -1.0544559948429968e-04
    3.950000   2.57472706 -1.0199323335965244e-04
    3.950000   2.63948889 -9.6655947807710777e-05
    3.950000   2.70424717 -8.9509083349329472e-05
    3.950000   2.76900006 -8.0874326760245555e-05
    3.950000   2.83374417 -7.1339880172690336e-05
    3.950000   2.89847256 -6.1731446790798432e-05
    3.950000   2.96316844 -5.3025122579521282e-05
    3.950000   3.02777863 -4.6208472279865073e-05
    3.950000   3.09200950 -4.2113051070543121e-05
    4.000000   0.04958315 -7.4275105450302288e-05
    4.000000   0.11381403 -7.6883873701075290e-05
    4.000000   0.17842421 -8.1182163507676809e-05
    4.000000   0.24312010 -8.6576729543216371e-05
    4.000000   0.30784849 -9.2368983077773965e-05
    4.000000   0.37259260 -9.7878161977152842e-05
    4.000000   0.43734549 -1.0254258726985244e-04
    4.000000   0.50210377 -1.0598160922550849e-04
    4.000000   0.56686560 -1.0801381186986959e-04
    4.000000   0.63162987 -1.0863852725891872e-04
    4.000000   0.69639591 -1.0799410393627619e-04
    4.000000   0.76116325 -1.0630733122314801e-04
    4.000000   0.82593158 -1.0384552970992341e-04
    4.000000   0.89070068 -1.0087828464130111e-04
    4.000000   0.95547037 -9.7651440540674772e-05
    4.000000   1.02024053 -9.4372795389926052e-05
    4.000000   1.08501108 -9.1207173777277883e-05
    4.000000   1.14978193 -8.8277986095363129e-05
    4.000000   1.21455301 -8.5672578623843747e-05
    4.000000   1.27932429 -8.3449249632364591e-05
    4.000000   1.34409571 -8.1644462261642518e-05
    4.000000   1.40886724 -8.0279361840035983e-05
    4.000000   1.47363885 -7.9365136429455593e-05
    4.000000   1.53841049 -7.8907038672822047e-05
    4.000000   1.60318216 -7.8907038710253964e-05
    4.000000   1.66795381 -7.9365136537203185e-05
    4.000000   1.73272541 -8.0279362004569504e-05
    4.000000   1.79749694 -8.1644462460833415e-05
    4.000000   1.86226837 -8.3449249836222030e-05
    4.000000   1.92703964 -8.5672578795732970e-05
    4.000000   1.99181073 -8.8277986193887454e-05
    4.000000   2.05658157 -9.1207173758967361e-05
    4.000000   2.12135212 -9.4372795212854194e-05
    4.000000   2.18612229 -9.7651440168987092e-05
    4.000000   2.25089198 -1.0087828405045334e-04
    4.000000   2.31566107 -1.0384552889215168e-04
    4.000000   2.38042940 -1.0630733019240082e-04
    4.000000   2.44519674 -1.0799410273154331e-04
    4.000000   2.50996278 -1.0863852594477163e-04
    4.000000   2.57472706 -1.0801381053314765e-04
    4.000000   2.63948889 -1.0598160796757753e-04
    4.000000   2.70424717 -1.0254258619470353e-04
    4.000000   2.76900006 -9.7878161176705392e-05
    4.000000   2.83374417 -9.2368982616755806e-05
    4.000000   2.89847256 -8.6576729446588709e-05
    4.000000   2.96316844 -8.1182163753447769e-05
    4.000000   3.02777863 -7.6883874220466799e-05
    4.000000   3.09200950 -7.4275106135837684e-05
    4.050000   0.04958315 -9.6925648507992191e-05
    4.050000   0.11381403 -9.8403679027509676e-05
    4.050000   0.17842421 -1.0078779527452277e-04
    4.050000   0.24312010 -1.0366793900604136e-04
    4.050000   0.30784849 -1.0656758822207267e-04
    4.050000   0.37259260 -1.0903277894058510e-04
    4.050000   0.43734549 -1.1070428842241542e-04
    4.050000   0.50210377 -1.1136013273170466e-04
    4.050000   0.56686560 -1.1092541157363990e-04
    4.050000   0.63162987 -1.0945514875867648e-04
    4.050000   0.69639591 -1.0710050833477750e-04
    4.050000   0.76116325 -1.0406936454243001e-04
    4.050000   0.82593158 -1.0058988610454604e-04
    4.050000   0.89070068 -9.6882254376658787e-05
    4.050000   0.95547037 -9.3140266063910235e-05
    4.050000   1.02024053 -8.9522142074013661e-05
    4.050000   1.08501108 -8.6148553467668536e-05
    4.050000   1.14978193 -8.3105491708245055e-05
    4.050000   1.21455301 -8.0449821367039462e-05
    4.050000   1.27932429 -7.8215843941835275e-05
    4.050000   1.34409571 -7.6421745078440845e-05
    4.050000   1.40886724 -7.5075266438787546e-05
    4.050000   1.47363885 -7.4178287343404259e-05
    4.050000   1.53841049 -7.3730218085188770e-05
    4.050000   1.60318216 -7.3730218130211363e-05
    4.050000   1.66795381 -7.4178287474495930e-05
    4.050000   1.73272541 -7.5075266644105540e-05
    4.050000   1.79749694 -7.6421745338581875e-05
    4.050000   1.86226837 -7.8215844230420485e-05
    4.050000   1.92703964 -8.0449821651711528e-05
    4.050000   1.99181073 -8.3105491952211320e-05
    4.050000   2.05658157 -8.6148553631941441e-05
    4.050000   2.12135212 -8.9522142120452425e-05
    4.050000   2.18612229 -9.3140265959057030e-05
    4.050000   2.25089198 -9.6882254096218484e-05
    4.050000   2.31566107 -1.0058988563812266e-04
    4.050000   2.38042940 -1.0406936389786743e-04
    4.050000   2.44519674 -1.0710050754121704e-04
    4.050000   2.50996278 -1.0945514786730736e-04
    4.050000   2.57472706 -1.1092541065521749e-04
    4.050000   2.63948889 -1.1136013187027886e-04
    4.050000   2.70424717 -1.1070428770545092e-04
    4.050000   2.76900006 -1.0903277844650686e-04
    4.050000   2.83374417 -1.0656758800725253e-04
    4.050000   2.89847256 -1.0366793909372568e-04
    4.050000   2.96316844 -1.0078779564824769e-04
    4.050000   3.02777863 -9.8403679630814964e-05
    4.050000   3.09200950 -9.6925649251077011e-05
    4.100000   0.04958315 -1.1215350144156073e-04
    4.100000   0.11381403 -1.1278132908142266e-04
    4.100000   0.17842421 -1.1372761033860888e-04
    4.100000   0.24312010 -1.1472216111536506e-04
    4.100000   0.30784849 -1.1545787930570945e-04
    4.100000   0.37259260 -1.1565357371969184e-04
    4.100000   0.43734549 -1.1510383428607908e-04
    4.100000   0.50210377 -1.1370661136704607e-04
    4.100000   0.56686560 -1.1146668346311775e-04
    4.100000   0.63162987 -1.0847959689021808e-04
    4.100000   0.69639591 -1.0490409968954581e-04
    4.100000   0.76116325 -1.0093139953812223e-04
    4.100000   0.82593158 -9.6757692617814063e-05
    4.100000   0.89070068 -9.2563635848567471e-05
    4.100000   0.95547037 -8.8501835974662065e-05
    4.100000   1.02024053 -8.4691587331301466e-05
    4.100000   1.08501108 -8.1219131805392009e-05
    4.100000   1.14978193 -7.8141479432519776e-05
    4.100000   1.21455301 -7.5492049363845058e-05
    4.100000   1.27932429 -7.3286818021986699e-05
    4.100000   1.34409571 -7.1530115832179380e-05
    4.100000   1.40886724 -7.0219597012491662e-05
    4.100000   1.47363885 -6.9350181485468775e-05
    4.100000   1.53841049 -6.8916935269882850e-05
    4.100000   1.60318216 -6.8916935320091846e-05
    4.100000   1.66795381 -6.9350181632625869e-05
    4.100000   1.73272541 -7.0219597246257278e-05
    4.100000   1.79749694 -7.1530116135581378e-05
    4.100000   1.86226837 -7.3286818371884639e-05
    4.100000   1.92703964 -7.5492049731733585e-05
    4.100000   1.99181073 -7.8141479785795128e-05
    4.100000   2.05658157 -8.1219132109206085e-05
    4.100000   2.12135212 -8.4691587551110297e-05
    4.100000   2.18612229 -8.8501836079465750e-05
    4.100000   2.25089198 -9.2563635814730199e-05
    4.100000   2.31566107 -9.6757692433143357e-05
    4.100000   2.38042940 -1.0093139920567009e-04
    4.100000   2.44519674 -1.0490409923037684e-04
    4.100000   2.50996278 -1.0847959634428984e-04
    4.100000   2.57472706 -1.1146668288744294e-04
    4.100000   2.63948889 -1.1370661083065289e-04
    4.100000   2.70424717 -1.1510383386183695e-04
    4.100000   2.76900006 -1.1565357347385193e-04
    4.100000   2.83374417 -1.1545787928680467e-04
    4.100000   2.89847256 -1.1472216134460547e-04
    4.100000   2.96316844 -1.1372761080397588e-04
    4.100000   3.02777863 -1.1278132973711449e-04
    4.100000   3.09200950 -1.1215350221343243e-04
    4.150000   0.04958315 -1.2163233786985223e-04
    4.150000   0.11381403 -1.2163027879802881e-04
    4.150000   0.17842421 -1.2151287168716449e-04
    4.150000   0.24312010 -1.2111585216471680e-04
    4.150000   0.30784849 -1.2026021801654426e-04
    4.150000   0.37259260 -1.1879508384487809e-04
    4.150000   0.43734549 -1.1663054457158035e-04
    4.150000   0.50210377 -1.1375391720395246e-04
    4.150000   0.56686560 -1.1022842564185920e-04
    4.150000   0.63162987 -1.0617809817875480e-04
    4.150000   0.69639591 -1.0176508584161264e-04
    4.150000   0.76116325 -9.7165687193406002e-05
    4.150000   0.82593158 -9.2549814424336711e-05
    4.150000   0.89070068 -8.8066453234501992e-05
    4.150000   0.95547037 -8.3835668128553120e-05
    4.150000   1.02024053 -7.9946320953458035e-05
    4.150000   1.08501108 -7.6457987153600755e-05
    4.150000   1.14978193 -7.3405434750611101e-05
    4.150000   1.21455301 -7.0804259241472048e-05
    4.150000   1.27932429 -6.8656643548980085e-05
    4.150000   1.34409571 -6.6956595517439276e-05
    4.150000   1.40886724 -6.5694330147575942e-05
    4.150000   1.47363885 -6.4859683351822147e-05
    4.150000   1.53841049 -6.4444572303936685e-05
    4.150000   1.60318216 -6.4444572357379314e-05
    4.150000   1.66795381 -6.4859683509131032e-05
    4.150000   1.73272541 -6.5694330399746880e-05
    4.150000   1.79749694 -6.6956595849663813e-05
    4.150000   1.86226837 -6.8656643941011693e-05
    4.150000   1.92703964 -7.0804259668268233e-05
    4.150000   1.99181073 -7.3405435183364299e-05
    4.150000   2.05658157 -7.6457987561270448e-05
    4.150000   2.12135212 -7.9946321304894132e-05
    4.150000   2.18612229 -8.3835668395227213e-05
    4.150000   2.25089198 -8.8066453393752928e-05
    4.150000   2.31566107 -9.2549814462870639e-05
    4.150000   2.38042940 -9.7165687110609304e-05
    4.150000   2.44519674 -1.0176508565203894e-04
    4.150000   2.50996278 -1.0617809791306180e-04
    4.150000   2.57472706 -1.1022842534547830e-04
    4.150000   2.63948889 -1.1375391693306007e-04
    4.150000   2.70424717 -1.1663054438637288e-04
    4.150000   2.76900006 -1.1879508380083935e-04
    4.150000   2.83374417 -1.2026021815505518e-04
    4.150000   2.89847256 -1.2111585250480451e-04
    4.150000   2.96316844 -1.2151287222029717e-04
    4.150000   3.02777863 -1.2163027948742283e-04
    4.150000   3.09200950 -1.2163233865487295e-04
    4.200000   0.04958315 -1.2669940651991119e-04
    4.200000   0.11381403 -1.2623974095045263e-04
    4.200000   0.17842421 -1.2535123198881100e-04
    4.200000   0.24312010 -1.2394899076893033e-04
    4.200000   0.30784849 -1.2194978200799030e-04
    4.200000   0.37259260 -1.1929975546462972e-04
    4.200000   0.43734549 -1.1599445721593121e-04
    4.200000   0.50210377 -1.1208655401905115e-04
    4.200000   0.56686560 -1.0768100876370931e-04
    4.200000   0.63162987 -1.0292084902120581e-04
    4.200000   0.69639591 -9.7968340945357892e-05
    4.200000   0.76116325 -9.2986280479857622e-05
    4.200000   0.82593158 -8.8122818817391976e-05
    4.200000   0.89070068 -8.3501514860373030e-05
    4.200000   0.95547037 -7.9216770272738912e-05
    4.200000   1.02024053 -7.5333774271994140e-05
    4.200000   1.08501108 -7.1891614884203863e-05
    4.200000   1.14978193 -6.8908182333315274e-05
    4.200000   1.21455301 -6.6385721783257303e-05
    4.200000   1.27932429 -6.4316226667563285e-05
    4.200000   1.34409571 -6.2686189913191526e-05
    4.200000   1.40886724 -6.1480490463098006e-05
    4.200000   1.47363885 -6.0685368495083818e-05
    4.200000   1.53841049 -6.0290540406915073e-05
    4.200000   1.60318216 -6.0290540462021037e-05
    4.200000   1.66795381 -6.0685368657782530e-05
    4.200000   1.73272541 -6.1480490725568173e-05
    4.200000   1.79749694 -6.2686190262547771e-05
    4.200000   1.86226837 -6.4316227086138019e-05
    4.200000   1.92703964 -6.6385722249111452e-05
    4.200000   1.99181073 -6.8908182821072109e-05
    4.200000   2.05658157 -7.1891615366307654e-05
    4.200000   2.12135212 -7.5333774720477120e-05
    4.200000   2.18612229 -7.9216770661514295e-05
    4.200000   2.25089198 -8.3501515167983995e-05
    4.200000   2.31566107 -8.8122819030008793e-05
    4.200000   2.38042940 -9.2986280594147520e-05
    4.200000   2.44519674 -9.7968340970708680e-05
    4.200000   2.50996278 -1.0292084898067100e-04
    4.200000   2.57472706 -1.0768100869307648e-04
    4.200000   2.63948889 -1.1208655396363317e-04
    4.200000   2.70424717 -1.1599445722505925e-04
    4.200000   2.76900006 -1.1929975558441066e-04
    4.200000   2.83374417 -1.2194978227340012e-04
    4.200000   2.89847256 -1.2394899119679115e-04
    4.200000   2.96316844 -1.2535123257326693e-04
    4.200000   3.02777863 -1.2623974166219988e-04
    4.200000   3.09200950 -1.2669940730975119e-04
    4.250000   0.04958315 -1.2841970548338154e-04
    4.250000   0.11381403 -1.2763646114933214e-04
    4.250000   0.17842421 -1.2620445776314828e-04
    4.250000   0.24312010 -1.2409749952188305e-04
    4.250000   0.30784849 -1.2130290766305610e-04
    4.250000   0.37259260 -1.1783790370528959e-04
    4.250000   0.43734549 -1.1376001143484337e-04
    4.250000   0.50210377 -1.0916847601219759e-04
    4.250000   0.56686560 -1.0419694015900574e-04
    4.250000   0.63162987 -9.9000030407714237e-05
    4.250000   0.69639591 -9.3737591445576339e-05
    4.250000   0.76116325 -8.8560072663223318e-05
    4.250000   0.82593158 -8.3597475199366015e-05
    4.250000   0.89070068 -7.8952898488993315e-05
    4.250000   0.95547037 -7.4700547065591097e-05
    4.250000   1.02024053 -7.0887304393767449e-05
    4.250000   1.08501108 -6.7536673493507747e-05
    4.250000   1.14978193 -6.4653919336957357e-05
    4.250000   1.21455301 -6.2231479580329341e-05
    4.250000   1.27932429 -6.0254009252201283e-05
    4.250000   1.34409571 -5.8702704675424703e-05
    4.250000   1.40886724 -5.7558768287766394e-05
    4.250000   1.47363885 -5.6806017484439336e-05
    4.250000   1.53841049 -5.6432714350069228e-05
    4.250000   1.60318216 -5.6432714405589995e-05
    4.250000   1.66795381 -5.6806017648733757e-05
    4.250000   1.73272541 -5.7558768554060583e-05
    4.250000   1.79749694 -5.8702705032536321e-05
    4.250000   1.86226837 -6.0254009684756817e-05
    4.250000   1.92703964 -6.2231480069163263e-05
    4.250000   1.99181073 -6.4653919859782873e-05
    4.250000   2.05658157 -6.7536674025946912e-05
    4.250000   2.12135212 -7.0887304910815971e-05
    4.250000   2.18612229 -7.4700547543536037e-05
    4.250000   2.25089198 -7.8952898907740451e-05
    4.250000   2.31566107 -8.3597475544990138e-05
    4.250000   2.38042940 -8.8560072930459610e-05
    4.250000   2.44519674 -9.3737591639783796e-05
    4.250000   2.50996278 -9.9000030545804812e-05
    4.250000   2.57472706 -1.0419694026881651e-04
    4.250000   2.63948889 -1.0916847612994880e-04
    4.250000   2.70424717 -1.1376001160065789e-04
    4.250000   2.76900006 -1.1783790395719548e-04
    4.250000   2.83374417 -1.2130290803037848e-04
    4.250000   2.89847256 -1.2409750001930747e-04
    4.250000   2.96316844 -1.2620445838680945e-04
    4.250000   3.02777863 -1.2763646187604000e-04
    4.250000   3.09200950 -1.2841970627346349e-04
    4.300000   0.04958315 -1.2763825470075120e-04
    4.300000   0.11381403 -1.2663505829160979e-04
    4.300000   0.17842421 -1.2483550475080098e-04
    4.300000   0.24312010 -1.2225604025035074e-04
    4.300000   0.30784849 -1.1893496938790985e-04
    4.300000   0.37259260 -1.1494041912299454e-04
    4.300000   0.43734549 -1.1037365392840772e-04
    4.300000   0.50210377 -1.0536591674831186e-04
    4.300000   0.56686560 -1.0006940067423186e-04
    4.300000   0.63162987 -9.4644618763713929e-05
    4.300000   0.69639591 -8.9247083156461746e-05
    4.300000   0.76116325 -8.4015873770855164e-05
    4.300000   0.82593158 -7.9065738100189423e-05
    4.300000   0.89070068 -7.4483269808834886e-05
    4.300000   0.95547037 -7.0326812793504150e-05
    4.300000   1.02024053 -6.6629194237944280e-05
    4.300000   1.08501108 -6.3402207240506684e-05
    4.300000   1.14978193 -6.0641847213604885e-05
    4.300000   1.21455301 -5.8333534918942730e-05
    4.300000   1.27932429 -5.6456828410203888e-05
    4.300000   1.34409571 -5.4989367903585287e-05
    4.300000   1.40886724 -5.3909978877316093e-05
    4.300000   1.47363885 -5.3200972813465117e-05
    4.300000   1.53841049 -5.2849740137093115e-05
    4.300000   1.60318216 -5.2849740192047854e-05
    4.300000   1.66795381 -5.3200972976372958e-05
    4.300000   1.73272541 -5.3909979142325753e-05
    4.300000   1.79749694 -5.4989368261020933e-05
    4.300000   1.86226837 -5.6456828846725530e-05
    4.300000   1.92703964 -5.8333535417857577e-05
    4.300000   1.99181073 -6.0641847755401107e-05
    4.300000   2.05658157 -6.3402207803691857e-05
    4.300000   2.12135212 -6.6629194800254840e-05
    4.300000   2.18612229 -7.0326813333508443e-05
    4.300000   2.25089198 -7.4483270307891506e-05
    4.300000   2.31566107 -7.9065738544623830e-05
    4.300000   2.38042940 -8.4015874154101604e-05
    4.300000   2.44519674 -8.9247083480798020e-05
    4.300000   2.50996278 -9.4644619041151778e-05
    4.300000   2.57472706 -1.0006940092611543e-04
    4.300000   2.63948889 -1.0536591700332343e-04
    4.300000   2.70424717 -1.1037365421892878e-04
    4.300000   2.76900006 -1.1494041948016589e-04
    4.300000   2.83374417 -1.1893496983612991e-04
    4.300000   2.89847256 -1.2225604080227942e-04
    4.300000   2.96316844 -1.2483550540401557e-04
    4.300000   3.02777863 -1.2663505902784164e-04
    4.300000   3.09200950 -1.2763825548816368e-04
    4.350000   0.04958315 -1.2502263748259229e-04
    4.350000   0.11381403 -1.2387901053429850e-04
    4.350000   0.17842421 -1.2184687270046932e-04
    4.350000   0.24312010 -1.1897291493572789e-04
    4.350000   0.30784849 -1.1533130654900555e-04
    4.350000   0.37259260 -1.1102550421166765e-04
    4.350000   0.43734549 -1.0618643407487171e-04
    4.350000   0.50210377 -1.0096609559851255e-04
    4.350000   0.56686560 -9.5527448347470961e-05
    4.350000   0.63162987 -9.0032541168254409e-05
    4.350000   0.69639591 -8.4631158179569103e-05
    4.350000   0.76116325 -7.9451858152316130e-05
    4.350000   0.82593158 -7.4596470653443710e-05
    4.350000   0.89070068 -7.0138232813995904e-05
    4.350000   0.95547037 -6.6123063213962348e-05
    4.350000   1.02024053 -6.2573087174582276e-05
    4.350000   1.08501108 -5.9491437765128614e-05
    4.350000   1.14978193 -5.6867474565136438e-05
    4.350000   1.21455301 -5.4681785473827813e-05
    4.350000   1.27932429 -5.2910580703530353e-05
    4.350000   1.34409571 -5.1529298616391625e-05
    4.350000   1.40886724 -5.0515396033496917e-05
    4.350000   1.47363885 -4.9850388107697312e-05
    4.350000   1.53841049 -4.9521243613936352e-05
    4.350000   1.60318216 -4.9521243667568797e-05
    4.350000   1.66795381 -4.9850388266911656e-05
    4.350000   1.73272541 -5.0515396293253896e-05
    4.350000   1.79749694 -5.1529298968344649e-05
    4.350000   1.86226837 -5.2910581136139502e-05
    4.350000   1.92703964 -5.4681785972597553e-05
    4.350000   1.99181073 -5.6867475113038263e-05
    4.350000   2.05658157 -5.9491438343279443e-05
    4.350000   2.12135212 -6.2573087763240250e-05
    4.350000   2.18612229 -6.6123063793860064e-05
    4.350000   2.25089198 -7.0138233367989428e-05
    4.350000   2.31566107 -7.4596471168360826e-05
    4.350000   2.38042940 -7.9451858620794807e-05
    4.350000   2.44519674 -8.4631158601585963e-05
    4.350000   2.50996278 -9.0032541551957529e-05
    4.350000   2.57472706 -9.5527448708954970e-05
    4.350000   2.63948889 -1.0096609596025748e-04
    4.350000   2.70424717 -1.0618643446280418e-04
    4.350000   2.76900006 -1.1102550465110289e-04
    4.350000   2.83374417 -1.1533130706008681e-04
    4.350000   2.89847256 -1.1897291552923845e-04
    4.350000   2.96316844 -1.2184687337498374e-04
    4.350000   3.02777863 -1.2387901127547141e-04
    4.350000   3.09200950 -1.2502263826495477e-04
    4.400000   0.04958315 -1.2109759033314880e-04
    4.400000   0.11381403 -1.1987399297898225e-04
    4.400000   0.17842421 -1.1771182327581894e-04
    4.400000   0.24312010 -1.1467849746917596e-04
    4.400000   0.30784849 -1.1087244413238135e-04
    4.400000   0.37259260 -1.0642050133193944e-04
    4.400000   0.43734549 -1.0147247144094231e-04
    4.400000   0.50210377 -9.6192522299546267e-05
    4.400000   0.56686560 -9.0748467061259859e-05
    4.400000   0.63162987 -8.5300632570291354e-05
    4.400000   0.69639591 -7.9992100136588084e-05
    4.400000   0.76116325 -7.4941661835142883e-05
    4.400000   0.82593158 -7.0240124149506354e-05
    4.400000   0.89070068 -6.5949878471053769e-05
    4.400000   0.95547037 -6.2107134895701915e-05
    4.400000   1.02024053 -5.8725955485989955e-05
    4.400000   1.08501108 -5.5803201700946087e-05
    4.400000   1.14978193 -5.3323651242223727e-05
    4.400000   1.21455301 -5.1264755379385408e-05
    4.400000   1.27932429 -4.9600729295128885e-05
    4.400000   1.34409571 -4.8305852555113758e-05
    4.400000   1.40886724 -4.7356986838760501e-05
    4.400000   1.47363885 -4.6735393385602426e-05
    4.400000   1.53841049 -4.6427962332106764e-05
    4.400000   1.60318216 -4.6427962383846708e-05
    4.400000   1.66795381 -4.6735393539378201e-05
    4.400000   1.73272541 -4.7356987090247076e-05
    4.400000   1.79749694 -4.8305852897132462e-05
    4.400000   1.86226837 -4.9600729717729546e-05
    4.400000   1.92703964 -5.1264755870019607e-05
    4.400000   1.99181073 -5.3323651786079438e-05
    4.400000   2.05658157 -5.5803202281491878e-05
    4.400000   2.12135212 -5.8725956085788560e-05
    4.400000   2.18612229 -6.2107135497521792e-05
    4.400000   2.25089198 -6.5949879059249385e-05
    4.400000   2.31566107 -7.0240124711586075e-05
    4.400000   2.38042940 -7.4941662363345337e-05
    4.400000   2.44519674 -7.9992100629219302e-05
    4.400000   2.50996278 -8.5300633032495794e-05
    4.400000   2.57472706 -9.0748467504923384e-05
    4.400000   2.63948889 -9.6192522742088294e-05
    4.400000   2.70424717 -1.0147247190294322e-04
    4.400000   2.76900006 -1.0642050183382500e-04
    4.400000   2.83374417 -1.1087244469064632e-04
    4.400000   2.89847256 -1.1467849809289062e-04
    4.400000   2.96316844 -1.1771182396421702e-04
    4.400000   3.02777863 -1.1987399372080211e-04
    4.400000   3.09200950 -1.2109759110804749e-04
    4.450000   0.04958315 -1.1627309875128858e-04
    4.450000   0.11381403 -1.1501496586717662e-04
    4.450000   0.17842421 -1.1279976107636778e-04
    4.450000   0.24312010 -1.0970836808558081e-04
    4.450000   0.30784849 -1.0585463383072551e-04
    4.450000   0.37259260 -1.0137968859643029e-04
    4.450000   0.43734549 -9.6444026891009452e-05
    4.450000   0.50210377 -9.1217497661175498e-05
    4.450000   0.56686560 -8.5868341059686025e-05
    4.450000   0.63162987 -8.0552776409281563e-05
    4.450000   0.69639591 -7.5406546972104155e-05
    4.450000   0.76116325 -7.0539362592957405e-05
    4.450000   0.82593158 -6.6032553952737286e-05
    4.450000   0.89070068 -6.1939670773899822e-05
    4.450000   0.95547037 -5.8289359264467531e-05
    4.450000   1.02024053 -5.5089685363702965e-05
    4.450000   1.08501108 -5.2333098307736221e-05
    4.450000   1.14978193 -5.0001383551632239e-05
    4.450000   1.21455301 -4.8070160899401677e-05
    4.450000   1.27932429 -4.6512685346755588e-05
    4.450000   1.34409571 -4.5302870921252408e-05
    4.450000   1.40886724 -4.4417569150613613e-05
    4.450000   1.47363885 -4.3838195523602113e-05
    4.450000   1.53841049 -4.3551818612659603e-05
    4.450000   1.60318216 -4.3551818662089640e-05
    4.450000   1.66795381 -4.3838195670657678e-05
    4.450000   1.73272541 -4.4417569391594717e-05
    4.450000   1.79749694 -4.5302871250007294e-05
    4.450000   1.86226837 -4.6512685754731277e-05
    4.450000   1.92703964 -4.8070161375774213e-05
    4.450000   1.99181073 -5.0001384083559619e-05
    4.450000   2.05658157 -5.2333098880796477e-05
    4.450000   2.12135212 -5.5089685962558640e-05
    4.450000   2.18612229 -5.8289359873782409e-05
    4.450000   2.25089198 -6.1939671379497872e-05
    4.450000   2.31566107 -6.6032554542925422e-05
    4.450000   2.38042940 -7.0539363159877641e-05
    4.450000   2.44519674 -7.5406547512896677e-05
    4.450000   2.50996278 -8.0552776926791941e-05
    4.450000   2.57472706 -8.5868341562461486e-05
    4.450000   2.63948889 -9.1217498162533120e-05
    4.450000   2.70424717 -9.6444027407135088e-05
    4.450000   2.76900006 -1.0137968914366735e-04
    4.450000   2.83374417 -1.0585463442246537e-04
    4.450000   2.89847256 -1.0970836872935235e-04
    4.450000   2.96316844 -1.1279976177180587e-04
    4.450000   3.02777863 -1.1501496660541356e-04
    4.450000   3.09200950 -1.1627309951607706e-04
    4.500000   0.04958315 -1.1086719268971346e-04
    4.500000   0.11381403 -1.0960815952515530e-04
    4.500000   0.17842421 -1.0739684429132122e-04
    4.500000   0.24312010 -1.0432211340301274e-04
    4.500000   0.30784849 -1.0050656086396521e-04
    4.500000   0.37259260 -9.6098766956057542e-05
    4.500000   0.43734549 -9.1263782078219552e-05
    4.500000   0.50210377 -8.6172306135965469e-05
    4.500000   0.56686560 -8.0989754801716904e-05
    4.500000   0.63162987 -7.5866546072749351e-05
    4.500000   0.69639591 -7.0930720762675577e-05
    4.500000   0.76116325 -6.6283537064861173e-05
    4.500000   0.82593158 -6.1998122271741043e-05
    4.500000   0.89070068 -5.8120786265727127e-05
    4.500000   0.95547037 -5.4674300725903108e-05
    4.500000   1.02024053 -5.1662347261349783e-05
    4.500000   1.08501108 -4.9074400244342516e-05
    4.500000   1.14978193 -4.6890471783766818e-05
    4.500000   1.21455301 -4.5085342953657788e-05
    4.500000   1.27932429 -4.3632089284913405e-05
    4.500000   1.34409571 -4.2504852853059521e-05
    4.500000   1.40886724 -4.1680909326909311e-05
    4.500000   1.47363885 -4.1142129299993469e-05
    4.500000   1.53841049 -4.0875948174041002e-05
    4.500000   1.60318216 -4.0875948220869110e-05
    4.500000   1.66795381 -4.1142129439427289e-05
    4.500000   1.73272541 -4.1680909555795895e-05
    4.500000   1.79749694 -4.2504853166145043e-05
    4.500000   1.86226837 -4.3632089674873753e-05
    4.500000   1.92703964 -4.5085343411187426e-05
    4.500000   1.99181073 -4.6890472297772289e-05
    4.500000   2.05658157 -4.9074400802289332e-05
    4.500000   2.12135212 -5.1662347849799706e-05
    4.500000   2.18612229 -5.4674301331274202e-05
    4.500000   2.25089198 -5.8120786875257341e-05
    4.500000   2.31566107 -6.1998122874609100e-05
    4.500000   2.38042940 -6.6283537653336988e-05
    4.500000   2.44519674 -7.0930721333131518e-05
    4.500000   2.50996278 -7.5866546626305711e-05
    4.500000   2.57472706 -8.0989755344297357e-05
    4.500000   2.63948889 -8.6172306677590103e-05
    4.500000   2.70424717 -9.1263782631480995e-05
    4.500000   2.76900006 -9.6098767533914112e-05
    4.500000   2.83374417 -1.0050656147718467e-04
    4.500000   2.89847256 -1.0432211405775335e-04
    4.500000   2.96316844 -1.0739684498742312e-04
    4.500000   3.02777863 -1.0960816025559997e-04
    4.500000   3.09200950 -1.1086719344149278e-04
    4.550000   0.04958315 -1.0512441874314548e-04
    4.550000   0.11381403 -1.0388889489060668e-04
    4.550000   0.17842421 -1.0172269948814906e-04
    4.550000   0.24312010 -9.8718582822133124e-05
    4.550000   0.30784849 -9.5002911973042083e-05
    4.550000   0.37259260 -9.0726634732594066e-05
    4.550000   0.43734549 -8.6054826984559581e-05
    4.550000   0.50210377 -8.1155510691405171e-05
    4.550000   0.56686560 -7.6188949574000549e-05
    4.550000   0.63162987 -7.1298611016032889e-05
    4.550000   0.69639591 -6.6604682134162538e-05
    4.550000   0.76116325 -6.2200556819840894e-05
    4.550000   0.82593158 -5.8152213189187496e-05
    4.550000   0.89070068 -5.4500003726340773e-05
    4.550000   0.95547037 -5.1262153231548203e-05
    4.550000   1.02024053 -4.8439208754214186e-05
    4.550000   1.08501108 -4.6018771464041885e-05
    4.550000   1.14978193 -4.3980004045343449e-05
    4.550000   1.21455301 -4.2297592966251010e-05
    4.550000   1.27932429 -4.0945012820667815e-05
    4.550000   1.34409571 -3.9897068484846071e-05
    4.550000   1.40886724 -3.9131774227229482e-05
    4.550000   1.47363885 -3.8631671302998693e-05
    4.550000   1.53841049 -3.8384695759930142e-05
    4.550000   1.60318216 -3.8384695803967588e-05
    4.550000   1.66795381 -3.8631671434220516e-05
    4.550000   1.73272541 -3.9131774442958976e-05
    4.550000   1.79749694 -3.9897068780614641e-05
    4.550000   1.86226837 -4.0945013190227788e-05
    4.550000   1.92703964 -4.2297593401632836e-05
    4.550000   1.99181073 -4.3980004536999393e-05
    4.550000   2.05658157 -4.6018772001119158e-05
    4.550000   2.12135212 -4.8439209324987799e-05
    4.550000   2.18612229 -5.1262153824045181e-05
    4.550000   2.25089198 -5.4500004329144807e-05
    4.550000   2.31566107 -5.8152213792380583e-05
    4.550000   2.38042940 -6.2200557415983821e-05
    4.550000   2.44519674 -6.6604682719172104e-05
    4.550000   2.50996278 -7.1298611589761806e-05
    4.550000   2.57472706 -7.6188950140336983e-05
    4.550000   2.63948889 -8.1155511257737932e-05
    4.550000   2.70424717 -8.6054827560564170e-05
    4.550000   2.76900006 -9.0726635328438715e-05
    4.550000   2.83374417 -9.5002912597287815e-05
    4.550000   2.89847256 -9.8718583479733116e-05
    4.550000   2.96316844 -1.0172270017901404e-04
    4.550000   3.02777863 -1.0388889560912228e-04
    4.550000   3.09200950 -1.0512441947885341e-04
    4.600000   0.04958315 -9.9230788481872875e-05
    4.600000   0.11381403 -9.8036008211170629e-05
    4.600000   0.17842421 -9.5943957205995225e-05
    4.600000   0.24312010 -9.3048250247413809e-05
    4.600000   0.30784849 -8.9475376313816120e-05
    4.600000   0.37259260 -8.5374940727809114e-05
    4.600000   0.43734549 -8.0908767929558869e-05
    4.600000   0.50210377 -7.6239689444541632e-05
    4.600000   0.56686560 -7.1521211491791346e-05
    4.600000   0.63162987 -6.6889126519413113e-05
    4.600000   0.69639591 -6.2455781818919687e-05
    4.600000   0.76116325 -5.8307258020818743e-05
    4.600000   0.82593158 -5.4503264282622645e-05
    4.600000   0.89070068 -5.1079224437019395e-05
    4.600000   0.95547037 -4.8049857053410040e-05
    4.600000   1.02024053 -4.5413537272169571e-05
    4.600000   1.08501108 -4.3156828570814781e-05
    4.600000   1.14978193 -4.1258734356196387e-05
    4.600000   1.21455301 -3.9694393688791172e-05
    4.600000   1.27932429 -3.8438098697673407e-05
    4.600000   1.34409571 -3.7465626174246841e-05
    4.600000   1.40886724 -3.6755948729178358e-05
    4.600000   1.47363885 -3.6292426466842347e-05
    4.600000   1.53841049 -3.6063586819513097e-05
    4.600000   1.60318216 -3.6063586860653217e-05
    4.600000   1.66795381 -3.6292426589511793e-05
    4.600000   1.73272541 -3.6755948931114719e-05
    4.600000   1.79749694 -3.7465626451666740e-05
    4.600000   1.86226837 -3.8438099045269220e-05
    4.600000   1.92703964 -3.9694394099764836e-05
    4.600000   1.99181073 -4.1258734822364222e-05
    4.600000   2.05658157 -4.3156829082816660e-05
    4.600000   2.12135212 -4.5413537819817890e-05
    4.600000   2.18612229 -4.8049857626200485e-05
    4.600000   2.25089198 -5.1079225024799714e-05
    4.600000   2.31566107 -5.4503264876381709e-05
    4.600000   2.38042940 -5.8307258613522445e-05
    4.600000   2.44519674 -6.2455782406265831e-05
    4.600000   2.50996278 -6.6889127100353384e-05
    4.600000   2.57472706 -7.1521212068653689e-05
    4.600000   2.63948889 -7.6239690022635099e-05
    4.600000   2.70424717 -8.0908768516204212e-05
    4.600000   2.76900006 -8.5374941330887329e-05
    4.600000   2.83374417 -8.9475376940046023e-05
    4.600000   2.89847256 -9.3048250900699733e-05
    4.600000   2.96316844 -9.5943957886222841e-05
    4.600000   3.02777863 -9.8036008913786045e-05
    4.600000   3.09200950 -9.9230789198409149e-05
    4.650000   0.04958315 -9.3325856700554998e-05
    4.650000   0.11381403 -9.2183508829152513e-05
    4.650000   0.17842421 -9.0185195359158990e-05
    4.650000   0.24312010 -8.7423213392022714e-05
    4.650000   0.30784849 -8.4021548932088939e-05
    4.650000   0.37259260 -8.0125820116683870e-05
    4.650000   0.43734549 -7.5892296127226511e-05
    4.650000   0.50210377 -7.1476894509675008e-05
    4.650000   0.56686560 -6.7025318179244294e-05
    4.650000   0.63162987 -6.2665288590394011e-05
    4.650000   0.69639591 -5.8501452531395217e-05
    4.650000   0.76116325 -5.4613096513064610e-05
    4.650000   0.82593158 -5.1054401490577752e-05
    4.650000   0.89070068 -4.7856689774212395e-05
    4.650000   0.95547037 -4.5031986970665822e-05
    4.650000   1.02024053 -4.2577231884024571e-05
    4.650000   1.08501108 -4.0478575592903670e-05
    4.650000   1.14978193 -3.8715367954308621e-05
    4.650000   1.21455301 -3.7263592663317035e-05
    4.650000   1.27932429 -3.6098651915815600e-05
    4.650000   1.34409571 -3.5197504807518624e-05
    4.650000   1.40886724 -3.4540227705931772e-05
    4.650000   1.47363885 -3.4111094948075084e-05
    4.650000   1.53841049 -3.3899282357250423e-05
    4.650000   1.60318216 -3.3899282395453703e-05
    4.650000   1.66795381 -3.4111095062053382e-05
    4.650000   1.73272541 -3.4540227893783202e-05
    4.650000   1.79749694 -3.5197505066055048e-05
    4.650000   1.86226837 -3.6098652240548361e-05
    4.650000   1.92703964 -3.7263593048473833e-05
    4.650000   1.99181073 -3.8715368392904626e-05
    4.650000   2.05658157 -4.0478576076900085e-05
    4.650000   2.12135212 -4.2577232404608696e-05
    4.650000   2.18612229 -4.5031987518665504e-05
    4.650000   2.25089198 -4.7856690340648887e-05
    4.650000   2.31566107 -5.1054402067331221e-05
    4.650000   2.38042940 -5.4613097093578119e-05
    4.650000   2.44519674 -5.8501453111328116e-05
    4.650000   2.50996278 -6.2665289168082475e-05
    4.650000   2.57472706 -6.7025318755841576e-05
    4.650000   2.63948889 -7.1476895088858967e-05
    4.650000   2.70424717 -7.5892296714433552e-05
    4.650000   2.76900006 -8.0125820717931085e-05
    4.650000   2.83374417 -8.4021549552566079e-05
    4.650000   2.89847256 -8.7423214034728207e-05
    4.650000   2.96316844 -9.0185196023895444e-05
    4.650000   3.02777863 -9.2183509512158655e-05
    4.650000   3.09200950 -9.3325857394909578e-05
    4.700000   0.04958315 -8.7512463991526283e-05
    4.700000   0.11381403 -8.6429984417194037e-05
    4.700000   0.17842421 -8.4537770983574340e-05
    4.700000   0.24312010 -8.1925266936954500e-05
    4.700000   0.30784849 -7.8712122386985408e-05
    4.700000   0.37259260 -7.5038145514199196e-05
    4.700000   0.43734549 -7.1052496950979103e-05
    4.700000   0.50210377 -6.6903064507570814e-05
    4.700000   0.56686560 -6.2727132015997022e-05
    4.700000   0.63162987 -5.8644204262985984e-05
    4.700000   0.69639591 -5.4751459810147177e-05
    4.700000   0.76116325 -5.1121881057892714e-05
    4.700000   0.82593158 -4.7804749076047635e-05
    4.700000   0.89070068 -4.4827951444065308e-05
    4.700000   0.95547037 -4.2201454234418110e-05
    4.700000   1.02024053 -3.9921316470352900e-05
    4.700000   1.08501108 -3.7973736811317563e-05
    4.700000   1.14978193 -3.6338772587611226e-05
    4.700000   1.21455301 -3.4993522690779366e-05
    4.700000   1.27932429 -3.3914693521613666e-05
    4.700000   1.34409571 -3.3080559902620010e-05
    4.700000   1.40886724 -3.2472389543945478e-05
    4.700000   1.47363885 -3.2075425390182661e-05
    4.700000   1.53841049 -3.1879522503126409e-05
    4.700000   1.60318216 -3.1879522538404484e-05
    4.700000   1.66795381 -3.2075425495490391e-05
    4.700000   1.73272541 -3.2472389717692576e-05
    4.700000   1.79749694 -3.3080560142133355e-05
    4.700000   1.86226837 -3.3914693823117829e-05
    4.700000   1.92703964 -3.4993523049396860e-05
    4.700000   1.99181073 -3.6338772997407792e-05
    4.700000   2.05658157 -3.7973737265421182e-05
    4.700000   2.12135212 -3.9921316961174137e-05
    4.700000   2.18612229 -4.2201454753986574e-05
    4.700000   2.25089198 -4.4827951984486822e-05
    4.700000   2.31566107 -4.7804749630057442e-05
    4.700000   2.38042940 -5.1121881619454097e-05
    4.700000   2.44519674 -5.4751460375010620e-05
    4.700000   2.50996278 -5.8644204829097602e-05
    4.700000   2.57472706 -6.2727132583641668e-05
    4.700000   2.63948889 -6.6903065079163107e-05
    4.700000   2.70424717 -7.1052497530456527e-05
    4.700000   2.76900006 -7.5038146106069364e-05
    4.700000   2.83374417 -7.8712122995178090e-05
    4.700000   2.89847256 -8.1925267563695076e-05
    4.700000   2.96316844 -8.4537771628548039e-05
    4.700000   3.02777863 -8.6429985077225406e-05
    4.700000   3.09200950 -8.7512464660893216e-05
    4.750000   0.04958315 -8.1864580268125366e-05
    4.750000   0.11381403 -8.0846174123876076e-05
    4.750000   0.17842421 -7.9066933471838786e-05
    4.750000   0.24312010 -7.6612406902075691e-05
    4.750000   0.30784849 -7.3596682804121991e-05
    4.750000   0.37259260 -7.0152566315050656e-05
    4.750000   0.43734549 -6.6421130481170593e-05
    4.750000   0.50210377 -6.2541581537119251e-05
    4.750000   0.56686560 -5.8642495076264298e-05
    4.750000   0.63162987 -5.4835201506725049e-05
    4.750000   0.69639591 -5.1209710003801924e-05
    4.750000   0.76116325 -4.7833161471572002e-05
    4.750000   0.82593158 -4.4750474164615371e-05
    4.750000   0.89070068 -4.1986640106899635e-05
    4.750000   0.95547037 -3.9550057294407472e-05
    4.750000   1.02024053 -3.7436320916917869e-05
    4.750000   1.08501108 -3.5632007856593706e-05
    4.750000   1.14978193 -3.4118131117902222e-05
    4.750000   1.21455301 -3.2873080947895233e-05
    4.750000   1.27932429 -3.1874985875281599e-05
    4.750000   1.34409571 -3.1103510441245732e-05
    4.750000   1.40886724 -3.0541156763276030e-05
    4.750000   1.47363885 -3.0174159279278778e-05
    4.750000   1.53841049 -2.9993063091788330e-05
    4.750000   1.60318216 -2.9993063124194594e-05
    4.750000   1.66795381 -3.0174159376060305e-05
    4.750000   1.73272541 -3.0541156923111506e-05
    4.750000   1.79749694 -3.1103510661908589e-05
    4.750000   1.86226837 -3.1874986153614654e-05
    4.750000   1.92703964 -3.2873081279799604e-05
    4.750000   1.99181073 -3.4118131498361212e-05
    4.750000   2.05658157 -3.5632008279762123e-05
    4.750000   2.12135212 -3.7436321376291355e-05
    4.750000   2.18612229 -3.9550057783094952e-05
    4.750000   2.25089198 -4.1986640617997811e-05
    4.750000   2.31566107 -4.4750474691671736e-05
    4.750000   2.38042940 -4.7833162009088098e-05
    4.750000   2.44519674 -5.1209710547713255e-05
    4.750000   2.50996278 -5.4835202054756504e-05
    4.750000   2.57472706 -5.8642495628078589e-05
    4.750000   2.63948889 -6.2541582094163882e-05
    4.750000   2.70424717 -6.6421131046200726e-05
    4.750000   2.76900006 -7.0152566891362210e-05
    4.750000   2.83374417 -7.3596683394612118e-05
    4.750000   2.89847256 -7.6612407508316551e-05
    4.750000   2.96316844 -7.9066934093383268e-05
    4.750000   3.02777863 -8.0846174757980552e-05
    4.750000   3.09200950 -8.1864580909991457e-05
    4.800000   0.04958315 -7.6433605784550146e-05
    4.800000   0.11381403 -7.5481053135824467e-05
    4.800000   0.17842421 -7.3817540751643687e-05
    4.800000   0.24312010 -7.1524058748889517e-05
    4.800000   0.30784849 -6.8708369605489315e-05
    4.800000   0.37259260 -6.5495560496110634e-05
    4.800000   0.43734549 -6.2018072914138108e-05
    4.800000   0.50210377 -5.8406129728121796e-05
    4.800000   0.56686560 -5.4779553681489836e-05
    4.800000   0.63162987 -5.1241681293289152e-05
    4.800000   0.69639591 -4.7875696520117683e-05
    4.800000   0.76116325 -4.4743335114104945e-05
    4.800000   0.82593158 -4.1885615005448474e-05
    4.800000   0.89070068 -3.9325070159775356e-05
    4.800000   0.95547037 -3.7068910116096437e-05
    4.800000   1.02024053 -3.5112572211849672e-05
    4.800000   1.08501108 -3.3443241613770418e-05
    4.800000   1.14978193 -3.2043047905392514e-05
    4.800000   1.21455301 -3.0891776152644657e-05
    4.800000   1.27932429 -2.9969036517706028e-05
    4.800000   1.34409571 -2.9255911904806943e-05
    4.800000   1.40886724 -2.8736148075726120e-05
    4.800000   1.47363885 -2.8396970010482616e-05
    4.800000   1.53841049 -2.8229608525301475e-05
    4.800000   1.60318216 -2.8229608554919995e-05
    4.800000   1.66795381 -2.8396970098977098e-05
    4.800000   1.73272541 -2.8736148222008161e-05
    4.800000   1.79749694 -2.9255912107034561e-05
    4.800000   1.86226837 -2.9969036773255845e-05
    4.800000   1.92703964 -3.0891776458093052e-05
    4.800000   1.99181073 -3.2043048256524310e-05
    4.800000   2.05658157 -3.3443242005639742e-05
    4.800000   2.12135212 -3.5112572638911643e-05
    4.800000   2.18612229 -3.7068910572423335e-05
    4.800000   2.25089198 -3.9325070639366061e-05
    4.800000   2.31566107 -4.1885615502609746e-05
    4.800000   2.38042940 -4.4743335623877921e-05
    4.800000   2.44519674 -4.7875697038684271e-05
    4.800000   2.50996278 -5.1241681818285112e-05
    4.800000   2.57472706 -5.4779554212144708e-05
    4.800000   2.63948889 -5.8406130265155545e-05
    4.800000   2.70424717 -6.2018073459383909e-05
    4.800000   2.76900006 -6.5495561051897780e-05
    4.800000   2.83374417 -6.8708370173876625e-05
    4.800000   2.89847256 -7.1524059330903188e-05
    4.800000   2.96316844 -7.3817541346702682e-05
    4.800000   3.02777863 -7.5481053741501989e-05
    4.800000   3.09200950 -7.6433606396762155e-05
    4.850000   0.04958315 -7.1253420641966385e-05
    4.850000   0.11381403 -7.0366709127593001e-05
    4.850000   0.17842421 -6.8818641075338950e-05
    4.850000   0.24312010 -6.6685268490024704e-05
    4.850000   0.30784849 -6.4067611243317024e-05
    4.850000   0.37259260 -6.1082682755417818e-05
    4.850000   0.43734549 -5.7854074547408528e-05
    4.850000   0.50210377 -5.4502984611630625e-05
    4.850000   0.56686560 -5.1140617921518791e-05
    4.850000   0.63162987 -4.7862596365818948e-05
    4.850000   0.69639591 -4.4745651261792053e-05
    4.850000   0.76116325 -4.1846524080864161e-05
    4.850000   0.82593158 -3.9202733495378600e-05
    4.850000   0.89070068 -3.6834711795456635e-05
    4.850000   0.95547037 -3.4748771792581620e-05
    4.850000   1.02024053 -3.2940413383705054e-05
    4.850000   1.08501108 -3.1397582431585672e-05
    4.850000   1.14978193 -3.0103619083918054e-05
    4.850000   1.21455301 -2.9039751336211241e-05
    4.850000   1.27932429 -2.8187086301188966e-05
    4.850000   1.34409571 -2.7528119807575185e-05
    4.850000   1.40886724 -2.7047825226597347e-05
    4.850000   1.47363885 -2.6734399416104830e-05
    4.850000   1.53841049 -2.6579743384135422e-05
    4.850000   1.60318216 -2.6579743411072929e-05
    4.850000   1.66795381 -2.6734399496623582e-05
    4.850000   1.73272541 -2.7047825359807382e-05
    4.850000   1.79749694 -2.7528119991965255e-05
    4.850000   1.86226837 -2.8187086534596884e-05
    4.850000   1.92703964 -2.9039751615797176e-05
    4.850000   1.99181073 -3.0103619406163065e-05
    4.850000   2.05658157 -3.1397582792330302e-05
    4.850000   2.12135212 -3.2940413778248203e-05
    4.850000   2.18612229 -3.4748772215855042e-05
    4.850000   2.25089198 -3.6834712242272200e-05
    4.850000   2.31566107 -3.9202733960747859e-05
    4.850000   2.38042940 -4.1846524560354035e-05
    4.850000   2.44519674 -4.4745651751871249e-05
    4.850000   2.50996278 -4.7862596864128736e-05
    4.850000   2.57472706 -5.1140618427006011e-05
    4.850000   2.63948889 -5.4502985124477687e-05
    4.850000   2.70424717 -5.7854075068738279e-05
    4.850000   2.76900006 -6.1082683286795819e-05
    4.850000   2.83374417 -6.4067611786125823e-05
    4.850000   2.89847256 -6.6685269044841923e-05
    4.850000   2.96316844 -6.8818641641456375e-05
    4.850000   3.02777863 -7.0366709702818876e-05
    4.850000   3.09200950 -7.1253421222766821e-05
    4.900000   0.04958315 -6.6344420121731715e-05
    4.900000   0.11381403 -6.5522239455781294e-05
    4.900000   0.17842421 -6.4087134904084605e-05
    4.900000   0.24312010 -6.2110052379075523e-05
    4.900000   0.30784849 -5.9685110690916979e-05
    4.900000   0.37259260 -5.6921159653777719e-05
    4.900000   0.43734549 -5.3932962106433413e-05
    4.900000   0.50210377 -5.0832839486006762e-05
    4.900000   0.56686560 -4.7723642802086465e-05
    4.900000   0.63162987 -4.4693626314813598e-05
    4.900000   0.69639591 -4.1813456375438736e-05
    4.900000   0.76116325 -3.9135266223979131e-05
    4.900000   0.82593158 -3.6693425343601814e-05
    4.900000   0.89070068 -3.4506555924463356e-05
    4.900000   0.95547037 -3.2580296897990855e-05
    4.900000   1.02024053 -3.0910364944810666e-05
    4.900000   1.08501108 -2.9485559614609989e-05
    4.900000   1.14978193 -2.8290474894144471e-05
    4.900000   1.21455301 -2.7307788269240004e-05
    4.900000   1.27932429 -2.6520086259209834e-05
    4.900000   1.34409571 -2.5911247064515341e-05
    4.900000   1.40886724 -2.5467437171445439e-05
    4.900000   1.47363885 -2.5177793813843414e-05
    4.900000   1.53841049 -2.5034864607018916e-05
    4.900000   1.60318216 -2.5034864631399570e-05
    4.900000   1.66795381 -2.5177793886748485e-05
    4.900000   1.73272541 -2.5467437292154380e-05
    4.900000   1.79749694 -2.5911247231801241e-05
    4.900000   1.86226837 -2.6520086471306539e-05
    4.900000   1.92703964 -2.7307788523811975e-05
    4.900000   1.99181073 -2.8290475188274815e-05
    4.900000   2.05658157 -2.9485559944824804e-05
    4.900000   2.12135212 -3.0910365307150565e-05
    4.900000   2.18612229 -3.2580297288146157e-05
    4.900000   2.25089198 -3.4506556337978674e-05
    4.900000   2.31566107 -3.6693425776135163e-05
    4.900000   2.38042940 -3.9135266671601160e-05
    4.900000   2.44519674 -4.1813456834926002e-05
    4.900000   2.50996278 -4.4693626783882846e-05
    4.900000   2.57472706 -4.7723643279516213e-05
    4.900000   2.63948889 -5.0832839971592685e-05
    4.900000   2.70424717 -5.3932962600758636e-05
    4.900000   2.76900006 -5.6921160157810766e-05
    4.900000   2.83374417 -5.9685111205504002e-05
    4.900000   2.89847256 -6.2110052904426892e-05
    4.900000   2.96316844 -6.4087135439381673e-05
    4.900000   3.02777863 -6.5522239999005384e-05
    4.900000   3.09200950 -6.6344420669778038e-05
    4.950000   0.04958315 -6.1716729299134840e-05
    4.950000   0.11381403 -6.0956855707495304e-05
    4.950000   0.17842421 -5.9630691894431115e-05
    4.950000   0.24312010 -5.7804064905170090e-05
    4.950000   0.30784849 -5.5564222750181017e-05
    4.950000   0.37259260 -5.3011955092509723e-05
    4.950000   0.43734549 -5.0253390130507572e-05
    4.950000   0.50210377 -4.7392255906651192e-05
    4.950000   0.56686560 -4.4523402201783550e-05
    4.950000   0.63162987 -4.1728106179279796e-05
    4.950000   0.69639591 -3.9071361649077099e-05
    4.950000   0.76116325 -3.6601055467185740e-05
    4.950000   0.82593158 -3.4348715303748732e-05
    4.950000   0.89070068 -3.2331392953070229e-05
    4.950000   0.95547037 -3.0554222497143870e-05
    4.950000   1.02024053 -2.9013240795124801e-05
    4.950000   1.08501108 -2.7698149099593557e-05
    4.950000   1.14978193 -2.6594800645581751e-05
    4.950000   1.21455301 -2.5687298356188093e-05
    4.950000   1.27932429 -2.4959666725532818e-05
    4.950000   1.34409571 -2.4397117761504230e-05
    4.950000   1.40886724 -2.3986963504503115e-05
    4.950000   1.47363885 -2.3719241083375656e-05
    4.950000   1.53841049 -2.3587115551463092e-05
    4.950000   1.60318216 -2.3587115573421916e-05
    4.950000   1.66795381 -2.3719241149063525e-05
    4.950000   1.73272541 -2.3986963613345005e-05
    4.950000   1.79749694 -2.4397117912515347e-05
    4.950000   1.86226837 -2.4959666917286010e-05
    4.950000   1.92703964 -2.5687298586781696e-05
    4.950000   1.99181073 -2.6594800912619266e-05
    4.950000   2.05658157 -2.7698149400195806e-05
    4.950000   2.12135212 -2.9013241125980790e-05
    4.950000   2.18612229 -3.0554222854614603e-05
    4.950000   2.25089198 -3.2331393333353300e-05
    4.950000   2.31566107 -3.4348715703092125e-05
    4.950000   2.38042940 -3.6601055882135471e-05
    4.950000   2.44519674 -3.9071362076726138e-05
    4.950000   2.50996278 -4.1728106617466813e-05
    4.950000   2.57472706 -4.4523402649206166e-05
    4.950000   2.63948889 -4.7392256362838025e-05
    4.950000   2.70424717 -5.0253390595639181e-05
    4.950000   2.76900006 -5.3011955567094789e-05
    4.950000   2.83374417 -5.5564223234642345e-05
    4.950000   2.89847256 -5.7804065399426012e-05
    4.950000   2.96316844 -5.9630692397569601e-05
    4.950000   3.02777863 -6.0956856217630959e-05
    4.950000   3.09200950 -6.1716729813498280e-05
    5.000000   0.04958315 -5.7372754502988393e-05
    5.000000   0.11381403 -5.6672347649630582e-05
    5.000000   0.17842421 -5.5450065669695369e-05
    5.000000   0.24312010 -5.3766715424868693e-05
    5.000000   0.30784849 -5.1702839212326083e-05
    5.000000   0.37259260 -4.9351406980834974e-05
    5.000000   0.43734549 -4.6810227146074804e-05
    5.000000   0.50210377 -4.4174809703832128e-05
    5.000000   0.56686560 -4.1532414028264067e-05
    5.000000   0.63162987 -3.8957755537778533e-05
    5.000000   0.69639591 -3.6510544778258699e-05
    5.000000   0.76116325 -3.4234760521989444e-05
    5.000000   0.82593158 -3.2159359963824381e-05
    5.000000   0.89070068 -3.0300022601448268e-05
    5.000000   0.95547037 -2.8661504801879052e-05
    5.000000   1.02024053 -2.7240228303600746e-05
    5.000000   1.08501108 -2.6026810506592656e-05
    5.000000   1.14978193 -2.5008341569473526e-05
    5.000000   1.21455301 -2.4170303805862856e-05
    5.000000   1.27932429 -2.3498101432419556e-05
    5.000000   1.34409571 -2.2978219278192049e-05
    5.000000   1.40886724 -2.2599058550961566e-05
    5.000000   1.47363885 -2.2351509846266165e-05
    5.000000   1.53841049 -2.2229322847521859e-05
    5.000000   1.60318216 -2.2229322867200874e-05
    5.000000   1.66795381 -2.2351509905155388e-05
    5.000000   1.73272541 -2.2599058648609825e-05
    5.000000   1.79749694 -2.2978219413820699e-05
    5.000000   1.86226837 -2.3498101604890911e-05
    5.000000   1.92703964 -2.4170304013645991e-05
    5.000000   1.99181073 -2.5008341810622021e-05
    5.000000   2.05658157 -2.6026810778740733e-05
    5.000000   2.12135212 -2.7240228604002210e-05
    5.000000   2.18612229 -2.8661505127484398e-05
    5.000000   2.25089198 -3.0300022949036000e-05
    5.000000   2.31566107 -3.2159360330176417e-05
    5.000000   2.38042940 -3.4234760904094958e-05
    5.000000   2.44519674 -3.6510545173522768e-05
    5.000000   2.50996278 -3.8957755944195912e-05
    5.000000   2.57472706 -4.1532414444515756e-05
    5.000000   2.63948889 -4.4174810129272295e-05
    5.000000   2.70424717 -4.6810227580590326e-05
    5.000000   2.76900006 -4.9351407424586421e-05
    5.000000   2.83374417 -5.1702839665409984e-05
    5.000000   2.89847256 -5.3766715886973623e-05
    5.000000   2.96316844 -5.5450066139835294e-05
    5.000000   3.02777863 -5.6672348126026408e-05
    5.000000   3.09200950 -5.7372754983137943e-05
    5.050000   0.04958315 -5.3309199852093236e-05
    5.050000   0.11381403 -5.2665030360070907e-05
    5.050000   0.17842421 -5.1540922601290630e-05
    5.050000   0.24312010 -4.9992839680212295e-05
    5.050000   0.30784849 -4.8094876555166048e-05
    5.050000   0.37259260 -4.5932517471262746e-05
    5.050000   0.43734549 -4.3595646723325417e-05
    5.050000   0.50210377 -4.1171990967991133e-05
    5.050000   0.56686560 -3.8741664398280994e-05
    5.050000   0.63162987 -3.6373246574840290e-05
    5.050000   0.69639591 -3.4121545003679442e-05
    5.050000   0.76116325 -3.2026945849096644e-05
    5.050000   0.82593158 -3.0116076496292015e-05
    5.050000   0.89070068 -2.8403408793862251e-05
    5.050000   0.95547037 -2.6893416047532537e-05
    5.050000   1.02024053 -2.5582940438668126e-05
    5.050000   1.08501108 -2.4463505349988567e-05
    5.050000   1.14978193 -2.3523395754628960e-05
    5.050000   1.21455301 -2.2749412069265413e-05
    5.050000   1.27932429 -2.2128268688703094e-05
    5.050000   1.34409571 -2.1647654221013485e-05
    5.050000   1.40886724 -2.1296997136842301e-05
    5.050000   1.47363885 -2.1067991484924144e-05
    5.050000   1.53841049 -2.0954936646752078e-05
    5.050000   1.60318216 -2.0954936664296871e-05
    5.050000   1.66795381 -2.1067991537444971e-05
    5.050000   1.73272541 -2.1296997223992057e-05
    5.050000   1.79749694 -2.1647654342189422e-05
    5.050000   1.86226837 -2.2128268843013283e-05
    5.050000   1.92703964 -2.2749412255496002e-05
    5.050000   1.99181073 -2.3523395971217327e-05
    5.050000   2.05658157 -2.4463505595013934e-05
    5.050000   2.12135212 -2.5582940709873730e-05
    5.050000   2.18612229 -2.6893416342385543e-05
    5.050000   2.25089198 -2.8403409109654976e-05
    5.050000   2.31566107 -3.0116076830285939e-05
    5.050000   2.38042940 -3.2026946198689808e-05
    5.050000   2.44519674 -3.4121545366580957e-05
    5.050000   2.50996278 -3.6373246949218133e-05
    5.050000   2.57472706 -3.8741664782846576e-05
    5.050000   2.63948889 -4.1171991361996017e-05
    5.050000   2.70424717 -4.3595647126451612e-05
    5.050000   2.76900006 -4.5932517883411705e-05
    5.050000   2.83374417 -4.8094876976186160e-05
    5.050000   2.89847256 -4.9992840109618277e-05
    5.050000   2.96316844 -5.1540923038042936e-05
    5.050000   3.02777863 -5.2665030802478303e-05
    5.050000   3.09200950 -5.3309200297871287e-05
    5.100000   0.04958315 -4.9518653133066527e-05
    5.100000   0.11381403 -4.8927275218246177e-05
    5.100000   0.17842421 -4.7895279182387340e-05
    5.100000   0.24312010 -4.6474012729167712e-05
    5.100000   0.30784849 -4.4731443350578068e-05
    5.100000   0.37259260 -4.2745963969504444e-05
    5.100000   0.43734549 -4.0599980654808906e-05
    5.100000   0.50210377 -3.8373905762076948e-05
    5.100000   0.56686560 -3.6141169950873678e-05
    5.100000   0.63162987 -3.3964642605335015e-05
    5.100000   0.69639591 -3.1894595070604476e-05
    5.100000   0.76116325 -2.9968114356007087e-05
    5.100000   0.82593158 -2.8209712390145054e-05
    5.100000   0.89070068 -2.6632791048387217e-05
    5.100000   0.95547037 -2.5241610169435073e-05
    5.100000   1.02024053 -2.4033446301202902e-05
    5.100000   1.08501108 -2.3000701042617949e-05
    5.100000   1.14978193 -2.2132798485928155e-05
    5.100000   1.21455301 -2.1417785874504671e-05
    5.100000   1.27932429 -2.0843611233872534e-05
    5.100000   1.34409571 -2.0399093232793941e-05
    5.100000   1.40886724 -2.0074622737742169e-05
    5.100000   1.47363885 -1.9862645473253064e-05
    5.100000   1.53841049 -1.9757974629056660e-05
    5.100000   1.60318216 -1.9757974644612888e-05
    5.100000   1.66795381 -1.9862645519837952e-05
    5.100000   1.73272541 -2.0074622815096589e-05
    5.100000   1.79749694 -2.0399093340462054e-05
    5.100000   1.86226837 -2.0843611371171970e-05
    5.100000   1.92703964 -2.1417786040490877e-05
    5.100000   1.99181073 -2.2132798679366791e-05
    5.100000   2.05658157 -2.3000701261969846e-05
    5.100000   2.12135212 -2.4033446544635272e-05
    5.100000   2.18612229 -2.5241610434864299e-05
    5.100000   2.25089198 -2.6632791333560127e-05
    5.100000   2.31566107 -2.8209712692750255e-05
    5.100000   2.38042940 -2.9968114673817020e-05
    5.100000   2.44519674 -3.1894595401618040e-05
    5.100000   2.50996278 -3.3964642947902108e-05
    5.100000   2.57472706 -3.6141170303769708e-05
    5.100000   2.63948889 -3.8373906124505595e-05
    5.100000   2.70424717 -4.0599981026314202e-05
    5.100000   2.76900006 -4.2745964349802342e-05
    5.100000   2.83374417 -4.4731443739335257e-05
    5.100000   2.89847256 -4.6474013125770134e-05
    5.100000   2.96316844 -4.7895279585761519e-05
    5.100000   3.02777863 -4.8927275626779173e-05
    5.100000   3.09200950 -4.9518653544655164e-05
    5.150000   0.04958315 -4.5990825712693903e-05
    5.150000   0.11381403 -4.5448706557766494e-05
    5.150000   0.17842421 -4.4502624881885367e-05
    5.150000   0.24312010 -4.3199573673792109e-05
    5.150000   0.30784849 -4.1601750208319102e-05
    5.150000   0.37259260 -3.9780885676275025e-05
    5.150000   0.43734549 -3.7812380929602460e-05
    5.150000   0.50210377 -3.5769818532091996e-05
    5.150000   0.56686560 -3.3720410221977266e-05
    5.150000   0.63162987 -3.1721732763060289e-05
    5.150000   0.69639591 -2.9819871877017835e-05
    5.150000   0.76116325 -2.8048887727307716e-05
    5.150000   0.82593158 -2.6431368396308828e-05
    5.150000   0.89070068 -2.4979761645718187e-05
    5.150000   0.95547037 -2.3698164218109172e-05
    5.150000   1.02024053 -2.2584285167137146e-05
    5.150000   1.08501108 -2.1631364384655289e-05
    5.150000   1.14978193 -2.0829900596300480e-05
    5.150000   1.21455301 -2.0169110655172843e-05
    5.150000   1.27932429 -1.9638095961419624e-05
    5.150000   1.34409571 -1.9226729437058260e-05
    5.150000   1.40886724 -1.8926298464791451e-05
    5.150000   1.47363885 -1.8729948289790371e-05
    5.150000   1.53841049 -1.8632969948036118e-05
    5.150000   1.60318216 -1.8632969961748325e-05
    5.150000   1.66795381 -1.8729948330867972e-05
    5.150000   1.73272541 -1.8926298533048571e-05
    5.150000   1.79749694 -1.9226729532163804e-05
    5.150000   1.86226837 -1.9638096082866382e-05
    5.150000   1.92703964 -2.0169110802244895e-05
    5.150000   1.99181073 -2.0829900768042912e-05
    5.150000   2.05658157 -2.1631364579855570e-05
    5.150000   2.12135212 -2.2584285384327514e-05
    5.150000   2.18612229 -2.3698164455597214e-05
    5.150000   2.25089198 -2.4979761901646746e-05
    5.150000   2.31566107 -2.6431368668748868e-05
    5.150000   2.38042940 -2.8048888014370201e-05
    5.150000   2.44519674 -2.9819872176972578e-05
    5.150000   2.50996278 -3.1721733074442109e-05
    5.150000   2.57472706 -3.3720410543648775e-05
    5.150000   2.63948889 -3.5769818863247916e-05
    5.150000   2.70424717 -3.7812381269704227e-05
    5.150000   2.76900006 -3.9780886024910886e-05
    5.150000   2.83374417 -4.1601750565025920e-05
    5.150000   2.89847256 -4.3199574037867544e-05
    5.150000   2.96316844 -4.4502625252239322e-05
    5.150000   3.02777863 -4.5448706932859395e-05
    5.150000   3.09200950 -4.5990826090577812e-05
    5.200000   0.04958315 -4.2713515204489079e-05
    5.200000   0.11381403 -4.2217130372688196e-05
    5.200000   0.17842421 -4.1350792909187936e-05
    5.200000   0.24312010 -4.0157419370627318e-05
    5.200000   0.30784849 -3.8693813334664230e-05
    5.200000   0.37259260 -3.7025490211934846e-05
    5.200000   0.43734549 -3.5221328503131558e-05
    5.200000   0.50210377 -3.3348566962727919e-05
    5.200000   0.56686560 -3.1468656098737355e-05
    5.200000   0.63162987 -2.9634283801433679e-05
    5.200000   0.69639591 -2.7887682399409894e-05
    5.200000   0.76116325 -2.6260137320965430e-05
    5.200000   0.82593158 -2.4772484618116686e-05
    5.200000   0.89070068 -2.3436316088627038e-05
    5.200000   0.95547037 -2.2255601103693143e-05
    5.200000   1.02024053 -2.1228468126329913e-05
    5.200000   1.08501108 -2.0348947461352395e-05
    5.200000   1.14978193 -1.9608542868722786e-05
    5.200000   1.21455301 -1.8997560740321209e-05
    5.200000   1.27932429 -1.8506174384893338e-05
    5.200000   1.34409571 -1.8125235033868087e-05
    5.200000   1.40886724 -1.7846861159215946e-05
    5.200000   1.47363885 -1.7664846031289156e-05
    5.200000   1.53841049 -1.7574923159089887e-05
    5.200000   1.60318216 -1.7574923171099252e-05
    5.200000   1.66795381 -1.7664846067278546e-05
    5.200000   1.73272541 -1.7846861219061247e-05
    5.200000   1.79749694 -1.8125235117341703e-05
    5.200000   1.86226837 -1.8506174491635617e-05
    5.200000   1.92703964 -1.8997560869808785e-05
    5.200000   1.99181073 -1.9608543020237065e-05
    5.200000   2.05658157 -2.0348947633958912e-05
    5.200000   2.12135212 -2.1228468318875078e-05
    5.200000   2.18612229 -2.2255601314821537e-05
    5.200000   2.25089198 -2.3436316316828925e-05
    5.200000   2.31566107 -2.4772484861799957e-05
    5.200000   2.38042940 -2.6260137578545679e-05
    5.200000   2.44519674 -2.7887682669408686e-05
    5.200000   2.50996278 -2.9634284082567286e-05
    5.200000   2.57472706 -3.1468656389969014e-05
    5.200000   2.63948889 -3.3348567263274561e-05
    5.200000   2.70424717 -3.5221328812411679e-05
    5.200000   2.76900006 -3.7025490529455920e-05
    5.200000   2.83374417 -3.8693813659876729e-05
    5.200000   2.89847256 -4.0157419702771827e-05
    5.200000   2.96316844 -4.1350793247176640e-05
    5.200000   3.02777863 -4.2217130715051656e-05
    5.200000   3.09200950 -4.2713515549415593e-05
    5.250000   0.04958315 -3.9673346579794518e-05
    5.250000   0.11381403 -3.9219248893607444e-05
    5.250000   0.17842421 -3.8426629515344862e-05
    5.250000   0.24312010 -3.7334613519410689e-05
    5.250000   0.30784849 -3.5994993173156687e-05
    5.250000   0.37259260 -3.4467516514636319e-05
    5.250000   0.43734549 -3.2815019749312107e-05
    5.250000   0.50210377 -3.1098875093032251e-05
    5.250000   0.56686560 -2.9375215513909001e-05
    5.250000   0.63162987 -2.7692226039640061e-05
    5.250000   0.69639591 -2.6088598375623931e-05
    5.250000   0.76116325 -2.4593076124984679e-05
    5.250000   0.82593158 -2.3224897787008605e-05
    5.250000   0.89070068 -2.1994882911235350e-05
    5.250000   0.95547037 -2.0906898155128954e-05
    5.250000   1.02024053 -1.9959470570820662e-05
    5.250000   1.08501108 -1.9147368250006970e-05
    5.250000   1.14978193 -1.8463028061433286e-05
    5.250000   1.21455301 -1.7897765331895956e-05
    5.250000   1.27932429 -1.7442744467803119e-05
    5.250000   1.34409571 -1.7089720376889988e-05
    5.250000   1.40886724 -1.6831578724832056e-05
    5.250000   1.47363885 -1.6662710730914748e-05
    5.250000   1.53841049 -1.6579258074326661e-05
    5.250000   1.60318216 -1.6579258084769957e-05
    5.250000   1.66795381 -1.6662710762222001e-05
    5.250000   1.73272541 -1.6831578776930735e-05
    5.250000   1.79749694 -1.7089720449638531e-05
    5.250000   1.86226837 -1.7442744560964858e-05
    5.250000   1.92703964 -1.7897765445108523e-05
    5.250000   1.99181073 -1.8463028194177606e-05
    5.250000   2.05658157 -1.9147368401585007e-05
    5.250000   2.12135212 -1.9959470740345873e-05
    5.250000   2.18612229 -2.0906898341537097e-05
    5.250000   2.25089198 -2.1994883113318292e-05
    5.250000   2.31566107 -2.3224898003470565e-05
    5.250000   2.38042940 -2.4593076354513532e-05
    5.250000   2.44519674 -2.6088598616972969e-05
    5.250000   2.50996278 -2.7692226291699109e-05
    5.250000   2.57472706 -2.9375215775749874e-05
    5.250000   2.63948889 -3.1098875363915549e-05
    5.250000   2.70424717 -3.2815020028644132e-05
    5.250000   2.76900006 -3.4467516801880574e-05
    5.250000   2.83374417 -3.5994993467711472e-05
    5.250000   2.89847256 -3.7334613820487980e-05
    5.250000   2.96316844 -3.8426629821871246e-05
    5.250000   3.02777863 -3.9219249204184935e-05
    5.250000   3.09200950 -3.9673346892734946e-05
    5.300000   0.04958315 -3.6856336792912062e-05
    5.300000   0.11381403 -3.6441204595356213e-05
    5.300000   0.17842421 -3.5716502824101029e-05
    5.300000   0.24312010 -3.4717848716210375e-05
    5.300000   0.30784849 -3.3492401738216943e-05
    5.300000   0.37259260 -3.2094583361099872e-05
    5.300000   0.43734549 -3.0581655653853913e-05
    5.300000   0.50210377 -2.9009585641836702e-05
    5.300000   0.56686560 -2.7429613552698337e-05
    5.300000   0.63162987 -2.5885787271788556e-05
    5.300000   0.69639591 -2.4413550668876835e-05
    5.300000   0.76116325 -2.3039320264842022e-05
    5.300000   0.82593158 -2.1780876210542353e-05
    5.300000   0.89070068 -2.0648337706649184e-05
    5.300000   0.95547037 -1.9645485076176376e-05
    5.300000   1.02024053 -1.8771218106671867e-05
    5.300000   1.08501108 -1.8020987731323964e-05
    5.300000   1.14978193 -1.7388091757180833e-05
    5.300000   1.21455301 -1.6864775023475738e-05
    5.300000   1.27932429 -1.6443114241039068e-05
    5.300000   1.34409571 -1.6115695717872134e-05
    5.300000   1.40886724 -1.5876110721562698e-05
    5.300000   1.47363885 -1.5719300302377684e-05
    5.300000   1.53841049 -1.5641781416783512e-05
    5.300000   1.60318216 -1.5641781425791568e-05
    5.300000   1.66795381 -1.5719300329393932e-05
    5.300000   1.73272541 -1.5876110766555221e-05
    5.300000   1.79749694 -1.6115695780770947e-05
    5.300000   1.86226837 -1.6443114321709564e-05
    5.300000   1.92703964 -1.6864775121688920e-05
    5.300000   1.99181073 -1.7388091872585589e-05
    5.300000   2.05658157 -1.8020987863421537e-05
    5.300000   2.12135212 -1.8771218254803086e-05
    5.300000   2.18612229 -1.9645485239526764e-05
    5.300000   2.25089198 -2.0648337884270692e-05
    5.300000   2.31566107 -2.1780876401398263e-05
    5.300000   2.38042940 -2.3039320467863567e-05
    5.300000   2.44519674 -2.4413550883027158e-05
    5.300000   2.50996278 -2.5885787496121820e-05
    5.300000   2.57472706 -2.7429613786397987e-05
    5.300000   2.63948889 -2.9009585884220380e-05
    5.300000   2.70424717 -3.0581655904340380e-05
    5.300000   2.76900006 -3.2094583619134778e-05
    5.300000   2.83374417 -3.3492402003175652e-05
    5.300000   2.89847256 -3.4717848987297280e-05
    5.300000   2.96316844 -3.5716503100270660e-05
    5.300000   3.02777863 -3.6441204875282814e-05
    5.300000   3.09200950 -3.6856337075021934e-05
    5.350000   0.04958315 -3.4248319338423443e-05
    5.350000   0.11381403 -3.3868988842507878e-05
    5.350000   0.17842421 -3.3206684333468128e-05
    5.350000   0.24312010 -3.2293791868812768e-05
    5.350000   0.30784849 -3.1173205836109965e-05
    5.350000   0.37259260 -2.9894447266077513e-05
    5.350000   0.43734549 -2.8509654038301336e-05
    5.350000   0.50210377 -2.7069828507362184e-05
    5.350000   0.56686560 -2.5621720874948497e-05
    5.350000   0.63162987 -2.4205585818817964e-05
    5.350000   0.69639591 -2.2853892140649224e-05
    5.350000   0.76116325 -2.1590926908530942e-05
    5.350000   0.82593158 -2.0433137607269867e-05
    5.350000   0.89070068 -1.9390005267722723e-05
    5.350000   0.95547037 -1.8465234143475886e-05
    5.350000   1.02024053 -1.7658067912341254e-05
    5.350000   1.08501108 -1.6964584892646979e-05
    5.350000   1.14978193 -1.6378872939510839e-05
    5.350000   1.21455301 -1.5894029399294618e-05
    5.350000   1.27932429 -1.5502967478245017e-05
    5.350000   1.34409571 -1.5199035696072928e-05
    5.350000   1.40886724 -1.4976472165234227e-05
    5.350000   1.47363885 -1.4830721972834126e-05
    5.350000   1.53841049 -1.4758646097250924e-05
    5.350000   1.60318216 -1.4758646104948909e-05
    5.350000   1.66795381 -1.4830721995930915e-05
    5.350000   1.73272541 -1.4976472203732247e-05
    5.350000   1.79749694 -1.5199035749959994e-05
    5.350000   1.86226837 -1.5502967547470442e-05
    5.350000   1.92703964 -1.5894029483740736e-05
    5.350000   1.99181073 -1.6378873038965406e-05
    5.350000   2.05658157 -1.6964585006778221e-05
    5.350000   2.12135212 -1.7658068040682635e-05
    5.350000   2.18612229 -1.8465234285425292e-05
    5.350000   2.25089198 -1.9390005422557598e-05
    5.350000   2.31566107 -2.0433137774178627e-05
    5.350000   2.38042940 -2.1590927086658292e-05
    5.350000   2.44519674 -2.2853892329148411e-05
    5.350000   2.50996278 -2.4205586016896501e-05
    5.350000   2.57472706 -2.5621721081900547e-05
    5.350000   2.63948889 -2.7069828722572077e-05
    5.350000   2.70424717 -2.8509654261216850e-05
    5.350000   2.76900006 -2.9894447496148080e-05
    5.350000   2.83374417 -3.1173206072709645e-05
    5.350000   2.89847256 -3.2293792111155772e-05
    5.350000   2.96316844 -3.3206684580546880e-05
    5.350000   3.02777863 -3.3868989093071791e-05
    5.350000   3.09200950 -3.4248319591005449e-05
    5.400000   0.04958315 -3.1835258117535920e-05
    5.400000   0.11381403 -3.1488743576196358e-05
    5.400000   0.17842421 -3.0883629831610242e-05
    5.400000   0.24312010 -3.0049337512609688e-05
    5.400000   0.30784849 -2.9024848132996348e-05
    5.400000   0.37259260 -2.7855188949188764e-05
    5.400000   0.43734549 -2.6587801206075275e-05
    5.400000   0.50210377 -2.5269139145078578e-05
    5.400000   0.56686560 -2.3941841679051840e-05
    5.400000   0.63162987 -2.2642691742561148e-05
    5.400000   0.69639591 -2.1401436143171109e-05
    5.400000   0.76116325 -2.0240414070650742e-05
    5.400000   0.82593158 -1.9174854002611348e-05
    5.400000   0.89070068 -1.8213652941180527e-05
    5.400000   0.95547037 -1.7360444892656501e-05
    5.400000   1.02024053 -1.6614787120341735e-05
    5.400000   1.08501108 -1.5973330682892277e-05
    5.400000   1.14978193 -1.5430884962130025e-05
    5.400000   1.21455301 -1.4981326084092722e-05
    5.400000   1.27932429 -1.4618331581983358e-05
    5.400000   1.34409571 -1.4335946569376106e-05
    5.400000   1.40886724 -1.4129000423516372e-05
    5.400000   1.47363885 -1.3993399027876831e-05
    5.400000   1.53841049 -1.3926317905166362e-05
    5.400000   1.60318216 -1.3926317911672517e-05
    5.400000   1.66795381 -1.3993399047407109e-05
    5.400000   1.73272541 -1.4129000456100442e-05
    5.400000   1.79749694 -1.4335946615048829e-05
    5.400000   1.86226837 -1.4618331640762290e-05
    5.400000   1.92703964 -1.4981326155951498e-05
    5.400000   1.99181073 -1.5430885046971006e-05
    5.400000   2.05658157 -1.5973330780523294e-05
    5.400000   2.12135212 -1.6614787230458031e-05
    5.400000   2.18612229 -1.7360445014836372e-05
    5.400000   2.25089198 -1.8213653074893358e-05
    5.400000   2.31566107 -1.9174854147241762e-05
    5.400000   2.38042940 -2.0240414225531032e-05
    5.400000   2.44519674 -2.1401436307624179e-05
    5.400000   2.50996278 -2.2642691915935447e-05
    5.400000   2.57472706 -2.3941841860749386e-05
    5.400000   2.63948889 -2.5269139334555631e-05
    5.400000   2.70424717 -2.6587801402819406e-05
    5.400000   2.76900006 -2.7855189152670225e-05
    5.400000   2.83374417 -2.9024848342604215e-05
    5.400000   2.89847256 -3.0049337727582360e-05
    5.400000   2.96316844 -3.0883630050987079e-05
    5.400000   3.02777863 -3.1488743798801726e-05
    5.400000   3.09200950 -3.1835258342006597e-05
    5.450000   0.04958315 -2.9603474264420834e-05
    5.450000   0.11381403 -2.9286978912388874e-05
    5.450000   0.17842421 -2.8734181265085678e-05
    5.450000   0.24312010 -2.7971788793524859e-05
    5.450000   0.30784849 -2.7035203763615828e-05
    5.450000   0.37259260 -2.5965343832379777e-05
    5.450000   0.43734549 -2.4805356219464442e-05
    5.450000   0.50210377 -2.3597537864429713e-05
    5.450000   0.56686560 -2.2380770246245141e-05
    5.450000   0.63162987 -2.1188663475113629e-05
    5.450000   0.69639591 -2.0048476338667320e-05
    5.450000   0.76116325 -1.8980766717917611e-05
    5.450000   0.82593158 -1.7999647011122432e-05
    5.450000   0.89070068 -1.7113477648765247e-05
    5.450000   0.95547037 -1.6325825052649149e-05
    5.450000   1.02024053 -1.5636529439172934e-05
    5.450000   1.08501108 -1.5042761716888704e-05
    5.450000   1.14978193 -1.4539987390014377e-05
    5.450000   1.21455301 -1.4122791483385154e-05
    5.450000   1.27932429 -1.3785547744504273e-05
    5.450000   1.34409571 -1.3522936125070350e-05
    5.450000   1.40886724 -1.3330325059982967e-05
    5.450000   1.47363885 -1.3204040667177351e-05
    5.450000   1.53841049 -1.3141545386558037e-05
    5.450000   1.60318216 -1.3141545391983493e-05
    5.450000   1.66795381 -1.3204040683473549e-05
    5.450000   1.73272541 -1.3330325087201227e-05
    5.450000   1.79749694 -1.3522936163283086e-05
    5.450000   1.86226837 -1.3785547793783239e-05
    5.450000   1.92703964 -1.4122791543778098e-05
    5.450000   1.99181073 -1.4539987461518530e-05
    5.450000   2.05658157 -1.5042761799426905e-05
    5.450000   2.12135212 -1.5636529532575711e-05
    5.450000   2.18612229 -1.6325825156646635e-05
    5.450000   2.25089198 -1.7113477762990865e-05
    5.450000   2.31566107 -1.7999647135128723e-05
    5.450000   2.38042940 -1.8980766851201701e-05
    5.450000   2.44519674 -2.0048476480702298e-05
    5.450000   2.50996278 -2.1188663625377667e-05
    5.450000   2.57472706 -2.2380770404241841e-05
    5.450000   2.63948889 -2.3597538029688586e-05
    5.450000   2.70424717 -2.4805356391522079e-05
    5.450000   2.76900006 -2.5965344010739369e-05
    5.450000   2.83374417 -2.7035203947692557e-05
    5.450000   2.89847256 -2.7971788982592452e-05
    5.450000   2.96316844 -2.8734181458236783e-05
    5.450000   3.02777863 -2.9286979108525122e-05
    5.450000   3.09200950 -2.9603474462277820e-05
    5.500000   0.04958315 -2.7539804932017272e-05
    5.500000   0.11381403 -2.7250725025479495e-05
    5.500000   0.17842421 -2.6745706865519733e-05
    5.500000   0.24312010 -2.6048982003131252e-05
    5.500000   0.30784849 -2.5192686701512425e-05
    5.500000   0.37259260 -2.4213988996538751e-05
    5.500000   0.43734549 -2.3152118422320593e-05
    5.500000   0.50210377 -2.2045578912456990e-05
    5.500000   0.56686560 -2.0929823318678637e-05
    5.500000   0.63162987 -1.9835565675184878e-05
    5.500000   0.69639591 -1.8787792407436676e-05
    5.500000   0.76116325 -1.7805432682659849e-05
    5.500000   0.82593158 -1.6901576140001270e-05
    5.500000   0.89070068 -1.6084088504441345e-05
    5.500000   0.95547037 -1.5356469095761699e-05
    5.500000   1.02024053 -1.4718810943571306e-05
    5.500000   1.08501108 -1.4168754318226300e-05
    5.500000   1.14978193 -1.3702359043808377e-05
    5.500000   1.21455301 -1.3314853353047757e-05
    5.500000   1.27932429 -1.3001243380615576e-05
    5.500000   1.34409571 -1.2756786166844076e-05
    5.500000   1.40886724 -1.2577340454007314e-05
    5.500000   1.47363885 -1.2459614755779508e-05
    5.500000   1.53841049 -1.2401332673639894e-05
    5.500000   1.60318216 -1.2401332678089931e-05
    5.500000   1.66795381 -1.2459614769153591e-05
    5.500000   1.73272541 -1.2577340476374142e-05
    5.500000   1.79749694 -1.2756786198305351e-05
    5.500000   1.86226837 -1.3001243421286860e-05
    5.500000   1.92703964 -1.3314853403036267e-05
    5.500000   1.99181073 -1.3702359103187765e-05
    5.500000   2.05658157 -1.4168754387013875e-05
    5.500000   2.12135212 -1.4718811021709223e-05
    5.500000   2.18612229 -1.5356469183108062e-05
    5.500000   2.25089198 -1.6084088600768409e-05
    5.500000   2.31566107 -1.6901576245004594e-05
    5.500000   2.38042940 -1.7805432795980349e-05
    5.500000   2.44519674 -1.8787792528679613e-05
    5.500000   2.50996278 -1.9835565803945938e-05
    5.500000   2.57472706 -2.0929823454556613e-05
    5.500000   2.63948889 -2.2045579055054723e-05
    5.500000   2.70424717 -2.3152118571227961e-05
    5.500000   2.76900006 -2.4213989151299250e-05
    5.500000   2.83374417 -2.5192686861577637e-05
    5.500000   2.89847256 -2.6048982167818604e-05
    5.500000   2.96316844 -2.6745707033979512e-05
    5.500000   3.02777863 -2.7250725196690857e-05
    5.500000   3.09200950 -2.7539805104812975e-05
    5.550000   0.04958315 -2.5631709262222114e-05
    5.550000   0.11381403 -2.5367633041605826e-05
    5.550000   0.17842421 -2.4906193404508776e-05
    5.550000   0.24312010 -2.4269367397760975e-05
    5.550000   0.30784849 -2.3486317288676030e-05
    5.550000   0.37259260 -2.2590796557137469e-05
    5.550000   0.43734549 -2.1618466711632427e-05
    5.550000   0.50210377 -2.0604376443115305e-05
    5.550000   0.56686560 -1.9580854110445573e-05
    5.550000   0.63162987 -1.8575972949018153e-05
    5.550000   0.69639591 -1.7612645274684593e-05
    5.550000   0.76116325 -1.6708311162476211e-05
    5.550000   0.82593158 -1.5875122188289614e-05
    5.550000   0.89070068 -1.5120486532302591e-05
    5.550000   0.95547037 -1.4447835455060123e-05
    5.550000   1.02024053 -1.3857485730167723e-05
    5.550000   1.08501108 -1.3347499324703932e-05
    5.550000   1.14978193 -1.2914472464501040e-05
    5.550000   1.21455301 -1.2554215260632252e-05
    5.550000   1.27932429 -1.2262306781938561e-05
    5.550000   1.34409571 -1.2034527446681063e-05
    5.550000   1.40886724 -1.1867181010365042e-05
    5.550000   1.47363885 -1.1757323251005432e-05
    5.550000   1.53841049 -1.1702915029828793e-05
    5.550000   1.60318216 -1.1702915033400348e-05
    5.550000   1.66795381 -1.1757323261748744e-05
    5.550000   1.73272541 -1.1867181028361735e-05
    5.550000   1.79749694 -1.2034527472054918e-05
    5.550000   1.86226837 -1.2262306814839565e-05
    5.550000   1.92703964 -1.2554215301214100e-05
    5.550000   1.99181073 -1.2914472512899195e-05
    5.550000   2.05658157 -1.3347499381011963e-05
    5.550000   2.12135212 -1.3857485794420409e-05
    5.550000   2.18612229 -1.4447835527221099e-05
    5.550000   2.25089198 -1.5120486612260424e-05
    5.550000   2.31566107 -1.5875122275863557e-05
    5.550000   2.38042940 -1.6708311257428618e-05
    5.550000   2.44519674 -1.7612645376738559e-05
    5.550000   2.50996278 -1.8575973057873231e-05
    5.550000   2.57472706 -1.9580854225789756e-05
    5.550000   2.63948889 -2.0604376564622493e-05
    5.550000   2.70424717 -2.1618466838948414e-05
    5.550000   2.76900006 -2.2590796689850479e-05
    5.550000   2.83374417 -2.3486317426281114e-05
    5.550000   2.89847256 -2.4269367539624048e-05
    5.550000   2.96316844 -2.4906193549842737e-05
    5.550000   3.02777863 -2.5367633189467255e-05
    5.550000   3.09200950 -2.5631709411537163e-05
    5.600000   0.04958315 -2.3867333706253752e-05
    5.600000   0.11381403 -2.3626036707733838e-05
    5.600000   0.17842421 -2.3204301659972372e-05
    5.600000   0.24312010 -2.2622056475073734e-05
    5.600000   0.30784849 -2.1905760030882628e-05
    5.600000   0.37259260 -2.1086061413728870e-05
    5.600000   0.43734549 -2.0195377345266937e-05
    5.600000   0.50210377 -1.9265613032859027e-05
    5.600000   0.56686560 -1.8326252568517001e-05
    5.600000   0.63162987 -1.7402963119215931e-05
    5.600000   0.69639591 -1.6516764728969726e-05
    5.600000   0.76116325 -1.5683735993539817e-05
    5.600000   0.82593158 -1.4915167362881688e-05
    5.600000   0.89070068 -1.4218042647768130e-05
    5.600000   0.95547037 -1.3595723207216021e-05
    5.600000   1.02024053 -1.3048721951970653e-05
    5.600000   1.08501108 -1.2575477950817523e-05
    5.600000   1.14978193 -1.2173069927070787e-05
    5.600000   1.21455301 -1.1837832943698969e-05
    5.600000   1.27932429 -1.1565863907775646e-05
    5.600000   1.34409571 -1.1353416892955327e-05
    5.600000   1.40886724 -1.1197198766491250e-05
    5.600000   1.47363885 -1.1094580086154756e-05
    5.600000   1.53841049 -1.1043736878611908e-05
    5.600000   1.60318216 -1.1043736881395777e-05
    5.600000   1.66795381 -1.1094580094538115e-05
    5.600000   1.73272541 -1.1197198780565103e-05
    5.600000   1.79749694 -1.1353416912861054e-05
    5.600000   1.86226837 -1.1565863933688346e-05
    5.600000   1.92703964 -1.1837832975809094e-05
    5.600000   1.99181073 -1.2173069965561700e-05
    5.600000   2.05658157 -1.2575477995844983e-05
    5.600000   2.12135212 -1.3048722003643432e-05
    5.600000   2.18612229 -1.3595723265585133e-05
    5.600000   2.25089198 -1.4218042712819960e-05
    5.600000   2.31566107 -1.4915167434538595e-05
    5.600000   2.38042940 -1.5683736071669665e-05
    5.600000   2.44519674 -1.6516764813397027e-05
    5.600000   2.50996278 -1.7402963209733914e-05
    5.600000   2.57472706 -1.8326252664893982e-05
    5.600000   2.63948889 -1.9265613134837375e-05
    5.600000   2.70424717 -2.0195377452548321e-05
    5.600000   2.76900006 -2.1086061525950388e-05
    5.600000   2.83374417 -2.1905760147586567e-05
    5.600000   2.89847256 -2.2622056595678510e-05
    5.600000   2.96316844 -2.3204301783754626e-05
    5.600000   3.02777863 -2.3626036833828360e-05
    5.600000   3.09200950 -2.3867333833676828e-05
    5.650000   0.04958315 -2.2235546385086850e-05
    5.650000   0.11381403 -2.2014984207769198e-05
    5.650000   0.17842421 -2.1629393920745455e-05
    5.650000   0.24312010 -2.1096843809079985e-05
    5.650000   0.30784849 -2.0441338907761548e-05
    5.650000   0.37259260 -1.9690709702371798e-05
    5.650000   0.43734549 -1.8874425681365827e-05
    5.650000   0.50210377 -1.8021535236274293e-05
    5.650000   0.56686560 -1.7158935541451607e-05
    5.650000   0.63162987 -1.6310102951044206e-05
    5.650000   0.69639591 -1.5494331691891002e-05
    5.650000   0.76116325 -1.4726455407398694e-05
    5.650000   0.82593158 -1.4016973366892317e-05
    5.650000   0.89070068 -1.3372474790000687e-05
    5.650000   0.95547037 -1.2796248816845761e-05
    5.650000   1.02024053 -1.2288978599930220e-05
    5.650000   1.08501108 -1.1849438900739648e-05
    5.650000   1.14978193 -1.1475141064559593e-05
    5.650000   1.21455301 -1.1162892528690452e-05
    5.650000   1.27932429 -1.0909257204881242e-05
    5.650000   1.34409571 -1.0710916976638690e-05
    5.650000   1.40886724 -1.0564943205277376e-05
    5.650000   1.47363885 -1.0468991297947213e-05
    5.650000   1.53841049 -1.0421432093269075e-05
    5.650000   1.60318216 -1.0421432095349302e-05
    5.650000   1.66795381 -1.0468991304221766e-05
    5.650000   1.73272541 -1.0564943215844194e-05
    5.650000   1.79749694 -1.0710916991650943e-05
    5.650000   1.86226837 -1.0909257224533099e-05
    5.650000   1.92703964 -1.1162892553200014e-05
    5.650000   1.99181073 -1.1475141094147370e-05
    5.650000   2.05658157 -1.1849438935609794e-05
    5.650000   2.12135212 -1.2288978640251825e-05
    5.650000   2.18612229 -1.2796248862741066e-05
    5.650000   2.25089198 -1.3372474841535424e-05
    5.650000   2.31566107 -1.4016973424076655e-05
    5.650000   2.38042940 -1.4726455470190177e-05
    5.650000   2.44519674 -1.5494331760201502e-05
    5.650000   2.50996278 -1.6310103024749167e-05
    5.650000   2.57472706 -1.7158935620393804e-05
    5.650000   2.63948889 -1.8021535320258891e-05
    5.650000   2.70424717 -1.8874425770149913e-05
    5.650000   2.76900006 -1.9690709795642878e-05
    5.650000   2.83374417 -2.0441339005111180e-05
    5.650000   2.89847256 -2.1096843909981822e-05
    5.650000   2.96316844 -2.1629394024540656e-05
    5.650000   3.02777863 -2.2014984313669045e-05
    5.650000   3.09200950 -2.2235546492195494e-05
    5.700000   0.04958315 -2.0725948179124116e-05
    5.700000   0.11381403 -2.0524247561449498e-05
    5.700000   0.17842421 -2.0171540532026423e-05
    5.700000   0.24312010 -1.9684209868571550e-05
    5.700000   0.30784849 -1.9084035944064486e-05
    5.700000   0.37259260 -1.8396292964338601e-05
    5.700000   0.43734549 -1.7647776118218984e-05
    5.700000   0.50210377 -1.6864939730955568e-05
    5.700000   0.56686560 -1.6072329737547726e-05
    5.700000   0.63162987 -1.5291428619986400e-05
    5.700000   0.69639591 -1.4539956903339221e-05
    5.700000   0.76116325 -1.3831609596173421e-05
    5.700000   0.82593158 -1.3176158422291320e-05
    5.700000   0.89070068 -1.2579824873918415e-05
    5.700000   0.95547037 -1.2045823377945544e-05
    5.700000   1.02024053 -1.1574983285888523e-05
    5.700000   1.08501108 -1.1166376847308675e-05
    5.700000   1.14978193 -1.0817902113644699e-05
    5.700000   1.21455301 -1.0526790544185109e-05
    5.700000   1.27932429 -1.0290026334075972e-05
    5.700000   1.34409571 -1.0104677054209203e-05
    5.700000   1.40886724 -9.9681430855309184e-06
    5.700000   1.47363885 -9.8783371936084852e-06
    5.700000   1.53841049 -9.8338063356519778e-06
    5.700000   1.60318216 -9.8338063371060165e-06
    5.700000   1.66795381 -9.8783371980058144e-06
    5.700000   1.73272541 -9.9681430929743000e-06
    5.700000   1.79749694 -1.0104677064860080e-05
    5.700000   1.86226837 -1.0290026348141686e-05
    5.700000   1.92703964 -1.0526790561903673e-05
    5.700000   1.99181073 -1.0817902135264142e-05
    5.700000   2.05658157 -1.1166376873070736e-05
    5.700000   2.12135212 -1.1574983316009619e-05
    5.700000   2.18612229 -1.2045823412605341e-05
    5.700000   2.25089198 -1.2579824913248657e-05
    5.700000   2.31566107 -1.3176158466373621e-05
    5.700000   2.38042940 -1.3831609645041242e-05
    5.700000   2.44519674 -1.4539956956979951e-05
    5.700000   2.50996278 -1.5291428678348098e-05
    5.700000   2.57472706 -1.6072329800538436e-05
    5.700000   2.63948889 -1.6864939798440373e-05
    5.700000   2.70424717 -1.7647776190008181e-05
    5.700000   2.76900006 -1.8396293040168711e-05
    5.700000   2.83374417 -1.9084036023578515e-05
    5.700000   2.89847256 -1.9684209951298995e-05
    5.700000   2.96316844 -2.0171540617372372e-05
    5.700000   3.02777863 -2.0524247648701298e-05
    5.700000   3.09200950 -2.0725948267470344e-05
    5.750000   0.04958315 -1.9328866622318682e-05
    5.750000   0.11381403 -1.9144315480236185e-05
    5.750000   0.17842421 -1.8821511012250081e-05
    5.750000   0.24312010 -1.8375309891033820e-05
    5.750000   0.30784849 -1.7825477575420009e-05
    5.750000   0.37259260 -1.7194971981867241e-05
    5.750000   0.43734549 -1.6508163593453571e-05
    5.750000   0.50210377 -1.5789152838007737e-05
    5.750000   0.56686560 -1.5060349727536889e-05
    5.750000   0.63162987 -1.4341422699673448e-05
    5.750000   0.69639591 -1.3648657387832767e-05
    5.750000   0.76116325 -1.2994707101889932e-05
    5.750000   0.82593158 -1.2388673953789395e-05
    5.750000   0.89070068 -1.1836436055556558e-05
    5.750000   0.95547037 -1.1341130661514281e-05
    5.750000   1.02024053 -1.0903711192547106e-05
    5.750000   1.08501108 -1.0523512333166540e-05
    5.750000   1.14978193 -1.0198776755758018e-05
    5.750000   1.21455301 -9.9271156421960500e-06
    5.750000   1.27932429 -9.7058906738708177e-06
    5.750000   1.34409571 -9.5325165269785660e-06
    5.750000   1.40886724 -9.4046901094583468e-06
    5.750000   1.47363885 -9.3205563645439881e-06
    5.750000   1.53841049 -9.2788212451059874e-06
    5.750000   1.60318216 -9.2788212460055601e-06
    5.750000   1.66795381 -9.3205563672783358e-06
    5.750000   1.73272541 -9.4046901141323848e-06
    5.750000   1.79749694 -9.5325165337587513e-06
    5.750000   1.86226837 -9.7058906829731320e-06
    5.750000   1.92703964 -9.9271156538716284e-06
    5.750000   1.99181073 -1.0198776770275890e-05
    5.750000   2.05658157 -1.0523512350796101e-05
    5.750000   2.12135212 -1.0903711213541652e-05
    5.750000   2.18612229 -1.1341130686098033e-05
    5.750000   2.25089198 -1.1836436083914801e-05
    5.750000   2.31566107 -1.2388673986063155e-05
    5.750000   2.38042940 -1.2994707138175613e-05
    5.750000   2.44519674 -1.3648657428182684e-05
    5.750000   2.50996278 -1.4341422744097658e-05
    5.750000   2.57472706 -1.5060349776002537e-05
    5.750000   2.63948889 -1.5789152890434028e-05
    5.750000   2.70424717 -1.6508163649701448e-05
    5.750000   2.76900006 -1.7194972041722506e-05
    5.750000   2.83374417 -1.7825477638575917e-05
    5.750000   2.89847256 -1.8375309957075112e-05
    5.750000   2.96316844 -1.8821511080646443e-05
    5.750000   3.02777863 -1.9144315550347318e-05
    5.750000   3.09200950 -1.9328866693414958e-05
    5.800000   0.04958315 -1.8035337376575410e-05
    5.800000   0.11381403 -1.7866374297102327e-05
    5.800000   0.17842421 -1.7570754086488686e-05
    5.800000   0.24312010 -1.7161952794391199e-05
    5.800000   0.30784849 -1.6657912364474423e-05
    5.800000   0.37259260 -1.6079493375585456e-05
    5.800000   0.43734549 -1.5448869268207097e-05
    5.800000   0.50210377 -1.4788005590154975e-05
    5.800000   0.56686560 -1.4117372742643749e-05
    5.800000   0.63162987 -1.3454989043621754e-05
    5.800000   0.69639591 -1.2815831747552338e-05
    5.800000   0.76116325 -1.2211600798453946e-05
    5.800000   0.82593158 -1.1650781473928834e-05
    5.800000   0.89070068 -1.1138930666421065e-05
    5.800000   0.95547037 -1.0679106179435347e-05
    5.800000   1.02024053 -1.0272365287732368e-05
    5.800000   1.08501108 -9.9182731055914972e-06
    5.800000   1.14978193 -9.6153785013467254e-06
    5.800000   1.21455301 -9.3616319283129364e-06
    5.800000   1.27932429 -9.1547334684381435e-06
    5.800000   1.34409571 -8.9924096609320246e-06
    5.800000   1.40886724 -8.8726242558313628e-06
    5.800000   1.47363885 -8.7937313659065780e-06
    5.800000   1.53841049 -8.7545802924269589e-06
    5.800000   1.60318216 -8.7545802928373142e-06
    5.800000   1.66795381 -8.7937313671738867e-06
    5.800000   1.73272541 -8.8726242580610873e-06
    5.800000   1.79749694 -8.9924096642924212e-06
    5.800000   1.86226837 -9.1547334731504589e-06
    5.800000   1.92703964 -9.3616319346364066e-06
    5.800000   1.99181073 -9.6153785095642122e-06
    5.800000   2.05658157 -9.9182731159924181e-06
    5.800000   2.12135212 -1.0272365300597212e-05
    5.800000   2.18612229 -1.0679106195023423e-05
    5.800000   2.25089198 -1.1138930684960242e-05
    5.800000   2.31566107 -1.1650781495608190e-05
    5.800000   2.38042940 -1.2211600823422251e-05
    5.800000   2.44519674 -1.2815831775915634e-05
    5.800000   2.50996278 -1.3454989075444587e-05
    5.800000   2.57472706 -1.4117372777944783e-05
    5.800000   2.63948889 -1.4788005628903718e-05
    5.800000   2.70424717 -1.5448869310311282e-05
    5.800000   2.76900006 -1.6079493420877968e-05
    5.800000   2.83374417 -1.6657912412698018e-05
    5.800000   2.89847256 -1.7161952845185455e-05
    5.800000   2.96316844 -1.7570754139385030e-05
    5.800000   3.02777863 -1.7866374351531532e-05
    5.800000   3.09200950 -1.8035337431886001e-05
    5.850000   0.04958315 -1.6837077018455630e-05
    5.850000   0.11381403 -1.6682280577013009e-05
    5.850000   0.17842421 -1.6411370028996697e-05
    5.850000   0.24312010 -1.6036573233281301e-05
    5.850000   0.30784849 -1.5574182837864383e-05
    5.850000   0.37259260 -1.5043161370234341e-05
    5.850000   0.43734549 -1.4463692432950730e-05
    5.850000   0.50210377 -1.3855806026100087e-05
    5.850000   0.56686560 -1.3238211614277074e-05
    5.850000   0.63162987 -1.2627426609312798e-05
    5.850000   0.69639591 -1.2037235072055424e-05
    5.850000   0.76116325 -1.1478464037925938e-05
    5.850000   0.82593158 -1.0959030061253647e-05
    5.850000   0.89070068 -1.0484189064016214e-05
    5.850000   0.95547037 -1.0056917397818451e-05
    5.850000   1.02024053 -9.6783578482242934e-06
    5.850000   1.08501108 -9.3482768637717202e-06
    5.850000   1.14978193 -9.0654945466930214e-06
    5.850000   1.21455301 -8.8282637942999644e-06
    5.850000   1.27932429 -8.6345874881377926e-06
    5.850000   1.34409571 -8.4824719177933880e-06
    5.850000   1.40886724 -8.3701206180449196e-06
    5.850000   1.47363885 -8.2960758943466949e-06
    5.850000   1.53841049 -8.2593161279206482e-06
    5.850000   1.60318216 -8.2593161279019101e-06
    5.850000   1.66795381 -8.2960758943260392e-06
    5.850000   1.73272541 -8.3701206181275222e-06
    5.850000   1.79749694 -8.4824719181477849e-06
    5.850000   1.86226837 -8.6345874889862570e-06
    5.850000   1.92703964 -8.8282637959063590e-06
    5.850000   1.99181073 -9.0654945493477548e-06
    5.850000   2.05658157 -9.3482768677777151e-06
    5.850000   2.12135212 -9.6783578538822600e-06
    5.850000   2.18612229 -1.0056917405414106e-05
    5.850000   2.25089198 -1.0484189073809924e-05
    5.850000   2.31566107 -1.0959030073472866e-05
    5.850000   2.38042940 -1.1478464052762494e-05
    5.850000   2.44519674 -1.2037235089660802e-05
    5.850000   2.50996278 -1.2627426629797114e-05
    5.850000   2.57472706 -1.3238211637705134e-05
    5.850000   2.63948889 -1.3855806052485211e-05
    5.850000   2.70424717 -1.4463692462244904e-05
    5.850000   2.76900006 -1.5043161402315441e-05
    5.850000   2.83374417 -1.5574182872522227e-05
    5.850000   2.89847256 -1.6036573270208698e-05
    5.850000   2.96316844 -1.6411370067785676e-05
    5.850000   3.02777863 -1.6682280617161629e-05
    5.850000   3.09200950 -1.6837077059386278e-05
    5.900000   0.04958315 -1.5726450033804955e-05
    5.900000   0.11381403 -1.5584528205487723e-05
    5.900000   0.17842421 -1.5336077944239374e-05
    5.900000   0.24312010 -1.4992199204797441e-05
    5.900000   0.30784849 -1.4567693585041569e-05
    5.900000   0.37259260 -1.4079806584087032e-05
    5.900000   0.43734549 -1.3546920199863962e-05
    5.900000   0.50210377 -1.2987309994953922e-05
    5.900000   0.56686560 -1.2418086878300483e-05
    5.900000   0.63162987 -1.1854403013957776e-05
    5.900000   0.69639591 -1.1308954051380619e-05
    5.900000   0.76116325 -1.0791767376902972e-05
    5.900000   0.82593158 -1.0310234706908432e-05
    5.900000   0.89070068 -9.8693295611873727e-06
    5.900000   0.95547037 -9.4719451740083734e-06
    5.900000   1.02024053 -9.1192932994343547e-06
    5.900000   1.08501108 -8.8113153737462500e-06
    5.900000   1.14978193 -8.5470710209612047e-06
    5.900000   1.21455301 -8.3250821437999941e-06
    5.900000   1.27932429 -8.1436220743044487e-06
    5.900000   1.34409571 -8.0009476561485721e-06
    5.900000   1.40886724 -7.8954775975387045e-06
    5.900000   1.47363885 -7.8259233094514225e-06
    5.900000   1.53841049 -7.7913792667571420e-06
    5.900000   1.60318216 -7.7913792663639815e-06
    5.900000   1.66795381 -7.8259233083066252e-06
    5.900000   1.73272541 -7.8954775957461270e-06
    5.900000   1.79749694 -8.0009476538748477e-06
    5.900000   1.86226837 -8.1436220717705158e-06
    5.900000   1.92703964 -8.3250821412704860e-06
    5.900000   1.99181073 -8.5470710187302961e-06
    5.900000   2.05658157 -8.8113153721252271e-06
    5.900000   2.12135212 -9.1192932987368705e-06
    5.900000   2.18612229 -9.4719451745388583e-06
    5.900000   2.25089198 -9.8693295632312970e-06
    5.900000   2.31566107 -1.0310234710723235e-05
    5.900000   2.38042940 -1.0791767382714733e-05
    5.900000   2.44519674 -1.1308954059378396e-05
    5.900000   2.50996278 -1.1854403024290834e-05
    5.900000   2.57472706 -1.2418086891073045e-05
    5.900000   2.63948889 -1.2987310010218811e-05
    5.900000   2.70424717 -1.3546920217613732e-05
    5.900000   2.76900006 -1.4079806604241004e-05
    5.900000   2.83374417 -1.4567693607435435e-05
    5.900000   2.89847256 -1.4992199229175056e-05
    5.900000   2.96316844 -1.5336077970249947e-05
    5.900000   3.02777863 -1.5584528232693567e-05
    5.900000   3.09200950 -1.5726450061699478e-05
    5.950000   0.04958315 -1.4696432247669122e-05
    5.950000   0.11381403 -1.4566212105910918e-05
    5.950000   0.17842421 -1.4338180005877041e-05
    5.950000   0.24312010 -1.4022417048003046e-05
    5.950000   0.30784849 -1.3632377257182443e-05
    5.950000   0.37259260 -1.3183753257302143e-05
    5.950000   0.43734549 -1.2693296170243654e-05
    5.950000   0.50210377 -1.2177691439853256e-05
    5.950000   0.56686560 -1.1652598809499932e-05
    5.950000   0.63162987 -1.1131928405537536e-05
    5.950000   0.69639591 -1.0627382718426176e-05
    5.950000   0.76116325 -1.0148256176180001e-05
    5.950000   0.82593158 -9.7014557140559578e-06
    5.950000   0.89070068 -9.2916895316790872e-06
    5.950000   0.95547037 -8.9217664467360169e-06
    5.950000   1.02024053 -8.5929523485879570e-06
    5.950000   1.08501108 -8.3053398900313567e-06
    5.950000   1.14978193 -8.0581995343496378e-06
    5.950000   1.21455301 -7.8502919020373310e-06
    5.950000   1.27932429 -7.6801314453869755e-06
    5.950000   1.34409571 -7.5461990704883442e-06
    5.950000   1.40886724 -7.4471063145588436e-06
    5.950000   1.47363885 -7.3817163574124990e-06
    5.950000   1.53841049 -7.3492279685830828e-06
    5.950000   1.60318216 -7.3492279678650724e-06
    5.950000   1.66795381 -7.3817163552926339e-06
    5.950000   1.73272541 -7.4471063111385440e-06
    5.950000   1.79749694 -7.5461990659310749e-06
    5.950000   1.86226837 -7.6801314399104687e-06
    5.950000   1.92703964 -7.8502918959035859e-06
    5.950000   1.99181073 -8.0581995278533119e-06
    5.950000   2.05658157 -8.3053398834871565e-06
    5.950000   2.12135212 -8.5929523423170993e-06
    5.950000   2.18612229 -8.9217664410558834e-06
    5.950000   2.25089198 -9.2916895268933460e-06
    5.950000   2.31566107 -9.7014557104448192e-06
    5.950000   2.38042940 -1.0148256173996512e-05
    5.950000   2.44519674 -1.0627382717889795e-05
    5.950000   2.50996278 -1.1131928406830271e-05
    5.950000   2.57472706 -1.1652598812759909e-05
    5.950000   2.63948889 -1.2177691445168725e-05
    5.950000   2.70424717 -1.2693296177643056e-05
    5.950000   2.76900006 -1.3183753266743735e-05
    5.950000   2.83374417 -1.3632377268545818e-05
    5.950000   2.89847256 -1.4022417061079080e-05
    5.950000   2.96316844 -1.4338180020370038e-05
    5.950000   3.02777863 -1.4566212121444412e-05
    5.950000   3.09200950 -1.4696432263803317e-05
    6.000000   0.04958315 -1.3740572384649537e-05
    6.000000   0.11381403 -1.3620990221249202e-05
    6.000000   0.17842421 -1.3411524187569428e-05
    6.000000   0.24312010 -1.3121335235152023e-05
    6.000000   0.30784849 -1.2762659704268067e-05
    6.000000   0.37259260 -1.2349785984334390e-05
    6.000000   0.43734549 -1.1897988966247499e-05
    6.000000   0.50210377 -1.1422512880108405e-05
    6.000000   0.56686560 -1.0937699948089146e-05
    6.000000   0.63162987 -1.0456330070249500e-05
    6.000000   0.69639591 -9.9891991200857174e-06
    6.000000   0.76116325 -9.5449292710502433e-06
    6.000000   0.82593158 -9.1299792640860924e-06
    6.000000   0.89070068 -8.7488077395431457e-06
    6.000000   0.95547037 -8.4041381755726474e-06
    6.000000   1.02024053 -8.0972773686110051e-06
    6.000000   1.08501108 -7.8284478123948509e-06
    6.000000   1.14978193 -7.5971049351785303e-06
    6.000000   1.21455301 -7.4022207029534618e-06
    6.000000   1.27932429 -7.2425241481312169e-06
    6.000000   1.34409571 -7.1166962455173735e-06
    6.000000   1.40886724 -7.0235211096764456e-06
    6.000000   1.47363885 -6.9619979680961736e-06
    6.000000   1.53841049 -6.9314191815668101e-06
    6.000000   1.60318216 -6.9314191805691646e-06
    6.000000   1.66795381 -6.9619979651364821e-06
    6.000000   1.73272541 -7.0235211048532062e-06
    6.000000   1.79749694 -7.1166962389892372e-06
    6.000000   1.86226837 -7.2425241401118359e-06
    6.000000   1.92703964 -7.4022206937000859e-06
    6.000000   1.99181073 -7.5971049249826803e-06
    6.000000   2.05658157 -7.8284478015705728e-06
    6.000000   2.12135212 -8.0972773574832995e-06
    6.000000   2.18612229 -8.4041381644667699e-06
    6.000000   2.25089198 -8.7488077287743246e-06
    6.000000   2.31566107 -9.1299792539523461e-06
    6.000000   2.38042940 -9.5449292618247890e-06
    6.000000   2.44519674 -9.9891991120121754e-06
    6.000000   2.50996278 -1.0456330063536664e-05
    6.000000   2.57472706 -1.0937699942904208e-05
    6.000000   2.63948889 -1.1422512876570132e-05
    6.000000   2.70424717 -1.1897988964417230e-05
    6.000000   2.76900006 -1.2349785984206767e-05
    6.000000   2.83374417 -1.2762659705762241e-05
    6.000000   2.89847256 -1.3121335238104402e-05
    6.000000   2.96316844 -1.3411524191735798e-05
    6.000000   3.02777863 -1.3620990226310729e-05
    6.000000   3.09200950 -1.3740572390229228e-05
    6.050000   0.04958315 -1.2852953032644245e-05
    6.050000   0.11381403 -1.2743044987276923e-05
    6.050000   0.17842421 -1.2550466634301529e-05
    6.050000   0.24312010 -1.2283547998649421e-05
    6.050000   0.30784849 -1.1953425171289298e-05
    6.050000   0.37259260 -1.1573116738281130e-05
    6.050000   0.43734549 -1.1156561279676626e-05
    6.050000   0.50210377 -1.0717696614029286e-05
    6.050000   0.56686560 -1.0269668519603358e-05
    6.050000   0.63162987 -9.8242280700335953e-06
    6.050000   0.69639591 -9.3913431179575832e-06
    6.050000   0.76116325 -8.9790188354276091e-06
    6.050000   0.82593158 -8.5932992097128828e-06
    6.050000   0.89070068 -8.2384079026175461e-06
    6.050000   0.95547037 -7.9169825015428868e-06
    6.050000   1.02024053 -7.6303589758787058e-06
    6.050000   1.08501108 -7.3788705000749437e-06
    6.050000   1.14978193 -7.1621341835098465e-06
    6.050000   1.21455301 -6.9793086513673984e-06
    6.050000   1.27932429 -6.8293135448562605e-06
    6.050000   1.34409571 -6.7110082126924218e-06
    6.050000   1.40886724 -6.6233310206060055e-06
    6.050000   1.47363885 -6.5654030087592276e-06
    6.050000   1.53841049 -6.5366004335544597e-06
    6.050000   1.60318216 -6.5366004323181381e-06
    6.050000   1.66795381 -6.5654030050821136e-06
    6.050000   1.73272541 -6.6233310145833362e-06
    6.050000   1.79749694 -6.7110082044777176e-06
    6.050000   1.86226837 -6.8293135346563338e-06
    6.050000   1.92703964 -6.9793086394339408e-06
    6.050000   1.99181073 -7.1621341701286928e-06
    6.050000   2.05658157 -7.3788704855573394e-06
    6.050000   2.12135212 -7.6303589605489341e-06
    6.050000   2.18612229 -7.9169824857295118e-06
    6.050000   2.25089198 -8.2384078866435263e-06
    6.050000   2.31566107 -8.5932991938870395e-06
    6.050000   2.38042940 -8.9790188200392024e-06
    6.050000   2.44519674 -9.3913431032693069e-06
    6.050000   2.50996278 -9.8242280562755288e-06
    6.050000   2.57472706 -1.0269668506966802e-05
    6.050000   2.63948889 -1.0717696602659693e-05
    6.050000   2.70424717 -1.1156561269664600e-05
    6.050000   2.76900006 -1.1573116729654574e-05
    6.050000   2.83374417 -1.1953425164003137e-05
    6.050000   2.89847256 -1.2283547992583974e-05
    6.050000   2.96316844 -1.2550466629259994e-05
    6.050000   3.02777863 -1.2743044982994531e-05
    6.050000   3.09200950 -1.2852953028803254e-05
    6.100000   0.04958315 -1.2028151949406237e-05
    6.100000   0.11381403 -1.1927045201743674e-05
    6.100000   0.17842421 -1.1749834518808683e-05
    6.100000   0.24312010 -1.1504099558466387e-05
    6.100000   0.30784849 -1.1199982224452603e-05
    6.100000   0.37259260 -1.0849352756629617e-05
    6.100000   0.43734549 -1.0464939904388161e-05
    6.100000   0.50210377 -1.0059497009847264e-05
    6.100000   0.56686560 -9.6450830240168369e-06
    6.100000   0.63162987 -9.2325121046007674e-06
    6.100000   0.69639591 -8.8309954431525544e-06
    6.100000   0.76116325 -8.4479715061553526e-06
    6.100000   0.82593158 -8.0891001143750861e-06
    6.100000   0.89070068 -7.7583834727194760e-06
    6.100000   0.95547037 -7.4583730835799689e-06
    6.100000   1.02024053 -7.1904237359164804e-06
    6.100000   1.08501108 -6.9549621628836215e-06
    6.100000   1.14978193 -6.7517462507140199e-06
    6.100000   1.21455301 -6.5800990630207824e-06
    6.100000   1.27932429 -6.4391092356285159e-06
    6.100000   1.34409571 -6.3277949054434635e-06
    6.100000   1.40886724 -6.2452321295300782e-06
    6.100000   1.47363885 -6.1906508890206862e-06
    6.100000   1.53841049 -6.1635025647185668e-06
    6.100000   1.60318216 -6.1635025632801634e-06
    6.100000   1.66795381 -6.1906508847367459e-06
    6.100000   1.73272541 -6.2452321224916402e-06
    6.100000   1.79749694 -6.3277948957985399e-06
    6.100000   1.86226837 -6.4391092235767998e-06
    6.100000   1.92703964 -6.5800990488058162e-06
    6.100000   1.99181073 -6.7517462346151186e-06
    6.100000   2.05658157 -6.9549621452055305e-06
    6.100000   2.12135212 -7.1904237169808098e-06
    6.100000   2.18612229 -7.4583730637147838e-06
    6.100000   2.25089198 -7.7583834522506978e-06
    6.100000   2.31566107 -8.0891000936197058e-06
    6.100000   2.38042940 -8.4479714854130184e-06
    6.100000   2.44519674 -8.8309954226991922e-06
    6.100000   2.50996278 -9.2325120846842225e-06
    6.100000   2.57472706 -9.6450830048487710e-06
    6.100000   2.63948889 -1.0059496991595559e-05
    6.100000   2.70424717 -1.0464939887169728e-05
    6.100000   2.76900006 -1.0849352740501016e-05
    6.100000   2.83374417 -1.1199982209403848e-05
    6.100000   2.89847256 -1.1504099544416337e-05
    6.100000   2.96316844 -1.1749834505605950e-05
    6.100000   3.02777863 -1.1927045189173810e-05
    6.100000   3.09200950 -1.2028151937205350e-05
    6.150000   0.04958315 -1.1261204389267302e-05
    6.150000   0.11381403 -1.1168108940413367e-05
    6.150000   0.17842421 -1.1004889988858694e-05
    6.150000   0.24312010 -1.0778449495511624e-05
    6.150000   0.30784849 -1.0498030882161976e-05
    6.150000   0.37259260 -1.0174465686866339e-05
    6.150000   0.43734549 -9.8193870735124045e-06
    6.150000   0.50210377 -9.4444741315657767e-06
    6.150000   0.56686560 -9.0607981725050335e-06
    6.150000   0.63162987 -8.6783197158357700e-06
    6.150000   0.69639591 -8.3055580713318758e-06
    6.150000   0.76116325 -7.9494307909011420e-06
    6.150000   0.82593158 -7.6152415271897472e-06
    6.150000   0.89070068 -7.3067835953629621e-06
    6.150000   0.95547037 -7.0265225538873529e-06
    6.150000   1.02024053 -6.7758229259035856e-06
    6.150000   1.08501108 -6.5551897482586907e-06
    6.150000   1.14978193 -6.3645029576646568e-06
    6.150000   1.21455301 -6.2032300913064397e-06
    6.150000   1.27932429 -6.0706093219906010e-06
    6.150000   1.34409571 -5.9657999187193796e-06
    6.150000   1.40886724 -5.8880006862117578e-06
    6.150000   1.47363885 -5.8365389223175436e-06
    6.150000   1.53841049 -5.8109332069602144e-06
    6.150000   1.60318216 -5.8109332053532532e-06
    6.150000   1.66795381 -5.8365389175261103e-06
    6.150000   1.73272541 -5.8880006783231476e-06
    6.150000   1.79749694 -5.9657999078752378e-06
    6.150000   1.86226837 -6.0706093083827660e-06
    6.150000   1.92703964 -6.2032300751697599e-06
    6.150000   1.99181073 -6.3645029392701633e-06
    6.150000   2.05658157 -6.5551897279030278e-06
    6.150000   2.12135212 -6.7758229039028890e-06
    6.150000   2.18612229 -7.0265225305662116e-06
    6.150000   2.25089198 -7.3067835710480216e-06
    6.150000   2.31566107 -7.6152415022007853e-06
    6.150000   2.38042940 -7.9494307655444670e-06
    6.150000   2.44519674 -8.3055580458941465e-06
    6.150000   2.50996278 -8.6783196905780522e-06
    6.150000   2.57472706 -9.0607981476545946e-06
    6.150000   2.63948889 -9.4444741073101955e-06
    6.150000   2.70424717 -9.8193870499904842e-06
    6.150000   2.76900006 -1.0174465664162112e-05
    6.150000   2.83374417 -1.0498030860296045e-05
    6.150000   2.89847256 -1.0778449474438728e-05
    6.150000   2.96316844 -1.1004889968469573e-05
    6.150000   3.02777863 -1.1168108920539645e-05
    6.150000   3.09200950 -1.1261204369695801e-05
    6.200000   0.04958315 -1.0547566922682411e-05
    6.200000   0.11381403 -1.0461767972942833e-05
    6.200000   0.17842421 -1.0311295624740894e-05
    6.200000   0.24312010 -1.0102439645536098e-05
    6.200000   0.30784849 -9.8436312728496274e-06
    6.200000   0.37259260 -9.5447622574963506e-06
    6.200000   0.43734549 -9.2164733099120370e-06
    6.200000   0.50210377 -8.8694688534544780e-06
    6.200000   0.56686560 -8.5139222754206318e-06
    6.200000   0.63162987 -8.1590158940196948e-06
    6.200000   0.69639591 -7.8126359400365324e-06
    6.200000   0.76116325 -7.4812207511303906e-06
    6.200000   0.82593158 -7.1697434608397085e-06
    6.200000   0.89070068 -6.8818001980942443e-06
    6.200000   0.95547037 -6.6197710279652997e-06
    6.200000   1.02024053 -6.3850222805076762e-06
    6.200000   1.08501108 -6.1781237447831352e-06
    6.200000   1.14978193 -5.9990606685064943e-06
    6.200000   1.21455301 -5.8474271557899222e-06
    6.200000   1.27932429 -5.7225934266641040e-06
    6.200000   1.34409571 -5.6238439872734043e-06
    6.200000   1.40886724 -5.5504869216117627e-06
    6.200000   1.47363885 -5.5019363589046470e-06
    6.200000   1.53841049 -5.4777709253363396e-06
    6.200000   1.60318216 -5.4777709235904141e-06
    6.200000   1.66795381 -5.5019363536953919e-06
    6.200000   1.73272541 -5.5504869130218042e-06
    6.200000   1.79749694 -5.6238439754381467e-06
    6.200000   1.86226837 -5.7225934117671018e-06
    6.200000   1.92703964 -5.8474271380560813e-06
    6.200000   1.99181073 -5.9990606481970871e-06
    6.200000   2.05658157 -6.1781237221863494e-06
    6.200000   2.12135212 -6.3850222559314514e-06
    6.200000   2.18612229 -6.6197710017295756e-06
    6.200000   2.25089198 -6.8818001705221758e-06
    6.200000   2.31566107 -7.1697434322514741e-06
    6.200000   2.38042940 -7.4812207218359137e-06
    6.200000   2.44519674 -7.8126359103289440e-06
    6.200000   2.50996278 -8.1590158641694812e-06
    6.200000   2.57472706 -8.5139222456685674e-06
    6.200000   2.63948889 -8.8694688240037658e-06
    6.200000   2.70424717 -9.2164732809212231e-06
    6.200000   2.76900006 -9.5447622290722356e-06
    6.200000   2.83374417 -9.8436312450414680e-06
    6.200000   2.89847256 -1.0102439618331810e-05
    6.200000   2.96316844 -1.0311295598069559e-05
    6.200000   3.02777863 -1.0461767946678383e-05
    6.200000   3.09200950 -1.0547566896659018e-05
    6.250000   0.04958315 -9.8830830625039660e-06
    6.250000   0.11381403 -9.8039339781332625e-06
    6.250000   0.17842421 -9.6650816819528781e-06
    6.250000   0.24312010 -9.4722627558987041e-06
    6.250000   0.30784849 -9.2331740237955785e-06
    6.250000   0.37259260 -8.9568566375891875e-06
    6.250000   0.43734549 -8.6530519117644463e-06
    6.250000   0.50210377 -8.3315795457178856e-06
    6.250000   0.56686560 -8.0017961282198454e-06
    6.250000   0.63162987 -7.6721741013829148e-06
    6.250000   0.69639591 -7.3500199976644003e-06
    6.250000   0.76116325 -7.0413309284751967e-06
    6.250000   0.82593158 -6.7507730244635441e-06
    6.250000   0.89070068 -6.4817561475334103e-06
    6.250000   0.95547037 -6.2365756010641615e-06
    6.250000   1.02024053 -6.0165926474176773e-06
    6.250000   1.08501108 -5.8224298254432689e-06
    6.250000   1.14978193 -5.6541627618338530e-06
    6.250000   1.21455301 -5.5114960940685149e-06
    6.250000   1.27932429 -5.3939163911813006e-06
    6.250000   1.34409571 -5.3008191053715462e-06
    6.250000   1.40886724 -5.2316094754725459e-06
    6.250000   1.47363885 -5.1857790144945663e-06
    6.250000   1.53841049 -5.1629599459553585e-06
    6.250000   1.60318216 -5.1629599440973706e-06
    6.250000   1.66795381 -5.1857790089472721e-06
    6.250000   1.73272541 -5.2316094663140267e-06
    6.250000   1.79749694 -5.3008190927310330e-06
    6.250000   1.86226837 -5.3939163752333194e-06
    6.250000   1.92703964 -5.5114960750286635e-06
    6.250000   1.99181073 -5.6541627399525026e-06
    6.250000   2.05658157 -5.8224298009984969e-06
    6.250000   2.12135212 -6.0165926207081518e-06
    6.250000   2.18612229 -6.2365755724024809e-06
    6.250000   2.25089198 -6.4817561172378336e-06
    6.250000   2.31566107 -6.7507729928518671e-06
    6.250000   2.38042940 -7.0413308958576079e-06
    6.250000   2.44519674 -7.3500199643385929e-06
    6.250000   2.50996278 -7.6721740676255517e-06
    6.250000   2.57472706 -8.0017960942812478e-06
    6.250000   2.63948889 -8.3315795118144178e-06
    6.250000   2.70424717 -8.6530518780715848e-06
    6.250000   2.76900006 -8.9568566042344446e-06
    6.250000   2.83374417 -9.2331739908530798e-06
    6.250000   2.89847256 -9.4722627233867691e-06
    6.250000   2.96316844 -9.6650816498346847e-06
    6.250000   3.02777863 -9.8039339463230130e-06
    6.250000   3.09200950 -9.8830830308780461e-06
    6.300000   0.04958315 -9.2639508888964407e-06
    6.300000   0.11381403 -9.1908667402182207e-06
    6.300000   0.17842421 -9.0626152832707819e-06
    6.300000   0.24312010 -8.8844330461937036e-06
    6.300000   0.30784849 -8.6633524948998511e-06
    6.300000   0.37259260 -8.4076445699311052e-06
    6.300000   0.43734549 -8.1262351294298642e-06
    6.300000   0.50210377 -7.8281403601815144e-06
    6.300000   0.56686560 -7.5219733995641518e-06
    6.300000   0.63162987 -7.2155586960534851e-06
    6.300000   0.69639591 -6.9156715497468541e-06
    6.300000   0.76116325 -6.6279024664822268e-06
    6.300000   0.82593158 -6.3566321533823849e-06
    6.300000   0.89070068 -6.1050944098828689e-06
    6.300000   0.95547037 -5.8755007613178563e-06
    6.300000   1.02024053 -5.6692014803906678e-06
    6.300000   1.08501108 -5.4868612575248804e-06
    6.300000   1.14978193 -5.3286328063624250e-06
    6.300000   1.21455301 -5.1943169649052263e-06
    6.300000   1.27932429 -5.0835025805712146e-06
    6.300000   1.34409571 -4.9956832183169311e-06
    6.300000   1.40886724 -4.9303503693914987e-06
    6.300000   1.47363885 -4.8870644268873912e-06
    6.300000   1.53841049 -4.8655054031362483e-06
    6.300000   1.60318216 -4.8655054011896471e-06
    6.300000   1.66795381 -4.8870644210731300e-06
    6.300000   1.73272541 -4.9303503597837650e-06
    6.300000   1.79749694 -4.9956832050376297e-06
    6.300000   1.86226837 -5.0835025637864504e-06
    6.300000   1.92703964 -5.1943169448199169e-06
    6.300000   1.99181073 -5.3286327832157843e-06
    6.300000   2.05658157 -5.4868612315846277e-06
    6.300000   2.12135212 -5.6692014519450509e-06
    6.300000   2.18612229 -5.8755007306707288e-06
    6.300000   2.25089198 -6.1050943773455569e-06
    6.300000   2.31566107 -6.3566321192682269e-06
    6.300000   2.38042940 -6.6279024310999835e-06
    6.300000   2.44519674 -6.9156715133945641e-06
    6.300000   2.50996278 -7.2155586590122219e-06
    6.300000   2.57472706 -7.5219733620919385e-06
    6.300000   2.63948889 -7.8281403225043759e-06
    6.300000   2.70424717 -8.1262350917375875e-06
    6.300000   2.76900006 -8.4076445323691394e-06
    6.300000   2.83374417 -8.6633524575649478e-06
    6.300000   2.89847256 -8.8844330091309740e-06
    6.300000   2.96316844 -9.0626152464748440e-06
    6.300000   3.02777863 -9.1908667036397144e-06
    6.300000   3.09200950 -9.2639508524506272e-06
    6.350000   0.04958315 -8.6866927720439710e-06
    6.350000   0.11381403 -8.6191444182817106e-06
    6.350000   0.17842421 -8.5005716403147481e-06
    6.350000   0.24312010 -8.3357587370026821e-06
    6.350000   0.30784849 -8.1311369032901373e-06
    6.350000   0.37259260 -7.8942793041600133e-06
    6.350000   0.43734549 -7.6333720406847108e-06
    6.350000   0.50210377 -7.3567011050343492e-06
    6.350000   0.56686560 -7.0722024946800579e-06
    6.350000   0.63162987 -6.7871087160624539e-06
    6.350000   0.69639591 -6.5077078515333108e-06
    6.350000   0.76116325 -6.2392153687969980e-06
    6.350000   0.82593158 -5.9857463712209594e-06
    6.350000   0.89070068 -5.7503681471128847e-06
    6.350000   0.95547037 -5.5352096501759813e-06
    6.350000   1.02024053 -5.3416051001811110e-06
    6.350000   1.08501108 -5.1702520102609391e-06
    6.350000   1.14978193 -5.0213683735573640e-06
    6.350000   1.21455301 -4.8948384367915999e-06
    6.350000   1.27932429 -4.7903407310197021e-06
    6.350000   1.34409571 -4.7074554233396805e-06
    6.350000   1.40886724 -4.6457504642831169e-06
    6.350000   1.47363885 -4.6048474804573993e-06
    6.350000   1.53841049 -4.5844690461874099e-06
    6.350000   1.60318216 -4.5844690441735408e-06
    6.350000   1.66795381 -4.6048474744394987e-06
    6.350000   1.73272541 -4.6457504543313920e-06
    6.350000   1.79749694 -4.7074554095693304e-06
    6.350000   1.86226837 -4.7903407135879581e-06
    6.350000   1.92703964 -4.8948384158930796e-06
    6.350000   1.99181073 -5.0213683494202700e-06
    6.350000   2.05658157 -5.1702519831407839e-06
    6.350000   2.12135212 -5.3416050703557079e-06
    6.350000   2.18612229 -5.5352096179388365e-06
    6.350000   2.25089198 -5.7503681127674732e-06
    6.350000   2.31566107 -5.9857463350740995e-06
    6.350000   2.38042940 -6.2392153311540449e-06
    6.350000   2.44519674 -6.5077078126914410e-06
    6.350000   2.50996278 -6.7871086763043630e-06
    6.350000   2.57472706 -7.0722024542677848e-06
    6.350000   2.63948889 -7.3567010642029227e-06
    6.350000   2.70424717 -7.6333719996349463e-06
    6.350000   2.76900006 -7.8942792630531215e-06
    6.350000   2.83374417 -8.1311368622420397e-06
    6.350000   2.89847256 -8.3357586960831456e-06
    6.350000   2.96316844 -8.5005715995468847e-06
    6.350000   3.02777863 -8.6191443776486491e-06
    6.350000   3.09200950 -8.6866927314967173e-06
    6.400000   0.04958315 -8.1481272222334658e-06
    6.400000   0.11381403 -8.0856359138149781e-06
    6.400000   0.17842421 -7.9759073218507683e-06
    6.400000   0.24312010 -7.8233165538032688e-06
    6.400000   0.30784849 -7.6337503340724655e-06
    6.400000   0.37259260 -7.4141493129097600e-06
    6.400000   0.43734549 -7.1720280953884290e-06
    6.400000   0.50210377 -6.9150086688055380e-06
    6.400000   0.56686560 -6.6504098448254061e-06
    6.400000   0.63162987 -6.3849229668078756e-06
    6.400000   0.69639591 -6.1243888847633885e-06
    6.400000   0.76116325 -5.8736768280135419e-06
    6.400000   0.82593158 -5.6366545167021077e-06
    6.400000   0.89070068 -5.4162316805607930e-06
    6.400000   0.95547037 -5.2144561024519260e-06
    6.400000   1.02024053 -5.0326416570730461e-06
    6.400000   1.08501108 -4.8715104958686818e-06
    6.400000   1.14978193 -4.7313354250708196e-06
    6.400000   1.21455301 -4.6120727020414891e-06
    6.400000   1.27932429 -4.5134792827387263e-06
    6.400000   1.34409571 -4.4352116239663907e-06
    6.400000   1.40886724 -4.3769053478400301e-06
    6.400000   1.47363885 -4.3382364451387959e-06
    6.400000   1.53841049 -4.3189653529918978e-06
    6.400000   1.60318216 -4.3189653509294852e-06
    6.400000   1.66795381 -4.3382364389740511e-06
    6.400000   1.73272541 -4.3769053376386499e-06
    6.400000   1.79749694 -4.4352116098369833e-06
    6.400000   1.86226837 -4.5134792648294098e-06
    6.400000   1.92703964 -4.6120726805369760e-06
    6.400000   1.99181073 -4.7313354001875547e-06
    6.400000   2.05658157 -4.8715104678504124e-06
    6.400000   2.12135212 -5.0326416261862464e-06
    6.400000   2.18612229 -5.2144560689790143e-06
    6.400000   2.25089198 -5.4162316447959559e-06
    6.400000   2.31566107 -5.6366544789452142e-06
    6.400000   2.38042940 -5.8736767885644385e-06
    6.400000   2.44519674 -6.1243888439157363e-06
    6.400000   2.50996278 -6.3849229248447224e-06
    6.400000   2.57472706 -6.6504098020110306e-06
    6.400000   2.63948889 -6.9150086253815715e-06
    6.400000   2.70424717 -7.1720280515643538e-06
    6.400000   2.76900006 -7.4141492688602910e-06
    6.400000   2.83374417 -7.6337502899310477e-06
    6.400000   2.89847256 -7.8233165096604026e-06
    6.400000   2.96316844 -7.9759072777557492e-06
    6.400000   3.02777863 -8.0856358697800120e-06
    6.400000   3.09200950 -8.1481271782412867e-06
    6.450000   0.04958315 -7.6453428456497249e-06
    6.450000   0.11381403 -7.5874753120387653e-06
    6.450000   0.17842421 -7.4858355399078226e-06
    6.450000   0.24312010 -7.3444281712149712e-06
    6.450000   0.30784849 -7.1686465957534223e-06
    6.450000   0.37259260 -6.9648577427009251e-06
    6.450000   0.43734549 -6.7399662749711793e-06
    6.450000   0.50210377 -6.5009899334786438e-06
    6.450000   0.56686560 -6.2546845584746626e-06
    6.450000   0.63162987 -6.0072463446013919e-06
    6.450000   0.69639591 -5.7641052496256265e-06
    6.450000   0.76116325 -5.5298105558035846e-06
    6.450000   0.82593158 -5.3079993664022783e-06
    6.450000   0.89070068 -5.1014322547649422e-06
    6.450000   0.95547037 -4.9120774009671152e-06
    6.450000   1.02024053 -4.7412247325580295e-06
    6.450000   1.08501108 -4.5896138842900334e-06
    6.450000   1.14978193 -4.4575632180687686e-06
    6.450000   1.21455301 -4.3450908621526042e-06
    6.450000   1.27932429 -4.2520221461625556e-06
    6.450000   1.34409571 -4.1780805879906430e-06
    6.450000   1.40886724 -4.1229616036868140e-06
    6.450000   1.47363885 -4.0863893826891250e-06
    6.450000   1.53841049 -4.0681580037081861e-06
    6.450000   1.60318216 -4.0681580016135550e-06
    6.450000   1.66795381 -4.0863893764266191e-06
    6.450000   1.73272541 -4.1229615933185480e-06
    6.450000   1.79749694 -4.1780805736181922e-06
    6.450000   1.86226837 -4.2520221279253407e-06
    6.450000   1.92703964 -4.3450908402249888e-06
    6.450000   1.99181073 -4.4575631926559175e-06
    6.450000   2.05658157 -4.5896138556240439e-06
    6.450000   2.12135212 -4.7412247008926997e-06
    6.450000   2.18612229 -4.9120773665741327e-06
    6.450000   2.25089198 -5.1014322179285339e-06
    6.450000   2.31566107 -5.3079993274131272e-06
    6.450000   2.38042940 -5.5298105149553725e-06
    6.450000   2.44519674 -5.7641052072075056e-06
    6.450000   2.50996278 -6.0072463008948823e-06
    6.450000   2.57472706 -6.2546845137448270e-06
    6.450000   2.63948889 -6.5009898879702893e-06
    6.450000   2.70424717 -6.7399662289021245e-06
    6.450000   2.76900006 -6.9648576962560528e-06
    6.450000   2.83374417 -7.1686465490813876e-06
    6.450000   2.89847256 -7.3444281244255192e-06
    6.450000   2.96316844 -7.4858354930725199e-06
    6.450000   3.02777863 -7.5874752651960476e-06
    6.450000   3.09200950 -7.6453427988120233e-06
    6.500000   0.04958315 -7.1756743473641073e-06
    6.500000   0.11381403 -7.1220383371838741e-06
    6.500000   0.17842421 -7.0278033917772705e-06
    6.500000   0.24312010 -6.8966385329897637e-06
    6.500000   0.30784849 -6.7334898528925068e-06
    6.500000   0.37259260 -6.5442035294898709e-06
    6.500000   0.43734549 -6.3351297944912334e-06
    6.500000   0.50210377 -6.1127361030844646e-06
    6.500000   0.56686560 -5.8832643600143246e-06
    6.500000   0.63162987 -5.6524573224672450e-06
    6.500000   0.69639591 -5.4253670992913657e-06
    6.500000   0.76116325 -5.2062470436922265e-06
    6.500000   0.82593158 -4.9985190854224308e-06
    6.500000   0.89070068 -4.8048025365157855e-06
    6.500000   0.95547037 -4.6269876840598129e-06
    6.500000   1.02024053 -4.4663375218078814e-06
    6.500000   1.08501108 -4.3236029366113961e-06
    6.500000   1.14978193 -4.1991396765900106e-06
    6.500000   1.21455301 -4.0930187354370067e-06
    6.500000   1.27932429 -4.0051248549771047e-06
    6.500000   1.34409571 -3.9352403646304122e-06
    6.500000   1.40886724 -3.8831134194054143e-06
    6.500000   1.47363885 -3.8485108784806255e-06
    6.500000   1.53841049 -3.8312566734003221e-06
    6.500000   1.60318216 -3.8312566712881480e-06
    6.500000   1.66795381 -3.8485108721642847e-06
    6.500000   1.73272541 -3.8831134089426669e-06
    6.500000   1.79749694 -3.9352403501169313e-06
    6.500000   1.86226837 -4.0051248365438577e-06
    6.500000   1.92703964 -4.0930187132482603e-06
    6.500000   1.99181073 -4.1991396508393095e-06
    6.500000   2.05658157 -4.3236029075191017e-06
    6.500000   2.12135212 -4.4663374896159207e-06
    6.500000   2.18612229 -4.6269876490276907e-06
    6.500000   2.25089198 -4.8048024989171703e-06
    6.500000   2.31566107 -4.9985190455388239e-06
    6.500000   2.38042940 -5.2062470018092535e-06
    6.500000   2.44519674 -5.4253670556934051e-06
    6.500000   2.50996278 -5.6524572774316899e-06
    6.500000   2.57472706 -5.8832643138062048e-06
    6.500000   2.63948889 -6.1127360559506886e-06
    6.500000   2.70424717 -6.3351297466549054e-06
    6.500000   2.76900006 -6.5442034811448123e-06
    6.500000   2.83374417 -6.7334898042001461e-06
    6.500000   2.89847256 -6.8966384840762470e-06
    6.500000   2.96316844 -7.0278033427345287e-06
    6.500000   3.02777863 -7.1220382880731563e-06
    6.500000   3.09200950 -7.1756742982242379e-06
    6.550000   0.04958315 -6.7366804973612300e-06
    6.550000   0.11381403 -6.6869207373399563e-06
    6.550000   0.17842421 -6.5994709731864334e-06
    6.550000   0.24312010 -6.4776959627736928e-06
    6.550000   0.30784849 -6.3261359510050457e-06
    6.550000   0.37259260 -6.1501640942804911e-06
    6.550000   0.43734549 -5.9556262636156874e-06
    6.550000   0.50210377 -5.7484883656834033e-06
    6.550000   0.56686560 -5.5345227360589624e-06
    6.550000   0.63162987 -5.3190565210970028e-06
    6.550000   0.69639591 -5.1067940432428194e-06
    6.550000   0.76116325 -4.9017146843957570e-06
    6.550000   0.82593158 -4.7070394398409356e-06
    6.550000   0.89070068 -4.5252537870422278e-06
    6.550000   0.95547037 -4.3581719479205673e-06
    6.550000   1.02024053 -4.2070275428198295e-06
    6.550000   1.08501108 -4.0725773067187526e-06
    6.550000   1.14978193 -3.9552071818484428e-06
    6.550000   1.21455301 -3.8550330428213811e-06
    6.550000   1.27932429 -3.7719910644302235e-06
    6.550000   1.34409571 -3.7059150213977964e-06
    6.550000   1.40886724 -3.6565994955381503e-06
    6.550000   1.47363885 -3.6238490619980067e-06
    6.550000   1.53841049 -3.6075141072967836e-06
    6.550000   1.60318216 -3.6075141051801097e-06
    6.550000   1.66795381 -3.6238490556658984e-06
    6.550000   1.73272541 -3.6565994850449711e-06
    6.550000   1.79749694 -3.7059150068329675e-06
    6.550000   1.86226837 -3.7719910459167260e-06
    6.550000   1.92703964 -3.8550330205133912e-06
    6.550000   1.99181073 -3.9552071559287264e-06
    6.550000   2.05658157 -4.0725772773949641e-06
    6.550000   2.12135212 -4.2070275103225169e-06
    6.550000   2.18612229 -4.3581719124975173e-06
    6.550000   2.25089198 -4.5252537489556421e-06
    6.550000   2.31566107 -4.7070393993627769e-06
    6.550000   2.38042940 -4.9017146418029831e-06
    6.550000   2.44519674 -5.1067939988131046e-06
    6.550000   2.50996278 -5.3190564751032705e-06
    6.550000   2.57472706 -5.5345226887644475e-06
    6.550000   2.63948889 -5.7484883173354165e-06
    6.550000   2.70424717 -5.9556262144413353e-06
    6.550000   2.76900006 -6.1501640444809754e-06
    6.550000   2.83374417 -6.3261359007522462e-06
    6.550000   2.89847256 -6.4776959122077461e-06
    6.550000   2.96316844 -6.5994709224170717e-06
    6.550000   3.02777863 -6.6869206864491767e-06
    6.550000   3.09200950 -6.7366804464107117e-06
    6.600000   0.04958315 -6.3261239585338833e-06
    6.600000   0.11381403 -6.2799184983326338e-06
    6.600000   0.17842421 -6.1986922630842866e-06
    6.600000   0.24312010 -6.0855339675717249e-06
    6.600000   0.30784849 -5.9446153376724746e-06
    6.600000   0.37259260 -5.7808795253712191e-06
    6.600000   0.43734549 -5.5997132162648058e-06
    6.600000   0.50210377 -5.4066248021803393e-06
    6.600000   0.56686560 -5.2069572069992213e-06
    6.600000   0.63162987 -5.0056562870865826e-06
    6.600000   0.69639591 -4.8071059462698921e-06
    6.600000   0.76116325 -4.6150316854647783e-06
    6.600000   0.82593158 -4.4324667075419342e-06
    6.600000   0.89070068 -4.2617696486751475e-06
    6.600000   0.95547037 -4.1046805896165702e-06
    6.600000   1.02024053 -3.9624018223155227e-06
    6.600000   1.08501108 -3.8356912651347396e-06
    6.600000   1.14978193 -3.7249587388827739e-06
    6.600000   1.21455301 -3.6303579322234268e-06
    6.600000   1.27932429 -3.5518693578652217e-06
    6.600000   1.34409571 -3.4893716656658209e-06
    6.600000   1.40886724 -3.4427002220962520e-06
    6.600000   1.47363885 -3.4116928835951067e-06
    6.600000   1.53841049 -3.3962234467524688e-06
    6.600000   1.60318216 -3.3962234446419003e-06
    6.600000   1.66795381 -3.4116928772806442e-06
    6.600000   1.73272541 -3.4427002116282656e-06
    6.600000   1.79749694 -3.4893716511280991e-06
    6.600000   1.86226837 -3.5518693393725269e-06
    6.600000   1.92703964 -3.6303579099204272e-06
    6.600000   1.99181073 -3.7249587129412193e-06
    6.600000   2.05658157 -3.8356912357511590e-06
    6.600000   2.12135212 -3.9624017897085346e-06
    6.600000   2.18612229 -4.1046805540216496e-06
    6.600000   2.25089198 -4.2617696103432543e-06
    6.600000   2.31566107 -4.4324666667342686e-06
    6.600000   2.38042940 -4.6150316424497661e-06
    6.600000   2.44519674 -4.8071059013176909e-06
    6.600000   2.50996278 -5.0056562404648092e-06
    6.600000   2.57472706 -5.2069571589677014e-06
    6.600000   2.63948889 -5.4066247529863547e-06
    6.600000   2.70424717 -5.5997131661376264e-06
    6.600000   2.76900006 -5.7808794745173600e-06
    6.600000   2.83374417 -5.9446152862722385e-06
    6.600000   2.89847256 -6.0855339157773483e-06
    6.600000   2.96316844 -6.1986922110215183e-06
    6.600000   3.02777863 -6.2799184461012577e-06
    6.600000   3.09200950 -6.3261239062155788e-06
    6.650000   0.04958315 -5.9419528653334367e-06
    6.650000   0.11381403 -5.8990097763845933e-06
    6.650000   0.17842421 -5.8234976717141427e-06
    6.650000   0.24312010 -5.7182546283079000e-06
    6.650000   0.30784849 -5.5871174777337881e-06
    6.650000   0.37259260 -5.4346381492574927e-06
    6.650000   0.43734549 -5.2657849156783761e-06
    6.650000   0.50210377 -5.0856484539210005e-06
    6.650000   0.56686560 -4.8991786412240897e-06
    6.650000   0.63162987 -4.7109712015792235e-06
    6.650000   0.69639591 -4.5251145519802603e-06
    6.650000   0.76116325 -4.3450987097019874e-06
    6.650000   0.82593158 -4.1737812273309378e-06
    6.650000   0.89070068 -4.0134004910348704e-06
    6.650000   0.95547037 -3.8656244406398220e-06
    6.650000   1.02024053 -3.7316225126051245e-06
    6.650000   1.08501108 -3.6121498031714175e-06
    6.650000   1.14978193 -3.5076344811309383e-06
    6.650000   1.21455301 -3.4182618060495625e-06
    6.650000   1.27932429 -3.3440503284904699e-06
    6.650000   1.34409571 -3.2849177199189838e-06
    6.650000   1.40886724 -3.2407350930332641e-06
    6.650000   1.47363885 -3.2113696189538844e-06
    6.650000   1.53841049 -3.1967157778482342e-06
    6.650000   1.60318216 -3.1967157757533621e-06
    6.650000   1.66795381 -3.2113696126855810e-06
    6.650000   1.73272541 -3.2407350826384622e-06
    6.650000   1.79749694 -3.2849177054759904e-06
    6.650000   1.86226837 -3.3440503101059865e-06
    6.650000   1.92703964 -3.4182617838594698e-06
    6.650000   1.99181073 -3.5076344552967019e-06
    6.650000   2.05658157 -3.6121497738780663e-06
    6.650000   2.12135212 -3.7316224800584667e-06
    6.650000   2.18612229 -3.8656244050644086e-06
    6.650000   2.25089198 -4.0134004526703088e-06
    6.650000   2.31566107 -4.1737811864278727e-06
    6.650000   2.38042940 -4.3450986665188231e-06
    6.650000   2.44519674 -4.5251145067795185e-06
    6.650000   2.50996278 -4.7109711546221470e-06
    6.650000   2.57472706 -4.8991785927667985e-06
    6.650000   2.63948889 -5.0856484042091095e-06
    6.650000   2.70424717 -5.2657848649413990e-06
    6.650000   2.76900006 -5.4346380977063400e-06
    6.650000   2.83374417 -5.5871174255560037e-06
    6.650000   2.89847256 -5.7182545756659526e-06
    6.650000   2.96316844 -5.8234976187462223e-06
    6.650000   3.02777863 -5.8990097232065646e-06
    6.650000   3.09200950 -5.9419528120448880e-06
    6.700000   0.04958315 -5.5822840365965408e-06
    6.700000   0.11381403 -5.5423384345295910e-06
    6.700000   0.17842421 -5.4720781394861945e-06
    6.700000   0.24312010 -5.3741134685548727e-06
    6.700000   0.30784849 -5.2519766580817460e-06
    6.700000   0.37259260 -5.1098633909149671e-06
    6.700000   0.43734549 -4.9523603413842652e-06
    6.700000   0.50210377 -4.7841764617050151e-06
    6.700000   0.56686560 -4.6099015310328499e-06
    6.700000   0.63162987 -4.4338094447436642e-06
    6.700000   0.69639591 -4.2597158625582652e-06
    6.700000   0.76116325 -4.0908921801731345e-06
    6.700000   0.82593158 -3.9300315298929201e-06
    6.700000   0.89070068 -3.7792582656433275e-06
    6.700000   0.95547037 -3.6401702447539554e-06
    6.700000   1.02024053 -3.5139028975820914e-06
    6.700000   1.08501108 -3.4012050794540787e-06
    6.700000   1.14978193 -3.3025184783723443e-06
    6.700000   1.21455301 -3.2180544201204544e-06
    6.700000   1.27932429 -3.1478639070670461e-06
    6.700000   1.34409571 -3.0918984232502680e-06
    6.700000   1.40886724 -3.0500603326541779e-06
    6.700000   1.47363885 -3.0222425761506443e-06
    6.700000   1.53841049 -3.0083578779942882e-06
    6.700000   1.60318216 -3.0083578759236971e-06
    6.700000   1.66795381 -3.0222425699531778e-06
    6.700000   1.73272541 -3.0500603223742370e-06
    6.700000   1.79749694 -3.0918984089603005e-06
    6.700000   1.86226837 -3.1478638888668665e-06
    6.700000   1.92703964 -3.2180543981367049e-06
    6.700000   1.99181073 -3.3025184527564493e-06
    6.700000   2.05658157 -3.4012050503801082e-06
    6.700000   2.12135212 -3.5139028652445537e-06
    6.700000   2.18612229 -3.6401702093654932e-06
    6.700000   2.25089198 -3.7792582274321293e-06
    6.700000   2.31566107 -3.9300314890988469e-06
    6.700000   2.38042940 -4.0908921370453466e-06
    6.700000   2.44519674 -4.2597158173501399e-06
    6.700000   2.50996278 -4.4338093977104640e-06
    6.700000   2.57472706 -4.6099014824248910e-06
    6.700000   2.63948889 -4.7841764117652807e-06
    6.700000   2.70424717 -4.9523602903430314e-06
    6.700000   2.76900006 -5.1098633389850093e-06
    6.700000   2.83374417 -5.2519766054556025e-06
    6.700000   2.89847256 -5.3741134154040703e-06
    6.700000   2.96316844 -5.4720780859593763e-06
    6.700000   3.02777863 -5.5423383807567758e-06
    6.700000   3.09200950 -5.5822839826927319e-06
    6.750000   0.04958315 -5.2453877047128469e-06
    6.750000   0.11381403 -5.2081990666234952e-06
    6.750000   0.17842421 -5.1427706734393161e-06
    6.750000   0.24312010 -5.0515056923135730e-06
    6.750000   0.30784849 -4.9376590780121043e-06
    6.750000   0.37259260 -4.8051018252464901e-06
    6.750000   0.43734549 -4.6580722662674925e-06
    6.750000   0.50210377 -4.5009301911489968e-06
    6.750000   0.56686560 -4.3379351520374779e-06
    6.750000   0.63162987 -4.1730649447112381e-06
    6.750000   0.69639591 -4.0098832100112412e-06
    6.750000   0.76116325 -3.8514581913255384e-06
    6.750000   0.82593158 -3.7003289979690641e-06
    6.750000   0.89070068 -3.5585118217080555e-06
    6.750000   0.95547037 -3.4275365377547823e-06
    6.750000   1.02024053 -3.3085037497857591e-06
    6.750000   1.08501108 -3.2021531745329258e-06
    6.750000   1.14978193 -3.1089358170082880e-06
    6.750000   1.21455301 -3.0290842257582781e-06
    6.750000   1.27932429 -2.9626769095019217e-06
    6.750000   1.34409571 -2.9096945348777215e-06
    6.750000   1.40886724 -2.8700667110484680e-06
    6.750000   1.47363885 -2.8437089832859486e-06
    6.750000   1.53841049 -2.8305501389321155e-06
    6.750000   1.60318216 -2.8305501368925063e-06
    6.750000   1.66795381 -2.8437089771809930e-06
    6.750000   1.73272541 -2.8700667009189111e-06
    6.750000   1.79749694 -2.9096945207909533e-06
    6.750000   1.86226837 -2.9626768915508206e-06
    6.750000   1.92703964 -3.0290842040613208e-06
    6.750000   1.99181073 -3.1089357917068887e-06
    6.750000   2.05658157 -3.2021531457903129e-06
    6.750000   2.12135212 -3.3085037177853944e-06
    6.750000   2.18612229 -3.4275365026981155e-06
    6.750000   2.25089198 -3.5585117838120797e-06
    6.750000   2.31566107 -3.7003289574627149e-06
    6.750000   2.38042940 -3.8514581484477718e-06
    6.750000   2.44519674 -4.0098831650072423e-06
    6.750000   2.50996278 -4.1730648978282042e-06
    6.750000   2.57472706 -4.3379351035206351e-06
    6.750000   2.63948889 -4.5009301412384960e-06
    6.750000   2.70424717 -4.6580722151909357e-06
    6.750000   2.76900006 -4.8051017732186204e-06
    6.750000   2.83374417 -4.9376590252299594e-06
    6.750000   2.89847256 -5.0515056389544454e-06
    6.750000   2.96316844 -5.1427706196620303e-06
    6.750000   3.02777863 -5.2081990125693745e-06
    6.750000   3.09200950 -5.2453876505096264e-06
    6.800000   0.04958315 -4.9296736447215688e-06
    6.800000   0.11381403 -4.8950233943620131e-06
    6.800000   0.17842421 -4.8340452098859090e-06
    6.800000   0.24312010 -4.7489536838287324e-06
    6.800000   0.30784849 -4.6427511235179222e-06
    6.800000   0.37259260 -4.5190123242780187e-06
    6.800000   0.43734549 -4.3816573350391997e-06
    6.800000   0.50210377 -4.2347262627411319e-06
    6.800000   0.56686560 -4.0821755314940361e-06
    6.800000   0.63162987 -3.9277102433862992e-06
    6.800000   0.69639591 -3.7746609580213309e-06
    6.800000   0.76116325 -3.6259069716414469e-06
    6.800000   0.82593158 -3.4838430070072288e-06
    6.800000   0.89070068 -3.3503826396303504e-06
    6.800000   0.95547037 -3.2269898904236619e-06
    6.800000   1.02024053 -3.1147300039956026e-06
    6.800000   1.08501108 -3.0143311226938209e-06
    6.800000   1.14978193 -2.9262499249059355e-06
    6.800000   1.21455301 -2.8507359298493194e-06
    6.800000   1.27932429 -2.7878907812865084e-06
    6.800000   1.34409571 -2.7377202182831529e-06
    6.800000   1.40886724 -2.7001775283875623e-06
    6.800000   1.47363885 -2.6751980373334678e-06
    6.800000   1.53841049 -2.6627246471892912e-06
    6.800000   1.60318216 -2.6627246451870548e-06
    6.800000   1.66795381 -2.6751980313386632e-06
    6.800000   1.73272541 -2.7001775184380765e-06
    6.800000   1.79749694 -2.7377202044413864e-06
    6.800000   1.86226837 -2.7878907636397547e-06
    6.800000   1.92703964 -2.8507359085071575e-06
    6.800000   1.99181073 -2.9262499000003678e-06
    6.800000   2.05658157 -3.0143310943782506e-06
    6.800000   2.12135212 -3.1147299724426593e-06
    6.800000   2.18612229 -3.2269898558237445e-06
    6.800000   2.25089198 -3.3503826021891542e-06
    6.800000   2.31566107 -3.4838429669431430e-06
    6.800000   2.38042940 -3.6259069291833283e-06
    6.800000   2.44519674 -3.7746609134052841e-06
    6.800000   2.50996278 -3.9277101968519498e-06
    6.800000   2.57472706 -4.0821754832805887e-06
    6.800000   2.63948889 -4.2347262130838355e-06
    6.800000   2.70424717 -4.3816572841645365e-06
    6.800000   2.76900006 -4.5190122724005753e-06
    6.800000   2.83374417 -4.6427510708372069e-06
    6.800000   2.89847256 -4.7489536305276341e-06
    6.800000   2.96316844 -4.8340451561305766e-06
    6.800000   3.02777863 -4.8950233403032201e-06
    6.800000   3.09200950 -4.9296735904985379e-06
    6.850000   0.04958315 -4.6336785903721395e-06
    6.850000   0.11381403 -4.6013679262141897e-06
    6.850000   0.17842421 -4.5444926954285408e-06
    6.850000   0.24312010 -4.4650956661493632e-06
    6.850000   0.30784849 -4.3659487277787327e-06
    6.850000   0.37259260 -4.2503562086712799e-06
    6.850000   0.43734549 -4.1219470595113809e-06
    6.850000   0.50210377 -3.9844684090597495e-06
    6.850000   0.56686560 -3.8415981551683461e-06
    6.850000   0.63162987 -3.6967900156945482e-06
    6.850000   0.69639591 -3.5531587775952202e-06
    6.850000   0.76116325 -3.4134078472147283e-06
    6.850000   0.82593158 -3.2797965013536708e-06
    6.850000   0.89070068 -3.1541409424363500e-06
    6.850000   0.95547037 -3.0378414794490217e-06
    6.850000   1.02024053 -2.9319277161292111e-06
    6.850000   1.08501108 -2.8371141931847722e-06
    6.850000   1.14978193 -2.7538601159478272e-06
    6.850000   1.21455301 -2.6824282504830537e-06
    6.850000   1.27932429 -2.6229395183671476e-06
    6.850000   1.34409571 -2.5754210871144700e-06
    6.850000   1.40886724 -2.5398467503658447e-06
    6.850000   1.47363885 -2.5161690972396156e-06
    6.850000   1.53841049 -2.5043434053934008e-06
    6.850000   1.60318216 -2.5043434034330421e-06
    6.850000   1.66795381 -2.5161690913698107e-06
    6.850000   1.73272541 -2.5398467406218178e-06
    6.850000   1.79749694 -2.5754210735538935e-06
    6.850000   1.86226837 -2.6229395010704451e-06
    6.850000   1.92703964 -2.6824282295528628e-06
    6.850000   1.99181073 -2.7538600915078312e-06
    6.850000   2.05658157 -2.8371141653777025e-06
    6.850000   2.12135212 -2.9319276851175048e-06
    6.850000   2.18612229 -3.0378414454122355e-06
    6.850000   2.25089198 -3.1541409055692337e-06
    6.850000   2.31566107 -3.2797964618641914e-06
    6.850000   2.38042940 -3.4134078053220191e-06
    6.850000   2.44519674 -3.5531587335259391e-06
    6.850000   2.50996278 -3.6967899696804849e-06
    6.850000   2.57472706 -3.8415981074423704e-06
    6.850000   2.63948889 -3.9844683598522911e-06
    6.850000   2.70424717 -4.1219470090455425e-06
    6.850000   2.76900006 -4.2503561571608584e-06
    6.850000   2.83374417 -4.3659486754255659e-06
    6.850000   2.89847256 -4.4650956131395435e-06
    6.850000   2.96316844 -4.5444926419343063e-06
    6.850000   3.02777863 -4.6013678723948012e-06
    6.850000   3.09200950 -4.6336785363753451e-06
    6.900000   0.04958315 -4.3560548289928968e-06
    6.900000   0.11381403 -4.3259027720059358e-06
    6.900000   0.17842421 -4.2728142833653205e-06
    6.900000   0.24312010 -4.1986754199654007e-06
    6.900000   0.30784849 -4.1060477249013930e-06
    6.900000   0.37259260 -3.9979883168801596e-06
    6.900000   0.43734549 -3.8778596507667500e-06
    6.900000   0.50210377 -3.7491400862617007e-06
    6.900000   0.56686560 -3.6152513468149294e-06
    6.900000   0.63162987 -3.4794151831399512e-06
    6.900000   0.69639591 -3.3445464438356504e-06
    6.900000   0.76116325 -3.2131846595648765e-06
    6.900000   0.82593158 -3.0874619647754495e-06
    6.900000   0.89070068 -2.9691021488290897e-06
    6.900000   0.95547037 -2.8594439543447489e-06
    6.900000   1.02024053 -2.7594812792582832e-06
    6.900000   1.08501108 -2.6699133959258354e-06
    6.900000   1.14978193 -2.5911993321147412e-06
    6.900000   1.21455301 -2.5236118482615422e-06
    6.900000   1.27932429 -2.4672877463810182e-06
    6.900000   1.34409571 -2.4222723962257731e-06
    6.900000   1.40886724 -2.3885572792160154e-06
    6.900000   1.47363885 -2.3661100063920820e-06
    6.900000   1.53841049 -2.3548966799068932e-06
    6.900000   1.60318216 -2.3548966779924005e-06
    6.900000   1.66795381 -2.3661100006596434e-06
    6.900000   1.73272541 -2.3885572696980329e-06
    6.900000   1.79749694 -2.4222723829756266e-06
    6.900000   1.86226837 -2.4672877294733694e-06
    6.900000   1.92703964 -2.5236118277916934e-06
    6.900000   1.99181073 -2.5911993081974132e-06
    6.900000   2.05658157 -2.6699133686954313e-06
    6.900000   2.12135212 -2.7594812488667207e-06
    6.900000   2.18612229 -2.8594439209609747e-06
    6.900000   2.25089198 -2.9691021126376033e-06
    6.900000   2.31566107 -3.0874619259740171e-06
    6.900000   2.38042940 -3.2131846183622039e-06
    6.900000   2.44519674 -3.3445464004497233e-06
    6.900000   2.50996278 -3.4794151377943516e-06
    6.900000   2.57472706 -3.6152512997355795e-06
    6.900000   2.63948889 -3.7491400376734387e-06
    6.900000   2.70424717 -3.8778596008895258e-06
    6.900000   2.76900006 -3.9979882659263438e-06
    6.900000   2.83374417 -4.1060476730723753e-06
    6.900000   2.89847256 -4.1986753674509276e-06
    6.900000   2.96316844 -4.2728142303416399e-06
    6.900000   3.02777863 -4.3259027186387004e-06
    6.900000   3.09200950 -4.3560547754377632e-06
    6.950000   0.04958315 -4.0955598727571487e-06
    6.950000   0.11381403 -4.0674015125885606e-06
    6.950000   0.17842421 -4.0178115481419270e-06
    6.950000   0.24312010 -3.9485329697992290e-06
    6.950000   0.30784849 -3.8619351093837123e-06
    6.950000   0.37259260 -3.7608489105478086e-06
    6.950000   0.43734549 -3.6483926133883721e-06
    6.950000   0.50210377 -3.5277977717605382e-06
    6.950000   0.56686560 -3.4022502589595251e-06
    6.950000   0.63162987 -3.2747575669029045e-06
    6.950000   0.69639591 -3.1480491052482449e-06
    6.950000   0.76116325 -3.0245115948279022e-06
    6.950000   0.82593158 -2.9061577476481267e-06
    6.950000   0.89070068 -2.7946236348418189e-06
    6.950000   0.95547037 -2.6911885714419203e-06
    6.950000   1.02024053 -2.5968108713687876e-06
    6.950000   1.08501108 -2.5121731893658466e-06
    6.950000   1.14978193 -2.4377320633102194e-06
    6.950000   1.21455301 -2.3737674156123706e-06
    6.950000   1.27932429 -2.3204289422954193e-06
    6.950000   1.34409571 -2.2777773632016520e-06
    6.950000   1.40886724 -2.2458193466148763e-06
    6.950000   1.47363885 -2.2245355314134396e-06
    6.950000   1.53841049 -2.2139014620508581e-06
    6.950000   1.60318216 -2.2139014601859799e-06
    6.950000   1.66795381 -2.2245355258286583e-06
    6.950000   1.73272541 -2.2458193373397359e-06
    6.950000   1.79749694 -2.2777773502862953e-06
    6.950000   1.86226837 -2.3204289258080962e-06
    6.950000   1.92703964 -2.3737673956417550e-06
    6.950000   1.99181073 -2.4377320399637099e-06
    6.950000   2.05658157 -2.5121731627680223e-06
    6.950000   2.12135212 -2.5968108416627848e-06
    6.950000   2.18612229 -2.6911885387866385e-06
    6.950000   2.25089198 -2.7946235994108009e-06
    6.950000   2.31566107 -2.9061577096297385e-06
    6.950000   2.38042940 -3.0245115544210404e-06
    6.950000   2.44519674 -3.1480490626619157e-06
    6.950000   2.50996278 -3.2747575223519293e-06
    6.950000   2.57472706 -3.4022502126627713e-06
    6.950000   2.63948889 -3.5277977239374412e-06
    6.950000   2.70424717 -3.6483925642545374e-06
    6.950000   2.76900006 -3.7608488603133080e-06
    6.950000   2.83374417 -3.8619350582498325e-06
    6.950000   2.89847256 -3.9485329179565444e-06
    6.950000   2.96316844 -4.0178114957709666e-06
    6.950000   3.02777863 -4.0674014598588631e-06
    6.950000   3.09200950 -4.0955598198309167e-06
    7.000000   0.04958315 -3.8510471102014474e-06
    7.000000   0.11381403 -3.8247320302324889e-06
    7.000000   0.17842421 -3.7783776265927334e-06
    7.000000   0.24312010 -3.7135961505496301e-06
    7.000000   0.30784849 -3.6325811194965167e-06
    7.000000   0.37259260 -3.5379563402036782e-06
    7.000000   0.43734549 -3.4326160321168991e-06
    7.000000   0.50210377 -3.3195648849609157e-06
    7.000000   0.56686560 -3.2017714182792120e-06
    7.000000   0.63162987 -3.0820450299982784e-06
    7.000000   0.69639591 -2.9629429809685772e-06
    7.000000   0.76116325 -2.8467093851183951e-06
    7.000000   0.82593158 -2.7352447165033596e-06
    7.000000   0.89070068 -2.6301017741536275e-06
    7.000000   0.95547037 -2.5325025688411743e-06
    7.000000   1.02024053 -2.4433701120585471e-06
    7.000000   1.08501108 -2.3633693704956440e-06
    7.000000   1.14978193 -2.2929524273082952e-06
    7.000000   1.21455301 -2.2324039084184082e-06
    7.000000   1.27932429 -2.1818837843259479e-06
    7.000000   1.34409571 -2.1414656074680624e-06
    7.000000   1.40886724 -2.1111690164624030e-06
    7.000000   1.47363885 -2.0909859058377346e-06
    7.000000   1.53841049 -2.0809000317630408e-06
    7.000000   1.60318216 -2.0809000299502001e-06
    7.000000   1.66795381 -2.0909859004082716e-06
    7.000000   1.73272541 -2.1111690074435350e-06
    7.000000   1.79749694 -2.1414655949058717e-06
    7.000000   1.86226837 -2.1818837682843649e-06
    7.000000   1.92703964 -2.2324038889793129e-06
    7.000000   1.99181073 -2.2929524045708990e-06
    7.000000   2.05658157 -2.3633693445769627e-06
    7.000000   2.12135212 -2.4433700830917360e-06
    7.000000   2.18612229 -2.5325025369758880e-06
    7.000000   2.25089198 -2.6301017395541248e-06
    7.000000   2.31566107 -2.7352446793475766e-06
    7.000000   2.38042940 -2.8467093455957091e-06
    7.000000   2.44519674 -2.9629429392786362e-06
    7.000000   2.50996278 -3.0820449863483569e-06
    7.000000   2.57472706 -3.2017713728808896e-06
    7.000000   2.63948889 -3.3195648380271200e-06
    7.000000   2.70424717 -3.4326159838587089e-06
    7.000000   2.76900006 -3.5379562908279915e-06
    7.000000   2.83374417 -3.6325810692038063e-06
    7.000000   2.89847256 -3.7135960995309150e-06
    7.000000   2.96316844 -3.7783775750302621e-06
    7.000000   3.02777863 -3.8247319783001958e-06
    7.000000   3.09200950 -3.8510470580658622e-06
    7.100000   0.04958315 -3.4058111627906702e-06
    7.100000   0.11381403 -3.3827824436329763e-06
    7.100000   0.17842421 -3.3421992455510407e-06
    7.100000   0.24312010 -3.2854447169930588e-06
    7.100000   0.30784849 -3.2144038543985458e-06
    7.100000   0.37259260 -3.1313363128005376e-06
    7.100000   0.43734549 -3.0387415344773318e-06
    7.100000   0.50210377 -2.9392232063457672e-06
    7.100000   0.56686560 -2.8353641972544047e-06
    7.100000   0.63162987 -2.7296207651778353e-06
    7.100000   0.69639591 -2.6242414609487060e-06
    7.100000   0.76116325 -2.5212127198748501e-06
    7.100000   0.82593158 -2.4222301665803732e-06
    7.100000   0.89070068 -2.3286924740776203e-06
    7.100000   0.95547037 -2.2417133163179856e-06
    7.100000   1.02024053 -2.1621464667566497e-06
    7.100000   1.08501108 -2.0906192506816753e-06
    7.100000   1.14978193 -2.0275701409083022e-06
    7.100000   1.21455301 -1.9732870876134319e-06
    7.100000   1.27932429 -1.9279440250080406e-06
    7.100000   1.34409571 -1.8916337829176363e-06
    7.100000   1.40886724 -1.8643962827724830e-06
    7.100000   1.47363885 -1.8462413887481141e-06
    7.100000   1.53841049 -1.8371661186808812e-06
    7.100000   1.60318216 -1.8371661169775504e-06
    7.100000   1.66795381 -1.8462413836464889e-06
    7.100000   1.73272541 -1.8643962742950965e-06
    7.100000   1.79749694 -1.8916337711037929e-06
    7.100000   1.86226837 -1.9279440099119890e-06
    7.100000   1.92703964 -1.9732870693053264e-06
    7.100000   1.99181073 -2.0275701194741000e-06
    7.100000   2.05658157 -2.0906192262217206e-06
    7.100000   2.12135212 -2.1621464393883773e-06
    7.100000   2.18612229 -2.2417132861723862e-06
    7.100000   2.25089198 -2.3286924413011700e-06
    7.100000   2.31566107 -2.4222301313314931e-06
    7.100000   2.38042940 -2.5212126823253752e-06
    7.100000   2.44519674 -2.6242414212800799e-06
    7.100000   2.50996278 -2.7296207235809545e-06
    7.100000   2.57472706 -2.8353641539258564e-06
    7.100000   2.63948889 -2.9392231614857567e-06
    7.100000   2.70424717 -3.0387414882868799e-06
    7.100000   2.76900006 -3.1313362654791447e-06
    7.100000   2.83374417 -3.2144038061413894e-06
    7.100000   2.89847256 -3.2854446679904465e-06
    7.100000   2.96316844 -3.3421991959861485e-06
    7.100000   3.02777863 -3.3827823936834053e-06
    7.100000   3.09200950 -3.4058111126294303e-06
    7.200000   0.04958315 -3.0127898105695706e-06
    7.200000   0.11381403 -2.9925870130136323e-06
    7.200000   0.17842421 -2.9569693477156400e-06
    7.200000   0.24312010 -2.9071274861615407e-06
    7.200000   0.30784849 -2.8446867369213264e-06
    7.200000   0.37259260 -2.7715994843358559e-06
    7.200000   0.43734549 -2.6900309850842308e-06
    7.200000   0.50210377 -2.6022440883310434e-06
    7.200000   0.56686560 -2.5104922151900460e-06
    7.200000   0.63162987 -2.4169280599537023e-06
    7.200000   0.69639591 -2.3235327345041623e-06
    7.200000   0.76116325 -2.2320672427805470e-06
    7.200000   0.82593158 -2.1440456920282213e-06
    7.200000   0.89070068 -2.0607277866664758e-06
    7.200000   0.95547037 -1.9831270036750500e-06
    7.200000   1.02024053 -1.9120303722678514e-06
    7.200000   1.08501108 -1.8480258431104577e-06
    7.200000   1.14978193 -1.7915336628471594e-06
    7.200000   1.21455301 -1.7428388001086855e-06
    7.200000   1.27932429 -1.7021221596887405e-06
    7.200000   1.34409571 -1.6694889723907982e-06
    7.200000   1.40886724 -1.6449932993327739e-06
    7.200000   1.47363885 -1.6286580153200862e-06
    7.200000   1.53841049 -1.6204899350731244e-06
    7.200000   1.60318216 -1.6204899334837475e-06
    7.200000   1.66795381 -1.6286580105581825e-06
    7.200000   1.73272541 -1.6449932914183039e-06
    7.200000   1.79749694 -1.6694889613561349e-06
    7.200000   1.86226837 -1.7021221455803660e-06
    7.200000   1.92703964 -1.7428387829865631e-06
    7.200000   1.99181073 -1.7915336427846180e-06
    7.200000   2.05658157 -1.8480258201942043e-06
    7.200000   2.12135212 -1.9120303466001765e-06
    7.200000   2.18612229 -1.9831269753706987e-06
    7.200000   2.25089198 -2.0607277558546702e-06
    7.200000   2.31566107 -2.1440456588507730e-06
    7.200000   2.38042940 -2.2320672073914998e-06
    7.200000   2.44519674 -2.3235326970688212e-06
    7.200000   2.50996278 -2.4169280206461664e-06
    7.200000   2.57472706 -2.5104921741922542e-06
    7.200000   2.63948889 -2.6022440458293696e-06
    7.200000   2.70424717 -2.6900309412690625e-06
    7.200000   2.76900006 -2.7715994393972051e-06
    7.200000   2.83374417 -2.8446866910479634e-06
    7.200000   2.89847256 -2.9071274395389842e-06
    7.200000   2.96316844 -2.9569693005253898e-06
    7.200000   3.02777863 -2.9925869654339100e-06
    7.200000   3.09200950 -3.0127897627743610e-06
    7.300000   0.04958315 -2.6654961178809752e-06
    7.300000   0.11381403 -2.6477325276617754e-06
    7.300000   0.17842421 -2.6164033056849245e-06
    7.300000   0.24312010 -2.5725367573599739e-06
    7.300000   0.30784849 -2.5175387183371201e-06
    7.300000   0.37259260 -2.4531012511071995e-06
    7.300000   0.43734549 -2.3811055886875522e-06
    7.300000   0.50210377 -2.3035237452834457e-06
    7.300000   0.56686560 -2.2223266378782481e-06
    7.300000   0.63162987 -2.1394050741632099e-06
    7.300000   0.69639591 -2.0565077209867864e-06
    7.300000   0.76116325 -1.9751978206578959e-06
    7.300000   0.82593158 -1.8968283419069518e-06
    7.300000   0.89070068 -1.8225336630239483e-06
    7.300000   0.95547037 -1.7532348744381042e-06
    7.300000   1.02024053 -1.6896553313139406e-06
    7.300000   1.08501108 -1.6323430830882438e-06
    7.300000   1.14978193 -1.5816971210044508e-06
    7.300000   1.21455301 -1.5379948799670468e-06
    7.300000   1.27932429 -1.5014189914149478e-06
    7.300000   1.34409571 -1.4720818242694439e-06
    7.300000   1.40886724 -1.4500468184759966e-06
    7.300000   1.47363885 -1.4353459851876876e-06
    7.300000   1.53841049 -1.4279932152795797e-06
    7.300000   1.60318216 -1.4279932138049591e-06
    7.300000   1.66795381 -1.4353459807687520e-06
    7.300000   1.73272541 -1.4500468111297396e-06
    7.300000   1.79749694 -1.4720818140230879e-06
    7.300000   1.86226837 -1.5014189783076286e-06
    7.300000   1.92703964 -1.5379948640498516e-06
    7.300000   1.99181073 -1.5816971023396199e-06
    7.300000   2.05658157 -1.6323430617510803e-06
    7.300000   2.12135212 -1.6896553073925298e-06
    7.300000   2.18612229 -1.7532348480331609e-06
    7.300000   2.25089198 -1.8225336342489889e-06
    7.300000   2.31566107 -1.8968283108882011e-06
    7.300000   2.38042940 -1.9751977875334019e-06
    7.300000   2.44519674 -2.0565076859053596e-06
    7.300000   2.50996278 -2.1394050372840383e-06
    7.300000   2.57472706 -2.2223265993685058e-06
    7.300000   2.63948889 -2.3035237053168483e-06
    7.300000   2.70424717 -2.3811055474410351e-06
    7.300000   2.76900006 -2.4531012087612759e-06
    7.300000   2.83374417 -2.5175386750724156e-06
    7.300000   2.89847256 -2.5725367133554896e-06
    7.300000   2.96316844 -2.6164032611182965e-06
    7.300000   3.02777863 -2.6477324827074156e-06
    7.300000   3.09200950 -2.6654960727125020e-06
    7.400000   0.04958315 -2.3583399477819161e-06
    7.400000   0.11381403 -2.3426893185757969e-06
    7.400000   0.17842421 -2.3150769635159617e-06
    7.400000   0.24312010 -2.2763936679711063e-06
    7.400000   0.30784849 -2.2278590363603735e-06
    7.400000   0.37259260 -2.1709437078850411e-06
    7.400000   0.43734549 -2.1072865811181523e-06
    7.400000   0.50210377 -2.0386105580492353e-06
    7.400000   0.56686560 -1.9666434215433549e-06
    7.400000   0.63162987 -1.8930492754272473e-06
    7.400000   0.69639591 -1.8193741376415627e-06
    7.400000   0.76116325 -1.7470073271450897e-06
    7.400000   0.82593158 -1.6771585343242416e-06
    7.400000   0.89070068 -1.6108491040625605e-06
    7.400000   0.95547037 -1.5489151707830208e-06
    7.400000   1.02024053 -1.4920198530863205e-06
    7.400000   1.08501108 -1.4406716658763444e-06
    7.400000   1.14978193 -1.3952465328278165e-06
    7.400000   1.21455301 -1.3560111704390077e-06
    7.400000   1.27932429 -1.3231460702197921e-06
    7.400000   1.34409571 -1.2967667551189448e-06
    7.400000   1.40886724 -1.2769423834776492e-06
    7.400000   1.47363885 -1.2637110948274769e-06
    7.400000   1.53841049 -1.2570917309680569e-06
    7.400000   1.60318216 -1.2570917296068421e-06
    7.400000   1.66795381 -1.2637110907477408e-06
    7.400000   1.73272541 -1.2769423766934578e-06
    7.400000   1.79749694 -1.2967667456532561e-06
    7.400000   1.86226837 -1.3231460581056397e-06
    7.400000   1.92703964 -1.3560111557192878e-06
    7.400000   1.99181073 -1.3952465155553528e-06
    7.400000   2.05658157 -1.4406716461162931e-06
    7.400000   2.12135212 -1.4920198309143213e-06
    7.400000   2.18612229 -1.5489151462870446e-06
    7.400000   2.25089198 -1.6108490773421849e-06
    7.400000   2.31566107 -1.6771585054915745e-06
    7.400000   2.38042940 -1.7470072963226962e-06
    7.400000   2.44519674 -1.8193741049644772e-06
    7.400000   2.50996278 -1.8930492410393609e-06
    7.400000   2.57472706 -1.9666433855981172e-06
    7.400000   2.63948889 -2.0386105207062551e-06
    7.400000   2.70424717 -2.1072865425433202e-06
    7.400000   2.76900006 -2.1709436682476342e-06
    7.400000   2.83374417 -2.2278589958311362e-06
    7.400000   2.89847256 -2.2763936267214454e-06
    7.400000   2.96316844 -2.3150769217170880e-06
    7.400000   3.02777863 -2.3426892763976351e-06
    7.400000   3.09200950 -2.3583399053935639e-06
    7.500000   0.04958315 -2.0864858085365365e-06
    7.500000   0.11381403 -2.0726716693229052e-06
    7.500000   0.17842421 -2.0482915049499437e-06
    7.500000   0.24312010 -2.0141191624150578e-06
    7.500000   0.30784849 -1.9712156008331227e-06
    7.500000   0.37259260 -1.9208623935326888e-06
    7.500000   0.43734549 -1.8644908927916189e-06
    7.500000   0.50210377 -1.8036098456902239e-06
    7.500000   0.56686560 -1.7397370572921380e-06
    7.500000   0.63162987 -1.6743397529063062e-06
    7.500000   0.69639591 -1.6087867773653070e-06
    7.500000   0.76116325 -1.5443141437937825e-06
    7.500000   0.82593158 -1.4820039661353992e-06
    7.500000   0.89070068 -1.4227756420729320e-06
    7.500000   0.95547037 -1.3673873691613706e-06
    7.500000   1.02024053 -1.3164456733830171e-06
    7.500000   1.08501108 -1.2704205485996141e-06
    7.500000   1.14978193 -1.2296639623145344e-06
    7.500000   1.21455301 -1.1944297870627913e-06
    7.500000   1.27932429 -1.1648935871119551e-06
    7.500000   1.34409571 -1.1411710649693884e-06
    7.500000   1.40886724 -1.1233343103067524e-06
    7.500000   1.47363885 -1.1114252731256458e-06
    7.500000   1.53841049 -1.1054660964170406e-06
    7.500000   1.60318216 -1.1054660951657635e-06
    7.500000   1.66795381 -1.1114252693757025e-06
    7.500000   1.73272541 -1.1233343040696628e-06
    7.500000   1.79749694 -1.1411710562640653e-06
    7.500000   1.86226837 -1.1648935759659711e-06
    7.500000   1.92703964 -1.1944297735124179e-06
    7.500000   1.99181073 -1.2296639464047824e-06
    7.500000   2.05658157 -1.2704205303861546e-06
    7.500000   2.12135212 -1.3164456529310377e-06
    7.500000   2.18612229 -1.3673873465471251e-06
    7.500000   2.25089198 -1.4227756173838708e-06
    7.500000   2.31566107 -1.4820039394702957e-06
    7.500000   2.38042940 -1.5443141152620102e-06
    7.500000   2.44519674 -1.6087867470877685e-06
    7.500000   2.50996278 -1.6743397210136059e-06
    7.500000   2.57472706 -1.7397370239237460e-06
    7.500000   2.63948889 -1.8036098109934225e-06
    7.500000   2.70424717 -1.8644908569199860e-06
    7.500000   2.76900006 -1.9208623566437670e-06
    7.500000   2.83374417 -1.9712155630883791e-06
    7.500000   2.89847256 -2.0141191239769593e-06
    7.500000   2.96316844 -2.0482914659814865e-06
    7.500000   3.02777863 -2.0726716299877522e-06
    7.500000   3.09200950 -2.0864857689978665e-06
    7.600000   0.04958315 -1.8457360805732041e-06
    7.600000   0.11381403 -1.8335230978231711e-06
    7.600000   0.17842421 -1.8119623073491814e-06
    7.600000   0.24312010 -1.7817277361207632e-06
    7.600000   0.30784849 -1.7437446839728704e-06
    7.600000   0.37259260 -1.6991326855663544e-06
    7.600000   0.43734549 -1.6491446971463847e-06
    7.600000   0.50210377 -1.5951047226385656e-06
    7.600000   0.56686560 -1.5383486301817205e-06
    7.600000   0.63162987 -1.4801721560133213e-06
    7.600000   0.69639591 -1.4217888420283356e-06
    7.600000   0.76116325 -1.3642992935299839e-06
    7.600000   0.82593158 -1.3086718918433179e-06
    7.600000   0.89070068 -1.2557340921228565e-06
    7.600000   0.95547037 -1.2061727460901785e-06
    7.600000   1.02024053 -1.1605415153327790e-06
    7.600000   1.08501108 -1.1192733402398400e-06
    7.600000   1.14978193 -1.0826960350162998e-06
    7.600000   1.21455301 -1.0510493163362794e-06
    7.600000   1.27932429 -1.0245018748564085e-06
    7.600000   1.34409571 -1.0031674119404842e-06
    7.600000   1.40886724 -9.8711885234605640e-07
    7.600000   1.47363885 -9.7640018675833687e-07
    7.600000   1.53841049 -9.7103558836588396e-07
    7.600000   1.60318216 -9.7103558722031128e-07
    7.600000   1.66795381 -9.7640018332528628e-07
    7.600000   1.73272541 -9.8711884663456935e-07
    7.600000   1.79749694 -1.0031674039662054e-06
    7.600000   1.86226837 -1.0245018646429159e-06
    7.600000   1.92703964 -1.0510493039134854e-06
    7.600000   1.99181073 -1.0826960204223370e-06
    7.600000   2.05658157 -1.1192733235223281e-06
    7.600000   2.12135212 -1.1605414965471154e-06
    7.600000   2.18612229 -1.2061727253030750e-06
    7.600000   2.25089198 -1.2557340694103978e-06
    7.600000   2.31566107 -1.3086718672930181e-06
    7.600000   2.38042940 -1.3642992672384169e-06
    7.600000   2.44519674 -1.4217888141042314e-06
    7.600000   2.50996278 -1.4801721265743090e-06
    7.600000   2.57472706 -1.5383485993546317e-06
    7.600000   2.63948889 -1.5951046905583654e-06
    7.600000   2.70424717 -1.6491446639541997e-06
    7.600000   2.76900006 -1.6991326514092879e-06
    7.600000   2.83374417 -1.7437446490010202e-06
    7.600000   2.89847256 -1.7817277004876186e-06
    7.600000   2.96316844 -1.8119622712096847e-06
    7.600000   3.02777863 -1.8335230613329346e-06
    7.600000   3.09200950 -1.8457360438879514e-06
    7.700000   0.04958315 -1.6324348017753519e-06
    7.700000   0.11381403 -1.6216217867268641e-06
    7.700000   0.17842421 -1.6025272323307149e-06
    7.700000   0.24312010 -1.5757396425300595e-06
    7.700000   0.30784849 -1.5420678910432543e-06
    7.700000   0.37259260 -1.5024921436046354e-06
    7.700000   0.43734549 -1.4581114892913411e-06
    7.700000   0.50210377 -1.4100900389894996e-06
    7.700000   0.56686560 -1.3596055377531245e-06
    7.700000   0.63162987 -1.3078039346189844e-06
    7.700000   0.69639591 -1.2557623166523831e-06
    7.700000   0.76116325 -1.2044614725913909e-06
    7.700000   0.82593158 -1.1547682880696889e-06
    7.700000   0.89070068 -1.1074273085772823e-06
    7.700000   0.95547037 -1.0630601976948889e-06
    7.700000   1.02024053 -1.0221714737028649e-06
    7.700000   1.08501108 -9.8515879557561250e-07
    7.700000   1.14978193 -9.5232613587970757e-07
    7.700000   1.21455301 -9.2389836249720638e-07
    7.700000   1.27932429 -9.0003599705478544e-07
    7.700000   1.34409571 -8.8084918011775896e-07
    7.700000   1.40886724 -8.6641011966735433e-07
    7.700000   1.47363885 -8.5676351131125378e-07
    7.700000   1.53841049 -8.5193458829450822e-07
    7.700000   1.60318216 -8.5193458724956920e-07
    7.700000   1.66795381 -8.5676350817911271e-07
    7.700000   1.73272541 -8.6641011445550862e-07
    7.700000   1.79749694 -8.8084917283929050e-07
    7.700000   1.86226837 -9.0003598772883549e-07
    7.700000   1.92703964 -9.2389835114920793e-07
    7.700000   1.99181073 -9.5232612254184874e-07
    7.700000   2.05658157 -9.8515878028761119e-07
    7.700000   2.12135212 -1.0221714565131136e-06
    7.700000   2.18612229 -1.0630601786602262e-06
    7.700000   2.25089198 -1.1074272877647096e-06
    7.700000   2.31566107 -1.1547682655558299e-06
    7.700000   2.38042940 -1.2044614484621839e-06
    7.700000   2.44519674 -1.2557622910045895e-06
    7.700000   2.50996278 -1.3078039075587161e-06
    7.700000   2.57472706 -1.3596055093952800e-06
    7.700000   2.63948889 -1.4100900094571563e-06
    7.700000   2.70424717 -1.4581114587141690e-06
    7.700000   2.76900006 -1.5024921121182547e-06
    7.700000   2.83374417 -1.5420678587880713e-06
    7.700000   2.89847256 -1.5757396096489575e-06
    7.700000   2.96316844 -1.6025271989695955e-06
    7.700000   3.02777863 -1.6216217530327021e-06
    7.700000   3.09200950 -1.6324347678959828e-06
    7.800000   0.04958315 -1.4433880995289057e-06
    7.800000   0.11381403 -1.4338023322159783e-06
    7.800000   0.17842421 -1.4168706643513603e-06
    7.800000   0.24312010 -1.3931080677553075e-06
    7.800000   0.30784849 -1.3632231508593522e-06
    7.800000   0.37259260 -1.3280758053859506e-06
    7.800000   0.43734549 -1.2886319801081877e-06
    7.800000   0.50210377 -1.2459169764075230e-06
    7.800000   0.56686560 -1.2009707232437812e-06
    7.800000   0.63162987 -1.1548080059400400e-06
    7.800000   0.69639591 -1.1083857606711689e-06
    7.800000   0.76116325 -1.0625785852439859e-06
    7.800000   0.82593158 -1.0181627108101854e-06
    7.800000   0.89070068 -9.7580793112873812e-07
    7.800000   0.95547037 -9.3607644944806755e-07
    7.800000   1.02024053 -8.9942728763564074e-07
    7.800000   1.08501108 -8.6622478462668503e-07
    7.800000   1.14978193 -8.3674974874621063e-07
    7.800000   1.21455301 -8.1121197124980799e-07
    7.800000   1.27932429 -7.8976300923033304e-07
    7.800000   1.34409571 -7.7250836598829610e-07
    7.800000   1.40886724 -7.5951840798967388e-07
    7.800000   1.47363885 -7.5083754247952261e-07
    7.800000   1.53841049 -7.4649133088785471e-07
    7.800000   1.60318216 -7.4649132993775924e-07
    7.800000   1.66795381 -7.5083753963089056e-07
    7.800000   1.73272541 -7.5951840324913552e-07
    7.800000   1.79749694 -7.7250835936630581e-07
    7.800000   1.86226837 -7.8976300074272463e-07
    7.800000   1.92703964 -8.1121196091763879e-07
    7.800000   1.99181073 -8.3674973659684119e-07
    7.800000   2.05658157 -8.6622477069349671e-07
    7.800000   2.12135212 -8.9942727195988225e-07
    7.800000   2.18612229 -9.3607643207896896e-07
    7.800000   2.25089198 -9.7580791212416904e-07
    7.800000   2.31566107 -1.0181626902373772e-06
    7.800000   2.38042940 -1.0625785631799382e-06
    7.800000   2.44519674 -1.1083857372013385e-06
    7.800000   2.50996278 -1.1548079811597214e-06
    7.800000   2.57472706 -1.2009706972570977e-06
    7.800000   2.63948889 -1.2459169493258682e-06
    7.800000   2.70424717 -1.2886319520508217e-06
    7.800000   2.76900006 -1.3280757764775089e-06
    7.800000   2.83374417 -1.3632231212299699e-06
    7.800000   2.89847256 -1.3931080375375905e-06
    7.800000   2.96316844 -1.4168706336818537e-06
    7.800000   3.02777863 -1.4338023012331174e-06
    7.800000   3.09200950 -1.4433880683709197e-06
    7.900000   0.04958315 -1.2757981111189973e-06
    7.900000   0.11381403 -1.2672907187570549e-06
    7.900000   0.17842421 -1.2522603193040385e-06
    7.900000   0.24312010 -1.2311584515450006e-06
    7.900000   0.30784849 -1.2046070949196558e-06
    7.900000   0.37259260 -1.1733620181817179e-06
    7.900000   0.43734549 -1.1382736165797074e-06
    7.900000   0.50210377 -1.1002463429071135e-06
    7.900000   0.56686560 -1.0601996954804454e-06
    7.900000   0.63162987 -1.0190333383914636e-06
    7.900000   0.69639591 -9.7759820937943321e-07
    7.900000   0.76116325 -9.3667465842502095e-07
    7.900000   0.82593158 -8.9695788615058749e-07
    7.900000   0.89070068 -8.5905030356086042e-07
    7.900000   0.95547037 -8.2345996141840183e-07
    7.900000   1.02024053 -7.9060390997344159e-07
    7.900000   1.08501108 -7.6081523103278236e-07
    7.900000   1.14978193 -7.3435250043544288e-07
    7.900000   1.21455301 -7.1141054897167217e-07
    7.900000   1.27932429 -6.9213155391709900e-07
    7.900000   1.34409571 -6.7661567824448380e-07
    7.900000   1.40886724 -6.6493065561090516e-07
    7.900000   1.47363885 -6.5711988075702737e-07
    7.900000   1.53841049 -6.5320869947870284e-07
    7.900000   1.60318216 -6.5320869861727849e-07
    7.900000   1.66795381 -6.5711987817410268e-07
    7.900000   1.73272541 -6.6493065131157153e-07
    7.900000   1.79749694 -6.7661567223752869e-07
    7.900000   1.86226837 -6.9213154621499738e-07
    7.900000   1.92703964 -7.1141053959246862e-07
    7.900000   1.99181073 -7.3435248940140408e-07
    7.900000   2.05658157 -7.6081521837279288e-07
    7.900000   2.12135212 -7.9060389572221803e-07
    7.900000   2.18612229 -8.2345994561832294e-07
    7.900000   2.25089198 -8.5905028626237241e-07
    7.900000   2.31566107 -8.9695786741259091e-07
    7.900000   2.38042940 -9.3667463831506648e-07
    7.900000   2.44519674 -9.7759818797435985e-07
    7.900000   2.50996278 -1.0190333157757144e-06
    7.900000   2.57472706 -1.0601996717482534e-06
    7.900000   2.63948889 -1.1002463181596911e-06
    7.900000   2.70424717 -1.1382735909255968e-06
    7.900000   2.76900006 -1.1733619917356417e-06
    7.900000   2.83374417 -1.2046070678006748e-06
    7.900000   2.89847256 -1.2311584238770179e-06
    7.900000   2.96316844 -1.2522602912135329e-06
    7.900000   3.02777863 -1.2672906903727894e-06
    7.900000   3.09200950 -1.2757980825710821e-06
    8.000000   0.04958315 -1.1272078504924017e-06
    8.000000   0.11381403 -1.1196500309210912e-06
    8.000000   0.17842421 -1.1062944264741419e-06
    8.000000   0.24312010 -1.0875376840208996e-06
    8.000000   0.30784849 -1.0639267077476973e-06
    8.000000   0.37259260 -1.0361268605059274e-06
    8.000000   0.43734549 -1.0048879667839109e-06
    8.000000   0.50210377 -9.7100899208365457e-07
    8.000000   0.56686560 -9.3530394510803702e-07
    8.000000   0.63162987 -8.9857123762186779e-07
    8.000000   0.69639591 -8.6156813379129337e-07
    8.000000   0.76116325 -8.2499123231251302e-07
    8.000000   0.82593158 -7.8946326159147257e-07
    8.000000   0.89070068 -7.5552590652093645e-07
    8.000000   0.95547037 -7.2363796786916393e-07
    8.000000   1.02024053 -6.9417789402886394e-07
    8.000000   1.08501108 -6.6744960802524139e-07
    8.000000   1.14978193 -6.4369055320536347e-07
    8.000000   1.21455301 -6.2308096516613566e-07
    8.000000   1.27932429 -6.0575351176060468e-07
    8.000000   1.34409571 -5.9180259879286794e-07
    8.000000   1.40886724 -5.8129279455991711e-07
    8.000000   1.47363885 -5.7426596767323338e-07
    8.000000   1.53841049 -5.7074685230365571e-07
    8.000000   1.60318216 -5.7074685152439588e-07
    8.000000   1.66795381 -5.7426596533723065e-07
    8.000000   1.73272541 -5.8129279067099901e-07
    8.000000   1.79749694 -5.9180259335835018e-07
    8.000000   1.86226837 -6.0575350479080869e-07
    8.000000   1.92703964 -6.2308095667528078e-07
    8.000000   1.99181073 -6.4369054321225499e-07
    8.000000   2.05658157 -6.6744959655382516e-07
    8.000000   2.12135212 -6.9417788110926056e-07
    8.000000   2.18612229 -7.2363795353750146e-07
    8.000000   2.25089198 -7.5552589082087213e-07
    8.000000   2.31566107 -7.8946324457488676e-07
    8.000000   2.38042940 -8.2499121403870638e-07
    8.000000   2.44519674 -8.6156811432807682e-07
    8.000000   2.50996278 -8.9857121704553654e-07
    8.000000   2.57472706 -9.3530392350247234e-07
    8.000000   2.63948889 -9.7100896954100728e-07
    8.000000   2.70424717 -1.0048879434026925e-06
    8.000000   2.76900006 -1.0361268363907489e-06
    8.000000   2.83374417 -1.0639266830086766e-06
    8.000000   2.89847256 -1.0875376587717677e-06
    8.000000   2.96316844 -1.1062944008319826e-06
    8.000000   3.02777863 -1.1196500050050903e-06
    8.000000   3.09200950 -1.1272078244241575e-06
    8.100000   0.04958315 -9.9545497983903049e-07
    8.100000   0.11381403 -9.8873490328208784e-07
    8.100000   0.17842421 -9.7685735879739663e-07
    8.100000   0.24312010 -9.6017135422371537e-07
    8.100000   0.30784849 -9.3915854723054016e-07
    8.100000   0.37259260 -9.1440559105824796e-07
    8.100000   0.43734549 -8.8657455360969053e-07
    8.100000   0.50210377 -8.5637210084631835e-07
    8.100000   0.56686560 -8.2451963868634009e-07
    8.100000   0.63162987 -7.9172635687341884e-07
    8.100000   0.69639591 -7.5866661151162510e-07
    8.100000   0.76116325 -7.2596249761305156e-07
    8.100000   0.82593158 -6.9417189350859676e-07
    8.100000   0.89070068 -6.6378177086164114e-07
    8.100000   0.95547037 -6.3520619544773822e-07
    8.100000   1.02024053 -6.0878820719200818e-07
    8.100000   1.08501108 -5.8480465512208651e-07
    8.100000   1.14978193 -5.6347305228165175e-07
    8.100000   1.21455301 -5.4495957950071102e-07
    8.100000   1.27932429 -5.2938747689239152e-07
    8.100000   1.34409571 -5.1684519342426886e-07
    8.100000   1.40886724 -5.0739379881322930e-07
    8.100000   1.47363885 -5.0107328564492774e-07
    8.100000   1.53841049 -4.9790749613612191e-07
    8.100000   1.60318216 -4.9790749543314979e-07
    8.100000   1.66795381 -5.0107328353756377e-07
    8.100000   1.73272541 -5.0739379530454323e-07
    8.100000   1.79749694 -5.1684518851974703e-07
    8.100000   1.86226837 -5.2938747060044793e-07
    8.100000   1.92703964 -5.4495957183359642e-07
    8.100000   1.99181073 -5.6347304325425349e-07
    8.100000   2.05658157 -5.8480464475452658e-07
    8.100000   2.12135212 -6.0878819550998038e-07
    8.100000   2.18612229 -6.3520618248229850e-07
    8.100000   2.25089198 -6.6378175665045385e-07
    8.100000   2.31566107 -6.9417187809636949e-07
    8.100000   2.38042940 -7.2596248105279818e-07
    8.100000   2.44519674 -7.5866659386339983e-07
    8.100000   2.50996278 -7.9172633820512228e-07
    8.100000   2.57472706 -8.2451961907339670e-07
    8.100000   2.63948889 -8.5637208037147552e-07
    8.100000   2.70424717 -8.8657453236271005e-07
    8.100000   2.76900006 -9.1440556913446475e-07
    8.100000   2.83374417 -9.3915852472990559e-07
    8.100000   2.89847256 -9.6017133125161898e-07
    8.100000   2.96316844 -9.7685733546131875e-07
    8.100000   3.02777863 -9.8873487969262345e-07
    8.100000   3.09200950 -9.9545495610818740e-07
    8.200000   0.04958315 -8.7863284811196090e-07
    8.200000   0.11381403 -8.7265310451458295e-07
    8.200000   0.17842421 -8.6208216659558759e-07
    8.200000   0.24312010 -8.4722758639606776e-07
    8.200000   0.30784849 -8.2851416892652353e-07
    8.200000   0.37259260 -8.0645986924062484e-07
    8.200000   0.43734549 -7.8164999905351010e-07
    8.200000   0.50210377 -7.5471028730387423e-07
    8.200000   0.56686560 -7.2628069008626287e-07
    8.200000   0.63162987 -6.9699164332942120e-07
    8.200000   0.69639591 -6.6744402437561960e-07
    8.200000   0.76116325 -6.3819358950302769e-07
    8.200000   0.82593158 -6.0974016409586101e-07
    8.200000   0.89070068 -5.8252143728271670e-07
    8.200000   0.95547037 -5.5691088734575177e-07
    8.200000   1.02024053 -5.3321915035544175e-07
    8.200000   1.08501108 -5.1169803699212649e-07
    8.200000   1.14978193 -4.9254638422478419e-07
    8.200000   1.21455301 -4.7591697642048333e-07
    8.200000   1.27932429 -4.6192386063622590e-07
    8.200000   1.34409571 -4.5064949201085948e-07
    8.200000   1.40886724 -4.4215126064458317e-07
    8.200000   1.47363885 -4.3646705967311793e-07
    8.200000   1.53841049 -4.3361964901526802e-07
    8.200000   1.60318216 -4.3361964838290080e-07
    8.200000   1.66795381 -4.3646705777639157e-07
    8.200000   1.73272541 -4.4215125748611838e-07
    8.200000   1.79749694 -4.5064948759505258e-07
    8.200000   1.86226837 -4.6192385496982911e-07
    8.200000   1.92703964 -4.7591696951302552e-07
    8.200000   1.99181073 -4.9254637608898699e-07
    8.200000   2.05658157 -5.1169802764483088e-07
    8.200000   2.12135212 -5.3321913981807914e-07
    8.200000   2.18612229 -5.5691087564479120e-07
    8.200000   2.25089198 -5.8252142445112078e-07
    8.200000   2.31566107 -6.0974015017235545e-07
    8.200000   2.38042940 -6.3819357453377059e-07
    8.200000   2.44519674 -6.6744400841425897e-07
    8.200000   2.50996278 -6.9699162643627498e-07
    8.200000   2.57472706 -7.2628067232899016e-07
    8.200000   2.63948889 -7.5471026875701836e-07
    8.200000   2.70424717 -7.8164997979791075e-07
    8.200000   2.76900006 -8.0645984936303532e-07
    8.200000   2.83374417 -8.2851414851844839e-07
    8.200000   2.89847256 -8.4722756555390709e-07
    8.200000   2.96316844 -8.6208214541772817e-07
    8.200000   3.02777863 -8.7265308310320703e-07
    8.200000   3.09200950 -8.7863282657018182e-07
    8.300000   0.04958315 -7.7505748265637571e-07
    8.300000   0.11381403 -7.6973296892754413e-07
    8.300000   0.17842421 -7.6031877507085089e-07
    8.300000   0.24312010 -7.4708628860397857e-07
    8.300000   0.30784849 -7.3041065706786570e-07
    8.300000   0.37259260 -7.1074973787539747e-07
    8.300000   0.43734549 -6.8862156334728185e-07
    8.300000   0.50210377 -6.6458074848800691e-07
    8.300000   0.56686560 -6.3919548265557425e-07
    8.300000   0.63162987 -6.1302658327955970e-07
    8.300000   0.69639591 -5.8660972849132713e-07
    8.300000   0.76116325 -5.6044155877505605e-07
    8.300000   0.82593158 -5.3496991459068699e-07
    8.300000   0.89070068 -5.1058810646727142e-07
    8.300000   0.95547037 -4.8763282645298249e-07
    8.300000   1.02024053 -4.6638511696389909e-07
    8.300000   1.08501108 -4.4707371176217291e-07
    8.300000   1.14978193 -4.2988004040644206e-07
    8.300000   1.21455301 -4.1494422294787179e-07
    8.300000   1.27932429 -4.0237145563878164e-07
    8.300000   1.34409571 -3.9223828261178398e-07
    8.300000   1.40886724 -3.8459834819579382e-07
    8.300000   1.47363885 -3.7948731952804890e-07
    8.300000   1.53841049 -3.7692675341862015e-07
    8.300000   1.60318216 -3.7692675285034982e-07
    8.300000   1.66795381 -3.7948731782448353e-07
    8.300000   1.73272541 -3.8459834535849687e-07
    8.300000   1.79749694 -3.9223827864449972e-07
    8.300000   1.86226837 -4.0237145054669051e-07
    8.300000   1.92703964 -4.1494421673876718e-07
    8.300000   1.99181073 -4.2988003309050277e-07
    8.300000   2.05658157 -4.4707370335333855e-07
    8.300000   2.12135212 -4.6638510748017702e-07
    8.300000   2.18612229 -4.8763281591738679e-07
    8.300000   2.25089198 -5.1058809490764307e-07
    8.300000   2.31566107 -5.3496990204136395e-07
    8.300000   2.38042940 -5.6044154527628076e-07
    8.300000   2.44519674 -5.8660971409008429e-07
    8.300000   2.50996278 -6.1302656802964787e-07
    8.300000   2.57472706 -6.3919546661770536e-07
    8.300000   2.63948889 -6.6458073172903378e-07
    8.300000   2.70424717 -6.8862154594032757e-07
    8.300000   2.76900006 -7.1074971989878864e-07
    8.300000   2.83374417 -7.3041063860530867e-07
    8.300000   2.89847256 -7.4708626974267676e-07
    8.300000   2.96316844 -7.6031875590138473e-07
    8.300000   3.02777863 -7.6973294954338254e-07
    8.300000   3.09200950 -7.7505746315224503e-07
    8.400000   0.04958315 -6.8323947926061842e-07
    8.400000   0.11381403 -6.7849564227796256e-07
    8.400000   0.17842421 -6.7010684978420027e-07
    8.400000   0.24312010 -6.5831286906299395e-07
    8.400000   0.30784849 -6.4344537970436033e-07
    8.400000   0.37259260 -6.2590955547273306e-07
    8.400000   0.43734549 -6.0616434069509190e-07
    8.400000   0.50210377 -5.8470175554532055e-07
    8.400000   0.56686560 -5.6202665434187414e-07
    8.400000   0.63162987 -5.3863822928512801e-07
    8.400000   0.69639591 -5.1501424564948226e-07
    8.400000   0.76116325 -4.9159862858157238e-07
    8.400000   0.82593158 -4.6879265568659850e-07
    8.400000   0.89070068 -4.4694968609607512e-07
    8.400000   0.95547037 -4.2637310247845620e-07
    8.400000   1.02024053 -4.0731696883642114e-07
    8.400000   1.08501108 -3.8998881226303771e-07
    8.400000   1.14978193 -3.7455391027590735e-07
    8.400000   1.21455301 -3.6114049105222117e-07
    8.400000   1.27932429 -3.4984531465779485e-07
    8.400000   1.34409571 -3.4073918329284509e-07
    8.400000   1.40886724 -3.3387201483252943e-07
    8.400000   1.47363885 -3.2927719729226807e-07
    8.400000   1.53841049 -3.2697501683140700e-07
    8.400000   1.60318216 -3.2697501632219567e-07
    8.400000   1.66795381 -3.2927719576548367e-07
    8.400000   1.73272541 -3.3387201228931946e-07
    8.400000   1.79749694 -3.4073917973578899e-07
    8.400000   1.86226837 -3.4984531009120661e-07
    8.400000   1.92703964 -3.6114048548232642e-07
    8.400000   1.99181073 -3.7455390371084667e-07
    8.400000   2.05658157 -3.8998880471457512e-07
    8.400000   2.12135212 -4.0731696031928865e-07
    8.400000   2.18612229 -4.2637309301227184e-07
    8.400000   2.25089198 -4.4694967570508632e-07
    8.400000   2.31566107 -4.6879264440035469e-07
    8.400000   2.38042940 -4.9159861643536672e-07
    8.400000   2.44519674 -5.1501423268514875e-07
    8.400000   2.50996278 -5.3863821554992486e-07
    8.400000   2.57472706 -5.6202663988998127e-07
    8.400000   2.63948889 -5.8470174043663463e-07
    8.400000   2.70424717 -6.0616432499571750e-07
    8.400000   2.76900006 -6.2590953925397181e-07
    8.400000   2.83374417 -6.4344536304141808e-07
    8.400000   2.89847256 -6.5831285203538368e-07
    8.400000   2.96316844 -6.7010683247472952e-07
    8.400000   3.02777863 -6.7849562477141551e-07
    8.400000   3.09200950 -6.8323946164451486e-07
    8.500000   0.04958315 -6.0185994266443357e-07
    8.500000   0.11381403 -5.9763131096963130e-07
    8.500000   0.17842421 -5.9015252889463973e-07
    8.500000   0.24312010 -5.7963565952081853e-07
    8.500000   0.30784849 -5.6637425663282773e-07
    8.500000   0.37259260 -5.5072722217383513e-07
    8.500000   0.43734549 -5.3310151482040352e-07
    8.500000   0.50210377 -5.1393396982205198e-07
    8.500000   0.56686560 -4.9367346836781382e-07
    8.500000   0.63162987 -4.7276458828112841e-07
    8.500000   0.69639591 -4.5163360720144401e-07
    8.500000   0.76116325 -4.3067741499347894e-07
    8.500000   0.82593158 -4.1025557495102091e-07
    8.500000   0.89070068 -3.9068549050263159e-07
    8.500000   0.95547037 -3.7224040928243711e-07
    8.500000   1.02024053 -3.5514984036081682e-07
    8.500000   1.08501108 -3.3960187253789664e-07
    8.500000   1.14978193 -3.2574685334995752e-07
    8.500000   1.21455301 -3.1370190658401804e-07
    8.500000   1.27932429 -3.0355581602431113e-07
    8.500000   1.34409571 -2.9537387112205426e-07
    8.500000   1.40886724 -2.8920234498240073e-07
    8.500000   1.47363885 -2.8507234827301316e-07
    8.500000   1.53841049 -2.8300286934641547e-07
    8.500000   1.60318216 -2.8300286889123172e-07
    8.500000   1.66795381 -2.8507234690710101e-07
    8.500000   1.73272541 -2.8920234270713285e-07
    8.500000   1.79749694 -2.9537386793920610e-07
    8.500000   1.86226837 -3.0355581193745964e-07
    8.500000   1.92703964 -3.1370190159740982e-07
    8.500000   1.99181073 -3.2574684747036810e-07
    8.500000   2.05658157 -3.3960186577506854e-07
    8.500000   2.12135212 -3.5514983272748221e-07
    8.500000   2.18612229 -3.7224040079487025e-07
    8.500000   2.25089198 -3.9068548118113993e-07
    8.500000   2.31566107 -4.1025556482179922e-07
    8.500000   2.38042940 -4.3067740408725487e-07
    8.500000   2.44519674 -4.5163359555514120e-07
    8.500000   2.50996278 -4.7276457593659321e-07
    8.500000   2.57472706 -4.9367345537338736e-07
    8.500000   2.63948889 -5.1393395623112988e-07
    8.500000   2.70424717 -5.3310150069265787e-07
    8.500000   2.76900006 -5.5072720757321312e-07
    8.500000   2.83374417 -5.6637424162739099e-07
    8.500000   2.89847256 -5.7963564418297505e-07
    8.500000   2.96316844 -5.9015251329965292e-07
    8.500000   3.02777863 -5.9763129519498404e-07
    8.500000   3.09200950 -6.0185992678963007e-07
    8.600000   0.04958315 -5.2974979413025385e-07
    8.600000   0.11381403 -5.2597874478581216e-07
    8.600000   0.17842421 -5.1930837583772272e-07
    8.600000   0.24312010 -5.0992643155239723e-07
    8.600000   0.30784849 -4.9809296505213439e-07
    8.600000   0.37259260 -4.8412616829561588e-07
    8.600000   0.43734549 -4.6838719012217661e-07
    8.600000   0.50210377 -4.5126414339583520e-07
    8.600000   0.56686560 -4.3315637993173761e-07
    8.600000   0.63162987 -4.1446002574792994e-07
    8.600000   0.69639591 -3.9555554688418346e-07
    8.600000   0.76116325 -3.7679784517264231e-07
    8.600000   0.82593158 -3.5850910796180738e-07
    8.600000   0.89070068 -3.4097438810388446e-07
    8.600000   0.95547037 -3.2443969161251129e-07
    8.600000   1.02024053 -3.0911221023526352e-07
    8.600000   1.08501108 -2.9516225506783795e-07
    8.600000   1.14978193 -2.8272641842190639e-07
    8.600000   1.21455301 -2.7191150347956973e-07
    8.600000   1.27932429 -2.6279880229847587e-07
    8.600000   1.34409571 -2.5544836063071789e-07
    8.600000   1.40886724 -2.4990293279745513e-07
    8.600000   1.47363885 -2.4619139421187665e-07
    8.600000   1.53841049 -2.4433143846126449e-07
    8.600000   1.60318216 -2.4433143805489429e-07
    8.600000   1.66795381 -2.4619139299261195e-07
    8.600000   1.73272541 -2.4990293076586784e-07
    8.600000   1.79749694 -2.5544835778800110e-07
    8.600000   1.86226837 -2.6279879864721674e-07
    8.600000   1.92703964 -2.7191149902376037e-07
    8.600000   1.99181073 -2.8272641316661313e-07
    8.600000   2.05658157 -2.9516224902063537e-07
    8.600000   2.12135212 -3.0911220340700758e-07
    8.600000   2.18612229 -3.2443968401658456e-07
    8.600000   2.25089198 -3.4097437975870977e-07
    8.600000   2.31566107 -3.5850909888903923e-07
    8.600000   2.38042940 -3.7679783539955340e-07
    8.600000   2.44519674 -3.9555553644259407e-07
    8.600000   2.50996278 -4.1446001467577021e-07
    8.600000   2.57472706 -4.3315636827139100e-07
    8.600000   2.63948889 -4.5126413119539608e-07
    8.600000   2.70424717 -4.6838717743494756e-07
    8.600000   2.76900006 -4.8412615517894594e-07
    8.600000   2.83374417 -4.9809295156794289e-07
    8.600000   2.89847256 -5.0992641776596754e-07
    8.600000   2.96316844 -5.1930836181708588e-07
    8.600000   3.02777863 -5.2597873060195418e-07
    8.600000   3.09200950 -5.2974977985491939e-07
    8.700000   0.04958315 -4.6587189361795793e-07
    8.700000   0.11381403 -4.6250761142205851e-07
    8.700000   0.17842421 -4.5655602934371512e-07
    8.700000   0.24312010 -4.4818350817257190e-07
    8.700000   0.30784849 -4.3762061632074198e-07
    8.700000   0.37259260 -4.2514967374402807e-07
    8.700000   0.43734549 -4.1109140383595933e-07
    8.700000   0.50210377 -3.9579084731282936e-07
    8.700000   0.56686560 -3.7960347939383496e-07
    8.700000   0.63162987 -3.6288240182586539e-07
    8.700000   0.69639591 -3.4596729122175856e-07
    8.700000   0.76116325 -3.2917555133975904e-07
    8.700000   0.82593158 -3.1279587738730742e-07
    8.700000   0.89070068 -2.9708422330620133e-07
    8.700000   0.95547037 -2.8226198693032651e-07
    8.700000   1.02024053 -2.6851610218843600e-07
    8.700000   1.08501108 -2.5600065296223350e-07
    8.700000   1.14978193 -2.4483959444957854e-07
    8.700000   1.21455301 -2.3513017568725356e-07
    8.700000   1.27932429 -2.2694669066031050e-07
    8.700000   1.34409571 -2.2034423478731207e-07
    8.700000   1.40886724 -2.1536219984317498e-07
    8.700000   1.47363885 -2.1202729697301476e-07
    8.700000   1.53841049 -2.1035595021297935e-07
    8.700000   1.60318216 -2.1035594985062977e-07
    8.700000   1.66795381 -2.1202729588605822e-07
    8.700000   1.73272541 -2.1536219803244877e-07
    8.700000   1.79749694 -2.2034423225343437e-07
    8.700000   1.86226837 -2.2694668740474390e-07
    8.700000   1.92703964 -2.3513017171295396e-07
    8.700000   1.99181073 -2.4483958976085799e-07
    8.700000   2.05658157 -2.5600064756518589e-07
    8.700000   2.12135212 -2.6851609609162466e-07
    8.700000   2.18612229 -2.8226198014572241e-07
    8.700000   2.25089198 -2.9708421584882749e-07
    8.700000   2.31566107 -3.1279586927631019e-07
    8.700000   2.38042940 -3.2917554259881695e-07
    8.700000   2.44519674 -3.4596728187904487e-07
    8.700000   2.50996278 -3.6288239191393608e-07
    8.700000   2.57472706 -3.7960346895113040e-07
    8.700000   2.63948889 -3.9579083638222631e-07
    8.700000   2.70424717 -4.1109139246478046e-07
    8.700000   2.76900006 -4.2514966198416065e-07
    8.700000   2.83374417 -4.3762060422789733e-07
    8.700000   2.89847256 -4.4818349580576180e-07
    8.700000   2.96316844 -4.5655601676425994e-07
    8.700000   3.02777863 -4.6250759869460323e-07
    8.700000   3.09200950 -4.6587188080759665e-07
    8.800000   0.04958315 -4.0930552824435903e-07
    8.800000   0.11381403 -4.0630312299959875e-07
    8.800000   0.17842421 -4.0099112575081021e-07
    8.800000   0.24312010 -3.9351706592079775e-07
    8.800000   0.30784849 -3.8408552351987489e-07
    8.800000   0.37259260 -3.7294716563489127e-07
    8.800000   0.43734549 -3.6038699600008679e-07
    8.800000   0.50210377 -3.4671193434646013e-07
    8.800000   0.56686560 -3.3223854825415032e-07
    8.800000   0.63162987 -3.1728170373459221e-07
    8.800000   0.69639591 -3.0214473783932469e-07
    8.800000   0.76116325 -2.8711155428433616e-07
    8.800000   0.82593158 -2.7244083438730574e-07
    8.800000   0.89070068 -2.5836236503018258e-07
    8.800000   0.95547037 -2.4507532948741999e-07
    8.800000   1.02024053 -2.3274829425570227e-07
    8.800000   1.08501108 -2.2152055677312241e-07
    8.800000   1.14978193 -2.1150449081511385e-07
    8.800000   1.21455301 -2.0278853077184291e-07
    8.800000   1.27932429 -1.9544046375797844e-07
    8.800000   1.34409571 -1.8951074070163317e-07
    8.800000   1.40886724 -1.8503556647025856e-07
    8.800000   1.47363885 -1.8203957891246517e-07
    8.800000   1.53841049 -1.8053797360995259e-07
    8.800000   1.60318216 -1.8053797328768554e-07
    8.800000   1.66795381 -1.8203957794568519e-07
    8.800000   1.73272541 -1.8503556485918670e-07
    8.800000   1.79749694 -1.8951073844672498e-07
    8.800000   1.86226837 -1.9544046086055454e-07
    8.800000   1.92703964 -2.0278852723358141e-07
    8.800000   1.99181073 -2.1150448663938097e-07
    8.800000   2.05658157 -2.2152055196511673e-07
    8.800000   2.12135212 -2.3274828882236057e-07
    8.800000   2.18612229 -2.4507532343827602e-07
    8.800000   2.25089198 -2.5836235837844439e-07
    8.800000   2.31566107 -2.7244082714939830e-07
    8.800000   2.38042940 -2.8711154648077837e-07
    8.800000   2.44519674 -3.0214472949464043e-07
    8.800000   2.50996278 -3.1728169487815939e-07
    8.800000   2.57472706 -3.3223853891981283e-07
    8.800000   2.63948889 -3.4671192457204900e-07
    8.800000   2.70424717 -3.6038698582811672e-07
    8.800000   2.76900006 -3.7294715511201218e-07
    8.800000   2.83374417 -3.8408551269573584e-07
    8.800000   2.89847256 -3.9351705484889023e-07
    8.800000   2.96316844 -4.0099111448677275e-07
    8.800000   3.02777863 -4.0630311160111471e-07
    8.800000   3.09200950 -4.0930551677090728e-07
    8.900000   0.04958315 -3.5923290158643840e-07
    8.900000   0.11381403 -3.5655265585513180e-07
    8.900000   0.17842421 -3.5181014661305722e-07
    8.900000   0.24312010 -3.4513629644120526e-07
    8.900000   0.30784849 -3.3671274831750021e-07
    8.900000   0.37259260 -3.2676220454090343e-07
    8.900000   0.43734549 -3.1553807099616566e-07
    8.900000   0.50210377 -3.0331349385930587e-07
    8.900000   0.56686560 -2.9037050890210652e-07
    8.900000   0.63162987 -2.7698997775450981e-07
    8.900000   0.69639591 -2.6344284552985604e-07
    8.900000   0.76116325 -2.4998307883352882e-07
    8.900000   0.82593158 -2.3684246109319411e-07
    8.900000   0.89070068 -2.2422725469884957e-07
    8.900000   0.95547037 -2.1231660135727055e-07
    8.900000   1.02024053 -2.0126243114375660e-07
    8.900000   1.08501108 -1.9119058841957425e-07
    8.900000   1.14978193 -1.8220285576856097e-07
    8.900000   1.21455301 -1.7437955891969523e-07
    8.900000   1.27932429 -1.6778245846206694e-07
    8.900000   1.34409571 -1.6245767025073780e-07
    8.900000   1.40886724 -1.5843839897442558e-07
    8.900000   1.47363885 -1.5574731323715882e-07
    8.900000   1.53841049 -1.5439843223533647e-07
    8.900000   1.60318216 -1.5439843194927933e-07
    8.900000   1.66795381 -1.5574731237849407e-07
    8.900000   1.73272541 -1.5843839754365845e-07
    8.900000   1.79749694 -1.6245766824767643e-07
    8.900000   1.86226837 -1.6778245588765127e-07
    8.900000   1.92703964 -1.7437955577514092e-07
    8.900000   1.99181073 -1.8220285205675703e-07
    8.900000   2.05658157 -1.9119058414367096e-07
    8.900000   2.12135212 -2.0126242631008873e-07
    8.900000   2.18612229 -2.1231659597350102e-07
    8.900000   2.25089198 -2.2422724877618458e-07
    8.900000   2.31566107 -2.3684245464622873e-07
    8.900000   2.38042940 -2.4998307187975324e-07
    8.900000   2.44519674 -2.6344283809082094e-07
    8.900000   2.50996278 -2.7698996985574419e-07
    8.900000   2.57472706 -2.9037050057348613e-07
    8.900000   2.63948889 -3.0331348513505720e-07
    8.900000   2.70424717 -3.1553806191361258e-07
    8.900000   2.76900006 -3.2676219514211838e-07
    8.900000   2.83374417 -3.3671273864680360e-07
    8.900000   2.89847256 -3.4513628654690943e-07
    8.900000   2.96316844 -3.5181013654540090e-07
    8.900000   3.02777863 -3.5655264566598438e-07
    8.900000   3.09200950 -3.5923289132941389e-07
    9.000000   0.04958315 -3.1492732445953862e-07
    9.000000   0.11381403 -3.1253404958033475e-07
    9.000000   0.17842421 -3.0829890686189555e-07
    9.000000   0.24312010 -3.0233815552862820e-07
    9.000000   0.30784849 -2.9481317053909570e-07
    9.000000   0.37259260 -2.8592192017598987e-07
    9.000000   0.43734549 -2.7588983001960880e-07
    9.000000   0.50210377 -2.6496009703532900e-07
    9.000000   0.56686560 -2.5338408498677846e-07
    9.000000   0.63162987 -2.4141239530001165e-07
    9.000000   0.69639591 -2.2928708698203115e-07
    9.000000   0.76116325 -2.1723536692464444e-07
    9.000000   0.82593158 -2.0546491279911682e-07
    9.000000   0.89070068 -1.9416084348669695e-07
    9.000000   0.95547037 -1.8348422964730185e-07
    9.000000   1.02024053 -1.7357194666596100e-07
    9.000000   1.08501108 -1.6453761551196068e-07
    9.000000   1.14978193 -1.5647335133426340e-07
    9.000000   1.21455301 -1.4945203950743535e-07
    9.000000   1.27932429 -1.4352987762713435e-07
    9.000000   1.34409571 -1.3874895287749895e-07
    9.000000   1.40886724 -1.3513966128092466e-07
    9.000000   1.47363885 -1.3272281402438778e-07
    9.000000   1.53841049 -1.3151131315487867e-07
    9.000000   1.60318216 -1.3151131290136957e-07
    9.000000   1.66795381 -1.3272281326328987e-07
    9.000000   1.73272541 -1.3513966001250871e-07
    9.000000   1.79749694 -1.3874895110137420e-07
    9.000000   1.86226837 -1.4352987534415146e-07
    9.000000   1.92703964 -1.4945203671779764e-07
    9.000000   1.99181073 -1.5647334803989254e-07
    9.000000   2.05658157 -1.6453761171608023e-07
    9.000000   2.12135212 -1.7357194237332232e-07
    9.000000   2.18612229 -1.8348422486438653e-07
    9.000000   2.25089198 -1.9416083822284604e-07
    9.000000   2.31566107 -2.0546490706666631e-07
    9.000000   2.38042940 -2.1723536073892680e-07
    9.000000   2.44519674 -2.2928708036165578e-07
    9.000000   2.50996278 -2.4141238826767170e-07
    9.000000   2.57472706 -2.5338407756904957e-07
    9.000000   2.63948889 -2.6496008926197418e-07
    9.000000   2.70424717 -2.7588982192466760e-07
    9.000000   2.76900006 -2.8592191179634412e-07
    9.000000   2.83374417 -2.9481316191509539e-07
    9.000000   2.89847256 -3.0233814670293786e-07
    9.000000   2.96316844 -3.0829889788025654e-07
    9.000000   3.02777863 -3.1253404048923193e-07
    9.000000   3.09200950 -3.1492731530710929e-07
    9.100000   0.04958315 -2.7574286057216954e-07
    9.100000   0.11381403 -2.7360534295518372e-07
    9.100000   0.17842421 -2.6982244854742633e-07
    9.100000   0.24312010 -2.6449747475203938e-07
    9.100000   0.30784849 -2.5777386784060165e-07
    9.100000   0.37259260 -2.4982769773418224e-07
    9.100000   0.43734549 -2.4085959044346923e-07
    9.100000   0.50210377 -2.3108616347974828e-07
    9.100000   0.56686560 -2.2073151819356947e-07
    9.100000   0.63162987 -2.1001931294415056e-07
    9.100000   0.69639591 -1.9916583703478205e-07
    9.100000   0.76116325 -1.8837437290148728e-07
    9.100000   0.82593158 -1.7783099480703788e-07
    9.100000   0.89070068 -1.6770182266997616e-07
    9.100000   0.95547037 -1.5813164121446413e-07
    9.100000   1.02024053 -1.4924371377299112e-07
    9.100000   1.08501108 -1.4114056858138783e-07
    9.100000   1.14978193 -1.3390551114810734e-07
    9.100000   1.21455301 -1.2760461477144623e-07
    9.100000   1.27932429 -1.2228895672021731e-07
    9.100000   1.34409571 -1.1799689411124529e-07
    9.100000   1.40886724 -1.1475620588671567e-07
    9.100000   1.47363885 -1.1258596137660609e-07
    9.100000   1.53841049 -1.1149800895281575e-07
    9.100000   1.60318216 -1.1149800872849115e-07
    9.100000   1.66795381 -1.1258596070296954e-07
    9.100000   1.73272541 -1.1475620476430713e-07
    9.100000   1.79749694 -1.1799689253917555e-07
    9.100000   1.86226837 -1.2228895469879023e-07
    9.100000   1.92703964 -1.2760461230131260e-07
    9.100000   1.99181073 -1.3390550822998876e-07
    9.100000   2.05658157 -1.4114056521790181e-07
    9.100000   2.12135212 -1.4924370996762880e-07
    9.100000   2.18612229 -1.5813163697285038e-07
    9.100000   2.25089198 -1.6770181800010329e-07
    9.100000   2.31566107 -1.7783098971884688e-07
    9.100000   2.38042940 -1.8837436740893784e-07
    9.100000   2.44519674 -1.9916583115361953e-07
    9.100000   2.50996278 -2.1001930669472564e-07
    9.100000   2.57472706 -2.2073151159898652e-07
    9.100000   2.63948889 -2.3108615656632334e-07
    9.100000   2.70424717 -2.4085958324132823e-07
    9.100000   2.76900006 -2.4982769027680141e-07
    9.100000   2.83374417 -2.5777386016354294e-07
    9.100000   2.89847256 -2.6449746689377533e-07
    9.100000   2.96316844 -2.6982244054865614e-07
    9.100000   3.02777863 -2.7360533485821901e-07
    9.100000   3.09200950 -2.7574285241985060e-07
    9.200000   0.04958315 -2.4110522271878840e-07
    9.200000   0.11381403 -2.3919574581524438e-07
    9.200000   0.17842421 -2.3581614505823002e-07
    9.200000   0.24312010 -2.3105824860231841e-07
    9.200000   0.30784849 -2.2504962819128481e-07
    9.200000   0.37259260 -2.1794694861390593e-07
    9.200000   0.43734549 -2.0992883754195081e-07
    9.200000   0.50210377 -2.0118830664314414e-07
    9.200000   0.56686560 -1.9192521066305357e-07
    9.200000   0.63162987 -1.8233920686469410e-07
    9.200000   0.69639591 -1.7262358732966748e-07
    9.200000   0.76116325 -1.6296024125678982e-07
    9.200000   0.82593158 -1.5351588240509563e-07
    9.200000   0.89070068 -1.4443956264840180e-07
    9.200000   0.95547037 -1.3586139643468437e-07
    9.200000   1.02024053 -1.2789234864928510e-07
    9.200000   1.08501108 -1.2062489169041530e-07
    9.200000   1.14978193 -1.1413431486085606e-07
    9.200000   1.21455301 -1.0848046665748496e-07
    9.200000   1.27932429 -1.0370972323382316e-07
    9.200000   1.34409571 -9.9856999086355672e-08
    9.200000   1.40886724 -9.6947644267534398e-08
    9.200000   1.47363885 -9.4999102503707242e-08
    9.200000   1.53841049 -9.4022233973742569e-08
    9.200000   1.60318216 -9.4022233775351042e-08
    9.200000   1.66795381 -9.4999101908941498e-08
    9.200000   1.73272541 -9.6947643275819661e-08
    9.200000   1.79749694 -9.9856997697633972e-08
    9.200000   1.86226837 -1.0370972144764061e-07
    9.200000   1.92703964 -1.0848046447394014e-07
    9.200000   1.99181073 -1.1413431228067050e-07
    9.200000   2.05658157 -1.2062488871531686e-07
    9.200000   2.12135212 -1.2789234528200178e-07
    9.200000   2.18612229 -1.3586139267989190e-07
    9.200000   2.25089198 -1.4443955851284060e-07
    9.200000   2.31566107 -1.5351587789720127e-07
    9.200000   2.38042940 -1.6296023638813824e-07
    9.200000   2.44519674 -1.7262358211472391e-07
    9.200000   2.50996278 -1.8233920132057096e-07
    9.200000   2.57472706 -1.9192520481040581e-07
    9.200000   2.63948889 -2.0118830050547103e-07
    9.200000   2.70424717 -2.0992883114582884e-07
    9.200000   2.76900006 -2.1794694198868606e-07
    9.200000   2.83374417 -2.2504962136928627e-07
    9.200000   2.89847256 -2.3105824161759475e-07
    9.200000   2.96316844 -2.3581613794783407e-07
    9.200000   3.02777863 -2.3919573861618107e-07
    9.200000   3.09200950 -2.4110521547046473e-07
    9.300000   0.04958315 -2.1050374918223022e-07
    9.300000   0.11381403 -2.0879767920607082e-07
    9.300000   0.17842421 -2.0577785286065763e-07
    9.300000   0.24312010 -2.0152594059560442e-07
    9.300000   0.30784849 -1.9615544639534286e-07
    9.300000   0.37259260 -1.8980582553261892e-07
    9.300000   0.43734549 -1.8263617796865256e-07
    9.300000   0.50210377 -1.7481853703163325e-07
    9.300000   0.56686560 -1.6653118144006987e-07
    9.300000   0.63162987 -1.5795237906669247e-07
    9.300000   0.69639591 -1.4925489302577831e-07
    9.300000   0.76116325 -1.4060148000184573e-07
    9.300000   0.82593158 -1.3214150376111142e-07
    9.300000   0.89070068 -1.2400868611542439e-07
    9.300000   0.95547037 -1.1631993230076076e-07
    9.300000   1.02024053 -1.0917510310940280e-07
    9.300000   1.08501108 -1.0265756384832704e-07
    9.300000   1.14978193 -9.6835319064975791e-08
    9.300000   1.21455301 -9.1762538769746396e-08
    9.300000   1.27932429 -8.7481292298942889e-08
    9.300000   1.34409571 -8.4023325546846229e-08
    9.300000   1.40886724 -8.1411741986342009e-08
    9.300000   1.47363885 -7.9662474440520145e-08
    9.300000   1.53841049 -7.8785460701507368e-08
    9.300000   1.60318216 -7.8785460526425340e-08
    9.300000   1.66795381 -7.9662473916430288e-08
    9.300000   1.73272541 -8.1411741112104825e-08
    9.300000   1.79749694 -8.4023324322118313e-08
    9.300000   1.86226837 -8.7481290723579795e-08
    9.300000   1.92703964 -9.1762536843151336e-08
    9.300000   1.99181073 -9.6835316787691713e-08
    9.300000   2.05658157 -1.0265756122175304e-07
    9.300000   2.12135212 -1.0917510013535080e-07
    9.300000   2.18612229 -1.1631992898294759e-07
    9.300000   2.25089198 -1.2400868245920686e-07
    9.300000   2.31566107 -1.3214149977424360e-07
    9.300000   2.38042940 -1.4060147569406913e-07
    9.300000   2.44519674 -1.4925488840962988e-07
    9.300000   2.50996278 -1.5795237415701968e-07
    9.300000   2.57472706 -1.6653117625530725e-07
    9.300000   2.63948889 -1.7481853159230631e-07
    9.300000   2.70424717 -1.8263617229826667e-07
    9.300000   2.76900006 -1.8980581965746579e-07
    9.300000   2.83374417 -1.9615544034395044e-07
    9.300000   2.89847256 -2.0152593439883947e-07
    9.300000   2.96316844 -2.0577784655092691e-07
    9.300000   3.02777863 -2.0879767281696930e-07
    9.300000   3.09200950 -2.1050374274919091e-07
    9.400000   0.04958315 -1.8348431743243270e-07
    9.400000   0.11381403 -1.8195974307136088e-07
    9.400000   0.17842421 -1.7926097373154362e-07
    9.400000   0.24312010 -1.7546067644346392e-07
    9.400000   0.30784849 -1.7065987899154611e-07
    9.400000   0.37259260 -1.6498276341298870e-07
    9.400000   0.43734549 -1.5857108386190212e-07
    9.400000   0.50210377 -1.5157821975365123e-07
    9.400000   0.56686560 -1.4416324105654219e-07
    9.400000   0.63162987 -1.3648534669888146e-07
    9.400000   0.69639591 -1.2869896957287618e-07
    9.400000   0.76116325 -1.2094975368390773e-07
    9.400000   0.82593158 -1.1337151507058084e-07
    9.400000   0.89070068 -1.0608420929618638e-07
    9.400000   0.95547037 -9.9192852629886363e-08
    9.400000   1.02024053 -9.2787286273861317e-08
    9.400000   1.08501108 -8.6942634796591813e-08
    9.400000   1.14978193 -8.1720290355218632e-08
    9.400000   1.21455301 -7.7169250624332105e-08
    9.400000   1.27932429 -7.3327646886861912e-08
    9.400000   1.34409571 -7.0224315606613298e-08
    9.400000   1.40886724 -6.7880288385748633e-08
    9.400000   1.47363885 -6.6310098659118265e-08
    9.400000   1.53841049 -6.5522826720395051e-08
    9.400000   1.60318216 -6.5522826566586639e-08
    9.400000   1.66795381 -6.6310098197649091e-08
    9.400000   1.73272541 -6.7880287616292403e-08
    9.400000   1.79749694 -7.0224314528678891e-08
    9.400000   1.86226837 -7.3327645499905401e-08
    9.400000   1.92703964 -7.7169248927721962e-08
    9.400000   1.99181073 -8.1720288349005453e-08
    9.400000   2.05658157 -8.6942632481601482e-08
    9.400000   2.12135212 -9.2787283651882039e-08
    9.400000   2.18612229 -9.9192849703588462e-08
    9.400000   2.25089198 -1.0608420607028103e-07
    9.400000   2.31566107 -1.1337151155123004e-07
    9.400000   2.38042940 -1.2094974987950038e-07
    9.400000   2.44519674 -1.2869896549415543e-07
    9.400000   2.50996278 -1.3648534235915279e-07
    9.400000   2.57472706 -1.4416323647181548e-07
    9.400000   2.63948889 -1.5157821494176124e-07
    9.400000   2.70424717 -1.5857107884405874e-07
    9.400000   2.76900006 -1.6498275821249533e-07
    9.400000   2.83374417 -1.7065987363323096e-07
    9.400000   2.89847256 -1.7546067095535044e-07
    9.400000   2.96316844 -1.7926096814255117e-07
    9.400000   3.02777863 -1.8195973741127475e-07
    9.400000   3.09200950 -1.8348431173272614e-07
    9.500000   0.04958315 -1.5964307449468378e-07
    9.500000   0.11381403 -1.5828049256350399e-07
    9.500000   0.17842421 -1.5586831157956360e-07
    9.500000   0.24312010 -1.5247121247461574e-07
    9.500000   0.30784849 -1.4817915071900128e-07
    9.500000   0.37259260 -1.4310274486821558e-07
    9.500000   0.43734549 -1.3736833245059207e-07
    9.500000   0.50210377 -1.3111269743608488e-07
    9.500000   0.56686560 -1.2447780136278440e-07
    9.500000   0.63162987 -1.1760583737932242e-07
    9.500000   0.69639591 -1.1063486784794477e-07
    9.500000   0.76116325 -1.0369522922833467e-07
    9.500000   0.82593158 -9.6906805436988774e-08
    9.500000   0.89070068 -9.0377192443463157e-08
    9.500000   0.95547037 -8.4200709706160136e-08
    9.500000   1.02024053 -7.8458162434508743e-08
    9.500000   1.08501108 -7.3217224180633447e-08
    9.500000   1.14978193 -6.8533291214829756e-08
    9.500000   1.21455301 -6.4450656185006007e-08
    9.500000   1.27932429 -6.1003855569859453e-08
    9.500000   1.34409571 -5.8219059952393704e-08
    9.500000   1.40886724 -5.6115395039742587e-08
    9.500000   1.47363885 -5.4706102066984278e-08
    9.500000   1.53841049 -5.3999466900082544e-08
    9.500000   1.60318216 -5.3999466765130621e-08
    9.500000   1.66795381 -5.4706101661722199e-08
    9.500000   1.73272541 -5.6115394363809912e-08
    9.500000   1.79749694 -5.8219059005217950e-08
    9.500000   1.86226837 -6.1003854351244481e-08
    9.500000   1.92703964 -6.4450654693843692e-08
    9.500000   1.99181073 -6.8533289451177948e-08
    9.500000   2.05658157 -7.3217222144533915e-08
    9.500000   2.12135212 -7.8458160127523151e-08
    9.500000   2.18612229 -8.4200707130334266e-08
    9.500000   2.25089198 -9.0377189602365072e-08
    9.500000   2.31566107 -9.6906802335973334e-08
    9.500000   2.38042940 -1.0369522587492770e-07
    9.500000   2.44519674 -1.1063486425121911e-07
    9.500000   2.50996278 -1.1760583355067591e-07
    9.500000   2.57472706 -1.2447779731604868e-07
    9.500000   2.63948889 -1.3111269318697706e-07
    9.500000   2.70424717 -1.3736832801810966e-07
    9.500000   2.76900006 -1.4310274027323699e-07
    9.500000   2.83374417 -1.4817914598348936e-07
    9.500000   2.89847256 -1.5247120762288550e-07
    9.500000   2.96316844 -1.5586830663762438e-07
    9.500000   3.02777863 -1.5828048755863856e-07
    9.500000   3.09200950 -1.5964306945408873e-07
    9.600000   0.04958315 -1.3862088152239394e-07
    9.600000   0.11381403 -1.3740292189635849e-07
    9.600000   0.17842421 -1.3524662517705639e-07
    9.600000   0.24312010 -1.3220958394802091e-07
    9.600000   0.30784849 -1.2837192121363326e-07
    9.600000   0.37259260 -1.2383220349787145e-07
    9.600000   0.43734549 -1.1870305922463392e-07
    9.600000   0.50210377 -1.1310650156155935e-07
    9.600000   0.56686560 -1.0716924856588322e-07
    9.600000   0.63162987 -1.0101832318817340e-07
    9.600000   0.69639591 -9.4777164676859953e-08
    9.600000   0.76116325 -8.8562415581368970e-08
    9.600000   0.82593158 -8.2481475955985748e-08
    9.600000   0.89070068 -7.6630847083817504e-08
    9.600000   0.95547037 -7.1095227413117654e-08
    9.600000   1.02024053 -6.5947277295417392e-08
    9.600000   1.08501108 -6.1247938014137463e-08
    9.600000   1.14978193 -5.7047173997639316e-08
    9.600000   1.21455301 -5.3385003027410842e-08
    9.600000   1.27932429 -5.0292684990397956e-08
    9.600000   1.34409571 -4.7793952232061493e-08
    9.600000   1.40886724 -4.5906181132366132e-08
    9.600000   1.47363885 -4.4641422820906677e-08
    9.600000   1.53841049 -4.4007229354200342e-08
    9.600000   1.60318216 -4.4007229235938217e-08
    9.600000   1.66795381 -4.4641422465857498e-08
    9.600000   1.73272541 -4.5906180540140111e-08
    9.600000   1.79749694 -4.7793951401932365e-08
    9.600000   1.86226837 -5.0292683922023164e-08
    9.600000   1.92703964 -5.3385001719721925e-08
    9.600000   1.99181073 -5.7047172450375084e-08
    9.600000   2.05658157 -6.1247936227323685e-08
    9.600000   2.12135212 -6.5947275269577665e-08
    9.600000   2.18612229 -7.1095225150137488e-08
    9.600000   2.25089198 -7.6630844586625277e-08
    9.600000   2.31566107 -8.2481473229370663e-08
    9.600000   2.38042940 -8.8562412630958477e-08
    9.600000   2.44519674 -9.4777161510875737e-08
    9.600000   2.50996278 -1.0101831981644135e-07
    9.600000   2.57472706 -1.0716924500090344e-07
    9.600000   2.63948889 -1.1310649781704411e-07
    9.600000   2.70424717 -1.1870305531719686e-07
    9.600000   2.76900006 -1.2383219944508037e-07
    9.600000   2.83374417 -1.2837191703598622e-07
    9.600000   2.89847256 -1.3220957966711719e-07
    9.600000   2.96316844 -1.3524662081570513e-07
    9.600000   3.02777863 -1.3740291747875927e-07
    9.600000   3.09200950 -1.3862087707332718e-07
    9.700000   0.04958315 -1.2009838502316176e-07
    9.700000   0.11381403 -1.1900956930855264e-07
    9.700000   0.17842421 -1.1708179232076642e-07
    9.700000   0.24312010 -1.1436635143501484e-07
    9.700000   0.30784849 -1.1093463335927667e-07
    9.700000   0.37259260 -1.0687449010057816e-07
    9.700000   0.43734549 -1.0228635372302559e-07
    9.700000   0.50210377 -9.7279085307093222e-08
    9.700000   0.56686560 -9.1965816552674756e-08
    9.700000   0.63162987 -8.6460034222914308e-08
    9.700000   0.69639591 -8.0872113193041493e-08
    9.700000   0.76116325 -7.5306444832517088e-08
    9.700000   0.82593158 -6.9859243543848064e-08
    9.700000   0.89070068 -6.4617053036456797e-08
    9.700000   0.95547037 -5.9655920975513885e-08
    9.700000   1.02024053 -5.5041169453371467e-08
    9.700000   1.08501108 -5.0827660728734275e-08
    9.700000   1.14978193 -4.7060442445469703e-08
    9.700000   1.21455301 -4.3775652457698795e-08
    9.700000   1.27932429 -4.1001568047420160e-08
    9.700000   1.34409571 -3.8759695137723047e-08
    9.700000   1.40886724 -3.7065807611281467e-08
    9.700000   1.47363885 -3.5930863017806279e-08
    9.700000   1.53841049 -3.5361737348081911e-08
    9.700000   1.60318216 -3.5361737244671292e-08
    9.700000   1.66795381 -3.5930862707343617e-08
    9.700000   1.73272541 -3.7065807093513487e-08
    9.700000   1.79749694 -3.8759694411997566e-08
    9.700000   1.86226837 -4.1001567112530918e-08
    9.700000   1.92703964 -4.3775651313350977e-08
    9.700000   1.99181073 -4.7060441090674822e-08
    9.700000   2.05658157 -5.0827659163474782e-08
    9.700000   2.12135212 -5.5041167678292926e-08
    9.700000   2.18612229 -5.9655918991749872e-08
    9.700000   2.25089198 -6.4617050846506051e-08
    9.700000   2.31566107 -6.9859241151014690e-08
    9.700000   2.38042940 -7.5306442242220799e-08
    9.700000   2.44519674 -8.0872110411893540e-08
    9.700000   2.50996278 -8.6460031259942131e-08
    9.700000   2.57472706 -9.1965813418081302e-08
    9.700000   2.63948889 -9.7279082013436854e-08
    9.700000   2.70424717 -1.0228635028472277e-07
    9.700000   2.76900006 -1.0687448653319114e-07
    9.700000   2.83374417 -1.1093462968118932e-07
    9.700000   2.89847256 -1.1436634766496257e-07
    9.700000   2.96316844 -1.1708178847919637e-07
    9.700000   3.02777863 -1.1900956541673197e-07
    9.700000   3.09200950 -1.2009838110325231e-07
    9.800000   0.04958315 -1.0379163950318387e-07
    9.800000   0.11381403 -1.0281816880964288e-07
    9.800000   0.17842421 -1.0109451266785355e-07
    9.800000   0.24312010 -9.8666374682770784e-08
    9.800000   0.30784849 -9.5597375356753935e-08
    9.800000   0.37259260 -9.1965836855119324e-08
    9.800000   0.43734549 -8.7861336182264162e-08
    9.800000   0.50210377 -8.3381019421108333e-08
    9.800000   0.56686560 -7.8625905283945023e-08
    9.800000   0.63162987 -7.3697399629678714e-08
    9.800000   0.69639591 -6.8694203859641961e-08
    9.800000   0.76116325 -6.3709748294188193e-08
    9.800000   0.82593158 -5.8830225338280991e-08
    9.800000   0.89070068 -5.4133243080015107e-08
    9.800000   0.95547037 -4.9687072937890707e-08
    9.800000   1.02024053 -4.5550428201111964e-08
    9.800000   1.08501108 -4.1772685078671760e-08
    9.800000   1.14978193 -3.8394443962581581e-08
    9.800000   1.21455301 -3.5448324558750966e-08
    9.800000   1.27932429 -3.2959892344972840e-08
    9.800000   1.34409571 -3.0948623152437942e-08
    9.800000   1.40886724 -2.9428825388659578e-08
    9.800000   1.47363885 -2.8410453732080534e-08
    9.800000   1.53841049 -2.7899762709397183e-08
    9.800000   1.60318216 -2.7899762619398774e-08
    9.800000   1.66795381 -2.8410453461404916e-08
    9.800000   1.73272541 -2.9428824937237094e-08
    9.800000   1.79749694 -3.0948622519213396e-08
    9.800000   1.86226837 -3.2959891529215552e-08
    9.800000   1.92703964 -3.5448323559765218e-08
    9.800000   1.99181073 -3.8394442779527096e-08
    9.800000   2.05658157 -4.1772683711114045e-08
    9.800000   2.12135212 -4.5550426649023939e-08
    9.800000   2.18612229 -4.9687071202725510e-08
    9.800000   2.25089198 -5.4133241163317005e-08
    9.800000   2.31566107 -5.8830223243235642e-08
    9.800000   2.38042940 -6.3709746025034626e-08
    9.800000   2.44519674 -6.8694201422246805e-08
    9.800000   2.50996278 -7.3697397031357754e-08
    9.800000   2.57472706 -7.8625902533917617e-08
    9.800000   2.63948889 -8.3381016530361477e-08
    9.800000   2.70424717 -8.7861333162989189e-08
    9.800000   2.76900006 -9.1965833721754797e-08
    9.800000   2.83374417 -9.5597372124892459e-08
    9.800000   2.89847256 -9.8666371369286063e-08
    9.800000   2.96316844 -1.0109450929108875e-07
    9.800000   3.02777863 -1.0281816538800368e-07
    9.800000   3.09200950 -1.0379163605694390e-07
    9.900000   0.04958315 -8.9448216554456171e-08
    9.900000   0.11381403 -8.8577784463327695e-08
    9.900000   0.17842421 -8.7036486284364196e-08
    9.900000   0.24312010 -8.4865052762202203e-08
    9.900000   0.30784849 -8.2120197456976588e-08
    9.900000   0.37259260 -7.8871762851196819e-08
    9.900000   0.43734549 -7.5199661059567539e-08
    9.900000   0.50210377 -7.1190599842858603e-08
    9.900000   0.56686560 -6.6934795635214857e-08
    9.900000   0.63162987 -6.2522870048417053e-08
    9.900000   0.69639591 -5.8043092495842415e-08
    9.900000   0.76116325 -5.3579086067130320e-08
    9.900000   0.82593158 -4.9208064160628992e-08
    9.900000   0.89070068 -4.4999617455692701e-08
    9.900000   0.95547037 -4.1015029019219839e-08
    9.900000   1.02024053 -3.7307062514098711e-08
    9.900000   1.08501108 -3.3920145776106946e-08
    9.900000   1.14978193 -3.0890859330575724e-08
    9.900000   1.21455301 -2.8248635483783202e-08
    9.900000   1.27932429 -2.6016576711942913e-08
    9.900000   1.34409571 -2.4212310131082056e-08
    9.900000   1.40886724 -2.2848806016488273e-08
    9.900000   1.47363885 -2.1935100979427955e-08
    9.900000   1.53841049 -2.1476879406950394e-08
    9.900000   1.60318216 -2.1476879328588157e-08
    9.900000   1.66795381 -2.1935100744156124e-08
    9.900000   1.73272541 -2.2848805623902998e-08
    9.900000   1.79749694 -2.4212309580181525e-08
    9.900000   1.86226837 -2.6016576001793484e-08
    9.900000   1.92703964 -2.8248634614061713e-08
    9.900000   1.99181073 -3.0890858299793590e-08
    9.900000   2.05658157 -3.3920144584088061e-08
    9.900000   2.12135212 -3.7307061160741033e-08
    9.900000   2.18612229 -4.1015027505113089e-08
    9.900000   2.25089198 -4.4999615782319126e-08
    9.900000   2.31566107 -4.9208062330476012e-08
    9.900000   2.38042940 -5.3579084083791199e-08
    9.900000   2.44519674 -5.8043090363995423e-08
    9.900000   2.50996278 -6.2522867774991290e-08
    9.900000   2.57472706 -6.6934793227701713e-08
    9.900000   2.63948889 -7.1190597311032006e-08
    9.900000   2.70424717 -7.5199658414108070e-08
    9.900000   2.76900006 -7.8871760104933217e-08
    9.900000   2.83374417 -8.2120194623487320e-08
    9.900000   2.89847256 -8.4865049856508405e-08
    9.900000   2.96316844 -8.7036483322395805e-08
    9.900000   3.02777863 -8.8577781461697861e-08
    9.900000   3.09200950 -8.9448213530535420e-08
   10.000000   0.04958315 -7.6843743967514838e-08
   10.000000   0.11381403 -7.6065371402013982e-08
   10.000000   0.17842421 -7.4687013153202445e-08
   10.000000   0.24312010 -7.2744977187709214e-08
   10.000000   0.30784849 -7.0289831816913434e-08
   10.000000   0.37259260 -6.7383871435912018e-08
   10.000000   0.43734549 -6.4098400037839944e-08
   10.000000   0.50210377 -6.0510821887194899e-08
   10.000000   0.56686560 -5.6701717710218577e-08
   10.000000   0.63162987 -5.2752080624428547e-08
   10.000000   0.69639591 -4.8740856450375299e-08
   10.000000   0.76116325 -4.4742893060820845e-08
   10.000000   0.82593158 -4.0827359630614968e-08
   10.000000   0.89070068 -3.7056654233088804e-08
   10.000000   0.95547037 -3.3485781095056915e-08
   10.000000   1.02024053 -3.0162149507187096e-08
   10.000000   1.08501108 -2.7125725981487390e-08
   10.000000   1.14978193 -2.4409459681447798e-08
   10.000000   1.21455301 -2.2039897368432162e-08
   10.000000   1.27932429 -2.0037906591022335e-08
   10.000000   1.34409571 -1.8419432839287377e-08
   10.000000   1.40886724 -1.7196226180594191e-08
   10.000000   1.47363885 -1.6376484104447467e-08
   10.000000   1.53841049 -1.5965368857237391e-08
   10.000000   1.60318216 -1.5965368789162673e-08
   10.000000   1.66795381 -1.6376483900410130e-08
   10.000000   1.73272541 -1.7196225839523235e-08
   10.000000   1.79749694 -1.8419432361111979e-08
   10.000000   1.86226837 -2.0037905974618043e-08
   10.000000   1.92703964 -2.2039896612987332e-08
   10.000000   1.99181073 -2.4409458786100677e-08
   10.000000   2.05658157 -2.7125724945095793e-08
   10.000000   2.12135212 -3.0162148330349960e-08
   10.000000   2.18612229 -3.3485779777559965e-08
   10.000000   2.25089198 -3.7056652775788034e-08
   10.000000   2.31566107 -4.0827358035712015e-08
   10.000000   2.38042940 -4.4742891331538325e-08
   10.000000   2.44519674 -4.8740854590826715e-08
   10.000000   2.50996278 -5.2752078640036101e-08
   10.000000   2.57472706 -5.6701715607684762e-08
   10.000000   2.63948889 -6.0510819674914301e-08
   10.000000   2.70424717 -6.4098397725567821e-08
   10.000000   2.76900006 -6.7383869034283570e-08
   10.000000   2.83374417 -7.0289829338041113e-08
   10.000000   2.89847256 -7.2744974645051144e-08
   10.000000   2.96316844 -7.4687010560814276e-08
   10.000000   3.02777863 -7.6065368774630634e-08
   10.000000   3.09200950 -7.6843741320303123e-08
   10.100000   0.04958315 -6.5778825704088352e-08
   10.100000   0.11381403 -6.5082714896566490e-08
   10.100000   0.17842421 -6.3849965828132689e-08
   10.100000   0.24312010 -6.2112951382522874e-08
   10.100000   0.30784849 -5.9916770300545957e-08
   10.100000   0.37259260 -5.7316995847666050e-08
   10.100000   0.43734549 -5.4377262768455205e-08
   10.100000   0.50210377 -5.1166681086830802e-08
   10.100000   0.56686560 -4.7757234550125444e-08
   10.100000   0.63162987 -4.4221318275540028e-08
   10.100000   0.69639591 -4.0629544274021260e-08
   10.100000   0.76116325 -3.7048908344615520e-08
   10.100000   0.82593158 -3.3541373184745859e-08
   10.100000   0.89070068 -3.0162884988919793e-08
   10.100000   0.95547037 -2.6962807802767187e-08
   10.100000   1.02024053 -2.3983733731322227e-08
   10.100000   1.08501108 -2.1261608762529489e-08
   10.100000   1.14978193 -1.8826103442205993e-08
   10.100000   1.21455301 -1.6701154041999389e-08
   10.100000   1.27932429 -1.4905601849328426e-08
   10.100000   1.34409571 -1.3453864270178042e-08
   10.100000   1.40886724 -1.2356580036191936e-08
   10.100000   1.47363885 -1.1621180735527910e-08
   10.100000   1.53841049 -1.1252351172378782e-08
   10.100000   1.60318216 -1.1252351113640455e-08
   10.100000   1.66795381 -1.1621180559285510e-08
   10.100000   1.73272541 -1.2356579741473573e-08
   10.100000   1.79749694 -1.3453863856698609e-08
   10.100000   1.86226837 -1.4905601316151805e-08
   10.100000   1.92703964 -1.6701153387859064e-08
   10.100000   1.99181073 -1.8826102666726435e-08
   10.100000   2.05658157 -2.1261607864431976e-08
   10.100000   2.12135212 -2.3983732710682006e-08
   10.100000   2.18612229 -2.6962806659391402e-08
   10.100000   2.25089198 -3.0162883723622777e-08
   10.100000   2.31566107 -3.3541371799214905e-08
   10.100000   2.38042940 -3.7048906841096100e-08
   10.100000   2.44519674 -4.0629542656326020e-08
   10.100000   2.50996278 -4.4221316548096304e-08
   10.100000   2.57472706 -4.7757232718730382e-08
   10.100000   2.63948889 -5.1166679158823996e-08
   10.100000   2.70424717 -5.4377260752234669e-08
   10.100000   2.76900006 -5.7316993752672310e-08
   10.100000   2.83374417 -5.9916768137473353e-08
   10.100000   2.89847256 -6.2112949163002725e-08
   10.100000   2.96316844 -6.3849963564580604e-08
   10.100000   3.02777863 -6.5082712602141431e-08
   10.100000   3.09200950 -6.5778823392341111e-08
   10.200000   0.04958315 -5.6076299688631266e-08
   10.200000   0.11381403 -5.5453704848245799e-08
   10.200000   0.17842421 -5.4351093313551587e-08
   10.200000   0.24312010 -5.2797335557312167e-08
   10.200000   0.30784849 -5.0832660501329367e-08
   10.200000   0.37259260 -4.8506654784184493e-08
   10.200000   0.43734549 -4.5876118473362633e-08
   10.200000   0.50210377 -4.3002765344766814e-08
   10.200000   0.56686560 -3.9950907412050941e-08
   10.200000   0.63162987 -3.6785260870276092e-08
   10.200000   0.69639591 -3.3568987942914496e-08
   10.200000   0.76116325 -3.0362058167747387e-08
   10.200000   0.82593158 -2.7219978499278030e-08
   10.200000   0.89070068 -2.4192908328830840e-08
   10.200000   0.95547037 -2.1325146182634264e-08
   10.200000   1.02024053 -1.8654951487275137e-08
   10.200000   1.08501108 -1.6214648328215278e-08
   10.200000   1.14978193 -1.4030948568566935e-08
   10.200000   1.21455301 -1.2125428284885678e-08
   10.200000   1.27932429 -1.0515093080423801e-08
   10.200000   1.34409571 -9.2129730672429637e-09
   10.200000   1.40886724 -8.2286958880306877e-09
   10.200000   1.47363885 -7.5689949259719325e-09
   10.200000   1.53841049 -7.2381190164604565e-09
   10.200000   1.60318216 -7.2381189659410483e-09
   10.200000   1.66795381 -7.5689947738406396e-09
   10.200000   1.73272541 -8.2286956341556004e-09
   10.200000   1.79749694 -9.2129727107837691e-09
   10.200000   1.86226837 -1.0515092620536850e-08
   10.200000   1.92703964 -1.2125427720812734e-08
   10.200000   1.99181073 -1.4030947898978589e-08
   10.200000   2.05658157 -1.6214647552475519e-08
   10.200000   2.12135212 -1.8654950604814686e-08
   10.200000   2.18612229 -2.1325145193610401e-08
   10.200000   2.25089198 -2.4192907233502334e-08
   10.200000   2.31566107 -2.7219977298888020e-08
   10.200000   2.38042940 -3.0362056864151551e-08
   10.200000   2.44519674 -3.3568986539166828e-08
   10.200000   2.50996278 -3.6785259370394354e-08
   10.200000   2.57472706 -3.9950905821385945e-08
   10.200000   2.63948889 -4.3002763668802225e-08
   10.200000   2.70424717 -4.5876116719864301e-08
   10.200000   2.76900006 -4.8506652961407396e-08
   10.200000   2.83374417 -5.0832658618680468e-08
   10.200000   2.89847256 -5.2797333625030585e-08
   10.200000   2.96316844 -5.4351091342591430e-08
   10.200000   3.02777863 -5.5453702849858681e-08
   10.200000   3.09200950 -5.6076297675112236e-08
   10.300000   0.04958315 -4.7578795622561569e-08
   10.300000   0.11381403 -4.7021908253381713e-08
   10.300000   0.17842421 -4.6035619316199514e-08
   10.300000   0.24312010 -4.4645680957361257e-08
   10.300000   0.30784849 -4.2887984940664176e-08
   10.300000   0.37259260 -4.0806784003484753e-08
   10.300000   0.43734549 -3.8452785741355067e-08
   10.300000   0.50210377 -3.5881107006861767e-08
   10.300000   0.56686560 -3.3149212518879515e-08
   10.300000   0.63162987 -3.0314959460434610e-08
   10.300000   0.69639591 -2.7434849958898734e-08
   10.300000   0.76116325 -2.4562566072232548e-08
   10.300000   0.82593158 -2.1747831724195210e-08
   10.300000   0.89070068 -1.9035616537124089e-08
   10.300000   0.95547037 -1.6465670413479554e-08
   10.300000   1.02024053 -1.4072356864775708e-08
   10.300000   1.08501108 -1.1884738297231403e-08
   10.300000   1.14978193 -9.9268577910880366e-09
   10.300000   1.21455301 -8.2181587151285102e-09
   10.300000   1.27932429 -6.7739847757332109e-09
   10.300000   1.34409571 -5.6061076433102763e-09
   10.300000   1.40886724 -4.7232359639469321e-09
   10.300000   1.47363885 -4.1314673329684893e-09
   10.300000   1.53841049 -3.8346529786989456e-09
   10.300000   1.60318216 -3.8346529352193895e-09
   10.300000   1.66795381 -4.1314672023021280e-09
   10.300000   1.73272541 -4.7232357459725496e-09
   10.300000   1.79749694 -5.6061073372110302e-09
   10.300000   1.86226837 -6.7739843805993952e-09
   10.300000   1.92703964 -8.2181582300083097e-09
   10.300000   1.99181073 -9.9268572150897705e-09
   10.300000   2.05658157 -1.1884737629543471e-08
   10.300000   2.12135212 -1.4072356104927400e-08
   10.300000   2.18612229 -1.6465669560915032e-08
   10.300000   2.25089198 -1.9035615591956214e-08
   10.300000   2.31566107 -2.1747830687615708e-08
   10.300000   2.38042940 -2.4562564945679076e-08
   10.300000   2.44519674 -2.7434848744934857e-08
   10.300000   2.50996278 -3.0314958162476666e-08
   10.300000   2.57472706 -3.3149211141288198e-08
   10.300000   2.63948889 -3.5881105554660043e-08
   10.300000   2.70424717 -3.8452784221351571e-08
   10.300000   2.76900006 -4.0806782422294449e-08
   10.300000   2.83374417 -4.2887983307130293e-08
   10.300000   2.89847256 -4.4645679279711583e-08
   10.300000   2.96316844 -4.6035617604447108e-08
   10.300000   3.02777863 -4.7021906517812918e-08
   10.300000   3.09200950 -4.7578793873456652e-08
   10.400000   0.04958315 -4.0146559527213215e-08
   10.400000   0.11381403 -3.9648406624822518e-08
   10.400000   0.17842421 -3.8766102346301146e-08
   10.400000   0.24312010 -3.7522621649704472e-08
   10.400000   0.30784849 -3.5949992456355384e-08
   10.400000   0.37259260 -3.4087713927623929e-08
   10.400000   0.43734549 -3.1981061532073490e-08
   10.400000   0.50210377 -2.9679266953092172e-08
   10.400000   0.56686560 -2.7233682450412882e-08
   10.400000   0.63162987 -2.4696037804771125e-08
   10.400000   0.69639591 -2.2116880567380298e-08
   10.400000   0.76116325 -1.9544266264996320e-08
   10.400000   0.82593158 -1.7022738553749978e-08
   10.400000   0.89070068 -1.4592613137567896e-08
   10.400000   0.95547037 -1.2289556083092192e-08
   10.400000   1.02024053 -1.0144428526339744e-08
   10.400000   1.08501108 -8.1833565024572085e-09
   10.400000   1.14978193 -6.4279767739574242e-09
   10.400000   1.21455301 -4.8958065328315049e-09
   10.400000   1.27932429 -3.6006858510146576e-09
   10.400000   1.34409571 -2.5532456861322979e-09
   10.400000   1.40886724 -1.7613601160485546e-09
   10.400000   1.47363885 -1.2305483617413663e-09
   10.400000   1.53841049 -9.6429942970021260e-10
   10.400000   1.60318216 -9.6429939266009212e-10
   10.400000   1.66795381 -1.2305482502537539e-09
   10.400000   1.73272541 -1.7613599298299281e-09
   10.400000   1.79749694 -2.5532454245904962e-09
   10.400000   1.86226837 -3.6006855130763839e-09
   10.400000   1.92703964 -4.8958061178306109e-09
   10.400000   1.99181073 -6.4279762806414206e-09
   10.400000   2.05658157 -8.1833559302483246e-09
   10.400000   2.12135212 -1.0144427874501256e-08
   10.400000   2.18612229 -1.2289555350991076e-08
   10.400000   2.25089198 -1.4592612325374051e-08
   10.400000   2.31566107 -1.7022737662058854e-08
   10.400000   2.38042940 -1.9544265295428106e-08
   10.400000   2.44519674 -2.2116879521361997e-08
   10.400000   2.50996278 -2.4696036685341392e-08
   10.400000   2.57472706 -2.7233681261296944e-08
   10.400000   2.63948889 -2.9679265698989345e-08
   10.400000   2.70424717 -3.1981060218243835e-08
   10.400000   2.76900006 -3.4087712560438524e-08
   10.400000   2.83374417 -3.5949991042952228e-08
   10.400000   2.89847256 -3.7522620197972560e-08
   10.400000   2.96316844 -3.8766100864467178e-08
   10.400000   3.02777863 -3.9648405121977389e-08
   10.400000   3.09200950 -4.0146558012577559e-08
   10.500000   0.04958315 -3.3655515619565467e-08
   10.500000   0.11381403 -3.3209869213122587e-08
   10.500000   0.17842421 -3.2420528929025258e-08
   10.500000   0.24312010 -3.1307995678353324e-08
   10.500000   0.30784849 -2.9900854313657191e-08
   10.500000   0.37259260 -2.8234366597669588e-08
   10.500000   0.43734549 -2.6348963602754913e-08
   10.500000   0.50210377 -2.4288625835401146e-08
   10.500000   0.56686560 -2.2099248238532893e-08
   10.500000   0.63162987 -1.9827086139281380e-08
   10.500000   0.69639591 -1.7517362907966132e-08
   10.500000   0.76116325 -1.5213098879150332e-08
   10.500000   0.82593158 -1.2954197487899742e-08
   10.500000   0.89070068 -1.0776801378355065e-08
   10.500000   0.95547037 -8.7129105916664329e-09
   10.500000   1.02024053 -6.7902383268080102e-09
   10.500000   1.08501108 -5.0322678573652362e-09
   10.500000   1.14978193 -3.4584670689179443e-09
   10.500000   1.21455301 -2.0846143015164665e-09
   10.500000   1.27932429 -9.2318994112656233e-10
   10.500000   1.34409571  1.6208361592413709e-11
   10.500000   1.40886724  7.2646383129458563e-10
   10.500000   1.47363885  1.2025829233264495e-09
   10.500000   1.53841049  1.4414062892962138e-09
   10.500000   1.60318216  1.4414063210043716e-09
   10.500000   1.66795381  1.2025830178400908e-09
   10.500000   1.73272541  7.2646398963346508e-10
   10.500000   1.79749694  1.6208584195901367e-11
   10.500000   1.86226837 -9.2318965346271214e-10
   10.500000   1.92703964 -2.0846139477189162e-09
   10.500000   1.99181073 -3.4584666485713430e-09
   10.500000   2.05658157 -5.0322673687528917e-09
   10.500000   2.12135212 -6.7902377698228106e-09
   10.500000   2.18612229 -8.7129099654771252e-09
   10.500000   2.25089198 -1.0776800683387883e-08
   10.500000   2.31566107 -1.2954196724085525e-08
   10.500000   2.38042940 -1.5213098047127448e-08
   10.500000   2.44519674 -1.7517362010227165e-08
   10.500000   2.50996278 -1.9827085177535849e-08
   10.500000   2.57472706 -2.2099247215836337e-08
   10.500000   2.63948889 -2.4288624756257107e-08
   10.500000   2.70424717 -2.6348962471480423e-08
   10.500000   2.76900006 -2.8234365419802559e-08
   10.500000   2.83374417 -2.9900853095158355e-08
   10.500000   2.89847256 -3.1307994426395204e-08
   10.500000   2.96316844 -3.2420527650572590e-08
   10.500000   3.02777863 -3.3209867916435788e-08
   10.500000   3.09200950 -3.3655514312236287e-08
   10.600000   0.04958315 -2.7995539490837994e-08
   10.600000   0.11381403 -2.7596836202846163e-08
   10.600000   0.17842421 -2.6890614454060867e-08
   10.600000   0.24312010 -2.5895170606669156e-08
   10.600000   0.30784849 -2.4636020662539956e-08
   10.600000   0.37259260 -2.3144648279326631e-08
   10.600000   0.43734549 -2.1457163420566464e-08
   10.600000   0.50210377 -1.9612860301154968e-08
   10.600000   0.56686560 -1.7652760784899877e-08
   10.600000   0.63162987 -1.5618228590098454e-08
   10.600000   0.69639591 -1.3549726239071280e-08
   10.600000   0.76116325 -1.1485767943550076e-08
   10.600000   0.82593158 -9.4621007512860893e-09
   10.600000   0.89070068 -7.5111256825489431e-09
   10.600000   0.95547037 -5.6615522336589486e-09
   10.600000   1.02024053 -3.9382647676428057e-09
   10.600000   1.08501108 -2.3623686521699838e-09
   10.600000   1.14978193 -9.5137755350412456e-10
   10.600000   1.21455301  2.8049928760619778e-10
   10.600000   1.27932429  1.3220103803500505e-09
   10.600000   1.34409571  2.1644935242708297e-09
   10.600000   1.40886724  2.8015186487972753e-09
   10.600000   1.47363885  3.2285696020586164e-09
   10.600000   1.53841049  3.4427867918251271e-09
   10.600000   1.60318216  3.4427868184741638e-09
   10.600000   1.66795381  3.2285696823124950e-09
   10.600000   1.73272541  2.8015187826713918e-09
   10.600000   1.79749694  2.1644937124546606e-09
   10.600000   1.86226837  1.3220106239335374e-09
   10.600000   1.92703964  2.8049958733238791e-10
   10.600000   1.99181073 -9.5137719688413141e-10
   10.600000   2.05658157 -2.3623682376547014e-09
   10.600000   2.12135212 -3.9382642942208680e-09
   10.600000   2.18612229 -5.6615517008920224e-09
   10.600000   2.25089198 -7.5111250905332210e-09
   10.600000   2.31566107 -9.4621000999776970e-09
   10.600000   2.38042940 -1.1485767233658732e-08
   10.600000   2.44519674 -1.3549725471845334e-08
   10.600000   2.50996278 -1.5618227767494347e-08
   10.600000   2.57472706 -1.7652759909516283e-08
   10.600000   2.63948889 -1.9612859376389330e-08
   10.600000   2.70424717 -2.1457162450457925e-08
   10.600000   2.76900006 -2.3144647268564809e-08
   10.600000   2.83374417 -2.4636019616341323e-08
   10.600000   2.89847256 -2.5895169531263934e-08
   10.600000   2.96316844 -2.6890613355502525e-08
   10.600000   3.02777863 -2.7596835088119722e-08
   10.600000   3.09200950 -2.7995538366887447e-08
   10.700000   0.04958315 -2.3068919521489837e-08
   10.700000   0.11381403 -2.2712188981741744e-08
   10.700000   0.17842421 -2.2080289062547112e-08
   10.700000   0.24312010 -2.1189551255401608e-08
   10.700000   0.30784849 -2.0062755653687427e-08
   10.700000   0.37259260 -1.8728016631678185e-08
   10.700000   0.43734549 -1.7217589093102067e-08
   10.700000   0.50210377 -1.5566584412644547e-08
   10.700000   0.56686560 -1.3811672489662249e-08
   10.700000   0.63162987 -1.1989845787660985e-08
   10.700000   0.69639591 -1.0137309429072471e-08
   10.700000   0.76116325 -8.2885448756524775e-09
   10.700000   0.82593158 -6.4755762279739067e-09
   10.700000   0.89070068 -4.7274499257635520e-09
   10.700000   0.95547037 -3.0699222751171221e-09
   10.700000   1.02024053 -1.5253359862732531e-09
   10.700000   1.08501108 -1.1265732694690160e-10
   10.700000   1.14978193  1.1523603191616201e-09
   10.700000   1.21455301  2.2569230980632888e-09
   10.700000   1.27932429  3.1908896972185740e-09
   10.700000   1.34409571  3.9464443137381634e-09
   10.700000   1.40886724  4.5177791665050411e-09
   10.700000   1.47363885  4.9008113324453586e-09
   10.700000   1.53841049  5.0929535636088223e-09
   10.700000   1.60318216  5.0929535861651551e-09
   10.700000   1.66795381  4.9008113995291835e-09
   10.700000   1.73272541  4.5177792789042957e-09
   10.700000   1.79749694  3.9464444720501524e-09
   10.700000   1.86226837  3.1908899020578453e-09
   10.700000   1.92703964  2.2569233502093775e-09
   10.700000   1.99181073  1.1523606198348586e-09
   10.700000   2.05658157 -1.1265697719703285e-10
   10.700000   2.12135212 -1.5253355864287910e-09
   10.700000   2.18612229 -3.0699218248207510e-09
   10.700000   2.25089198 -4.7274494243772799e-09
   10.700000   2.31566107 -6.4755756757909265e-09
   10.700000   2.38042940 -8.2885442729370204e-09
   10.700000   2.44519674 -1.0137308776877247e-08
   10.700000   2.50996278 -1.1989845087298103e-08
   10.700000   2.57472706 -1.3811671744042525e-08
   10.700000   2.63948889 -1.5566583623895748e-08
   10.700000   2.70424717 -1.7217588264742576e-08
   10.700000   2.76900006 -1.8728015768176803e-08
   10.700000   2.83374417 -2.0062754759436307e-08
   10.700000   2.89847256 -2.1189550335396746e-08
   10.700000   2.96316844 -2.2080288122610950e-08
   10.700000   3.02777863 -2.2712188027727272e-08
   10.700000   3.09200950 -2.3068918559314175e-08
   10.800000   0.04958315 -1.8788986038513380e-08
   10.800000   0.11381403 -1.8469787142677794e-08
   10.800000   0.17842421 -1.7904348477719165e-08
   10.800000   0.24312010 -1.7107249903417001e-08
   10.800000   0.30784849 -1.6098831922910284e-08
   10.800000   0.37259260 -1.4904203635361565e-08
   10.800000   0.43734549 -1.3552180076970697e-08
   10.800000   0.50210377 -1.2074138587539277e-08
   10.800000   0.56686560 -1.0502862006663504e-08
   10.800000   0.63162987 -8.8714361681199635e-09
   10.800000   0.69639591 -7.2122587684061394e-09
   10.800000   0.76116325 -5.5562020610051377e-09
   10.800000   0.82593158 -3.9319554798511251e-09
   10.800000   0.89070068 -2.3655580502452947e-09
   10.800000   0.95547037 -8.8011592512050315e-10
   10.800000   1.02024053  5.0431146457168195e-10
   10.800000   1.08501108  1.7706817276416464e-09
   10.800000   1.14978193  2.9048266424749071e-09
   10.800000   1.21455301  3.8952286540989095e-09
   10.800000   1.27932429  4.7327489647439686e-09
   10.800000   1.34409571  5.4103372134939802e-09
   10.800000   1.40886724  5.9227492073211413e-09
   10.800000   1.47363885  6.2662949149819807e-09
   10.800000   1.53841049  6.4386343474792497e-09
   10.800000   1.60318216  6.4386343663944508e-09
   10.800000   1.66795381  6.2662949707349126e-09
   10.800000   1.73272541  5.9227493009188428e-09
   10.800000   1.79749694  5.4103373452609509e-09
   10.800000   1.86226837  4.7327491356672665e-09
   10.800000   1.92703964  3.8952288646797134e-09
   10.800000   1.99181073  2.9048268935868580e-09
   10.800000   2.05658157  1.7706820203680793e-09
   10.800000   2.12135212  5.0431179982054135e-10
   10.800000   2.18612229 -8.8011554672140945e-10
   10.800000   2.25089198 -2.3655576281836924e-09
   10.800000   2.31566107 -3.9319550142740816e-09
   10.800000   2.38042940 -5.5562015524258684e-09
   10.800000   2.44519674 -7.2122582172073907e-09
   10.800000   2.50996278 -8.8714355756838136e-09
   10.800000   2.57472706 -1.0502861374393010e-08
   10.800000   2.63948889 -1.2074137918497440e-08
   10.800000   2.70424717 -1.3552179373722334e-08
   10.800000   2.76900006 -1.4904202901467884e-08
   10.800000   2.83374417 -1.6098831162409978e-08
   10.800000   2.89847256 -1.7107249120639583e-08
   10.800000   2.96316844 -1.7904347677391476e-08
   10.800000   3.02777863 -1.8469786330157128e-08
   10.800000   3.09200950 -1.8788985219161314e-08
   10.900000   0.04958315 -1.5078889998677464e-08
   10.900000   0.11381403 -1.4793254120307169e-08
   10.900000   0.17842421 -1.4287251911291128e-08
   10.900000   0.24312010 -1.3573901378819979e-08
   10.900000   0.30784849 -1.2671367240573155e-08
   10.900000   0.37259260 -1.1602077522900565e-08
   10.900000   0.43734549 -1.0391777373685902e-08
   10.900000   0.50210377 -9.0685102741095143e-09
   10.900000   0.56686560 -7.6615868359263284e-09
   10.900000   0.63162987 -6.2006011894105941e-09
   10.900000   0.69639591 -4.7145458049800751e-09
   10.900000   0.76116325 -3.2310626980976767e-09
   10.900000   0.82593158 -1.7758544402393281e-09
   10.900000   0.89070068 -3.7226400750574309e-10
   10.900000   0.95547037  9.5898044930520103e-10
   10.900000   1.02024053  2.1998703902663315e-09
   10.900000   1.08501108  3.3350934072295215e-09
   10.900000   1.14978193  4.3519083923902010e-09
   10.900000   1.21455301  5.2399483163638247e-09
   10.900000   1.27932429  5.9909793309168247e-09
   10.900000   1.34409571  6.5986429915981127e-09
   10.900000   1.40886724  7.0582052637974829e-09
   10.900000   1.47363885  7.3663322094975269e-09
   10.900000   1.53841049  7.5209081768683595e-09
   10.900000   1.60318216  7.5209081923301519e-09
   10.900000   1.66795381  7.3663322557492035e-09
   10.900000   1.73272541  7.0582053409516288e-09
   10.900000   1.79749694  6.5986431005556516e-09
   10.900000   1.86226837  5.9909794719928165e-09
   10.900000   1.92703964  5.2399484907499414e-09
   10.900000   1.99181073  4.3519086006436380e-09
   10.900000   2.05658157  3.3350936502308225e-09
   10.900000   2.12135212  2.1998706691516933e-09
   10.900000   2.18612229  9.5898076470250586e-10
   10.900000   2.25089198 -3.7226365522329856e-10
   10.900000   2.31566107 -1.7758540511841157e-09
   10.900000   2.38042940 -3.2310622719613228e-09
   10.900000   2.44519674 -4.7145453421162137e-09
   10.900000   2.50996278 -6.2006006913302146e-09
   10.900000   2.57472706 -7.6615863038665878e-09
   10.900000   2.63948889 -9.0685097101688663e-09
   10.900000   2.70424717 -1.0391776780435661e-08
   10.900000   2.76900006 -1.1602076903199718e-08
   10.900000   2.83374417 -1.2671366597721593e-08
   10.900000   2.89847256 -1.3573900716427449e-08
   10.900000   2.96316844 -1.4287251233589558e-08
   10.900000   3.02777863 -1.4793253432051618e-08
   10.900000   3.09200950 -1.5078889304622366e-08
   11.000000   0.04958315 -1.1870514981252383e-08
   11.000000   0.11381403 -1.1614895354702862e-08
   11.000000   0.17842421 -1.1162051120607586e-08
   11.000000   0.24312010 -1.0523607382742299e-08
   11.000000   0.30784849 -9.7157880003951386e-09
   11.000000   0.37259260 -8.7586287503575529e-09
   11.000000   0.43734549 -7.6751346588872533e-09
   11.000000   0.50210377 -6.4903722406502023e-09
   11.000000   0.56686560 -5.2305500926004487e-09
   11.000000   0.63162987 -3.9221412199981450e-09
   11.000000   0.69639591 -2.5910924023168203e-09
   11.000000   0.76116325 -1.2621545058257605e-09
   11.000000   0.82593158  4.1645224055744524e-11
   11.000000   0.89070068  1.2993806395299462e-09
   11.000000   0.95547037  2.4924572189847333e-09
   11.000000   1.02024053  3.6047083546210684e-09
   11.000000   1.08501108  4.6223770049450315e-09
   11.000000   1.14978193  5.5340066022964566e-09
   11.000000   1.21455301  6.3302669719862756e-09
   11.000000   1.27932429  7.0037408664585602e-09
   11.000000   1.34409571  7.5486950391122863e-09
   11.000000   1.40886724  7.9608570245225799e-09
   11.000000   1.47363885  8.2372154536835474e-09
   11.000000   1.53841049  8.3758580901891808e-09
   11.000000   1.60318216  8.3758581027441066e-09
   11.000000   1.66795381  8.2372154913434544e-09
   11.000000   1.73272541  7.9608570873098252e-09
   11.000000   1.79749694  7.5486951279297012e-09
   11.000000   1.86226837  7.0037409816848601e-09
   11.000000   1.92703964  6.3302671145350591e-09
   11.000000   1.99181073  5.5340067732855104e-09
   11.000000   2.05658157  4.6223772046897603e-09
   11.000000   2.12135212  3.6047085843111350e-09
   11.000000   2.18612229  2.4924574792753177e-09
   11.000000   2.25089198  1.2993809308327293e-09
   11.000000   2.31566107  4.1645546489799348e-11
   11.000000   2.38042940 -1.2621541516714130e-09
   11.000000   2.44519674 -2.5910920172256494e-09
   11.000000   2.50996278 -3.9221408046963474e-09
   11.000000   2.57472706 -5.2305496481881272e-09
   11.000000   2.63948889 -6.4903717686939253e-09
   11.000000   2.70424717 -7.6751341616893969e-09
   11.000000   2.76900006 -8.7586282302352495e-09
   11.000000   2.83374417 -9.7157874601980947e-09
   11.000000   2.89847256 -1.0523606826136337e-08
   11.000000   2.96316844 -1.1162050550841677e-08
   11.000000   3.02777863 -1.1614894775867131e-08
   11.000000   3.09200950 -1.1870514397021774e-08
   11.250000   0.04958315 -5.6653311231699173e-09
   11.250000   0.11381403 -5.4716093299268417e-09
   11.250000   0.17842421 -5.1283925849168602e-09
   11.250000   0.24312010 -4.6444464950833387e-09
   11.250000   0.30784849 -4.0320090915801258e-09
   11.250000   0.37259260 -3.3062011722910323e-09
   11.250000   0.43734549 -2.4843949642203017e-09
   11.250000   0.50210377 -1.5855332632624200e-09
   11.250000   0.56686560 -6.2943881490715295e-10
   11.250000   0.63162987  3.6384619944308092e-10
   11.250000   0.69639591  1.3746565694195131e-09
   11.250000   0.76116325  2.3842107687708827e-09
   11.250000   0.82593158  3.3750119182312085e-09
   11.250000   0.89070068  4.3311364551707082e-09
   11.250000   0.95547037  5.2384125970794638e-09
   11.250000   1.02024053  6.0844977983086439e-09
   11.250000   1.08501108  6.8588696251900636e-09
   11.250000   1.14978193  7.5527477952990339e-09
   11.250000   1.21455301  8.1589666222696589e-09
   11.250000   1.27932429  8.6718170831248532e-09
   11.250000   1.34409571  9.0868765395187648e-09
   11.250000   1.40886724  9.4008421353629359e-09
   11.250000   1.47363885  9.6113814073143892e-09
   11.250000   1.53841049  9.7170109147350484e-09
   11.250000   1.60318216  9.7170109214627532e-09
   11.250000   1.66795381  9.6113814280776069e-09
   11.250000   1.73272541  9.4008421702553911e-09
   11.250000   1.79749694  9.0868765887256615e-09
   11.250000   1.86226837  8.6718171478236567e-09
   11.250000   1.92703964  8.1589667028053249e-09
   11.250000   1.99181073  7.5527478921937515e-09
   11.250000   2.05658157  6.8588697396569008e-09
   11.250000   2.12135212  6.0844979312914427e-09
   11.250000   2.18612229  5.2384127486342896e-09
   11.250000   2.25089198  4.3311366261870589e-09
   11.250000   2.31566107  3.3750121095161845e-09
   11.250000   2.38042940  2.3842109803546965e-09
   11.250000   2.44519674  1.3746568012025604e-09
   11.250000   2.50996278  3.6384645118275526e-10
   11.250000   2.57472706 -6.2943854397725609e-10
   11.250000   2.63948889 -1.5855329740111506e-09
   11.250000   2.70424717 -2.4843946578168392e-09
   11.250000   2.76900006 -3.3062008507522871e-09
   11.250000   2.83374417 -4.0320087563892982e-09
   11.250000   2.89847256 -4.6444461484405371e-09
   11.250000   2.96316844 -5.1283922295434221e-09
   11.250000   3.02777863 -5.4716089680499755e-09
   11.250000   3.09200950 -5.6653307575978509e-09
   11.500000   0.04958315 -1.4680535991947391e-09
   11.500000   0.11381403 -1.3211782240466812e-09
   11.500000   0.17842421 -1.0609396728194619e-09
   11.500000   0.24312010 -6.9395263072841028e-10
   11.500000   0.30784849 -2.2945552066335274e-10
   11.500000   0.37259260  3.2113192943735921e-10
   11.500000   0.43734549  9.4468226741689762e-10
   11.500000   0.50210377  1.6268715611324631e-09
   11.500000   0.56686560  2.3526986867212146e-09
   11.500000   0.63162987  3.1069828294574228e-09
   11.500000   0.69639591  3.8748136737803186e-09
   11.500000   0.76116325  4.6419349589141146e-09
   11.500000   0.82593158  5.3950491550052588e-09
   11.500000   0.89070068  6.1220381019051077e-09
   11.500000   0.95547037  6.8121009266842940e-09
   11.500000   1.02024053  7.4558159008009291e-09
   11.500000   1.08501108  8.0451368893944221e-09
   11.500000   1.14978193  8.5733375802606120e-09
   11.500000   1.21455301  9.0349178849031116e-09
   11.500000   1.27932429  9.4254869496189433e-09
   11.500000   1.34409571  9.7416363675778142e-09
   11.500000   1.40886724  9.9808157239390711e-09
   11.500000   1.47363885  1.0141220745038235e-08
   11.500000   1.53841049  1.0221702286883351e-08
   11.500000   1.60318216  1.0221702289774411e-08
   11.500000   1.66795381  1.0141220754243863e-08
   11.500000   1.73272541  9.9808157393715714e-09
   11.500000   1.79749694  9.7416363898604998e-09
   11.500000   1.86226837  9.4254869789019095e-09
   11.500000   1.92703964  9.0349179221535857e-09
   11.500000   1.99181073  8.5733376260143672e-09
   11.500000   2.05658157  8.0451369447681604e-09
   11.500000   2.12135212  7.4558159660053252e-09
   11.500000   2.18612229  6.8121010024778592e-09
   11.500000   2.25089198  6.1220381889387621e-09
   11.500000   2.31566107  5.3950492540966001e-09
   11.500000   2.38042940  4.6419350704666928e-09
   11.500000   2.44519674  3.8748137978665301e-09
   11.500000   2.50996278  3.1069829659804297e-09
   11.500000   2.57472706  2.3526988352904817e-09
   11.500000   2.63948889  1.6268717215493726e-09
   11.500000   2.70424717  9.4468243886923852e-10
   11.500000   2.76900006  3.2113211118167548e-10
   11.500000   2.83374417 -2.2945533036522648e-10
   11.500000   2.89847256 -6.9395243296762815e-10
   11.500000   2.96316844 -1.0609394691606776e-09
   11.500000   3.02777863 -1.3211780159220658e-09
   11.500000   3.09200950 -1.4680533887345894e-09
   11.750000   0.04958315  1.2878732760725148e-09
   11.750000   0.11381403  1.3992786356065703e-09
   11.750000   0.17842421  1.5966840578744676e-09
   11.750000   0.24312010  1.8750942901829404e-09
   11.750000   0.30784849  2.2275303203743086e-09
   11.750000   0.37259260  2.6453617132652591e-09
   11.750000   0.43734549  3.1186622483704037e-09
   11.750000   0.50210377  3.6365942007440331e-09
   11.750000   0.56686560  4.1877991603767331e-09
   11.750000   0.63162987  4.7607730529388809e-09
   11.750000   0.69639591  5.3442061725634639e-09
   11.750000   0.76116325  5.9272736380733239e-09
   11.750000   0.82593158  6.4998669321708267e-09
   11.750000   0.89070068  7.0527624819477310e-09
   11.750000   0.95547037  7.5777280919386711e-09
   11.750000   1.02024053  8.0675720680375037e-09
   11.750000   1.08501108  8.5161429056164761e-09
   11.750000   1.14978193  8.9182893618484718e-09
   11.750000   1.21455301  9.2697916869214451e-09
   11.750000   1.27932429  9.5672748607051759e-09
   11.750000   1.34409571  9.8081140996603257e-09
   11.750000   1.40886724  9.9903418031869749e-09
   11.750000   1.47363885  1.0112563750119121e-08
   11.750000   1.53841049  1.0173890802848998e-08
   11.750000   1.60318216  1.0173890803292169e-08
   11.750000   1.66795381  1.0112563751270111e-08
   11.750000   1.73272541  9.9903418054874966e-09
   11.750000   1.79749694  9.8081141033215611e-09
   11.750000   1.86226837  9.5672748663926018e-09
   11.750000   1.92703964  9.2697916949925904e-09
   11.750000   1.99181073  8.9182893730999016e-09
   11.750000   2.05658157  8.5161429204736623e-09
   11.750000   2.12135212  8.0675720869559035e-09
   11.750000   2.18612229  7.5777281159713202e-09
   11.750000   2.25089198  7.0527625117561563e-09
   11.750000   2.31566107  6.4998669680739254e-09
   11.750000   2.38042940  5.9272736806008688e-09
   11.750000   2.44519674  5.3442062221571743e-09
   11.750000   2.50996278  4.7607731098070377e-09
   11.750000   2.57472706  4.1877992247655101e-09
   11.750000   2.63948889  3.6365942720958787e-09
   11.750000   2.70424717  3.1186623264818601e-09
   11.750000   2.76900006  2.6453617974631279e-09
   11.750000   2.83374417  2.2275304101443823e-09
   11.750000   2.89847256  1.8750943845361688e-09
   11.750000   2.96316844  1.5966841560628877e-09
   11.750000   3.02777863  1.3992787363143776e-09
   11.750000   3.09200950  1.2878733783278984e-09
   12.000000   0.04958315  3.0182201256169071e-09
   12.000000   0.11381403  3.1027578540771446e-09
   12.000000   0.17842421  3.2525647877278145e-09
   12.000000   0.24312010  3.4638659810414388e-09
   12.000000   0.30784849  3.7313856727864322e-09
   12.000000   0.37259260  4.0485971791468514e-09
   12.000000   0.43734549  4.4079902329990403e-09
   12.000000   0.50210377  4.8013601102721184e-09
   12.000000   0.56686560  5.2201020185755914e-09
   12.000000   0.63162987  5.6554940029841057e-09
   12.000000   0.69639591  6.0989539375824407e-09
   12.000000   0.76116325  6.5422595737799007e-09
   12.000000   0.82593158  6.9777245286995421e-09
   12.000000   0.89070068  7.3983270639292793e-09
   12.000000   0.95547037  7.7977921263359381e-09
   12.000000   1.02024053  8.1706301878508265e-09
   12.000000   1.08501108  8.5121387014841869e-09
   12.000000   1.14978193  8.8183734990457296e-09
   12.000000   1.21455301  9.0860982045458150e-09
   12.000000   1.27932429  9.3127198229094359e-09
   12.000000   1.34409571  9.4962182428002849e-09
   12.000000   1.40886724  9.6350766118946020e-09
   12.000000   1.47363885  9.7282184949703064e-09
   12.000000   1.53841049  9.7749565941306565e-09
   12.000000   1.60318216  9.7749565928978530e-09
   12.000000   1.66795381  9.7282184910699629e-09
   12.000000   1.73272541  9.6350766057303776e-09
   12.000000   1.79749694  9.4962182345471896e-09
   12.000000   1.86226837  9.3127198124842503e-09
   12.000000   1.92703964  9.0860981934839535e-09
   12.000000   1.99181073  8.8183734869648113e-09
   12.000000   2.05658157  8.5121386895636143e-09
   12.000000   2.12135212  8.1706301764346157e-09
   12.000000   2.18612229  7.7977921158087645e-09
   12.000000   2.25089198  7.3983270550317086e-09
   12.000000   2.31566107  6.9777245224619493e-09
   12.000000   2.38042940  6.5422595702939871e-09
   12.000000   2.44519674  6.0989539374573296e-09
   12.000000   2.50996278  5.6554940062957530e-09
   12.000000   2.57472706  5.2201020255744401e-09
   12.000000   2.63948889  4.8013601211253070e-09
   12.000000   2.70424717  4.4079902475143991e-09
   12.000000   2.76900006  4.0485971970128508e-09
   12.000000   2.83374417  3.7313856939141958e-09
   12.000000   2.89847256  3.4638660047434589e-09
   12.000000   2.96316844  3.2525648136692420e-09
   12.000000   3.02777863  3.1027578817547473e-09
   12.000000   3.09200950  3.0182201538506324e-09
   12.250000   0.04958315  4.0269455839549298e-09
   12.250000   0.11381403  4.0911231443231343e-09
   12.250000   0.17842421  4.2048573577712240e-09
   12.250000   0.24312010  4.3652935574689800e-09
   12.250000   0.30784849  4.5684409476594320e-09
   12.250000   0.37259260  4.8093606853565228e-09
   12.250000   0.43734549  5.0823670407447572e-09
   12.250000   0.50210377  5.3812451217155341e-09
   12.250000   0.56686560  5.6994728094049299e-09
   12.250000   0.63162987  6.0304343291343322e-09
   12.250000   0.69639591  6.3676145978100789e-09
   12.250000   0.76116325  6.7047660037312622e-09
   12.250000   0.82593158  7.0360422070677814e-09
   12.250000   0.89070068  7.3560964928770625e-09
   12.250000   0.95547037  7.6601449607958629e-09
   12.250000   1.02024053  7.9439971181887543e-09
   12.250000   1.08501108  8.2040581947593879e-09
   12.250000   1.14978193  8.4373086467253901e-09
   12.250000   1.21455301  8.6412669035123017e-09
   12.250000   1.27932429  8.8139414995205495e-09
   12.250000   1.34409571  8.9537784372760183e-09
   12.250000   1.40886724  9.0596090443240686e-09
   12.250000   1.47363885  9.1306028213923034e-09
   12.250000   1.53841049  9.1662289120726011e-09
   12.250000   1.60318216  9.1662289096277497e-09
   12.250000   1.66795381  9.1306028144860865e-09
   12.250000   1.73272541  9.0596090326128703e-09
   12.250000   1.79749694  8.9537784213456099e-09
   12.250000   1.86226837  8.8139414795623853e-09
   12.250000   1.92703964  8.6412668801235250e-09
   12.250000   1.99181073  8.4373086202071460e-09
   12.250000   2.05658157  8.2040581659086003e-09
   12.250000   2.12135212  7.9439970872729517e-09
   12.250000   2.18612229  7.6601449286162871e-09
   12.250000   2.25089198  7.3560964595739240e-09
   12.250000   2.31566107  7.0360421735709403e-09
   12.250000   2.38042940  6.7047659703196266e-09
   12.250000   2.44519674  6.3676145649576918e-09
   12.250000   2.50996278  6.0304342975917203e-09
   12.250000   2.57472706  5.6994727790599481e-09
   12.250000   2.63948889  5.3812450930166492e-09
   12.250000   2.70424717  5.0823670137176646e-09
   12.250000   2.76900006  4.8093606598088684e-09
   12.250000   2.83374417  4.5684409235580996e-09
   12.250000   2.89847256  4.3652935347839438e-09
   12.250000   2.96316844  4.2048573360140975e-09
   12.250000   3.02777863  4.0911231232065484e-09
   12.250000   3.09200950  4.0269455637028534e-09
   12.500000   0.04958315  4.5352628827251394e-09
   12.500000   0.11381403  4.5840049954393503e-09
   12.500000   0.17842421  4.6703897899330539e-09
   12.500000   0.24312010  4.7922571301235299e-09
   12.500000   0.30784849  4.9465863190153620e-09
   12.500000   0.37259260  5.1296377868215460e-09
   12.500000   0.43734549  5.3371045877985867e-09
   12.500000   0.50210377  5.5642764977865150e-09
   12.500000   0.56686560  5.8062074585437119e-09
   12.500000   0.63162987  6.0578769203601682e-09
   12.500000   0.69639591  6.3143368986346633e-09
   12.500000   0.76116325  6.5708384429216827e-09
   12.500000   0.82593158  6.8229333809773618e-09
   12.500000   0.89070068  7.0665494382540659e-09
   12.500000   0.95547037  7.2980388685097587e-09
   12.500000   1.02024053  7.5142024812493478e-09
   12.500000   1.08501108  7.7122922670838534e-09
   12.500000   1.14978193  7.8899967066170830e-09
   12.500000   1.21455301  8.0454133084081483e-09
   12.500000   1.27932429  8.1770130003147672e-09
   12.500000   1.34409571  8.2836007937730374e-09
   12.500000   1.40886724  8.3642767043317002e-09
   12.500000   1.47363885  8.4184003462594850e-09
   12.500000   1.53841049  8.4455619615344200e-09
   12.500000   1.60318216  8.4455619584245981e-09
   12.500000   1.66795381  8.4184003373461342e-09
   12.500000   1.73272541  8.3642766895329891e-09
   12.500000   1.79749694  8.2836007737188176e-09
   12.500000   1.86226837  8.1770129748955054e-09
   12.500000   1.92703964  8.0454132779623745e-09
   12.500000   1.99181073  7.8899966717477773e-09
   12.500000   2.05658157  7.7122922282889734e-09
   12.500000   2.12135212  7.5142024388622541e-09
   12.500000   2.18612229  7.2980388231728488e-09
   12.500000   2.25089198  7.0665493904562308e-09
   12.500000   2.31566107  6.8229333313122400e-09
   12.500000   2.38042940  6.5708383916545586e-09
   12.500000   2.44519674  6.3143368462877037e-09
   12.500000   2.50996278  6.0578768671090200e-09
   12.500000   2.57472706  5.8062074051007860e-09
   12.500000   2.63948889  5.5642764443464164e-09
   12.500000   2.70424717  5.3371045343885470e-09
   12.500000   2.76900006  5.1296377339755865e-09
   12.500000   2.83374417  4.9465862664758455e-09
   12.500000   2.89847256  4.7922570778954809e-09
   12.500000   2.96316844  4.6703897380844442e-09
   12.500000   3.02777863  4.5840049437949384e-09
   12.500000   3.09200950  4.5352628311716231e-09
   12.750000   0.04958315  4.7032894201188569e-09
   12.750000   0.11381403  4.7403245508063967e-09
   12.750000   0.17842421  4.8059648380543776e-09
   12.750000   0.24312010  4.8985746776858714e-09
   12.750000   0.30784849  5.0158662638115038e-09
   12.750000   0.37259260  5.1550064147966275e-09
   12.750000   0.43734549  5.3127307672851362e-09
   12.750000   0.50210377  5.4854675561649135e-09
   12.750000   0.56686560  5.6694640395150209e-09
   12.750000   0.63162987  5.8609084667284111e-09
   12.750000   0.69639591  6.0560414194163796e-09
   12.750000   0.76116325  6.2512517520446582e-09
   12.750000   0.82593158  6.4431539857496753e-09
   12.750000   0.89070068  6.6286456791091149e-09
   12.750000   0.95547037  6.8049448369409359e-09
   12.750000   1.02024053  6.9696087317461942e-09
   12.750000   1.08501108  7.1205365227026064e-09
   12.750000   1.14978193  7.2559587266710755e-09
   12.750000   1.21455301  7.3744169517873133e-09
   12.750000   1.27932429  7.4747373860034437e-09
   12.750000   1.34409571  7.5560013748835280e-09
   12.750000   1.40886724  7.6175161128660636e-09
   12.750000   1.47363885  7.6587880383906479e-09
   12.750000   1.53841049  7.6795010363982727e-09
   12.750000   1.60318216  7.6795010329730997e-09
   12.750000   1.66795381  7.6587880285770019e-09
   12.750000   1.73272541  7.6175160969831288e-09
   12.750000   1.79749694  7.5560013528038854e-09
   12.750000   1.86226837  7.4747373577123067e-09
   12.750000   1.92703964  7.3744169181903966e-09
   12.750000   1.99181073  7.2559586876902156e-09
   12.750000   2.05658157  7.1205364787605537e-09
   12.750000   2.12135212  6.9696086833803747e-09
   12.750000   2.18612229  6.8049447846353023e-09
   12.750000   2.25089198  6.6286456236254203e-09
   12.750000   2.31566107  6.4431539270385015e-09
   12.750000   2.38042940  6.2512516908313283e-09
   12.750000   2.44519674  6.0560413564018789e-09
   12.750000   2.50996278  5.8609084014584097e-09
   12.750000   2.57472706  5.6694639729392263e-09
   12.750000   2.63948889  5.4854674888641142e-09
   12.750000   2.70424717  5.3127306992774291e-09
   12.750000   2.76900006  5.1550063460019797e-09
   12.750000   2.83374417  5.0158661945887759e-09
   12.750000   2.89847256  4.8985746085696530e-09
   12.750000   2.96316844  4.8059647684469950e-09
   12.750000   3.02777863  4.7403244812829176e-09
   12.750000   3.09200950  4.7032893504373895e-09
   13.000000   0.04958315  4.6461492917457586e-09
   13.000000   0.11381403  4.6743014109999060e-09
   13.000000   0.17842421  4.7242002055475024e-09
   13.000000   0.24312010  4.7946064863609352e-09
   13.000000   0.30784849  4.8837864970396743e-09
   13.000000   0.37259260  4.9895925240360946e-09
   13.000000   0.43734549  5.1095490419197095e-09
   13.000000   0.50210377  5.2409461526084717e-09
   13.000000   0.56686560  5.3809351093246659e-09
   13.000000   0.63162987  5.5266205790471680e-09
   13.000000   0.69639591  5.6751449907851925e-09
   13.000000   0.76116325  5.8237613472439465e-09
   13.000000   0.82593158  5.9698921181143904e-09
   13.000000   0.89070068  6.1111730547156912e-09
   13.000000   0.95547037  6.2454819550088942e-09
   13.000000   1.02024053  6.3709533773254943e-09
   13.000000   1.08501108  6.4859810811056206e-09
   13.000000   1.14978193  6.5892104794107818e-09
   13.000000   1.21455301  6.6795236727481894e-09
   13.000000   1.27932429  6.7560196900679314e-09
   13.000000   1.34409571  6.8179924660576928e-09
   13.000000   1.40886724  6.8649088415027595e-09
   13.000000   1.47363885  6.8963885601222538e-09
   13.000000   1.53841049  6.9121878575275773e-09
   13.000000   1.60318216  6.9121878542278777e-09
   13.000000   1.66795381  6.8963885501732769e-09
   13.000000   1.73272541  6.8649088251674802e-09
   13.000000   1.79749694  6.8179924430285163e-09
   13.000000   1.86226837  6.7560196609029046e-09
   13.000000   1.92703964  6.6795236378700949e-09
   13.000000   1.99181073  6.5892104391352577e-09
   13.000000   2.05658157  6.4859810355275114e-09
   13.000000   2.12135212  6.3709533271453500e-09
   13.000000   2.18612229  6.2454819002131185e-09
   13.000000   2.25089198  6.1111729960077226e-09
   13.000000   2.31566107  5.9698920558067998e-09
   13.000000   2.38042940  5.8237612818519971e-09
   13.000000   2.44519674  5.6751449225579153e-09
   13.000000   2.50996278  5.5266205087068413e-09
   13.000000   2.57472706  5.3809350363793995e-09
   13.000000   2.63948889  5.2409460783514573e-09
   13.000000   2.70424717  5.1095489664571074e-09
   13.000000   2.76900006  4.9895924472572836e-09
   13.000000   2.83374417  4.8837864195569922e-09
   13.000000   2.89847256  4.7946064081083672e-09
   13.000000   2.96316844  4.7242001269322992e-09
   13.000000   3.02777863  4.6743013319504487e-09
   13.000000   3.09200950  4.6461492127014736e-09
   13.250000   0.04958315  4.4459319457432016e-09
   13.250000   0.11381403  4.4673408612023406e-09
   13.250000   0.17842421  4.5052893837028645e-09
   13.250000   0.24312010  4.5588381091991494e-09
   13.250000   0.30784849  4.6266724002051661e-09
   13.250000   0.37259260  4.7071632572116074e-09
   13.250000   0.43734549  4.7984323567966344e-09
   13.250000   0.50210377  4.8984226384321696e-09
   13.250000   0.56686560  5.0049705312204769e-09
   13.250000   0.63162987  5.1158757904294114e-09
   13.250000   0.69639591  5.2289654279619098e-09
   13.250000   0.76116325  5.3421490030914646e-09
   13.250000   0.82593158  5.4534634453477648e-09
   13.250000   0.89070068  5.5611065244911414e-09
   13.250000   0.95547037  5.6634589574284242e-09
   13.250000   1.02024053  5.7590958933444151e-09
   13.250000   1.08501108  5.8467890929041692e-09
   13.250000   1.14978193  5.9255015221233644e-09
   13.250000   1.21455301  5.9943762879800050e-09
   13.250000   1.27932429  6.0527219008531131e-09
   13.250000   1.34409571  6.0999957756696258e-09
   13.250000   1.40886724  6.1357877102358369e-09
   13.250000   1.47363885  6.1598048314286249e-09
   13.250000   1.53841049  6.1718592344312701e-09
   13.250000   1.60318216  6.1718592311666538e-09
   13.250000   1.66795381  6.1598048217525382e-09
   13.250000   1.73272541  6.1357876941197770e-09
   13.250000   1.79749694  6.0999957533927048e-09
   13.250000   1.86226837  6.0527218723528938e-09
   13.250000   1.92703964  5.9943762536628597e-09
   13.250000   1.99181073  5.9255014823211778e-09
   13.250000   2.05658157  5.8467890477811458e-09
   13.250000   2.12135212  5.7590958431989413e-09
   13.250000   2.18612229  5.6634589029645200e-09
   13.250000   2.25089198  5.5611064657863302e-09
   13.250000   2.31566107  5.4534633828760963e-09
   13.250000   2.38042940  5.3421489372140040e-09
   13.250000   2.44519674  5.2289653590301038e-09
   13.250000   2.50996278  5.1158757186720698e-09
   13.250000   2.57472706  5.0049704572744766e-09
   13.250000   2.63948889  4.8984225623678475e-09
   13.250000   2.70424717  4.7984322790733271e-09
   13.250000   2.76900006  4.7071631782639661e-09
   13.250000   2.83374417  4.6266723200097038e-09
   13.250000   2.89847256  4.5588380282353488e-09
   13.250000   2.96316844  4.5052893019855776e-09
   13.250000   3.02777863  4.4673407792585469e-09
   13.250000   3.09200950  4.4459318633334669e-09
   13.500000   0.04958315  4.1605586886727293e-09
   13.500000   0.11381403  4.1768465015104738e-09
   13.500000   0.17842421  4.2057189197687310e-09
   13.500000   0.24312010  4.2464633958486180e-09
   13.500000   0.30784849  4.2980825361478007e-09
   13.500000   0.37259260  4.3593401045243748e-09
   13.500000   0.43734549  4.4288101582783013e-09
   13.500000   0.50210377  4.5049304129917341e-09
   13.500000   0.56686560  4.5860568871193127e-09
   13.500000   0.63162987  4.6705167976654845e-09
   13.500000   0.69639591  4.7566570423122155e-09
   13.500000   0.76116325  4.8428862029998508e-09
   13.500000   0.82593158  4.9277086710476216e-09
   13.500000   0.89070068  5.0097502189719867e-09
   13.500000   0.95547037  5.0877749867371648e-09
   13.500000   1.02024053  5.1606944300894236e-09
   13.500000   1.08501108  5.2275692175014127e-09
   13.500000   1.14978193  5.2876053543573466e-09
   13.500000   1.21455301  5.3401459993840056e-09
   13.500000   1.27932429  5.3846604633349787e-09
   13.500000   1.34409571  5.4207318379004734e-09
   13.500000   1.40886724  5.4480445789220661e-09
   13.500000   1.47363885  5.4663731713725220e-09
   13.500000   1.53841049  5.4755728122667303e-09
   13.500000   1.60318216  5.4755728091851087e-09
   13.500000   1.66795381  5.4663731621519786e-09
   13.500000   1.73272541  5.4480445636847623e-09
   13.500000   1.79749694  5.4207318166994488e-09
   13.500000   1.86226837  5.3846604359420391e-09
   13.500000   1.92703964  5.3401459668544026e-09
   13.500000   1.99181073  5.2876053161709044e-09
   13.500000   2.05658157  5.2275691741988343e-09
   13.500000   2.12135212  5.1606943820214759e-09
   13.500000   2.18612229  5.0877749341030784e-09
   13.500000   2.25089198  5.0097501622735103e-09
   13.500000   2.31566107  4.9277086104799177e-09
   13.500000   2.38042940  4.8428861389123305e-09
   13.500000   2.44519674  4.7566569754416841e-09
   13.500000   2.50996278  4.6705167277041439e-09
   13.500000   2.57472706  4.5860568147296378e-09
   13.500000   2.63948889  4.5049303383549652e-09
   13.500000   2.70424717  4.4288100819063532e-09
   13.500000   2.76900006  4.3593400265156868e-09
   13.500000   2.83374417  4.2980824570608944e-09
   13.500000   2.89847256  4.2464633157723193e-09
   13.500000   2.96316844  4.2057188387159291e-09
   13.500000   3.02777863  4.1768464200008713e-09
   13.500000   3.09200950  4.1605586072003077e-09
   13.750000   0.04958315  3.8303444856278097e-09
   13.750000   0.11381403  3.8427413835261194e-09
   13.750000   0.17842421  3.8647175863705007e-09
   13.750000   0.24312010  3.8957323205068997e-09
   13.750000   0.30784849  3.9350284689350709e-09
   13.750000   0.37259260  3.9816673645819819e-09
   13.750000   0.43734549  4.0345659374083391e-09
   13.750000   0.50210377  4.0925370868944518e-09
   13.750000   0.56686560  4.1543310521423854e-09
   13.750000   0.63162987  4.2186754981374858e-09
   13.750000   0.69639591  4.2843123046161244e-09
   13.750000   0.76116325  4.3500294866290088e-09
   13.750000   0.82593158  4.4146871875496378e-09
   13.750000   0.89070068  4.4772372162991097e-09
   13.750000   0.95547037  4.5367360979836685e-09
   13.750000   1.02024053  4.5923520375270498e-09
   13.750000   1.08501108  4.6433665341161908e-09
   13.750000   1.14978193  4.6891716084199351e-09
   13.750000   1.21455301  4.7292637410677317e-09
   13.750000   1.27932429  4.7632356549521310e-09
   13.750000   1.34409571  4.7907670335817957e-09
   13.750000   1.40886724  4.8116151808580208e-09
   13.750000   1.47363885  4.8256064820626413e-09
   13.750000   1.53841049  4.8326293762307561e-09
   13.750000   1.60318216  4.8326293735107323e-09
   13.750000   1.66795381  4.8256064735028978e-09
   13.750000   1.73272541  4.8116151666681154e-09
   13.750000   1.79749694  4.7907670136596304e-09
   13.750000   1.86226837  4.7632356296108160e-09
   13.750000   1.92703964  4.7292637106218926e-09
   13.750000   1.99181073  4.6891715730545766e-09
   13.750000   2.05658157  4.6433664937723234e-09
   13.750000   2.12135212  4.5923519925917477e-09
   13.750000   2.18612229  4.5367360488481276e-09
   13.750000   2.25089198  4.4772371631773235e-09
   13.750000   2.31566107  4.4146871305098899e-09
   13.750000   2.38042940  4.3500294261496015e-09
   13.750000   2.44519674  4.2843122410834041e-09
   13.750000   2.50996278  4.2186754319633354e-09
   13.750000   2.57472706  4.1543309834187982e-09
   13.750000   2.63948889  4.0925370158731645e-09
   13.750000   2.70424717  4.0345658646475604e-09
   13.750000   2.76900006  3.9816672902377976e-09
   13.750000   2.83374417  3.9350283933620825e-09
   13.750000   2.89847256  3.8957322437360355e-09
   13.750000   2.96316844  3.8647175089220035e-09
   13.750000   3.02777863  3.8427413054732923e-09
   13.750000   3.09200950  3.8303444072330071e-09
   14.000000   0.04958315  3.4828439886103950e-09
   14.000000   0.11381403  3.4922833506695093e-09
   14.000000   0.17842421  3.5090173840334649e-09
   14.000000   0.24312010  3.5326354584360872e-09
   14.000000   0.30784849  3.5625625485342278e-09
   14.000000   0.37259260  3.5980855609459551e-09
   14.000000   0.43734549  3.6383814432447059e-09
   14.000000   0.50210377  3.6825477428826381e-09
   14.000000   0.56686560  3.7296339493801415e-09
   14.000000   0.63162987  3.7786718892643081e-09
   14.000000   0.69639591  3.8287036574046642e-09
   14.000000   0.76116325  3.8788058860261315e-09
   14.000000   0.82593158  3.9281095489584703e-09
   14.000000   0.89070068  3.9758148919903473e-09
   14.000000   0.95547037  4.0212014567593640e-09
   14.000000   1.02024053  4.0636334960919495e-09
   14.000000   1.08501108  4.1025613265142343e-09
   14.000000   1.14978193  4.1375193451392992e-09
   14.000000   1.21455301  4.1681215382986331e-09
   14.000000   1.27932429  4.1940553366793023e-09
   14.000000   1.34409571  4.2150746474166288e-09
   14.000000   1.40886724  4.2309928236279073e-09
   14.000000   1.47363885  4.2416762262122040e-09
   14.000000   1.53841049  4.2470389223465058e-09
   14.000000   1.60318216  4.2470389194995206e-09
   14.000000   1.66795381  4.2416762184192428e-09
   14.000000   1.73272541  4.2309928101758776e-09
   14.000000   1.79749694  4.2150746293041700e-09
   14.000000   1.86226837  4.1940553134438882e-09
   14.000000   1.92703964  4.1681215101888356e-09
   14.000000   1.99181073  4.1375193125284802e-09
   14.000000   2.05658157  4.1025612893287095e-09
   14.000000   2.12135212  4.0636334547462811e-09
   14.000000   2.18612229  4.0212014112113560e-09
   14.000000   2.25089198  3.9758148426514904e-09
   14.000000   2.31566107  3.9281094962660627e-09
   14.000000   2.38042940  3.8788058301148714e-09
   14.000000   2.44519674  3.8287035984835336e-09
   14.000000   2.50996278  3.7786718274942394e-09
   14.000000   2.57472706  3.7296338851504397e-09
   14.000000   2.63948889  3.6825476768156812e-09
   14.000000   2.70424717  3.6383813755830466e-09
   14.000000   2.76900006  3.5980854914410772e-09
   14.000000   2.83374417  3.5625624778356009e-09
   14.000000   2.89847256  3.5326353869574104e-09
   14.000000   2.96316844  3.5090173116585540e-09
   14.000000   3.02777863  3.4922832773160421e-09
   14.000000   3.09200950  3.4828439149908395e-09
   14.250000   0.04958315  3.1364218192486214e-09
   14.250000   0.11381403  3.1436121432961601e-09
   14.250000   0.17842421  3.1563596123561720e-09
   14.250000   0.24312010  3.1743522573362874e-09
   14.250000   0.30784849  3.1971531259253459e-09
   14.250000   0.37259260  3.2242202196658856e-09
   14.250000   0.43734549  3.2549277752312216e-09
   14.250000   0.50210377  3.2885894114661410e-09
   14.250000   0.56686560  3.3244818879750482e-09
   14.250000   0.63162987  3.3618681662051551e-09
   14.250000   0.69639591  3.4000186232467795e-09
   14.250000   0.76116325  3.4382295151515966e-09
   14.250000   0.82593158  3.4758380682939927e-09
   14.250000   0.89070068  3.5122338924025347e-09
   14.250000   0.95547037  3.5468666809354522e-09
   14.250000   1.02024053  3.5792504139829532e-09
   14.250000   1.08501108  3.6089644812257299e-09
   14.250000   1.14978193  3.6356522645088979e-09
   14.250000   1.21455301  3.6590178069579321e-09
   14.250000   1.27932429  3.6788212151925028e-09
   14.250000   1.34409571  3.6948734241725840e-09
   14.250000   1.40886724  3.7070309018798842e-09
   14.250000   1.47363885  3.7151907929040800e-09
   14.250000   1.53841049  3.7192869145991577e-09
   14.250000   1.60318216  3.7192869120407484e-09
   14.250000   1.66795381  3.7151907856891431e-09
   14.250000   1.73272541  3.7070308899982652e-09
   14.250000   1.79749694  3.6948734080156853e-09
   14.250000   1.86226837  3.6788211943059590e-09
   14.250000   1.92703964  3.6590177813666811e-09
   14.250000   1.99181073  3.6356522346562395e-09
   14.250000   2.05658157  3.6089644471239651e-09
   14.250000   2.12135212  3.5792503760573740e-09
   14.250000   2.18612229  3.5468666396635833e-09
   14.250000   2.25089198  3.5122338475086445e-09
   14.250000   2.31566107  3.4758380201417586e-09
   14.250000   2.38042940  3.4382294638456691e-09
   14.250000   2.44519674  3.4000185691434401e-09
   14.250000   2.50996278  3.3618681096080704e-09
   14.250000   2.57472706  3.3244818292364819e-09
   14.250000   2.63948889  3.2885893509105107e-09
   14.250000   2.70424717  3.2549277129583937e-09
   14.250000   2.76900006  3.2242201559268954e-09
   14.250000   2.83374417  3.1971530604530665e-09
   14.250000   2.89847256  3.1743521913292176e-09
   14.250000   2.96316844  3.1563595453958617e-09
   14.250000   3.02777863  3.1436120757311510e-09
   14.250000   3.09200950  3.1364217514249124e-09
   14.500000   0.04958315  2.8028755508450043e-09
   14.500000   0.11381403  2.8083548743643452e-09
   14.500000   0.17842421  2.8180693470209369e-09
   14.500000   0.24312010  2.8317818357626356e-09
   14.500000   0.30784849  2.8491601422967649e-09
   14.500000   0.37259260  2.8697921119152101e-09
   14.500000   0.43734549  2.8932017533608092e-09
   14.500000   0.50210377  2.9188667849008338e-09
   14.500000   0.56686560  2.9462366534061140e-09
   14.500000   0.63162987  2.9747500395507723e-09
   14.500000   0.69639591  3.0038509806807481e-09
   14.500000   0.76116325  3.0330029208684664e-09
   14.500000   0.82593158  3.0617002153289880e-09
   14.500000   0.89070068  3.0894768571251930e-09
   14.500000   0.95547037  3.1159123898928114e-09
   14.500000   1.02024053  3.1406351713587713e-09
   14.500000   1.08501108  3.1633232928583674e-09
   14.500000   1.14978193  3.1837035699549481e-09
   14.500000   1.21455301  3.2015490683691334e-09
   14.500000   1.27932429  3.2166756631172924e-09
   14.500000   1.34409571  3.2289381005310194e-09
   14.500000   1.40886724  3.2382260089357752e-09
   14.500000   1.47363885  3.2444602324298792e-09
   14.500000   1.53841049  3.2475898057853333e-09
   14.500000   1.60318216  3.2475898036398721e-09
   14.500000   1.66795381  3.2444602260331348e-09
   14.500000   1.73272541  3.2382259983618654e-09
   14.500000   1.79749694  3.2289380858534257e-09
   14.500000   1.86226837  3.2166756442531345e-09
   14.500000   1.92703964  3.2015490455085860e-09
   14.500000   1.99181073  3.1837035430116618e-09
   14.500000   2.05658157  3.1633232624409085e-09
   14.500000   2.12135212  3.1406351371812492e-09
   14.500000   2.18612229  3.1159123526398971e-09
   14.500000   2.25089198  3.0894768166001937e-09
   14.500000   2.31566107  3.0617001717737846e-09
   14.500000   2.38042940  3.0330028745249579e-09
   14.500000   2.44519674  3.0038509320707018e-09
   14.500000   2.50996278  2.9747499882323506e-09
   14.500000   2.57472706  2.9462366000110984e-09
   14.500000   2.63948889  2.9188667300801633e-09
   14.500000   2.70424717  2.8932016967441448e-09
   14.500000   2.76900006  2.8697920537044367e-09
   14.500000   2.83374417  2.8491600831888024e-09
   14.500000   2.89847256  2.8317817755471387e-09
   14.500000   2.96316844  2.8180692862293327e-09
   14.500000   3.02777863  2.8083548130693561e-09
   14.500000   3.09200950  2.8028754891188939e-09
   14.750000   0.04958315  2.4893563066797207e-09
   14.750000   0.11381403  2.4935334019876360e-09
   14.750000   0.17842421  2.5009393850279052e-09
   14.750000   0.24312010  2.5113939188339587e-09
   14.750000   0.30784849  2.5246443242906304e-09
   14.750000   0.37259260  2.5403770356803565e-09
   14.750000   0.43734549  2.5582298206926453e-09
   14.750000   0.50210377  2.5778050867598219e-09
   14.750000   0.56686560  2.5986835557790509e-09
   14.750000   0.63162987  2.6204375597126321e-09
   14.750000   0.69639591  2.6426432987977473e-09
   14.750000   0.76116325  2.6648915362806499e-09
   14.750000   0.82593158  2.6867963761196931e-09
   14.750000   0.89070068  2.7080019322326046e-09
   14.750000   0.95547037  2.7281868716784890e-09
   14.750000   1.02024053  2.7470669440668894e-09
   14.750000   1.08501108  2.7643957324262621e-09
   14.750000   1.14978193  2.7799639322127176e-09
   14.750000   1.21455301  2.7935975149035029e-09
   14.750000   1.27932429  2.8051551483903450e-09
   14.750000   1.34409571  2.8145252364951527e-09
   14.750000   1.40886724  2.8216229085947946e-09
   14.750000   1.47363885  2.8263872513580831e-09
   14.750000   1.53841049  2.8287790214388757e-09
   14.750000   1.60318216  2.8287790195616075e-09
   14.750000   1.66795381  2.8263872454245681e-09
   14.750000   1.73272541  2.8216228989572980e-09
   14.750000   1.79749694  2.8145252233438851e-09
   14.750000   1.86226837  2.8051551313988764e-09
   14.750000   1.92703964  2.7935974943980272e-09
   14.750000   1.99181073  2.7799639083952496e-09
   14.750000   2.05658157  2.7643957054132912e-09
   14.750000   2.12135212  2.7470669136841311e-09
   14.750000   2.18612229  2.7281868381635567e-09
   14.750000   2.25089198  2.7080018959436522e-09
   14.750000   2.31566107  2.6867963368995369e-09
   14.750000   2.38042940  2.6648914949679377e-09
   14.750000   2.44519674  2.6426432550491523e-09
   14.750000   2.50996278  2.6204375138500340e-09
   14.750000   2.57472706  2.5986835076900862e-09
   14.750000   2.63948889  2.5778050373027539e-09
   14.750000   2.70424717  2.5582297696804785e-09
   14.750000   2.76900006  2.5403769832694331e-09
   14.750000   2.83374417  2.5246442710234473e-09
   14.750000   2.89847256  2.5113938647033156e-09
   14.750000   2.96316844  2.5009393303107229e-09
   14.750000   3.02777863  2.4935333466879928e-09
   14.750000   3.09200950  2.4893562509509428e-09
   15.000000   0.04958315  2.1997694431219957e-09
   15.000000   0.11381403  2.2029550101421004e-09
   15.000000   0.17842421  2.2086032161520640e-09
   15.000000   0.24312010  2.2165768504906861e-09
   15.000000   0.30784849  2.2266836296126551e-09
   15.000000   0.37259260  2.2386848840341241e-09
   15.000000   0.43734549  2.2523048296992677e-09
   15.000000   0.50210377  2.2672406643008865e-09
   15.000000   0.56686560  2.2831729488316196e-09
   15.000000   0.63162987  2.2997757146911830e-09
   15.000000   0.69639591  2.3167257840603549e-09
   15.000000   0.76116325  2.3337109178734830e-09
   15.000000   0.82593158  2.3504365113658220e-09
   15.000000   0.89070068  2.3666306949574594e-09
   15.000000   0.95547037  2.3820478236564264e-09
   15.000000   1.02024053  2.3964704368263342e-09
   15.000000   1.08501108  2.4097098671739560e-09
   15.000000   1.14978193  2.4216057256391076e-09
   15.000000   1.21455301  2.4320245393005100e-09
   15.000000   1.27932429  2.4408578154036621e-09
   15.000000   1.34409571  2.4480198123942496e-09
   15.000000   1.40886724  2.4534452684650558e-09
   15.000000   1.47363885  2.4570873116899222e-09
   15.000000   1.53841049  2.4589157265595766e-09
   15.000000   1.60318216  2.4589157247590472e-09
   15.000000   1.66795381  2.4570873064142532e-09
   15.000000   1.73272541  2.4534452602518137e-09
   15.000000   1.79749694  2.4480198004047481e-09
   15.000000   1.86226837  2.4408578003044317e-09
   15.000000   1.92703964  2.4320245211660661e-09
   15.000000   1.99181073  2.4216057044882181e-09
   15.000000   2.05658157  2.4097098429614609e-09
   15.000000   2.12135212  2.3964704099019969e-09
   15.000000   2.18612229  2.3820477938839239e-09
   15.000000   2.25089198  2.3666306628088657e-09
   15.000000   2.31566107  2.3504364766142050e-09
   15.000000   2.38042940  2.3337108809376837e-09
   15.000000   2.44519674  2.3167257450250864e-09
   15.000000   2.50996278  2.2997756736099196e-09
   15.000000   2.57472706  2.2831729060418072e-09
   15.000000   2.63948889  2.2672406199827529e-09
   15.000000   2.70424717  2.2523047842346663e-09
   15.000000   2.76900006  2.2386848374237845e-09
   15.000000   2.83374417  2.2266835817927355e-09
   15.000000   2.89847256  2.2165768021201802e-09
   15.000000   2.96316844  2.2086031669400466e-09
   15.000000   3.02777863  2.2029549608859873e-09
   15.000000   3.09200950  2.1997693932378005e-09
   15.250000   0.04958315  1.9357911078084815e-09
   15.250000   0.11381403  1.9382214085652050e-09
   15.250000   0.17842421  1.9425306274670762e-09
   15.250000   0.24312010  1.9486143197314556e-09
   15.250000   0.30784849  1.9563260941377292e-09
   15.250000   0.37259260  1.9654842088623554e-09
   15.250000   0.43734549  1.9758786048641049e-09
   15.250000   0.50210377  1.9872785735393150e-09
   15.250000   0.56686560  1.9994406440369568e-09
   15.250000   0.63162987  2.0121162645130856e-09
   15.250000   0.69639591  2.0250588984466831e-09
   15.250000   0.76116325  2.0380302313131623e-09
   15.250000   0.82593158  2.0508052792305114e-09
   15.250000   0.89070068  2.0631762932830490e-09
   15.250000   0.95547037  2.0749554378608907e-09
   15.250000   1.02024053  2.0859763091412676e-09
   15.250000   1.08501108  2.0960944252600616e-09
   15.250000   1.14978193  2.1051868612094013e-09
   15.250000   1.21455301  2.1131512347310328e-09
   15.250000   1.27932429  2.1199042542802736e-09
   15.250000   1.34409571  2.1253800396716297e-09
   15.250000   1.40886724  2.1295284081489261e-09
   15.250000   1.47363885  2.1323132915957902e-09
   15.250000   1.53841049  2.1337114268110025e-09
   15.250000   1.60318216  2.1337114253780204e-09
   15.250000   1.66795381  2.1323132869407664e-09
   15.250000   1.73272541  2.1295284007444308e-09
   15.250000   1.79749694  2.1253800294253360e-09
   15.250000   1.86226837  2.1199042412006042e-09
   15.250000   1.92703964  2.1131512188003432e-09
   15.250000   1.99181073  2.1051868425677810e-09
   15.250000   2.05658157  2.0960944040868481e-09
   15.250000   2.12135212  2.0859762851767207e-09
   15.250000   2.18612229  2.0749554115946459e-09
   15.250000   2.25089198  2.0631762646512302e-09
   15.250000   2.31566107  2.0508052485552939e-09
   15.250000   2.38042940  2.0380301985263408e-09
   15.250000   2.44519674  2.0250588641283099e-09
   15.250000   2.50996278  2.0121162281405086e-09
   15.250000   2.57472706  1.9994406061146982e-09
   15.250000   2.63948889  1.9872785343670091e-09
   15.250000   2.70424717  1.9758785646635502e-09
   15.250000   2.76900006  1.9654841672178834e-09
   15.250000   2.83374417  1.9563260520121387e-09
   15.250000   2.89847256  1.9486142765568388e-09
   15.250000   2.96316844  1.9425305838120573e-09
   15.250000   3.02777863  1.9382213648159959e-09
   15.250000   3.09200950  1.9357910636683534e-09
   15.500000   0.04958315  1.6976016406749904e-09
   15.500000   0.11381403  1.6994564101807178e-09
   15.500000   0.17842421  1.7027452489017710e-09
   15.500000   0.24312010  1.7073886186045146e-09
   15.500000   0.30784849  1.7132750189000475e-09
   15.500000   0.37259260  1.7202659956272663e-09
   15.500000   0.43734549  1.7282014857206786e-09
   15.500000   0.50210377  1.7369056372864137e-09
   15.500000   0.56686560  1.7461928070507552e-09
   15.500000   0.63162987  1.7558734031498832e-09
   15.500000   0.69639591  1.7657592864858111e-09
   15.500000   0.76116325  1.7756685025755572e-09
   15.500000   0.82593158  1.7854291823156452e-09
   15.500000   0.89070068  1.7948825274039365e-09
   15.500000   0.95547037  1.8038848686948384e-09
   15.500000   1.02024053  1.8123088417797932e-09
   15.500000   1.08501108  1.8200437798507908e-09
   15.500000   1.14978193  1.8269954543610128e-09
   15.500000   1.21455301  1.8330853210534418e-09
   15.500000   1.27932429  1.8382494297050082e-09
   15.500000   1.34409571  1.8424371582343636e-09
   15.500000   1.40886724  1.8456099168907692e-09
   15.500000   1.47363885  1.8477399519689172e-09
   15.500000   1.53841049  1.8488093544636690e-09
   15.500000   1.60318216  1.8488093530381698e-09
   15.500000   1.66795381  1.8477399480114471e-09
   15.500000   1.73272541  1.8456099102358666e-09
   15.500000   1.79749694  1.8424371492286098e-09
   15.500000   1.86226837  1.8382494179582761e-09
   15.500000   1.92703964  1.8330853069599999e-09
   15.500000   1.99181073  1.8269954377998385e-09
   15.500000   2.05658157  1.8200437607753533e-09
   15.500000   2.12135212  1.8123088207294720e-09
   15.500000   2.18612229  1.8038848457001140e-09
   15.500000   2.25089198  1.7948825022112617e-09
   15.500000   2.31566107  1.7854291553448977e-09
   15.500000   2.38042940  1.7756684738072350e-09
   15.500000   2.44519674  1.7657592560276507e-09
   15.500000   2.50996278  1.7558733711186244e-09
   15.500000   2.57472706  1.7461927737013105e-09
   15.500000   2.63948889  1.7369056028939257e-09
   15.500000   2.70424717  1.7282014501023555e-09
   15.500000   2.76900006  1.7202659592431067e-09
   15.500000   2.83374417  1.7132749814306923e-09
   15.500000   2.89847256  1.7073885807390116e-09
   15.500000   2.96316844  1.7027452102997044e-09
   15.500000   3.02777863  1.6994563714344139e-09
   15.500000   3.09200950  1.6976016015582198e-09
   15.750000   0.04958315  1.4844107828322848e-09
   15.750000   0.11381403  1.4858268115759655e-09
   15.750000   0.17842421  1.4883377634533529e-09
   15.750000   0.24312010  1.4918830403150643e-09
   15.750000   0.30784849  1.4963776804617921e-09
   15.750000   0.37259260  1.5017161647229440e-09
   15.750000   0.43734549  1.5077764752069952e-09
   15.750000   0.50210377  1.5144245201882714e-09
   15.750000   0.56686560  1.5215186954581876e-09
   15.750000   0.63162987  1.5289143294080883e-09
   15.750000   0.69639591  1.5364677977036175e-09
   15.750000   0.76116325  1.5440401310083902e-09
   15.750000   0.82593158  1.5514999942623341e-09
   15.750000   0.89070068  1.5587259714792817e-09
   15.750000   0.95547037  1.5656081465256240e-09
   15.750000   1.02024053  1.5720490122169713e-09
   15.750000   1.08501108  1.5779637854298051e-09
   15.750000   1.14978193  1.5832802227891842e-09
   15.750000   1.21455301  1.5879380595406536e-09
   15.750000   1.27932429  1.5918881905426511e-09
   15.750000   1.34409571  1.5950917149686817e-09
   15.750000   1.40886724  1.5975189570189999e-09
   15.750000   1.47363885  1.5991485612532591e-09
   15.750000   1.53841049  1.5999667400383284e-09
   15.750000   1.60318216  1.5999667390052762e-09
   15.750000   1.66795381  1.5991485576489217e-09
   15.750000   1.73272541  1.5975189511865422e-09
   15.750000   1.79749694  1.5950917066760269e-09
   15.750000   1.86226837  1.5918881802202618e-09
   15.750000   1.92703964  1.5879380472644097e-09
   15.750000   1.99181073  1.5832802083356246e-09
   15.750000   2.05658157  1.5779637689199230e-09
   15.750000   2.12135212  1.5720489937606319e-09
   15.750000   2.18612229  1.5656081263485000e-09
   15.750000   2.25089198  1.5587259495933545e-09
   15.750000   2.31566107  1.5514999704402662e-09
   15.750000   2.38042940  1.5440401056660555e-09
   15.750000   2.44519674  1.5364677707790585e-09
   15.750000   2.50996278  1.5289143011763726e-09
   15.750000   2.57472706  1.5215186663193104e-09
   15.750000   2.63948889  1.5144244897409016e-09
   15.750000   2.70424717  1.5077764437724066e-09
   15.750000   2.76900006  1.5017161327586657e-09
   15.750000   2.83374417  1.4963776477198438e-09
   15.750000   2.89847256  1.4918830068578835e-09
   15.750000   2.96316844  1.4883377293746526e-09
   15.750000   3.02777863  1.4858267774257365e-09
   15.750000   3.09200950  1.4844107484209692e-09
   16.000000   0.04958315  1.2948302987762263e-09
   16.000000   0.11381403  1.2959117382929790e-09
   16.000000   0.17842421  1.2978294422162793e-09
   16.000000   0.24312010  1.3005372238566183e-09
   16.000000   0.30784849  1.3039703167473267e-09
   16.000000   0.37259260  1.3080482694683272e-09
   16.000000   0.43734549  1.3126780298260824e-09
   16.000000   0.50210377  1.3177573106519393e-09
   16.000000   0.56686560  1.3231780587947776e-09
   16.000000   0.63162987  1.3288298407791406e-09
   16.000000   0.69639591  1.3346029770523598e-09
   16.000000   0.76116325  1.3403912945065452e-09
   16.000000   0.82593158  1.3460944024744233e-09
   16.000000   0.89070068  1.3516194405960778e-09
   16.000000   0.95547037  1.3568822941911679e-09
   16.000000   1.02024053  1.3618082980367991e-09
   16.000000   1.08501108  1.3663324844144090e-09
   16.000000   1.14978193  1.3703994569798128e-09
   16.000000   1.21455301  1.3739629696192902e-09
   16.000000   1.27932429  1.3769853122922300e-09
   16.000000   1.34409571  1.3794365886488524e-09
   16.000000   1.40886724  1.3812939784447646e-09
   16.000000   1.47363885  1.3825410479865119e-09
   16.000000   1.53841049  1.3831671828513794e-09
   16.000000   1.60318216  1.3831671815922593e-09
   16.000000   1.66795381  1.3825410448662224e-09
   16.000000   1.73272541  1.3812939735960399e-09
   16.000000   1.79749694  1.3794365818080677e-09
   16.000000   1.86226837  1.3769853032353620e-09
   16.000000   1.92703964  1.3739629587011672e-09
   16.000000   1.99181073  1.3703994442591134e-09
   16.000000   2.05658157  1.3663324700502072e-09
   16.000000   2.12135212  1.3618082817445730e-09
   16.000000   2.18612229  1.3568822767484771e-09
   16.000000   2.25089198  1.3516194213126192e-09
   16.000000   2.31566107  1.3460943814897617e-09
   16.000000   2.38042940  1.3403912724491664e-09
   16.000000   2.44519674  1.3346029534496962e-09
   16.000000   2.50996278  1.3288298159974046e-09
   16.000000   2.57472706  1.3231780330454702e-09
   16.000000   2.63948889  1.3177572839426651e-09
   16.000000   2.70424717  1.3126780023205955e-09
   16.000000   2.76900006  1.3080482411850988e-09
   16.000000   2.83374417  1.3039702877582343e-09
   16.000000   2.89847256  1.3005371944227776e-09
   16.000000   2.96316844  1.2978294124139396e-09
   16.000000   3.02777863  1.2959117083782833e-09
   16.000000   3.09200950  1.2948302688069164e-09
   16.250000   0.04958315  1.1271351877991205e-09
   16.250000   0.11381403  1.1279613695923048e-09
   16.250000   0.17842421  1.1294264710791279e-09
   16.250000   0.24312010  1.1314952750457994e-09
   16.250000   0.30784849  1.1341183901950685e-09
   16.250000   0.37259260  1.1372344537945388e-09
   16.250000   0.43734549  1.1407724761804067e-09
   16.250000   0.50210377  1.1446544015107798e-09
   16.250000   0.56686560  1.1487977493246421e-09
   16.250000   0.63162987  1.1531181916887015e-09
   16.250000   0.69639591  1.1575319441549698e-09
   16.250000   0.76116325  1.1619578639458930e-09
   16.250000   0.82593158  1.1663191913383955e-09
   16.250000   0.89070068  1.1705448864906358e-09
   16.250000   0.95547037  1.1745705640236315e-09
   16.250000   1.02024053  1.1783390352724564e-09
   16.250000   1.08501108  1.1818005086280769e-09
   16.250000   1.14978193  1.1849124973082039e-09
   16.250000   1.21455301  1.1876395088943847e-09
   16.250000   1.27932429  1.1899525805712624e-09
   16.250000   1.34409571  1.1918287355561417e-09
   16.250000   1.40886724  1.1932504224906847e-09
   16.250000   1.47363885  1.1942049960625810e-09
   16.250000   1.53841049  1.1946842851852734e-09
   16.250000   1.60318216  1.1946842844539663e-09
   16.250000   1.66795381  1.1942049936905806e-09
   16.250000   1.73272541  1.1932504180284696e-09
   16.250000   1.79749694  1.1918287292447241e-09
   16.250000   1.86226837  1.1899525727861686e-09
   16.250000   1.92703964  1.1876394995747718e-09
   16.250000   1.99181073  1.1849124863275693e-09
   16.250000   2.05658157  1.1818004957818046e-09
   16.250000   2.12135212  1.1783390212588521e-09
   16.250000   2.18612229  1.1745705483144770e-09
   16.250000   2.25089198  1.1705448697804052e-09
   16.250000   2.31566107  1.1663191731076952e-09
   16.250000   2.38042940  1.1619578446717357e-09
   16.250000   2.44519674  1.1575319235731151e-09
   16.250000   2.50996278  1.1531181703701021e-09
   16.250000   2.57472706  1.1487977268543738e-09
   16.250000   2.63948889  1.1446543782788229e-09
   16.250000   2.70424717  1.1407724520370044e-09
   16.250000   2.76900006  1.1372344290898010e-09
   16.250000   2.83374417  1.1341183651883059e-09
   16.250000   2.89847256  1.1314952494412751e-09
   16.250000   2.96316844  1.1294264451445544e-09
   16.250000   3.02777863  1.1279613436385521e-09
   16.250000   3.09200950  1.1271351611359577e-09
   16.500000   0.04958315  9.7944391351580725e-10
   16.500000   0.11381403  9.8007528982999670e-10
   16.500000   0.17842421  9.8119496614721771e-10
   16.500000   0.24312010  9.8277607876139950e-10
   16.500000   0.30784849  9.8478094834498145e-10
   16.500000   0.37259260  9.8716275247262212e-10
   16.500000   0.43734549  9.8986731361362952e-10
   16.500000   0.50210377  9.9283504627448640e-10
   16.500000   0.56686560  9.9600296732193563e-10
   16.500000   0.63162987  9.9930666255459300e-10
   16.500000   0.69639591  1.0026821074082084e-09
   16.500000   0.76116325  1.0060672706380235e-09
   16.500000   0.82593158  1.0094034436865073e-09
   16.500000   0.89070068  1.0126362653023132e-09
   16.500000   0.95547037  1.0157164396041686e-09
   16.500000   1.02024053  1.0186001548998317e-09
   16.500000   1.08501108  1.0212492422317907e-09
   16.500000   1.14978193  1.0236311116122398e-09
   16.500000   1.21455301  1.0257185190912936e-09
   16.500000   1.27932429  1.0274892178204698e-09
   16.500000   1.34409571  1.0289255474025186e-09
   16.500000   1.40886724  1.0300140088565815e-09
   16.500000   1.47363885  1.0307448716790952e-09
   16.500000   1.53841049  1.0311118448889558e-09
   16.500000   1.60318216  1.0311118438878058e-09
   16.500000   1.66795381  1.0307448693440833e-09
   16.500000   1.73272541  1.0300140049143053e-09
   16.500000   1.79749694  1.0289255423413755e-09
   16.500000   1.86226837  1.0274892110456840e-09
   16.500000   1.92703964  1.0257185110784781e-09
   16.500000   1.99181073  1.0236311020914977e-09
   16.500000   2.05658157  1.0212492314146199e-09
   16.500000   2.12135212  1.0186001425526115e-09
   16.500000   2.18612229  1.0157164261555128e-09
   16.500000   2.25089198  1.0126362506192284e-09
   16.500000   2.31566107  1.0094034280477218e-09
   16.500000   2.38042940  1.0060672537806759e-09
   16.500000   2.44519674  1.0026820895397713e-09
   16.500000   2.50996278  9.9930664379071590e-10
   16.500000   2.57472706  9.9600294776825242e-10
   16.500000   2.63948889  9.9283502597583316e-10
   16.500000   2.70424717  9.8986729275752811e-10
   16.500000   2.76900006  9.8716273100643840e-10
   16.500000   2.83374417  9.8478092622093541e-10
   16.500000   2.89847256  9.8277605678699953e-10
   16.500000   2.96316844  9.8119494329507716e-10
   16.500000   3.02777863  9.8007526704442061e-10
   16.500000   3.09200950  9.7944389042552470e-10
   16.750000   0.04958315  8.4984011449868133e-10
   16.750000   0.11381403  8.5032276839530813e-10
   16.750000   0.17842421  8.5117872439152000e-10
   16.750000   0.24312010  8.5238748385145781e-10
   16.750000   0.30784849  8.5392029019104629e-10
   16.750000   0.37259260  8.5574140415113561e-10
   16.750000   0.43734549  8.5780946381848029e-10
   16.750000   0.50210377  8.6007896694421486e-10
   16.750000   0.56686560  8.6250180329449580e-10
   16.750000   0.63162987  8.6502875376789245e-10
   16.750000   0.69639591  8.6761087787041706e-10
   16.750000   0.76116325  8.7020074075097644e-10
   16.750000   0.82593158  8.7275342738173336e-10
   16.750000   0.89070068  8.7522732891917560e-10
   16.750000   0.95547037  8.7758469343759770e-10
   16.750000   1.02024053  8.7979195005466435e-10
   16.750000   1.08501108  8.8181983381115281e-10
   16.750000   1.14978193  8.8364334181439250e-10
   16.750000   1.21455301  8.8524155930221469e-10
   16.750000   1.27932429  8.8659739588728510e-10
   16.750000   1.34409571  8.8769727606900087e-10
   16.750000   1.40886724  8.8853081761089556e-10
   16.750000   1.47363885  8.8909053216825986e-10
   16.750000   1.53841049  8.8937157687832522e-10
   16.750000   1.60318216  8.8937157600852620e-10
   16.750000   1.66795381  8.8909053029607623e-10
   16.750000   1.73272541  8.8853081435412843e-10
   16.750000   1.79749694  8.8769727163410666e-10
   16.750000   1.86226837  8.8659738988929002e-10
   16.750000   1.92703964  8.8524155215745683e-10
   16.750000   1.99181073  8.8364333368585437e-10
   16.750000   2.05658157  8.8181982447832646e-10
   16.750000   2.12135212  8.7979193932318736e-10
   16.750000   2.18612229  8.7758468151327890e-10
   16.750000   2.25089198  8.7522731635947187e-10
   16.750000   2.31566107  8.7275341364168271e-10
   16.750000   2.38042940  8.7020072600681516e-10
   16.750000   2.44519674  8.6761086223300795e-10
   16.750000   2.50996278  8.6502873739103629e-10
   16.750000   2.57472706  8.6250178649004413e-10
   16.750000   2.63948889  8.6007894934281097e-10
   16.750000   2.70424717  8.5780944581102150e-10
   16.750000   2.76900006  8.5574138549563706e-10
   16.750000   2.83374417  8.5392027059837857e-10
   16.750000   2.89847256  8.5238746434734909e-10
   16.750000   2.96316844  8.5117870445021086e-10
   16.750000   3.02777863  8.5032274841261731e-10
   16.750000   3.09200950  8.4984009473017559e-10
   17.000000   0.04958315  7.3645231030240041e-10
   17.000000   0.11381403  7.3682138415394614e-10
   17.000000   0.17842421  7.3747593002111801e-10
   17.000000   0.24312010  7.3840030010046361e-10
   17.000000   0.30784849  7.3957254036585062e-10
   17.000000   0.37259260  7.4096536178525386e-10
   17.000000   0.43734549  7.4254717431426667e-10
   17.000000   0.50210377  7.4428321990552864e-10
   17.000000   0.56686560  7.4613673673862426e-10
   17.000000   0.63162987  7.4807010417892029e-10
   17.000000   0.69639591  7.5004590101585260e-10
   17.000000   0.76116325  7.5202784419014701e-10
   17.000000   0.82593158  7.5398156168976842e-10
   17.000000   0.89070068  7.5587519778063047e-10
   17.000000   0.95547037  7.5767983435612148e-10
   17.000000   1.02024053  7.5936974205195532e-10
   17.000000   1.08501108  7.6092247897665617e-10
   17.000000   1.14978193  7.6231885997543522e-10
   17.000000   1.21455301  7.6354282613498889e-10
   17.000000   1.27932429  7.6458124794998334e-10
   17.000000   1.34409571  7.6542368883542299e-10
   17.000000   1.40886724  7.6606216312937413e-10
   17.000000   1.47363885  7.6649090773691762e-10
   17.000000   1.53841049  7.6670619431406889e-10
   17.000000   1.60318216  7.6670619374396609e-10
   17.000000   1.66795381  7.6649090599343348e-10
   17.000000   1.73272541  7.6606216021860165e-10
   17.000000   1.79749694  7.6542368499939978e-10
   17.000000   1.86226837  7.6458124301591292e-10
   17.000000   1.92703964  7.6354282021694040e-10
   17.000000   1.99181073  7.6231885263720126e-10
   17.000000   2.05658157  7.6092247062241323e-10
   17.000000   2.12135212  7.5936973264306289e-10
   17.000000   2.18612229  7.5767982419353774e-10
   17.000000   2.25089198  7.5587518661577970e-10
   17.000000   2.31566107  7.5398154989795899e-10
   17.000000   2.38042940  7.5202783137638096e-10
   17.000000   2.44519674  7.5004588755740079e-10
   17.000000   2.50996278  7.4807008973245305e-10
   17.000000   2.57472706  7.4613672208619845e-10
   17.000000   2.63948889  7.4428320465420060e-10
   17.000000   2.70424717  7.4254715869974399e-10
   17.000000   2.76900006  7.4096534584226903e-10
   17.000000   2.83374417  7.3957252391580707e-10
   17.000000   2.89847256  7.3840028328126963e-10
   17.000000   2.96316844  7.3747591289397347e-10
   17.000000   3.02777863  7.3682136678255894e-10
   17.000000   3.09200950  7.3645229292898724e-10
   17.250000   0.04958315  6.3750372727242858e-10
   17.250000   0.11381403  6.3778603066085043e-10
   17.250000   0.17842421  6.3828670358967585e-10
   17.250000   0.24312010  6.3899379691976588e-10
   17.250000   0.30784849  6.3989054393620354e-10
   17.250000   0.37259260  6.4095610023999387e-10
   17.250000   0.43734549  6.4216633223652469e-10
   17.250000   0.50210377  6.4349467910157306e-10
   17.250000   0.56686560  6.4491304253308615e-10
   17.250000   0.63162987  6.4639265806475237e-10
   17.250000   0.69639591  6.4790490529561443e-10
   17.250000   0.76116325  6.4942202143438652e-10
   17.250000   0.82593158  6.5091769753016468e-10
   17.250000   0.89070068  6.5236753828541051e-10
   17.250000   0.95547037  6.5374938734139417e-10
   17.250000   1.02024053  6.5504352147530352e-10
   17.250000   1.08501108  6.5623272817749889e-10
   17.250000   1.14978193  6.5730228293093957e-10
   17.250000   1.21455301  6.5823985509882075e-10
   17.250000   1.27932429  6.5903535602443105e-10
   17.250000   1.34409571  6.5968076188813861e-10
   17.250000   1.40886724  6.6016992985066020e-10
   17.250000   1.47363885  6.6049842485476648e-10
   17.250000   1.53841049  6.6066337621360229e-10
   17.250000   1.60318216  6.6066337594840260e-10
   17.250000   1.66795381  6.6049842322877755e-10
   17.250000   1.73272541  6.6016992753246006e-10
   17.250000   1.79749694  6.5968075837594793e-10
   17.250000   1.86226837  6.5903535150090764e-10
   17.250000   1.92703964  6.5823984996115720e-10
   17.250000   1.99181073  6.5730227683972092e-10
   17.250000   2.05658157  6.5623272087990700e-10
   17.250000   2.12135212  6.5504351353103837e-10
   17.250000   2.18612229  6.5374937864972812e-10
   17.250000   2.25089198  6.5236752869291510e-10
   17.250000   2.31566107  6.5091768717219013e-10
   17.250000   2.38042940  6.4942201039618361e-10
   17.250000   2.44519674  6.4790489329339011e-10
   17.250000   2.50996278  6.4639264579069996e-10
   17.250000   2.57472706  6.4491302974743379e-10
   17.250000   2.63948889  6.4349466578423755e-10
   17.250000   2.70424717  6.4216631842565362e-10
   17.250000   2.76900006  6.4095608579759759e-10
   17.250000   2.83374417  6.3989052940802254e-10
   17.250000   2.89847256  6.3899378222356599e-10
   17.250000   2.96316844  6.3828668858599204e-10
   17.250000   3.02777863  6.3778601584684555e-10
   17.250000   3.09200950  6.3750371191347049e-10
   17.500000   0.04958315  5.5134111005851844e-10
   17.500000   0.11381403  5.5155710342977114e-10
   17.500000   0.17842421  5.5194018323562340e-10
   17.500000   0.24312010  5.5248122127315007e-10
   17.500000   0.30784849  5.5316740851964222e-10
   17.500000   0.37259260  5.5398281790977532e-10
   17.500000   0.43734549  5.5490900683203664e-10
   17.500000   0.50210377  5.5592567199673181e-10
   17.500000   0.56686560  5.5701132983428745e-10
   17.500000   0.63162987  5.5814398118013170e-10
   17.500000   0.69639591  5.5930172977663774e-10
   17.500000   0.76116325  5.6046332825881375e-10
   17.500000   0.82593158  5.6160863266419157e-10
   17.500000   0.89070068  5.6271895748186815e-10
   17.500000   0.95547037  5.6377732280508272e-10
   17.500000   1.02024053  5.6476860680977729e-10
   17.500000   1.08501108  5.6567960494849204e-10
   17.500000   1.14978193  5.6649901592341265e-10
   17.500000   1.21455301  5.6721736906060231e-10
   17.500000   1.27932429  5.6782691225774438e-10
   17.500000   1.34409571  5.6832147614720864e-10
   17.500000   1.40886724  5.6869633506807606e-10
   17.500000   1.47363885  5.6894807561242611e-10
   17.500000   1.53841049  5.6907448823774053e-10
   17.500000   1.60318216  5.6907448761207415e-10
   17.500000   1.66795381  5.6894807431583105e-10
   17.500000   1.73272541  5.6869633291619702e-10
   17.500000   1.79749694  5.6832147299500706e-10
   17.500000   1.86226837  5.6782690821056471e-10
   17.500000   1.92703964  5.6721736431218379e-10
   17.500000   1.99181073  5.6649901044445365e-10
   17.500000   2.05658157  5.6567959885587659e-10
   17.500000   2.12135212  5.6476860012008861e-10
   17.500000   2.18612229  5.6377731520748463e-10
   17.500000   2.25089198  5.6271894891934713e-10
   17.500000   2.31566107  5.6160862363612523e-10
   17.500000   2.38042940  5.6046331854896509e-10
   17.500000   2.44519674  5.5930171968250609e-10
   17.500000   2.50996278  5.5814397048582365e-10
   17.500000   2.57472706  5.5701131881643504e-10
   17.500000   2.63948889  5.5592566050118663e-10
   17.500000   2.70424717  5.5490899519031231e-10
   17.500000   2.76900006  5.5398280594685035e-10
   17.500000   2.83374417  5.5316739602278323e-10
   17.500000   2.89847256  5.5248120847534840e-10
   17.500000   2.96316844  5.5194017021922643e-10
   17.500000   3.02777863  5.5155709032170498e-10
   17.500000   3.09200950  5.5134109684186135e-10
   17.750000   0.04958315  4.7644896681727050e-10
   17.750000   0.11381403  4.7661427052028427e-10
   17.750000   0.17842421  4.7690745474047053e-10
   17.750000   0.24312010  4.7732154486485908e-10
   17.750000   0.30784849  4.7784675200383175e-10
   17.750000   0.37259260  4.7847090264021605e-10
   17.750000   0.43734549  4.7917989798752971e-10
   17.750000   0.50210377  4.7995821409639160e-10
   17.750000   0.56686560  4.8078942004110773e-10
   17.750000   0.63162987  4.8165668597513633e-10
   17.750000   0.69639591  4.8254325592000971e-10
   17.750000   0.76116325  4.8343286366636989e-10
   17.750000   0.82593158  4.8431008272366381e-10
   17.750000   0.89070068  4.8516059726798104e-10
   17.750000   0.95547037  4.8597139218041771e-10
   17.750000   1.02024053  4.8673087102968971e-10
   17.750000   1.08501108  4.8742890224464217e-10
   17.750000   1.14978193  4.8805681057983833e-10
   17.750000   1.21455301  4.8860732148511913e-10
   17.750000   1.27932429  4.8907447715432328e-10
   17.750000   1.34409571  4.8945353375708558e-10
   17.750000   1.40886724  4.8974085612884417e-10
   17.750000   1.47363885  4.8993381714490882e-10
   17.750000   1.53841049  4.9003071502954916e-10
   17.750000   1.60318216  4.9003071475051539e-10
   17.750000   1.66795381  4.8993381588064380e-10
   17.750000   1.73272541  4.8974085425619515e-10
   17.750000   1.79749694  4.8945353143103426e-10
   17.750000   1.86226837  4.8907447389181892e-10
   17.750000   1.92703964  4.8860731749339075e-10
   17.750000   1.99181073  4.8805680601263337e-10
   17.750000   2.05658157  4.8742889722383308e-10
   17.750000   2.12135212  4.8673086498500710e-10
   17.750000   2.18612229  4.8597138542281688e-10
   17.750000   2.25089198  4.8516059002312626e-10
   17.750000   2.31566107  4.8431007531881979e-10
   17.750000   2.38042940  4.8343285539327191e-10
   17.750000   2.44519674  4.8254324698179586e-10
   17.750000   2.50996278  4.8165667696831716e-10
   17.750000   2.57472706  4.8078941040508462e-10
   17.750000   2.63948889  4.7995820409481536e-10
   17.750000   2.70424717  4.7917988768565734e-10
   17.750000   2.76900006  4.7847089204509502e-10
   17.750000   2.83374417  4.7784674095882901e-10
   17.750000   2.89847256  4.7732153365860119e-10
   17.750000   2.96316844  4.7690744365563055e-10
   17.750000   3.02777863  4.7661425914062141e-10
   17.750000   3.09200950  4.7644895557763991e-10
   18.000000   0.04958315  4.1145391918406537e-10
   18.000000   0.11381403  4.1158046150235244e-10
   18.000000   0.17842421  4.1180490352529847e-10
   18.000000   0.24312010  4.1212191404105429e-10
   18.000000   0.30784849  4.1252400966648756e-10
   18.000000   0.37259260  4.1300188320557357e-10
   18.000000   0.43734549  4.1354475340364237e-10
   18.000000   0.50210377  4.1414074682995729e-10
   18.000000   0.56686560  4.1477729394818059e-10
   18.000000   0.63162987  4.1544151565812665e-10
   18.000000   0.69639591  4.1612058574036276e-10
   18.000000   0.76116325  4.1680204942918394e-10
   18.000000   0.82593158  4.1747408916549406e-10
   18.000000   0.89070068  4.1812573474036750e-10
   18.000000   0.95547037  4.1874700823413942e-10
   18.000000   1.02024053  4.1932901538691331e-10
   18.000000   1.08501108  4.1986398092372917e-10
   18.000000   1.14978193  4.2034524413548791e-10
   18.000000   1.21455301  4.2076721707819879e-10
   18.000000   1.27932429  4.2112532045568719e-10
   18.000000   1.34409571  4.2141590665360227e-10
   18.000000   1.40886724  4.2163617852495772e-10
   18.000000   1.47363885  4.2178411395977405e-10
   18.000000   1.53841049  4.2185840330989476e-10
   18.000000   1.60318216  4.2185840299153134e-10
   18.000000   1.66795381  4.2178411312417600e-10
   18.000000   1.73272541  4.2163617694158250e-10
   18.000000   1.79749694  4.2141590440873196e-10
   18.000000   1.86226837  4.2112531776078792e-10
   18.000000   1.92703964  4.2076721366080972e-10
   18.000000   1.99181073  4.2034524029267107e-10
   18.000000   2.05658157  4.1986397616753551e-10
   18.000000   2.12135212  4.1932901014311664e-10
   18.000000   2.18612229  4.1874700273508381e-10
   18.000000   2.25089198  4.1812572859008232e-10
   18.000000   2.31566107  4.1747408251509501e-10
   18.000000   2.38042940  4.1680204223036367e-10
   18.000000   2.44519674  4.1612057841857011e-10
   18.000000   2.50996278  4.1544150792552503e-10
   18.000000   2.57472706  4.1477728565413757e-10
   18.000000   2.63948889  4.1414073856344160e-10
   18.000000   2.70424717  4.1354474456596773e-10
   18.000000   2.76900006  4.1300187389292339e-10
   18.000000   2.83374417  4.1252400028526665e-10
   18.000000   2.89847256  4.1212190458874521e-10
   18.000000   2.96316844  4.1180489403032202e-10
   18.000000   3.02777863  4.1158045179177374e-10
   18.000000   3.09200950  4.1145390937052699e-10
   18.250000   0.04958315  3.5512251557433150e-10
   18.250000   0.11381403  3.5521941001198926e-10
   18.250000   0.17842421  3.5539127021258027e-10
   18.250000   0.24312010  3.5563402072288178e-10
   18.250000   0.30784849  3.5594193823557621e-10
   18.250000   0.37259260  3.5630790517998241e-10
   18.250000   0.43734549  3.5672367506624690e-10
   18.250000   0.50210377  3.5718016433776568e-10
   18.250000   0.56686560  3.5766775351449890e-10
   18.250000   0.63162987  3.5817658545409872e-10
   18.250000   0.69639591  3.5869683920606196e-10
   18.250000   0.76116325  3.5921897545268763e-10
   18.250000   0.82593158  3.5973394051657035e-10
   18.250000   0.89070068  3.6023332505912990e-10
   18.250000   0.95547037  3.6070947932747052e-10
   18.250000   1.02024053  3.6115557873256805e-10
   18.250000   1.08501108  3.6156565643277479e-10
   18.250000   1.14978193  3.6193459807682697e-10
   18.250000   1.21455301  3.6225810986128993e-10
   18.250000   1.27932429  3.6253267253378216e-10
   18.250000   1.34409571  3.6275548052675453e-10
   18.250000   1.40886724  3.6292438167835478e-10
   18.250000   1.47363885  3.6303782021044677e-10
   18.250000   1.53841049  3.6309478660533082e-10
   18.250000   1.60318216  3.6309478645983926e-10
   18.250000   1.66795381  3.6303781919347913e-10
   18.250000   1.73272541  3.6292438053464032e-10
   18.250000   1.79749694  3.6275547848360032e-10
   18.250000   1.86226837  3.6253267035437187e-10
   18.250000   1.92703964  3.6225810702312432e-10
   18.250000   1.99181073  3.6193459465094426e-10
   18.250000   2.05658157  3.6156565275169446e-10
   18.250000   2.12135212  3.6115557420482854e-10
   18.250000   2.18612229  3.6070947453211110e-10
   18.250000   2.25089198  3.6023331996211302e-10
   18.250000   2.31566107  3.5973393468499609e-10
   18.250000   2.38042940  3.5921896919130919e-10
   18.250000   2.44519674  3.5869683249426910e-10
   18.250000   2.50996278  3.5817657828173355e-10
   18.250000   2.57472706  3.5766774640822381e-10
   18.250000   2.63948889  3.5718015680510442e-10
   18.250000   2.70424717  3.5672366754511137e-10
   18.250000   2.76900006  3.5630789733656118e-10
   18.250000   2.83374417  3.5594193004571339e-10
   18.250000   2.89847256  3.5563401229199311e-10
   18.250000   2.96316844  3.5539126221346256e-10
   18.250000   3.02777863  3.5521940175722838e-10
   18.250000   3.09200950  3.5512250724219930e-10
   18.500000   0.04958315  3.0635490773576372e-10
   18.500000   0.11381403  3.0642911812180857e-10
   18.500000   0.17842421  3.0656074676399542e-10
   18.500000   0.24312010  3.0674667625919314e-10
   18.500000   0.30784849  3.0698252937891765e-10
   18.500000   0.37259260  3.0726286109644290e-10
   18.500000   0.43734549  3.0758136187870294e-10
   18.500000   0.50210377  3.0793107986592456e-10
   18.500000   0.56686560  3.0830465307778649e-10
   18.500000   0.63162987  3.0869453366511814e-10
   18.500000   0.69639591  3.0909320090460115e-10
   18.500000   0.76116325  3.0949334686260063e-10
   18.500000   0.82593158  3.0988803328311766e-10
   18.500000   0.89070068  3.1027081339326118e-10
   18.500000   0.95547037  3.1063581952217981e-10
   18.500000   1.02024053  3.1097781647830884e-10
   18.500000   1.08501108  3.1129222388756243e-10
   18.500000   1.14978193  3.1157511306223701e-10
   18.500000   1.21455301  3.1182318583387440e-10
   18.500000   1.27932429  3.1203373652100218e-10
   18.500000   1.34409571  3.1220460728350348e-10
   18.500000   1.40886724  3.1233414245082860e-10
   18.500000   1.47363885  3.1242114386865094e-10
   18.500000   1.53841049  3.1246483494475969e-10
   18.500000   1.60318216  3.1246483499639360e-10
   18.500000   1.66795381  3.1242114320727692e-10
   18.500000   1.73272541  3.1233414138008171e-10
   18.500000   1.79749694  3.1220460560619094e-10
   18.500000   1.86226837  3.1203373439802877e-10
   18.500000   1.92703964  3.1182318339621072e-10
   18.500000   1.99181073  3.1157511018212615e-10
   18.500000   2.05658157  3.1129222044113225e-10
   18.500000   2.12135212  3.1097781278372933e-10
   18.500000   2.18612229  3.1063581530356861e-10
   18.500000   2.25089198  3.1027080865426198e-10
   18.500000   2.31566107  3.0988802817068570e-10
   18.500000   2.38042940  3.0949334139281910e-10
   18.500000   2.44519674  3.0909319526180580e-10
   18.500000   2.50996278  3.0869452773115412e-10
   18.500000   2.57472706  3.0830464680528454e-10
   18.500000   2.63948889  3.0793107362225394e-10
   18.500000   2.70424717  3.0758135519511441e-10
   18.500000   2.76900006  3.0726285439492321e-10
   18.500000   2.83374417  3.0698252232300519e-10
   18.500000   2.89847256  3.0674666923708683e-10
   18.500000   2.96316844  3.0656073944249300e-10
   18.500000   3.02777863  3.0642911096931786e-10
   18.500000   3.09200950  3.0635490061398188e-10
   18.750000   0.04958315  2.6417607474011314e-10
   18.750000   0.11381403  2.6423292449367704e-10
   18.750000   0.17842421  2.6433376240591505e-10
   18.750000   0.24312010  2.6447620347900226e-10
   18.750000   0.30784849  2.6465689864117153e-10
   18.750000   0.37259260  2.6487168145241741e-10
   18.750000   0.43734549  2.6511572275221045e-10
   18.750000   0.50210377  2.6538370155246757e-10
   18.750000   0.56686560  2.6566998093894444e-10
   18.750000   0.63162987  2.6596878150169631e-10
   18.750000   0.69639591  2.6627434143146614e-10
   18.750000   0.76116325  2.6658106138542541e-10
   18.750000   0.82593158  2.6688362285435742e-10
   18.750000   0.89070068  2.6717708328837662e-10
   18.750000   0.95547037  2.6745694122897304e-10
   18.750000   1.02024053  2.6771917931227227e-10
   18.750000   1.08501108  2.6796028112112501e-10
   18.750000   1.14978193  2.6817722940179039e-10
   18.750000   1.21455301  2.6836748922283617e-10
   18.750000   1.27932429  2.6852898075137929e-10
   18.750000   1.34409571  2.6866004419772804e-10
   18.750000   1.40886724  2.6875940600179776e-10
   18.750000   1.47363885  2.6882614337078510e-10
   18.750000   1.53841049  2.6885965885696179e-10
   18.750000   1.60318216  2.6885965873177560e-10
   18.750000   1.66795381  2.6882614289977646e-10
   18.750000   1.73272541  2.6875940485365396e-10
   18.750000   1.79749694  2.6866004297496035e-10
   18.750000   1.86226837  2.6852897872904982e-10
   18.750000   1.92703964  2.6836748694350230e-10
   18.750000   1.99181073  2.6817722677158207e-10
   18.750000   2.05658157  2.6796027818315106e-10
   18.750000   2.12135212  2.6771917618214835e-10
   18.750000   2.18612229  2.6745693773230301e-10
   18.750000   2.25089198  2.6717707918527825e-10
   18.750000   2.31566107  2.6688361860904514e-10
   18.750000   2.38042940  2.6658105659545404e-10
   18.750000   2.44519674  2.6627433663178176e-10
   18.750000   2.50996278  2.6596877637857397e-10
   18.750000   2.57472706  2.6566997568384047e-10
   18.750000   2.63948889  2.6538369592816756e-10
   18.750000   2.70424717  2.6511571686656748e-10
   18.750000   2.76900006  2.6487167546091652e-10
   18.750000   2.83374417  2.6465689279325885e-10
   18.750000   2.89847256  2.6447619733804876e-10
   18.750000   2.96316844  2.6433375624317014e-10
   18.750000   3.02777863  2.6423291821646729e-10
   18.750000   3.09200950  2.6417606816993763e-10
   19.000000   0.04958315  2.2772577738827161e-10
   19.000000   0.11381403  2.2776933747586928e-10
   19.000000   0.17842421  2.2784660413617008e-10
   19.000000   0.24312010  2.2795575241229043e-10
   19.000000   0.30784849  2.2809421866679303e-10
   19.000000   0.37259260  2.2825881442730870e-10
   19.000000   0.43734549  2.2844584289744750e-10
   19.000000   0.50210377  2.2865122990216752e-10
   19.000000   0.56686560  2.2887065886552063e-10
   19.000000   0.63162987  2.2909970250723200e-10
   19.000000   0.69639591  2.2933394636655251e-10
   19.000000   0.76116325  2.2956909953040991e-10
   19.000000   0.82593158  2.2980108373774161e-10
   19.000000   0.89070068  2.3002610903175192e-10
   19.000000   0.95547037  2.3024072193161761e-10
   19.000000   1.02024053  2.3044183850474436e-10
   19.000000   1.08501108  2.3062675915715739e-10
   19.000000   1.14978193  2.3079316613772430e-10
   19.000000   1.21455301  2.3093911147012545e-10
   19.000000   1.27932429  2.3106299608535578e-10
   19.000000   1.34409571  2.3116354304122920e-10
   19.000000   1.40886724  2.3123977238451991e-10
   19.000000   1.47363885  2.3129097404667311e-10
   19.000000   1.53841049  2.3131668827368194e-10
   19.000000   1.60318216  2.3131668797586957e-10
   19.000000   1.66795381  2.3129097374877363e-10
   19.000000   1.73272541  2.3123977164925641e-10
   19.000000   1.79749694  2.3116354191173794e-10
   19.000000   1.86226837  2.3106299433862183e-10
   19.000000   1.92703964  2.3093910992031045e-10
   19.000000   1.99181073  2.3079316400422845e-10
   19.000000   2.05658157  2.3062675660556670e-10
   19.000000   2.12135212  2.3044183555920202e-10
   19.000000   2.18612229  2.3024071846847921e-10
   19.000000   2.25089198  2.3002610575621573e-10
   19.000000   2.31566107  2.2980108026978147e-10
   19.000000   2.38042940  2.2956909530444467e-10
   19.000000   2.44519674  2.2933394228958747e-10
   19.000000   2.50996278  2.2909969807412509e-10
   19.000000   2.57472706  2.2887065430679509e-10
   19.000000   2.63948889  2.2865122508212134e-10
   19.000000   2.70424717  2.2844583789978835e-10
   19.000000   2.76900006  2.2825880932394065e-10
   19.000000   2.83374417  2.2809421348364253e-10
   19.000000   2.89847256  2.2795574690467352e-10
   19.000000   2.96316844  2.2784659867337321e-10
   19.000000   3.02777863  2.2776933205875777e-10
   19.000000   3.09200950  2.2772577178761777e-10
   19.250000   0.04958315  1.9624804455759129e-10
   19.250000   0.11381403  1.9628142851625303e-10
   19.250000   0.17842421  1.9634064614998681e-10
   19.250000   0.24312010  1.9642429993450524e-10
   19.250000   0.30784849  1.9653042828504045e-10
   19.250000   0.37259260  1.9665658956914184e-10
   19.250000   0.43734549  1.9679995311423780e-10
   19.250000   0.50210377  1.9695739904364623e-10
   19.250000   0.56686560  1.9712562083242602e-10
   19.250000   0.63162987  1.9730122621413274e-10
   19.250000   0.69639591  1.9748083285749556e-10
   19.250000   0.76116325  1.9766115078987009e-10
   19.250000   0.82593158  1.9783905352225023e-10
   19.250000   0.89070068  1.9801163360875556e-10
   19.250000   0.95547037  1.9817624106918218e-10
   19.250000   1.02024053  1.9833050880930235e-10
   19.250000   1.08501108  1.9847236339531366e-10
   19.250000   1.14978193  1.9860002457402543e-10
   19.250000   1.21455301  1.9871199543648863e-10
   19.250000   1.27932429  1.9880704577258838e-10
   19.250000   1.34409571  1.9888419394424510e-10
   19.250000   1.40886724  1.9894268558397809e-10
   19.250000   1.47363885  1.9898197420028546e-10
   19.250000   1.53841049  1.9900170581236705e-10
   19.250000   1.60318216  1.9900170556428287e-10
   19.250000   1.66795381  1.9898197374176720e-10
   19.250000   1.73272541  1.9894268476774793e-10
   19.250000   1.79749694  1.9888419286253931e-10
   19.250000   1.86226837  1.9880704420986455e-10
   19.250000   1.92703964  1.9871199375189227e-10
   19.250000   1.99181073  1.9860002263591370e-10
   19.250000   2.05658157  1.9847236122958067e-10
   19.250000   2.12135212  1.9833050614719896e-10
   19.250000   2.18612229  1.9817623830913967e-10
   19.250000   2.25089198  1.9801163070394282e-10
   19.250000   2.31566107  1.9783905042829310e-10
   19.250000   2.38042940  1.9766114745891390e-10
   19.250000   2.44519674  1.9748082950557295e-10
   19.250000   2.50996278  1.9730122259528994e-10
   19.250000   2.57472706  1.9712561693665197e-10
   19.250000   2.63948889  1.9695739502079156e-10
   19.250000   2.70424717  1.9679994895700904e-10
   19.250000   2.76900006  1.9665658530495935e-10
   19.250000   2.83374417  1.9653042404740211e-10
   19.250000   2.89847256  1.9642429554969580e-10
   19.250000   2.96316844  1.9634064138205050e-10
   19.250000   3.02777863  1.9628142371461777e-10
   19.250000   3.09200950  1.9624804002813471e-10
   19.500000   0.04958315  1.6908072487166207e-10
   19.500000   0.11381403  1.6910631514159075e-10
   19.500000   0.17842421  1.6915170885451545e-10
   19.500000   0.24312010  1.6921583570201626e-10
   19.500000   0.30784849  1.6929719419290880e-10
   19.500000   0.37259260  1.6939391414126768e-10
   19.500000   0.43734549  1.6950382791361372e-10
   19.500000   0.50210377  1.6962454560248298e-10
   19.500000   0.56686560  1.6975353392856271e-10
   19.500000   0.63162987  1.6988819338716013e-10
   19.500000   0.69639591  1.7002593138102991e-10
   19.500000   0.76116325  1.7016422539692741e-10
   19.500000   0.82593158  1.7030067760934107e-10
   19.500000   0.89070068  1.7043305760852408e-10
   19.500000   0.95547037  1.7055933158439996e-10
   19.500000   1.02024053  1.7067768259386100e-10
   19.500000   1.08501108  1.7078651824561017e-10
   19.500000   1.14978193  1.7088447048344089e-10
   19.500000   1.21455301  1.7097038825151414e-10
   19.500000   1.27932429  1.7104332673771584e-10
   19.500000   1.34409571  1.7110253034577872e-10
   19.500000   1.40886724  1.7114741805715414e-10
   19.500000   1.47363885  1.7117756993428291e-10
   19.500000   1.53841049  1.7119271315840911e-10
   19.500000   1.60318216  1.7119271296521242e-10
   19.500000   1.66795381  1.7117756954347085e-10
   19.500000   1.73272541  1.7114741742807199e-10
   19.500000   1.79749694  1.7110252923325846e-10
   19.500000   1.86226837  1.7104332556048273e-10
   19.500000   1.92703964  1.7097038710438252e-10
   19.500000   1.99181073  1.7088446878408675e-10
   19.500000   2.05658157  1.7078651619701192e-10
   19.500000   2.12135212  1.7067768058108883e-10
   19.500000   2.18612229  1.7055932933231050e-10
   19.500000   2.25089198  1.7043305508667192e-10
   19.500000   2.31566107  1.7030067502141721e-10
   19.500000   2.38042940  1.7016422231197810e-10
   19.500000   2.44519674  1.7002592818415357e-10
   19.500000   2.50996278  1.6988819016531426e-10
   19.500000   2.57472706  1.6975353055693837e-10
   19.500000   2.63948889  1.6962454211869336e-10
   19.500000   2.70424717  1.6950382435385382e-10
   19.500000   2.76900006  1.6939391048050569e-10
   19.500000   2.83374417  1.6929719022498547e-10
   19.500000   2.89847256  1.6921583192950067e-10
   19.500000   2.96316844  1.6915170492992250e-10
   19.500000   3.02777863  1.6910631125675606e-10
   19.500000   3.09200950  1.6908072098110830e-10
   19.750000   0.04958315  1.4564545094686238e-10
   19.750000   0.11381403  1.4566507042629757e-10
   19.750000   0.17842421  1.4569987346763728e-10
   19.750000   0.24312010  1.4574904073667563e-10
   19.750000   0.30784849  1.4581142165781949e-10
   19.750000   0.37259260  1.4588558446635500e-10
   19.750000   0.43734549  1.4596986809664503e-10
   19.750000   0.50210377  1.4606244144559976e-10
   19.750000   0.56686560  1.4616136365675691e-10
   19.750000   0.63162987  1.4626464233533638e-10
   19.750000   0.69639591  1.4637028899546947e-10
   19.750000   0.76116325  1.4647637044497760e-10
   19.750000   0.82593158  1.4658104678736189e-10
   19.750000   0.89070068  1.4668260672668925e-10
   19.750000   0.95547037  1.4677948925566953e-10
   19.750000   1.02024053  1.4687029959986366e-10
   19.750000   1.08501108  1.4695381411455690e-10
   19.750000   1.14978193  1.4702898170202209e-10
   19.750000   1.21455301  1.4709491853505394e-10
   19.750000   1.27932429  1.4715089667563136e-10
   19.750000   1.34409571  1.4719633537946565e-10
   19.750000   1.40886724  1.4723078828494080e-10
   19.750000   1.47363885  1.4725393126113876e-10
   19.750000   1.53841049  1.4726555430331036e-10
   19.750000   1.60318216  1.4726555426932469e-10
   19.750000   1.66795381  1.4725393075168049e-10
   19.750000   1.73272541  1.4723078758376321e-10
   19.750000   1.79749694  1.4719633463597493e-10
   19.750000   1.86226837  1.4715089566813070e-10
   19.750000   1.92703964  1.4709491716465136e-10
   19.750000   1.99181073  1.4702898042540419e-10
   19.750000   2.05658157  1.4695381243348684e-10
   19.750000   2.12135212  1.4687029759651188e-10
   19.750000   2.18612229  1.4677948732110932e-10
   19.750000   2.25089198  1.4668260439502430e-10
   19.750000   2.31566107  1.4658104462460393e-10
   19.750000   2.38042940  1.4647636778070231e-10
   19.750000   2.44519674  1.4637028650086942e-10
   19.750000   2.50996278  1.4626463924250262e-10
   19.750000   2.57472706  1.4616136092214493e-10
   19.750000   2.63948889  1.4606243859776671e-10
   19.750000   2.70424717  1.4596986497241979e-10
   19.750000   2.76900006  1.4588558139055457e-10
   19.750000   2.83374417  1.4581141847785155e-10
   19.750000   2.89847256  1.4574903745429583e-10
   19.750000   2.96316844  1.4569986985183860e-10
   19.750000   3.02777863  1.4566506720572116e-10
   19.750000   3.09200950  1.4564544726732179e-10
   20.000000   0.04958315  1.2543821740132359e-10
   20.000000   0.11381403  1.2545326225128873e-10
   20.000000   0.17842421  1.2547995009645329e-10
   20.000000   0.24312010  1.2551765406722259e-10
   20.000000   0.30784849  1.2556549234648706e-10
   20.000000   0.37259260  1.2562236806371811e-10
   20.000000   0.43734549  1.2568700893329885e-10
   20.000000   0.50210377  1.2575801171302499e-10
   20.000000   0.56686560  1.2583388815205468e-10
   20.000000   0.63162987  1.2591311105480392e-10
   20.000000   0.69639591  1.2599415664042406e-10
   20.000000   0.76116325  1.2607554084418564e-10
   20.000000   0.82593158  1.2615585299730071e-10
   20.000000   0.89070068  1.2623377971438407e-10
   20.000000   0.95547037  1.2630812254918112e-10
   20.000000   1.02024053  1.2637781047245695e-10
   20.000000   1.08501108  1.2644190367286500e-10
   20.000000   1.14978193  1.2649959459038699e-10
   20.000000   1.21455301  1.2655020335941449e-10
   20.000000   1.27932429  1.2659317054500393e-10
   20.000000   1.34409571  1.2662804952634946e-10
   20.000000   1.40886724  1.2665449619833471e-10
   20.000000   1.47363885  1.2667226190028887e-10
   20.000000   1.53841049  1.2668118430552762e-10
   20.000000   1.60318216  1.2668118398115820e-10
   20.000000   1.66795381  1.2667226145740539e-10
   20.000000   1.73272541  1.2665449559442741e-10
   20.000000   1.79749694  1.2662804874971152e-10
   20.000000   1.86226837  1.2659316969403422e-10
   20.000000   1.92703964  1.2655020220589667e-10
   20.000000   1.99181073  1.2649959339733571e-10
   20.000000   2.05658157  1.2644190236471363e-10
   20.000000   2.12135212  1.2637780881673922e-10
   20.000000   2.18612229  1.2630812079894343e-10
   20.000000   2.25089198  1.2623377764103694e-10
   20.000000   2.31566107  1.2615585109818360e-10
   20.000000   2.38042940  1.2607553851722525e-10
   20.000000   2.44519674  1.2599415413175744e-10
   20.000000   2.50996278  1.2591310872927796e-10
   20.000000   2.57472706  1.2583388558257364e-10
   20.000000   2.63948889  1.2575800895830076e-10
   20.000000   2.70424717  1.2568700629158690e-10
   20.000000   2.76900006  1.2562236543404048e-10
   20.000000   2.83374417  1.2556548951388483e-10
   20.000000   2.89847256  1.2551765113705469e-10
   20.000000   2.96316844  1.2547994705596962e-10
   20.000000   3.02777863  1.2545325913204922e-10
   20.000000   3.09200950  1.2543821433576522e-10
   20.500000   0.04958315  9.3012301605852478e-11
   20.500000   0.11381403  9.3021152204994315e-11
   20.500000   0.17842421  9.3036852869761507e-11
   20.500000   0.24312010  9.3059035583792183e-11
   20.500000   0.30784849  9.3087182398787173e-11
   20.500000   0.37259260  9.3120648978524120e-11
   20.500000   0.43734549  9.3158688218174519e-11
   20.500000   0.50210377  9.3200475679757080e-11
   20.500000   0.56686560  9.3245136033630124e-11
   20.500000   0.63162987  9.3291772333703074e-11
   20.500000   0.69639591  9.3339487185165626e-11
   20.500000   0.76116325  9.3387407812547952e-11
   20.500000   0.82593158  9.3434703206366132e-11
   20.500000   0.89070068  9.3480599894691449e-11
   20.500000   0.95547037  9.3524391628606884e-11
   20.500000   1.02024053  9.3565446502182023e-11
   20.500000   1.08501108  9.3603209754592234e-11
   20.500000   1.14978193  9.3637204640268336e-11
   20.500000   1.21455301  9.3667028808448023e-11
   20.500000   1.27932429  9.3692352233358484e-11
   20.500000   1.34409571  9.3712910241573657e-11
   20.500000   1.40886724  9.3728498880788490e-11
   20.500000   1.47363885  9.3738970931967301e-11
   20.500000   1.53841049  9.3744230585885155e-11
   20.500000   1.60318216  9.3744230654549095e-11
   20.500000   1.66795381  9.3738970755678065e-11
   20.500000   1.73272541  9.3728498634937926e-11
   20.500000   1.79749694  9.3712909568183898e-11
   20.500000   1.86226837  9.3692351693093584e-11
   20.500000   1.92703964  9.3667028116043968e-11
   20.500000   1.99181073  9.3637203684117225e-11
   20.500000   2.05658157  9.3603208759708390e-11
   20.500000   2.12135212  9.3565445318718953e-11
   20.500000   2.18612229  9.3524390687000387e-11
   20.500000   2.25089198  9.3480598530497726e-11
   20.500000   2.31566107  9.3434701654010856e-11
   20.500000   2.38042940  9.3387406047247033e-11
   20.500000   2.44519674  9.3339485359422362e-11
   20.500000   2.50996278  9.3291770540422500e-11
   20.500000   2.57472706  9.3245134379153598e-11
   20.500000   2.63948889  9.3200473702286312e-11
   20.500000   2.70424717  9.3158686233960691e-11
   20.500000   2.76900006  9.3120647157207462e-11
   20.500000   2.83374417  9.3087180308848522e-11
   20.500000   2.89847256  9.3059033530269370e-11
   20.500000   2.96316844  9.3036850940658251e-11
   20.500000   3.02777863  9.3021150048888582e-11
   20.500000   3.09200950  9.3012299348619043e-11
   21.000000   0.04958315  6.8947350291846872e-11
   21.000000   0.11381403  6.8952559793724326e-11
   21.000000   0.17842421  6.8961801782603254e-11
   21.000000   0.24312010  6.8974859642644801e-11
   21.000000   0.30784849  6.8991429458753828e-11
   21.000000   0.37259260  6.9011132296942495e-11
   21.000000   0.43734549  6.9033528939864998e-11
   21.000000   0.50210377  6.9058134482915047e-11
   21.000000   0.56686560  6.9084434774491866e-11
   21.000000   0.63162987  6.9111901376533881e-11
   21.000000   0.69639591  6.9140006630707895e-11
   21.000000   0.76116325  6.9168236073387963e-11
   21.000000   0.82593158  6.9196100815081611e-11
   21.000000   0.89070068  6.9223144695853606e-11
   21.000000   0.95547037  6.9248951141596883e-11
   21.000000   1.02024053  6.9273147233367333e-11
   21.000000   1.08501108  6.9295405909154133e-11
   21.000000   1.14978193  6.9315444996502797e-11
   21.000000   1.21455301  6.9333027439867279e-11
   21.000000   1.27932429  6.9347957613794757e-11
   21.000000   1.34409571  6.9360078694304555e-11
   21.000000   1.40886724  6.9369270394039383e-11
   21.000000   1.47363885  6.9375445720699124e-11
   21.000000   1.53841049  6.9378547183859521e-11
   21.000000   1.60318216  6.9378547072175507e-11
   21.000000   1.66795381  6.9375445455766059e-11
   21.000000   1.73272541  6.9369270287555233e-11
   21.000000   1.79749694  6.9360078495274327e-11
   21.000000   1.86226837  6.9347956949731292e-11
   21.000000   1.92703964  6.9333026856989187e-11
   21.000000   1.99181073  6.9315444676339969e-11
   21.000000   2.05658157  6.9295404892646858e-11
   21.000000   2.12135212  6.9273146415085051e-11
   21.000000   2.18612229  6.9248950241289006e-11
   21.000000   2.25089198  6.9223143585601435e-11
   21.000000   2.31566107  6.9196099666130610e-11
   21.000000   2.38042940  6.9168234733916677e-11
   21.000000   2.44519674  6.9140005320085502e-11
   21.000000   2.50996278  6.9111899936791245e-11
   21.000000   2.57472706  6.9084433511535395e-11
   21.000000   2.63948889  6.9058133044391003e-11
   21.000000   2.70424717  6.9033527498219549e-11
   21.000000   2.76900006  6.9011130639379021e-11
   21.000000   2.83374417  6.8991427660783916e-11
   21.000000   2.89847256  6.8974857954632021e-11
   21.000000   2.96316844  6.8961800279414340e-11
   21.000000   3.02777863  6.8952558289944985e-11
   21.000000   3.09200950  6.8947348632398163e-11
   21.500000   0.04958315  5.1101230405963303e-11
   21.500000   0.11381403  5.1104298313055346e-11
   21.500000   0.17842421  5.1109740935113469e-11
   21.500000   0.24312010  5.1117430915341008e-11
   21.500000   0.30784849  5.1127189385446088e-11
   21.500000   0.37259260  5.1138793967719276e-11
   21.500000   0.43734549  5.1151986333608670e-11
   21.500000   0.50210377  5.1166480636228488e-11
   21.500000   0.56686560  5.1181974561732215e-11
   21.500000   0.63162987  5.1198157413333212e-11
   21.500000   0.69639591  5.1214717948318098e-11
   21.500000   0.76116325  5.1231353384234176e-11
   21.500000   0.82593158  5.1247775701154075e-11
   21.500000   0.89070068  5.1263715821690801e-11
   21.500000   0.95547037  5.1278928168937221e-11
   21.500000   1.02024053  5.1293192801970654e-11
   21.500000   1.08501108  5.1306316231405361e-11
   21.500000   1.14978193  5.1318131989862143e-11
   21.500000   1.21455301  5.1328499745036354e-11
   21.500000   1.27932429  5.1337304666437662e-11
   21.500000   1.34409571  5.1344452934124498e-11
   21.500000   1.40886724  5.1349874153496204e-11
   21.500000   1.47363885  5.1353516196377928e-11
   21.500000   1.53841049  5.1355345640299463e-11
   21.500000   1.60318216  5.1355345394917006e-11
   21.500000   1.66795381  5.1353516006954576e-11
   21.500000   1.73272541  5.1349873849869208e-11
   21.500000   1.79749694  5.1344452777291500e-11
   21.500000   1.86226837  5.1337304213937627e-11
   21.500000   1.92703964  5.1328499435624916e-11
   21.500000   1.99181073  5.1318131508603661e-11
   21.500000   2.05658157  5.1306315579979219e-11
   21.500000   2.12135212  5.1293192014920748e-11
   21.500000   2.18612229  5.1278927518673648e-11
   21.500000   2.25089198  5.1263715124854168e-11
   21.500000   2.31566107  5.1247774985961006e-11
   21.500000   2.38042940  5.1231352646594107e-11
   21.500000   2.44519674  5.1214716905240088e-11
   21.500000   2.50996278  5.1198156498509608e-11
   21.500000   2.57472706  5.1181973668152354e-11
   21.500000   2.63948889  5.1166479587791660e-11
   21.500000   2.70424717  5.1151984803478334e-11
   21.500000   2.76900006  5.1138792799020714e-11
   21.500000   2.83374417  5.1127188245191657e-11
   21.500000   2.89847256  5.1117429691731580e-11
   21.500000   2.96316844  5.1109739786773928e-11
   21.500000   3.02777863  5.1104297261856549e-11
   21.500000   3.09200950  5.1101229352329635e-11
   22.000000   0.04958315  3.7873445085775210e-11
   22.000000   0.11381403  3.7875252066944885e-11
   22.000000   0.17842421  3.7878458306138308e-11
   22.000000   0.24312010  3.7882988486380179e-11
   22.000000   0.30784849  3.7888737572589522e-11
   22.000000   0.37259260  3.7895574368932477e-11
   22.000000   0.43734549  3.7903347088851056e-11
   22.000000   0.50210377  3.7911887728652847e-11
   22.000000   0.56686560  3.7921017748414558e-11
   22.000000   0.63162987  3.7930554675536578e-11
   22.000000   0.69639591  3.7940315070067304e-11
   22.000000   0.76116325  3.7950120491918359e-11
   22.000000   0.82593158  3.7959801004460519e-11
   22.000000   0.89070068  3.7969198042428254e-11
   22.000000   0.95547037  3.7978167163909460e-11
   22.000000   1.02024053  3.7986577840167482e-11
   22.000000   1.08501108  3.7994316178747403e-11
   22.000000   1.14978193  3.8001284169424893e-11
   22.000000   1.21455301  3.8007398713946279e-11
   22.000000   1.27932429  3.8012591460466511e-11
   22.000000   1.34409571  3.8016807599915105e-11
   22.000000   1.40886724  3.8020005151784151e-11
   22.000000   1.47363885  3.8022153327769959e-11
   22.000000   1.53841049  3.8023232539008115e-11
   22.000000   1.60318216  3.8023232578902927e-11
   22.000000   1.66795381  3.8022153429653279e-11
   22.000000   1.73272541  3.8020005098747624e-11
   22.000000   1.79749694  3.8016807319544614e-11
   22.000000   1.86226837  3.8012591224330564e-11
   22.000000   1.92703964  3.8007398419655637e-11
   22.000000   1.99181073  3.8001283791350763e-11
   22.000000   2.05658157  3.7994315676964535e-11
   22.000000   2.12135212  3.7986577256067379e-11
   22.000000   2.18612229  3.7978166477801858e-11
   22.000000   2.25089198  3.7969197675340885e-11
   22.000000   2.31566107  3.7959800340543917e-11
   22.000000   2.38042940  3.7950119811490198e-11
   22.000000   2.44519674  3.7940314446793427e-11
   22.000000   2.50996278  3.7930553918415902e-11
   22.000000   2.57472706  3.7921017110033002e-11
   22.000000   2.63948889  3.7911886752868010e-11
   22.000000   2.70424717  3.7903346058110400e-11
   22.000000   2.76900006  3.7895573699091510e-11
   22.000000   2.83374417  3.7888736556332152e-11
   22.000000   2.89847256  3.7882987562259311e-11
   22.000000   2.96316844  3.7878457331378406e-11
   22.000000   3.02777863  3.7875251405118188e-11
   22.000000   3.09200950  3.7873444208578314e-11
   22.500000   0.04958315  2.8071658987472625e-11
   22.500000   0.11381403  2.8072723678587181e-11
   22.500000   0.17842421  2.8074612575577938e-11
   22.500000   0.24312010  2.8077281650357514e-11
   22.500000   0.30784849  2.8080669207776057e-11
   22.500000   0.37259260  2.8084697773193848e-11
   22.500000   0.43734549  2.8089277873404205e-11
   22.500000   0.50210377  2.8094310990550958e-11
   22.500000   0.56686560  2.8099691854293433e-11
   22.500000   0.63162987  2.8105312608056266e-11
   22.500000   0.69639591  2.8111065589837480e-11
   22.500000   0.76116325  2.8116845669063139e-11
   22.500000   0.82593158  2.8122552432382711e-11
   22.500000   0.89070068  2.8128092501947327e-11
   22.500000   0.95547037  2.8133380406698225e-11
   22.500000   1.02024053  2.8138339672265420e-11
   22.500000   1.08501108  2.8142902597760326e-11
   22.500000   1.14978193  2.8147011416345591e-11
   22.500000   1.21455301  2.8150617340721994e-11
   22.500000   1.27932429  2.8153679682977756e-11
   22.500000   1.34409571  2.8156166410633384e-11
   22.500000   1.40886724  2.8158052171363595e-11
   22.500000   1.47363885  2.8159319208260265e-11
   22.500000   1.53841049  2.8159955641617376e-11
   22.500000   1.60318216  2.8159955622324726e-11
   22.500000   1.66795381  2.8159319234566938e-11
   22.500000   1.73272541  2.8158052270317748e-11
   22.500000   1.79749694  2.8156166298409422e-11
   22.500000   1.86226837  2.8153679497143751e-11
   22.500000   1.92703964  2.8150617190094404e-11
   22.500000   1.99181073  2.8147011305979935e-11
   22.500000   2.05658157  2.8142902224263005e-11
   22.500000   2.12135212  2.8138339098022318e-11
   22.500000   2.18612229  2.8133380026259214e-11
   22.500000   2.25089198  2.8128092102464925e-11
   22.500000   2.31566107  2.8122552043658889e-11
   22.500000   2.38042940  2.8116845066423540e-11
   22.500000   2.44519674  2.8111065148335612e-11
   22.500000   2.50996278  2.8105312202629926e-11
   22.500000   2.57472706  2.8099691415575156e-11
   22.500000   2.63948889  2.8094310319054574e-11
   22.500000   2.70424717  2.8089277303687109e-11
   22.500000   2.76900006  2.8084697298214013e-11
   22.500000   2.83374417  2.8080668383791441e-11
   22.500000   2.89847256  2.8077281178443679e-11
   22.500000   2.96316844  2.8074612104805573e-11
   22.500000   3.02777863  2.8072723099351098e-11
   22.500000   3.09200950  2.8071658427476188e-11
   23.000000   0.04958315  2.0809484238804345e-11
   23.000000   0.11381403  2.0810111462252123e-11
   23.000000   0.17842421  2.0811224275895210e-11
   23.000000   0.24312010  2.0812796830617098e-11
   23.000000   0.30784849  2.0814792904783079e-11
   23.000000   0.37259260  2.0817166624858388e-11
   23.000000   0.43734549  2.0819865678340388e-11
   23.000000   0.50210377  2.0822831312481130e-11
   23.000000   0.56686560  2.0826002301471781e-11
   23.000000   0.63162987  2.0829315108482359e-11
   23.000000   0.69639591  2.0832705668464875e-11
   23.000000   0.76116325  2.0836112261630779e-11
   23.000000   0.82593158  2.0839476095850278e-11
   23.000000   0.89070068  2.0842741523628817e-11
   23.000000   0.95547037  2.0845858816292112e-11
   23.000000   1.02024053  2.0848782179088292e-11
   23.000000   1.08501108  2.0851472391078041e-11
   23.000000   1.14978193  2.0853894797684253e-11
   23.000000   1.21455301  2.0856020588490431e-11
   23.000000   1.27932429  2.0857826210870877e-11
   23.000000   1.34409571  2.0859292370584334e-11
   23.000000   1.40886724  2.0860404235964085e-11
   23.000000   1.47363885  2.0861151290341153e-11
   23.000000   1.53841049  2.0861526605506249e-11
   23.000000   1.60318216  2.0861526467547012e-11
   23.000000   1.66795381  2.0861151322468602e-11
   23.000000   1.73272541  2.0860404157619188e-11
   23.000000   1.79749694  2.0859292263263204e-11
   23.000000   1.86226837  2.0857826163795295e-11
   23.000000   1.92703964  2.0856020479961724e-11
   23.000000   1.99181073  2.0853894527340029e-11
   23.000000   2.05658157  2.0851472207160555e-11
   23.000000   2.12135212  2.0848781976864287e-11
   23.000000   2.18612229  2.0845858644263069e-11
   23.000000   2.25089198  2.0842741322950913e-11
   23.000000   2.31566107  2.0839475771623634e-11
   23.000000   2.38042940  2.0836111926625267e-11
   23.000000   2.44519674  2.0832705236056611e-11
   23.000000   2.50996278  2.0829314614151880e-11
   23.000000   2.57472706  2.0826001886005774e-11
   23.000000   2.63948889  2.0822831033932062e-11
   23.000000   2.70424717  2.0819865033066799e-11
   23.000000   2.76900006  2.0817166209524362e-11
   23.000000   2.83374417  2.0814792528716587e-11
   23.000000   2.89847256  2.0812796443086354e-11
   23.000000   2.96316844  2.0811223880621846e-11
   23.000000   3.02777863  2.0810110701369859e-11
   23.000000   3.09200950  2.0809483712009292e-11
   23.500000   0.04958315  1.5428969929026778e-11
   23.500000   0.11381403  1.5429339451983615e-11
   23.500000   0.17842421  1.5429994967589877e-11
   23.500000   0.24312010  1.5430921518040765e-11
   23.500000   0.30784849  1.5432097217900674e-11
   23.500000   0.37259260  1.5433495615695613e-11
   23.500000   0.43734549  1.5435085585848750e-11
   23.500000   0.50210377  1.5436832926179899e-11
   23.500000   0.56686560  1.5438701093258271e-11
   23.500000   0.63162987  1.5440652808560983e-11
   23.500000   0.69639591  1.5442650239925651e-11
   23.500000   0.76116325  1.5444657560793630e-11
   23.500000   0.82593158  1.5446639501342864e-11
   23.500000   0.89070068  1.5448563756182146e-11
   23.500000   0.95547037  1.5450400554949308e-11
   23.500000   1.02024053  1.5452123271917551e-11
   23.500000   1.08501108  1.5453708535454842e-11
   23.500000   1.14978193  1.5455136134602252e-11
   23.500000   1.21455301  1.5456388864393171e-11
   23.500000   1.27932429  1.5457452872502052e-11
   23.500000   1.34409571  1.5458316654582416e-11
   23.500000   1.40886724  1.5458971970869583e-11
   23.500000   1.47363885  1.5459412109810143e-11
   23.500000   1.53841049  1.5459633380208168e-11
   23.500000   1.60318216  1.5459633512366996e-11
   23.500000   1.66795381  1.5459412059261876e-11
   23.500000   1.73272541  1.5458971861216815e-11
   23.500000   1.79749694  1.5458316523675355e-11
   23.500000   1.86226837  1.5457452602491762e-11
   23.500000   1.92703964  1.5456388538472542e-11
   23.500000   1.99181073  1.5455135931890757e-11
   23.500000   2.05658157  1.5453708180062082e-11
   23.500000   2.12135212  1.5452123040204671e-11
   23.500000   2.18612229  1.5450400321631850e-11
   23.500000   2.25089198  1.5448563520814976e-11
   23.500000   2.31566107  1.5446639447330597e-11
   23.500000   2.38042940  1.5444657355823380e-11
   23.500000   2.44519674  1.5442650125994786e-11
   23.500000   2.50996278  1.5440652407532054e-11
   23.500000   2.57472706  1.5438700646021531e-11
   23.500000   2.63948889  1.5436832458441917e-11
   23.500000   2.70424717  1.5435085113684311e-11
   23.500000   2.76900006  1.5433495483164904e-11
   23.500000   2.83374417  1.5432096955467521e-11
   23.500000   2.89847256  1.5430921043469305e-11
   23.500000   2.96316844  1.5429994679651685e-11
   23.500000   3.02777863  1.5429339048974328e-11
   23.500000   3.09200950  1.5428969450594468e-11
   24.000000   0.04958315  1.1442248296070518e-11
   24.000000   0.11381403  1.1442465934606802e-11
   24.000000   0.17842421  1.1442851980181253e-11
   24.000000   0.24312010  1.1443397681662399e-11
   24.000000   0.30784849  1.1444089741153294e-11
   24.000000   0.37259260  1.1444913228103667e-11
   24.000000   0.43734549  1.1445849422618414e-11
   24.000000   0.50210377  1.1446878231812323e-11
   24.000000   0.56686560  1.1447978200478203e-11
   24.000000   0.63162987  1.1449127472401297e-11
   24.000000   0.69639591  1.1450303985670507e-11
   24.000000   0.76116325  1.1451485890115931e-11
   24.000000   0.82593158  1.1452652851643671e-11
   24.000000   0.89070068  1.1453785968936804e-11
   24.000000   0.95547037  1.1454867527774536e-11
   24.000000   1.02024053  1.1455882005767880e-11
   24.000000   1.08501108  1.1456815287898534e-11
   24.000000   1.14978193  1.1457656033930156e-11
   24.000000   1.21455301  1.1458393549862770e-11
   24.000000   1.27932429  1.1459020106562815e-11
   24.000000   1.34409571  1.1459528852908383e-11
   24.000000   1.40886724  1.1459914631386456e-11
   24.000000   1.47363885  1.1460173761981545e-11
   24.000000   1.53841049  1.1460304202257555e-11
   24.000000   1.60318216  1.1460304188234948e-11
   24.000000   1.66795381  1.1460173891000266e-11
   24.000000   1.73272541  1.1459914606358629e-11
   24.000000   1.79749694  1.1459528709848249e-11
   24.000000   1.86226837  1.1459020023449901e-11
   24.000000   1.92703964  1.1458393705034052e-11
   24.000000   1.99181073  1.1457655846255903e-11
   24.000000   2.05658157  1.1456815179853044e-11
   24.000000   2.12135212  1.1455881850536339e-11
   24.000000   2.18612229  1.1454867428360169e-11
   24.000000   2.25089198  1.1453785807036162e-11
   24.000000   2.31566107  1.1452652684338467e-11
   24.000000   2.38042940  1.1451485753776822e-11
   24.000000   2.44519674  1.1450303627489780e-11
   24.000000   2.50996278  1.1449127468680635e-11
   24.000000   2.57472706  1.1447978154138434e-11
   24.000000   2.63948889  1.1446877871883193e-11
   24.000000   2.70424717  1.1445849287102357e-11
   24.000000   2.76900006  1.1444912947259929e-11
   24.000000   2.83374417  1.1444089316307294e-11
   24.000000   2.89847256  1.1443397054343504e-11
   24.000000   2.96316844  1.1442851717243071e-11
   24.000000   3.02777863  1.1442465397228192e-11
   24.000000   3.09200950  1.1442248134627210e-11
   24.500000   0.04958315  8.4878250517131663e-12
   24.500000   0.11381403  8.4879530309787723e-12
   24.500000   0.17842421  8.4881799313746398e-12
   24.500000   0.24312010  8.4885009726661448e-12
   24.500000   0.30784849  8.4889084210528011e-12
   24.500000   0.37259260  8.4893927131953964e-12
   24.500000   0.43734549  8.4899437039326357e-12
   24.500000   0.50210377  8.4905489247080947e-12
   24.500000   0.56686560  8.4911962960437683e-12
   24.500000   0.63162987  8.4918722142563443e-12
   24.500000   0.69639591  8.4925644663091777e-12
   24.500000   0.76116325  8.4932595701463835e-12
   24.500000   0.82593158  8.4939463667439496e-12
   24.500000   0.89070068  8.4946128680426638e-12
   24.500000   0.95547037  8.4952489793817498e-12
   24.500000   1.02024053  8.4958457952629200e-12
   24.500000   1.08501108  8.4963947581188143e-12
   24.500000   1.14978193  8.4968891101040488e-12
   24.500000   1.21455301  8.4973231604856296e-12
   24.500000   1.27932429  8.4976915866801336e-12
   24.500000   1.34409571  8.4979906163225431e-12
   24.500000   1.40886724  8.4982176533784075e-12
   24.500000   1.47363885  8.4983699131961163e-12
   24.500000   1.53841049  8.4984468371522951e-12
   24.500000   1.60318216  8.4984465479171055e-12
   24.500000   1.66795381  8.4983701500179241e-12
   24.500000   1.73272541  8.4982175370902099e-12
   24.500000   1.79749694  8.4979906834633217e-12
   24.500000   1.86226837  8.4976915291574687e-12
   24.500000   1.92703964  8.4973230366889617e-12
   24.500000   1.99181073  8.4968890716508003e-12
   24.500000   2.05658157  8.4963948619038345e-12
   24.500000   2.12135212  8.4958457502220955e-12
   24.500000   2.18612229  8.4952489681848149e-12
   24.500000   2.25089198  8.4946126748617403e-12
   24.500000   2.31566107  8.4939461234884910e-12
   24.500000   2.38042940  8.4932596634973410e-12
   24.500000   2.44519674  8.4925643006429099e-12
   24.500000   2.50996278  8.4918721877964117e-12
   24.500000   2.57472706  8.4911961295402726e-12
   24.500000   2.63948889  8.4905489334042057e-12
   24.500000   2.70424717  8.4899435628030459e-12
   24.500000   2.76900006  8.4893928305554602e-12
   24.500000   2.83374417  8.4889082118103679e-12
   24.500000   2.89847256  8.4885008416837266e-12
   24.500000   2.96316844  8.4881798557000861e-12
   24.500000   3.02777863  8.4879525834048831e-12
   24.500000   3.09200950  8.4878245987436394e-12
   25.000000   0.04958315  6.2979651391545087e-12
   25.000000   0.11381403  6.2980405858799179e-12
   25.000000   0.17842421  6.2981738655803978e-12
   25.000000   0.24312010  6.2983624965645033e-12
   25.000000   0.30784849  6.2986019781401361e-12
   25.000000   0.37259260  6.2988866419452461e-12
   25.000000   0.43734549  6.2992103208931048e-12
   25.000000   0.50210377  6.2995663130031293e-12
   25.000000   0.56686560  6.2999463605695248e-12
   25.000000   0.63162987  6.3003437009915544e-12
   25.000000   0.69639591  6.3007502442912335e-12
   25.000000   0.76116325  6.3011588565402856e-12
   25.000000   0.82593158  6.3015623724447331e-12
   25.000000   0.89070068  6.3019536034121575e-12
   25.000000   0.95547037  6.3023275056134969e-12
   25.000000   1.02024053  6.3026778370899328e-12
   25.000000   1.08501108  6.3030003592921111e-12
   25.000000   1.14978193  6.3032906171082832e-12
   25.000000   1.21455301  6.3035454552231059e-12
   25.000000   1.27932429  6.3037617188306943e-12
   25.000000   1.34409571  6.3039374800691704e-12
   25.000000   1.40886724  6.3040705063980951e-12
   25.000000   1.47363885  6.3041601782214979e-12
   25.000000   1.53841049  6.3042050548758866e-12
   25.000000   1.60318216  6.3042050579675549e-12
   25.000000   1.66795381  6.3041602137831896e-12
   25.000000   1.73272541  6.3040705867795989e-12
   25.000000   1.79749694  6.3039374148945219e-12
   25.000000   1.86226837  6.3037618098063381e-12
   25.000000   1.92703964  6.3035453260162284e-12
   25.000000   1.99181073  6.3032905925357005e-12
   25.000000   2.05658157  6.3030001426698406e-12
   25.000000   2.12135212  6.3026777694364057e-12
   25.000000   2.18612229  6.3023271842922960e-12
   25.000000   2.25089198  6.3019535652185944e-12
   25.000000   2.31566107  6.3015621378054058e-12
   25.000000   2.38042940  6.3011587610074744e-12
   25.000000   2.44519674  6.3007501822208767e-12
   25.000000   2.50996278  6.3003435593340650e-12
   25.000000   2.57472706  6.2999462013025759e-12
   25.000000   2.63948889  6.2995660408533132e-12
   25.000000   2.70424717  6.2992102432576879e-12
   25.000000   2.76900006  6.2988865856491689e-12
   25.000000   2.83374417  6.2986016394525061e-12
   25.000000   2.89847256  6.2983623345662444e-12
   25.000000   2.96316844  6.2981736569976565e-12
   25.000000   3.02777863  6.2980403066413441e-12
   25.000000   3.09200950  6.2979649861146247e-12
